time_s,EMG_ch1_uV,EMG_ch2_uV
4.7685,-9.17637613586235,-66.0301324930351
4.769,-7.3518622455104,-88.5212578378254
4.7695,-10.3208753957676,-86.2091426306812
4.77,-14.8451152952942,-73.702893184553
4.7705,-16.8257424519535,-73.0753595849672
4.771,-16.8150740674577,-85.738799378457
4.7715,-18.6427296054332,-95.2576658021352
4.772,-22.4468536723996,-93.3731348805586
4.7725,-23.4239303028672,-89.6197376720339
4.773,-19.3128570416335,-93.2976402393415
4.7735,-14.6749369055737,-98.6238213559858
4.774,-14.2002664934105,-95.3670243698844
4.7745,-15.4504666617409,-85.8585781210368
4.775,-13.085892408758,-81.6954081284443
4.7755,-7.762154467907,-87.6437311732685
4.776,-5.0015956724241,-98.2459929453641
4.7765,-6.05220186667208,-108.912701139442
4.777,-5.75901251869544,-121.40923498629
4.7775,-0.175602801193503,-137.274001606237
4.778,9.0254602169926,-152.879518961893
4.7785,18.9973286766784,-163.011465162037
4.779,29.136502461934,-164.428400380297
4.7795,37.5475497626135,-155.416883974258
4.78,39.2609290668353,-137.499663653711
4.7805,32.3241178162867,-118.244351930612
4.781,22.4211599508119,-106.28584025448
4.7815,17.0004984340378,-102.469224575015
4.782,16.8755428230984,-101.887649062291
4.7825,17.7157070576649,-104.527867046113
4.783,17.8749883188694,-114.46459336036
4.7835,19.6608703941586,-125.643678628148
4.784,23.3671168581114,-119.414956848157
4.7845,25.4107520170977,-84.6217716378119
4.785,23.9039618909377,-33.5863310935848
4.7855,21.8908812668385,10.3193484432408
4.786,22.5156654112769,36.5043899751134
4.7865,23.8843066286291,51.3503438848501
4.787,21.805198437393,64.4737354079726
4.7875,16.1077396743202,81.1388956284628
4.788,11.1455274434069,105.105779948897
4.7885,10.2450700250764,137.555739799528
4.789,12.2116563064541,172.859613623013
4.7895,13.9635740605656,204.855772277906
4.79,14.640073373509,237.653892867607
4.7905,15.6596695855961,279.998375297272
4.791,17.6250384703539,326.835261767929
4.7915,18.7597250658424,357.141670000806
4.792,16.5652230982004,355.716724519281
4.7925,10.1291074501489,329.667247574308
4.793,0.629040454206001,297.69402790758
4.7935,-9.57882009396443,269.281151436975
4.794,-17.9968612937381,240.263637198722
4.7945,-23.0258632698762,203.431850181393
4.795,-24.8738112174091,156.655612340476
4.7955,-25.1661316773124,103.885040171857
4.796,-25.1740045666619,54.3221063389736
4.7965,-24.8795858199166,18.5606274890861
4.797,-24.1632676137984,0.466242199484201
4.7975,-23.9514546442275,-5.83503301915883
4.798,-25.2236535145197,-8.11290572913028
4.7985,-27.6607891433935,-8.83809756071529
4.799,-30.3555213184532,-9.31378051741897
4.7995,-32.9864289629544,-15.1453126881397
4.8,-35.044833315916,-29.876650135914
4.8005,-35.2437218662596,-46.2240204504952
4.801,-33.8617254017167,-52.4677043986004
4.8015,-34.4146999416668,-47.6675492379454
4.802,-39.6177295261947,-43.117097908153
4.8025,-45.8969669685791,-47.7369280757838
4.803,-45.8626569510323,-59.0544612912401
4.8035,-37.415953707876,-70.6918285749573
4.804,-26.7886962377735,-81.8813930693941
4.8045,-20.564309755681,-95.2953890438583
4.805,-18.0483828694048,-110.303874818864
4.8055,-14.3830017146392,-123.636273950494
4.806,-8.25816545131606,-134.567810358883
4.8065,-2.60966667059382,-144.933092950455
4.807,0.668693412432211,-154.301669474048
4.8075,2.6481830250964,-158.399009419818
4.808,4.57155241048034,-153.491682343486
4.8085,6.6957805556982,-141.320053014012
4.809,9.81560365032931,-128.464013165522
4.8095,14.7555002329404,-119.968319701505
4.81,20.2480195544258,-114.331986323671
4.8105,24.2287726609276,-107.546940771105
4.811,27.2034538853662,-102.448077302269
4.8115,31.1440285990637,-108.766414160742
4.812,34.9425723094566,-129.557693539638
4.8125,34.7674212903946,-152.240733454491
4.813,29.9872991708413,-160.816245295684
4.8135,25.0162524788627,-154.885780090321
4.814,23.3866292663435,-147.337610804805
4.8145,23.3358738138252,-142.904830982788
4.815,21.7828534322004,-129.80427575885
4.8155,19.6609460037339,-97.2189194236195
4.816,19.8885850197882,-51.8324895582697
4.8165,22.1013883476031,-9.71814364630276
4.817,23.266114116557,21.5945890529484
4.8175,22.661185292383,45.3249908982658
4.818,22.5150328860734,65.6446217815397
4.8185,23.5992784055603,85.0680532447977
4.819,23.55164152099,107.826102517899
4.8195,20.5305811031591,135.410283966338
4.82,15.9131617848924,159.585431053349
4.8205,12.0190783207325,169.303317603654
4.821,9.09946463568629,165.095347117629
4.8215,6.05610011672627,157.842728473452
4.822,2.68939105199192,152.191751276106
4.8225,-0.41669218812548,140.59414167022
4.823,-3.37953665903961,117.046608178444
4.8235,-6.72491330585719,88.0495429016778
4.824,-9.83356199392428,64.6023662195574
4.8245,-11.0771370490394,49.8382419758323
4.825,-9.76287461384942,39.9999480100393
4.8255,-6.97756413244809,31.9814950480563
4.826,-4.07658372988055,23.8589642145132
4.8265,-1.10249531628968,12.5426873364949
4.827,2.53319127099725,-2.40178130716614
4.8275,6.16136626640115,-15.2677853465738
4.828,7.72892758698221,-20.2805835828465
4.8285,6.0273357219199,-19.2231363813642
4.829,2.34630424863158,-18.5323740458251
4.8295,-0.981043228049467,-21.6391870274225
4.83,-3.46142639420995,-28.8924399278461
4.8305,-6.85142053860452,-41.0303726656169
4.831,-12.4655386596337,-55.473224887367
4.8315,-19.0869483052501,-61.7348706759994
4.832,-24.2828836874583,-49.5426069142889
4.8325,-27.1040611297082,-22.6402638700096
4.833,-28.4470966657201,2.42525241356528
4.8335,-28.9541662584429,13.166039555632
4.834,-27.6891380919139,11.7499578422294
4.8345,-23.4215007617356,8.40597388080946
4.835,-16.720896699724,10.8320734451924
4.8355,-10.1412147252814,21.9827829395747
4.836,-6.16107828972179,41.5946471675443
4.8365,-5.05268816593397,65.4790864149882
4.837,-4.92948322083125,86.867899425553
4.8375,-3.99278571430516,101.342677345612
4.838,-2.63046772408239,107.674937628621
4.8385,-3.04336523674754,103.495467665196
4.839,-6.72811875707393,86.2133468720234
4.8395,-12.4851092796873,60.7893941794282
4.84,-16.9444962727038,40.0822949951278
4.8405,-16.996418676416,32.3122653950541
4.841,-12.0092222448229,32.3796825988551
4.8415,-4.25037533576047,30.1272412953448
4.842,2.66332807995168,23.1030594673606
4.8425,6.06345885447077,16.7711304195102
4.843,5.46195466802627,17.0704209030182
4.8435,2.10336197083379,28.2807847232578
4.844,-1.90669394079174,52.2198053892225
4.8445,-3.96437139035443,80.5058057511484
4.845,-1.89835744161001,91.8571533831023
4.8455,3.98677260587343,69.545506461393
4.846,10.3280204222411,22.9763098508865
4.8465,13.7308392385711,-18.5829814581475
4.847,14.1864079109491,-37.6359564662531
4.8475,13.8870780942406,-45.3648603931529
4.848,13.0676237326441,-62.4399065649627
4.8485,9.76238646712442,-91.650348111747
4.849,4.44473855291067,-117.966973609572
4.8495,1.77154380989662,-130.496191872453
4.85,5.10717136800528,-133.707772004002
4.8505,11.185818613527,-136.160476778502
4.851,13.4974614954939,-136.450329136561
4.8515,10.5246844781089,-125.41432725327
4.852,7.5280223055437,-99.4557306481182
4.8525,9.56147197579663,-66.8119854804862
4.853,15.2455595023619,-38.9984664059104
4.8535,18.803397162621,-18.2227410864148
4.854,16.6422624137595,2.74290449176243
4.8545,10.3897216902656,26.8558959257441
4.855,4.18406541010303,43.841348400639
4.8555,0.325438562065504,41.235638095513
4.856,-2.29070366939027,22.7712475349857
4.8565,-5.96096349258932,7.27710065074591
4.857,-10.7766651113996,6.73416817184729
4.8575,-14.1048722824762,13.3690378504489
4.858,-14.0517945490596,13.9616597735855
4.8585,-12.5455497416598,9.77219191265028
4.859,-13.2235065398306,13.0020183075232
4.8595,-16.3469697028851,26.6615939487793
4.86,-18.0155875846111,38.0397198759321
4.8605,-15.4269806527796,33.2063285561373
4.861,-10.932748994597,10.3620119364059
4.8615,-8.82195940139797,-22.8789322664121
4.862,-9.14562020527244,-58.0013167271308
4.8625,-7.38136349749028,-87.5915819320489
4.863,-0.576642344876638,-104.800695271191
4.8635,8.48747643810209,-106.808625526943
4.864,14.7035870608332,-97.4526184968719
4.8645,16.7251836669676,-83.5107073187291
4.865,17.5327873493387,-69.818286206048
4.8655,19.3332840362239,-59.362251013176
4.866,20.3326662805153,-54.8255897077073
4.8665,17.6026732385584,-56.6632323723708
4.867,11.3670094260967,-61.1812972775835
4.8675,4.683861423051,-63.3072412652262
4.868,-0.0953262388690813,-60.8821823662142
4.8685,-2.61538081433724,-55.4311620376537
4.869,-3.10873451603584,-50.4576315110641
4.8695,-2.32973866789741,-49.723607809799
4.87,-2.76855615738327,-54.2979019629404
4.8705,-6.70865526765198,-59.3501023650183
4.871,-11.9478471784625,-56.4073941040802
4.8715,-12.5693747647845,-41.2018362403411
4.872,-6.25673931274238,-17.4797103052949
4.8725,1.61532664129576,8.59917421962835
4.873,4.08988219735279,35.1027792661024
4.8735,0.96978003035202,63.04733947194
4.874,-2.24292130998,91.4620619083151
4.8745,-2.18402155238897,117.172811386356
4.875,-0.0859568914356525,137.544782911256
4.8755,3.21452868951004,150.405783000036
4.876,9.69058190220076,153.670365296579
4.8765,19.6678165281044,149.047680090462
4.877,28.7596206271641,144.286017619866
4.8775,32.1905165124269,146.890776474126
4.878,30.0700214250313,155.473678525134
4.8785,25.8418828269231,160.278345700471
4.879,21.1487102560239,151.567248029245
4.8795,15.0041887179554,125.34573133825
4.88,7.33186518778155,84.2625036452894
4.8805,0.636424089433276,38.7091092385941
4.881,-2.48240159563414,5.6866621460479
4.8815,-2.26732263265948,-0.627682366618054
4.882,-1.69610769593353,20.0479900796318
4.8825,-3.59518051272665,55.0844847704405
4.883,-7.79262095519335,90.5553010219436
4.8835,-11.5005866412336,118.469949770124
4.884,-13.2200392173937,135.273101456615
4.8845,-15.3795498217832,141.349357958299
4.885,-21.0686647694885,143.118498792822
4.8855,-28.573536741372,147.582705613343
4.886,-32.3657218797745,151.207727506951
4.8865,-30.5790885781728,140.807038308569
4.887,-28.2986986353013,109.879580700903
4.8875,-31.0700830850452,68.3730098974571
4.888,-37.6216903911877,31.2980475517904
4.8885,-42.080547279872,2.92411790904746
4.889,-41.7114002378542,-21.9450877390635
4.8895,-38.844439808985,-46.0144526913406
4.89,-35.6816630232021,-66.8454759147258
4.8905,-31.0085781588834,-84.1009266042789
4.891,-23.2300400616046,-101.653919840298
4.8915,-14.0046623256175,-121.644725662115
4.892,-6.67533185538445,-141.640677055441
4.8925,-1.7490652771824,-158.797312187014
4.893,4.30761240168637,-173.45760952135
4.8935,14.7042998860288,-188.101521232927
4.894,26.8418742880906,-204.879270450542
4.8945,32.8299605088305,-223.780679766922
4.895,27.5702620508063,-242.103766104135
4.8955,15.8663569852935,-257.60102368253
4.896,8.56294148752743,-272.256312365014
4.8965,10.9000442572209,-287.762685338622
4.897,17.7482660033591,-296.12137793301
4.8975,21.6595428825301,-284.267355651202
4.898,21.778415297699,-254.789547858918
4.8985,21.8094387017048,-232.11743342094
4.899,22.7196762433837,-234.736719804902
4.8995,22.1403596759099,-246.703838102644
4.9,19.1285550444425,-233.257970629303
4.9005,14.876516293329,-184.508193603032
4.901,9.86121682942933,-126.458633255677
4.9015,4.87013038935259,-84.4954461825686
4.902,3.80231519466214,-53.9350539981046
4.9025,10.114981481449,-17.7427701508552
4.903,20.5419165090421,22.0791418394526
4.9035,27.6605118422369,49.4002137205687
4.904,29.1509458353197,63.9163965025314
4.9045,29.0116991362536,86.8388624698804
4.905,28.8924486407611,133.430606563656
4.9055,24.9956704478139,192.985191876748
4.906,16.3367137279906,242.492458250913
4.9065,9.46749927441079,272.742309397113
4.907,9.98548323097446,294.393970493335
4.9075,14.0558831362039,321.120771349523
4.908,13.8521202889306,351.751439274759
4.9085,8.10538618638982,370.209592755854
4.909,1.9342933294999,362.571636055344
4.9095,-1.03781630882677,332.748373544291
4.91,-0.760707192469523,298.239707146099
4.9105,2.88384141048318,270.578350240704
4.911,9.51498364804074,246.216881373233
4.9115,14.7053138018229,219.650036153525
4.912,12.9960821793154,196.949782534642
4.9125,5.03118013182724,186.831343395258
4.913,-3.33657282313116,182.986848304774
4.9135,-9.71026800445505,167.457851613981
4.914,-17.8798086358326,132.467666277243
4.9145,-30.563863464205,89.339005880781
4.915,-44.3194546107476,53.9147281876663
4.9155,-54.1384408603229,31.9825165011502
4.916,-59.2826940649604,21.4180846279617
4.9165,-61.8466098808126,18.7141111817428
4.917,-62.654113595429,17.6618526558479
4.9175,-61.5618875242558,9.53839748141533
4.918,-59.5149011113164,-8.05517136564158
4.9185,-57.1837443143557,-27.7014449526963
4.919,-52.7925912513895,-43.8028567705889
4.9195,-43.8998317387571,-62.4684469902363
4.92,-30.8711240733771,-92.3642544659986
4.9205,-17.0052098835482,-130.058601507361
4.921,-5.80504293614403,-163.515822458138
4.9215,0.914356820657007,-188.329845759705
4.922,3.39940210959088,-211.311752119829
4.9225,3.78848686046128,-237.398561557302
4.923,4.79927887130095,-261.487877889071
4.9235,7.62960064730211,-276.054339069598
4.924,11.7590087183685,-280.219225605034
4.9245,16.8343792036581,-277.608813601219
4.925,22.9879153834915,-270.47243483779
4.9255,28.8379232760378,-260.294232114685
4.926,31.5739856193462,-250.538242573809
4.9265,30.5529315712699,-244.022340814503
4.927,28.9751565246303,-239.148105759308
4.9275,30.2435011603884,-232.166898163836
4.928,34.0069073076308,-221.913580170152
4.9285,37.2965628071531,-209.499106687118
4.929,38.1276218950324,-194.782266283654
4.9295,36.3571928763698,-176.091302141766
4.93,32.4041865261346,-151.952388887224
4.9305,27.0346297492526,-119.642578289278
4.931,21.5220146961156,-73.8211427186523
4.9315,16.575079287948,-12.796224795863
4.932,12.0635894392907,52.0144481937365
4.9325,8.66932859419652,98.7542196790259
4.933,7.88212030160873,113.500689519931
4.9335,9.06773879306034,105.413403885086
4.934,9.17755590164161,99.1295493158711
4.9345,7.60648610007371,111.398662709874
4.935,8.40534757152493,138.651515522935
4.9355,14.1570505066685,167.862593841914
4.936,20.3243787859072,193.559646700217
4.9365,20.5925451977743,218.973322963645
4.937,16.1811313122327,244.000028925678
4.9375,13.9602798508142,260.482977081626
4.938,15.6544750489262,261.751666070506
4.9385,15.6125921541766,250.657393753377
4.939,10.8435988891576,233.000953791559
4.9395,6.30065807150372,206.429864827044
4.94,6.16647790975662,162.966375822268
4.9405,5.81775764442115,103.764063473473
4.941,-1.40772839380041,45.8127733422967
4.9415,-13.25907159177,9.37014395124585
4.942,-21.4396263649538,-0.0106282033672899
4.9425,-23.7737020002774,6.72011746263134
4.943,-26.2813066053912,18.0621030482281
4.9435,-32.7349835817881,34.9135374564454
4.944,-39.153255726035,64.0776160901973
4.9445,-41.2626938243316,102.451781462914
4.945,-41.6065952079533,135.667019439043
4.9455,-44.9783240162885,154.554743089652
4.946,-50.6713387500114,164.971735752411
4.9465,-53.9881483425543,173.945732388051
4.947,-53.1583690291226,171.697792232696
4.9475,-50.097045397972,139.80730106168
4.948,-45.4590733592738,78.3922767528334
4.9485,-37.6223274920505,13.2545922135633
4.949,-26.8049149017451,-30.3215394833185
4.9495,-16.2211944081639,-52.4018233117797
4.95,-8.09805320577569,-70.0399950676767
4.9505,-1.5082616396157,-92.6814385272234
4.951,4.9246333193983,-116.798698547474
4.9515,10.9832147022046,-139.300100174963
4.952,16.5385475395991,-162.220229235363
4.9525,22.3811275930872,-184.002459572789
4.953,27.8955403647544,-198.576420864025
4.9535,30.6850045888311,-206.133387926401
4.954,30.4159030701503,-214.360807229297
4.9545,30.3172986865058,-224.606975966144
4.955,32.360626386092,-225.994777522922
4.9555,33.5263909914317,-208.939835524713
4.956,30.1841088081528,-177.185890256126
4.9565,24.1077248811459,-140.995563854878
4.957,20.0032089378455,-105.594112118647
4.9575,18.2526721291004,-72.5532850223255
4.958,14.8857539852819,-45.2274107611472
4.9585,8.83458862151059,-23.8538262697589
4.959,4.23349701941047,0.157919274576276
4.9595,3.89606427540101,35.3732536405149
4.96,4.94340223857684,76.7085330004496
4.9605,3.74755284154757,107.837925064572
4.961,1.75990182654028,117.336969987092
4.9615,2.80965941201795,108.181262348845
4.962,6.89387114830232,93.0491517502432
4.9625,10.6290253576737,84.4877389180817
4.963,12.8379599261349,86.6095017324978
4.9635,15.7478154330212,90.7958728301516
4.964,20.3477666448909,82.0245351604295
4.9645,23.8274597997577,55.2043485389687
4.965,22.9602412969759,23.0038563000248
4.9655,18.1121649732465,2.00052673084281
4.966,12.5576164753314,-5.7432788969296
4.9665,8.79061938498871,-10.6462444473894
4.967,6.54789772202928,-18.7530341329994
4.9675,4.15768484599387,-26.0296537367681
4.968,1.08204714890171,-28.241488821499
4.9685,-1.50817643253505,-26.9215484179496
4.969,-3.08532889772452,-23.9918526340933
4.9695,-5.84625188593687,-18.1515044056603
4.97,-12.5382830512055,-8.81940293721126
4.9705,-22.0353048496561,2.04371285266293
4.971,-29.5775601299857,13.1389867820568
4.9715,-32.6647760156062,23.6735773417058
4.972,-34.0726397410441,30.1409813260325
4.9725,-36.7351013017218,28.8800970435798
4.973,-38.2891557450446,20.9724837366454
4.9735,-34.5199759737274,8.423058019638
4.974,-26.6298320264607,-12.340055932338
4.9745,-20.3159617995194,-44.5479158773816
4.975,-17.6356649957064,-80.2451991664821
4.9755,-14.650860644604,-106.093444032248
4.976,-8.62302859020454,-120.438996708643
4.9765,-3.07726843785581,-132.945990720319
4.977,-2.73696109392856,-144.845659430329
4.9775,-6.52988483047687,-142.406574236804
4.978,-9.13310607709668,-116.910515065591
4.9785,-7.76704721534406,-81.3100304823826
4.979,-4.35071289986055,-58.25437645744
4.9795,-2.09691499092094,-56.406788158343
4.98,-2.98472427029581,-64.1339784460058
4.9805,-7.79428315660329,-62.4467118246879
4.981,-15.3141564281486,-41.1258951081377
4.9815,-21.3408291037756,-7.06572499572191
4.982,-21.5542721996332,21.7630446715427
4.9825,-16.5071241517469,36.250040477425
4.983,-11.4661535836331,48.6697242655613
4.9835,-9.90011437837617,75.8611904029466
4.984,-9.01837492378103,112.35775678385
4.9845,-3.64667994722745,135.815879040348
4.985,6.91415195959185,140.318918195489
4.9855,18.5556250042004,144.76761660978
4.986,28.4975771174732,161.445898225064
4.9865,38.4869402310755,177.340252387676
4.987,50.3552275137946,180.052478320237
4.9875,61.2022210171451,182.505301648664
4.988,66.4364408017294,201.963585058897
4.9885,66.4236949262177,229.26016774957
4.989,65.7219462002803,242.19296449604
4.9895,65.1294415122446,240.494158099531
4.99,59.5369715069899,243.464743857199
4.9905,46.728941092927,256.700531245716
4.991,33.7252081056692,264.014157524934
4.9915,28.6663189098256,252.800849769538
4.992,28.8700985980703,227.575591631759
4.9925,24.025374929885,196.105083901364
4.993,11.2881137660532,159.36065972188
4.9935,-0.196074837309676,118.635994384271
4.994,-2.41713397706006,79.0954945375727
4.9945,0.427048012224507,44.330981589152
4.995,-1.44026842651197,17.077285468535
4.9955,-10.7435091001254,-0.321853485684981
4.996,-22.8762090620393,-20.7885807046979
4.9965,-34.5679798227645,-78.2049840195106
4.997,-45.9687157307003,-192.418318946714
4.9975,-55.6158557186362,-329.700200805618
4.998,-60.4107075974706,-425.054991566789
4.9985,-61.5327475558872,-448.91781169407
4.999,-64.6146424702605,-428.12410739184
4.9995,-71.8570330074903,-398.107871470723
5,-78.1243219088566,-365.704246028886
5.0005,-77.2059804580292,-330.66291097135
5.001,-68.8627327183021,-309.844302006526
5.0015,-57.5353888305368,-313.841989989082
5.002,-46.7497545145566,-322.467362479152
5.0025,-37.2887335554248,-312.809819090494
5.003,-29.21457222164,-297.568023439882
5.0035,-23.1800152435143,-306.889343694676
5.004,-19.740759378774,-340.704265042174
5.0045,-18.0563612215359,-367.33366466704
5.005,-15.1325432768972,-366.354454297441
5.0055,-7.25176089679064,-346.056074583717
5.006,6.02451027382472,-316.625540432159
5.0065,19.7215431514479,-271.440533170833
5.007,27.6779013456071,-203.326674937878
5.0075,29.06464566121,-119.608187532886
5.008,28.6591318204052,-29.5832193371444
5.0085,30.8714396519069,68.8206321940408
5.009,35.9784164685819,177.099336810737
5.0095,41.9125520232033,279.507067301142
5.01,46.4859933480353,351.786125430173
5.0105,47.6214699531705,385.570549368022
5.011,45.0132992375991,395.195593456985
5.0115,42.4989348874819,398.302611272982
5.012,45.3332693367695,396.189817188178
5.0125,53.7816171635353,379.883761313384
5.013,62.392641191028,354.137773512592
5.0135,66.5088356440412,344.350964728386
5.014,66.2141467972157,369.567601141999
5.0145,63.4314834502126,413.252620547173
5.015,59.7573043274574,435.104958162842
5.0155,58.3182089907037,414.058993158248
5.016,61.9707825065402,366.640694594616
5.0165,66.7424859244159,319.006938953966
5.017,62.8855746384121,276.577597759734
5.0175,47.0632752944258,231.267058553015
5.018,28.4709197823754,184.543238726956
5.0185,17.1960059663806,147.271816675413
5.019,10.8061144351896,123.338368445822
5.0195,-0.666537559584016,106.92717957759
5.02,-19.4820162668911,91.3696893529394
5.0205,-37.6709027643839,69.5091362310896
5.021,-48.5816216788074,31.5265612714368
5.0215,-53.4386321728184,-24.103393270004
5.022,-56.0271818540094,-80.9757448815782
5.0225,-57.7434094730919,-118.480146091464
5.023,-59.6414775336925,-133.195539872046
5.0235,-63.7684630403296,-137.082017231445
5.024,-70.0535574528958,-139.317863318973
5.0245,-75.7040134002292,-141.829764760617
5.025,-79.2577195299575,-148.267602681318
5.0255,-81.9804627369628,-162.655847786198
5.026,-84.3830276927204,-179.075911454261
5.0265,-84.4209587597277,-184.588017857515
5.027,-79.505362188455,-173.667215632647
5.0275,-67.8140483756782,-151.714231474531
5.028,-49.1384821623393,-125.969392174639
5.0285,-28.2816197797309,-101.101649444358
5.029,-15.0485808808705,-80.6311576889647
5.0295,-14.4248480513827,-64.047496087293
5.03,-18.0920062276669,-46.394748045901
5.0305,-13.1885221406325,-29.0416880200283
5.031,0.889685873156525,-24.4507537486098
5.0315,12.8131555308603,-39.6213608281905
5.032,16.7188576399603,-61.8623221697262
5.0325,19.0288197216909,-74.053950225165
5.033,24.9765619821152,-77.7511993576158
5.0335,29.051156957291,-86.8376299935069
5.034,25.0035202511807,-104.056674007374
5.0345,16.3288904748937,-119.468325565659
5.035,9.21441362545965,-127.439133992823
5.0355,2.71259359134081,-129.294807351709
5.036,-5.58652629601308,-123.885939059126
5.0365,-10.7728653449622,-112.048768622064
5.037,-7.23498682735569,-105.138601309982
5.0375,0.674896715136535,-111.05983392777
5.038,4.07379645832389,-117.300645272961
5.0385,1.67843045434197,-107.770871612119
5.039,-2.74390139527683,-90.6108295187558
5.0395,-10.3218782241907,-86.0190532400308
5.04,-22.7905475058191,-91.275632389536
5.0405,-31.2826903819743,-84.9050796948802
5.041,-22.8746734917742,-64.0248509622191
5.0415,1.39840591610668,-48.3786959054262
5.042,27.6531644783243,-45.3124691182206
5.0425,49.4012566839175,-40.9056882348894
5.043,72.9893031464068,-30.7564789512028
5.0435,99.2627118436535,-28.230129377788
5.044,114.639868753088,-33.8816334064128
5.0445,109.33528994138,-28.8483584126546
5.045,93.1271018409906,-10.7249535048643
5.0455,82.2261808116523,-4.01904698557317
5.046,78.810497997085,-19.9231866947962
5.0465,74.9340286010912,-38.7167025828468
5.047,69.8588156037255,-51.6377435861393
5.0475,69.6203192561755,-85.9242643817161
5.048,71.8141013259153,-159.992020828232
5.0485,64.6448251332513,-242.385544968498
5.049,43.3677453850842,-287.215868612582
5.0495,16.9611946548098,-287.207145730312
5.05,-5.4878366129041,-259.667178234082
5.0505,-26.4686860166454,-203.276270722019
5.051,-52.7655914183734,-108.075467363896
5.0515,-82.5445240720349,7.27347624864435
5.052,-105.859025840508,109.623247715939
5.0525,-115.102482546193,196.340946689858
5.053,-109.944639010981,290.274945479428
5.0535,-93.5558085480316,395.38842668621
5.054,-68.9367714046185,493.210592486603
5.0545,-39.7978757516806,579.610873373658
5.055,-11.7313525292563,666.892993447495
5.0555,10.0926466305051,747.139416809365
5.056,24.3123794257736,790.169535713994
5.0565,33.1806262277874,784.893173992631
5.057,38.5570445653602,749.350416371349
5.0575,39.7543419089675,691.194778672667
5.058,37.5346594357935,591.713406314599
5.0585,38.74069316255,443.183354529453
5.059,51.6531256767328,273.014643947854
5.0595,74.4990173198219,114.285764802492
5.06,93.2703189215554,-23.0840392377406
5.0605,95.3552406303264,-136.15277204301
5.061,81.7416655636086,-209.792017391783
5.0615,60.1507699019547,-236.4687143931
5.062,29.8423202165442,-237.960270142523
5.0625,-17.0016168712712,-245.055956436179
5.063,-77.6780705345629,-265.278198971028
5.0635,-132.530012600052,-286.030731192466
5.064,-162.218544862967,-297.360199255808
5.0645,-166.193772202137,-294.654229407892
5.065,-158.506915363484,-270.474417846867
5.0655,-150.106238050801,-225.227109363003
5.066,-142.557301241869,-182.975666119176
5.0665,-136.121189902997,-178.867585845398
5.067,-134.068287610111,-226.628414936965
5.0675,-136.300141894229,-303.922417306887
5.068,-135.351490261184,-366.859339830562
5.0685,-123.126749314346,-375.40626844042
5.069,-98.3466138170618,-315.796647867951
5.0695,-64.4799528417967,-212.090850535619
5.07,-24.1952043403735,-113.114168373978
5.0705,19.584031066616,-56.2153915416362
5.071,59.64796564773,-41.168826192215
5.0715,87.6980531716987,-42.5110622037532
5.072,102.703425012992,-42.2649684325631
5.0725,111.975368614677,-42.3787005702301
5.073,122.091901966234,-48.6784002940624
5.0735,131.854471935176,-55.9469677352361
5.074,136.365656876953,-56.0236275221621
5.0745,134.844521495514,-54.3582620224779
5.075,130.271152955566,-66.5416736760653
5.0755,122.651765346203,-94.3136947416963
5.076,107.729571501977,-115.649310023497
5.0765,83.8542002360273,-112.550014849719
5.077,56.230743387239,-103.984715645725
5.0775,31.3917309163997,-128.880509288499
5.078,9.98424987932846,-188.513578638701
5.0785,-11.0639341421011,-227.975462677947
5.079,-30.2851062964014,-193.67139098039
5.0795,-40.4255306257965,-93.4590892768798
5.08,-37.3247674109699,22.1852368441818
5.0805,-26.7888119002896,123.488824516937
5.081,-19.2890589903192,215.181429339336
5.0815,-18.7734893210639,295.99232700483
5.082,-19.6986373475056,343.698241769581
5.0825,-15.389457026038,348.181453512626
5.083,-6.5936642383835,326.744020877358
5.0835,0.022595304603686,292.622713552328
5.084,0.421442378091812,235.210503934531
5.0845,-2.20325865939886,148.377655088296
5.085,-1.56886428035286,55.3240790820172
5.0855,4.87363462412949,-15.2582833570722
5.086,14.37484236061,-61.6791597422692
5.0865,22.7916422717539,-99.2401685519449
5.087,28.1652896015113,-130.961159286362
5.0875,30.7639481943709,-146.492266047262
5.088,31.6590709974573,-140.391428528807
5.0885,31.9604409327188,-114.92825032391
5.089,31.9529509616183,-72.1579247276755
5.0895,30.1163893899896,-18.1021495715027
5.09,24.3369665019116,30.070619024972
5.0905,15.0067169104433,53.0161815597424
5.091,5.32233211846992,43.4231053498624
5.0915,-2.87715326188763,7.62869381942495
5.092,-11.8119495546912,-38.6821302177696
5.0925,-24.15050794029,-73.4604404905109
5.093,-38.1896569846608,-79.9498158003416
5.0935,-49.4494480688505,-61.4171300264106
5.094,-56.0008113330244,-33.3399221032997
5.0945,-58.82903996035,-0.385207949327919
5.095,-57.6202304825574,40.7329857307051
5.0955,-50.5863411467218,75.5737080279931
5.096,-38.9391992277342,79.0847497783277
5.0965,-26.5988563590555,59.9089860983607
5.097,-13.4958066101142,66.1774672682399
5.0975,5.74066813077852,124.257926731275
5.098,32.3542503905912,197.196067186817
5.0985,56.5881317673738,231.651862685113
5.099,65.8094679085889,225.329475744289
5.0995,58.1586178773131,216.800875281383
5.1,43.4466025027569,224.76164612623
5.1005,31.3529744766995,232.060423418573
5.101,23.4561957787704,221.05769484536
5.1015,16.7111597739497,190.71549616472
5.102,9.48515340731289,141.222846140145
5.1025,2.17297204973941,72.1580356299299
5.103,-4.69309634261268,-3.40079741089708
5.1035,-10.6871627419257,-68.5729826423021
5.104,-15.4978161490502,-125.709454165669
5.1045,-19.5920419154165,-185.537396443045
5.105,-23.5589321474555,-236.419299346057
5.1055,-27.2389106610271,-251.81745707219
5.106,-31.4575206987625,-227.719525410269
5.1065,-39.1862527773945,-184.549740521432
5.107,-51.4305013805052,-130.753452447669
5.1075,-63.04251097999,-54.5221343107876
5.108,-67.2179105027946,42.2867569539767
5.1085,-63.8220968306488,130.763095975864
5.109,-58.3581960839727,186.468059170432
5.1095,-53.205019457646,212.369403085733
5.11,-46.3847789127878,222.482674899463
5.1105,-39.3905410318177,224.403722655275
5.111,-37.8593328310432,224.81665206935
5.1115,-41.4482205824809,228.86064701747
5.112,-41.5141820589916,224.95883811847
5.1125,-34.1560931371027,191.971709661837
5.113,-27.6131157371124,129.543078684453
5.1135,-29.4080705488211,59.5392269187413
5.114,-33.35379544904,-8.16201251689514
5.1145,-28.885680234719,-83.8127356443965
5.115,-17.7404693225531,-163.645179258368
5.1155,-10.0313047416037,-221.00964147343
5.116,-7.23090810254125,-248.367424423953
5.1165,-1.95462527849021,-273.987648148737
5.117,5.88767642622267,-311.279217227596
5.1175,6.53950059300469,-324.978241922484
5.118,-2.31141123907517,-286.287309197678
5.1185,-7.53475463944069,-237.025358810691
5.119,3.73243878348025,-249.164741229973
5.1195,28.7303492110099,-326.257071198097
5.12,55.0520496939116,-392.421113791387
5.1205,74.124374412389,-387.3404901419
5.121,82.9377421078734,-331.417853594856
5.1215,80.8110994111296,-279.753681916405
5.122,73.1614881317498,-248.056782015133
5.1225,72.8294984196901,-215.538587344411
5.123,88.440400154635,-180.146315047046
5.1235,114.101899072017,-172.27608620591
5.124,137.335213422105,-212.212268254367
5.1245,153.339661554481,-282.826452747039
5.125,164.080968270102,-355.831720936208
5.1255,167.907136423629,-422.841006889964
5.126,160.462972639244,-477.386663591744
5.1265,144.34400823393,-476.256350350091
5.127,127.402055436114,-353.919746505311
5.1275,110.696139437521,-96.85222222344
5.128,87.7091934613337,210.539595411252
5.1285,57.50244728425,442.024187181408
5.129,29.0205660781169,539.557427749194
5.1295,8.00475517279229,556.450418793819
5.13,-11.9023318075103,589.558371952769
5.1305,-38.4724809042325,683.165033473713
5.131,-67.4316780666759,804.56181255026
5.1315,-87.4426144554322,895.791752851238
5.132,-95.5373497772483,930.292853722733
5.1325,-100.174461051357,920.707306970136
5.133,-109.220742974002,883.902520442712
5.1335,-120.74682190263,805.156021333826
5.134,-127.125569612443,641.697653254164
5.1345,-124.516008137849,370.174157058152
5.135,-116.535101340494,31.1094140028844
5.1355,-110.355263383953,-286.107345457722
5.136,-110.125053516903,-509.527929012982
5.1365,-113.246131191099,-628.677364051024
5.137,-113.00048510941,-671.165260785201
5.1375,-105.689953521867,-653.34543868145
5.138,-94.7501780521983,-569.083226569923
5.1385,-86.7551065605423,-417.486856029581
5.139,-84.0535385297047,-223.082966807124
5.1395,-82.8767437910563,-26.4162131158334
5.14,-78.2741037978491,137.999722415887
5.1405,-69.1816450569001,257.027877392734
5.141,-58.7610053341797,338.823277956523
5.1415,-51.6741252817536,393.783816926191
5.142,-51.2458425321867,412.717519900842
5.1425,-56.8278097194132,375.693362972377
5.143,-62.3737826273539,291.09412986612
5.1435,-59.6750447470151,209.681226925655
5.144,-46.0292362780354,178.00173770196
5.1445,-28.3308236279044,182.881428831971
5.145,-16.5311354166716,163.985762628036
5.1455,-12.3878337099631,83.4178452239367
5.146,-7.6101906590708,-35.2886313211719
5.1465,5.65784590507038,-140.770604860117
5.147,26.1712437523555,-207.331607203512
5.1475,48.1432947597426,-245.428020474509
5.148,70.39340298008,-273.791339771385
5.1485,95.1065632348893,-296.208487459225
5.149,119.356441642351,-302.210086858352
5.1495,135.377677743133,-282.028242817251
5.15,140.742829611561,-241.987043671372
5.1505,141.674224226732,-206.360168622773
5.151,143.218238591329,-196.285530389589
5.1515,142.106576973705,-203.243995368545
5.152,133.760101574472,-194.191278663613
5.1525,121.025133647889,-152.054285995343
5.153,109.882006692884,-101.416657574316
5.1535,100.126669460359,-78.9086438313523
5.154,87.0059173257294,-82.8398802586234
5.1545,70.1119297491588,-73.206097151049
5.155,54.0708283920469,-29.1844687381958
5.1555,41.1702585150692,12.2644921517297
5.156,29.520350260839,-3.26541787977226
5.1565,18.6880054670621,-72.2613203700389
5.157,11.4282095163419,-121.622987767054
5.1575,8.79534214317891,-85.3889494377094
5.158,8.09194928520141,18.2312329633042
5.1585,6.41377335484732,102.370439642414
5.159,2.23577184999051,100.160516360414
5.1595,-6.42258188985722,21.6788588847685
5.16,-20.6010161492369,-77.6633631877491
5.1605,-36.724464764031,-162.823993379578
5.161,-48.9219684681375,-236.169439388069
5.1615,-55.3751510119805,-302.357347702043
5.162,-57.8478988185688,-345.593026228581
5.1625,-55.4970423941826,-351.771511632814
5.163,-45.633746283282,-334.230821430354
5.1635,-31.4611815146217,-317.098994125693
5.164,-21.8604563175619,-298.065715059379
5.1645,-20.638611380066,-249.115565545483
5.165,-22.1190155362643,-160.948228798058
5.1655,-20.6597291898353,-68.9056240985933
5.166,-18.6169116277517,-18.0279968886464
5.1665,-20.7686045302077,-10.43643542558
5.167,-26.2300159239495,-6.1975508855243
5.1675,-30.8624420618703,25.1973105779361
5.168,-33.5664719149855,74.0926653865919
5.1685,-35.3914192743309,114.826052779015
5.169,-35.8065823002093,138.325916810414
5.1695,-34.1984220184834,147.687924989516
5.17,-31.953977398052,140.611817660459
5.1705,-29.4718761005933,117.759811123071
5.171,-25.0253161818458,97.3195821916752
5.1715,-20.278423271445,96.94815315232
5.172,-21.7230768382787,105.60145816037
5.1725,-31.1856924910445,98.4901653822621
5.173,-39.9795127184328,81.9731653649633
5.1735,-39.668766025471,97.4812960769842
5.174,-34.5903883996288,168.217883291375
5.1745,-35.2147571471979,260.442006807776
5.175,-41.7713076212261,316.116009710128
5.1755,-44.2015102703216,318.140716768236
5.176,-37.9727329733243,309.077541142307
5.1765,-29.886777393019,342.640158901901
5.177,-25.9917232817046,421.114138762911
5.1775,-23.0492821631543,485.149322237727
5.178,-16.5032419520354,472.292998243556
5.1785,-8.89511643343097,388.004417975101
5.179,-3.45046669831489,306.499353793411
5.1795,5.29510360515279,291.041911398747
5.18,25.8410194897994,328.881595497408
5.1805,55.7127935379035,365.622146898791
5.181,80.2917576256025,386.810726353674
5.1815,87.5213846789929,425.275809587639
5.182,79.4088000321907,487.699310319596
5.1825,66.8194691969265,521.59547027727
5.183,56.5973901951452,479.819816226875
5.1835,47.5409821454041,384.526374259183
5.184,36.9710945774676,295.413990967066
5.1845,25.7040712977052,236.944579189887
5.185,14.9534990389011,190.416920823217
5.1855,3.00194733579255,141.121381021968
5.186,-10.9215319889166,92.1479337727622
5.1865,-22.4635892265082,32.1266727898437
5.187,-27.5420624594529,-73.4034838480723
5.1875,-30.7763168807303,-243.674266202441
5.188,-41.7459896015073,-454.351725406131
5.1885,-61.4698445656056,-656.839010063487
5.189,-78.9130376226451,-812.912954033834
5.1895,-83.6856557160705,-906.257170294646
5.19,-76.3086459933005,-936.128948982863
5.1905,-62.3115384804114,-911.14363894879
5.191,-42.6574401167474,-843.887162262028
5.1915,-16.3355712032914,-746.211126158344
5.192,12.0178882032838,-631.874944774281
5.1925,34.3539440148233,-520.982711907528
5.193,47.3157700236669,-432.513390346065
5.1935,52.973437516837,-369.806697548966
5.194,53.9761156896058,-318.307799415259
5.1945,53.0928881755801,-259.710518176225
5.195,54.5569553117076,-188.637255453488
5.1955,60.0298471838421,-119.807666875625
5.196,65.901736983752,-79.6115442577108
5.1965,69.9757480727526,-82.2288682304584
5.197,76.4570031947511,-110.720553901475
5.1975,86.9539585505693,-131.699557362348
5.198,91.5851204202342,-132.723961073724
5.1985,79.9957506097225,-131.362603702617
5.199,58.6451722864901,-140.139743232458
5.1995,44.683857268585,-140.92446381194
5.2,42.7232987910886,-110.866149135153
5.2005,40.9270934841579,-60.292520816221
5.201,32.5580431995386,-24.1086784802835
5.2015,27.1206926442774,-21.6991270011185
5.202,33.1157328164107,-41.9242759340269
5.2025,41.7475172688417,-60.542686977212
5.203,37.8491126862234,-54.5548396395773
5.2035,19.1615323254747,-5.39760539355275
5.204,-4.82515119068225,92.1204709499319
5.2045,-27.0557952838293,223.468525325085
5.205,-46.1628594366825,367.095438121741
5.2055,-59.9759816837205,505.94763750684
5.206,-65.8717749878167,616.703356652781
5.2065,-66.2360766864257,667.123897126217
5.207,-65.9911270189502,649.704503760728
5.2075,-65.8562602824392,604.899904809532
5.208,-64.0515580871351,578.750562849857
5.2085,-62.2201892346915,561.614900493956
5.209,-62.8393602825872,500.155587165655
5.2095,-62.9122436865935,369.378988116273
5.21,-57.7194149574022,200.979920003943
5.2105,-49.7226429669965,38.4438075272979
5.211,-46.2552752377258,-100.260861153327
5.2115,-48.5702932458334,-205.521605951497
5.212,-50.5935962258094,-257.555760331844
5.2125,-49.4317429386987,-246.664483279319
5.213,-49.9741381379583,-188.423604855474
5.2135,-56.6092903883197,-99.3123089475139
5.214,-65.9523646738956,22.5424493881574
5.2145,-70.7214767807091,172.712464052073
5.215,-67.0602730073703,314.777949947655
5.2155,-56.2549491595631,403.371816327498
5.216,-43.1079297436899,426.271597913876
5.2165,-34.3338943043888,408.78388960534
5.217,-34.3382751959386,383.73258186104
5.2175,-39.582631511724,367.465673787809
5.218,-39.7374343508532,353.734199561878
5.2185,-27.0419671139674,316.913603461173
5.219,-3.16789182150054,228.274852117999
5.2195,24.1147934652712,80.3859246890572
5.22,48.5357137852748,-108.167076883052
5.2205,68.0881634073395,-313.52860345577
5.221,82.9436500073876,-518.769079807808
5.2215,93.4732026049016,-702.64706571282
5.222,99.5832881167589,-836.237133238515
5.2225,100.2181352755,-901.368750831795
5.223,93.9301910881493,-896.434225563196
5.2235,81.1367218672196,-817.448252246502
5.224,65.4871124913737,-659.114991988995
5.2245,51.9617215004228,-451.105225383556
5.225,43.287619929812,-265.206309215874
5.2255,38.235178421781,-153.901662434756
5.226,33.321010743979,-94.3662044600111
5.2265,26.1772755011685,-23.116036198832
5.227,17.1597779724453,82.3015718302855
5.2275,7.57329865968859,186.650070022999
5.228,-2.70977703882167,255.756130418335
5.2285,-14.438970437139,293.701724965837
5.229,-26.407705202134,312.177583188672
5.2295,-35.8109099058625,297.310024678107
5.23,-40.8312198749537,232.251072921599
5.2305,-40.1165475544826,135.678346107958
5.231,-30.2551774137986,51.4966236832103
5.2315,-8.68396975223487,3.88450249556752
5.232,19.3461265124207,-16.0844759204433
5.2325,41.9991225989162,-16.2583638726666
5.233,52.5757530075391,22.7736524250347
5.2335,55.4822228923057,122.100192297707
5.234,56.3905696944072,260.816801058752
5.2345,52.0140425033524,381.176242200903
5.235,37.2217702473501,446.222069557096
5.2355,18.7798388034768,476.357777631886
5.236,11.8611187749538,513.139671433245
5.2365,21.6508353597648,557.582441393904
5.237,36.5929894640258,565.524133871074
5.2375,42.6797277749887,500.705913952675
5.238,37.5966609353196,370.16476779765
5.2385,27.2490128802604,205.870033069267
5.239,15.0956900854881,36.018123714047
5.2395,1.04240289002978,-116.603160281449
5.24,-13.1368759968949,-230.988278491671
5.2405,-23.9883389572015,-300.371956802076
5.241,-31.03244132258,-336.638016082746
5.2415,-36.4452844359397,-350.70391704355
5.242,-40.5233397435811,-339.903601349381
5.2425,-41.5320692466369,-303.16093084157
5.243,-40.1556989218109,-253.937204917498
5.2435,-40.3661904167276,-208.808674646962
5.244,-44.6953618024496,-178.621664609641
5.2445,-51.0799147486285,-176.694348026787
5.245,-55.6374694214269,-209.297328454603
5.2455,-56.9205703417383,-243.327701494159
5.246,-56.1124771820612,-217.073975299679
5.2465,-53.9321920831325,-117.788903550124
5.247,-48.8709757699972,-25.942686198207
5.2475,-39.1508240648417,-36.6208987196335
5.248,-26.3543699145188,-141.152530688431
5.2485,-16.2918866219886,-229.406297327912
5.249,-14.6597573113679,-216.848159910694
5.2495,-20.7146947277276,-133.333529110908
5.25,-25.924855818757,-73.964281650292
5.2505,-20.6781412651855,-96.4516125367798
5.251,-3.49239267548562,-188.646473956293
5.2515,16.4777560211017,-308.231258987755
5.252,26.7143019399021,-418.382496067384
5.2525,21.7267159632127,-491.585717417833
5.253,6.7523391673158,-511.099571451631
5.2535,-8.14681830072925,-480.738958247167
5.254,-16.7624906543305,-419.590093699986
5.2545,-19.5847359660512,-336.601405547271
5.255,-20.1112083141962,-216.985028722216
5.2555,-20.9402453784513,-45.4883888489768
5.256,-23.3487695772191,155.067906279173
5.2565,-27.7462111514065,319.60231639485
5.257,-32.9101830270653,389.173295080496
5.2575,-36.4403015751057,366.645901665977
5.258,-37.2994813988103,315.621156234147
5.2585,-36.2840290118243,299.707981701606
5.259,-32.976857092006,329.165915329751
5.2595,-24.9754033553446,368.021156835707
5.26,-12.3941132418389,378.500116606479
5.2605,-0.162278359221477,347.45406776454
5.261,8.18121143099079,281.239219112345
5.2615,17.1431751965825,193.386662827252
5.262,34.691638777639,97.1013694694513
5.2625,61.0782149748692,-2.48961358240069
5.263,86.982163945485,-110.354438557041
5.2635,103.730172347489,-227.306553719483
5.264,110.900149450605,-330.87680844923
5.2645,112.197579638965,-375.356185078146
5.265,108.66573044534,-318.297390073539
5.2655,99.6432056277595,-157.813556104788
5.266,87.0290870459408,50.0212720802543
5.2665,73.8599412911927,224.820728312307
5.267,59.9270528533541,334.488283631448
5.2675,43.0072853168306,427.54426714975
5.268,24.2221848774431,564.819642713999
5.2685,8.26755984439373,723.123727617839
5.269,-2.65563905947256,809.241939257582
5.2695,-11.9859301370562,779.688278489074
5.27,-23.9093702130191,696.74388162019
5.2705,-37.0666387622313,637.008523598707
5.271,-45.1282362223874,594.19224559176
5.2715,-42.8745129728305,521.359264300357
5.272,-30.0789255405934,427.315911509078
5.2725,-9.96772388594784,360.899602241716
5.273,13.7891467516182,318.663416483104
5.2735,37.481108953352,243.559979620781
5.274,56.3821597618836,118.66769322033
5.2745,65.7930852349334,-5.0595410510077
5.275,63.8586437256088,-86.9986099245125
5.2755,52.6340751879946,-140.58021916737
5.276,36.0270445618775,-182.418212664323
5.2765,17.2790185798377,-203.083087747587
5.277,-1.49022734595276,-216.434858129486
5.2775,-18.4561702607859,-271.554548828845
5.278,-31.8181113410031,-370.43245879466
5.2785,-40.3217220206971,-433.020155165005
5.279,-44.2744968444172,-404.716611451111
5.2795,-46.9459151147264,-352.373587408301
5.28,-54.4993723108929,-381.157092800037
5.2805,-71.943761131438,-485.052369854387
5.281,-97.3820731711977,-558.73713956669
5.2815,-121.573199811881,-547.402079764951
5.282,-135.131595997485,-502.87384757588
5.2825,-135.788028746916,-479.958712207345
5.283,-127.636770716585,-457.458277860891
5.2835,-114.88076251316,-401.690439668922
5.284,-98.6977351991666,-347.290032374944
5.2845,-79.2168709664689,-355.523385309808
5.285,-57.0845630548337,-420.668051921931
5.2855,-32.2538322796697,-473.972256200602
5.286,-4.16130677297218,-476.088331695652
5.2865,24.7730928155945,-461.850385042085
5.287,47.5002590853925,-484.077674888393
5.2875,57.0902455438398,-542.168482383435
5.288,53.7685511239993,-582.470672865597
5.2885,45.8277102204691,-556.16556258871
5.289,42.3833827422399,-462.749109728002
5.2895,45.1210515899258,-338.13804932282
5.29,47.2955428986589,-209.195414139021
5.2905,40.5876696781877,-70.1190997066875
5.291,23.0045171091821,89.5034721498869
5.2915,1.26780070220442,242.066837975676
5.292,-13.2664202752651,331.640543794883
5.2925,-12.1421339169247,339.455458055498
5.293,3.44171096832921,322.711314768022
5.2935,22.2111438701558,362.948273255869
5.294,32.1971295998603,476.430287256817
5.2945,33.0905936593316,596.421502570744
5.295,36.7317632427114,649.533298991266
5.2955,52.0863240613009,631.451660690713
5.296,72.6088174425899,596.807396606491
5.2965,83.6720194810149,590.293841998839
5.297,80.4034691208691,605.735536611162
5.2975,70.9398018149179,605.077551710716
5.298,62.1699380859418,557.527673510785
5.2985,51.0676427080467,460.516638187004
5.299,33.5558505257533,342.337403045681
5.2995,13.9915970634399,251.794735309568
5.3,-0.47550339629446,229.45301966591
5.3005,-9.87007207083989,275.55682413562
5.301,-19.2810538682219,351.94029728646
5.3015,-30.2230490651531,421.859118511383
5.302,-40.0516616816462,477.974103543294
5.3025,-47.4807334155532,522.715857747805
5.303,-53.3999594646235,536.081400410339
5.3035,-58.2994466717662,486.093197457928
5.304,-62.9721374172159,372.471414065094
5.3045,-68.4352683538061,241.036147589995
5.305,-70.9432662315715,142.057917579468
5.3055,-62.0981043454479,77.3659335564391
5.306,-40.096149697151,-4.01619425230262
5.3065,-15.8015940916718,-153.172499078187
5.307,0.01956001263972,-362.020544602117
5.3075,10.3745690180126,-561.409293439633
5.308,23.6068508225122,-688.376692617459
5.3085,36.8715498243271,-752.680478064078
5.309,41.375389488467,-817.903392746426
5.3095,41.3244388439246,-911.958211377747
5.31,51.5077077070391,-981.844807288252
5.3105,73.6148359202834,-956.406656709332
5.311,90.0391363483325,-832.948594866359
5.3115,86.788007320521,-673.427068662836
5.312,69.3462684059193,-530.252566677484
5.3125,49.2622070017929,-413.408789514858
5.313,28.7455726416686,-326.724600571083
5.3135,8.61534886298345,-291.766339734342
5.314,-1.12837461665688,-315.626716820056
5.3145,6.37734205183608,-360.596510576154
5.315,18.6390072635822,-367.647691927672
5.3155,14.6466491505616,-301.810403486462
5.316,-9.792191183708,-170.220134640228
5.3165,-38.5588524404342,-13.1348633417138
5.317,-55.3051074777522,117.090949522355
5.3175,-56.8011545335068,190.195572121608
5.318,-48.0209904711363,225.679104396608
5.3185,-35.6238517146806,274.756854517595
5.319,-27.9872679033243,367.970926559528
5.3195,-31.6793597974762,491.866703713481
5.32,-43.4922534609405,614.821977006339
5.3205,-51.6987163067609,714.061784830959
5.321,-48.3142642712804,779.254490774608
5.3215,-36.6417747224763,820.344831506953
5.322,-26.1551962369803,873.938640745107
5.3225,-24.0253282892598,962.734288153649
5.323,-31.4568168549406,1039.51750183383
5.3235,-43.3888628012498,1019.77696734385
5.324,-51.2446164679922,893.39738569361
5.3245,-50.1470904104024,751.954956043735
5.325,-43.7206605298406,663.741890084619
5.3255,-38.6319485239571,571.834527712546
5.326,-36.0096879352454,380.665608327496
5.3265,-32.5372456463039,109.80463203582
5.327,-27.5128223985292,-118.782258486463
5.3275,-22.4346491784444,-237.857139528067
5.328,-15.0157148654378,-297.352558742861
5.3285,-0.975273839515073,-358.307945534577
5.329,17.969996874279,-406.594140795297
5.3295,34.6006082357023,-411.508514199409
5.33,45.1340794079719,-403.903637611358
5.3305,51.0737483167092,-437.114109982907
5.331,51.926320994924,-508.510702954653
5.3315,44.1236317527363,-575.712728225248
5.332,29.3211036921065,-625.707273479179
5.3325,15.9869558691408,-673.782641663532
5.333,9.04376649446051,-709.545061818138
5.3335,4.57205667292288,-699.99323033845
5.334,-1.03944900434741,-646.00222931908
5.3345,-3.01442458899293,-588.63394935058
5.335,5.20082034082268,-554.006852320193
5.3355,21.8135366475772,-532.535523080377
5.336,38.7559375477561,-517.86659290045
5.3365,50.7737364463087,-522.411399575549
5.337,57.6474440653549,-541.080175184453
5.3375,60.2793672163596,-543.668917752726
5.338,59.8205122232622,-527.352223796712
5.3385,59.1222913636433,-536.749610395499
5.339,60.4193485498478,-595.336817552011
5.3395,62.2246149691475,-645.527755011469
5.34,62.0183042117038,-602.042794157041
5.3405,61.0870693842221,-455.724840475282
5.341,63.0835759091509,-286.642883913451
5.3415,68.018758417918,-174.272725485099
5.342,70.9513158488994,-121.621982169596
5.3425,67.3901867686829,-64.5992200114658
5.343,57.9350248753043,69.6219733716036
5.3435,46.4998795272477,305.526461124734
5.344,34.8481208030542,585.051641831707
5.3445,20.3712828504635,791.848854139651
5.345,0.657591736386977,850.264608064289
5.3455,-19.9568729759679,811.211250578113
5.346,-31.6131398749315,805.162780564105
5.3465,-29.5904004860037,896.85386580877
5.347,-21.6306075403036,1020.86625742918
5.3475,-20.5729475778265,1075.75679832529
5.348,-30.8458205764083,1039.40278846202
5.3485,-46.4729354816694,960.119845143953
5.349,-60.7469304586727,872.245227768824
5.3495,-71.6545904995607,770.724318040524
5.35,-78.3990495297529,654.053886528092
5.3505,-80.5631445443427,544.642338643441
5.351,-82.6478100993989,462.946779238712
5.3515,-91.840883378289,409.300269551229
5.352,-108.070942238253,369.373309543966
5.3525,-123.404108382833,318.000773718862
5.353,-134.729915667616,233.234377468607
5.3535,-148.596925929178,134.061056024318
5.354,-167.859907606911,81.7171140241709
5.3545,-182.353231098602,100.281532489516
5.355,-181.542555006151,113.291419862268
5.3555,-169.184787580501,17.1596547191838
5.356,-154.772010966114,-182.723955288253
5.3565,-136.283684548154,-367.413297951862
5.357,-104.703841713001,-445.004714930971
5.3575,-63.0148441954327,-434.850407072477
5.358,-26.1978825047545,-390.797939722677
5.3585,-1.08052922758991,-309.292041361182
5.359,20.2198388257117,-167.597341526254
5.3595,43.3880652024159,-9.02660889890572
5.36,62.4305622252173,77.0610682724961
5.3605,74.4176497784054,51.3967866439854
5.361,91.2664304633765,-45.4335598323354
5.3615,125.15476670633,-154.662869113893
5.362,169.631417253812,-252.438409945275
5.3625,207.038471468185,-342.981743911371
5.363,230.11839335619,-433.2444570973
5.3635,244.453008283339,-520.926521897598
5.364,252.151398746823,-588.331032771281
5.3645,246.320380380265,-610.383955978691
5.365,223.571382359789,-587.33958397686
5.3655,190.813745966485,-562.0022713305
5.366,155.391981555574,-579.2246636474
5.3665,117.605742667936,-628.498054463121
5.367,78.507553718323,-647.9705577105
5.3675,46.9438785583659,-588.537037620003
5.368,30.3566538157244,-459.89307046079
5.3685,22.6788178593684,-313.389110448503
5.369,9.66222648540881,-192.377461052769
5.3695,-14.6711534572525,-100.99921700605
5.37,-43.0861876742122,-15.5149028969214
5.3705,-65.9344033216681,73.106980967294
5.371,-80.5027644807768,131.804314647321
5.3715,-88.5078833464706,115.244143313794
5.372,-90.0884283570382,22.2924181184483
5.3725,-83.9716219482135,-99.2465035817277
5.373,-71.3440716188834,-204.754406022793
5.3735,-56.8790681037081,-277.827291415109
5.374,-46.133342180276,-300.257947687067
5.3745,-41.8219606611662,-247.743969189401
5.375,-41.1318461560676,-142.053841630781
5.3755,-37.2551874872529,-58.3125059711793
5.376,-26.2435599061112,-36.9756371179104
5.3765,-12.4747966879424,-29.8006334140901
5.377,-4.68505364811747,16.9427848529844
5.3775,-6.53743990539927,71.0978190896991
5.378,-14.1927536385245,78.4649707772032
5.3785,-23.1054924976963,81.8810379433185
5.379,-32.7421100998532,178.741974315799
5.3795,-43.2778755938511,363.166800147099
5.38,-52.5042926426254,510.254583929547
5.3805,-59.1495851813023,541.702604517869
5.381,-65.5634880400037,517.184800449945
5.3815,-73.6630868402399,521.097368570419
5.382,-81.2913657469379,543.536911023682
5.3825,-85.76279629528,535.340325423382
5.383,-87.2599230372345,511.07023683567
5.3835,-84.6035110667284,517.476997047053
5.384,-71.997992313259,543.043877181271
5.3845,-46.57256141331,538.047806594117
5.385,-16.6502498276385,498.795214553303
5.3855,4.84786487112065,459.293345851342
5.386,14.4824762291748,419.826272933131
5.3865,18.8651231351294,359.379919510835
5.387,22.0064507771506,305.511476819158
5.3875,20.9640674440469,307.147825266895
5.388,15.7152720726715,333.556698531893
5.3885,13.7239646288783,287.841333864599
5.389,19.2185556991163,147.893194210882
5.3895,25.3662088109515,13.7272059519201
5.39,24.4611810720141,-31.7114071526673
5.3905,20.8786773740217,-40.3669058953077
5.391,25.5131557143447,-113.208346469735
5.3915,39.5469699031902,-245.371442448906
5.392,52.0427096037894,-336.248708404369
5.3925,54.312262176828,-338.118244255698
5.393,50.0086442146277,-321.392813771928
5.3935,48.6525635940731,-379.674551987026
5.394,53.7207225546033,-517.579399906206
5.3945,59.9014186085942,-648.024425895279
5.395,59.4232985179975,-672.563582350086
5.3955,48.731047945961,-561.859107743406
5.396,30.4904846657486,-384.203607497715
5.3965,11.1249755353591,-250.62456978373
5.397,-3.66863193140789,-202.693776611925
5.3975,-11.7092710598248,-168.574339938985
5.398,-13.355609879704,-72.2949355255666
5.3985,-9.283820787387,34.705752282432
5.399,-0.399843145032556,26.487544792483
5.3995,11.0504339194856,-107.852019062468
5.4,21.7444643615746,-216.971040398661
5.4005,28.2922161281514,-171.445583833334
5.401,27.7709857714492,-16.1368485949564
5.4015,19.2822036797174,123.992152699576
5.402,6.11756720105002,215.740641106286
5.4025,-6.15880332149876,301.298533227043
5.403,-15.8096501203458,363.245904514715
5.4035,-26.4302902270737,329.662519041353
5.404,-39.7853614380607,210.005877780399
5.4045,-50.7156027127875,113.226401707494
5.405,-53.9372759926723,108.676410921261
5.4055,-53.1058091676427,164.465568877586
5.406,-56.5088538965718,247.923274477271
5.4065,-64.6787141548105,381.99736935586
5.407,-69.5943455736439,551.75339313766
5.4075,-66.8764205166938,653.204685198805
5.408,-60.6811855435353,610.434165673689
5.4085,-53.4542535388969,469.337181458251
5.409,-39.2159480337822,300.754007081633
5.4095,-13.6971419403311,86.112007382182
5.41,14.7595458295722,-207.170386336271
5.4105,32.6694104413116,-502.620586821926
5.411,36.5837126150761,-684.956579836037
5.4115,32.9042814560566,-759.222305032773
5.412,25.4407527392938,-824.109145084172
5.4125,13.502244754694,-905.039298021775
5.413,2.56944561022498,-932.932627432487
5.4135,5.0305189486979,-887.359494511044
5.414,24.4514123990543,-835.688178344618
5.4145,47.3652343733909,-804.726164934737
5.415,58.0543502918606,-731.172522444807
5.4155,55.848690612341,-587.397731143276
5.416,50.4629117780979,-453.565543121335
5.4165,45.7623164690527,-400.565211442674
5.417,38.3039560982445,-382.913813767171
5.4175,29.2958017523955,-315.86070800521
5.418,26.3131473641316,-194.34906346038
5.4185,31.5056411986891,-72.1635996687792
5.419,38.1821955847237,18.9420641800664
5.4195,42.546014279972,67.8763976764517
5.42,49.4386645612859,58.6940610278453
5.4205,61.060885603325,12.1403034580744
5.421,68.7127420814787,3.16859474975542
5.4215,63.7955583920457,73.3798201217782
5.422,50.6626794303684,176.292947104086
5.4225,39.416259573562,274.119199783099
5.423,30.6015816400453,425.414908105918
5.4235,17.548053352778,682.978243043932
5.424,1.5351035821237,952.828026988778
5.4245,-7.26696125378699,1070.87546381321
5.425,-5.8428999119878,1009.26532872128
5.4255,-5.16553751967225,901.713793868105
5.426,-16.3539980378698,859.330821820501
5.4265,-36.6920355274302,860.1061933918
5.427,-53.6161795198734,838.388539208772
5.4275,-57.4907997827907,786.561468459726
5.428,-47.3146463212441,726.363081638672
5.4285,-29.3830048732655,655.567676474763
5.429,-14.5145900082972,574.010687429069
5.4295,-12.4087870111044,510.900975087132
5.43,-24.8436348860044,484.330854196452
5.4305,-46.9142252008158,475.71024401715
5.431,-75.2824083842053,476.148806741744
5.4315,-108.926675944174,510.442551417028
5.432,-140.530644901333,575.472984590457
5.4325,-156.980610745291,597.821195319141
5.433,-154.601005488602,502.104381601984
5.4335,-145.522400535327,297.810021165265
5.434,-140.485211893342,59.8873209644713
5.4345,-132.714761740326,-153.711950158914
5.435,-109.887632970818,-327.392315142068
5.4355,-76.3727985308792,-454.81103081927
5.436,-49.31176858632,-531.362116519909
5.4365,-33.9723812842386,-579.930407595365
5.437,-18.0223842737434,-643.851187216375
5.4375,6.75619202798486,-737.839278877145
5.438,31.6155916178329,-823.839630357735
5.4385,47.2596480217377,-849.919990663162
5.439,60.9364656114485,-808.806368061772
5.4395,84.8767451199163,-747.984941928862
5.44,113.854698228702,-716.483170515673
5.4405,127.343452404732,-708.605046967297
5.441,114.125134952686,-679.586708599221
5.4415,85.3862637213212,-621.486652862372
5.442,61.4582141175746,-594.691821418945
5.4425,52.6132498716958,-660.617031375006
5.443,55.7218927465893,-806.594676054385
5.4435,63.5670248481334,-967.113785817094
5.444,71.3295724267523,-1092.9952797455
5.4445,75.2999043583422,-1157.75373175602
5.445,71.0405695887163,-1125.92231810088
5.4455,56.8989260281974,-985.23404812338
5.446,39.16738303336,-804.109668309167
5.4465,30.1705840444301,-681.375698612803
5.447,37.3779194264734,-622.421793522164
5.4475,54.2796706965971,-530.40860932271
5.448,65.4640092855389,-338.959510617773
5.4485,62.4298564826739,-83.9155755608207
5.449,51.927677705509,184.446185551505
5.4495,46.8403532279733,482.558910289235
5.45,51.5592169709475,833.80374308164
5.4505,59.5342475405552,1191.50262278116
5.451,63.3934292317876,1486.09882453966
5.4515,63.0444679318651,1700.35367231684
5.452,62.9953677792953,1832.13418746451
5.4525,64.6419594215738,1829.68776336134
5.453,63.1038810445085,1647.70023103613
5.4535,51.0729842765452,1345.04269977369
5.454,25.2839037290551,1045.93448531377
5.4545,-10.2367897520357,808.017057472545
5.455,-46.8751648966726,593.417590493068
5.4555,-77.036442898814,361.084460246394
5.456,-96.6513579903857,117.117764583172
5.4565,-103.554319168917,-125.143659025223
5.457,-97.3659668208802,-360.84499411517
5.4575,-83.4160833862339,-554.823490494518
5.458,-73.8127304848884,-650.364783560978
5.4585,-79.3232528752351,-635.924389074574
5.459,-98.6564854936689,-550.087720366292
5.4595,-118.274333184223,-408.096809547928
5.46,-124.502851771708,-186.947867497122
5.4605,-115.106266933573,89.5189970213065
5.461,-98.8560747103013,310.088034207776
5.4615,-85.5669836091768,364.501330783415
5.462,-77.556514061247,240.61887382247
5.4625,-69.4436807594731,10.9975746732174
5.463,-54.6452135708011,-234.886697834936
5.4635,-32.0876820681954,-421.48707459122
5.464,-7.30293420252655,-505.917619289106
5.4645,12.6613020204285,-513.000934734729
5.465,24.8413275640858,-512.517041390752
5.4655,30.5214329617501,-514.354623786077
5.466,31.2472929999687,-424.896463871484
5.4665,27.2520410729092,-169.410754593206
5.467,20.1026051739782,166.730546367305
5.4675,13.7490520113225,392.635845999142
5.468,10.3521288210659,414.24666120038
5.4685,6.59051702952048,325.244488548848
5.469,-2.76089569043842,278.780203975712
5.4695,-17.5994877543004,313.462786345181
5.47,-31.3598586973251,332.923431445774
5.4705,-37.3651066702779,229.264349471627
5.471,-33.8158331956902,-0.101304686926017
5.4715,-22.1460707349121,-243.102723299637
5.472,-4.03617831435752,-357.835305216313
5.4725,17.7443073077629,-274.909030819824
5.473,38.5432859460241,-40.3889637324276
5.4735,55.3153370867973,225.405177681042
5.474,69.1499320282418,407.346483887576
5.4745,80.9961800101631,451.085357196771
5.475,86.8284094729276,380.340205621147
5.4755,81.7244254942075,287.062170027108
5.476,67.7764986154304,281.339872577499
5.4765,52.4579431749423,402.960234985945
5.477,38.9673502545531,571.028582034439
5.4775,24.3987930426033,647.841901921305
5.478,8.99715441997808,562.213633589977
5.4785,0.00912202333468584,350.48591427951
5.479,1.931388608067,79.4555339767884
5.4795,9.04194351646738,-229.230200690406
5.48,13.8220504493999,-578.544135147991
5.4805,17.9970794745433,-938.552542038982
5.481,27.4482374216739,-1249.05242646712
5.4815,39.1230134692896,-1462.73883260252
5.482,42.031690451479,-1548.23315200649
5.4825,31.3905367482926,-1461.30138713621
5.483,13.9623572298483,-1163.3205045464
5.4835,-1.83830845726189,-688.987466603053
5.484,-13.7687119690156,-167.842259064489
5.4845,-21.5570801018493,250.04046461961
5.485,-22.2882670950103,491.143460577465
5.4855,-14.4201566874511,582.299596559646
5.486,-1.50905930972419,596.628179339447
5.4865,11.8538336108239,588.389351709929
5.487,23.4868806355549,566.826654533651
5.4875,29.9452574563692,509.632721390193
5.488,25.3036953220567,390.601527005356
5.4885,9.3377151998233,196.819373620578
5.489,-7.33601279402283,-67.9917559091574
5.4895,-13.2605803747757,-375.201249763489
5.49,-9.46729918162862,-656.993211454814
5.4905,-6.63335075365305,-825.555145870756
5.491,-10.2212936802798,-840.010048947546
5.4915,-15.4060471935912,-746.579446685142
5.492,-17.4134144175362,-617.810759724248
5.4925,-19.6857580976683,-459.392058503143
5.493,-27.8319343806607,-226.383787917912
5.4935,-40.0549214982562,67.3384047243841
5.494,-48.764647906693,327.560770264144
5.4945,-50.0820570668137,499.662956949056
5.495,-47.1806494510438,635.500019861591
5.4955,-44.1132339896973,776.47324581731
5.496,-40.3940337160029,839.378939479302
5.4965,-33.4784235781409,723.630781064835
5.497,-23.4871866940729,491.901088460817
5.4975,-12.2895065771684,309.512607873947
5.498,0.168736334575437,199.605706077783
5.4985,14.0975044689196,5.2895717077273
5.499,24.5636520025419,-347.597607822984
5.4995,23.5152325242302,-688.466906833902
5.5,10.0544480501937,-813.086086898454
5.5005,-5.44367226995093,-753.910487549028
5.501,-11.6741089122202,-692.66754913878
5.5015,-8.11902459754425,-657.962292120455
5.502,-2.50746813082181,-478.725347577757
5.5025,-0.238449031325485,-50.1468814162804
5.503,-2.49341813731639,502.828993805103
5.5035,-11.8549811221718,980.498287496519
5.504,-30.3924898615251,1309.56670699481
5.5045,-50.7239913886591,1517.89642511737
5.505,-57.437738696208,1606.72858099858
5.5055,-42.1431701110276,1552.58798125858
5.506,-12.6413681636353,1391.4683927821
5.5065,15.9549178056804,1205.75337951637
5.507,35.1678985433077,1033.403455916
5.5075,46.1552036177973,848.787827717706
5.508,53.8434493402815,622.711057143118
5.5085,61.1712767570858,354.556957909178
5.509,65.1603266257106,65.8887114711505
5.5095,56.8150027205719,-183.850622096507
5.51,30.3118233878513,-296.292713397463
5.5105,-5.28490751217708,-220.001637932264
5.511,-30.1244252206074,-42.6609132474512
5.5115,-33.9179888830203,64.256376495255
5.512,-26.5775395008806,13.9902588397047
5.5125,-23.8566390367542,-124.328282162108
5.513,-28.515627731102,-237.693719997315
5.5135,-31.9890449807338,-308.015584504787
5.514,-28.7872131077229,-413.280885851842
5.5145,-20.3687313940293,-624.918764073006
5.515,-7.75565414835403,-936.24282466461
5.5155,10.4487339694744,-1272.12087973568
5.516,32.1579630137474,-1537.85364649199
5.5165,50.2870352925083,-1666.87365696321
5.517,58.6198435729333,-1648.43491327325
5.5175,56.6096739935956,-1516.48348783351
5.518,49.5777939577021,-1306.8123259835
5.5185,45.9855823490223,-1031.01839112511
5.519,50.4710001277138,-697.903013847931
5.5195,56.2450451350701,-345.855160347732
5.52,49.4977995990945,-32.0878213024957
5.5205,26.1118349496038,214.152302433472
5.521,-1.48836696582927,412.688890148651
5.5215,-19.6669375680106,592.867112301003
5.522,-28.881018908634,735.620229158547
5.5225,-35.7930244736559,773.096183917496
5.523,-37.659566727716,659.98044956083
5.5235,-26.9186219459684,435.126069620298
5.524,-7.31522146634666,190.744778392937
5.5245,8.00065227164385,-16.2719162879365
5.525,13.7988737714061,-194.98556320097
5.5255,15.8335505782036,-361.707030126592
5.526,16.0360537581353,-492.728479946094
5.5265,6.99212381912487,-559.951102937612
5.527,-15.7989630596495,-576.337354930943
5.5275,-46.153937180503,-562.890999639425
5.528,-74.4358135590738,-492.988024284831
5.5285,-93.6833997691058,-323.225297005911
5.529,-97.1320869027354,-79.7962542871222
5.5295,-80.2211796457192,132.751342052676
5.53,-48.7879184216643,225.203835102217
5.5305,-16.7969630496342,201.904675300772
5.531,6.84412757014399,141.95948126295
5.5315,21.8151004110973,126.713522168896
5.532,27.7353980009798,181.984012951016
5.5325,24.3787744465989,259.846753136203
5.533,21.9697088723898,279.300726744691
5.5335,36.2799228988646,221.187862087418
5.534,67.0775010785701,181.56944521186
5.5345,94.056959397733,285.020717023111
5.535,101.408242372211,533.948002258723
5.5355,94.4912201264975,786.638635131069
5.536,84.4687702810556,900.404286845626
5.5365,69.7393991481491,858.090707613265
5.537,44.2673560775411,744.001711495764
5.5375,13.4165998247269,651.660125529152
5.538,-12.3642002584333,647.352846554166
5.5385,-32.6850721782283,770.901799630677
5.539,-53.4798925170134,1010.94114143998
5.5395,-73.6430507684884,1288.97819703811
5.54,-87.0302389029771,1501.57566660442
5.5405,-93.1165422782004,1575.38224766326
5.541,-95.075377645401,1482.02952104392
5.5415,-92.1927142121802,1241.93996334545
5.542,-84.4101981093715,931.891282139447
5.5425,-78.3375340037579,638.540441169831
5.543,-77.1388656490443,370.604362435967
5.5435,-70.7055849400491,62.122588804817
5.544,-49.646852319855,-306.368406192758
5.5445,-24.0479297054651,-652.586305140286
5.545,-12.7900002031424,-908.64088407949
5.5455,-16.9064232376573,-1121.66734710304
5.546,-19.6554377366743,-1356.06178965335
5.5465,-12.429794108644,-1554.17525338861
5.547,-4.00807227953313,-1605.65917437928
5.5475,-2.12384960530789,-1526.42063591769
5.548,-2.12603709220333,-1447.22398555386
5.5485,1.31778517867584,-1424.91329043504
5.549,5.94949512440462,-1386.34311030986
5.5495,11.881010254893,-1282.61749296684
5.55,26.9722610293189,-1177.68389236215
5.5505,54.4083695903372,-1130.68777097051
5.551,85.2801855894412,-1097.14475365795
5.5515,111.05088916281,-1023.1073144981
5.552,133.848342652755,-950.573624890816
5.5525,156.247944910574,-932.069680178751
5.553,169.507468194104,-893.388222500709
5.5535,161.951019559035,-684.909931545557
5.554,134.359327869822,-264.095192058731
5.5545,99.1764040709483,237.215041874915
5.555,67.7811103853262,621.880149036143
5.5555,44.1590041627089,765.055823754054
5.556,27.0756896882283,676.257240408253
5.5565,12.6273381496736,489.514996792849
5.557,-2.84440775917487,384.34619523742
5.5575,-18.6316835834569,460.648601839526
5.558,-31.1840758485875,675.568436692724
5.5585,-41.0619638299904,910.627184624022
5.559,-52.8848804415619,1073.61263334671
5.5595,-66.5519777849649,1118.97936884004
5.56,-75.5698240220627,1025.74474029201
5.5605,-76.9395703039659,814.565494822668
5.561,-74.7887522633544,555.540880234966
5.5615,-70.5228528842773,303.18455923822
5.562,-58.7438925420762,51.4910186571712
5.5625,-39.080638385399,-191.108846512885
5.563,-22.8910159318008,-320.321701893638
5.5635,-19.7142575279356,-214.088557200187
5.564,-24.535603290103,114.380767968463
5.5645,-27.4942002579248,514.925878571813
5.565,-29.0292253270286,850.902104918224
5.5655,-34.7461816218961,1080.92251913664
5.566,-41.532511889268,1193.03730827096
5.5665,-41.839240362484,1151.27960579993
5.567,-38.5855125052973,951.662505686451
5.5675,-42.0656809759381,672.30039073327
5.568,-51.64721304358,417.351446998467
5.5685,-53.2077729326156,234.431918497771
5.569,-38.3014003905541,108.180678498454
5.5695,-16.1332241750065,3.3769462669274
5.57,-1.99960477558045,-106.298842153071
5.5705,-1.0467542168118,-223.002568331378
5.571,-7.83605220923653,-318.434408856403
5.5715,-16.2867954584136,-362.441030818706
5.572,-25.0540353142981,-361.999967484858
5.5725,-35.4961825662355,-346.615776215119
5.573,-47.2275434565123,-323.492741315494
5.5735,-55.1158609728097,-290.899012308966
5.574,-51.5544362551117,-290.394708053634
5.5745,-33.9643707306496,-383.718853877179
5.575,-7.93010882927424,-562.891205403376
5.5755,20.5185801876845,-742.586201961276
5.576,52.1158692368373,-866.568584194191
5.5765,87.8140983999476,-964.289021024089
5.577,118.58962365213,-1067.97629846279
5.5775,131.292135967967,-1131.26479190815
5.578,124.834584313309,-1085.06322678893
5.5785,111.735675192225,-939.826683462418
5.579,101.849707563069,-777.040112662724
5.5795,92.6662661384929,-649.770813883221
5.58,78.0515963592001,-525.37992853103
5.5805,58.2154030365961,-317.422118013775
5.581,36.9055625036291,39.3135135808368
5.5815,15.9344748334952,516.099931502728
5.582,-2.57824730211112,972.435747925048
5.5825,-14.3997826723901,1245.53751107376
5.583,-18.5172428684915,1284.91601022178
5.5835,-19.4691079238556,1172.21092501242
5.584,-20.602678025879,1001.09424504187
5.5845,-20.7441578688954,794.813842783757
5.585,-21.50191501615,564.913502843358
5.5855,-30.326755486098,371.388586082301
5.586,-49.3101770132687,258.134101978402
5.5865,-67.3708748066614,185.19810922797
5.587,-72.6925533622332,99.6108890284661
5.5875,-68.6308528821709,26.097167806948
5.588,-67.2647683051893,2.3447444947358
5.5885,-69.773096989925,-36.9427684257238
5.589,-64.695847922967,-208.271583009082
5.5895,-46.3975849672437,-522.192624438098
5.59,-24.0082594442679,-871.824518899111
5.5905,-7.90345435436639,-1175.65800587496
5.591,3.49516299514287,-1438.63724994422
5.5915,17.6026347323746,-1667.54814361061
5.592,35.9500421014634,-1825.40906823875
5.5925,56.0730534738308,-1890.75534952772
5.593,79.3537415671434,-1871.11795556406
5.5935,107.274474449639,-1737.76830666175
5.594,131.751381223429,-1444.8226173459
5.5945,139.044375929028,-1032.66941082889
5.595,125.539883013586,-587.31805641518
5.5955,102.548967623081,-51.8933279906454
5.596,82.2364340105028,765.020398634932
5.5965,64.7606168090624,1872.47518835905
5.597,43.6703096912772,2911.36343898502
5.5975,18.6404519054938,3456.96011418103
5.598,-4.06328148233462,3454.78456124516
5.5985,-21.5051151026178,3199.74597993657
5.599,-37.2794408946954,2926.20033100296
5.5995,-54.3014115136355,2609.495973763
5.6,-70.3602153080689,2179.73130447411
5.6005,-82.8048226695133,1715.36443960891
5.601,-92.9931679193972,1318.96713839203
5.6015,-103.498088021672,953.288629075753
5.602,-114.359407252038,537.587589434052
5.6025,-124.441237336263,109.458786906973
5.603,-133.352069981664,-247.941127360531
5.6035,-139.873037370558,-569.304392485413
5.604,-141.812349641182,-938.970626028166
5.6045,-139.518072189104,-1283.33746985924
5.605,-135.388507546847,-1398.64996942867
5.6055,-127.015044011516,-1229.3651262578
5.606,-105.855668023521,-991.08453088154
5.6065,-67.7773567875825,-941.574938416512
5.607,-20.8663453249749,-1112.15676765069
5.6075,23.1890472015792,-1336.12509330173
5.608,61.8734583712492,-1465.77658320733
5.6085,98.7689151680364,-1463.80162733471
5.609,130.639479919717,-1330.84706652015
5.6095,147.067713663824,-1072.50535462182
5.61,143.413454031606,-756.405243560513
5.6105,125.662167609391,-498.03179627836
5.611,100.764542407977,-332.247798484553
5.6115,70.3477120977616,-162.031715078853
5.612,36.9022051807018,100.750476638287
5.6125,8.20310979805786,382.557686844794
5.613,-9.52906270405327,504.995112393457
5.6135,-17.5536702766048,379.152532951235
5.614,-19.9337320939612,81.8727367422619
5.6145,-18.6788192883167,-249.326254435484
5.615,-17.3478509547728,-519.674062857474
5.6155,-22.1979378017226,-666.948499091991
5.616,-32.5568704542424,-644.720610304933
5.6165,-34.9403008115836,-483.756476453834
5.617,-15.208785208253,-315.446783898682
5.6175,24.6024573022809,-253.662007994073
5.618,67.3004141163582,-271.455625812582
5.6185,96.6437605518498,-258.765199208951
5.619,107.26047325283,-182.711045501333
5.6195,101.475430038938,-114.261147949685
5.62,84.5098765593521,-100.739753319448
5.6205,64.0690599559317,-100.850545271438
5.621,48.4777021613751,-74.4165051457325
5.6215,41.6341533946116,-59.2624978438085
5.622,41.2060090518004,-105.506241513423
5.6225,42.0812053268984,-182.40188409833
5.623,40.1507080456402,-206.319339791607
5.6235,34.1477402171106,-137.245279164273
5.624,26.5367960631204,-8.78700656487364
5.6245,21.5131422079117,116.108175129746
5.625,19.548752227753,191.976165337365
5.6255,15.4215444960929,222.601051274558
5.626,4.43988401152094,271.194907320703
5.6265,-11.1288230667473,401.354214926029
5.627,-24.7632963909451,580.524519251613
5.6275,-32.6481932782499,693.007918320941
5.628,-34.684394360229,692.480503049649
5.6285,-31.5158706572743,685.928087251134
5.629,-25.5904714966645,797.751094172152
5.6295,-23.5037358095563,992.525483671177
5.63,-31.7672445652631,1115.85676706272
5.6305,-49.9296986492441,1089.83685206397
5.631,-71.1553019646405,984.580752965998
5.6315,-88.6547262651267,905.984074264944
5.632,-98.7263105015338,898.988879193512
5.6325,-100.298675227319,964.197169762892
5.633,-96.0847808942694,1077.46896762401
5.6335,-91.6037421016909,1162.99299691856
5.634,-87.8541000999123,1120.0813540237
5.6345,-77.9202904129294,916.642997937251
5.635,-57.3070602417686,612.711560813793
5.6355,-34.6575438398097,280.44645279739
5.636,-23.9050271373258,-38.9046404552813
5.6365,-27.5123816164614,-290.667317410665
5.637,-36.5198596857116,-405.655657554362
5.6375,-45.668694859693,-385.072671460471
5.638,-56.8145686360492,-318.243463181051
5.6385,-66.2485003277962,-270.308798602839
5.639,-62.1251813323523,-213.610624997193
5.6395,-40.724581267379,-117.261397056504
5.64,-14.3937345537012,-41.3841309290159
5.6405,4.94579336179151,-81.2495965850416
5.641,21.6063318770976,-263.623132458723
5.6415,46.237975582181,-548.519566792458
5.642,77.0254851328148,-879.340712566112
5.6425,101.328213607769,-1173.74968758748
5.643,112.076811472324,-1324.56581367161
5.6435,112.421706484883,-1289.66090563979
5.644,106.380152777369,-1145.67950967308
5.6445,94.7852490848232,-987.110949423889
5.645,80.0047331103871,-817.296228269274
5.6455,65.4254275773106,-611.125684560602
5.646,49.3429166290179,-427.128960061449
5.6465,27.7429360548578,-352.04889265701
5.647,4.90773288711898,-370.731352209957
5.6475,-7.08430537825364,-406.284423825955
5.648,-3.40841703796279,-467.056150441389
5.6485,5.53997716480947,-623.032052120825
5.649,6.56188133751253,-833.292621548505
5.6495,-0.099284958059155,-937.977184365869
5.65,-2.36011722072907,-865.848932992542
5.6505,7.99842384893098,-729.360898201116
5.651,26.3696568533194,-651.890813959439
5.6515,41.7828166874162,-606.083806498719
5.652,47.8470658213704,-500.215342491535
5.6525,45.588015921303,-334.513487770186
5.653,38.4521188473021,-178.656838553081
5.6535,28.1371222341579,-57.0874338256115
5.654,15.7385216651474,51.7558815865098
5.6545,4.30684408702173,146.195227189731
5.655,-2.20779033949667,214.569735546022
5.6555,-2.16789316745945,281.083352777216
5.656,3.24142571808964,359.994384905254
5.6565,12.0520630382889,398.430773825245
5.657,21.6943711051007,345.812227355875
5.6575,27.4228119772579,250.682844140987
5.658,23.9399855954644,203.198494338401
5.6585,10.3101091899258,204.23096415823
5.659,-8.31491347827016,181.836181661288
5.6595,-24.7614749475543,121.977866392555
5.66,-34.6901092299667,84.9316549321756
5.6605,-38.5521009081951,98.0736030121382
5.661,-41.620688165747,143.955327265512
5.6615,-50.8474487208818,269.738149930062
5.662,-66.8525253214781,581.058995129278
5.6625,-79.1131472595503,1059.2323124381
5.663,-74.9452556524911,1479.36517936412
5.6635,-54.4597208652885,1603.42966818544
5.664,-30.4658440318994,1410.41919610373
5.6645,-11.9497371749716,1069.10049567808
5.665,4.60665787356196,734.611185570098
5.6655,24.0040487209658,454.415905568139
5.666,41.322117905966,239.945970477663
5.6665,48.9298650222306,131.159635565339
5.667,46.9980905909207,175.583769975985
5.6675,38.5197107395603,400.366705600209
5.668,20.3504012273131,805.710102989612
5.6685,-10.2149387981991,1329.17091723954
5.669,-44.2747400569929,1815.15947700029
5.6695,-68.1871283105115,2083.63214292352
5.67,-79.5066553192716,2054.55299141962
5.6705,-85.1543719732584,1775.34160360101
5.671,-85.5221619325238,1335.74824757952
5.6715,-73.0115327165033,815.925178424962
5.672,-47.3018656765987,317.893068891875
5.6725,-19.9638491574423,-41.8023424210757
5.673,-1.1931297947737,-225.88733947753
5.6735,7.35600894401501,-314.322061190462
5.674,4.6447142490124,-401.256420931497
5.6745,-12.0244298631,-495.303025451678
5.675,-37.0082219654336,-565.762545205023
5.6755,-57.1615558555266,-635.164516999293
5.676,-69.5330603921142,-756.420437122215
5.6765,-85.333335400779,-934.549869887485
5.677,-106.702094302864,-1150.23353637956
5.6775,-112.428514892273,-1433.13917290837
5.678,-81.963853386729,-1810.99379483407
5.6785,-26.1741667872666,-2185.89224308275
5.679,22.1773343550701,-2372.88797097808
5.6795,46.4303398585593,-2303.03039555792
5.68,60.1960464261995,-2098.89229596073
5.6805,83.3273962954642,-1898.9265482676
5.681,117.057939905885,-1697.36181252493
5.6815,146.785874094462,-1431.84420693144
5.682,159.744441519407,-1142.80917105961
5.6825,154.983766827791,-931.535645711835
5.683,141.571390886079,-806.85679451667
5.6835,129.913324999342,-693.473612325039
5.684,121.128652830893,-570.924518320803
5.6845,105.41114995219,-480.176903428196
5.685,76.1332964322651,-393.719662121185
5.6855,43.4329352292926,-216.676266958633
5.686,25.0159928228754,44.8790557602304
5.6865,23.4806722517426,245.815300303013
5.687,22.9347514553418,302.452178490089
5.6875,10.9398165222613,321.506238809809
5.688,-6.13491564623419,437.672272270254
5.6885,-15.0346115397929,616.389575088006
5.689,-14.0706811759232,732.670278633447
5.6895,-11.5969454983925,773.425585036308
5.69,-12.0061407616442,821.361770992664
5.6905,-12.7995950457399,873.159058996207
5.691,-13.6563130380581,826.742948519756
5.6915,-19.4077799105136,662.891020092326
5.692,-31.7033910080891,501.441131427114
5.6925,-43.0518731469503,430.328156337525
5.693,-42.8801084515523,395.039962660642
5.6935,-28.5592523594162,325.30386490227
5.694,-8.71995599217873,272.857116104812
5.6945,4.84198850928548,330.239517699122
5.695,8.17135194450852,477.774624800252
5.6955,6.64313257836707,614.623302694182
5.696,4.90798711776135,712.703523860086
5.6965,-1.10598017393344,838.674870163135
5.697,-17.7610226446218,1016.34630781868
5.6975,-41.5337354100341,1151.6051982288
5.698,-60.2488554407402,1132.47997058681
5.6985,-67.2684998411048,957.794133172977
5.699,-67.4915598889446,725.542495080174
5.6995,-66.645069350039,512.648160182485
5.7,-61.7887584564956,306.373171078282
5.7005,-47.8336989497417,67.2759811334949
5.701,-28.1976040061293,-164.796549917679
5.7015,-12.2082833468056,-273.50555366309
5.702,-4.43979991787965,-201.392561588232
5.7025,-2.28451724570562,-51.886056968216
5.703,-2.08297669238226,-0.560224787074645
5.7035,-1.92576896643395,-105.700811364479
5.704,0.607764836423393,-262.104165750618
5.7045,7.75117523490388,-346.276777895137
5.705,17.6471371889101,-330.055377407442
5.7055,24.6459584449089,-220.778196821988
5.706,24.2577058500378,11.4303290123926
5.7065,16.296777325151,350.055922737264
5.707,4.46517611259183,636.763122011002
5.7075,-5.36523620231195,693.592886204557
5.708,-9.20243167872763,547.706998372258
5.7085,-10.1956205328598,418.808331685595
5.709,-16.5034196733296,442.62648410803
5.7095,-29.8367563999565,507.632217115197
5.71,-40.0430832426094,436.448482488445
5.7105,-37.2940139160123,243.963063189058
5.711,-26.5483818832673,100.234436323787
5.7115,-21.9241243022197,68.4775276643767
5.712,-28.1747901419681,11.2444600314398
5.7125,-36.8698786988701,-203.419009158676
5.713,-41.4031686011904,-503.272000091914
5.7135,-45.5513190915444,-705.101851124022
5.714,-53.2479121370585,-757.410575232189
5.7145,-58.9986269207625,-789.853209630086
5.715,-55.0691970273273,-923.583341436661
5.7155,-41.670510414575,-1132.18985196427
5.716,-22.8662765569954,-1328.30952271205
5.7165,2.27388850650798,-1491.73650218059
5.717,35.7894872875462,-1622.44381592417
5.7175,71.0696056151109,-1634.58964545663
5.718,96.2986533637919,-1436.55982709076
5.7185,108.084247264411,-1117.21174100554
5.719,114.171089761734,-910.120913142994
5.7195,120.978576433865,-908.056090566787
5.72,124.795885732501,-922.761471457552
5.7205,117.975709130142,-723.982427487198
5.721,98.8618460554569,-337.323214912617
5.7215,72.7930251635334,10.8720033736597
5.722,47.6750207417493,188.742196437119
5.7225,31.4500189146785,260.246799173596
5.723,28.9020115057246,312.528201638741
5.7235,35.5926375308849,340.975175335895
5.724,38.0426988625703,345.566135121439
5.7245,26.4024307114858,398.160056328187
5.725,6.26115560353876,523.277536137994
5.7255,-8.45038368275359,612.855318604907
5.726,-14.9846866142296,573.011664927368
5.7265,-26.7294848044628,497.87443978813
5.727,-54.0966694630306,576.414359894815
5.7275,-86.5248920778796,836.455901625116
5.728,-102.035783087537,1083.93187640945
5.7285,-93.3736608273387,1120.23065282333
5.729,-75.9553686902531,956.062015949626
5.7295,-67.6681020398823,788.780187136574
5.73,-68.6416060752517,810.74134192602
5.7305,-66.0882519099367,1045.85522411039
5.731,-52.6040910328682,1327.91770162512
5.7315,-31.7158092386351,1431.54799267353
5.732,-9.10285138209191,1269.57083361
5.7325,12.0821419781469,970.037027541225
5.733,27.5254087789019,718.924700789596
5.7335,32.820000332965,539.631065424382
5.734,30.7177905176842,305.444917535636
5.7345,29.5668477643007,-25.2142943485502
5.735,31.3164130229707,-306.410918694718
5.7355,28.4252987144602,-413.325953851707
5.736,16.4500018230374,-448.387634664832
5.7365,1.64441895344181,-598.26301342219
5.737,-9.18762246357721,-837.522988107766
5.7375,-17.1684373842177,-957.026852477044
5.738,-21.3320635191293,-907.419178383959
5.7385,-10.0239681402714,-911.559145701691
5.739,23.3160287002907,-1112.35211754079
5.7395,61.2807305680344,-1273.19896131192
5.74,76.7432610677605,-1044.36369895062
5.7405,65.9233166015789,-466.678433216615
5.741,50.1399881971092,22.0909391875166
5.7415,41.9086663902526,111.747229309568
5.742,28.8231553234087,-55.9938626483461
5.7425,0.38908798352181,-165.394378495754
5.743,-28.2806041781203,-132.334708394544
5.7435,-37.1143537132953,-84.4983563191061
5.744,-32.6884664947478,-86.6692832970749
5.7445,-38.2169616085853,-88.2099156066681
5.745,-57.9732720630263,-78.6813021433319
5.7455,-72.9244403770534,-104.221621371977
5.746,-70.9141576744747,-146.661212900916
5.7465,-60.5454103538644,-153.787953286742
5.747,-51.5605828477229,-185.994076312516
5.7475,-40.7595738538292,-368.017391724221
5.748,-24.7071799677754,-681.27743490249
5.7485,-9.26137349108727,-964.812384389897
5.749,3.44150240761277,-1139.18333096832
5.7495,22.4037361486124,-1243.78139463714
5.75,50.4694390443533,-1207.78595228957
5.7505,73.1507431139663,-810.455539811274
5.751,78.3354978354871,-13.0952444873402
5.7515,74.9004611586693,839.369358867698
5.752,75.6096717437657,1334.04025182736
5.7525,72.4205381064944,1413.24037490554
5.753,49.2078934413836,1331.7916916693
5.7535,12.7830528676077,1300.65598632068
5.754,-11.4381610065039,1363.61058538695
5.7545,-14.7057552351362,1543.86214361368
5.755,-14.9985956631165,1862.73565769362
5.7555,-28.5657729720049,2189.65533411079
5.756,-50.9362083953408,2280.06786587939
5.7565,-72.0541555542793,2040.08595450114
5.757,-91.2409554109256,1622.95391447299
5.7575,-107.755837808772,1212.85255648225
5.758,-113.792268014316,838.658426737025
5.7585,-109.134233517795,450.514767099009
5.759,-107.714320836673,46.4390924434642
5.7595,-115.088533981044,-358.152440968966
5.76,-112.491229841263,-780.280356508232
5.7605,-80.6978162274261,-1199.85684822199
5.761,-30.0813365695678,-1521.47304389195
5.7615,12.2072890104856,-1690.47221489527
5.762,38.74424520253,-1781.01950318074
5.7625,64.7989078629325,-1885.63150609707
5.763,96.8782304711887,-1969.74255297451
5.7635,120.601922159405,-1917.96190847072
5.764,125.277716073999,-1690.36226200467
5.7645,121.678181705967,-1363.87587615328
5.765,125.08665955923,-1046.33107415144
5.7655,133.890742248094,-807.434259124189
5.766,136.281884862036,-666.479376984374
5.7665,128.914273604706,-589.243194343697
5.767,117.224075003151,-508.699997355244
5.7675,102.931386663795,-384.885616711214
5.768,82.9077967832356,-230.102762814842
5.7685,58.9794226749473,-67.5428095461529
5.769,39.2559366510114,84.6113816675389
5.7695,28.1176020947445,173.702521892243
5.77,20.9608649537828,138.418871453879
5.7705,11.0845085697881,23.5268229160592
5.771,-1.95638971706117,-8.63401755392196
5.7715,-13.6099462809305,145.313608172663
5.772,-22.812794416033,401.280742546534
5.7725,-36.3585893163417,608.557882413972
5.773,-61.9032385767381,733.753846290365
5.7735,-96.212085440121,831.227995683505
5.774,-124.519618495743,893.511772223267
5.7745,-135.364206993326,865.491887228432
5.775,-132.691927328493,795.30294712706
5.7755,-127.664939611105,840.555461481031
5.776,-122.011707144544,1087.19905408158
5.7765,-108.750818995578,1440.17725168727
5.777,-88.3777786398192,1715.3206846341
5.7775,-72.2554874216523,1774.99113466246
5.778,-66.0385616066126,1572.31045313553
5.7785,-61.1377431288849,1152.687040576
5.779,-50.2146356421009,646.775826445264
5.7795,-41.2942058606151,197.470484057331
5.78,-45.3493523907881,-141.456610210786
5.7805,-56.231201738344,-398.7657559704
5.781,-55.9175781036016,-586.995937004396
5.7815,-37.8853748076031,-687.027189646295
5.782,-13.6088233549135,-741.956309577873
5.7825,4.36783361643062,-872.919573874701
5.783,15.0607180309965,-1146.05796308759
5.7835,23.7342675395471,-1478.00769413963
5.784,35.5899374214596,-1720.86306246541
5.7845,58.4543723175429,-1802.14920498989
5.785,99.7623654707797,-1748.35914545222
5.7855,152.262023504214,-1615.34898266363
5.786,191.08867411668,-1436.96873721552
5.7865,196.15055549105,-1216.00137059518
5.787,174.379308155552,-941.922712556364
5.7875,150.647386898373,-640.338864151167
5.788,138.153323991579,-395.847134704416
5.7885,126.337782795654,-261.153799619585
5.789,98.0517762551091,-139.11328572637
5.7895,50.5447520935896,148.754358156163
5.79,-2.40675497240801,627.501197502229
5.7905,-42.7547811795318,1088.52633696354
5.791,-60.3946805531159,1320.05009975739
5.7915,-58.6170239107058,1351.47536728461
5.792,-49.7906134740904,1377.0078666733
5.7925,-42.2257201900472,1485.56769541518
5.793,-32.2649318277787,1578.42917398795
5.7935,-15.2985893420387,1541.89696869117
5.794,-1.64154112902566,1387.71323722058
5.7945,-8.53295439343043,1193.49115054798
5.795,-33.6580016506483,995.851533693165
5.7955,-51.7368303485608,802.518787056834
5.796,-47.0022299247709,658.623216598028
5.7965,-36.1033944259047,630.296042774745
5.797,-44.9682160018319,721.481933809555
5.7975,-73.7051754910091,846.167195378899
5.798,-102.000494563198,902.542655880002
5.7985,-120.462385152103,864.827537957405
5.799,-133.378816762983,779.392423681351
5.7995,-134.080487041742,661.66963312284
5.8,-106.178103697793,432.771007787657
5.8005,-56.0709412791095,13.3873915399957
5.801,-17.5409627336608,-527.941184166853
5.8015,-9.67181294589254,-998.987757948197
5.802,-12.1172712038862,-1286.35616615187
5.8025,0.632501073717218,-1460.57705017469
5.803,21.245319977281,-1634.32415213833
5.8035,28.6969760273651,-1805.59398589015
5.804,28.0739887336244,-1929.3484070374
5.8045,41.9495310403428,-2056.90482163866
5.805,71.0492993009941,-2255.586790889
5.8055,93.9976840195684,-2429.33062935851
5.806,104.152387560846,-2396.76021981695
5.8065,116.968712133741,-2163.20893202976
5.807,137.22941228196,-1924.41073735922
5.8075,147.223273986319,-1720.77716766119
5.808,136.415742787573,-1279.33563092213
5.8085,118.225992676293,-373.939007216991
5.809,105.626663512941,772.196472004088
5.8095,91.661902205586,1653.38174853102
5.81,67.4246486431019,2021.13041325822
5.8105,39.6956508026117,2071.33418743726
5.811,15.6178526519184,2094.6583477501
5.8115,-12.5830368655559,2143.83319426639
5.812,-51.0315503920005,2115.85009664036
5.8125,-87.991129231522,1979.29223595581
5.813,-111.861688859447,1779.04713737212
5.8135,-131.10207287719,1524.40791480021
5.814,-156.63439771737,1215.46275850525
5.8145,-177.027999074182,913.7606558763
5.815,-173.842360589725,654.023896463752
5.8155,-153.000226106407,339.853693740692
5.816,-136.770933934849,-129.823157590778
5.8165,-128.566591439348,-668.403843741049
5.817,-109.565845488392,-1097.8870529648
5.8175,-70.5372422788084,-1426.18858144568
5.818,-24.4294830733106,-1839.25328526013
5.8185,16.7615387670247,-2370.87372636203
5.819,57.3445059095104,-2770.66083325626
5.8195,102.596830872681,-2811.25104901578
5.82,144.207063999112,-2568.28419728097
5.8205,169.954676904349,-2240.65410571129
5.821,176.475110632708,-1818.87403846034
5.8215,165.347396280174,-1141.35812438896
5.822,136.781682183859,-230.124467918164
5.8225,94.6500063418314,651.746760860077
5.823,50.370299436941,1312.70661281844
5.8235,15.3250822710638,1824.72157446618
5.824,-6.85595035352934,2331.10120904606
5.8245,-19.3404706023521,2805.34617540885
5.825,-29.3074603298622,3104.81419463736
5.8255,-45.4699850645652,3171.25119562692
5.826,-70.3125565507931,3068.45590319409
5.8265,-95.3243423320777,2867.15547833155
5.827,-112.485855517321,2584.5906711028
5.8275,-128.150571541908,2220.55268783094
5.828,-153.433973305877,1785.23102610298
5.8285,-181.920509164587,1292.38714739823
5.829,-192.109917268324,760.13338945605
5.8295,-175.011256112648,209.261902259566
5.83,-144.735702590402,-355.567438227476
5.8305,-116.279977397498,-936.54903879698
5.831,-86.2719493309768,-1498.0091896598
5.8315,-43.0338764943393,-1961.37760151963
5.832,15.8969125278076,-2258.99886420684
5.8325,84.0907484727347,-2366.92805929621
5.833,153.4813168015,-2296.45083135351
5.8335,212.649893581311,-2110.16250224329
5.834,246.694008054643,-1932.65237662059
5.8345,248.436338458024,-1851.52760320533
5.835,225.759789627765,-1795.95802312816
5.8355,193.742561387926,-1622.22335395571
5.836,165.470573917232,-1351.44804824761
5.8365,151.213449561021,-1187.77739664167
5.837,154.140002744377,-1216.38690355815
5.8375,161.228792505668,-1208.31404549413
5.838,150.207970973886,-861.130562248315
5.8385,113.302536183851,-163.256960430855
5.839,64.994260706868,607.010443918665
5.8395,21.3971100873242,1185.44900361438
5.84,-15.3184445224629,1492.76638310461
5.8405,-45.3190286300525,1556.59625499992
5.841,-59.8026432397711,1428.59772466015
5.8415,-54.2754281387062,1186.49210225303
5.842,-41.468854214114,895.78220675799
5.8425,-37.5413817414641,567.188572454369
5.843,-44.7061082441395,254.631731089053
5.8435,-59.2347030106428,153.574671975598
5.844,-84.68643163163,432.228401618388
5.8445,-121.393172233051,955.155476469448
5.845,-153.000217786284,1352.79595958669
5.8455,-162.069928548396,1425.06803108061
5.846,-152.898922014042,1323.8816705933
5.8465,-141.372049783316,1264.75446065451
5.847,-128.209737348111,1217.89172353544
5.8475,-102.021609419846,1010.14572223884
5.848,-65.7041099721319,615.040859308888
5.8485,-38.6642732804721,187.871864711144
5.849,-31.0296555159619,-136.239787475765
5.8495,-33.8912759803476,-352.261713641844
5.85,-38.1138191134653,-514.22790937575
5.8505,-45.5242993274903,-649.610608649154
5.851,-56.5427691239362,-737.050705662329
5.8515,-62.7098448658748,-714.72697747433
5.852,-58.9193390695279,-541.957842254221
5.8525,-50.5121416567934,-296.017676732387
5.853,-40.6985928361335,-147.308921795788
5.8535,-21.3060254515362,-176.71593832287
5.854,15.476334269901,-284.954798162027
5.8545,61.8691190315606,-356.179298922393
5.855,97.098426367717,-426.673581638283
5.8555,103.828095090734,-579.39149955378
5.856,83.2871816521944,-749.689657270372
5.8565,58.0546775810854,-798.66143872209
5.857,54.5730259326063,-753.375120119637
5.8575,74.5564375914435,-798.79724897902
5.858,89.9257959660678,-1002.31059255692
5.8585,77.6348917991791,-1206.89807237784
5.859,51.8328287352532,-1266.83205902976
5.8595,44.3344085286273,-1249.34171656592
5.86,59.5879771744886,-1293.5384670583
5.8605,72.3932104680872,-1371.67531389872
5.861,69.0593118382764,-1328.41235751191
5.8615,63.3674715872645,-1109.342559392
5.862,65.0048340067575,-811.911495299353
5.8625,59.5412213268444,-512.545637386455
5.863,34.5384119896909,-176.776994043336
5.8635,3.13904800406722,212.326524593101
5.864,-16.7332128663963,546.44246517958
5.8645,-28.9486749056589,706.925423801322
5.865,-45.3325388589145,733.670940137359
5.8655,-60.107185715675,779.068810724292
5.866,-60.0755343148051,907.751450572672
5.8665,-50.1368973212964,1037.90519465805
5.867,-46.4042697198228,1089.80222777513
5.8675,-49.6295401383985,1087.0119953863
5.868,-46.2328813053673,1066.77242620153
5.8685,-32.6327507796814,1003.10671670675
5.869,-18.7139076102336,918.502272183313
5.8695,-7.55164172584958,978.940402535685
5.87,9.7143456030615,1317.15941470819
5.8705,36.0540346855184,1784.4022349483
5.871,60.5661777168704,2044.55333470764
5.8715,71.3829088995416,1948.28533015166
5.872,64.5143032640191,1671.94904702132
5.8725,38.7128677853414,1440.57314654821
5.873,-5.24405652104331,1268.62702678591
5.8735,-56.753037796384,1061.87852071759
5.874,-97.9487983009502,821.376822251798
5.8745,-118.520068421641,598.464272347007
5.875,-121.516669683816,350.932720175366
5.8755,-114.868372548137,7.27042038531191
5.876,-105.603107522154,-384.142418487694
5.8765,-100.645926563139,-714.374662488041
5.877,-101.957375287715,-965.805681565015
5.8775,-100.395521525349,-1158.33018440356
5.878,-84.5754014322502,-1215.53511602905
5.8785,-55.4208704950184,-1080.53596158064
5.879,-21.6407593094125,-924.68099625132
5.8795,16.3774234621678,-1002.88931236724
5.88,63.4581747479362,-1274.13967702009
5.8805,111.451125063091,-1400.26833190657
5.881,142.095834771547,-1198.74544880622
5.8815,151.308882898294,-872.647263751494
5.882,152.417490722822,-671.618665708226
5.8825,149.316727054206,-543.482388061987
5.883,126.758540656597,-308.071252897002
5.8835,79.924610304159,-0.866568778184064
5.884,35.4443193609351,193.66364892049
5.8845,23.6322629630574,247.151409977051
5.885,40.1301813855689,281.628097925633
5.8855,54.113407318341,310.026045933084
5.886,48.4096914227139,229.876476370337
5.8865,32.7391030440073,80.558522810337
5.887,20.048889172592,65.3074986013
5.8875,9.2248024157549,245.49037598772
5.888,-5.63259047541706,408.580950655773
5.8885,-24.7739418653577,341.589378581357
5.889,-47.7404491124108,81.4332756023373
5.8895,-76.6378934571116,-218.544069914718
5.89,-107.318354805311,-537.29397728571
5.8905,-126.222175340627,-955.543985249693
5.891,-123.891198409674,-1450.99984703925
5.8915,-106.38652717083,-1864.39889868365
5.892,-86.4154062652115,-2054.96229822226
5.8925,-65.9236810741537,-2006.01158639517
5.893,-33.5378665152805,-1801.67393165332
5.8935,20.1664874701655,-1570.08239297719
5.894,87.6531365459468,-1421.24883016314
5.8945,146.943815932991,-1373.36707127219
5.895,181.325111510874,-1356.70471004696
5.8955,195.94817510102,-1319.55530764002
5.896,208.804966584078,-1263.12529582147
5.8965,222.449415085482,-1117.87033245
5.897,214.258887768342,-691.061716640235
5.8975,165.395080619769,125.164095097296
5.898,92.5486461855548,1142.00553106088
5.8985,34.2357409904293,2020.3564292126
5.899,5.48339289446199,2622.07215078526
5.8995,-16.6804617177547,3073.69411770492
5.9,-57.8458629040365,3478.37371757654
5.9005,-113.756367720973,3741.40919794814
5.901,-163.221223732615,3751.35610235296
5.9015,-197.471229412439,3572.21283232984
5.902,-220.990240724806,3325.52740163728
5.9025,-234.914246459445,2993.10722425646
5.903,-238.856066408188,2493.82022364082
5.9035,-242.532298064331,1893.77211557972
5.904,-254.854630591041,1364.74493347674
5.9045,-263.530852486143,930.051245749054
5.905,-246.41611367359,411.134786815382
5.9055,-204.322405365929,-310.301112761585
5.906,-160.256074556229,-1085.83454306724
5.9065,-120.461061656475,-1639.25143785133
5.907,-60.6170088460276,-1854.53697989854
5.9075,34.7404961113212,-1853.86794764683
5.908,139.385808369286,-1825.41796827842
5.9085,212.291503546109,-1849.31450234652
5.909,243.328992195344,-1892.195497692
5.9095,250.306197080241,-1905.03442725845
5.91,241.958253277882,-1877.53923026212
5.9105,211.693769436524,-1806.75145104639
5.911,165.42560574533,-1662.53479940233
5.9115,126.85938266078,-1431.09208747659
5.912,108.018623921147,-1187.67970759438
5.9125,96.8991927864201,-1067.21673409255
5.913,82.6116731872019,-1122.6958881216
5.9135,70.836226675017,-1242.96111563639
5.914,62.5719023000067,-1251.12264850403
5.9145,40.0948969672397,-1065.44691285169
5.915,-5.67887883917201,-738.968189925916
5.9155,-49.8005722573631,-384.82876935694
5.916,-59.4910008619059,-102.779873342516
5.9165,-38.0379419721221,85.2274336128189
5.917,-19.7034868322771,304.982839700362
5.9175,-24.6310798018517,774.838168828271
5.918,-41.9032335081562,1563.64762924341
5.9185,-57.7718327721506,2435.38328265586
5.919,-76.1437027552676,3059.14034070828
5.9195,-102.318472211673,3344.13673272559
5.92,-126.120884879108,3416.54956921926
5.9205,-134.688897179326,3307.38125231024
5.921,-129.742650147524,2917.60501685654
5.9215,-120.361711119287,2354.14835615062
5.922,-108.439106068652,2009.13984804124
5.9225,-92.1760320227737,2084.90238741606
5.923,-74.5686503837236,2228.92431616976
5.9235,-56.1707532037073,1913.18090002897
5.924,-27.4234627737808,1084.38767963436
5.9245,17.8138588481139,172.718466501077
5.925,66.4399617022357,-496.52913814979
5.9255,98.7003668439231,-1009.67322626737
5.926,114.195716772673,-1555.98437980702
5.9265,130.152939285724,-2098.20778032641
5.927,152.914842428099,-2480.57036365847
5.9275,165.969315981957,-2669.64631783052
5.928,151.34920303317,-2744.56062788162
5.9285,111.76910609715,-2777.40809598073
5.929,66.4130339800318,-2837.68100763935
5.9295,34.6799025353731,-2994.32126290692
5.93,28.910888718843,-3196.74512302374
5.9305,51.4249673250448,-3258.66303627804
5.931,88.9764752706504,-3076.55522893497
5.9315,117.760641300656,-2774.68009144366
5.932,124.211665325948,-2524.86897595238
5.9325,116.786877016314,-2316.78428189757
5.933,109.934345256881,-2032.72737831844
5.9335,103.22512463944,-1669.7635140788
5.934,87.0172340253302,-1342.61547258407
5.9345,63.0388290922813,-1105.00879298243
5.935,44.5209306017178,-892.799359018104
5.9355,36.0304935668627,-627.780071302728
5.936,27.5630399696871,-294.487031937086
5.9365,12.8593617396099,49.1471613951097
5.937,0.892949935035788,278.613483337045
5.9375,0.718453470072437,315.54590154556
5.938,3.21102505268537,333.845205911676
5.9385,-11.8813752483171,732.058049037939
5.939,-52.9201859929902,1721.398693054
5.9395,-106.999267928944,3006.42713207485
5.94,-152.725644952866,4060.34139223412
5.9405,-178.718337809437,4672.37280632812
5.941,-191.024031430657,5023.66796580152
5.9415,-205.026328693326,5262.9443345379
5.942,-228.832997686699,5278.85614789937
5.9425,-254.260672329185,4956.70901614653
5.943,-267.31619442863,4412.97652376054
5.9435,-266.602009547647,3830.97331217217
5.944,-264.79420268214,3231.5895537259
5.9445,-271.727543015839,2551.31246318694
5.945,-285.107237576754,1813.21886496261
5.9455,-299.48773197222,1065.0358809274
5.946,-310.825993316811,241.809869733427
5.9465,-304.059656909268,-754.844336590905
5.947,-250.210194786897,-1887.14869384995
5.9475,-133.229022637399,-2999.87455895859
5.948,24.3374535339043,-3946.32503997067
5.9485,176.660886523765,-4587.83834600961
5.949,293.366947222983,-4748.52008800088
5.9495,370.884149500358,-4335.75798474741
5.95,410.85185395087,-3507.18990940062
5.9505,408.037068849872,-2602.5891863277
5.951,364.834841505516,-1888.96110717977
5.9515,301.316092232021,-1418.52574057032
5.952,240.851048811927,-1083.83063604494
5.9525,193.968750113547,-716.129873457023
5.953,161.058726773176,-172.39952535331
5.9535,140.380846872599,549.106282065869
5.954,127.025004039876,1273.02782469303
5.9545,113.576253343993,1808.36436860596
5.955,98.8602015754675,2127.81520317822
5.9555,88.2660843722245,2301.96652431105
5.956,80.5794493436414,2303.03535844121
5.9565,64.7494672872985,2019.62707543864
5.957,36.493401649742,1468.97147680602
5.9575,7.78350606755385,840.55296673765
5.958,-8.58378229904238,274.145144948809
5.9585,-14.5518246910297,-279.680679867811
5.959,-18.6514348240908,-900.349293778312
5.9595,-22.5217801396318,-1503.71405295251
5.96,-25.4586917274828,-1916.63024110914
5.9605,-31.8520127805367,-2092.77786088346
5.961,-41.6669125152686,-2150.15208704016
5.9615,-42.7538628888964,-2201.05400733484
5.962,-26.4135032082604,-2220.71467331878
5.9625,-2.53521585849409,-2101.46940605951
5.963,15.0847516961099,-1796.46735252478
5.9635,29.7982593678055,-1387.1464263568
5.964,51.2640703924936,-1011.03060886229
5.9645,71.3897835553202,-722.725080123763
5.965,72.1721120799151,-435.804703614461
5.9655,53.4928237801132,-23.8399750362381
5.966,30.4215330574875,524.722162841174
5.9665,3.5055684821309,1078.32580353471
5.967,-43.7428324860415,1483.04041987555
5.9675,-113.00575128028,1678.03045907731
5.968,-180.043444791386,1697.79092051843
5.9685,-224.191031746533,1611.53470853456
5.969,-248.766357405655,1480.47964547744
5.9695,-262.649763203886,1341.8343751601
5.97,-262.388965748017,1211.61845334614
5.9705,-245.876037461983,1110.01951906034
5.971,-224.28106979617,1071.08705459321
5.9715,-203.229977670581,1096.43189345183
5.972,-168.780791688304,1112.2707836918
5.9725,-112.224574561845,1020.10030497215
5.973,-55.4140560332519,795.367539917816
5.9735,-28.0123242913637,502.185612552713
5.974,-26.8619035381747,217.084419474786
5.9745,-20.8801915437343,-18.8793741827775
5.975,6.65777478480073,-178.760256447484
5.9755,42.5071762616421,-233.215997037598
5.976,70.1873375498525,-166.360713481631
5.9765,90.8165359735019,17.5829231257806
5.977,111.647271237563,284.666322034293
5.9775,131.094594443423,532.79554379351
5.978,143.575321501224,608.892076875909
5.9785,147.289454029077,443.640319016729
5.979,139.652711411452,144.328903703566
5.9795,114.374826804958,-132.342510186726
5.98,70.7890825613137,-376.583230279411
5.9805,21.0247871249309,-694.074138198739
5.981,-16.2937708419794,-1102.25205801856
5.9815,-25.8775145388092,-1491.02319836965
5.982,-0.632743206795856,-1789.59461065758
5.9825,53.5579277009749,-2024.72477536168
5.983,115.033082481657,-2182.79069700352
5.9835,157.129152908479,-2171.89818886864
5.984,167.525008223093,-1988.82104017501
5.9845,153.898026518028,-1780.9366612969
5.985,130.966399903952,-1660.25930408654
5.9855,108.985474843137,-1585.15903834334
5.986,94.3324767264871,-1492.44016056323
5.9865,90.1135087759334,-1370.63384669512
5.987,91.1610421921435,-1092.41011848665
5.9875,86.125690221217,-388.845173109435
5.988,69.5695400689533,783.574713545972
5.9885,46.7817822403434,1985.42966096878
5.989,24.4812931899219,2660.17767031862
5.9895,4.06214999548042,2701.8282468594
5.99,-13.2496613108078,2442.5716490723
5.9905,-23.2112623679831,2154.25453635944
5.991,-25.5161525718728,1839.34147380241
5.9915,-26.7529639642119,1487.98814984449
5.992,-31.6719836094698,1210.63347315721
5.9925,-38.6586440464139,1020.45190744357
5.993,-48.4749700575586,760.516695917746
5.9935,-68.5329734284133,393.881798712929
5.994,-100.598659603871,141.524740714481
5.9945,-131.418540845139,162.44719863323
5.995,-145.139394053657,288.510774720213
5.9955,-141.034911148106,274.18262755047
5.996,-130.887368078894,153.846559497667
5.9965,-122.833157689106,125.861299540856
5.997,-116.250970560108,191.939631136839
5.9975,-109.112847909028,162.457044042411
5.998,-100.703337658185,-22.2100622104161
5.9985,-88.1548723501245,-220.029141405684
5.999,-69.0821013409658,-351.106067847438
5.9995,-48.0257586664406,-507.132520893363
6,-33.2671261191821,-727.202368155195
6.0005,-27.2863916056575,-855.241977060445
6.001,-26.7949028736461,-743.222759030476
6.0015,-30.8874146663716,-475.228254015692
6.002,-40.3160460154991,-265.314113162904
6.0025,-47.7264916063839,-207.728309509353
6.003,-38.2999548634789,-240.975794342946
6.0035,-5.57895642490121,-301.87530820024
6.004,38.5426020841598,-384.19336945974
6.0045,74.3345131115131,-451.658950241207
6.005,91.6853770156833,-414.500340215652
6.0055,94.0364559942011,-236.53945847349
6.006,88.4199466915889,11.7547028596494
6.0065,76.2461575719222,258.794511794943
6.007,54.2189588187033,530.936684352802
6.0075,22.7743967127929,875.797476420493
6.008,-7.50712037206385,1220.46262223309
6.0085,-20.6582701406772,1395.35229149741
6.009,-9.56228618662773,1312.97513378518
6.0095,16.0463260627308,1054.77987434336
6.01,39.3191686152766,756.62005729515
6.0105,51.7240046181901,476.651947398489
6.011,53.3375536077706,218.050647834071
6.0115,41.112510329182,7.28433086700205
6.012,8.615659913469,-133.981677120901
6.0125,-38.6643134189791,-251.037894132672
6.013,-78.3955269943116,-394.867870090425
6.0135,-91.3193434558188,-519.827864231833
6.014,-81.1748428506287,-545.091070577708
6.0145,-65.9356360381332,-517.035024518498
6.015,-52.8663233684231,-595.373520322712
6.0155,-33.0446300618657,-839.881428865775
6.016,-0.304413582298972,-1110.855328734
6.0165,36.4542677620717,-1243.34190458432
6.017,65.3149210334353,-1241.99574304555
6.0175,86.9272891988974,-1229.98540424683
6.018,109.54903210864,-1265.31389486204
6.0185,133.009358175609,-1294.70314044897
6.019,146.969656444922,-1261.09047892247
6.0195,145.020142388646,-1175.48986043166
6.02,132.709284492719,-1079.64940758434
6.0205,119.257798271384,-990.392498500143
6.021,107.276914835936,-891.254399803176
6.0215,94.2571055382178,-754.353422846229
6.022,79.5760060873763,-570.253005524481
6.0225,65.094342776514,-365.534126345499
6.023,51.2485127171225,-179.081381311752
6.0235,37.2055307369374,-22.7749531950683
6.024,23.4899741854914,108.593034331222
6.0245,10.1865901952937,203.756142935694
6.025,-5.92901411664004,268.914725738611
6.0255,-27.0882962143011,386.656860592888
6.026,-48.1036218377047,647.390856491435
6.0265,-61.0354884894215,989.484190615317
6.027,-67.634391056626,1203.39873117699
6.0275,-79.7492435595715,1168.25899267245
6.028,-103.152470060758,1018.94840403796
6.0285,-127.365262641458,996.407600534819
6.029,-137.856328546759,1173.0188793075
6.0295,-133.321908688376,1401.58340046233
6.03,-122.796212136751,1505.90410998559
6.0305,-109.202337751987,1449.0222369956
6.031,-86.7365060747659,1327.72731546818
6.0315,-55.7843663502816,1258.44157739092
6.032,-30.059079766581,1261.8019633031
6.0325,-22.9822294342959,1232.58746408624
6.033,-32.4987381553761,1054.29747472101
6.0335,-44.6208433672456,759.017961676425
6.034,-48.4305899210754,503.404773372929
6.0345,-43.4626055907285,349.177025503658
6.035,-35.5842775674914,166.327588766431
6.0355,-29.7640232543,-161.121766045678
6.036,-24.8495780029638,-525.945680770891
6.0365,-13.3754662059404,-722.376842807626
6.037,9.55723138736561,-725.650011334022
6.0375,35.1972587284571,-709.58841452015
6.038,45.9101946384001,-807.53273135324
6.0385,36.9053269585871,-984.338274581922
6.039,26.688504011739,-1133.0812384885
6.0395,36.4336298125974,-1162.33709249598
6.04,62.5903939883256,-981.138566507702
6.0405,80.6317823063162,-545.814308088065
6.041,74.7533433708644,21.4734098023793
6.0415,52.6213928304863,468.828229578516
6.042,30.0762247498995,635.932570407442
6.0425,13.98387601436,577.931807212557
6.043,4.70315011795665,443.856922996724
6.0435,2.95682816043339,315.011632098635
6.044,4.91294036446445,196.9808070138
6.0445,-0.953651945379814,81.6413787590052
6.045,-21.3645970917914,-42.467647165463
6.0455,-47.2927299084914,-184.778706730962
6.046,-64.3145218943665,-317.28805259091
6.0465,-69.0413015189519,-398.754240691773
6.047,-65.9502499838126,-461.793779105348
6.0475,-53.4758883858499,-608.791375389136
6.048,-26.3416617460731,-880.284169608712
6.0485,10.4625866589914,-1180.35849749446
6.049,44.3718863981666,-1365.58812224078
6.0495,73.2735419585924,-1361.57915330344
6.05,106.631147186673,-1180.02740771819
6.0505,144.253161865826,-892.373503710485
6.051,168.335388522546,-611.959181213603
6.0515,165.760438135491,-425.620870732351
6.052,146.713979769627,-302.398477471418
6.0525,128.99353356075,-132.96913354516
6.053,111.934118400219,110.260234851433
6.0535,80.0302283753501,326.253013943835
6.054,28.739492259923,435.941958246499
6.0545,-27.3593312005884,503.012488013169
6.055,-72.3332763857081,654.659060412025
6.0555,-102.842521374575,946.235006076729
6.056,-122.815005527126,1343.24123672505
6.0565,-135.79319529818,1757.78041330711
6.057,-146.616916774249,2050.12938772056
6.0575,-160.603794469435,2078.44330960821
6.058,-174.815216402968,1826.46867528192
6.0585,-177.352335956294,1431.59687511625
6.059,-161.353100745551,1032.81456133773
6.0595,-133.955171192165,653.471669660035
6.06,-106.353798480016,277.944250632468
6.0605,-81.6279817131619,-56.9891338900565
6.061,-58.5718732076242,-335.697986051273
6.0615,-39.9879881378315,-639.077901343506
6.062,-27.240590316079,-1030.14521621921
6.0625,-11.5554854554826,-1424.34750232158
6.063,17.3557955930678,-1689.79561207342
6.0635,55.3666830199367,-1824.28875465749
6.064,88.2152118795835,-1903.00550569095
6.0645,112.360743492905,-1888.04081862152
6.065,139.303970248009,-1644.26143231023
6.0655,174.921251388055,-1157.43394243775
6.066,205.81982628944,-602.613623618969
6.0665,213.975735738606,-154.628151757315
6.067,196.848982817264,167.248500550337
6.0675,164.87932169391,425.038414743737
6.068,126.384901179796,628.19059249732
6.0685,85.1407468169589,736.379061688366
6.069,47.4093261770832,735.298998304053
6.0695,18.7010675030132,650.115626852862
6.07,-5.18967185894205,511.718216537196
6.0705,-32.0116457080854,344.253573773636
6.071,-57.0277653646743,166.742123209746
6.0715,-65.0206235455073,-7.59539843073638
6.072,-52.1190275286401,-157.258617711683
6.0725,-34.8148379354788,-249.119577907752
6.073,-30.5292851930345,-284.932439337476
6.0735,-37.2718356151642,-333.046784516538
6.074,-40.029535540727,-455.577297692117
6.0745,-30.9620620413946,-607.958473452804
6.075,-15.1602661830243,-673.270326337088
6.0755,-1.18428631421233,-603.786272484986
6.076,5.41957059654524,-469.613892985391
6.0765,2.11933395071169,-355.27564628999
6.077,-8.40425895155013,-267.407366508471
6.0775,-16.9831619428929,-166.298908699104
6.078,-16.1603168554616,-36.1686161779426
6.0785,-9.26869503193684,106.491852485492
6.079,-5.38549123004479,241.140763939435
6.0795,-6.94643031504401,359.599138387547
6.08,-9.59972664186107,479.246155656817
6.0805,-12.8306882077701,644.37966541914
6.081,-21.4601572620746,884.590499068645
6.0815,-35.4795905618244,1173.52787312579
6.082,-47.4424323695329,1459.34317348277
6.0825,-53.3960686846284,1719.22387109161
6.083,-59.2127648375475,1938.1120711689
6.0835,-72.1561629496946,2057.92154755686
6.084,-91.9736383393597,2021.55855176376
6.0845,-113.595952482942,1862.01819111217
6.085,-132.471850676537,1668.22133802848
6.0855,-143.339619322835,1455.48572903361
6.086,-140.084850766955,1154.19337910481
6.0865,-122.475555391164,746.186472528422
6.087,-98.7590285541138,322.481285519142
6.0875,-76.757589097008,-33.7209197827598
6.088,-56.3417312449683,-337.380431533996
6.0885,-34.7480088164913,-623.134602192419
6.089,-13.9338011765009,-857.850715021148
6.0895,3.35091284096701,-1005.5148368973
6.09,20.287239893805,-1115.83725228462
6.0905,41.6170785071123,-1258.5888435379
6.091,65.1983668282125,-1403.24951442178
6.0915,84.4740220651575,-1448.60765858411
6.092,97.2403796748177,-1359.305896854
6.0925,105.656441851432,-1201.45157799559
6.093,109.640271593021,-1048.08758244753
6.0935,107.244958022936,-915.621102348286
6.094,100.430220902291,-798.317365717087
6.0945,93.3377199066406,-704.637350217334
6.095,85.039474253938,-639.158175256827
6.0955,70.9274010699297,-589.739449185542
6.096,51.9283270273179,-552.763761653221
6.0965,35.8363913000889,-543.514020055764
6.097,28.2397564348909,-566.07216264954
6.0975,27.8492852753032,-594.081062029141
6.098,31.6690175713586,-596.447467743629
6.0985,38.4228960501208,-570.813033435709
6.099,45.2760891276177,-541.701324997428
6.0995,48.0179838351417,-531.319299456852
6.1,47.8503354843382,-538.482323714554
6.1005,52.1867759924044,-546.089583273416
6.101,64.4114698503721,-545.083244566414
6.1015,77.2142119271043,-539.826285431081
6.102,80.5342820055006,-522.352922462626
6.1025,73.015680168558,-458.649662558695
6.103,61.5651376461874,-326.7527538886
6.1035,51.994519808379,-161.366516198657
6.104,44.0868894913601,-29.062274961407
6.1045,34.7954302097639,42.2748949383742
6.105,23.2403712349938,81.5364631434264
6.1055,12.2541092037673,125.911453117171
6.106,5.15414416554187,190.587179334004
6.1065,0.0134242854155811,284.386532422084
6.107,-10.855344801553,408.400569289335
6.1075,-31.3522287242593,529.30693100674
6.108,-52.9066058584316,598.650290937385
6.1085,-62.3004017422929,611.086788658168
6.109,-58.651439784227,602.030030266273
6.1095,-53.9894067270756,586.108192904047
6.11,-54.5544523379943,558.824871104641
6.1105,-52.7764519953291,565.376190409611
6.111,-45.17940734045,679.474388804571
6.1115,-46.6723798669448,871.808254915326
6.112,-72.3575531122558,984.540918408061
6.1125,-110.574387528837,909.675133304336
6.113,-130.926073669978,734.686253409589
6.1135,-120.033514535579,638.381639496018
6.114,-94.1585851252868,692.660106085265
6.1145,-72.6434757524519,839.69332007582
6.115,-54.6292136188759,1005.57588916027
6.1155,-31.440585375199,1136.67861901484
6.116,-8.62779044646284,1166.93414979564
6.1165,-0.58974285851301,1069.85968007441
6.117,-9.49544030813037,934.154179066629
6.1175,-24.1838194629525,876.499976720876
6.118,-37.8123833194857,877.520748671063
6.1185,-52.8079303018483,814.927241532534
6.119,-68.0288586855858,665.307205869499
6.1195,-75.4197199591574,539.748700433807
6.12,-74.2071115756804,476.885583623524
6.1205,-75.8460956961508,338.077212315185
6.121,-86.3560853917433,3.57674588513152
6.1215,-92.8950357005284,-427.784679740482
6.122,-78.3377144252127,-754.485454902041
6.1225,-43.8808757455927,-928.986507829934
6.123,-6.84669540618239,-1073.8722790287
6.1235,21.0245386211352,-1263.51987779942
6.124,42.8735521945226,-1414.33703942025
6.1245,65.468497519165,-1418.16038917881
6.125,89.2490506091866,-1291.32027893121
6.1255,111.468471978724,-1140.94876155587
6.126,130.020087660666,-1036.71618000223
6.1265,140.371307731932,-963.254457363832
6.127,136.349929724101,-871.628410685027
6.1275,119.065581646227,-739.288209695713
6.128,99.479364019133,-588.120965524871
6.1285,87.1257720587236,-464.55156899684
6.129,80.5684585244036,-396.736214684576
6.1295,73.0423196351743,-363.001859316879
6.13,62.3167317601144,-312.406783389787
6.1305,49.6009722475545,-221.969495927097
6.131,33.6711694449385,-121.436181807232
6.1315,13.4347356322977,-56.3769177469911
6.132,-6.32656335368585,-40.0916172021532
6.1325,-18.7768656932432,-48.3333102279954
6.133,-23.0836446615789,-48.343942979622
6.1335,-22.5312334831816,-24.265697772617
6.134,-16.8676627112761,15.3958518620577
6.1345,-4.46002041561938,45.1124990696974
6.135,8.74033559200269,43.9743516560161
6.1355,11.6784346132122,19.074799380875
6.136,2.16201778031246,2.0632131835732
6.1365,-9.20121951832774,14.9988825934398
6.137,-12.5770997917537,47.4046300466468
6.1375,-9.91318690213374,79.37324174074
6.138,-8.13128245941851,120.380483446397
6.1385,-7.52778268532886,202.955546698204
6.139,-3.4510251198351,331.499378042697
6.1395,4.02270591623379,458.68069071828
6.14,9.09771239904462,531.532045509708
6.1405,8.46904069984751,548.748434097864
6.141,5.1087755452963,549.743307958138
6.1415,2.59073220753098,555.156012861454
6.142,-0.99947922746941,547.934892658998
6.1425,-11.2070153554122,512.861152824236
6.143,-29.4959445702411,458.265898456007
6.1435,-48.291673598601,385.878407781793
6.144,-55.5339449262534,276.634223905956
6.1445,-46.2825089416326,133.427961471174
6.145,-28.862288688349,6.35442119718753
6.1455,-16.2707502597696,-62.3865576758098
6.146,-11.9036796915424,-97.855617158784
6.1465,-7.99213025020748,-157.307492050234
6.147,1.83351764095128,-252.776750476067
6.1475,14.4974473536942,-351.739684287843
6.148,24.2397078710112,-438.479951007574
6.1485,31.1302015871032,-518.495415663804
6.149,37.9751661192779,-567.01831919593
6.1495,43.3236610224294,-540.736331023415
6.15,43.4438745492467,-458.272017550517
6.1505,38.5366361898931,-404.882967638253
6.151,31.5223946175973,-419.883879570625
6.1515,22.8747543250627,-430.298638591145
6.152,12.2224865751135,-344.713946843664
6.1525,3.10334222505739,-177.662406791888
6.153,-0.412670035019039,-28.2127341826859
6.1535,-1.31745129933841,44.9386200944405
6.154,-7.2985407067199,76.0453776545103
6.1545,-19.7880733538222,127.343926151614
6.155,-31.2527066167555,217.16529402491
6.1555,-35.4082292480497,318.423526960481
6.156,-35.0295956660708,396.048596128742
6.1565,-36.6439984999466,433.830699616697
6.157,-41.405839785864,437.421989335444
6.1575,-44.9499952528139,414.828576457423
6.158,-44.2500021103659,355.151263982115
6.1585,-41.2022782798924,243.906218920238
6.159,-39.3881149431656,102.543634924212
6.1595,-38.6774464635745,-19.5284715772117
6.16,-33.5385308104856,-107.696234812604
6.1605,-17.77730777794,-198.597976255332
6.161,7.60790321857203,-307.512199212032
6.1615,32.3777590980125,-383.308841792799
6.162,45.2721616082267,-378.095736245741
6.1625,43.7490155959275,-316.353777552323
6.163,33.3698293011601,-231.479825016346
6.1635,19.1735565041363,-71.9933552315045
6.164,1.78932060165408,239.521530525181
6.1645,-18.5516005976919,661.900993665998
6.165,-39.3062029625353,1040.28520460816
6.1655,-58.0296577856482,1270.88404437305
6.166,-73.0516240734891,1381.96127940392
6.1665,-80.5604457828566,1432.08582144461
6.167,-76.2564795426934,1416.90559479734
6.1675,-62.8527605502198,1321.07593148179
6.168,-51.3890982317574,1181.6894001805
6.1685,-50.7926492145277,1034.82030187383
6.169,-58.8330189826751,860.025060259052
6.1695,-66.9651707354878,645.6638324859
6.17,-70.9656604811081,451.768861889922
6.1705,-71.918833540625,323.015343771937
6.171,-69.0283559686334,180.833934423935
6.1715,-58.1772362941002,-97.6335280089604
6.172,-38.7751304584891,-504.107548746851
6.1725,-16.6780765596892,-894.624618678068
6.173,3.05222448768875,-1162.63239573693
6.1735,23.4280033434326,-1326.65479390567
6.174,51.5050653285759,-1430.2881675512
6.1745,87.1777889594852,-1452.78620347187
6.175,119.403294277675,-1372.23479881179
6.1755,136.073509629296,-1245.92081174162
6.176,136.752304143124,-1156.13483636358
6.1765,132.7789290577,-1109.38990327862
6.177,133.965166309108,-1047.97496256523
6.1775,138.143066125265,-942.698572073813
6.178,136.35227950609,-825.060882334529
6.1785,125.614624018958,-737.047051732007
6.179,111.865482801101,-689.129416089008
6.1795,101.221868403923,-664.287999563592
6.18,94.1374542764352,-633.764326430989
6.1805,89.3076146121881,-572.882482510848
6.181,87.2907885894169,-484.795829711835
6.1815,86.7078587725011,-403.178851281168
6.182,81.7402139304915,-353.691164250099
6.1825,68.5283774277595,-323.384575932131
6.183,51.1332770492215,-284.396307578539
6.1835,36.0809288019149,-230.5610705918
6.184,23.1118918318956,-169.32679453706
6.1845,6.74507886090458,-96.3300049684375
6.185,-14.2439593951651,-5.16948602871613
6.1855,-34.8351077483087,92.5295461211184
6.186,-51.4306729466482,183.623583254111
6.1865,-65.768438661889,275.030423531016
6.187,-79.5647101325087,372.863344067986
6.1875,-90.2644152185111,460.875054182866
6.188,-95.0093056265753,533.19228286124
6.1885,-95.429104491656,625.160911214495
6.189,-95.6579663445104,764.591420942938
6.1895,-97.9479022602319,908.023666669061
6.19,-102.285524532294,981.324498713258
6.1905,-107.488404922151,979.253788123212
6.191,-109.931229699872,966.106856430505
6.1915,-103.894364216199,974.414657504488
6.192,-87.265061409651,968.588238125815
6.1925,-66.1133863196982,926.202151289072
6.193,-50.1216887499792,885.338478675024
6.1935,-43.2083718826941,871.615559540527
6.194,-40.9084916450329,838.203213777831
6.1945,-36.6718361158051,733.855240176526
6.195,-28.0892438219605,586.966156447245
6.1955,-17.009304761468,460.440092776808
6.196,-6.89040166757853,353.678026617662
6.1965,-1.33544125246956,216.811131643162
6.197,-2.22336897150866,48.252299637591
6.1975,-6.6508351496916,-88.9426554782383
6.198,-7.44538625710496,-150.295606971831
6.1985,0.22633320985301,-152.290671606499
6.199,13.1671651864234,-125.507310198479
6.1995,23.5797207239245,-82.5996455045118
6.2,27.738427606073,-49.2423591285724
6.2005,27.8603835744205,-70.8862159730993
6.201,24.9345194574625,-153.840568132081
6.2015,14.5559007392807,-236.58139329726
6.202,-6.24574632127782,-255.518871465865
6.2025,-31.0458820442383,-216.212634333149
6.203,-48.3737528894783,-171.346356475589
6.2035,-53.4993379822179,-152.681619541188
6.204,-50.6473839042083,-158.64535279885
6.2045,-43.1470298948919,-190.359239149853
6.205,-27.988926646106,-257.126099482812
6.2055,-3.65425602405261,-345.065271694559
6.206,22.2762708005387,-413.877568667251
6.2065,39.3841056646394,-436.87529867812
6.207,45.5779762798333,-426.144195472806
6.2075,46.4854017319131,-409.598830841775
6.208,45.9955586591695,-398.095420580046
6.2085,43.9190707132018,-385.72568802384
6.209,41.9448274937701,-371.407298481692
6.2095,44.2829782524941,-363.599104228105
6.21,50.9681868868927,-361.967897627074
6.2105,57.1708000768605,-347.430252893645
6.211,61.2467671162063,-302.707557340473
6.2115,66.7492240091723,-239.637615502988
6.212,73.389249752587,-190.073341440484
6.2125,73.3928374728237,-163.452849222344
6.213,62.5161136645479,-130.218017340861
6.2135,48.6497462375812,-63.9109570868082
6.214,42.2585484723929,12.7857913460651
6.2145,42.4563841675835,48.6621117123348
6.215,39.984935025787,26.9009345291051
6.2155,30.4248544517778,-18.8350314749381
6.216,16.1176004068302,-53.8427324248341
6.2165,-1.9142420897244,-80.615755971441
6.217,-23.3226082084069,-117.950362312335
6.2175,-40.2038903556416,-168.204575873694
6.218,-41.2174542277821,-223.857909453968
6.2185,-27.347890538524,-287.968987217766
6.219,-13.7299408594859,-366.661365402489
6.2195,-10.8473697664615,-450.063423372357
6.22,-12.5325489851636,-514.912535378966
6.2205,-8.49413846807194,-537.550712949098
6.221,-0.263267783796208,-497.73102250425
6.2215,3.72787773689384,-390.245372309968
6.222,2.57914027387885,-248.616118069303
6.2225,2.6039304079262,-133.716985824833
6.223,5.92765305054328,-69.587821954839
6.2235,8.5442013945987,-4.10748363340811
6.224,8.07730201853609,134.318828019242
6.2245,5.31195239762458,346.676761392451
6.225,-0.791010335663477,560.915171304797
6.2255,-11.4115157886406,715.616742625749
6.226,-21.4974555254992,809.19275505906
6.2265,-23.1232471647161,861.425990122997
6.227,-16.1237494430738,870.852271546224
6.2275,-8.39637663850218,838.268199586827
6.228,-4.87968232310874,800.65398293628
6.2285,-3.46853336643264,798.688219371156
6.229,-3.1953844414779,817.89322578014
6.2295,-8.85899127178567,800.129048850186
6.23,-24.40927948804,719.178282795388
6.2305,-47.4644993180515,611.368473541716
6.231,-72.7812097081999,514.47951088301
6.2315,-95.564209407134,406.771670052928
6.232,-109.375742040111,242.1672596917
6.2325,-107.416393743542,33.2472267000613
6.233,-89.8516601426763,-145.992727389772
6.2335,-65.5531122439741,-251.386835406546
6.234,-44.0376894604548,-320.471620015057
6.2345,-29.4318264213134,-401.280752250867
6.235,-22.1339758000801,-463.281460709224
6.2355,-19.1249148943265,-435.277640735478
6.236,-11.4263353525664,-323.661729102318
6.2365,9.58190156350163,-227.244699708292
6.237,39.1583657941955,-211.302704703332
6.2375,60.3814481530662,-223.526797993238
6.238,62.791840103755,-179.836752364287
6.2385,52.3920204065169,-89.6634624211891
6.239,39.5266949397901,-30.4699431578993
6.2395,26.9265408961663,-17.8476989431315
6.24,15.6847558244614,21.2128217942304
6.2405,11.5893726451029,129.62847253249
6.241,15.6304445685752,240.093890662967
6.2415,18.074811871556,254.858692530152
6.242,13.5297584592016,167.59522623994
6.2425,12.600409690944,60.8075046150705
6.243,24.7206163455867,-0.904087890436578
6.2435,38.187129427196,-35.1555115745652
6.244,35.2921774009048,-103.094438299479
6.2445,22.1973029815145,-236.766435472538
6.245,23.339301763082,-408.254823680618
6.2455,46.2234407399375,-551.330495990197
6.246,71.6912775549817,-611.280881988086
6.2465,82.2530104412258,-588.767238183137
6.247,80.1873968949679,-538.931442977714
6.2475,70.9882411803563,-520.446674966814
6.248,49.2722538455647,-546.632212135782
6.2485,14.3850736018577,-589.241523882789
6.249,-15.5631851636837,-617.038607440172
6.2495,-22.0016334934264,-616.159654668799
6.25,-9.85540063892123,-581.815053453263
6.2505,1.03419636508977,-510.725390937581
6.251,2.46505591674903,-404.201720724047
6.2515,2.82575006550887,-267.369028412692
6.252,9.79328813549723,-105.985868889309
6.2525,20.6840750955692,66.4621650738019
6.253,28.6206937076475,222.945480913395
6.2535,28.4694876874302,338.222223278076
6.254,17.7697630196743,410.78712395063
6.2545,-0.291807952531312,460.450684988529
6.255,-16.5306490358336,506.073767026482
6.2555,-25.1675665427931,553.537588824164
6.256,-30.7622219358868,598.033623336837
6.2565,-39.5388187925249,623.485809010858
6.257,-48.9119225189401,605.455633990714
6.2575,-54.0560794476867,534.860252774569
6.258,-59.3281405942563,440.769821601458
6.2585,-71.5894037439395,371.921871435989
6.259,-85.2836107460752,349.614804280495
6.2595,-86.7408165856645,350.960965193317
6.26,-73.0174998506563,340.982560822933
6.2605,-55.0671373453372,306.53710933378
6.261,-42.0390671918432,254.288315383666
6.2615,-34.121635389203,191.225855338439
6.262,-31.8578274903468,117.98390097909
6.2625,-39.2227630175154,34.4565269554531
6.263,-52.806420874559,-52.6500924455628
6.2635,-59.4897771153032,-122.175815803426
6.264,-51.5791696999187,-142.945559702249
6.2645,-35.6972520095533,-103.776395077025
6.265,-21.1289538402384,-41.5220190657772
6.2655,-8.45360974753313,-18.1399806561745
6.266,3.57139966210015,-57.8459949255025
6.2665,9.34543226688804,-120.31078066989
6.267,4.78684499632795,-145.457233232369
6.2675,-1.84597566258338,-111.600484821805
6.268,1.56954690008475,-42.2081502385408
6.2685,14.5405123675321,25.1127311395812
6.269,25.649631988215,60.9037151727083
6.2695,29.3557858792802,53.1050818705334
6.27,31.7333561492799,17.1972778206421
6.2705,38.814336006099,-10.6434687948863
6.271,47.8287561963676,-10.3318861614512
6.2715,53.2517039751586,-3.52182071822302
6.272,55.6017736513097,-26.2287247779273
6.2725,60.1269809617412,-80.8842480859374
6.273,69.5763406090126,-132.755732151438
6.2735,80.9538345653206,-151.635352385776
6.274,87.8750427017114,-142.138100642389
6.2745,85.0846285833301,-134.82696252456
6.275,72.6686027050882,-160.606123147182
6.2755,56.931492441515,-230.28948738787
6.276,45.5707695522461,-325.126973759638
6.2765,41.1652216423057,-409.10928680015
6.277,40.3726873502321,-460.852610756261
6.2775,39.069029050819,-487.265398647048
6.278,35.9831931872112,-496.56250928491
6.2785,31.0159440931474,-474.187640690121
6.279,22.83098554928,-407.372671476282
6.2795,10.266088230782,-319.506582673429
6.28,-4.73934330535606,-248.250348144986
6.2805,-17.283072051367,-194.92010342268
6.281,-22.7676527832833,-130.450635724327
6.2815,-19.7355005680436,-51.8036881110512
6.282,-10.1688730876669,8.25990464255152
6.2825,1.80498877177221,39.1706654493439
6.283,11.3431738226284,77.7566906093327
6.2835,14.5870287919027,148.022620862923
6.284,11.0510840199697,210.934612609062
6.2845,4.71124813956153,216.3657361679
6.285,0.814738347017019,187.385864390479
6.2855,0.143827167695538,205.685937299065
6.286,-2.26085990062392,308.727061447728
6.2865,-11.0206505980867,437.590799907143
6.287,-24.5338509222891,502.146513500872
6.2875,-37.5798350389917,475.012499524744
6.288,-48.3698936742046,404.41883649462
6.2885,-59.3096124871839,350.280357466987
6.289,-71.127294278041,328.847605429311
6.2895,-80.6053392042608,316.172836758613
6.29,-85.1732323911627,284.89734657357
6.2905,-85.6097393142447,226.768634783114
6.291,-82.3154205024191,148.851471226848
6.2915,-73.096205969354,65.5276078235087
6.292,-58.0613294177731,-0.00367756333703661
6.2925,-43.7318875761598,-20.2391445464953
6.293,-38.0267365336765,13.0753306162991
6.2935,-41.8979879818813,70.6172705901265
6.294,-48.4150571600494,106.22951443898
6.2945,-49.0716412443966,101.754074174295
6.295,-39.4121545193119,80.8364536466935
6.2955,-21.1041997218274,73.8219797542805
6.296,-1.65991925868038,82.4021283345857
6.2965,10.0065837139439,89.3031967768563
6.297,11.7949033787582,90.9640431141629
6.2975,11.3113158507002,101.750096513104
6.298,16.9463405053811,125.809254043298
6.2985,26.79737520765,141.231751706942
6.299,30.27193383171,122.10801059375
6.2995,20.4895023882198,69.8341121628075
6.3,1.43969958713016,11.0936833163143
6.3005,-17.0217177578853,-36.153940808068
6.301,-27.1677121495491,-82.2586080507306
6.3015,-25.9974806039034,-140.673334149771
6.302,-14.7554615527445,-192.246824466423
6.3025,1.38324160418281,-197.657419585212
6.303,15.8597079946161,-151.216833521309
6.3035,25.4272038118723,-100.043170722746
6.304,31.0828192891885,-94.2651283272086
6.3045,33.9267582089584,-137.126608020499
6.305,33.0395440588405,-205.265496471854
6.3055,28.6284065046665,-297.513939154199
6.306,23.8179839027285,-426.607945608667
6.3065,21.1063266927366,-569.230241250712
6.307,20.2350323331386,-665.942647170855
6.3075,22.1446551630945,-681.464871584262
6.308,31.0478991575154,-635.31661846418
6.3085,47.6402743870203,-563.463712739526
6.309,62.8467734554361,-480.039786924678
6.3095,64.9612350183741,-389.699969884744
6.31,53.5274203064582,-305.578301338678
6.3105,40.6894553033085,-232.141477265655
6.311,37.3430294583832,-153.118439310207
6.3115,43.0090543177398,-58.6727222267354
6.312,51.5747261249452,33.6141451394971
6.3125,61.3519140240851,104.216149340474
6.313,74.3384401843212,160.158204379422
6.3135,88.7839416147254,219.822224663492
6.314,98.2559324006487,288.690854018684
6.3145,97.3025685627529,369.307829347122
6.315,84.0629642868947,472.597952553315
6.3155,59.1056968990864,592.73304981649
6.316,27.1434312955897,689.120496685968
6.3165,-1.06286015785534,723.344262137399
6.317,-15.4789670234811,702.239731838969
6.3175,-17.3611281516914,657.691318226227
6.318,-17.6410066823476,597.035182910355
6.3185,-23.0584002238457,504.448410787129
6.319,-30.2012685892062,382.532353045606
6.3195,-36.2194295532503,259.02704707635
6.32,-47.4721409790929,152.515036167379
6.3205,-70.0165654808917,58.726979850433
6.321,-96.6158000813803,-28.1679986608626
6.3215,-112.726984456596,-104.143015620715
6.322,-113.99658163679,-166.015222393556
6.3225,-108.9001484119,-213.340690535907
6.323,-103.678833365275,-240.282098822219
6.3235,-94.0176963815254,-243.938293418294
6.324,-75.3278323874392,-238.321152329688
6.3245,-53.5821428375097,-242.764083730762
6.325,-39.4206029076255,-260.813883006408
6.3255,-34.9303947149367,-286.277593311362
6.326,-31.8202548430126,-320.000303015373
6.3265,-21.7336520964977,-359.931703073707
6.327,-4.94781687751231,-385.07519075015
6.3275,10.6576192813612,-374.003850101316
6.328,17.3755831443831,-331.947803043924
6.3285,15.0410425838169,-277.039963753779
6.329,11.1155666910484,-211.152341382291
6.3295,11.809171793261,-131.033558821685
6.33,13.595967204179,-55.8347226347164
6.3305,7.30420422296662,-10.8691020673923
6.331,-8.63468062284704,8.24169800938352
6.3315,-23.5557348088978,24.470083689045
6.332,-25.652156902842,43.4158997080613
6.3325,-14.3131814120302,61.8768441427171
6.333,0.909124876973927,95.7337811612794
6.3335,10.1619483702156,153.480355315987
6.334,9.42524437197786,195.033007255703
6.3345,0.389714701243126,174.790765806597
6.335,-11.6912016517948,123.67672083636
6.3355,-21.2907188391397,123.944285144384
6.336,-26.0275512926048,190.819595314995
6.3365,-25.6994307032036,244.196008926452
6.337,-18.1018226793846,221.256053872617
6.3375,-0.183959288141193,153.063297959711
6.338,25.0748856621699,93.7279807340507
6.3385,47.8687227502941,35.5012375363729
6.339,60.535412502297,-52.8603104672565
6.3395,63.2191034285592,-151.191877811282
6.34,58.7603796954216,-213.025078591132
6.3405,48.3605912727113,-236.127761915743
6.341,36.1370976283287,-250.740437738407
6.3415,30.7754549131866,-258.234854134808
6.342,35.9419233957594,-235.7099088011
6.3425,44.3608185591692,-186.150162347482
6.343,48.0165568654655,-130.369118403043
6.3435,48.4162771384266,-58.7860989485614
6.344,48.7687377709019,55.1478858432272
6.3445,42.5835913261421,195.361651323473
6.345,22.0968858113819,307.442435080012
6.3455,-5.1277423791615,367.638682985351
6.346,-21.1584499717883,404.276575965241
6.3465,-19.8123662787174,444.323684442652
6.347,-12.42235625115,479.416429316642
6.3475,-10.1956947558322,493.126541320964
6.348,-12.3445053753401,482.846735573236
6.3485,-14.8706965952281,443.301352993642
6.349,-19.7937568051873,365.18581979921
6.3495,-29.7479380123409,265.230289029757
6.35,-42.0477125457659,184.605371185359
6.3505,-54.020804575197,139.185734450219
6.351,-66.8575652412939,97.9242073133646
6.3515,-78.311483132809,27.0614529071462
6.352,-78.3855916691831,-68.6404602653717
6.3525,-59.0994360608678,-164.341718449709
6.353,-24.3101351405103,-249.803332830493
6.3535,14.7869510561993,-326.199990473233
6.354,49.194666394076,-389.339490897267
6.3545,73.7588817450371,-438.485324702371
6.355,86.3176227313148,-488.263840554352
6.3555,90.864082761207,-550.741765396922
6.356,95.4836196416747,-611.2283996555
6.3565,101.049713163943,-633.949902100579
6.357,97.6008106451369,-585.694293403885
6.3575,78.2119563791323,-450.550033057191
6.358,50.5838294444699,-239.910571834461
6.3585,27.6241054099455,-1.64077427137449
6.359,12.2772456145043,196.323194504913
6.3595,0.127400339913094,312.361915604801
6.36,-8.67203212463479,359.583617136487
6.3605,-11.382232760745,379.861212165667
6.361,-13.8386206222793,396.818881349057
6.3615,-27.3916320492329,401.90354452944
6.362,-53.0683775356433,375.553311740336
6.3625,-77.9074229819829,308.619324456805
6.363,-89.341945369208,208.155435354318
6.3635,-86.3089338903068,93.493991305755
6.364,-75.1590893761289,-14.3042823381875
6.3645,-62.4747109320157,-103.634852579969
6.365,-54.2271982170272,-170.498109885027
6.3655,-54.3131726356828,-208.495474577378
6.366,-59.3428136451262,-215.302055831737
6.3665,-59.5294532642558,-213.594675390026
6.367,-48.1837939732884,-247.881386980428
6.3675,-26.8615714872345,-344.477213651557
6.368,0.288764327220059,-479.693783039581
6.3685,31.6760488324373,-596.815166317802
6.369,64.4844099015091,-650.075387570363
6.3695,91.0519285151626,-628.924447024575
6.37,104.719540317065,-552.104382478176
6.3705,107.329623931112,-449.014114955991
6.371,106.186296971893,-339.088154242115
6.3715,103.873019362104,-219.798890839006
6.372,94.7615072701746,-80.3679406306756
6.3725,72.7397960276006,69.1092489116881
6.373,40.3064801063198,195.439862117901
6.3735,7.80367431435159,277.426102107235
6.374,-16.777542553826,328.255928333881
6.3745,-35.4487689113419,370.561817638702
6.375,-55.3256877979685,405.620326708654
6.3755,-76.94712165011,426.850360911845
6.376,-92.1175738375891,449.429152683228
6.3765,-95.4838776023911,496.766976666598
6.377,-93.6787413404764,558.709996459507
6.3775,-98.2600572142058,591.037411340721
6.378,-112.168062265478,565.152010497445
6.3785,-128.089933077183,498.093919394832
6.379,-138.30902007746,422.774654914392
6.3795,-140.525672994651,346.204479275461
6.38,-134.453379874248,253.745024256416
6.3805,-118.289580593118,144.944617504677
6.381,-90.2152887135769,45.8035465354881
6.3815,-51.040757707126,-16.9551733382619
6.382,-6.03359992208395,-41.5667873305827
6.3825,34.0028112209553,-43.9661734831035
6.383,57.4655721600702,-30.7414002104479
6.3835,63.2820095490406,9.13611615833892
6.384,64.6065437601702,80.5360793592157
6.3845,74.5193667615895,158.416009591993
6.385,90.4140533040776,201.497245996388
6.3855,100.259291581239,191.237753441077
6.386,101.516371748095,145.072631177209
6.3865,102.661701116656,86.8859916940442
6.387,105.877576451194,19.4375444664172
6.3875,101.352133068599,-62.7583565888574
6.388,83.6028108574573,-147.150096387965
6.3885,61.9875815662297,-208.817943612923
6.389,47.3744523445413,-237.001775340432
6.3895,37.6386727775177,-239.099796312312
6.39,25.6909789999019,-222.861788406844
6.3905,14.6293267440257,-193.503144540441
6.391,13.4461616650015,-165.787527250558
6.3915,20.5353426052252,-156.147038783219
6.392,22.0389116773725,-159.195769480241
6.3925,7.8691488649578,-154.499421845025
6.393,-16.5551136677966,-144.851060988118
6.3935,-35.0307069368489,-164.984144965975
6.394,-33.7139742414904,-235.786481007858
6.3945,-11.817541994306,-326.42266619319
6.395,16.4783932206115,-382.20137546736
6.3955,32.8657951501141,-381.679761016488
6.396,31.4555986184394,-348.795443561129
6.3965,22.320746627421,-315.65347379751
6.397,17.1258938275042,-293.320749338645
6.3975,18.202457831464,-277.765802060208
6.398,26.2660296652141,-263.040667998538
6.3985,48.6352513324817,-238.359781822967
6.399,87.5869276892819,-183.063342105973
6.3995,126.111599534044,-77.9679097790182
6.4,139.937270878342,73.9318267273321
6.4005,123.710078574129,238.853866714857
6.401,92.9902841282018,369.090343635136
6.4015,60.0339139975845,437.446632604937
6.402,21.5804079532833,457.85714202763
6.4025,-25.577845011753,464.234974007371
6.403,-70.9194226518893,466.972481819043
6.4035,-100.949388453424,443.594954855143
6.404,-114.721505361091,378.894417773061
6.4045,-120.367399955762,295.532410096349
6.405,-123.189353492839,226.087382246723
6.4055,-125.082513948675,168.769024927282
6.406,-129.229028566604,98.1883632340111
6.4065,-136.105038457836,15.0551761013835
6.407,-138.933422507029,-46.5462798118841
6.4075,-131.699458962295,-68.1480152481904
6.408,-118.69492069887,-74.078047143153
6.4085,-108.099622806248,-94.7438479397862
6.409,-98.939422409936,-128.145877652603
6.4095,-83.2804220627582,-160.659584949985
6.41,-59.9508241702923,-205.309131999922
6.4105,-36.8317875026434,-284.701682841769
6.411,-18.8318336897386,-379.117366755507
6.4115,-2.04955366305791,-424.376509905194
6.412,17.7475726498606,-374.079473414984
6.4125,37.7961783656329,-246.833082357115
6.413,52.5909560171625,-102.816747961515
6.4135,60.0507834192117,9.82898049637236
6.414,60.5140361336824,73.8220004390512
6.4145,54.4522651513468,87.0401261382849
6.415,44.5335491436215,55.1531696865772
6.4155,35.9127735734906,0.545807896837048
6.416,30.6670827423004,-44.1069075529556
6.4165,24.6232386577939,-65.0939699247722
6.417,13.07682541969,-81.182452551085
6.4175,-2.21983380270515,-113.89266189646
6.418,-14.5293576890303,-147.075615704338
6.4185,-18.9253360185086,-131.617339498134
6.419,-15.0973915279221,-37.7576672793619
6.4195,-4.97114708881252,105.476109977678
6.42,9.22426234639777,231.308931388557
6.4205,24.393745043862,290.651896986681
6.421,36.5033136103857,279.529941580636
6.4215,42.9053972142215,221.137735947274
6.422,45.3129958159262,140.650180155311
6.4225,49.8586311055358,60.1862534492617
6.423,62.0795399512696,-3.34260505311951
6.4235,80.3149364408215,-52.4561523170713
6.424,95.8089143533446,-109.775783939278
6.4245,101.703584046544,-184.143431304028
6.425,100.091914025226,-239.603436056979
6.4255,96.7030511905587,-220.358848652876
6.426,90.6493708360141,-113.175288393072
6.4265,75.4516049639962,32.3625103470646
6.427,50.5758231947189,156.74247361477
6.4275,25.2474426928798,249.934085138778
6.428,7.48851390606714,343.011275838428
6.4285,-5.55881990408857,450.349090629277
6.429,-21.7543725284402,541.526536816345
6.4295,-41.5468440883936,573.11954963314
6.43,-56.3123222723354,532.366866166091
6.4305,-58.2963258714316,442.757813474478
6.431,-49.2630675443033,338.40463630056
6.4315,-39.8881356448992,241.847659021483
6.432,-41.7820914724196,158.959050341523
6.4325,-57.7193084355613,85.336935702987
6.433,-77.8242664334742,19.9846052876571
6.4335,-88.034969137287,-23.5492668776096
6.434,-84.4924822846107,-28.3087090412987
6.4345,-76.8190925073945,-4.75639333008255
6.435,-75.5322231889503,0.481617244827726
6.4355,-80.8118069607624,-53.2788534174486
6.436,-86.859809609076,-148.809171656174
6.4365,-91.4303288460643,-219.815033970494
6.437,-94.3147899723682,-221.999810106866
6.4375,-90.4799249389963,-184.540478836596
6.438,-73.6697651767974,-179.481141990426
6.4385,-46.4825341323313,-245.480361456842
6.439,-19.1917506759397,-351.853634842755
6.4395,2.62439363301727,-434.8707465839
6.44,23.0734127002188,-459.147694941551
6.4405,47.4076274844891,-441.179932582889
6.441,74.3659098289539,-419.006434523722
6.4415,98.6092213453802,-405.42061282296
6.442,115.364880921149,-376.114721189173
6.4425,120.944358554488,-305.813974914588
6.443,114.035846253515,-208.15221484811
6.4435,98.8951671139961,-126.980979164079
6.444,82.9565520295635,-89.1472518596908
6.4445,69.698242905385,-81.4650621911629
6.445,58.173297013915,-78.2680228230869
6.4455,49.6614762197818,-73.3163555685844
6.446,47.6740608983053,-73.5475104343841
6.4465,49.3969630533119,-79.5949579918029
6.447,45.1780972291161,-90.9608399358609
6.4475,30.9652108437695,-115.826406758912
6.448,14.2723811502798,-151.870422297464
6.4485,2.8845181567475,-167.494171933873
6.449,-4.69237505675718,-131.19221074117
6.4495,-10.6875381706631,-57.4686810711624
6.45,-8.1766106696585,6.02627732888892
6.4505,9.09360377880362,41.023448602589
6.451,31.3897169232731,79.2430057514992
6.4515,39.8132350878614,151.815852622814
6.452,27.9637345239802,247.693500614939
6.4525,6.17508502089497,338.078443567745
6.453,-15.8366014411663,413.54328919398
6.4535,-38.3965867643117,472.006954100428
6.454,-60.7541992169925,493.521241687188
6.4545,-73.1958779110662,462.32043888039
6.455,-69.4876612042821,405.214492201771
6.4555,-60.0258642562337,373.981987369777
6.456,-62.3352992442504,386.423135629351
6.4565,-80.4365558573823,410.715058297501
6.457,-101.093398054889,413.667375595009
6.4575,-109.661356415185,400.351640910404
6.458,-103.345419115345,393.491314020984
6.4585,-89.0058753979514,391.11419374992
6.459,-74.3009299070033,362.982662575085
6.4595,-63.0722783522726,285.967469295433
6.46,-54.7666840642048,172.297113047592
6.4605,-45.0429148428619,60.2458024820238
6.461,-29.1350248941562,-21.9126362112138
6.4615,-7.27321318231278,-82.2173879221292
6.462,14.5201380215709,-151.855471215534
6.4625,31.3271082798154,-243.367695726906
6.463,45.9662440746759,-329.443149827975
6.4635,65.5526545599588,-371.541429181393
6.464,90.7213813218959,-362.567853823607
6.4645,111.192503282033,-328.168963621431
6.465,114.818297244673,-290.656929991242
6.4655,100.481224762996,-250.098639221102
6.466,80.1843672746953,-203.356762898201
6.4665,68.6776795811069,-162.31606970087
6.467,71.7987805854651,-141.374763714772
6.4675,82.4073866682633,-139.006511317916
6.468,84.4125157891825,-145.789395843994
6.4685,63.5492081695902,-163.908513655404
6.469,21.2241689664143,-202.504621052111
6.4695,-21.6025433723497,-252.718869996615
6.47,-41.6723349914727,-282.440103160932
6.4705,-37.7215416112015,-266.681847061231
6.471,-30.9710846646695,-218.160280146257
6.4715,-37.8890026457109,-176.581475761849
6.472,-51.2738682643992,-166.416738793646
6.4725,-55.7843031425471,-175.064759191835
6.473,-53.0315457045223,-176.903637494821
6.4735,-57.710396438599,-166.911441201906
6.474,-73.0235742773172,-158.813986535882
6.4745,-85.5125265898618,-160.513872872164
6.475,-85.2781748683593,-171.20723973745
6.4755,-76.5276995630526,-197.10916511647
6.476,-63.6667404081388,-241.639313504661
6.4765,-41.2539366697209,-274.796750650938
6.477,-6.72867182245393,-244.431276464912
6.4775,27.6595664402177,-138.524209496531
6.478,46.5910669279643,-12.3975996906973
6.4785,48.8275435226436,71.0330313734226
6.479,43.2874105116351,107.985850713659
6.4795,34.2274017299885,132.935088816897
6.48,20.9472477347014,154.603311174331
6.4805,7.93776577372107,158.119799325033
6.481,3.63472081916077,160.892881168503
6.4815,9.43851793731848,210.029820534709
6.482,18.6269691341082,309.718428233025
6.4825,25.5151350981329,398.845791814339
6.483,27.8264875715002,428.385163808597
6.4835,21.504449151345,424.232010673697
6.484,3.17697686083677,438.991529227924
6.4845,-20.3587156614684,469.62830250648
6.485,-33.2297479279637,465.065777137217
6.4855,-24.7744614930924,402.259667048727
6.486,1.04155747831858,313.154103346718
6.4865,30.7625031789994,235.998544451352
6.487,51.6066408957047,175.055724936758
6.4875,57.8356405288268,117.950225440385
6.488,53.3763794759435,67.3784534855803
6.4885,48.1041827121486,40.8002404658999
6.489,46.2901130026012,49.1877665495124
6.4895,40.4461056514901,82.5819469211307
6.49,22.8699625033414,111.393816677139
6.4905,-0.362145412378098,106.607500823346
6.491,-16.9102008442607,69.9234856681722
6.4915,-26.7426393553043,36.2093772238143
6.492,-39.2340643769237,29.3765619148086
6.4925,-51.4935781603925,26.0790155392177
6.493,-47.0691224887824,-8.95926920438824
6.4935,-23.006190755312,-56.401682508352
6.494,-1.13967556897728,-51.198336272996
6.4945,0.824972677711661,26.995556082694
6.495,-3.57072687544073,108.136077310782
6.4955,11.5562976150697,107.246494866899
6.496,46.4801485047965,23.1671064569309
6.4965,75.7522851020323,-73.9706278852524
6.497,82.8907035836857,-140.47979252655
6.4975,75.5685684126521,-199.053234626934
6.498,64.3206220449813,-275.299767092304
6.4985,45.9008440141468,-340.870759256341
6.499,16.6067358076504,-353.31648058217
6.4995,-13.7594741898662,-328.682751408571
6.5,-34.6367158684578,-331.426933454312
6.5005,-51.1536524835071,-389.156944785325
6.501,-72.9990399541202,-451.016052457436
6.5015,-92.5978023389659,-449.468925452621
6.502,-90.8108878114339,-384.982701671776
6.5025,-65.136356252621,-325.12591909548
6.503,-37.5300031393699,-322.556637085498
6.5035,-27.9066074631492,-354.896467204471
6.504,-30.2916205745014,-354.214156121415
6.5045,-24.2160981675607,-283.211175636494
6.505,-3.31910738707375,-168.05698885798
6.5055,18.2655590208323,-58.872915638928
6.506,26.5604673473174,26.1633050875226
6.5065,24.081689551739,107.23831615757
6.507,21.9735881707552,201.437169384815
6.5075,23.8423450382045,292.68868221884
6.508,24.5759215677559,350.779630939133
6.5085,21.6015976876993,368.798414036563
6.509,18.9943078510704,366.673681426097
6.5095,19.1622257139025,360.832052368013
6.51,16.7538784969182,347.308282991623
6.5105,4.98220581172031,318.538140648235
6.511,-14.7362957642394,279.838592421591
6.5115,-33.3730202147067,238.360257469889
6.512,-43.7175781144064,189.225724252173
6.5125,-46.0712554197973,128.339802663995
6.513,-44.429780811238,70.3152802781863
6.5135,-40.1742496532478,35.3988439887154
6.514,-31.9147438825054,21.7946250347617
6.5145,-20.6693727998543,9.19064003976642
6.515,-12.2225983667225,-9.4855388479396
6.5155,-12.0991735509319,-18.0043738179563
6.516,-18.5538193650297,-4.20935089237613
6.5165,-22.8333878060519,17.6934600950663
6.517,-17.7395654131248,21.4788462395576
6.5175,-4.90010298931245,-3.56868940656175
6.518,7.48891047196784,-46.1798254686514
6.5185,12.8766971039566,-86.2402476751694
6.519,10.8888386772569,-108.840826438384
6.5195,4.99160172463687,-112.451256726744
6.52,-2.12533161555154,-108.276643282426
6.5205,-10.8132372872054,-107.018563512106
6.521,-22.6708874921663,-106.668102977402
6.5215,-35.2090620560686,-101.657413881994
6.522,-38.5832925532797,-100.819252026524
6.5225,-22.6143843258759,-120.081047876293
6.523,9.28413985923552,-155.662062720777
6.5235,37.6950939823065,-183.379582866835
6.524,45.2707491546096,-190.994343381774
6.5245,35.124017049387,-191.427260737409
6.525,24.5061623874296,-193.054985003436
6.5255,22.2205825561693,-178.110154193836
6.526,21.4196468528781,-129.443574997845
6.5265,15.1433347003405,-61.9993430312481
6.527,8.51271200586645,-4.04716401433277
6.5275,11.1144672569773,42.1913709398592
6.528,25.2116466663716,95.9133174117921
6.5285,45.9401776506232,159.359768579882
6.529,65.5804232796332,210.543778898853
6.5295,73.1859527935162,235.561248927255
6.53,59.3356040937576,244.382483121645
6.5305,29.1158444574655,249.512870865748
6.531,2.78744802331094,251.010431342777
6.5315,-5.56126843171766,251.380512991765
6.532,-4.09417561834717,264.338691446069
6.5325,-9.37844978591534,293.050336434068
6.533,-23.4950704437731,313.63112872191
6.5335,-35.9091961381238,299.131667900418
6.534,-41.3969269260475,255.499307767808
6.5345,-41.8645657996367,218.345594708841
6.535,-34.9086737856686,212.89846358446
6.5355,-17.821612769458,227.226883231252
6.536,-2.54606352119352,227.31258010161
6.5365,-8.07178588851661,191.208479725811
6.537,-32.9439947291753,125.194646867174
6.5375,-51.5729916079555,52.4310946433885
6.538,-45.329030364645,-7.9673289854961
6.5385,-22.7663040368588,-52.5610520902102
6.539,-0.355491849739525,-91.8874592617327
6.5395,21.3624728244475,-140.421910438746
6.54,48.7808919379052,-203.287656706486
6.5405,75.2343318745639,-267.712994077187
6.541,87.9505981033421,-310.613887317762
6.5415,88.0206763849654,-320.367263944655
6.542,85.1811884143011,-308.999347605202
6.5425,75.8688794463022,-297.806599543286
6.543,45.9435227965259,-295.974177336405
6.5435,-1.95318264135435,-302.221917090259
6.544,-41.4695469909666,-320.94589771846
6.5445,-51.2858643133584,-359.704720783166
6.545,-38.4665448363185,-410.214221725565
6.5455,-23.9090488837083,-449.027524300168
6.546,-14.3477182983757,-461.728077705535
6.5465,-0.740231345906644,-451.862522798305
6.547,20.5083029929133,-423.822338012532
6.5475,37.8868726725843,-377.134978660314
6.548,38.9724565526339,-323.359787348511
6.5485,26.8194003953101,-282.588144817223
6.549,17.5847109245415,-246.964499386905
6.5495,23.4985550855289,-171.435344894178
6.55,39.9446976934862,-26.4685385044464
6.5505,49.1488679063666,153.298443998681
6.551,37.2309288067787,296.828103211556
6.5515,8.79163729688905,363.963473941186
6.552,-16.1987606103411,365.079771770999
6.5525,-21.6835191794314,326.957113560209
6.553,-11.3022489139238,267.379563787665
6.5535,-3.38456312623355,199.871480596586
6.554,-10.7927985658981,138.132658062841
6.5545,-28.2898493512106,92.4221855926162
6.555,-40.5315587237988,74.2147939722695
6.5555,-39.3624820161489,96.4230509700391
6.556,-29.7979817339638,152.211552439949
6.5565,-20.5613695017738,205.216251765293
6.557,-14.7792187936549,222.788246919685
6.5575,-12.8983124225587,208.812453535207
6.558,-19.4664927587433,183.970278179323
6.5585,-39.521887981447,155.147826094853
6.559,-68.3358577951711,138.562473039725
6.5595,-91.2523124666309,189.420608845268
6.56,-96.4523711702851,349.63168922998
6.5605,-84.4533799401683,564.383339910537
6.561,-64.0985912700232,707.912001707261
6.5615,-43.950178699991,711.549951076939
6.562,-29.0345856557195,623.293134148964
6.5625,-19.9210131237949,525.3732680532
6.563,-11.5366591130863,443.469518646353
6.5635,1.43182875315697,365.791106831751
6.564,13.8433955905951,301.180411792548
6.5645,11.3198200415562,267.092400404422
6.565,-11.3419849626204,245.447783833316
6.5655,-38.7127686814961,198.68386325517
6.566,-50.2895803908959,120.861528378864
6.5665,-43.8186881490215,38.0579114741718
6.567,-34.187497593397,-33.922054641895
6.5675,-32.2131734270045,-103.028921142755
6.568,-35.1170217465628,-181.197380528541
6.5685,-36.806617684127,-277.760217339471
6.569,-35.7422721038048,-402.039479020681
6.5695,-30.6914319505598,-544.144046161034
6.57,-19.5947861128982,-660.895912426446
6.5705,-6.35172683167025,-708.829889933141
6.571,0.864673181365512,-688.483676783182
6.5715,2.18094527116701,-636.192657749953
6.572,7.55867993245471,-581.483177085029
6.5725,21.0389549521018,-534.225523227224
6.573,33.1545260236671,-500.043884715141
6.5735,35.1326438428741,-478.449986396815
6.574,30.6753302597822,-453.079905433183
6.5745,25.7204388297365,-412.288321523385
6.575,17.169197286564,-372.767419327549
6.5755,3.67078432786485,-353.760472922155
6.576,-1.47023823881427,-335.210960823298
6.5765,15.4473883330982,-275.904540569707
6.577,45.0926930917742,-172.647702950339
6.5775,63.2748610133983,-68.8673599798426
6.578,63.9771779914512,-1.75560452810581
6.5785,67.8298932502664,29.5536334821438
6.579,91.5525011555979,42.3039327716779
6.5795,123.225781615473,49.9099925750665
6.58,138.907856445161,68.6053225432708
6.5805,134.745808808855,111.093993878936
6.581,129.459722631742,163.647005549662
6.5815,137.499113996677,198.069812028489
6.582,151.042804743175,213.411354455198
6.5825,150.814413044461,233.962454571952
6.583,127.587960434214,258.645431595018
6.5835,89.4034681898791,252.603288349491
6.584,51.4389889468093,207.63008745373
6.5845,22.7459914593772,171.287263325808
6.585,1.82460078749464,185.656372255497
6.5855,-19.0167750193738,228.379591177022
6.586,-47.9510752099872,249.181402521235
6.5865,-90.3259822531902,239.557605030909
6.587,-144.220927612166,226.496362621769
6.5875,-194.472284462805,214.734113843995
6.588,-215.687440462893,180.260185129716
6.5885,-191.156208242536,118.012108389734
6.589,-131.748554983498,56.7046647628224
6.5895,-69.3841836040524,21.3093609603694
6.59,-27.0311796034999,11.4154556297497
6.5905,0.450348047579283,21.054333171353
6.591,31.2344434964924,49.6844182674118
6.5915,67.7168905512675,84.7518617735478
6.592,91.5169220144709,100.661638508043
6.5925,87.0488721647659,88.4395609672845
6.593,61.9726542315073,66.1229633095586
6.5935,40.0011771983866,48.7544904627443
6.594,37.3002213940673,28.2163952241021
6.5945,49.9144523751992,-5.10256197138441
6.595,61.9820870986547,-41.6844051846879
6.5955,61.5647658959737,-71.1215179707066
6.596,48.3527289000002,-102.436658921219
6.5965,30.0434324197817,-142.738767911359
6.597,13.720399632148,-166.579706380092
6.5975,-0.602003604421529,-133.531498890399
6.598,-19.5925675347004,-38.0663542544825
6.5985,-48.6970709402814,76.78878252039
6.599,-83.2010624679168,159.817209882047
6.5995,-109.050197158656,193.113001695874
6.6,-115.732145102804,192.474970421203
6.6005,-107.816262793069,182.241484352201
6.601,-100.195360764031,176.736156880303
6.6015,-101.42949781635,175.110244878222
6.602,-105.478404220395,164.452448119651
6.6025,-101.252889721297,132.181772110499
6.603,-86.3581218630723,80.9200115460881
6.6035,-68.3912284005346,27.4494902471563
6.604,-55.5251818187894,-15.7282137808011
6.6045,-49.3821915273027,-51.2899608502837
6.605,-45.5247948271461,-85.2221990703573
6.6055,-37.6998558955793,-111.451079097687
6.606,-22.5371082993785,-116.719787643717
6.6065,-2.57356854951366,-97.8532843559602
6.607,16.0328782186116,-67.0272926715003
6.6075,29.7032589775613,-40.6424462710523
6.608,38.9983086449256,-27.059289917188
6.6085,43.4203685484496,-22.7432969996375
6.609,39.785965922906,-16.5700491321049
6.6095,28.896301241897,-2.39194916789593
6.61,18.3345749098622,7.35778879467247
6.6105,13.3321468940434,-12.6144774992452
6.611,9.60443973842414,-70.2311780466438
6.6115,1.61456862003329,-134.909121265593
6.612,-6.6563576756071,-160.647545912703
6.6125,-7.1079694718081,-133.679113129214
6.613,0.0392883582857486,-87.3643004980703
6.6135,7.86098032047631,-66.0243776305947
6.614,13.208065572384,-82.2365261475069
6.6145,15.5748076566334,-112.654644779202
6.615,9.17516309124472,-125.838820332658
6.6155,-10.7534697316484,-108.291301760447
6.616,-34.8278706580522,-71.8165367929381
6.6165,-46.8021272942557,-43.3137665219647
6.617,-44.7049767359326,-42.0818927555753
6.6175,-39.759941756047,-60.9481424586539
6.618,-32.697120240956,-74.7911869305635
6.6185,-9.84563275587306,-72.294835200879
6.619,30.4109451357368,-70.9810865876395
6.6195,66.4621558206368,-92.2590361768615
6.62,81.0035800566272,-128.947636982446
6.6205,83.1816236911791,-150.349681964524
6.621,88.3460930304322,-137.539336945309
6.6215,91.3950503815269,-100.936468580599
6.622,79.7278099130729,-60.3383967947146
6.6225,60.0196953528818,-19.0882828509883
6.623,48.4496407765342,32.7581741542098
6.6235,41.8831812988691,94.1694828549559
6.624,24.5365681263955,144.140242030317
6.6245,0.978844014211051,163.20702620105
6.625,-4.63296442153815,157.224340002764
6.6255,13.2573934758573,146.851646037622
6.626,29.4313400020285,133.232180593327
6.6265,24.1258477086191,93.9977389154692
6.627,10.2118482094992,29.0639052947971
6.6275,10.475181697356,-6.07071390253839
6.628,24.8811906888526,54.6730439607516
6.6285,36.7892479890796,204.90425524356
6.629,39.5423739874752,354.442584390971
6.6295,39.452115983493,414.826184671789
6.63,39.1002015825525,378.490278473852
6.6305,33.9774277840696,302.184366924249
6.631,24.2675294108115,234.480491766178
6.6315,18.190087114692,181.07113804591
6.632,23.0844324907363,125.844722073985
6.6325,39.2061306830949,58.5276184787132
6.633,59.7582436342196,-17.622778547304
6.6335,72.7288632234517,-89.0714875093567
6.634,69.0948163665532,-144.425368897421
6.6345,55.4695835193963,-192.391893083057
6.635,50.7485044716765,-257.218771992427
6.6355,61.3453297511946,-344.690837030964
6.636,67.5851818452297,-427.140044206127
6.6365,46.4163637152924,-479.051134806882
6.637,1.7281107564251,-512.220375776424
6.6375,-41.1275709411186,-553.79159575197
6.638,-66.8459026070208,-603.545407124382
6.6385,-81.3040622506681,-637.86393195292
6.639,-92.647884750854,-641.783986298641
6.6395,-97.9812831275136,-608.383957931221
6.64,-93.6549200430623,-523.180104806946
6.6405,-85.6535130000233,-389.000635066312
6.641,-82.080084455024,-254.872861921937
6.6415,-83.3725079207213,-170.129000336192
6.642,-85.9469470513565,-108.901984543718
6.6425,-88.7534149888807,6.62334503914312
6.643,-90.9048678260687,195.049613903098
6.6435,-89.2156943067029,380.589972619491
6.644,-83.9110432333497,492.884876399307
6.6445,-81.454331426546,551.61404472314
6.645,-85.5882920970172,614.920385072116
6.6455,-89.6714553066044,686.767628976414
6.646,-84.2820435605791,724.909477125506
6.6465,-70.0185609922488,713.816615404328
6.647,-56.8942442555321,678.399448414878
6.6475,-52.1214778739299,638.031178188826
6.648,-53.6382177440152,592.486261778284
6.6485,-55.6699346427165,547.512481758982
6.649,-55.89042569518,513.263475079282
6.6495,-54.858881539131,478.382605895251
6.65,-50.6664167492897,420.967207635143
6.6505,-37.4547369505762,344.572363074847
6.651,-11.4603155365943,270.799914386118
6.6515,21.1764331189712,198.623836040129
6.652,45.3329199396935,106.907067349134
6.6525,49.2289473023821,-0.521632721296794
6.653,35.9103216294486,-87.6285237088182
6.6535,19.7998555234167,-130.71764688207
6.654,12.1996854037197,-139.475109745095
6.6545,13.7730787617055,-129.146874735215
6.655,21.0633739782368,-106.422374991196
6.6555,34.4400880486696,-91.8706333260237
6.656,56.02668939984,-118.376455321498
6.6565,83.6669730847693,-186.256956367591
6.657,111.666247470908,-248.666278668872
6.6575,135.867617525989,-264.858612921914
6.658,153.920035957661,-247.075969276687
6.6585,161.805747264579,-235.10030895608
6.659,155.548660041181,-245.501974338582
6.6595,138.238862613967,-267.586784786794
6.66,121.389972832615,-289.720237784974
6.6605,115.075716251527,-303.733490949932
6.661,117.015948323535,-296.88110786767
6.6615,114.532395037291,-265.714811914237
6.662,98.2322381149125,-230.729163847338
6.6625,71.1906369000107,-215.037822305753
6.663,42.9668509013304,-214.373264894125
6.6635,17.8895737633,-208.470545603365
6.664,-6.08403004063113,-195.812978345552
6.6645,-28.6944439117612,-194.178127598462
6.665,-44.9615677785393,-208.490392365472
6.6655,-53.6077633270486,-220.808892090246
6.666,-60.7701284051983,-216.461727395828
6.6665,-70.0853990897038,-202.289391756162
6.667,-75.2034628908843,-192.396443791562
6.6675,-70.2973239876603,-188.643276733099
6.668,-63.8436973890857,-181.79537266894
6.6685,-70.8144410048589,-163.446873077364
6.669,-90.8574662136864,-132.124311068261
6.6695,-105.476914488542,-93.3323298986654
6.67,-101.344948618753,-55.3668710369409
6.6705,-87.0451368901672,-20.4936226742271
6.671,-79.471170770569,17.805252810071
6.6715,-80.7063290587376,62.398191915058
6.672,-78.1071453365253,101.752246358706
6.6725,-64.0828120269529,122.961400505039
6.673,-45.3789807512857,133.822106385361
6.6735,-31.5342372734452,158.091839704678
6.674,-22.752676563453,205.515371147738
6.6745,-13.6772671260777,258.74326412791
6.675,-3.80490444890017,295.828699190061
6.6755,1.80788258735705,314.829391459552
6.676,0.685926393390322,327.165632258091
6.6765,-3.36810702567352,334.957276941116
6.677,-5.846751550396,327.891502273185
6.6775,-7.18377607859313,301.342221717316
6.678,-9.91487637117957,265.911437938026
6.6785,-12.2023731532513,233.894186892697
6.679,-8.96775051651117,202.351607564168
6.6795,-0.477887464869346,156.360096324896
6.68,5.3364982704975,88.351144617215
6.6805,3.36156198092339,9.50443474336729
6.681,0.0900491258873311,-59.5225117545515
6.6815,5.09925945726185,-106.710330184177
6.682,16.1213166944721,-136.801997410571
6.6825,22.6328758114873,-164.695888108878
6.683,25.9522195355989,-202.712516102028
6.6835,43.68876206334,-250.92143587545
6.684,85.2608386760113,-296.694897681182
6.6845,131.005047984165,-326.670291299043
6.685,148.470480948856,-342.19908889844
6.6855,128.076074926983,-357.425215964391
6.686,91.9544902075867,-374.946405649783
6.6865,67.284977777733,-368.953235842486
6.687,61.3546436003605,-306.123192348692
6.6875,64.3599483567486,-185.156098925004
6.688,64.2111489023692,-43.9392000763259
6.6885,51.7865692776509,76.7310586790261
6.689,22.1968777839583,165.485824291694
6.6895,-17.5420672172558,231.010910855105
6.69,-46.6398316987139,274.648210671076
6.6905,-47.488349697373,288.442129319151
6.691,-24.6193409355585,276.509117457924
6.6915,0.349076154432333,261.952494690091
6.692,11.9073807243894,265.782773212819
6.6925,12.2300785786234,284.985345465978
6.693,11.2590008416964,296.895986143635
6.6935,13.7948157459215,284.359725579107
6.694,17.2345268172385,253.908918582144
6.6945,14.4456820939263,227.363206962605
6.695,-2.53591069733093,215.510988639018
6.6955,-34.1672855741143,204.200893013939
6.696,-66.9803886852653,170.71881901603
6.6965,-83.7460795198094,109.804300032518
6.697,-83.3662268220422,35.7657855612828
6.6975,-82.6028981794356,-36.4451762649726
6.698,-93.7451087779937,-97.9808069793704
6.6985,-109.080995283114,-134.978051623967
6.699,-113.760794625695,-131.692755361485
6.6995,-105.636582113149,-95.3531371393232
6.7,-93.477494755477,-61.0853668921434
6.7005,-82.280280889485,-55.7971805213973
6.701,-71.0142288762531,-67.9348726668996
6.7015,-60.5284389239755,-68.8871126197711
6.702,-52.500066033196,-53.3096630259792
6.7025,-42.8476026578162,-37.8570354372393
6.703,-26.8339152319721,-28.2989762496087
6.7035,-8.98713441727721,-13.7756767327102
6.704,3.01964411389425,7.23787305368753
6.7045,12.9112842422802,22.3753167217904
6.705,31.4537049388191,33.1109830686186
6.7055,56.7301809404445,60.7892332656518
6.706,72.212184236445,110.194275111552
6.7065,68.4502048920751,147.90254853377
6.707,54.914432044684,137.409607896417
6.7075,45.5572247338505,83.4993870018976
6.708,43.8414933697631,21.667388668884
6.7085,47.1632295962477,-28.2675351192793
6.709,53.8598033039883,-76.3470196812803
6.7095,58.2574471301243,-132.712063675521
6.71,50.253276903596,-185.572274767741
6.7105,29.3222655421198,-215.307150746888
6.711,9.15143862139093,-215.820992824244
6.7115,-1.16086363449789,-194.436038057659
6.712,-10.1243574165019,-162.4273898304
6.7125,-26.6769639727548,-135.509139380505
6.713,-40.5017825236867,-134.959599911911
6.7135,-34.6579717442171,-173.575321252262
6.714,-10.4842528291597,-238.311102442062
6.7145,16.4856492877515,-295.196269702098
6.715,40.5026289915458,-316.753228568562
6.7155,67.9513779334779,-302.451877867125
6.716,97.7287967574756,-269.44905185893
6.7165,117.375439919699,-226.191071439798
6.717,120.958848624091,-161.880067843862
6.7175,115.415728550487,-64.7864593414417
6.718,106.231439320059,54.1546196670491
6.7185,91.1726357336848,162.866399127686
6.719,71.2543400350746,233.255215820766
6.7195,52.9306822540283,260.680559760781
6.72,34.7210539182516,260.338019749018
6.7205,6.67264757156036,251.862515451812
6.721,-30.3155337805692,247.881896440751
6.7215,-59.3249277192807,247.79773979145
6.722,-70.1942664536226,237.145671417822
6.7225,-73.5695267057868,200.105317975824
6.723,-81.3953602661902,139.164536915557
6.7235,-86.4089211992727,76.8038597981257
6.724,-75.4599097816457,31.7032954330899
6.7245,-53.9216912956309,0.482138342315984
6.725,-40.7931148986484,-28.5337855369226
6.7255,-44.0539920804454,-51.8336466944635
6.726,-55.5028606207479,-55.6947073577143
6.7265,-67.9707046499165,-41.5632489852179
6.727,-83.5533088204989,-30.2606556965248
6.7275,-103.137042316455,-38.0250265480304
6.728,-118.917872065544,-61.3300595421
6.7285,-121.441360138143,-88.6562792639482
6.729,-108.457719963618,-113.175967077142
6.7295,-85.5693773372071,-127.262983773488
6.73,-62.402902386339,-118.817950697999
6.7305,-47.0314046548217,-85.971404905674
6.731,-39.1596223992946,-47.8904545038161
6.7315,-30.0268072979385,-28.7245483339884
6.732,-13.0445271250812,-33.5455450224369
6.7325,8.64909908955245,-47.5699237130642
6.733,29.7160875508857,-54.5012229017636
6.7335,52.0587964726205,-48.6514012268129
6.734,78.6521739681534,-35.2223383439362
6.7345,102.215383747179,-27.0336127098902
6.735,110.157728843439,-34.5089472273015
6.7355,99.7047928920798,-49.6617570595773
6.736,79.994696302342,-47.8724660349913
6.7365,61.4382702363277,-18.0033640528385
6.737,51.949365169253,16.4977570900773
6.7375,59.9917226672058,22.0773780595683
6.738,87.4782867784375,-4.59434154598095
6.7385,118.512069031055,-38.0949846064596
6.739,129.160629643863,-61.3299540001811
6.7395,113.903840617016,-79.0860599016696
6.74,91.4217516105574,-95.5998891039661
6.7405,78.1492004404519,-105.48136939873
6.741,67.0291674859418,-113.108124440415
6.7415,41.5137559856057,-130.888413254622
6.742,1.62888216265127,-140.390032605739
6.7425,-36.3533353749819,-82.6290344639147
6.743,-62.417195408769,81.0759213574824
6.7435,-82.3609732922072,309.379276899964
6.744,-103.117756938959,510.582189100563
6.7445,-118.166679299465,628.395918399668
6.745,-113.794195332784,674.759781020112
6.7455,-86.9300850884725,683.994729341101
6.746,-51.5687168700443,668.132148575478
6.7465,-25.7429656337672,625.933233315291
6.747,-13.7208916592861,565.953709324234
6.7475,-4.12643094242206,499.037849658685
6.748,13.4809294588774,422.172513631021
6.7485,34.4718707184647,327.904748306583
6.749,45.7824006082595,221.948300519236
6.7495,42.53621694968,117.560370964474
6.75,29.9714415185314,19.0903757740535
6.7505,10.8934391261582,-75.7008924732255
6.751,-16.817082117717,-161.709760266722
6.7515,-47.0822233034842,-227.801044890454
6.752,-63.0076681909178,-270.302810099839
6.7525,-57.1705723119113,-294.839818601737
6.753,-45.7196503750027,-306.471058503284
6.7535,-50.0048778286348,-308.395196705915
6.754,-69.5242641465109,-309.632175071795
6.7545,-86.5381698054438,-322.100380815775
6.755,-94.0398655812549,-346.074808576697
6.7555,-101.787448312254,-367.283453948806
6.756,-111.818663509948,-374.917918605449
6.7565,-106.584491935121,-378.336087717555
6.757,-73.3954765119273,-399.593032009639
6.7575,-27.8164746493064,-449.129533160846
6.758,3.96181051156224,-511.749253166983
6.7585,20.431087057111,-558.000326880808
6.759,44.8504747735695,-569.459635612056
6.7595,89.2011509230416,-552.597492253263
6.76,134.627651540912,-527.422033937924
6.7605,155.209912909243,-503.521918345164
6.761,149.295909210252,-469.748600473627
6.7615,136.85486115599,-407.553882357133
6.762,133.055349155191,-310.953755738776
6.7625,135.725900486235,-191.751606938821
6.763,135.546314159196,-68.8875313665084
6.7635,127.381279054615,43.7041344700645
6.764,110.689064516842,140.696925971345
6.7645,87.0466906803819,220.807632660232
6.765,59.4292564567026,279.197299562918
6.7655,28.8288502849496,304.664604515308
6.766,-8.18107099029186,288.188587159869
6.7665,-52.3118726019143,236.794933483256
6.767,-92.5371169686425,175.237297616879
6.7675,-112.367812391511,129.416624920097
6.768,-107.047614725602,109.504999603062
6.7685,-87.5422692691316,111.804037813589
6.769,-66.0145842772979,132.771594302742
6.7695,-45.6585702192372,174.533652828706
6.77,-27.3555752195322,237.609733330749
6.7705,-15.9018587811117,314.480215506988
6.771,-12.7540325420339,391.515471275321
6.7715,-10.8984868717953,454.045159626131
6.772,-5.58217672109802,491.662024735737
6.7725,-4.04860739270709,505.33812297778
6.773,-15.49902473379,509.447926538172
6.7735,-36.174534999613,518.920065243918
6.774,-54.1428992090531,531.176168577479
6.7745,-65.1837310477556,527.208336625775
6.775,-72.9052634635026,494.806445434178
6.7755,-74.7888446550055,444.378708290209
6.776,-60.6711423562793,394.745418441204
6.7765,-28.4382268267721,347.82589672077
6.777,7.92659244771986,287.833563577281
6.7775,30.8352971515807,206.749604988446
6.778,34.4371440542878,120.879380554538
6.7785,24.9264393536905,54.885156479556
6.779,11.2848572821115,13.4280598546189
6.7795,-0.568599160300203,-22.4694626022135
6.78,-8.58269377399122,-68.8212981313278
6.7805,-13.972281216995,-115.747833241267
6.781,-19.0220970868882,-139.335072563691
6.7815,-23.7224287708449,-136.094798017345
6.782,-24.6467855930056,-136.538784756529
6.7825,-17.0154967597496,-176.591492603312
6.783,1.25591153838449,-257.8321592699
6.7835,24.063344629497,-344.37443975579
6.784,35.8206211345709,-400.717048083006
6.7845,23.5225841833919,-425.017187531541
6.785,-5.01589319583229,-440.689249551428
6.7855,-22.7187726654495,-463.062444144258
6.786,-11.8042308758635,-484.270468750695
6.7865,14.6237698638086,-488.433268702365
6.787,29.2148015618615,-470.514942691473
6.7875,23.4879809984596,-436.92926388627
6.788,12.3434146647348,-395.529213153661
6.7885,9.59322000417091,-350.365332744053
6.789,14.4063581580016,-301.728873630002
6.7895,22.172807514359,-246.984190607299
6.79,32.5192335298512,-185.458879164541
6.7905,41.5643739280989,-126.660081167013
6.791,40.0331008785211,-88.4153129847936
6.7915,26.4560183343717,-79.574942548334
6.792,11.8880901292917,-86.9441105950179
6.7925,4.87440516398405,-86.9238078908476
6.793,1.08634161002242,-69.973101047214
6.7935,-5.76334038043989,-47.170578221647
6.794,-11.8210717758249,-32.9767440547169
6.7945,-8.93575527078883,-29.8420973810046
6.795,4.78032839064106,-32.4527366386686
6.7955,25.7155247339127,-38.5649253954571
6.796,48.3633711223467,-48.12560527063
6.7965,63.7588847165771,-55.9934075213625
6.797,63.8845656372901,-54.9206255086122
6.7975,53.2592720426049,-47.3561683245385
6.798,46.4924979265529,-47.0206347164282
6.7985,48.5726356504087,-62.2265921460474
6.799,48.0880064924971,-79.217344996
6.7995,35.9080671537777,-70.0162467181301
6.8,17.8927754335449,-22.2909904616471
6.8005,1.00076452020578,43.0219685309201
6.801,-19.2693804492893,93.3023056045799
6.8015,-46.610799861841,123.200843159996
6.802,-73.0678630484595,159.104269189174
6.8025,-93.748482804022,218.077186659121
6.803,-117.721370973596,276.740764097963
6.8035,-146.849604653834,298.790781727386
6.804,-157.832942800686,286.947387298623
6.8045,-128.754567565025,285.051003802019
6.805,-74.9125439322929,325.411386120498
6.8055,-33.0997822236706,394.802859389835
6.806,-14.3704247947759,460.538208414757
6.8065,1.96156740752035,508.559628307452
6.807,28.3563962273797,539.311817827877
6.8075,50.8812940569241,544.384050357495
6.808,56.5329500962393,513.472544581489
6.8085,53.2800004759139,458.476963763194
6.809,52.7449000918709,405.771253139454
6.8095,54.4381213551682,362.48234032328
6.81,58.528436471334,309.995404429202
6.8105,73.6948141891354,234.265407633366
6.811,97.4354777482274,144.077129998555
6.8115,106.287543803682,53.5039184687427
6.812,83.7443348001851,-35.7198621349147
6.8125,45.6974815620817,-124.302675866323
6.813,20.951856252078,-202.302787088519
6.8135,16.3148052522159,-257.760217793438
6.814,18.2971760219893,-288.123396984094
6.8145,21.0725948272015,-292.899824392837
6.815,32.178101200717,-265.931287588013
6.8155,51.4269298098857,-208.065121382762
6.816,61.8493295096987,-139.059980688788
6.8165,46.8131119305689,-82.0260560492601
6.817,7.49122280063089,-40.5345299362002
6.8175,-38.6573986660356,-4.80322918873192
6.818,-71.3773655738961,23.6410480708059
6.8185,-81.7916874799921,30.4078786760813
6.819,-79.7794821513871,12.6660316753005
6.8195,-84.4076900516504,-11.1969446820882
6.82,-100.733586730276,-24.1769166158655
6.8205,-111.358880961447,-32.4660500432234
6.821,-100.021258431668,-55.4415263812358
6.8215,-78.0738970586791,-99.6837689013046
6.822,-74.1430309390555,-152.254745144592
6.8225,-97.8551893258786,-198.304396105818
6.823,-126.365791171304,-236.961184701504
6.8235,-130.419058219178,-276.177399633205
6.824,-104.955194718734,-315.732859721626
6.8245,-69.9976658675975,-341.332230622616
6.825,-47.627993316302,-338.260239448086
6.8255,-41.8243184532978,-308.352123417014
6.826,-37.0416499101756,-268.73150116174
6.8265,-14.2166785994016,-233.395876211418
6.827,29.5341253942952,-201.105904343068
6.8275,76.6582898753729,-164.020734285458
6.828,105.985156514072,-123.428008629898
6.8285,111.336191637541,-91.703773419601
6.829,100.893940083588,-80.5299505557471
6.8295,83.606585989561,-91.1309298719672
6.83,63.6482238851607,-114.51403850053
6.8305,45.1897944324672,-137.453181655742
6.831,33.2770938606285,-149.303312272883
6.8315,29.127565173313,-146.748216869246
6.832,30.7944574703526,-132.655292081143
6.8325,37.7262839960859,-110.06073302816
6.833,47.7563112881896,-79.4833268858156
6.8335,51.1572352910029,-42.5077983935439
6.834,37.6751397484466,-3.80805933178413
6.8345,11.5856447468058,32.0405705884325
6.835,-8.9794587292601,61.3215648039113
6.8355,-11.535491232547,77.5527398347071
6.836,-1.33720213896902,73.9286477247499
6.8365,9.41787968729229,52.8586804981593
6.837,17.3715890931328,26.6799971672529
6.8375,27.53845607691,5.77943263569031
6.838,42.1250744691762,-5.92124060132856
6.8385,56.2497451018846,-1.18704820873734
6.839,63.2907416156191,30.4540759203295
6.8395,60.3960907998443,83.3152302752937
6.84,49.3971488271843,130.90331595943
6.8405,34.7461401025756,156.770435828848
6.841,20.3985983242386,177.867034160314
6.8415,8.43610558894752,216.054264524276
6.842,1.51366404514182,256.131083532891
6.8425,4.4069520091003,261.222942668932
6.843,18.7348117053476,229.524659657946
6.8435,36.7547175828824,204.431358730126
6.844,45.8970906749444,217.902594922698
6.8445,41.0188628149067,251.023510368605
6.845,28.2747074921544,267.591031043773
6.8455,16.2724795028635,263.60505152919
6.846,8.0589788842076,260.134287868165
6.8465,2.58328660658458,263.072063103756
6.847,-1.58511822229016,257.223008101412
6.8475,-6.24794398039457,234.837749966584
6.848,-12.4582040326287,206.137457462075
6.8485,-17.2348647113553,180.865271377202
6.849,-16.2211481063857,158.148797655103
6.8495,-11.9182977196713,137.690997214949
6.85,-14.1013111245941,126.317901543821
6.8505,-28.8754302427078,128.565889825165
6.851,-51.7881259515184,139.273100792109
6.8515,-74.5167147972708,147.161058183072
6.852,-93.0941986012149,140.46345381066
6.8525,-105.97052136703,113.090417982755
6.853,-109.897888568567,72.6045274949394
6.8535,-103.761485832536,34.9090181593888
6.854,-92.8798539772657,0.790359234838109
6.8545,-83.8702301052506,-51.5495384510783
6.855,-77.6029813438198,-133.034077418146
6.8555,-71.4004227056442,-212.39485780593
6.856,-64.6713584996823,-244.676103626107
6.8565,-57.3327745227814,-230.282726817397
6.857,-46.2892110091793,-217.187473786735
6.8575,-29.8158124230348,-236.932450316595
6.858,-12.904750903001,-266.568633734763
6.8585,-1.50978846785669,-270.138017288049
6.859,6.95398502466141,-252.641457997892
6.8595,20.2501934893177,-246.705415207412
6.86,38.6720851168574,-260.492474076909
6.8605,52.6658337093035,-268.422746828411
6.861,54.4697206389001,-250.849299948766
6.8615,46.6433760528199,-217.640630888699
6.862,37.5112269612377,-188.354311113253
6.8625,32.9739137524577,-168.835015665031
6.863,34.4045326062396,-154.888073556268
6.8635,39.9127893792452,-144.369828916098
6.864,45.1549768518759,-136.544800242608
6.8645,46.1115997532785,-128.861812086353
6.865,42.887980505499,-121.788665693032
6.8655,38.0404844775687,-119.587543775603
6.866,30.5298963816083,-119.986825731136
6.8665,15.6995423900598,-109.812214061979
6.867,-6.48198611617387,-78.3542635888232
6.8675,-27.0312165317173,-31.391606186369
6.868,-35.5325357087295,14.08528780719
6.8685,-30.6485991750969,46.6168500439447
6.869,-20.542723689774,67.2042629719632
6.8695,-13.7308610188884,82.5384235356173
6.87,-11.2472493487459,96.8325640751122
6.8705,-7.33651785478906,109.086991684141
6.871,2.94229641719709,113.364789052619
6.8715,16.4570432929703,101.790747137552
6.872,23.2615552253503,71.9168095797097
6.8725,17.568739006001,32.8818374674154
6.873,7.16457461100282,1.40425453027549
6.8735,7.98974779135514,-10.9215413588075
6.874,27.3991338956122,-6.23478101002377
6.8745,55.3860548351388,3.87518008023072
6.875,74.4595672334984,9.90027211636574
6.8755,76.0266739718405,10.6957964833576
6.876,64.7787439945865,9.91252352088951
6.8765,49.1546450827395,9.76849414122992
6.877,31.4003956808737,10.6980890288798
6.8775,7.65019414686483,15.5639664268889
6.878,-24.4364534317992,29.771265322451
6.8785,-59.8522969026964,54.5318121332042
6.879,-88.4671438999556,81.9789301590828
6.8795,-103.133105066535,100.786282276426
6.88,-105.099654417999,107.490405019405
6.8805,-100.720787164751,109.824644280878
6.881,-93.4422067513626,117.33231183534
6.8815,-80.1903771380191,130.413769988892
6.882,-54.8131329284429,140.818861239054
6.8825,-13.4438690636748,141.878453151719
6.883,41.8923626176523,134.8614129771
6.8835,101.059979747471,124.187608248263
6.884,147.180223348492,109.73007557966
6.8845,165.50939817772,87.7424347199487
6.885,155.157882253045,58.8483829072615
6.8855,130.919999169223,31.1283624434447
6.886,110.812429885242,13.5567827065179
6.8865,101.356791939505,8.61315219300058
6.887,94.9807682356467,12.8545761551362
6.8875,79.8897796200013,22.5064831021377
6.888,51.1169004665808,36.4112119239838
6.8885,13.2190113020128,55.3701666707044
6.889,-25.776055961214,81.0228057702138
6.8895,-61.5809045517162,113.766026022293
6.89,-93.1151185444559,148.931212260357
6.8905,-114.690218973944,176.342830483938
6.891,-113.559257742843,187.572394899697
6.8915,-81.441644140808,184.564085866569
6.892,-28.2305301689025,178.9809611186
6.8925,21.2095625634561,181.909433164083
6.893,45.2305934986491,194.212798232454
6.8935,37.4870362888625,205.70316140042
6.894,4.03684800386882,202.459833536437
6.8945,-42.3118728165842,176.164779470313
6.895,-83.7610837271175,128.383335379501
6.8955,-105.006995618346,66.8891627828613
6.896,-106.105987596625,0.0549119357910573
6.8965,-100.966797218966,-62.8425779411509
6.897,-97.1201545581147,-109.942536444664
6.8975,-85.2438419990054,-134.772552195696
6.898,-56.9515851633625,-147.423063165297
6.8985,-23.8630729215577,-167.832820619811
6.899,-5.50918084625915,-202.683939232254
6.8995,-2.98111246412418,-237.966143772823
6.9,0.81276213178402,-260.709837813188
6.9005,15.9464664244562,-276.684995061521
6.901,34.950351563792,-295.687316009841
6.9015,48.2342408545357,-311.291657652333
6.902,54.9158805660668,-312.857309294114
6.9025,54.1580435663255,-309.31829775674
6.903,40.3433662556692,-318.389316159375
6.9035,14.8163618576541,-334.318160437949
6.904,-9.14416198502736,-331.10065690014
6.9045,-22.0274513707632,-302.267963331684
6.905,-29.3861973131483,-273.95347775648
6.9055,-38.7741689389514,-269.533554900696
6.906,-44.818192149439,-283.684848456477
6.9065,-38.0185891964945,-304.021886701619
6.907,-20.9290551354718,-335.694760610282
6.9075,-3.98797857178892,-384.408182198835
6.908,9.16929909398501,-431.777782991242
6.9085,20.5816995839409,-450.430897835862
6.909,26.8826113583704,-433.721226621955
6.9095,22.3260087199868,-391.338997338527
6.91,11.0199653815307,-327.099705833728
6.9105,4.09315716663617,-243.543478725696
6.911,4.94141751376285,-158.19147360694
6.9115,7.90863823912675,-87.9442401500503
6.912,11.0746708087031,-22.1664983733409
6.9125,18.9398736555534,60.3527641122645
6.913,31.3705406284587,149.013080413486
6.9135,40.9405005557379,208.302620257329
6.914,43.9785676888335,235.000948552621
6.9145,45.0298025127043,277.448335976659
6.915,47.9297924983143,378.694200054395
6.9155,50.920120812321,520.695729554703
6.916,52.2368786756627,645.018741401439
6.9165,51.5738080986836,715.800070704641
6.917,44.6025270469835,744.013863279178
6.9175,26.2013561686171,759.544046413584
6.918,1.60142631862086,779.054888678338
6.9185,-16.0915871550707,799.096479003207
6.919,-22.7688190419801,805.688064858717
6.9195,-27.3232244145694,787.920437499687
6.92,-35.5400900756683,747.851919226056
6.9205,-41.972001932122,695.596194945439
6.921,-43.0011808871492,632.786540596626
6.9215,-45.0769596957475,548.997358646835
6.922,-51.5984646358475,439.888626946296
6.9225,-53.1257617981983,319.840002374037
6.923,-41.0285026565178,208.721323329694
6.9235,-21.7918526469528,113.958797596816
6.924,-7.70627186242466,33.4309506592736
6.9245,-1.78223400001815,-32.94572399163
6.925,-1.55955211881371,-84.9300307582427
6.9255,-8.1504586251992,-127.857634985501
6.926,-19.6365846189216,-165.859692764522
6.9265,-24.8845441761839,-195.395021200426
6.927,-18.0889565401564,-216.593151963127
6.9275,-11.4800542854033,-244.73731595141
6.928,-17.8672841420556,-296.852833673633
6.9285,-27.446146910438,-369.349386782511
6.929,-20.1065856538847,-440.793333676103
6.9295,3.36485701146037,-495.324885232727
6.93,21.8542419932463,-532.945102402097
6.9305,24.7101276944378,-558.969844933799
6.931,22.6179753691545,-575.150115690596
6.9315,26.3191564571053,-581.485680124312
6.932,33.8887770519097,-576.923646533943
6.9325,43.199853658149,-557.450983217411
6.933,57.7550345505125,-520.803270235413
6.9335,72.8978094332906,-471.591442316394
6.934,73.9266931505575,-414.853155465031
6.9345,57.5170898829845,-349.37311213968
6.935,39.9413378509419,-277.626635429901
6.9355,34.516434248458,-216.536494724539
6.936,35.6838115175717,-182.734231106893
6.9365,35.4974859470408,-168.425996546343
6.937,39.4711130307228,-148.198637701547
6.9375,51.5469815502189,-111.84024970303
6.938,57.7790272645669,-74.8089596723091
6.9385,43.4766623128718,-52.5249397739132
6.939,17.3864378374929,-40.9086023300823
6.9395,0.671095008928995,-29.8933190398296
6.94,-1.85643963903336,-20.5232862456904
6.9405,-1.90881462491708,-16.7721383063378
6.941,-4.10452714936733,-12.0873470559829
6.9415,-1.3158884975819,2.36490611459875
6.942,6.7648745327837,23.2310555962262
6.9425,7.98746460727215,40.9365863601535
6.943,-5.60014890499993,54.9180089612528
6.9435,-27.8529343286893,71.6164067903963
6.944,-47.8831750773979,91.2171837283905
6.9445,-59.3329293319879,107.44310570654
6.945,-60.1751588153518,118.459917653662
6.9455,-54.2131178227381,128.236281140768
6.946,-52.9893562858684,138.57505436958
6.9465,-65.1148421606232,148.852583861374
6.947,-83.3298685351413,162.313601193115
6.9475,-92.6803129873365,183.109898565134
6.948,-90.095319990328,206.898672063212
6.9485,-83.0625948366388,223.235105828746
6.949,-70.7809773761803,228.853854792405
6.9495,-44.0454157893157,231.460979539897
6.95,-6.68021715939315,239.203994833721
6.9505,20.689639617197,253.010729626939
6.951,25.5252246569819,269.877829889533
6.9515,17.3444137571627,285.979918190715
6.952,9.50278219337438,294.700692911276
6.9525,2.06096327525378,289.634293195283
6.953,-7.65962062540266,273.597190009832
6.9535,-12.3681035509656,258.471828709561
6.954,-6.15951131540421,251.654446608582
6.9545,2.49802258610414,247.365256671656
6.955,3.03529634433751,235.223792131956
6.9555,-0.477286912717461,212.707237294316
6.956,1.84177768248889,184.810339936137
6.9565,7.83503073564417,155.819638746178
6.957,8.30033354752013,126.73357775884
6.9575,3.85197063556089,97.7535109848185
6.958,2.89769780640115,68.1051686087704
6.9585,7.35474186157309,35.5218937371727
6.959,13.250199482896,0.604301684819718
6.9595,20.1622222474116,-30.4447906846425
6.96,25.9378238419983,-52.4473072793739
6.9605,17.9431995739301,-68.796698336221
6.961,-12.3062750032659,-86.8820616473586
6.9615,-48.0403827893963,-107.20663829471
6.962,-60.3113413144327,-123.242008294523
6.9625,-44.6305106743113,-132.045373848417
6.963,-26.6598784557127,-138.564397992333
6.9635,-26.5714866749067,-148.182932883428
6.964,-34.8909872617543,-161.469518081322
6.9645,-31.6431381470578,-178.779397058268
6.965,-14.1279888797141,-203.197400285682
6.9655,5.25824939455338,-233.623393066271
6.966,17.3731419325465,-259.874225948208
6.9665,21.4092560288965,-271.679249233837
6.967,20.4154138774474,-270.944344614466
6.9675,22.0794670645559,-269.138086434179
6.968,36.5408523121459,-272.795555416125
6.9685,63.1968453094857,-276.9648172482
6.969,85.7007205009772,-273.905803927535
6.9695,89.9763911772226,-263.416992630314
6.97,82.4057596378703,-251.748062771438
6.9705,80.9234856303985,-242.835797205507
6.971,92.4794371101785,-233.602536313235
6.9715,108.437768922126,-217.661090766666
6.972,118.016640698225,-191.838299071696
6.9725,116.170984471577,-157.774728508619
6.973,101.171904004327,-117.086159972359
6.9735,75.4657195711901,-67.3301056828679
6.974,48.8536180239251,-6.46430987583253
6.9745,31.0347843783061,58.6211204621206
6.975,19.1224671383205,113.105854752619
6.9755,0.0297375251692374,147.440800680055
6.976,-32.5579212431218,166.996758562668
6.9765,-69.3382542251346,185.38789639551
6.977,-95.5842248962739,210.528541502869
6.9775,-106.079660679667,239.824922581619
6.978,-108.441721647796,264.782622226975
6.9785,-114.135045184894,275.203645474636
6.979,-125.927793854715,262.82584556417
6.9795,-131.872358894059,228.71409112013
6.98,-113.654788829176,186.163754832407
6.9805,-64.9053251410434,149.351312279605
6.981,-0.399725286401055,119.602059761797
6.9815,55.6638719990304,89.5551980448835
6.982,88.6373033224562,59.2583006876524
6.9825,98.7900961600412,38.2723573821422
6.983,93.2158456434017,30.6506653723339
6.9835,78.9666886609982,28.3883700587468
6.984,61.8106098866214,23.7333475903318
6.9845,45.2410442191388,17.7760110833582
6.985,30.6605127095803,10.4236894099434
6.9855,21.235741263176,-7.85723689279974
6.986,21.6445969855372,-42.3764267081602
6.9865,29.1684400207084,-76.53565183475
6.987,29.9959100714367,-80.347158196145
6.9875,12.0924682753214,-40.127861295549
6.988,-21.176661059797,24.9363348533667
6.9885,-57.1066783889873,77.138802922058
6.989,-88.6012833450816,89.3873891557752
6.9895,-113.476794084564,63.06881014782
6.99,-123.615244240625,22.9747140037655
6.9905,-109.694511844391,-3.56643318381909
6.991,-78.6707664028222,-4.63714250315918
6.9915,-53.506999223103,15.4498901659471
6.992,-49.5903320041676,46.5782342123388
6.9925,-59.705084972474,77.6809652279742
6.993,-66.789993104802,94.8257424783738
6.9935,-63.7330077432915,86.457344993119
6.994,-55.7359393859537,54.6987205311901
6.9945,-49.9711742049369,13.5510260489391
6.995,-48.4537443735531,-26.9100652672794
6.9955,-47.1082851844206,-65.0983469722289
6.996,-38.8343235707506,-94.13536987988
6.9965,-21.2851967301444,-98.1304393021032
6.997,-2.04975460769883,-72.2076830110503
6.9975,9.68684146206322,-34.6658236168664
6.998,16.0972760931096,-6.6491086713252
6.9985,26.8970648735583,11.6060084721907
6.999,42.5918534497555,32.3398475527687
6.9995,52.8195086248156,58.1739703042919
7,54.1591785516816,83.3912540348253
7.0005,57.2662357406437,107.780223505503
7.001,70.1653470384219,130.780311205353
7.0015,85.4684796322029,139.297897197011
7.002,91.5901426660352,122.570058542672
7.0025,86.0855912806426,93.7009473732675
7.003,69.3826876433144,71.4801897308478
7.0035,36.9883878792652,42.9243774940398
7.004,-8.87105358194789,-25.7160079337009
7.0045,-48.0436283686971,-133.226341380816
7.005,-58.2469299935362,-227.838053506091
7.0055,-39.5355151888945,-263.369976127544
7.006,-11.3308992549769,-248.950240805108
7.0065,11.7898225552505,-225.845111710449
7.007,29.3313880794738,-215.235678014455
7.0075,42.9847290483562,-210.285591946886
7.008,50.2600145039355,-203.415693279213
7.0085,52.0886978755859,-195.066575546023
7.009,54.7380732853423,-182.296271027942
7.0095,59.7351190974396,-161.627406907281
7.01,60.0857811329365,-141.123645053495
7.0105,50.283020182164,-131.929153693149
7.011,34.2116741846933,-130.268057603516
7.0115,20.7754039317046,-123.192574069633
7.012,15.9967787961712,-107.921674885198
7.0125,19.1756886705883,-89.3668896864856
7.013,21.8151649159867,-63.4678482067679
7.0135,12.3226553329052,-21.7414189225612
7.014,-11.1531119619568,30.2068672749418
7.0145,-34.2819914467737,77.5630226301522
7.015,-40.9370426107251,117.698463841676
7.0155,-32.3384321170302,156.261104302967
7.016,-22.8027291285521,182.740691402162
7.0165,-18.4836819216671,174.67495190222
7.017,-12.2977738280175,132.953970228006
7.0175,-0.129656701389533,90.9046143220935
7.018,11.6657303415282,77.1929306297077
7.0185,18.689474108661,87.0227406019048
7.019,25.3553751830081,100.37230376138
7.0195,33.0372184854542,110.392834463236
7.02,33.1297994424813,119.050834457019
7.0205,20.1943726097947,120.332232761098
7.021,2.24163836427089,106.848721569124
7.0215,-10.8180223448736,84.8059080735197
7.022,-20.0245513291944,65.8507351525897
7.0225,-29.4193203168547,49.6959708204894
7.023,-34.5945080272673,29.6480867351963
7.0235,-31.2505936439625,10.7654925537867
7.024,-27.5981203016029,7.28783380714913
7.0245,-33.7577658544388,23.0068240477482
7.025,-43.3854114718772,46.5256230345273
7.0255,-41.6794152604542,65.8708333153284
7.026,-30.43302634264,77.678995076734
7.0265,-28.3651809099536,82.558947548073
7.027,-43.2246994020094,81.4581291110168
7.0275,-59.1714632064853,77.7889788811458
7.028,-59.2150398376389,75.6966238190689
7.0285,-47.2346455283776,75.3050011577922
7.029,-37.8746943617236,74.2771302135336
7.0295,-35.0731344952738,71.9447444219109
7.03,-32.8517979497482,67.0680120705614
7.0305,-30.0210051086209,55.9919013425422
7.031,-29.8901741311339,39.7106281191479
7.0315,-28.6458287649632,27.4281196984683
7.032,-18.6649832806278,24.2139124260627
7.0325,-4.02743359375195,20.0111040373565
7.033,1.38200258635171,1.66936402943122
7.0335,-4.68483489865305,-27.5732379506164
7.034,-6.39173515853358,-52.1312973083092
7.0345,7.87854811225444,-64.9994327976016
7.035,28.2489434835939,-72.0545176909352
7.0355,38.3625428788568,-76.683866006872
7.036,37.4365117897807,-74.254334104993
7.0365,33.7279338907634,-64.2464413102819
7.037,24.1668655857424,-55.1882314865279
7.0375,-0.597772346654711,-53.1333131295542
7.038,-32.4489566671692,-55.5938846295146
7.0385,-47.6059357674049,-61.227158507201
7.039,-37.9157470826227,-75.9256632899784
7.0395,-22.3824456873439,-103.943456166476
7.04,-17.5674117381815,-139.96093572203
7.0405,-12.8607139420417,-173.543525208866
7.041,9.72255975515818,-195.302793715586
7.0415,43.7160204705734,-197.85134661572
7.042,65.3512344021005,-179.609552634055
7.0425,66.1992861138484,-149.740733556227
7.043,59.5185859306007,-120.660692196263
7.0435,56.3198717700006,-94.4029366866704
7.044,54.0988733011539,-65.8155866571141
7.0445,50.6835492893042,-38.4222166122408
7.045,50.6984002903857,-22.4540529424305
7.0455,53.1950214946646,-14.3256550342824
7.046,49.5777852666477,5.2300162806089
7.0465,40.8832633176377,44.7905235428994
7.047,41.1011455536057,88.7851302587489
7.0475,53.5244517219179,119.917398789422
7.048,58.9235227502151,140.930392999878
7.0485,41.1401804238355,162.263818921475
7.049,13.0890310878909,181.240644652018
7.0495,1.43525953918371,188.403858705845
7.05,12.4227224857771,184.781281756862
7.0505,28.2482623265127,177.652662644438
7.051,32.4873559022407,166.353621343177
7.0515,23.2222089970416,146.410780033486
7.052,3.31369734879228,121.307744138481
7.0525,-24.9823252629984,96.6068875486002
7.053,-52.1889848294269,69.0226697082567
7.0535,-62.4493564233677,35.0990887913312
7.054,-49.4005724956812,3.55821226061999
7.0545,-23.8907430934306,-16.2268014383507
7.055,-2.05493130265243,-31.3165959166968
7.0555,7.75890253810313,-54.3632072538208
7.056,4.63534096702813,-82.0689312419413
7.0565,-9.02136350119554,-102.297368123714
7.057,-26.3279430079727,-116.472870420322
7.0575,-37.5598355137998,-134.424916536023
7.058,-38.6702760352763,-151.850054222942
7.0585,-34.5822456432168,-156.554779190156
7.059,-31.1880629398112,-155.074787423202
7.0595,-28.7090232575806,-166.445941947225
7.06,-25.6485445108328,-186.56987539072
7.0605,-24.0345549937152,-186.540686882804
7.061,-26.9171177972182,-155.426843210592
7.0615,-34.5662054164579,-118.85934085441
7.062,-45.9453719863107,-101.475910595562
7.0625,-59.5204505774023,-93.7732176576506
7.063,-69.7479042260791,-73.303166768981
7.0635,-68.1227509247707,-39.3053562273139
7.064,-52.6344798987373,-6.11694693716149
7.0645,-32.7112512497549,23.7543320809107
7.065,-20.0339997860717,59.6333280300921
7.0655,-16.6793003313992,104.587498994523
7.066,-16.0387477941065,153.800690512364
7.0665,-12.7627607408753,202.448462803187
7.067,-7.2450957144514,240.230602848741
7.0675,-1.6422416106676,247.94696592236
7.068,4.15865085286963,217.062035592005
7.0685,11.9400250078126,166.338694930858
7.069,22.2766172530791,123.798002372494
7.0695,32.4722819757696,98.9673155184113
7.07,37.8856655112939,87.2465767292467
7.0705,37.3869472039674,91.1317592057571
7.071,36.5997628391673,115.889245813479
7.0715,41.3402496313183,149.405110207456
7.072,47.8807219312866,168.792521238541
7.0725,46.2119506008646,167.541462657495
7.073,35.2695356115501,156.926502501294
7.0735,27.6281832572677,139.178964726008
7.074,33.6232162154262,99.4118810931784
7.0745,46.5977214254476,31.0389542024522
7.075,50.9843335909685,-46.3224148472553
7.0755,41.028463442571,-103.385221289719
7.076,23.86350415155,-126.842279779072
7.0765,6.97368355237815,-123.896328378565
7.077,-8.39529903201499,-110.526532115871
7.0775,-21.7911354494613,-100.808082077085
7.078,-30.6030106509896,-101.482486414016
7.0785,-35.2484601922455,-111.886537759382
7.079,-40.8306606082537,-129.865243742404
7.0795,-50.2792150312493,-155.112620845788
7.08,-60.0926631163937,-183.722298178648
7.0805,-65.3334256502205,-206.554493202885
7.081,-65.1919609733655,-220.278269798001
7.0815,-61.5363746341386,-231.732531887194
7.082,-55.1209598058728,-241.352849624246
7.0825,-44.9444063305212,-233.173546714361
7.083,-28.8667113631668,-197.139890257073
7.0835,-4.54150081236434,-150.732554297601
7.084,26.7264771300499,-116.162156100877
7.0845,56.8438749073553,-84.1892506632549
7.085,76.1809315331721,-30.6952280139757
7.0855,83.0512889206744,30.7991575164025
7.086,83.8141011142009,48.4895562923477
7.0865,83.2126409209304,-0.866789923884884
7.087,80.3421519529694,-71.6603996558176
7.0875,75.3616518375373,-96.769421500311
7.088,72.835476372221,-56.7109484131395
7.0885,74.4711415326236,17.6885308761069
7.089,75.0268989761985,93.2036132926779
7.0895,70.7300057130707,158.321707743253
7.09,66.0188409769441,208.783798058612
7.0905,65.430633552629,237.445182586225
7.091,63.8277326683168,243.377101453882
7.0915,52.942692553706,235.456677410623
7.092,34.7660875327068,223.236859396084
7.0925,19.8432883854048,213.204259227304
7.093,13.1965421741235,212.233098437132
7.0935,9.85534424265553,223.616084481413
7.094,4.0834037252045,239.511730712824
7.0945,-5.18921569107176,245.751450822768
7.095,-19.0665288215263,233.743442606551
7.0955,-40.2053803587041,202.480014647934
7.096,-66.2715302083475,154.200137162975
7.0965,-88.7656285493649,96.559598694867
7.097,-102.599348120625,43.7821930593294
7.0975,-111.704706624362,5.35480038739749
7.098,-121.450947117848,-22.7541683816447
7.0985,-130.52720766868,-46.6920604535539
7.099,-134.561969225599,-60.834728820934
7.0995,-133.356370527418,-57.7145838499827
7.1,-129.729403066022,-46.6257865099851
7.1005,-124.236491902916,-46.5826580602324
7.101,-115.005602436076,-61.5644085028647
7.1015,-99.994051153915,-77.8742053221558
7.102,-76.4307222611102,-87.5072293806051
7.1025,-42.3873579486443,-99.0223258809721
7.103,-3.33030427210438,-120.573134544461
7.1035,27.2301402139979,-145.676564284328
7.104,39.7312988480604,-163.376267404864
7.1045,38.7487861617497,-172.531877999511
7.105,35.9510719274911,-178.057145662053
7.1055,35.84267890511,-180.29240197149
7.106,34.8236932511515,-175.836399751931
7.1065,31.7777741510227,-164.155991464442
7.107,31.291677923931,-147.18278812212
7.1075,35.9904883125349,-126.088028859169
7.108,42.8034649243331,-103.416518579992
7.1085,48.2873915690318,-84.9602695912521
7.109,51.5055924736257,-74.9116657954822
7.1095,49.786658467772,-71.5082149385383
7.11,37.7023404030893,-70.3854494624192
7.1105,14.0031704514415,-69.2186043248658
7.111,-13.8457561773997,-66.7234168525624
7.1115,-34.9896602263556,-61.379410792803
7.112,-43.3543193267634,-55.0206216651465
7.1125,-39.9746193474275,-54.2365786615683
7.113,-30.2068034252451,-63.1928340477467
7.1135,-19.7185105880275,-75.7203511249444
7.114,-11.0765408460572,-77.7577951165041
7.1145,-3.81691621092495,-58.3353895003458
7.115,1.59352884310929,-18.2670537693115
7.1155,3.52064677204136,30.3615305505715
7.116,6.50790965601478,73.2432905690193
7.1165,23.6010416649533,104.621466195661
7.117,62.6589823122553,129.256787443314
7.1175,112.345699999207,152.26264528811
7.118,151.286229453647,169.909893563639
7.1185,170.728594888367,176.076769022814
7.119,177.970244281487,176.096293190021
7.1195,177.735497529301,184.978420864177
7.12,164.410592891149,208.375971013132
7.1205,137.323353980791,232.868071328164
7.121,109.097501334698,241.14200776831
7.1215,88.9532204358475,231.386900318464
7.122,69.047256415895,214.39856663166
7.1225,38.8641163977896,195.363773818279
7.123,3.26432943260349,168.082244729919
7.1235,-27.4318354586543,127.652800620589
7.124,-56.6089533353317,79.8279053609683
7.1245,-92.7211251352559,33.1947826464147
7.125,-125.322483916488,-11.9285467171565
7.1255,-129.99497601182,-60.2387991606908
7.126,-101.664121210176,-109.801959920063
7.1265,-67.194499271538,-150.836111320519
7.127,-56.7487287376633,-176.759059948132
7.1275,-73.0400869071994,-190.299935357088
7.128,-96.1625345327984,-196.445615279735
7.1285,-109.586079537755,-195.662358218384
7.129,-112.100501979314,-188.706128851646
7.1295,-109.470493661956,-181.796377293109
7.13,-103.976936717265,-178.749160197093
7.1305,-92.7074993273971,-172.356841606915
7.131,-72.0927806914792,-154.591181684583
7.1315,-43.768516114325,-133.10168257155
7.132,-16.3157094988542,-123.046135843992
7.1325,0.906803049031058,-120.795752944849
7.133,5.50405581712044,-103.899031461569
7.1335,1.09822604647652,-66.7505512430132
7.134,-8.83878410669342,-38.3991250271702
7.1345,-20.3068439220383,-45.9157774298907
7.135,-24.1686458307328,-71.1952474395015
7.1355,-11.8276243346796,-67.702292186444
7.136,12.6500083732976,-16.9914806337007
7.1365,34.6298610950425,54.9507378944085
7.137,45.942856835143,119.196776409452
7.1375,51.6193236199132,176.232282974242
7.138,56.8369638964721,237.083471762154
7.1385,57.5736361669226,295.320123785677
7.139,50.6971368157976,336.239915637093
7.1395,43.7877220927346,359.196248316343
7.14,45.0726111870321,370.800683979776
7.1405,49.6359342882147,364.472623077872
7.141,45.8336849314198,326.602419356918
7.1415,31.8584695934564,259.93443194197
7.142,16.2276944346699,183.549686734433
7.1425,3.96794857754796,110.36145965621
7.143,-7.75275582773322,40.1646335728131
7.1435,-20.0435367739105,-24.8405066172217
7.144,-27.5298422007949,-74.1041662223893
7.1445,-26.2330754439976,-102.712287043498
7.145,-20.4659143985716,-117.818609040556
7.1455,-18.8079854859484,-125.202523150505
7.146,-26.0337814190516,-120.545770957697
7.1465,-39.8332580048402,-100.781591198705
7.147,-52.7055447409331,-74.9084694530684
7.1475,-57.0693615143045,-56.1109957803302
7.148,-51.474119096088,-49.5606290774205
7.1485,-41.832444461285,-53.5982263673324
7.149,-34.3862533308795,-66.1048162673892
7.1495,-28.582566660143,-83.5159657565027
7.15,-19.496490089239,-99.8395912403475
7.1505,-5.74065251403775,-113.465039096552
7.151,8.26365385179863,-130.074919944845
7.1515,16.8907074702134,-153.015714403745
7.152,17.8466217117604,-176.20331595896
7.1525,14.2229037911925,-192.586927445614
7.153,14.705481023725,-203.217770914349
7.1535,28.5293587971074,-209.999023061407
7.154,55.6097994843499,-205.940569230329
7.1545,83.3681184766267,-183.994087619216
7.155,97.4441361973907,-152.37842326441
7.1555,94.2831413763121,-128.756452968808
7.156,80.4410938448881,-118.593647888944
7.1565,63.0902977208717,-110.144228032056
7.157,46.1135851607034,-93.1680247530909
7.1575,32.4026715208741,-72.5485845263336
7.158,23.5190993038159,-58.9782949819739
7.1585,17.7590885686022,-54.2978003532197
7.159,12.7967550212465,-51.5089518728711
7.1595,8.30341442207718,-43.4243346846824
7.16,2.4675281231647,-26.387028554471
7.1605,-9.06445727252995,-0.519729395300697
7.161,-24.3205553431685,28.697471978464
7.1615,-30.5676232350613,53.0244598256733
7.162,-18.6639830795734,69.9435325515363
7.1625,1.66962110520113,85.1467189043548
7.163,12.7150509752424,103.627993025474
7.1635,13.4252569203018,123.385572254296
7.164,19.5990875770491,141.866069817854
7.1645,37.4860327393107,162.334349139067
7.165,51.6489947844985,187.003390070926
7.1655,46.1845455084912,208.438410469719
7.166,26.7251293802294,215.871636843694
7.1665,11.7386509357652,207.762774059202
7.167,9.0174579736224,190.812354950214
7.1675,9.94321975176124,168.671141712356
7.168,2.94983294632207,139.759741276323
7.1685,-14.7501486478953,105.27566506461
7.169,-36.2611608948402,70.4497928529806
7.1695,-50.9929797168344,36.5952183998459
7.17,-54.855996467741,-0.0775146321726259
7.1705,-57.3704158330651,-39.0830261987221
7.171,-72.3848821084547,-71.5641698467734
7.1715,-97.4579801669206,-88.1988546294499
7.172,-110.385565307301,-85.745515401199
7.1725,-93.7774282018705,-64.3508784938475
7.173,-56.9312681105353,-25.7304624056634
7.1735,-25.1500734036932,22.4702385978081
7.174,-12.9116908486174,67.4236875778252
7.1745,-16.4666163297211,101.536363538576
7.175,-27.0484686195323,127.667479561507
7.1755,-39.1433582243188,150.450919535494
7.176,-47.9277969727142,168.45259888199
7.1765,-50.8685210423553,179.681706038724
7.177,-53.1123258698469,187.813025982596
7.1775,-61.9650972443615,194.680210755156
7.178,-75.4213697664326,191.115031200935
7.1785,-84.8528472987127,164.867847684892
7.179,-88.3531232186721,116.490990192723
7.1795,-90.5395802478328,59.1528336767761
7.18,-88.707492763008,3.01857442328556
7.1805,-72.4994686861866,-51.9760699786503
7.181,-41.7814221096502,-106.8047136061
7.1815,-12.0269456181094,-155.389005569743
7.182,6.21327075064896,-190.337342080973
7.1825,22.7040394559505,-211.333153791476
7.183,52.0059272436409,-223.2008385503
7.1835,90.3514502510375,-228.597457611437
7.184,120.102796598139,-226.554908239589
7.1845,133.100107136611,-216.888207708998
7.185,137.348001149066,-203.09184144727
7.1855,141.448590548904,-190.812008882606
7.186,144.168445933589,-184.144679007052
7.1865,142.076158526546,-182.694414976022
7.187,138.037553505483,-182.083602039858
7.1875,137.038379346321,-178.098586134653
7.188,139.174235272927,-169.58136722342
7.1885,140.885188383285,-156.2106575904
7.189,138.63100103221,-135.795280481537
7.1895,127.443502635055,-107.084665861234
7.19,100.347905214135,-73.6424274677952
7.1905,55.6470300302746,-40.6468914333793
7.191,4.4358643049806,-8.92102512272739
7.1915,-34.0339094371942,22.69593012581
7.192,-47.1712254836572,49.9902786038863
7.1925,-39.1272977988308,66.2163856291091
7.193,-26.3585454156803,74.4715435281536
7.1935,-23.7527662217362,88.5507282850043
7.194,-34.0961802968289,114.662004514783
7.1945,-48.8950620817675,138.571214665454
7.195,-57.8030408338877,141.006762399305
7.1955,-56.9126149271955,123.665155786515
7.196,-49.0575688973641,108.521391814513
7.1965,-38.5946788221882,109.26649021936
7.197,-28.0247474925592,115.82193385985
7.1975,-19.1198911308858,115.592395641807
7.198,-14.534076719907,118.768748597389
7.1985,-16.3567395730062,144.105441419268
7.199,-23.6569362556195,180.308337308673
7.1995,-33.00328791302,183.616637494764
7.2,-41.8018757397405,128.748250620503
7.2005,-50.1725857941038,50.0692425771415
7.201,-58.7570587845714,11.0527162431712
7.2015,-65.5880299103171,33.4362621145229
7.202,-67.2888908517454,75.5033745329517
7.2025,-64.0466573457814,85.4315906952306
7.203,-60.9632121261651,57.6441455732298
7.2035,-61.9259976655742,24.3826056009603
7.204,-63.6128138101846,7.42204215465392
7.2045,-59.2748553743711,-0.919237295956308
7.205,-48.3125910020011,-14.0744710038145
7.2055,-37.8031102521936,-30.2852934929366
7.206,-33.1812759499908,-40.851806461068
7.2065,-31.7699884291239,-45.8139018890225
7.207,-28.435116525182,-54.1381600097504
7.2075,-23.6658000574945,-74.8838521063374
7.208,-21.4416186904081,-110.937662082801
7.2085,-21.6842416812543,-154.492003957465
7.209,-20.4720944738211,-187.556143521097
7.2095,-17.1222548470739,-195.956739314418
7.21,-15.4943623124017,-185.35684164553
7.2105,-17.1645616917831,-174.484274052503
7.211,-18.0416723845215,-170.080169467813
7.2115,-14.0868393615193,-159.401283195585
7.212,-6.99154614691658,-132.231150402426
7.2125,-1.32767847168094,-98.5151629329638
7.213,2.0891495915451,-75.396908479887
7.2135,7.48297445963152,-65.8994981427506
7.214,19.2148381735465,-60.2299968088928
7.2145,36.5758344560293,-50.3946941034687
7.215,52.9931271870998,-32.4934928859295
7.2155,60.6737327984301,-1.41779367546594
7.216,57.6532965069537,42.5760292873564
7.2165,50.328120947582,84.1895038750319
7.217,47.4319729920046,103.463876648246
7.2175,51.704847717839,97.9884021438423
7.218,59.0924181486663,86.0232575443314
7.2185,64.8456508682418,87.0712752605608
7.219,67.1355799619495,107.295959265148
7.2195,65.5620269933743,142.19837740817
7.22,60.89670933786,181.561539300536
7.2205,57.0618625063981,209.873435414982
7.221,58.4356986435897,214.28110826644
7.2215,63.0744829209028,198.523579819148
7.222,62.9501767480581,180.936958084993
7.2225,53.629406615983,173.327306828899
7.223,39.7123115794288,169.085425016054
7.2235,27.5551912101593,156.855222602087
7.224,16.8374428573712,137.007285203727
7.2245,3.9114621433477,116.676180223824
7.225,-9.8265867151856,95.783054120949
7.2255,-18.7625506227808,68.4942320487311
7.226,-21.1815523630413,35.3665045262072
7.2265,-21.4530207507153,4.46100398940204
7.227,-23.8346514236821,-18.6723386008308
7.2275,-27.7885998643242,-34.2116613853011
7.228,-29.9291872373212,-42.3379843199272
7.2285,-28.0578652405657,-43.1142012630147
7.229,-23.138711944599,-43.0876175722662
7.2295,-18.8887961063819,-53.2867714295754
7.23,-18.4746567414515,-76.5279125710719
7.2305,-20.161378149829,-102.417551928737
7.231,-18.3805672514153,-119.094304866699
7.2315,-11.2990552069743,-125.958978884624
7.232,-4.58476319857235,-131.496048342037
7.2325,-4.57468130693477,-142.555976838512
7.233,-10.6022404767524,-159.702977807224
7.2335,-17.8674438377148,-179.661629023084
7.234,-24.5674266759919,-197.577752472575
7.2345,-30.9323212318438,-208.661793979159
7.235,-34.1202000878211,-211.540739199188
7.2355,-30.8371839937499,-208.459925253291
7.236,-23.7420441185463,-199.031095624743
7.2365,-18.5980794709912,-176.93254969337
7.237,-15.7769161270901,-138.328424683216
7.2375,-11.315186819224,-91.5004703797407
7.238,-5.68103195192762,-50.7975932631624
7.2385,-3.54010889750839,-20.4709013424243
7.239,-4.35086962418544,8.19057928553525
7.2395,-1.90285777511959,41.1915780696399
7.24,4.58855020348107,70.7247903580936
7.2405,7.55384771189663,85.2964555683483
7.241,2.92116761874403,85.8090185915991
7.2415,-3.29008861891786,84.3738820087608
7.242,-5.25313701868668,89.2119656325515
7.2425,-6.5682068447521,97.4107690772242
7.243,-12.5776837360542,102.180804861957
7.2435,-19.7443824158873,100.887694474415
7.244,-20.5936608119196,94.6041541004093
7.2445,-15.2433464037094,85.0796588903391
7.245,-10.4573921982146,74.6843313761473
7.2455,-9.77628078468813,65.5385901873872
7.246,-11.3968763948231,56.087756228802
7.2465,-13.9828229295578,41.7516827170641
7.247,-18.1628502107126,22.4203344002458
7.2475,-23.2052973490346,7.58353183227399
7.248,-27.3538709279337,10.0893967968173
7.2485,-30.1384591493147,33.6499664480872
7.249,-29.8326151749201,67.8788640824182
7.2495,-21.1920073041469,96.748099531017
7.25,-1.70973423027917,111.900992013497
7.2505,21.4457095092268,117.174152023895
7.251,36.7424025395932,120.321196548718
7.2515,39.7742302427145,122.611556459387
7.252,34.4707890477906,119.258317553698
7.2525,24.824740522558,108.552549275949
7.253,11.9012103256428,95.0393951239757
7.2535,-2.00213367339005,81.9890868904571
7.254,-13.4159374498781,66.4091353202312
7.2545,-22.4148476576228,45.4859721431962
7.255,-30.9175212392014,22.4412871087582
7.2555,-35.6396329312449,-0.555072401778927
7.256,-29.2664295141586,-30.8419711350672
7.2565,-10.258763420586,-77.2208963783834
7.257,14.3505048000454,-134.438236635701
7.2575,37.772766894294,-185.574269844596
7.258,59.4820571000827,-222.525983219609
7.2585,80.1783917482121,-255.94751774939
7.259,96.0970364484553,-299.481042743534
7.2595,101.691915037371,-347.96523595517
7.26,94.6604414174517,-375.379146366209
7.2605,76.4213620697339,-354.170665174457
7.261,51.0522404821023,-278.558820719482
7.2615,24.8269485726206,-172.536657733653
7.262,2.60550610462083,-71.5088704881912
7.2625,-16.3537144143653,11.0156632567142
7.263,-34.3095724454099,94.5084549405772
7.2635,-46.2823946424125,197.826454638639
7.264,-42.4021613079857,297.804326366431
7.2645,-22.0522556821081,341.06535437898
7.265,1.1960379540173,304.827081591065
7.2655,14.1054700521573,229.242625653991
7.266,18.1747635268719,175.974140697537
7.2665,23.8266215300909,166.852503667214
7.267,34.6205596714877,178.124757892967
7.2675,44.3295385472751,182.800318863486
7.268,47.2921646344403,175.724394700649
7.2685,44.1457779737686,159.993067120751
7.269,37.3678941338916,132.800884173183
7.2695,27.9298049350972,92.9520284175659
7.27,17.9833979206714,47.7549872108629
7.2705,10.74495707966,4.52576509921001
7.271,3.79402088254095,-34.9599168751257
7.2715,-13.2420017628445,-67.0697757125393
7.272,-47.8199354047504,-84.8796102686933
7.2725,-90.7094215114002,-90.4471710021242
7.273,-118.638620246795,-97.6416657398692
7.2735,-115.821169165575,-114.215630190272
7.274,-91.849932611277,-129.525858471821
7.2745,-72.9594274451475,-128.944350814215
7.275,-74.2066140830556,-113.460457214705
7.2755,-85.7721174540211,-95.8717688760747
7.276,-89.9761424235229,-83.778337096869
7.2765,-84.7656542323198,-76.5413334737474
7.277,-81.8279268058934,-73.934082535964
7.2775,-85.7843096566924,-75.540855897989
7.278,-87.4578108921914,-73.4707703361599
7.2785,-78.6763145530515,-58.3234954212479
7.279,-61.768404943869,-34.2228063576651
7.2795,-39.9781370298198,-17.0351322181575
7.28,-9.95631881025773,-13.9961209849303
7.2805,27.9507564976534,-14.9726213136085
7.281,61.1312570828201,-9.63298204795903
7.2815,77.5712219866273,-4.31432070864853
7.282,82.1631008969543,-12.820415441732
7.2825,89.2897840314676,-35.9468398024264
7.283,102.249864056462,-60.2766118188152
7.2835,111.027833545633,-74.843423938572
7.284,109.025812983532,-78.1591771632876
7.2845,100.294408073112,-68.3079911305162
7.285,88.9059022641707,-38.6877344840989
7.2855,72.6778703929698,9.08194613183355
7.286,52.0870734035202,56.4594908281153
7.2865,36.1814766603026,82.9385177851156
7.287,32.8100850563997,87.4460436904984
7.2875,38.2981210719246,86.1815876993307
7.288,42.324014993389,90.405180288886
7.2885,38.9453266440242,96.1274589687538
7.289,28.3645458508394,97.4725928192621
7.2895,12.4061759443153,99.6975163130936
7.29,-5.84472782052567,111.585857462939
7.2905,-20.6002830659778,130.597252196713
7.291,-27.2862618793513,143.80862444399
7.2915,-27.2319601285295,142.316723936038
7.292,-25.0034226251196,128.868553332985
7.2925,-22.6369753749417,111.573613584435
7.293,-19.7161153797969,95.0002927704805
7.2935,-16.6915676888449,78.5278567724544
7.294,-13.6598750075414,60.300003653866
7.2945,-7.68095384849847,40.8515393563387
7.295,3.36769181177816,22.7875672884425
7.2955,14.7527427328091,6.78584258818644
7.296,18.0931937801165,-10.6446487209691
7.2965,11.5465790612151,-32.5501052928127
7.297,2.1764065458556,-55.6160475628017
7.2975,-3.319396187381,-73.6842078281716
7.298,-5.86712245497639,-87.0632625418454
7.2985,-9.89165292632392,-101.430889654528
7.299,-16.488531407826,-115.885457016581
7.2995,-24.6142701167997,-121.185254037707
7.3,-35.5777078923393,-115.125510221337
7.3005,-50.679438804307,-110.3360262097
7.301,-65.29577141176,-117.355010722635
7.3015,-71.0450989937483,-127.131818729848
7.302,-65.4658069594832,-122.798302530037
7.3025,-55.3960606899405,-105.255061954633
7.303,-48.3145451041836,-93.5462480384731
7.3035,-43.5465309762956,-99.556737987033
7.304,-35.2268343440974,-114.871781065151
7.3045,-21.6323075005691,-125.339203149996
7.305,-7.45076303938925,-126.988573744634
7.3055,2.56050755695894,-122.522110219064
7.306,8.09122958887009,-112.145883982078
7.3065,10.6915990539619,-95.4514183511494
7.307,10.3019518559598,-76.3533439854322
7.3075,6.6687992107919,-59.6058354187585
7.308,2.17129945837997,-46.0106060549051
7.3085,0.515978061607288,-34.9274907890373
7.309,2.8579637015988,-26.9154429994942
7.3095,6.84268284763811,-19.9270009114229
7.31,9.63970048712112,-7.48607062865348
7.3105,10.9814636209707,14.8649241648986
7.311,12.883858058521,44.4354816056532
7.3115,16.7252740267231,75.5092828654612
7.312,21.097856071816,104.727458565702
7.3125,23.1674730884398,130.052366478858
7.313,22.2111410274826,149.425656658878
7.3135,20.6289116912855,163.9152043008
7.314,20.7855635103985,177.815514402327
7.3145,22.6025623254252,192.41147787143
7.315,26.0106695699324,203.927820618499
7.3155,33.6730889293644,210.272446034169
7.316,47.550457095638,214.572361185603
7.3165,63.4495988906997,218.941806439004
7.317,73.4372835597326,220.354865506412
7.3175,74.5928896467684,215.966097927896
7.318,71.3095980074778,206.115617238348
7.3185,67.4995419086054,188.362862073764
7.319,61.1832124452661,156.712321623968
7.3195,49.908736754786,113.265098534365
7.32,37.1481903315582,73.1075136479953
7.3205,27.9744835596272,49.0147203002346
7.321,20.4751240711714,36.9035451824955
7.3215,7.28705602443329,24.938190276804
7.322,-13.954356035427,10.896561000411
7.3225,-36.4196671877218,-0.37555051003837
7.323,-52.1314771649656,-11.6834255035428
7.3235,-61.0498325314922,-31.5458675062754
7.324,-69.6648041268515,-57.9310443393634
7.3245,-81.9523869093247,-77.2968008631473
7.325,-94.216595780168,-83.0082760241447
7.3255,-99.5191046720952,-83.933592558483
7.326,-96.011026598005,-90.6135552239849
7.3265,-89.0841695314,-102.376924075023
7.327,-84.7034647138045,-113.408064066043
7.3275,-82.6822389989791,-123.327749859296
7.328,-78.8795991056052,-134.840490307187
7.3285,-72.2327236247336,-146.252833273898
7.329,-65.3028667753959,-153.014690954403
7.3295,-58.2052113387605,-153.958254997224
7.33,-47.3808885243679,-151.391355135939
7.3305,-31.9159442732193,-147.340670070883
7.331,-15.8553445039973,-143.085696321195
7.3315,-1.86448905132748,-139.890771355241
7.332,11.7860682944295,-137.313428540904
7.3325,24.4485663944615,-133.235610107181
7.333,29.7433424813622,-127.690386815355
7.3335,25.0138672087818,-123.638762866667
7.334,18.8425644258242,-122.06573377782
7.3345,21.525194319084,-120.119914002424
7.335,31.7663422289782,-116.56448857338
7.3355,40.7692242920283,-114.970323160611
7.336,45.9678014144028,-118.219724058922
7.3365,50.9730468689507,-123.579242157516
7.337,54.3702624505281,-127.038175689945
7.3375,50.867815078073,-129.407867635307
7.338,44.842719897213,-133.976437378165
7.3385,50.3930134642763,-140.038012020675
7.339,72.8693266625784,-141.814132974831
7.3395,100.179163530373,-131.965942739557
7.34,118.43425948891,-104.853788104432
7.3405,127.542985748895,-60.8186957054769
7.341,134.259850216124,-10.0980093710608
7.3415,137.962561636852,33.2249574156491
7.342,132.942516807994,66.7305461987183
7.3425,119.670828867861,104.479590768364
7.343,103.777992996603,159.369682323433
7.3435,86.1949063211353,224.155464449302
7.344,63.2502200342584,278.159909334997
7.3445,35.4788387418022,310.924966229878
7.345,7.89847615498625,330.353210197222
7.3455,-18.5783931584839,347.693125213865
7.346,-47.7880646853992,364.036539032431
7.3465,-78.4304518187325,373.972892417125
7.347,-100.738260403556,373.515277489848
7.3475,-107.116947291362,359.354301553037
7.348,-101.887267923615,327.111085874066
7.3485,-96.5268767638224,276.921445448822
7.349,-97.3616649505608,217.562849814578
7.3495,-100.915464069381,160.417409666677
7.35,-100.306412015698,111.631726832377
7.3505,-93.6093433621881,72.5965547046271
7.351,-85.1784885670071,43.4457971084034
7.3515,-79.6109611119505,21.5984521341692
7.352,-76.1664507749181,0.673490565616368
7.3525,-70.9220398335109,-23.6899001131569
7.353,-63.451755845313,-48.8665532289012
7.3535,-57.5094998195804,-70.1921136550943
7.354,-54.0985454194942,-88.3507913211344
7.3545,-48.6456036963448,-107.241815670612
7.355,-38.7272902099256,-126.806191488835
7.3555,-30.7698071213759,-143.40798598265
7.356,-33.3617780238447,-156.447267305037
7.3565,-45.1162253193123,-169.67717510123
7.357,-54.4917191024831,-185.864604508388
7.3575,-52.2750663363732,-203.469592769465
7.358,-40.7322214757654,-217.780260796281
7.3585,-30.1419549350668,-222.377481221562
7.359,-29.2325330554972,-211.809054883693
7.3595,-38.8167617876977,-187.504319490871
7.36,-51.4756683713396,-159.646537948806
7.3605,-56.8342172789513,-138.550662613231
7.361,-49.4810561775953,-125.369015362176
7.3615,-32.4013169426253,-115.296386658235
7.362,-12.0189233006469,-106.716349448105
7.3625,8.52411041005521,-100.39630767321
7.363,29.6577524996597,-92.0318383487468
7.3635,51.6604914086548,-74.7078313666501
7.364,73.7214409862821,-49.4213111102977
7.3645,94.7136067870907,-24.9580668869364
7.365,111.959563403777,-5.91250508990583
7.3655,121.85808694801,11.2137849777849
7.366,125.455732022644,28.5520544100152
7.3665,130.409072716638,42.7349707556678
7.367,142.336578430491,53.3450398807991
7.3675,156.416385712652,66.1455322842866
7.368,162.933046791169,83.3236247675354
7.3685,159.158843831829,99.7219724107774
7.369,149.932755964782,113.923553691637
7.3695,138.474505011683,131.822790696748
7.37,123.312297342955,150.127157868894
7.3705,102.786802197557,147.647407195166
7.371,75.5951479595411,108.189795857732
7.3715,38.9989955194312,46.7585965952499
7.372,-4.42387757259654,-2.48954804335023
7.3725,-39.5974908188086,-22.821277992147
7.373,-50.2345644719449,-25.151733541372
7.3735,-39.5673667806335,-22.7339270223366
7.374,-28.9437527101989,-13.4993247764469
7.3745,-32.2653305545351,6.33460687056056
7.375,-42.8204525001819,26.851802465867
7.3755,-49.9736153117172,35.0422691063864
7.376,-55.7851868470521,32.4313875554597
7.3765,-65.7920725172693,30.2939072972739
7.377,-74.816392410434,31.8038336599962
7.3775,-75.2230160892331,29.9381503475804
7.378,-71.9308070628349,21.3250529274021
7.3785,-74.9280502765092,11.5646250319369
7.379,-80.8528381064372,5.07463505918294
7.3795,-76.5588019699455,-1.84574290766145
7.38,-60.3116532005419,-13.6386415403332
7.3805,-45.6078730069362,-26.7680055017124
7.381,-41.5954403983132,-33.7843540636243
7.3815,-41.7613832644625,-33.5754020415254
7.382,-36.482554491133,-31.8316222988566
7.3825,-26.9666851333697,-30.8076032622964
7.383,-21.0820359861633,-24.3769302907848
7.3835,-22.5624775550856,-8.38810479150611
7.384,-29.7434659306346,6.38691173326567
7.3845,-39.5361917483133,-0.260465384489565
7.385,-47.9831732592647,-35.174017494744
7.3855,-51.3956438889058,-79.2177691049468
7.386,-50.936150724166,-104.019206375632
7.3865,-52.1216912667551,-99.9689076056252
7.387,-56.663755068475,-81.4671496999573
7.3875,-59.0899527903592,-65.1024722363968
7.388,-54.4415387060847,-51.0038913170208
7.3885,-44.582641610626,-29.4651854840467
7.389,-33.3491315855806,0.968297658169968
7.3895,-20.1753492264514,29.7674465463957
7.39,-2.71858985208743,47.3259055751183
7.3905,18.5460613136961,55.430260938684
7.391,42.8348312075101,63.2644932464027
7.3915,71.5925024266767,76.2017838677848
7.392,102.583136550136,90.6508335056021
7.3925,124.913616041409,98.9334127033341
7.393,127.270599700948,97.3512337304244
7.3935,110.726905498957,88.5586957986376
7.394,87.9933143541859,76.8641602412786
7.3945,70.2061458606779,63.5867816574926
7.395,59.1401022126706,48.1522259728402
7.3955,51.8489456544927,31.3127261629978
7.396,46.9409334313729,14.6772660631232
7.3965,43.9749177933194,-0.952708297689734
7.397,40.3408333142026,-13.1804157490578
7.3975,31.7926467956766,-15.654426787083
7.398,15.9806660669733,-3.46536514189665
7.3985,-4.23525317982485,18.4036964968919
7.399,-20.4310078607363,36.4933501770751
7.3995,-24.180139697639,40.3863461874941
7.4,-16.2125667370494,30.086619466843
7.4005,-8.34204174496803,12.0800201145533
7.401,-12.2145925015178,-7.64997301188553
7.4015,-26.8855672240651,-26.279977368063
7.402,-41.3668138966335,-44.9754105632144
7.4025,-48.1743205657922,-68.6314189266643
7.403,-49.0485277609264,-99.954191769168
7.4035,-47.805085635988,-132.102363855522
7.404,-44.5928770035455,-152.527919475349
7.4045,-39.6180147560867,-156.388907977583
7.405,-36.2522169189563,-150.259586241385
7.4055,-36.0039101878359,-139.504774948203
7.406,-34.7435414435013,-119.264405412582
7.4065,-28.6127121201305,-84.1651254778048
7.407,-20.3658852530478,-40.9664822121455
7.4075,-14.9322565163698,-2.89801163215943
7.408,-11.308446650594,25.737584954483
7.4085,-4.37759572988528,50.9282439743169
7.409,6.57455548928003,76.1881185841254
7.4095,16.6518531964294,96.984919379624
7.41,22.3366675550489,109.001691201901
7.4105,24.5850843409202,114.465958059508
7.411,24.7624169045596,117.277949940603
7.4115,22.7620779032636,117.177955841259
7.412,20.4082873417865,112.016027128675
7.4125,21.6998094445297,102.107380124892
7.413,27.2260332857164,89.4375756806338
7.4135,32.2624631472664,75.2852887241422
7.414,32.9866324257783,61.1229658186883
7.4145,31.1829191837542,49.6839505668256
7.415,30.2045454343277,42.6403933277586
7.4155,29.7475581833663,38.2568836508329
7.416,27.9052017255499,32.9140168973849
7.4165,25.342003916571,24.3548521399613
7.417,23.4986116662705,12.9108123420169
7.4175,20.8990072724281,0.635008089861094
7.418,15.3293842562454,-10.1123566110199
7.4185,8.08123334280897,-17.8546402396639
7.419,1.98308188779023,-22.1079641853045
7.4195,-3.50951906535427,-22.5522595798107
7.42,-11.0690430640528,-19.4704075752787
7.4205,-20.2602337514274,-15.4330523822327
7.421,-27.8998557498309,-14.1373196767839
7.4215,-33.1388831663324,-16.1268642550612
7.422,-37.7179532878109,-18.5807292225002
7.4225,-41.3914597825875,-21.542210393382
7.423,-41.9630458260928,-30.1859522927226
7.4235,-40.1820310694453,-46.2450980250952
7.424,-39.3381775222397,-61.0617927468425
7.4245,-38.8779150891005,-64.5755686625072
7.425,-33.9605134398073,-59.6532897602752
7.4255,-23.5350844702241,-58.9523693117971
7.426,-13.3991457867885,-66.7449564405668
7.4265,-7.967181677495,-72.7871654592089
7.427,-4.10140712102365,-67.6219337824432
7.4275,2.57340141340773,-55.5180015027121
7.428,9.77542144575441,-46.2977974087686
7.4285,12.4509068623389,-41.4330816583258
7.429,11.2552383246486,-36.4799568354631
7.4295,11.1736706637333,-32.4530663431122
7.43,13.6117535862373,-34.5666955529775
7.4305,15.7143544554939,-40.6001010219274
7.431,16.4926347291706,-40.3787746691898
7.4315,17.799303914179,-29.4697652254198
7.432,19.3712212451046,-15.809829663306
7.4325,18.5194071038525,-8.55172796282701
7.433,15.4107545238322,-6.35272354318104
7.4335,13.4472755038513,-2.73346013197017
7.434,13.1692486160727,0.608415441093326
7.4345,10.7480967739349,-6.40778593016997
7.435,4.53450145178003,-28.0752857320322
7.4355,-1.32562430007774,-54.1083897309521
7.436,-2.51983720383286,-68.6411951862666
7.4365,-0.398733561832384,-65.7089283377946
7.437,0.582766624754945,-52.3749816546433
7.4375,-1.40367891440986,-37.5225210689908
7.438,-4.96754577700623,-21.7379433634535
7.4385,-8.39155019723193,0.292452953355326
7.439,-10.5251462761056,30.8583420112164
7.4395,-10.4496036401934,66.0217541269238
7.44,-8.61532734917482,99.4679785611432
7.4405,-7.199907215757,125.660984784819
7.441,-7.57809030204109,140.043483317813
7.4415,-8.53981173374864,141.113656942953
7.442,-8.35173076241382,133.780580506946
7.4425,-7.17791062130045,126.511624372997
7.443,-6.1145946561146,122.651298384435
7.4435,-5.38328088203436,117.720015192943
7.444,-4.94083314142557,107.465944235264
7.4445,-5.22727803070706,94.3302972525817
7.445,-5.56163504561543,81.8558597297176
7.4455,-3.38337097151354,66.6829320876204
7.446,2.67532210280504,42.783764371106
7.4465,9.90794301417568,12.4261653410238
7.447,13.9408573977236,-14.0150650092756
7.4475,13.7111203994547,-30.2517867730614
7.448,12.1922228854613,-39.9269126343888
7.4485,12.0954770967125,-47.7361786796812
7.449,12.4459310421505,-50.2475938385607
7.4495,10.2598373352133,-40.2593226065293
7.45,5.09176718504286,-17.3307724047261
7.4505,0.815509987972925,10.7784855157906
7.451,1.66060713464241,36.1261253306955
7.4515,6.26842336912377,55.9565370976357
7.452,7.62562879413911,69.7639263795199
7.4525,0.870707709633443,74.4754049878863
7.453,-10.1674130943301,65.3312109772451
7.4535,-17.0666730500874,42.1025553339468
7.454,-16.7506312699056,13.4990842625202
7.4545,-13.8823595821419,-7.07521545720201
7.455,-13.4141669494371,-12.6780548239597
7.4555,-15.0076984744794,-9.19271979430503
7.456,-16.1905474084604,-8.15325787033877
7.4565,-16.8134578286518,-14.3718014583908
7.457,-17.532396322804,-24.9499612479722
7.4575,-16.9889006577232,-39.8753158902025
7.458,-13.8266617319111,-65.9768289594456
7.4585,-9.47888763507383,-106.036739154726
7.459,-5.81401530099191,-149.67272863073
7.4595,-1.39516772166343,-181.793069677996
7.46,7.06153375011438,-197.522738216585
7.4605,20.2963647803924,-202.621860296618
7.461,35.6233987638544,-201.41563455314
7.4615,49.3938469712141,-192.184808914706
7.462,58.6442139237559,-175.017700818587
7.4625,61.8413543995238,-156.546065188933
7.463,60.0854716327882,-143.042473887807
7.4635,56.3685452825223,-132.683476817425
7.464,51.9581532485218,-117.195084424044
7.4645,45.0750512311349,-88.5410218346098
7.465,34.7401804965683,-43.8197326285493
7.4655,23.6842615227662,11.3561296805824
7.466,15.0216052843287,62.667212112106
7.4665,7.90602477180421,95.916991022372
7.467,-0.877468752237881,109.870727189052
7.4675,-12.323903070525,116.546542105491
7.468,-24.2238739616092,125.905648031358
7.4685,-33.1503743104546,135.189652289816
7.469,-35.961374555231,137.599304429306
7.4695,-32.0878343607237,135.690818687788
7.47,-26.3443648412048,137.98972243413
7.4705,-25.8986451965189,144.548280145942
7.471,-31.3600122893884,144.860853112247
7.4715,-34.5915400025377,132.032325028699
7.472,-29.2725909563686,112.338973587053
7.4725,-19.6544104118402,97.0031636602727
7.473,-13.8245316394816,88.5836501909248
7.4735,-12.5093377529246,79.7329032744848
7.474,-11.4770846973612,63.8468737461938
7.4745,-11.622214013514,43.3720884381806
7.475,-17.7753040864702,27.0315995411101
7.4755,-28.6119318042045,20.6063886042152
7.476,-36.9091319169233,21.8326344744026
7.4765,-40.5471761571773,24.2500493811905
7.477,-44.4494877123141,24.0500679599017
7.4775,-49.842152828892,20.9011661086722
7.478,-50.7242849099502,13.6888596239169
7.4785,-44.7321402153692,0.781052756365471
7.479,-38.9940569155236,-13.9736777799783
7.4795,-39.4810662240223,-21.4082260496035
7.48,-41.2016063663204,-17.9120591674102
7.4805,-35.4163042508275,-11.8767804477106
7.481,-21.7787403477129,-13.3111431639516
7.4815,-7.18896152430835,-20.3359312367083
7.482,3.57331262711869,-23.4211370163414
7.4825,10.2685874804423,-20.9992320981414
7.483,13.6731759477235,-21.6500132258646
7.4835,15.6757748185748,-29.8815480290502
7.484,20.592628504841,-38.8910193762617
7.4845,30.7970309865001,-40.9558723104452
7.485,42.36050142035,-37.1861507794623
7.4855,49.2172290662837,-32.1785063994513
7.486,49.7516499997397,-26.1574795119252
7.4865,45.7776234071928,-19.1344888025591
7.487,38.5920974605131,-17.3151100780071
7.4875,31.0766617915395,-26.7927672750307
7.488,29.9520668172651,-42.8983288253288
7.4885,38.871234220715,-53.4403215561737
7.489,51.0798503528784,-52.6469712644776
7.4895,55.9153012182778,-46.2158272581716
7.49,51.805074401199,-42.3984562594352
7.4905,46.2334733273523,-43.4953978550722
7.491,43.6170346404934,-47.1736264603703
7.4915,40.8182871710613,-51.2604724966149
7.492,35.2556294232162,-54.7215280326942
7.4925,29.4096247156295,-56.6327734352265
7.493,24.5965479849431,-56.3619452691117
7.4935,17.4262389261818,-53.8295995870536
7.494,6.68998734947295,-49.2047817931023
7.4945,-1.86450115348212,-43.4488451035878
7.495,-2.72554777808295,-38.577379651757
7.4955,1.18342327985464,-35.4279062403848
7.496,2.40134746108022,-31.4785466258418
7.4965,-1.39685082252229,-22.9277530224176
7.497,-5.98363959970409,-8.99485416689958
7.4975,-7.20330599149802,7.25969874930655
7.498,-5.10791363369732,21.9382953958361
7.4985,-2.49841748827959,32.8769764702055
7.499,-2.77912332389622,40.493734295567
7.4995,-8.60718481761249,48.107516060706
7.5,-19.4179449856727,60.2596782476236
7.5005,-30.290050784982,78.1197403094623
7.501,-35.9640760659491,96.8555566891606
7.5015,-36.3370724683511,109.406126023218
7.502,-35.8843198943461,112.297400153823
7.5025,-37.4925196442962,106.531225630299
7.503,-39.3565427586791,94.8271969183563
7.5035,-39.044201000792,80.6757241557338
7.504,-38.1965146839742,68.2964007574413
7.5045,-40.2772032053499,59.7356032288908
7.505,-44.1034310265511,52.2660870557471
7.5055,-43.1530930160284,41.4318399712478
7.506,-33.6337839844568,26.2537009957712
7.5065,-21.1245357107463,9.22906084523989
7.507,-15.2895053414939,-7.51223078527018
7.5075,-18.0802283558885,-23.331745332739
7.508,-21.3787410400421,-37.9326519821439
7.5085,-17.7328509915611,-52.2606396146876
7.509,-9.08434220867388,-68.9477540807682
7.5095,-1.94941484403789,-88.4271861001849
7.51,1.8017279784101,-106.495753517258
7.5105,4.66121585590487,-119.623954006031
7.511,7.33619099632863,-130.291376584756
7.5115,8.93941816204824,-142.033800653116
7.512,11.3971708795956,-151.513094712069
7.5125,16.9447698948281,-151.611876459685
7.513,21.8580088575439,-140.443787535088
7.5135,19.8692369288767,-120.432932101821
7.514,12.5569269195033,-90.934759710071
7.5145,8.95050797150243,-51.335481162585
7.515,12.6977125679999,-10.5507266334477
7.5155,16.9959730447217,18.4538180960096
7.516,15.7920617048224,35.9972407908747
7.5165,12.7969035034354,55.6802827987561
7.517,14.071874923447,82.9650947345971
7.5175,17.9586947165779,107.069041443851
7.518,19.2780193489307,121.84795697407
7.5185,18.9657068427057,139.987543386445
7.519,21.8631448189434,171.089754489056
7.5195,27.4945622802964,195.577738798767
7.52,30.3811882401486,180.96885585323
7.5205,28.3202974438816,123.885300579646
7.521,23.8274625875863,58.823227088074
7.5215,18.2486156721506,21.7006969204698
7.522,10.9657888869753,18.683742699754
7.5225,4.20854013534551,34.8478015242385
7.523,2.12941222690106,57.2308718686025
7.5235,4.32867402092515,78.0484527910147
7.524,6.02440946977828,86.8701819005185
7.5245,5.44949234342582,76.0908100074601
7.525,5.45012743739625,52.4594469784355
7.5255,6.8757376945409,31.2107856073751
7.526,6.53068991949855,17.6382745454704
7.5265,3.51418037386003,3.51777768526693
7.527,1.53028067154355,-16.3918433963231
7.5275,2.11592583626385,-33.3394775781625
7.528,1.17425811600399,-35.6891497437213
7.5285,-4.30464633186298,-25.6209004044498
7.529,-11.2761542778819,-17.6317223293227
7.5295,-16.5242464270498,-21.6311879148015
7.53,-22.6651649814194,-33.6341088350083
7.5305,-32.9664515047898,-44.2131436705611
7.531,-43.7523492780525,-50.3759186094851
7.5315,-47.8930995391752,-55.0561643813096
7.532,-44.0022627698837,-59.072395586112
7.5325,-36.8701407074001,-60.7777883800495
7.533,-30.0482599508823,-63.5996336520595
7.5335,-23.2943151689132,-76.3658434932966
7.534,-16.8668631917349,-101.963196185625
7.5345,-12.8815379994396,-130.452856646341
7.535,-11.2409888476142,-148.643595291521
7.5355,-8.43707071779514,-153.459436058173
7.536,-2.233983445757,-150.426765967087
7.5365,5.16128653777071,-141.60027219736
7.537,9.96188013318307,-122.421912445743
7.5375,10.7941532614365,-90.952005605816
7.538,9.03233999467577,-53.5446888695332
7.5385,7.15767855823525,-18.9312745029319
7.539,7.52770522361919,8.83331826799451
7.5395,10.8969962636913,29.7982494306268
7.54,15.2781998239561,45.2343747398947
7.5405,17.6001850776223,57.7968878741528
7.541,16.91101109453,70.3697542620895
7.5415,14.6919970856232,81.8365946153525
7.542,12.1627903118105,87.5304146192689
7.5425,9.2034197529318,86.6659504017136
7.543,6.12533697315865,85.5514557023881
7.5435,4.2971865178673,89.6951003920326
7.544,4.07627422282814,95.8141858202624
7.5445,3.7441237607291,96.0688109936072
7.545,1.57521080507471,88.3417409946573
7.5455,-1.9509586159542,78.0165625938273
7.546,-4.52381467501038,70.4331336844347
7.5465,-3.80260931125754,65.4157204083872
7.547,0.99947638480783,59.2398619803707
7.5475,7.92183584283371,49.1737312519021
7.548,12.7193127634482,35.9665704546066
7.5485,12.3877434876288,23.6522358004971
7.549,8.72096640163416,16.3115752541221
7.5495,6.74412536110544,13.5895499467302
7.55,9.08332595515125,10.8820453565043
7.5505,13.416520738949,5.57347523417579
7.551,15.8805372986937,0.494450291744075
7.5515,15.1052701268215,-1.76970209092287
7.552,12.1398634118624,-5.0875515481457
7.5525,8.42095963669275,-15.1375777418306
7.553,5.18737438902005,-29.6519367487529
7.5535,3.39405451232131,-39.1537294642376
7.554,2.77943902267597,-38.5392531451183
7.5545,2.07367633453889,-32.8792764293925
7.555,1.05143581877082,-29.3752401371784
7.5555,0.896378734698217,-27.853594680076
7.556,1.4456494330407,-22.9527367244667
7.5565,-0.0217825505369891,-13.1620639401301
7.557,-5.3128863023958,-3.53312369622922
7.5575,-12.0242513033906,0.0927861462462675
7.558,-15.9079097126565,-3.49392828838564
7.5585,-15.6698528043395,-11.3470110231298
7.559,-13.3875904737579,-19.772404561956
7.5595,-11.0763003463106,-26.3712556308961
7.56,-9.33552394423012,-30.3544533938726
7.5605,-8.97235593889068,-32.4806659601953
7.561,-11.1669467562615,-34.7880557062099
7.5615,-15.4725017169046,-39.5944519040237
7.562,-19.7268393436289,-47.9278072761968
7.5625,-22.4816828647838,-58.4868733239673
7.563,-23.737925457484,-68.3430819526887
7.5635,-23.0970962672111,-75.1564672920093
7.564,-19.5484511837119,-78.7810964932992
7.5645,-13.8363628249293,-80.5542918553727
7.565,-8.6286819584712,-81.3829670296201
7.5655,-5.04014716247782,-81.1049710468699
7.566,-1.17918371681436,-79.5852996762314
7.5665,4.3347249803493,-77.7312883598591
7.567,9.78486338495959,-76.9845517097334
7.5675,13.4737382534998,-77.6909859341354
7.568,17.0098784079204,-78.049782158031
7.5685,22.1119100320588,-75.3635282292888
7.569,25.8291552281574,-69.0512627161118
7.5695,23.4008102334804,-61.526383087136
7.57,15.6654746534343,-54.2682695437269
7.5705,8.86468933579294,-43.6199749168674
7.571,5.80374027360095,-23.6380960651695
7.5715,1.94536265925771,6.05371661557349
7.572,-6.69491291607669,38.5803638542275
7.5725,-15.8023106676156,67.644809255888
7.573,-17.6806465684161,93.17571954077
7.5735,-11.7091053747617,116.140265359511
7.574,-4.39491723513888,132.368973941658
7.5745,0.687760069590884,137.977655594334
7.575,7.26890671158707,138.684427165219
7.5755,18.7395085086926,145.812942517887
7.576,30.9582721207612,162.055906454428
7.5765,36.6571500153902,178.021090908121
7.577,34.5783073802105,184.83554256972
7.5775,30.2188741852049,183.448771634098
7.578,28.3458379460078,178.58934555642
7.5785,28.2702993858671,171.161152319787
7.579,26.6017508854587,162.399094556488
7.5795,21.6078604306631,158.749417980969
7.58,13.9269260341339,163.630088191005
7.5805,5.28841150884224,167.74469695816
7.581,-2.06594672125521,157.300833683555
7.5815,-6.17446551314689,131.720671337803
7.582,-7.18488916809559,104.591395334543
7.5825,-8.017191308193,85.6617315069262
7.583,-12.2243209975381,70.0889044808832
7.5835,-21.0002255143804,48.7686227393216
7.584,-32.1504571374391,21.9223528462867
7.5845,-41.5314483867153,-3.05666193975838
7.585,-45.8205594070082,-22.2711961308042
7.5855,-45.0167602119219,-37.667717109287
7.586,-42.4963308231464,-51.254306199153
7.5865,-41.7287440143589,-62.6054063216421
7.587,-42.7671830798134,-71.7825634644363
7.5875,-42.9966556873643,-81.1011014614125
7.588,-41.4499824753883,-93.8192742451137
7.5885,-40.6835176766496,-112.36193215952
7.589,-43.1567036390866,-136.042899180131
7.5895,-46.744621480098,-159.116367148989
7.59,-45.4238951164106,-174.386465314474
7.5905,-34.6100488842931,-181.692212041017
7.591,-15.4943554607547,-189.366196990975
7.5915,5.32790473000731,-202.804868372877
7.592,20.120733715069,-214.31453539041
7.5925,25.1735378071331,-210.102417239914
7.593,23.3877051741062,-186.508251654364
7.5935,21.645362408489,-153.996054489979
7.594,24.5832924152684,-125.589247205043
7.5945,31.1317256416912,-107.332013230589
7.595,37.8006719816431,-100.571988908319
7.5955,44.0046168837588,-105.993691026657
7.596,51.7419378451083,-120.376446667712
7.5965,60.3221161856711,-133.354482914296
7.597,64.6768834341948,-133.387367534742
7.5975,60.6646011116755,-117.663847243318
7.598,50.0406022315798,-94.2826585594545
7.5985,38.1109317855049,-74.9058008886886
7.599,28.0131796176024,-65.7992839144097
7.5995,19.8163371759563,-64.328443347576
7.6,13.9558129689341,-62.4682364449381
7.6005,11.6822123588038,-54.0916410731225
7.601,11.4205683514548,-39.4126146574442
7.6015,8.24934316878483,-22.3432137970034
7.602,-0.574916916706478,-5.19426812783707
7.6025,-11.4777067080686,11.6996180095516
7.603,-18.3599815358385,26.5746039832333
7.6035,-19.4007485144136,36.651224930865
7.604,-17.7534815645397,42.3466076672502
7.6045,-16.2995042110404,47.2816931048496
7.605,-14.5534110415882,53.3152098014638
7.6055,-11.0706789737195,59.4137742498205
7.606,-6.38126391846721,66.2704914918194
7.6065,-2.30833851589651,77.1730629080095
7.607,0.0741355039678062,92.0573635707546
7.6075,0.674584731806009,105.522112846073
7.608,-0.231756911898766,114.325844755247
7.6085,-1.73027404976397,122.880094107841
7.609,-2.30411537389158,137.111079367587
7.6095,-1.33350730864008,156.069733852971
7.61,-0.0689306446681479,174.148472521075
7.6105,-0.215234659578218,189.132484677989
7.611,-1.98482132806021,203.361079379913
7.6115,-4.28874726819763,218.540233677014
7.612,-6.26344374227248,233.639519783049
7.6125,-7.64170134493199,246.547423153808
7.613,-8.06621250132357,254.177342145618
7.6135,-7.31130062888313,253.042678813978
7.614,-6.34401375936734,243.750585328242
7.6145,-7.05228092839271,232.106366007218
7.615,-10.0696253816962,220.355129675725
7.6155,-13.1455108841639,200.051541828039
7.616,-12.6113416874341,161.040736051124
7.6165,-7.1756654390434,106.789644785
7.617,-0.0198759349533582,53.0826483933175
7.6175,3.97519525118303,10.7080126653456
7.618,3.59812918428349,-22.9234939888762
7.6185,2.77902685906039,-53.2274034705528
7.619,5.48873222916847,-78.2463713936134
7.6195,10.1473240366235,-94.0884527063316
