time_s,EMG_ch1_uV,EMG_ch2_uV
14.9355,49.0761629655161,-8.34954896859669
14.936,52.1625288722266,-3.46632850806595
14.9365,45.1793178088721,-4.38153092402599
14.937,30.0142225659501,-12.5105752700118
14.9375,15.5533194538569,-20.9190394941852
14.938,5.26841517997699,-23.7429216950641
14.9385,-3.21253757677322,-24.0306414332897
14.939,-11.3741172017581,-26.7619760343635
14.9395,-22.0386971253297,-28.5164643407258
14.94,-44.0581084356674,-23.2411979172933
14.9405,-82.1727702105985,-15.8324561615272
14.941,-121.527063482418,-17.6914591757066
14.9415,-134.609592611257,-27.0336760226277
14.942,-109.661158305569,-26.9243246403749
14.9425,-65.1245675992026,-9.82449008504148
14.943,-30.640728521275,7.37876756530636
14.9435,-19.1461428846551,4.22013432098224
14.944,-22.0181351947291,-14.3539742110164
14.9445,-24.8789056705461,-22.8547714818552
14.945,-20.2997321397765,-7.37980107773231
14.9455,-8.66049372043035,18.903722625976
14.946,4.54468650624075,34.2017107957517
14.9465,11.7409381130602,32.162462051931
14.947,9.78127210875875,22.796662081188
14.9475,4.41465286142869,16.4169416331677
14.948,3.89198990323981,13.9891611400668
14.9485,8.40917685505355,11.5991359356909
14.949,11.0964982613568,7.84998606637447
14.9495,9.10146162046571,3.84488606917629
14.95,6.6347784151048,-1.4754422544072
14.9505,5.63348933503132,-11.3843212264872
14.951,1.93737738582802,-25.3789660806581
14.9515,-4.27055035484278,-36.755885031613
14.952,-2.4336300700502,-39.8004056941563
14.9525,14.3468144485477,-36.7446296254195
14.953,33.6086381534055,-32.2415636425247
14.9535,34.0302049770561,-23.1543975754229
14.954,13.1565186276241,-2.51815425066845
14.9545,-5.91658961219383,25.2379614633985
14.955,-0.894962683931976,43.1348585950203
14.9555,24.2226780728982,41.3513174389314
14.956,46.712574436722,29.8900835123888
14.9565,52.3647318902033,23.8962148175692
14.957,46.2079649290033,23.481562936785
14.9575,38.6428630455787,18.4866437482165
14.958,31.6029052514154,8.20453085978891
14.9585,22.0452615049811,3.04054581954973
14.959,11.7831881149535,6.90638481267635
14.9595,6.75721816994531,11.3137145511811
14.96,7.88313444718809,11.0257199320021
14.9605,7.892237610792,13.8452053552977
14.961,-0.825899542243104,26.613065460744
14.9615,-17.1389933868175,39.3177825569681
14.962,-31.9258830650361,34.0156149744937
14.9625,-37.8243489637844,8.13225769393232
14.963,-36.2681933500291,-19.5802125973578
14.9635,-33.3257806408242,-28.3754546795903
14.964,-30.6090510418955,-16.2560187697742
14.9645,-24.5711356707097,0.523706244130983
14.965,-14.7623580346393,5.51497910785671
14.9655,-6.77314341098739,-3.28774407536637
14.966,-3.77812237011292,-15.9212917052142
14.9665,-0.946617420467803,-23.8664531893661
14.967,5.76742499484874,-27.5457199242152
14.9675,10.1787585901266,-30.6336030365116
14.968,4.26639240010071,-31.7323034868623
14.9685,-6.23410541907712,-26.3202599054088
14.969,-5.86104558327103,-15.297744799885
14.9695,8.86990660881795,-5.82622426534293
14.97,22.4958537823316,-2.25587574154304
14.9705,20.8339589236587,-0.894745949699987
14.971,9.16539296944241,3.27076139695953
14.9715,2.32617600663686,8.21997113091077
14.972,3.70270768916279,7.60880098438289
14.9725,4.2960442180708,0.439746440765912
14.973,-0.996217539953914,-6.56446600791107
14.9735,-7.12318741581214,-7.42229707704105
14.974,-9.07378725191812,-4.63435214585918
14.9745,-9.16937135072711,-5.80965378787834
14.975,-11.9602372572161,-13.4296979509161
14.9755,-18.6524892020917,-20.8508390194345
14.976,-28.902443483282,-19.9717611357214
14.9765,-42.3043906886552,-11.3492188356141
14.977,-55.5093673429723,-4.07247998512558
14.9775,-62.7666037692656,-5.23190329209339
14.978,-61.7703376590571,-11.7030757189839
14.9785,-54.596937829098,-13.7485370795602
14.979,-41.0696567884234,-5.61355992951548
14.9795,-17.0114183788814,8.52167984475517
14.98,16.8328340715716,18.2760180299119
14.9805,48.767503841357,16.4166054344217
14.981,64.793883223226,6.22554871996931
14.9815,62.0179098289904,0.12674644991167
14.982,49.8640462163057,8.49391621040672
14.9825,39.4215106733177,28.1707991087643
14.983,34.8813574773101,44.0797622493086
14.9835,33.9396160081961,43.9257742596111
14.984,32.3578229653217,29.5904893108042
14.9845,27.5339896823821,13.0274638037091
14.985,20.2629413128071,4.14593406222698
14.9855,13.9316896441569,4.92697672852347
14.986,10.7811300385773,11.6062648371837
14.9865,8.94663453922327,18.1921317430476
14.987,4.63959856297057,19.8081369897605
14.9875,-2.34828691341725,16.8563675714064
14.988,-6.58194314923696,14.9224075026037
14.9885,-1.93425805658923,17.5065455681132
14.989,10.7935289774392,20.9753629112861
14.9895,22.3525168996962,20.4663788616888
14.99,23.5242332775894,17.9938726662914
14.9905,15.536713489311,19.0850949480804
14.991,9.04212229683661,23.0645527455735
14.9915,11.0677717690289,23.2256235667693
14.992,16.704486838665,16.5253092761752
14.9925,17.209579385579,6.59996654004296
14.993,12.1071917092963,-3.76958879458597
14.9935,6.7782439049048,-16.4264453183757
14.994,1.00250748443527,-31.2645942814823
14.9945,-10.8229540135128,-41.7412235485265
14.995,-27.6538984619931,-41.8200253248759
14.9955,-39.7788472742874,-34.6622978216886
14.996,-42.3548897741977,-30.0591774083276
14.9965,-42.1109494077162,-33.1628236458095
14.997,-44.8599759155139,-37.291409203865
14.9975,-44.2409185483543,-28.5934212611054
14.998,-31.3010276744701,-0.136655131458111
14.9985,-10.4025753608739,35.966636931108
14.999,3.52412412713222,53.0116225722722
14.9995,2.15481478006664,32.4793277121294
15,-8.76363424835708,-16.0805390418335
15.0005,-18.3899959676355,-61.6159913969873
15.001,-21.7014037319812,-78.9823200349529
15.0015,-22.0449084185876,-67.6748823879081
15.002,-26.8731897977611,-46.2007825252199
15.0025,-39.4136022837587,-34.6439245337846
15.003,-51.5500014709105,-41.7115779220231
15.0035,-49.0997858727653,-59.4744771228742
15.004,-29.0820293319492,-67.735581407945
15.0045,-6.96836585975151,-51.7134601246587
15.005,0.258737329624521,-19.980453669576
15.0055,-5.67919559828034,2.36498611246426
15.006,-8.68978786051388,3.43896782215128
15.0065,1.5472952170324,-0.41480091887096
15.007,23.3139339889102,13.1587945702436
15.0075,52.2393725055088,42.6604521591271
15.008,83.421882880258,65.9722567960043
15.0085,104.856403711504,69.2414818291886
15.009,103.60187890928,59.9040716299673
15.0095,82.7759367399056,50.9918507980185
15.01,60.4553276122228,45.2335590848318
15.0105,46.8334562045181,39.5884435816994
15.011,34.0371567424947,35.640522244308
15.0115,14.4750030738477,37.152771980694
15.012,-3.33316097069087,41.7831001248267
15.0125,-7.38444554476391,42.5580915594027
15.013,-1.1670661719228,36.3036105099095
15.0135,1.70544947065984,25.7200183449141
15.014,-4.17111113441821,14.0801813750531
15.0145,-14.0412501988859,2.36210735354771
15.015,-24.6182229780954,-8.27630823022339
15.0155,-35.8237155978965,-15.0881642742761
15.016,-42.9873413500027,-16.4761030645559
15.0165,-38.9219085078252,-14.460103942519
15.017,-25.1373764797771,-13.1667762202361
15.0175,-12.4464827285587,-15.1923370767334
15.018,-8.56335060399623,-19.4749235574484
15.0185,-11.4115807545869,-22.2862883381898
15.019,-15.763962411576,-20.6796676495104
15.0195,-20.4710245602682,-15.6101597263033
15.02,-27.1205699276899,-11.3068183728843
15.0205,-35.4718598237551,-11.1203718269958
15.021,-41.7462248080687,-14.6652222367408
15.0215,-40.2152090624203,-19.270652815688
15.022,-28.6152727099418,-22.3905132669151
15.0225,-14.2364589889902,-21.3176709741491
15.023,-10.1114555866741,-13.3304728722239
15.0235,-19.9521218889615,-0.171991509453566
15.024,-30.7778126827707,8.88537022308951
15.0245,-26.9522880473777,4.44771788087344
15.025,-8.16263229691804,-10.5128180905311
15.0255,13.6415214293067,-20.9779165077211
15.026,31.2493730497729,-16.8076680797669
15.0265,46.3145896947986,-4.86876373428468
15.027,58.4367464018387,1.41058617245291
15.0275,61.6448597184553,0.52981403314266
15.028,54.0067803277196,2.39174298202805
15.0285,41.81214825541,10.9474224554026
15.029,31.473465285855,18.1939406011177
15.0295,24.5850697679819,18.1700173261358
15.03,22.4753432625602,16.446924518316
15.0305,26.8914406437107,19.2319909987079
15.031,33.1503487272564,21.642485319486
15.0315,31.3018611346806,15.9282736433409
15.032,18.8531779115341,5.38302267847379
15.0325,5.20722073424354,-0.399017562240352
15.033,-1.27460812437316,-0.706200736985459
15.0335,-3.73689772897488,-3.10600903220703
15.034,-9.01341565865072,-8.77607126450932
15.0345,-15.9962049184254,-9.84023068556378
15.035,-18.859164052211,-3.1104075739501
15.0355,-17.4434108707246,3.98854320268057
15.036,-17.2954534647883,5.24686824495079
15.0365,-21.4900611495422,4.71076145969622
15.037,-27.8653839307195,8.72224261974128
15.0375,-32.8577366436013,15.9050477107218
15.038,-34.106211233423,20.7584646910477
15.0385,-31.1478272764814,21.8559562046152
15.039,-26.7946860972253,21.0229575419976
15.0395,-25.5415867580808,18.8315270109769
15.04,-27.9135581739768,16.1761420462099
15.0405,-29.3415106343905,16.411407989355
15.041,-26.9610857001221,20.4822095717559
15.0415,-23.2634377970797,22.8298525947522
15.042,-19.9477189712469,17.2201279154555
15.0425,-13.4580483511745,4.77801556601769
15.043,-1.57611111184531,-7.36133664853051
15.0435,10.3449737456582,-12.8960991740899
15.044,16.082652519469,-9.06557684820475
15.0445,17.9470464957508,3.05397685460007
15.045,22.5074744421196,16.3844550615431
15.0455,29.1703376609716,20.25080300922
15.046,30.4567626413337,11.1488266931292
15.0465,23.3135628375532,-1.50495653069302
15.047,13.3224106341572,-6.30556585431842
15.0475,6.46042214673907,-4.23789430132542
15.048,2.2034031220435,-5.74753472153495
15.0485,-3.0168283836244,-15.120592956651
15.049,-9.25450249066988,-25.0238909650063
15.0495,-12.2803955567327,-26.927984513275
15.05,-7.81003038910785,-20.5774786681882
15.0505,4.08448275524673,-11.7403959333854
15.051,17.4443306733969,-5.88454744152546
15.0515,23.8396985532804,-5.92826540684096
15.052,19.3776048957872,-11.9015084399376
15.0525,8.37551434831608,-20.5917737769828
15.053,-0.882610618836848,-28.1580674845539
15.0535,-3.23057231051247,-34.0087607826077
15.054,0.900107921018226,-39.6813214955043
15.0545,7.57798946967532,-44.3511213539979
15.055,12.3148213707837,-45.2478329664162
15.0555,13.1132099753058,-42.5690440878926
15.056,12.2060848392904,-39.7858941197411
15.0565,12.7650571662043,-38.4878902892062
15.057,13.4855574557919,-37.1229748399773
15.0575,10.3431518318016,-35.6011152691209
15.058,4.5404076752008,-36.356294555703
15.0585,2.76577428940453,-38.976358518339
15.059,6.58297378196307,-38.3607149532674
15.0595,8.01757658806007,-31.2832495239371
15.06,1.0273187943438,-21.4355171927479
15.0605,-8.18157041872719,-14.7524003756897
15.061,-9.08624561735239,-12.1534598191341
15.0615,-0.995578027044959,-9.83882029984733
15.062,7.79407428651493,-4.85683634136032
15.0625,11.5871454757631,2.27862191078523
15.063,10.5706933048077,8.92653165629208
15.0635,5.44647340876652,12.0355253891013
15.064,-2.77584727358037,10.2615591480856
15.0645,-9.0868607648832,6.58318380214595
15.065,-9.10480988754315,6.84152387179495
15.0655,-7.41245099179018,13.0662552046415
15.066,-13.5811663529224,20.3242732612095
15.0665,-29.1232785885684,23.7346447629183
15.067,-44.9563686575722,26.9999387664114
15.0675,-52.3621966618326,39.0151629896586
15.068,-50.7077897165872,61.3873206278728
15.0685,-44.9614754902365,83.9762174827712
15.069,-41.8196258949504,95.584216716389
15.0695,-46.518405671039,96.209181455286
15.07,-55.2081579706079,95.2288957520435
15.0705,-51.8080434937513,98.7698256559311
15.071,-22.9913515049151,102.850376593221
15.0715,22.1337208128882,99.8292499088672
15.072,57.121084974527,88.2793422747847
15.0725,65.7967071889928,73.6607258412534
15.073,56.2946262880706,60.5123320450009
15.0735,45.8028098941052,47.3055040876786
15.074,41.8396184902079,30.0130251193834
15.0745,42.4595363257794,8.65096009323899
15.075,43.9359665516164,-11.6517565416931
15.0755,41.419833856818,-25.4675946758478
15.076,30.8848086100258,-31.3813393801048
15.0765,17.4412861044114,-31.6136891964786
15.077,13.4976923408436,-29.0169731115491
15.0775,21.4661547663046,-25.5223535449452
15.078,26.9089013486156,-22.902339581209
15.0785,17.7127838694333,-23.3433194613547
15.079,2.07869169238649,-27.9086036217379
15.0795,-3.10957483104368,-34.6219727396765
15.08,4.74883095569078,-39.6296907452162
15.0805,14.2533475519547,-41.2661445253648
15.081,17.9762163776464,-41.9756264295445
15.0815,17.1345786694589,-44.7744053680537
15.082,11.3987946655711,-48.4785357589539
15.0825,-1.73692679480742,-48.4377177871775
15.083,-16.8036129863184,-42.2332312296908
15.0835,-22.6447717409511,-32.9212716136767
15.084,-18.1986302680656,-25.9016541577654
15.0845,-15.5614967002791,-23.7087010790873
15.085,-23.6068745362518,-24.5730200411738
15.0855,-37.7054455504095,-25.4725418326152
15.086,-49.5170413462816,-26.2150319749056
15.0865,-57.9127771664716,-30.4496199113238
15.087,-64.8689094266678,-41.5591910082588
15.0875,-68.2548862554956,-56.891572013215
15.088,-65.1320775011391,-68.1972707757353
15.0885,-57.098656746546,-70.1636492230453
15.089,-47.4792741833232,-66.8685705995286
15.0895,-38.1493645108759,-66.6536941137057
15.09,-32.7710793939595,-71.8476242967368
15.0905,-35.9302612342594,-76.9239276460746
15.091,-42.9421275200615,-75.1785786691682
15.0915,-37.8831853201976,-62.9502443330222
15.092,-11.6241698393086,-39.5378242637256
15.0925,21.9394070031599,-9.64517592809977
15.093,38.1914207469032,15.3508058938315
15.0935,30.0705345367035,27.367683230789
15.094,15.0883930842278,33.8281995647684
15.0945,13.2482131427298,50.2880780021815
15.095,26.8532750485357,78.016786616633
15.0955,45.0158804801227,99.6505841581074
15.096,59.0924604959674,102.892325242351
15.0965,66.8819396098657,97.5001696189869
15.097,67.6174845588739,99.4424588081525
15.0975,61.9909869779242,108.057546725024
15.098,56.0136468443477,111.573390710793
15.0985,56.9430678112579,107.916169891458
15.099,63.492320286846,104.805489681371
15.0995,65.6585547128785,102.746602576311
15.1,57.1024764045902,93.8480182527033
15.1005,43.4973419331619,77.7318700255385
15.101,34.9829300690489,63.8517327032591
15.1015,33.4410892252273,55.6159700308026
15.102,31.9142279415916,45.6513022982319
15.1025,25.2480141253401,30.1162729155274
15.103,15.9651183792435,14.4538462795841
15.1035,8.33701290616104,0.303349976110519
15.104,0.876788620075076,-19.8959462963584
15.1045,-11.9841111909201,-48.10829491326
15.105,-31.9851459146286,-72.2557936945209
15.1055,-52.923608471276,-80.9112160213038
15.106,-64.3955968721353,-76.7099611847277
15.1065,-59.8048378974895,-67.6430400235672
15.107,-42.7024997023548,-55.6904397723725
15.1075,-25.8240962491497,-43.1623327088037
15.108,-21.072474980301,-39.3026746519422
15.1085,-28.3473124109215,-48.5317488372633
15.109,-36.2222096011038,-60.9494991300345
15.1095,-35.6830038270763,-67.1915831250051
15.11,-30.5420833516272,-74.1842229223908
15.1105,-30.4858113795183,-91.0967538606918
15.111,-35.6418657510501,-107.029483594193
15.1115,-33.9024720645957,-101.656073973849
15.112,-15.4968902491402,-75.5997849455237
15.1125,13.7035196288024,-50.4418783491787
15.113,36.7021815271468,-36.3399194604995
15.1135,41.680514324532,-19.3205707570628
15.114,31.2001449098471,11.3554794454828
15.1145,15.9005004086024,40.2127002328938
15.115,2.08796197409945,43.5479120284824
15.1155,-12.4604768411361,21.0996850558893
15.116,-30.7992593249151,-3.27672264394359
15.1165,-47.4956709266438,-8.81325105060052
15.117,-50.6996425011506,3.81541315892802
15.1175,-35.5548952784966,18.9720122701492
15.118,-13.1514138984339,22.9412124133139
15.1185,-1.42276151800351,14.8805092065799
15.119,-5.97339487609406,6.26034718399432
15.1195,-13.6474965640844,9.20644729196651
15.12,-7.86994362004154,22.7739977777887
15.1205,12.2350766343391,32.913272232747
15.121,31.8218220376825,28.4714109371629
15.1215,38.0079789324632,13.7858588858322
15.122,32.606332512758,1.92692968718673
15.1225,26.1393836065131,-1.123298143265
15.123,24.1330575213629,-0.978565675321492
15.1235,23.6178367229765,-5.78630403747086
15.124,20.8381830663544,-17.3761615579493
15.1245,16.8719341790253,-30.91910646672
15.125,14.5773233288372,-40.0307960097328
15.1255,13.9665877051158,-42.0056519796458
15.126,12.7422210286972,-39.4548655850344
15.1265,8.71449706837297,-36.4222012586019
15.127,-0.268951799724861,-33.0465297860484
15.1275,-15.6470365977026,-26.0977646801682
15.128,-34.0651771327625,-14.0534777255427
15.1285,-46.5679674778374,2.38388862138323
15.129,-46.636039209264,24.2787925947338
15.1295,-38.1059475428564,52.3356987469412
15.13,-30.3666161541121,79.0706066318172
15.1305,-26.3892204736222,91.1289936492318
15.131,-21.9524598822682,84.7292284290894
15.1315,-18.0695379370054,72.0896488576994
15.132,-26.1104895208899,65.270410995524
15.1325,-53.7145285816199,59.4126327610939
15.133,-89.302573159331,42.0442955258928
15.1335,-108.501183400965,16.2833437462138
15.134,-96.9724183637016,3.28347257944009
15.1345,-62.4479489883217,19.4637112773312
15.135,-23.8091866147956,59.7384684157982
15.1355,6.9654607042294,105.847188200022
15.136,30.3048438817526,143.118199009771
15.1365,51.2081534883608,164.921095262002
15.137,70.8103926473699,168.912795631857
15.1375,85.923231373465,157.663043241051
15.138,94.2525395282701,140.404551530024
15.1385,97.7526849200347,126.741537002886
15.139,99.8557595114095,117.929241131477
15.1395,100.428969075938,108.422564474389
15.14,96.2087527631799,95.8706517280469
15.1405,87.1085972729418,85.3844063716948
15.141,78.7988397355157,82.8936003378918
15.1415,75.9183015691359,87.4896838893029
15.142,75.1007566366827,92.2504717522202
15.1425,69.286292694033,91.0757048946774
15.143,58.1057529072963,82.8223764339752
15.1435,48.7658284354943,68.5426987536558
15.144,45.6301396085664,45.529864285553
15.1445,43.9207278654148,5.9430275683744
15.145,36.5375735249887,-55.9362401754237
15.1455,23.3442616559785,-134.1243274987
15.146,9.9880289918281,-211.327539066919
15.1465,-0.019016534813898,-272.075093517815
15.147,-7.86570817248748,-314.892236519214
15.1475,-15.2041892746436,-349.184912352465
15.148,-21.6538376497586,-381.488411010564
15.1485,-27.1798678354558,-408.775414841453
15.149,-33.575788752011,-424.9430848803
15.1495,-41.9312474434698,-428.103643448721
15.15,-50.9576994572738,-418.423113504249
15.1505,-59.9217069891448,-393.44446859032
15.151,-71.3863549936266,-351.358635452977
15.1515,-87.4544931085982,-297.684774532954
15.152,-102.95267842972,-243.370482654061
15.1525,-106.391493687671,-195.400174345251
15.153,-91.6363716664532,-153.073110792662
15.1535,-67.6898087842687,-114.416157036179
15.154,-52.4522372498484,-82.0572574349832
15.1545,-55.0018508853489,-60.0406531420224
15.155,-67.0485211744713,-47.4273958235423
15.1555,-74.0755967988802,-38.1786645526064
15.156,-71.5860170697522,-26.5029892556008
15.1565,-66.1551189489486,-10.1812299607321
15.157,-62.7321821838962,10.757782543826
15.1575,-57.4148477540911,36.5051494394721
15.158,-44.3575215253293,67.8924451413439
15.1585,-24.7528613227564,104.659988325447
15.159,-5.42044795768303,143.676661521843
15.1595,8.79742712658265,180.276120390622
15.16,17.8087601118047,212.920528145852
15.1605,23.1289723322725,245.175008090064
15.161,25.7670540729328,280.118849959459
15.1615,27.5076195735418,314.081713987483
15.162,31.3933692334755,341.044990731058
15.1625,38.9396554079526,363.604959060918
15.163,47.1771107678214,392.573682981213
15.1635,49.8724542090009,431.545318441546
15.164,43.2103287531154,467.606726412015
15.1645,30.7209145562416,484.061146054911
15.165,21.0404711806284,479.268835786741
15.1655,19.2887718986902,465.910511255977
15.166,21.9766323237037,453.437344452608
15.1665,22.3949404722751,439.247005360504
15.167,19.0715403086647,417.621129538283
15.1675,15.119758310035,388.99432880414
15.168,10.6806110181717,356.583543925937
15.1685,2.09791532865089,319.932885537436
15.169,-9.94197580685711,276.940689101737
15.1695,-17.1781600478356,228.63314675458
15.17,-12.2461965364421,176.731383541212
15.1705,3.48098925639695,118.21127792307
15.171,23.7044886935633,47.1189690087166
15.1715,44.6619506382851,-37.7261198353707
15.172,64.6186368957904,-129.337114961324
15.1725,80.0463612753449,-216.826904400054
15.173,88.3021233805693,-291.184145039709
15.1735,91.887791877637,-347.460678010458
15.174,94.2240720786903,-384.605759564639
15.1745,92.8432887685908,-405.898631438749
15.175,83.022650159301,-419.860524824853
15.1755,67.1471334875589,-438.5881171216
15.176,53.2420277147868,-471.226322291513
15.1765,43.4944739632227,-515.959817533669
15.177,31.4811517818494,-559.159107995192
15.1775,13.2205633468969,-585.507650884351
15.178,-5.78398755027749,-589.983251672681
15.1785,-18.6872907289528,-578.866609163572
15.179,-27.0392568223993,-560.332344750497
15.1795,-36.9776326051453,-537.577445286757
15.18,-49.1396726778674,-510.90124846767
15.1805,-58.0646134408978,-481.143998368404
15.181,-60.3645103035791,-447.711643700375
15.1815,-58.7991258662358,-406.33999488918
15.182,-58.2552858731045,-352.976510103152
15.1825,-60.8738398815068,-288.959376698033
15.183,-65.2615339454887,-219.231543629542
15.1835,-68.3823409611178,-145.894065852
15.184,-68.3194639384677,-66.2656824652895
15.1845,-66.3191655053484,22.8299502302017
15.185,-65.1479040644958,121.360452395419
15.1855,-64.696015049391,226.399037030599
15.186,-61.4783362795381,332.673721387958
15.1865,-53.9617594141412,431.456019041369
15.187,-45.510120811095,512.219200951056
15.1875,-39.5672847603773,569.071744266024
15.188,-34.81204435464,604.936491469956
15.1885,-28.4056588675879,626.55725572312
15.189,-21.1948251150561,635.953299329904
15.1895,-15.216139254969,630.55716289209
15.19,-8.29425119851449,611.77357422906
15.1905,3.14025212503101,587.005111320199
15.191,16.4670570750165,558.839501684616
15.1915,24.0080089388545,517.701904399354
15.192,22.7841565038097,453.336119706053
15.1925,18.2578415237855,370.871619882951
15.193,17.0346152863318,284.906734403715
15.1935,20.5364395525193,196.930793950374
15.194,27.4587172018887,91.6628428952951
15.1945,37.0533600835939,-36.8563545803407
15.195,46.6684339590115,-166.328401873768
15.1955,50.9894701891839,-265.458324473931
15.196,48.8546651165263,-326.493868039397
15.1965,47.5397199789725,-366.198391662941
15.197,54.1309073638763,-398.270738116235
15.1975,63.7145776818728,-419.897994122464
15.198,62.3576797009575,-426.593275812331
15.1985,43.3684516963939,-424.508870158613
15.199,16.3002378208313,-420.427421719741
15.1995,-2.32922212804721,-410.503712366261
15.2,-4.29222361932423,-388.125380071318
15.2005,6.14404072991054,-355.852708564863
15.201,19.7597451449917,-320.914225339915
15.2015,30.14093225918,-284.096654574136
15.202,35.0043499509762,-241.75569164738
15.2025,34.116602807633,-195.604001768279
15.203,27.9881221741872,-152.260413550282
15.2035,17.3990062593068,-113.991887059466
15.204,3.05916149941449,-75.8132116700044
15.2045,-13.533882267203,-30.9041068956476
15.205,-28.4477997719172,25.218738858125
15.2055,-36.3492651735684,93.0933503994193
15.206,-35.3669665347806,166.186559008493
15.2065,-30.2709031333185,231.214303267479
15.207,-28.1596782180373,277.374244586805
15.2075,-30.6336625196909,304.89960531074
15.208,-33.0810680215173,320.916464704507
15.2085,-32.7819253118597,329.498417827276
15.209,-33.8488692882767,331.052383568401
15.2095,-40.4222417402174,329.029061127575
15.21,-47.7549841057662,330.094731387873
15.2105,-46.0704419237045,337.105526939559
15.211,-33.6311632819224,346.78558091608
15.2115,-20.4331621810375,354.72003093538
15.212,-16.7129314733816,359.193237243931
15.2125,-22.2338051526342,361.089874994791
15.213,-29.5935092402199,363.254644867641
15.2135,-33.3789636184538,367.290502279109
15.214,-31.7287210498565,366.669498451029
15.2145,-23.2477395004505,347.110553398942
15.215,-9.20141593890396,301.029892578046
15.2155,3.12264627087845,238.897552912183
15.216,6.72942344663331,178.124745362282
15.2165,5.1948063574682,122.958669672472
15.217,9.8172619003308,64.8416591308241
15.2175,24.4563202072004,0.269157395829575
15.218,39.6009350128952,-65.4058889799655
15.2185,45.1260876056201,-133.776892963036
15.219,43.3155656399956,-217.393724535274
15.2195,44.1253590292481,-319.305588424863
15.22,51.7930729010413,-420.561816309182
15.2205,61.994353831289,-500.298376110426
15.221,69.0243628057251,-560.894338392688
15.2215,69.0450553996876,-619.998934948895
15.222,58.4130465938759,-681.07911474547
15.2225,37.2734698654756,-725.393808633984
15.223,15.8205973249905,-734.64032626176
15.2235,8.98766827159907,-711.14750582
15.224,20.7815317503856,-672.209231216522
15.2245,38.645373304459,-632.056544169357
15.225,46.6810877984564,-593.653508094668
15.2255,40.1657311824046,-552.893314763675
15.226,24.2066391148508,-505.281819748123
15.2265,4.19745081523691,-448.656041618225
15.227,-16.1340666641332,-381.19000579564
15.2275,-31.4259400430317,-298.932019195282
15.228,-37.8368866015763,-200.371873979254
15.2285,-39.2575577981057,-96.1056132665221
15.229,-43.7185393173341,-6.69797885570021
15.2295,-53.0330127463729,58.7762805241842
15.23,-62.1789145674214,119.195022226631
15.2305,-69.7672795052209,204.352735741737
15.231,-81.2298805135356,319.224580295637
15.2315,-97.1276379852185,435.628001831044
15.232,-104.932759874494,523.070018176745
15.2325,-90.8537035493481,576.523286724569
15.233,-58.7015901888785,606.788938990615
15.2335,-29.9270503924124,616.128863049502
15.234,-22.6718247845777,598.869465321011
15.2345,-34.2936577806351,561.107671980874
15.235,-46.1114241097097,522.812649726693
15.2355,-42.2899268198124,497.391024294524
15.236,-21.8775999671673,481.290583904304
15.2365,5.19586363156387,467.639844049262
15.237,29.7863412226167,458.203761011388
15.2375,49.9174051006301,454.366864872216
15.238,67.796515296679,446.120563138266
15.2385,83.8764209568514,421.333674901989
15.239,95.6485188139005,381.82862853291
15.2395,100.926257879854,340.154853532352
15.24,99.4771784224372,302.166781499133
15.2405,91.1979709264096,262.294444560337
15.241,75.7863975025501,215.991131706715
15.2415,55.8466137590374,166.961164856185
15.242,37.5277279808728,118.868504680695
15.2425,25.2688848600148,68.4138511739522
15.243,17.5552291112208,12.9648950235766
15.2435,10.2954871195043,-39.923876173138
15.244,2.18194192388271,-78.066972384908
15.2445,-6.53149632157947,-99.7620497262948
15.245,-17.7076385202842,-119.761293558332
15.2455,-32.0392333163985,-159.836979358875
15.246,-43.2080709565371,-233.801287495049
15.2465,-42.3442421777083,-338.284917277669
15.247,-29.7926258492225,-454.116769886925
15.2475,-16.0513386426011,-557.251674138836
15.248,-8.36965830658295,-631.522310206722
15.2485,-2.81035029127852,-672.901864295162
15.249,6.22919856132353,-684.613372192012
15.2495,15.0155913866088,-673.516934578267
15.25,15.7015145196873,-652.040270138893
15.2505,8.31026566601518,-635.565576262076
15.251,0.211366378890061,-630.005574224761
15.2515,-3.8116310885174,-624.289348845112
15.252,-4.09537360387981,-602.01211673123
15.2525,-1.339079686876,-559.524186102586
15.253,2.58141636619143,-505.749272244702
15.2535,0.844188515781102,-444.874290077853
15.254,-11.5591613889699,-368.583153591252
15.2545,-26.8153005484978,-269.374032029824
15.255,-30.0644096799287,-154.259845412396
15.2555,-18.8973171479629,-38.7697986326557
15.256,-7.79822807257097,68.566457451275
15.2565,-9.32714110284405,169.126819401821
15.257,-20.1619978521894,263.803336207646
15.2575,-31.0282454776354,347.042849437282
15.258,-40.5647101208658,412.923694072157
15.2585,-50.8392239402664,462.804877717696
15.259,-57.3711172316219,504.623799623773
15.2595,-54.8918488169917,546.383916832578
15.26,-48.5599788488721,590.936788418347
15.2605,-48.3618792627081,634.96488352658
15.261,-54.1331103554583,672.157609399811
15.2615,-55.8461784412189,699.061728507442
15.262,-48.1660660252792,718.39705523756
15.2625,-36.2263966863637,734.641815824324
15.263,-27.1313423482653,745.285013934463
15.2635,-23.1068415208624,738.384975851274
15.264,-22.5593340089688,700.982635099457
15.2645,-21.2565804735143,629.841843476341
15.265,-14.0662216273318,533.359255473118
15.2655,-2.1826533870888,424.55300305367
15.266,5.09383695495998,314.284413758804
15.2665,4.73198190189741,209.74729467911
15.267,11.2179552898263,114.317918619092
15.2675,39.9493035990386,25.6726741524888
15.268,81.6462402528659,-63.0295085504594
15.2685,109.387115985572,-155.290070265037
15.269,112.538813085326,-245.075901900583
15.2695,107.025014305524,-323.077508113096
15.27,107.975078730477,-389.20678267346
15.2705,110.510676069255,-452.347693198834
15.271,106.101970031408,-514.476883880911
15.2715,99.6128966128953,-561.721198427318
15.272,96.2715333404507,-578.575490665673
15.2725,87.6242538798723,-567.616462239462
15.273,68.9219653683632,-546.640969549332
15.2735,58.8546986254487,-527.06427192122
15.274,79.7353267212651,-504.00825853279
15.2745,122.045326308601,-469.421787722779
15.275,149.052952606086,-426.342196566759
15.2755,137.26100739351,-385.782712539364
15.276,95.7902180614394,-356.028084954285
15.2765,45.7587867042086,-339.455491557571
15.277,-1.08444040397518,-333.277929248401
15.2775,-39.2812108111187,-327.170346637773
15.278,-63.5708480652465,-305.714856729785
15.2785,-76.2339873958463,-261.193174254323
15.279,-89.3947369847961,-201.377107323698
15.2795,-110.842429229898,-138.513026177889
15.28,-135.282831584912,-74.4401088967666
15.2805,-156.030401985299,-4.51679960978068
15.281,-176.121040230017,67.08731222419
15.2815,-198.983714696971,126.735259688435
15.282,-215.276008125251,166.54745352799
15.2825,-209.737791765643,191.002754852653
15.283,-179.036980313635,206.678252278797
15.2835,-135.265363304334,214.778297359657
15.284,-92.8387622713329,217.64363204648
15.2845,-57.460615131807,224.047250247731
15.285,-26.7834955250437,241.741554186113
15.2855,3.24362723164364,270.094470719654
15.286,32.8610631941771,304.533774340817
15.2865,56.1595225142092,341.159727642088
15.287,64.4987053563652,369.953727838239
15.2875,54.5124770500475,370.484029757993
15.288,32.4720780967356,326.898932364758
15.2885,9.70255476462775,248.194886098844
15.289,-5.46053461337217,165.223774873559
15.2895,-11.285515060826,104.962701618601
15.29,-11.2236970203467,72.4011450565026
15.2905,-10.7829160195982,57.1177191977531
15.291,-14.2092189052887,48.4022594723197
15.2915,-22.0318447488356,38.5770953515613
15.292,-30.7168317338909,18.2234485999609
15.2925,-33.6666501242038,-21.562259383975
15.293,-23.4212356982936,-80.0745078282886
15.2935,2.75469283493043,-145.022801861531
15.294,37.1979883601311,-202.022823493035
15.2945,66.2474842761706,-242.918020072353
15.295,84.0880296938778,-262.362811450192
15.2955,97.2482185041528,-250.636522238896
15.296,110.269878469817,-197.875003073302
15.2965,113.871240705611,-108.008371485105
15.297,97.377488370985,-3.17259138258085
15.2975,68.413952237328,90.4880543287701
15.298,47.3773751588663,158.653067454449
15.2985,42.7083446069123,197.016976066274
15.299,43.7007866761924,200.06517157643
15.2995,38.6263253160956,162.966617723985
15.3,27.2490998549066,95.1265577698739
15.3005,12.8136414589668,20.3243260295627
15.301,-4.76873477493788,-42.6902117430227
15.3015,-21.8931426352841,-92.2628488383205
15.302,-29.3433478298105,-131.095248124836
15.3025,-24.6327358276028,-150.648339546651
15.303,-16.3261687859578,-138.91905058454
15.3035,-9.74291674343459,-98.8737978433489
15.304,0.560987537984729,-47.5547367835455
15.3045,16.4698578788348,1.76797613427877
15.305,26.7258696663076,46.2053531580286
15.3055,22.7435665338776,83.2814430335254
15.306,13.6824145035322,107.367771514813
15.3065,13.2018805042638,120.03548964081
15.307,20.1216007435138,133.531797469555
15.3075,26.0314738767912,157.459171685413
15.308,33.8473437213612,188.212295689276
15.3085,51.937162770803,215.920383556593
15.309,74.5582489035478,235.249980808194
15.3095,85.857092776582,245.102142792802
15.31,82.131871633303,245.09151283433
15.3105,73.4257182007878,238.394296644624
15.311,62.8261015026894,231.793665532106
15.3115,41.934173077936,226.361815789474
15.312,10.6507738853968,213.47804894728
15.3125,-15.9254655552583,186.409975658271
15.313,-28.776507458923,150.362059548569
15.3135,-39.6761855650272,114.516152498793
15.314,-64.3818091995304,80.3079501055739
15.3145,-100.119198127121,45.1565836813688
15.315,-128.912021673844,10.2970797906356
15.3155,-136.66175907072,-26.3302326728887
15.316,-121.761224813015,-78.9872167106284
15.3165,-91.9871778256139,-161.258051261226
15.317,-61.1735074727828,-265.233581792975
15.3175,-43.4315995954485,-366.363124752022
15.318,-42.0243970416943,-448.79567461961
15.3185,-46.4427698091044,-513.07900610527
15.319,-45.603869704283,-559.280913947709
15.3195,-39.681821592594,-579.367494589954
15.32,-34.2773962085346,-571.634357469472
15.3205,-29.622888103264,-547.655402230924
15.321,-23.4148447824799,-516.680168873136
15.3215,-19.2184146065333,-475.989428478833
15.322,-22.8553292586614,-425.962651437259
15.3225,-33.1404844562053,-381.493606930359
15.323,-44.5884957210481,-354.366766178929
15.3235,-56.992738963396,-332.831717300091
15.324,-73.1450398675337,-293.80739173433
15.3245,-87.8051927539591,-231.562291292457
15.325,-88.7281868733718,-161.589182157482
15.3255,-71.2257025855689,-99.2545853435101
15.326,-44.7374068820618,-47.5857380788774
15.3265,-22.3021423125454,-4.50251195999587
15.327,-8.89714255712953,32.1078302914341
15.3275,-1.71480231135102,69.5705479816405
15.328,4.55798640921555,119.460896705575
15.3285,16.0387096386366,185.671914561837
15.329,37.3551483059316,258.912551602084
15.3295,65.7707141318967,326.198690076793
15.33,90.4488068909439,382.289768734068
15.3305,101.993617417129,431.623009150873
15.331,101.605350374075,483.362671852285
15.3315,98.3151419343659,544.078013717801
15.332,98.8859139810965,611.072756021683
15.3325,102.555524413794,674.191131617682
15.333,103.349739814705,727.315424011566
15.3335,94.6899101686868,773.2363144323
15.334,73.9580581594205,811.866746468106
15.3345,46.6063537979359,831.60699339931
15.335,25.0946262355426,823.768672005729
15.3355,19.5070995226432,799.663667724781
15.336,27.5980539601743,777.428022426801
15.3365,36.1464209918596,752.234229582318
15.337,33.5648330683976,695.404938134802
15.3375,20.487600088729,586.752979175762
15.338,7.82740337475802,434.345705638753
15.3385,5.90113433769252,258.13337579298
15.339,16.1396164950364,68.4226402356032
15.3395,31.7859130398381,-131.618471029688
15.34,44.2285596449362,-334.359486234284
15.3405,47.7275531510383,-529.141149248453
15.341,39.7095243699252,-708.342526709839
15.3415,20.279249988358,-865.211950201437
15.342,-5.44494378563761,-993.549059475961
15.3425,-25.6100757808571,-1095.86268874721
15.343,-27.3207431588698,-1182.74073205816
15.3435,-8.18918660985446,-1256.34024391471
15.344,18.4877047791292,-1302.8339280587
15.3445,33.4904108028452,-1308.57699342227
15.345,28.2614555743775,-1273.84820774537
15.3455,11.3362562159492,-1201.54035879655
15.346,-1.39513532872669,-1084.2357595862
15.3465,-1.53562485015063,-918.035208287746
15.347,6.21267290913422,-722.581456218019
15.3475,10.8046909426686,-530.88248567215
15.348,5.78488712554998,-360.709376951526
15.3485,-5.75729304675823,-208.797076649895
15.349,-16.1498872814105,-70.3878767675566
15.3495,-22.513796708685,51.2762034484423
15.35,-29.7817467011398,156.673914850399
15.3505,-43.1946415482023,257.091694610368
15.351,-59.9014109389441,364.202066988355
15.3515,-71.7410735939962,480.488680527911
15.352,-75.6579867271811,602.541511401188
15.3525,-76.152423220628,725.652203556157
15.353,-76.2365747362738,842.280376508298
15.3535,-72.5726476195809,942.578325499234
15.354,-64.4623382423979,1018.18693685926
15.3545,-61.8251599648133,1060.4030558272
15.355,-75.0215432404774,1057.34647706402
15.3555,-97.7670589555551,1003.64085693826
15.356,-109.525419832463,913.571745100463
15.3565,-97.8092047060389,813.561512708049
15.357,-71.1215409516421,718.623265827795
15.3575,-46.2110084429222,625.974950297574
15.358,-29.4886870190194,533.974894633089
15.3585,-16.8482038637898,454.321872256109
15.359,-5.62827748382951,398.344019115727
15.3595,2.50221680842566,361.674641069966
15.36,8.53341274598609,331.364100319746
15.3605,16.9428613587349,299.930570125809
15.361,28.4900330731253,263.183518832486
15.3615,39.3351451113967,212.072311935319
15.362,48.8322858514254,139.00248312888
15.3625,60.7498138402042,48.6124913801516
15.363,73.4462609420598,-48.9499561319932
15.3635,76.4377895395743,-153.275533839878
15.364,63.5905454904448,-270.764276623302
15.3645,44.9736188010942,-396.793567945213
15.365,36.9570951382039,-513.002682482267
15.3655,41.3859766505442,-605.901888078352
15.366,42.6568381625695,-678.171599839414
15.3665,27.6225264699892,-736.612720652621
15.367,1.96644341963469,-778.780867468063
15.3675,-17.3697642142468,-800.244581264805
15.368,-21.7215786199053,-807.906234966348
15.3685,-17.3548450255517,-813.87464230639
15.369,-14.6394423018988,-817.047651115191
15.3695,-16.5434272283367,-801.557637151636
15.37,-19.1829970697723,-756.23084148057
15.3705,-19.6737006849377,-687.344308407221
15.371,-20.6369081511679,-608.452664848647
15.3715,-28.4556536513584,-525.773174976689
15.372,-48.3116215792866,-440.106381637099
15.3725,-78.2484436657154,-356.150941557919
15.373,-105.421454397652,-279.514770466749
15.3735,-110.960111084826,-206.66448501147
15.374,-84.6923226521961,-127.846313922112
15.3745,-37.463094420676,-40.7285860133761
15.375,4.34285443893875,47.52413038533
15.3755,19.9965773873633,133.12628256721
15.376,10.5819326966273,220.999545444641
15.3765,-5.55172793487804,313.130369511088
15.377,-10.8081174650366,400.622085226181
15.3775,-0.770906611149168,474.364870810571
15.378,17.7501439571478,537.070873218176
15.3785,36.9070245858234,596.717879134644
15.379,56.2480298066877,652.633625513326
15.3795,83.2695300997607,696.672722545906
15.38,125.283997070325,725.849038952403
15.3805,179.327215997122,745.635165873755
15.381,231.097166893822,760.949995421695
15.3815,264.943133736115,769.789311022504
15.382,273.148165571895,765.092524256022
15.3825,255.664322350565,738.024486350363
15.383,217.641681625122,681.724495131475
15.3835,172.628589374184,598.323782128543
15.384,141.250162765862,500.934763301098
15.3845,134.220464735309,402.360967673738
15.385,136.048066380298,303.1830960968
15.3855,116.939109195944,197.331988792435
15.386,65.6779144724107,86.7029256499254
15.3865,2.61073225718182,-19.3445883366956
15.387,-44.6567219611441,-118.853582646699
15.3875,-70.0946306524682,-221.142551667462
15.388,-87.7812687079796,-332.644012772546
15.3885,-110.885212587592,-447.469081203135
15.389,-142.483842775567,-556.272675819949
15.3895,-180.777337408118,-656.903130037577
15.39,-219.608412754459,-750.542177880283
15.3905,-244.348340201115,-832.479281447956
15.391,-239.889851681495,-892.09245221331
15.3915,-207.074974844755,-918.785946806827
15.392,-164.148765218292,-905.121006308673
15.3925,-129.361418897171,-849.482106700517
15.393,-107.690861765577,-760.679453613352
15.3935,-94.7312194763787,-656.281455910921
15.394,-85.1540292370096,-551.569264762441
15.3945,-74.7722692774463,-452.047193863313
15.395,-62.1374031287198,-358.561338069245
15.3955,-52.0735466600712,-273.896660056372
15.396,-51.4342955689211,-198.717002001594
15.3965,-58.1960856083448,-125.090205194177
15.397,-61.441648957671,-41.1211398022693
15.3975,-55.7732947119201,58.6768019408778
15.398,-48.8135827267366,171.578874578418
15.3985,-50.1606340762015,291.885399233663
15.399,-60.0634312270195,410.974559696983
15.3995,-73.8030761076678,513.239298655133
15.4,-88.7133281015385,580.627065459349
15.4005,-99.210814407888,605.845446193194
15.401,-92.9849059544203,598.163624081179
15.4015,-63.4006143898515,573.842275203565
15.402,-21.6624522472245,543.428932403298
15.4025,13.846452736862,509.951941057697
15.403,37.6064263896888,475.09778426912
15.4035,56.4108341588427,441.403614966368
15.404,72.380263559925,408.361999906494
15.4045,80.1820785497497,371.28435424776
15.405,81.9440877301101,327.054243453898
15.4055,90.8155933357187,278.989808308952
15.406,113.353031874461,233.212364358587
15.4065,137.885215721148,191.76465916838
15.407,147.337004510283,153.250396098917
15.4075,137.460513994212,119.776623316438
15.408,117.37687271637,97.5156451252442
15.4085,98.6051635152888,87.3812689627015
15.409,88.9850289692626,79.7865114522901
15.4095,90.7496166287171,64.1677494057554
15.41,97.1816194561656,41.7710789257279
15.4105,95.5793081017768,23.1344833919095
15.411,80.6770833356163,12.72333613903
15.4115,61.8354056546327,1.64862108434977
15.412,50.2588274532779,-21.8433906185912
15.4125,42.6428471603693,-58.1504713728527
15.413,25.9240079689727,-95.8124292520491
15.4135,-3.28244848190008,-124.185636043631
15.414,-33.1525938435841,-144.348301138107
15.4145,-51.9502097150571,-166.657860460017
15.415,-60.7935749928286,-197.752811964002
15.4155,-67.4464340037469,-231.475365817634
15.416,-73.6465634821561,-255.435480647715
15.4165,-74.4722856202251,-266.745406274907
15.417,-67.5127893034824,-276.581811600743
15.4175,-56.6378897410806,-295.730486760954
15.418,-45.7143403300049,-319.676146548613
15.4185,-32.4351840641943,-333.992436521088
15.419,-11.7436569699911,-332.427583340571
15.4195,14.6928239590188,-322.159884165087
15.42,35.6508127198005,-310.206959203929
15.4205,40.6893424944769,-292.144570979256
15.421,33.2937571191881,-259.209820281107
15.4215,29.2331383486064,-212.660370831739
15.422,38.940002962239,-165.093751155767
15.4225,54.9923261227116,-127.19753084077
15.423,61.5118633416609,-97.2412780942184
15.4235,53.3636639119451,-66.4447049607207
15.424,40.0292311946584,-33.0896850944264
15.4245,31.7336061844156,-6.30112419766088
15.425,29.565040057504,7.2183967123265
15.4255,30.9681045138388,16.0531236758571
15.426,36.6518490003061,36.3594160089278
15.4265,46.4590598922121,71.6936641557062
15.427,54.4328553879713,109.04541490589
15.4275,55.4734716955381,137.438149365885
15.428,53.313447444206,160.859441506966
15.4285,53.6440682089999,185.834479291082
15.429,51.1241731210439,203.839678655956
15.4295,32.8771143553873,195.901190816637
15.43,-3.38874671849213,151.772119534213
15.4305,-43.5265474146509,78.3184846354632
15.431,-73.1615151620638,-5.87013120703813
15.4315,-92.1998599691527,-77.1471161709437
15.432,-107.810947118674,-115.799350825306
15.4325,-120.26173103346,-120.344571425995
15.433,-124.214794302297,-108.942194670138
15.4335,-119.576884019982,-96.1488600151421
15.434,-111.308230715676,-74.2652831824236
15.4345,-100.012467081593,-31.1101681626149
15.435,-82.0907218134407,20.7055668034721
15.4355,-59.3929538978642,52.3583469056007
15.436,-39.6794724557694,55.7669621276796
15.4365,-26.2613602381201,51.3322603228645
15.437,-16.2998735416822,55.9474289778722
15.4375,-11.3497353558007,64.8496673187233
15.438,-18.8804513067008,72.7896470287847
15.4385,-38.3665718965893,91.4990620806336
15.439,-56.6385088172083,131.315492122103
15.4395,-65.5109271773955,180.455640770354
15.44,-74.840207869819,217.393100643145
15.4405,-96.5929917187419,232.955050792718
15.441,-122.236521742159,228.753769373445
15.4415,-129.462124925991,207.621432396244
15.442,-109.487391005824,180.675910958585
15.4425,-75.599648010916,171.12771088928
15.443,-45.0466042080234,192.414113921867
15.4435,-24.1972511031917,230.699244439883
15.444,-12.0569624963881,266.084631121592
15.4445,-5.21571147632711,301.813991936681
15.445,4.94381106546405,351.039612702769
15.4455,28.3412081264291,400.41518395996
15.446,62.9090440961729,412.18114126816
15.4465,93.9105284531841,366.086489238001
15.447,112.690032904164,279.953714388609
15.4475,127.9752769549,184.695383476579
15.448,151.793686791926,97.8002539292822
15.4485,181.764774505541,28.0205665897107
15.449,205.139225402934,-13.6800240735926
15.4495,213.967023507039,-24.515759974451
15.45,208.191952762355,-24.1860846304302
15.4505,189.830683956915,-46.5851195484445
15.451,163.749475757138,-117.129574088672
15.4515,140.263724466336,-239.335786705991
15.452,127.298938477086,-395.686926936344
15.4525,121.529719795803,-555.888638945429
15.453,114.081432862292,-689.800004886475
15.4535,101.38118170307,-779.343001549286
15.454,83.0692456842983,-819.270478672665
15.4545,54.944414970493,-810.140839550083
15.455,15.1348449115941,-758.52829024137
15.4555,-26.7599168913035,-683.840204006966
15.456,-59.8563952481567,-613.829408456793
15.4565,-89.1343441742668,-566.389352150319
15.457,-127.127299694932,-538.985067120063
15.4575,-167.812649021703,-517.14363766638
15.458,-186.570270836476,-486.872164467387
15.4585,-173.121946728543,-436.560467699307
15.459,-148.623168465826,-354.63565389633
15.4595,-138.416035467509,-232.285451393435
15.46,-140.288824874375,-67.9087635626673
15.4605,-134.469854768984,131.02361283805
15.461,-116.269978454158,346.513016719258
15.4615,-100.677280499875,551.59418328747
15.462,-96.3587583222588,721.192379712203
15.4625,-92.3094303729965,845.109217207269
15.463,-74.8260235082436,927.739098938028
15.4635,-45.2163070222439,976.356912683023
15.464,-14.0931141931062,994.81972706425
15.4645,12.7406413994447,985.859209642937
15.465,34.7445633221987,950.560377619811
15.4655,48.9262910591181,886.229410205755
15.466,50.7841639144607,794.054789120027
15.4665,41.9921928688319,688.166407751661
15.467,30.6557712818367,585.829206701086
15.4675,23.1102100473958,487.882908118552
15.468,19.8693213225207,381.234838637629
15.4685,20.6437990296619,262.418031504379
15.469,28.6332736817452,143.861529742167
15.4695,45.9477739351382,31.9348013336478
15.47,66.8295810066147,-84.971020676906
15.4705,80.4968698607217,-216.552068698528
15.471,82.1136164251427,-352.855282624765
15.4715,77.1520799408378,-478.906728475968
15.472,72.1056195865365,-594.607214127226
15.4725,64.3942094520205,-704.601441795291
15.473,46.71316658957,-798.608390874746
15.4735,19.9363664543755,-861.263797018636
15.474,-4.68007178428087,-896.694243868243
15.4745,-17.2293607486513,-922.672058056243
15.475,-17.624633883207,-939.117201805123
15.4755,-11.1582648998406,-921.7864879594
15.476,-2.50753261475249,-854.680482287126
15.4765,2.23911908513159,-754.506230738804
15.477,-5.24326669358661,-653.133044358394
15.4775,-26.8523042445394,-564.682560869204
15.478,-51.9283825692361,-479.07246973148
15.4785,-66.7834749308295,-381.635180928828
15.479,-68.9430779847759,-269.012588954273
15.4795,-66.5228594003608,-147.401050645463
15.48,-65.7205283321701,-23.2731618247701
15.4805,-65.5465126061075,101.893612959349
15.481,-63.8764861896528,230.703671543435
15.4815,-61.6708280619858,364.937192203666
15.482,-60.204032988357,500.564572546657
15.4825,-59.1435356301544,626.935930854086
15.483,-57.6525945426518,730.07155809941
15.4835,-53.0950034050715,796.908906762785
15.484,-40.2593359573509,820.739977677382
15.4845,-18.23709894905,808.146529424642
15.485,3.23458552137712,779.461608994007
15.4855,12.7849142476164,754.994790930821
15.486,13.6833939864572,737.367575895655
15.4865,22.2973529929264,711.438328576797
15.487,47.4919058647521,663.835017831369
15.4875,80.1907833001691,597.277648404675
15.488,107.711524387306,521.688977538887
15.4885,129.187193755679,437.641041522689
15.489,148.823027218272,338.612255704545
15.4895,161.497329786012,229.429973578469
15.49,157.359220126044,131.995998943448
15.4905,139.418038842539,65.7833832524299
15.491,124.882038148377,26.820827499239
15.4915,124.429027807728,-7.44760830838306
15.492,127.034841219469,-54.4618670466016
15.4925,111.95060923158,-114.616524222471
15.493,73.7183814566694,-182.387943676879
15.4935,29.2627247255697,-259.701727243627
15.494,-1.56001882265584,-351.817388760789
15.4945,-17.6578792774956,-454.709156575208
15.495,-33.4733323142697,-554.351342509962
15.4955,-55.9926061025291,-638.010546780269
15.496,-74.2362762878042,-700.001005389859
15.4965,-76.4357485667703,-735.673044511975
15.497,-69.5983070385438,-737.087204829189
15.4975,-71.92762842714,-700.761401873838
15.498,-89.591603355307,-637.932944916248
15.4985,-112.240365387549,-571.032801227613
15.499,-129.743646095764,-516.384750286149
15.4995,-139.850860364391,-471.58562704221
15.5,-138.165198127468,-422.814189653737
15.5005,-117.010704707188,-363.645390371308
15.501,-82.1726762464021,-300.861154037327
15.5015,-56.4921465303431,-238.981003491061
15.502,-54.3321721515018,-166.835340844001
15.5025,-62.4400384987966,-69.5839222992295
15.503,-59.4505704821723,49.0738368692071
15.5035,-45.8559458637413,169.395073748349
15.504,-38.588292026459,280.804526914393
15.5045,-41.4702946514318,389.499772324259
15.505,-40.214054710581,495.527678497853
15.5055,-27.4070767728528,579.223845013447
15.506,-14.0676399223174,624.002849565944
15.5065,-10.2268595577094,640.292241574537
15.507,-9.1992848652646,650.117622415573
15.5075,-0.906586239938045,656.438005284119
15.508,10.2868240820233,645.921711545797
15.5085,13.1008850977365,615.799718006772
15.509,8.6136785101869,576.726527513115
15.5095,9.65319708454503,530.443626237411
15.51,21.6800381905865,466.297984829567
15.5105,34.7264528193864,383.291704922335
15.511,38.4125566491757,295.970539746121
15.5115,38.7064170710692,212.688559200246
15.512,52.3128779420783,125.827317094102
15.5125,83.4852915105037,30.4601638951195
15.513,112.155967095225,-64.3667827594842
15.5135,111.705750236215,-151.622822991392
15.514,78.4765452326834,-238.080549335037
15.5145,37.2266237816333,-330.30381477716
15.515,15.4290256821996,-421.334350286445
15.5155,19.8702255109966,-498.59706691218
15.516,42.7449574044644,-551.454568456404
15.5165,79.4148706872891,-564.993642614137
15.517,126.611524601284,-524.221741105369
15.5175,168.655793401249,-435.114850681489
15.518,183.217907914946,-325.891238185812
15.5185,164.807465186305,-217.605739176261
15.519,130.646765794564,-110.407814083186
15.5195,99.0084938917653,-7.21330518170352
15.52,72.2478625857247,74.0010307464282
15.5205,45.3820391196214,128.140466805803
15.521,19.1713376341354,176.054901377464
15.5215,-3.86597393006734,222.003012703894
15.522,-26.9767995697997,220.787935994206
15.5225,-52.3953942638511,125.473996968003
15.523,-73.5989580299271,-41.6830913939189
15.5235,-85.1887547793866,-203.257108963738
15.524,-96.1515039168877,-310.135471851844
15.5245,-121.03623746335,-377.759149146843
15.525,-157.820971167046,-439.583981190777
15.5255,-185.412517234313,-502.664745378481
15.526,-187.069082396626,-560.370904557449
15.5265,-169.013781767,-614.555047940338
15.527,-150.783386997193,-663.225982314179
15.5275,-142.296263390297,-687.662647094954
15.528,-137.727733267579,-672.26766403975
15.5285,-130.770774317244,-623.57338158214
15.529,-126.691087195447,-554.132045438534
15.5295,-132.796045594602,-460.721340697825
15.53,-142.125196848736,-334.232817381596
15.5305,-138.181785085014,-180.58032765206
15.531,-117.908421135832,-15.2740940666303
15.5315,-97.9981642600096,157.693726377175
15.532,-90.3241886880546,347.962826818767
15.5325,-81.7307794212973,559.944110741818
15.533,-52.1262349809456,777.729786393051
15.5335,-5.95285579838041,967.633715906553
15.534,32.3735511373082,1096.78254473796
15.5345,53.4463155200248,1158.11282058372
15.535,74.119563598286,1178.8108791865
15.5355,109.261988078056,1194.93207404243
15.536,150.617388902594,1216.8178164756
15.5365,183.223067674947,1229.38352273968
15.537,206.966709557309,1221.95477945033
15.5375,228.740709806849,1196.16337285271
15.538,245.365319938834,1140.38398476494
15.5385,248.972471459006,1022.02524122039
15.539,240.87055461221,822.508638676197
15.5395,226.063885641325,564.853414759412
15.54,201.153177493501,290.89330979131
15.5405,162.19111791536,24.0479659659348
15.541,119.20429532993,-230.209001861826
15.5415,88.2316059367671,-462.390595733238
15.542,72.1751735884829,-661.780235105604
15.5425,62.5416992725575,-836.409466129337
15.543,55.6699699042617,-1008.36783504121
15.5435,52.3255321354935,-1186.05282973565
15.544,45.3516424472148,-1353.42106819472
15.5445,26.4045228450222,-1485.8853788311
15.545,5.5606982782116,-1565.01759742232
15.5455,5.16746324778226,-1580.34821380009
15.546,28.0225007969554,-1532.02639530946
15.5465,46.9174915835353,-1434.20923767484
15.547,34.3444684591694,-1304.31850262993
15.5475,-7.76120596635517,-1146.09807080343
15.548,-54.2990985548177,-951.979540038398
15.5485,-83.4255123700428,-723.083796506286
15.549,-91.1547380601764,-477.229603662966
15.5495,-89.4322280643161,-234.643684698492
15.55,-96.5625600830326,-3.49517644477695
15.5505,-122.026250372819,218.577337457615
15.551,-155.109970751734,436.207809066413
15.5515,-175.086901159821,651.481804543884
15.552,-175.745569083905,858.840860136009
15.5525,-170.907067267435,1039.94759818217
15.553,-172.478315913011,1170.19633163632
15.5535,-175.047007851021,1238.46336436466
15.554,-169.052517802542,1260.38111232191
15.5545,-157.425288526561,1266.57196929271
15.555,-148.804112100667,1273.97233228054
15.5555,-143.060635885765,1269.6522971653
15.556,-134.470409138766,1226.07539691267
15.5565,-122.4261235464,1131.33043691714
15.557,-108.415320760577,997.340284025465
15.5575,-88.6530207183014,836.968571305827
15.558,-61.1375493554024,647.885143255662
15.5585,-34.9003972979565,434.154008584545
15.559,-19.8776466113799,232.40068634248
15.5595,-10.6457655618673,87.7183940818166
15.56,7.45918607358606,-1.8926183827887
15.5605,37.2175069157821,-90.9010289707837
15.561,66.0581013882345,-221.422890327904
15.5615,83.5902069684441,-373.821442560884
15.562,91.5133219471299,-500.154912502869
15.5625,94.9691292659447,-586.612391550359
15.563,94.7604108945511,-655.533046502833
15.5635,91.1388364751404,-718.561452481695
15.564,86.3954918793962,-761.7319661606
15.5645,80.0656522422892,-777.362919152695
15.565,68.3992995560319,-780.591532569757
15.5655,51.2177835116303,-785.470950207909
15.566,33.3357319462526,-786.736108704114
15.5665,18.2665464294306,-774.620982236678
15.567,7.49144391534229,-749.840632084429
15.5675,5.72223989920918,-715.649108051691
15.568,16.6244653934147,-672.220560488238
15.5685,31.3121472654235,-627.59480197528
15.569,33.5433453884068,-597.023592672396
15.5695,23.1711435133798,-580.359515761304
15.57,23.347222786959,-554.674144049742
15.5705,53.4546989914277,-499.916633041907
15.571,101.78867491888,-417.856031750696
15.5715,136.946002078559,-316.211273435268
15.572,142.531583844958,-191.843451256652
15.5725,128.686858115156,-43.4063671722822
15.573,111.267186412332,118.308838543325
15.5735,93.7618780312837,292.132523783896
15.574,73.3316571866342,499.645868941567
15.5745,51.8100769124119,746.58094593866
15.575,31.6036975330706,980.095020539007
15.5755,8.4781472582277,1118.26724578324
15.576,-20.807787215427,1126.75725857728
15.5765,-46.986878083744,1041.78836454313
15.577,-54.952285393002,914.86251858098
15.5775,-41.696760276142,763.446971053062
15.578,-17.3873300241844,585.435896477903
15.5785,12.7644494070857,391.357048796436
15.579,54.1357511806345,198.499388995899
15.5795,101.483804212397,11.1241207597538
15.58,125.056897988759,-169.31636012382
15.5805,97.9539005395582,-325.406043853963
15.581,36.5864405699432,-438.932714600583
15.5815,-6.99461470536468,-518.448004245292
15.582,-3.20931214964194,-587.622424291618
15.5825,19.8011598277556,-646.891589416642
15.583,13.8941958243638,-669.940454279426
15.5835,-27.2210750142225,-643.3401028666
15.584,-64.5690309360193,-588.928787506807
15.5845,-69.0065179629868,-536.364906188559
15.585,-55.8085558741618,-489.242468005474
15.5855,-56.0124429681017,-431.975873702131
15.586,-72.7116062085115,-360.066826781217
15.5865,-82.7630878101656,-288.2399427688
15.587,-72.6836094907138,-230.401537874491
15.5875,-55.3228693670012,-181.094697260555
15.588,-51.7377127415942,-116.537467522401
15.5885,-69.1632225142421,-9.16987691379812
15.589,-98.1023261676775,155.436065292778
15.5895,-121.245507592289,368.567035089495
15.59,-123.485213721606,602.723314447782
15.5905,-102.45273180477,825.065411873499
15.591,-73.36152878185,1004.26856317768
15.5915,-57.0310660416181,1110.37229204435
15.592,-58.804256124509,1125.08631379642
15.5925,-63.2998261821907,1061.00281262386
15.593,-52.5508388868368,958.736929207533
15.5935,-24.9802415377123,851.722216626409
15.594,5.81783175860743,739.225037738643
15.5945,25.7894712404969,604.207417714832
15.595,30.3415604390589,449.463550255134
15.5955,24.9940603582399,300.493446372711
15.596,21.8556085043514,176.970899870616
15.5965,31.7604823122885,78.8464021528999
15.597,53.0085238535345,0.413341336449288
15.5975,69.2982367314935,-60.4916924757729
15.598,65.7352339015904,-113.067933520349
15.5985,47.2089452872424,-177.925985552868
15.599,33.8639812857815,-271.038480001898
15.5995,36.0085966838562,-390.461239383871
15.6,40.6376738212067,-521.640545556133
15.6005,28.4561853989393,-644.632737928372
15.601,-1.150767114061,-733.646527362114
15.6015,-30.9047699688797,-766.114443443538
15.602,-49.7893634813535,-742.106272943061
15.6025,-66.1334669733296,-682.333777806624
15.603,-92.563551174405,-597.752308065451
15.6035,-125.878284666774,-475.017330119013
15.604,-149.675108872723,-303.561765077949
15.6045,-153.567981963383,-101.003524924734
15.605,-142.343453749006,107.064889657506
15.6055,-127.404702839123,320.331461200413
15.606,-116.398248704662,553.295263491886
15.6065,-111.408120114319,796.900748247121
15.607,-110.099576664351,1014.33284635263
15.6075,-106.575060959959,1175.63523989933
15.608,-96.5276833560662,1276.40866012633
15.6085,-82.0971296108406,1321.15572724684
15.609,-64.3993364653496,1307.79252622576
15.6095,-31.0097644140584,1229.33083700002
15.61,36.3827181366343,1069.40322184305
15.6105,133.633614603355,797.557737758999
15.611,223.295067382812,402.172157412838
15.6115,265.691806002482,-60.5683417850436
15.612,259.308927064037,-485.725448263917
15.6125,241.143782377446,-816.239839112679
15.613,248.553307667274,-1099.68114183073
15.6135,288.353099190291,-1420.16861680581
15.614,339.302510041324,-1791.51134738921
15.6145,372.857883832918,-2151.37709015889
15.615,371.612974269678,-2447.0432558639
15.6155,338.869119656637,-2681.00856606855
15.616,292.45661092732,-2866.9174594564
15.6165,241.513218635787,-2983.52437636589
15.617,172.461698244177,-2994.17853644991
15.6175,71.5380871057513,-2884.52751187224
15.618,-40.8865343278401,-2659.14450301419
15.6185,-119.086104675142,-2322.49928919512
15.619,-141.605327522552,-1887.79417165368
15.6195,-132.953392085994,-1390.64962250608
15.62,-125.673710923637,-870.215437009614
15.6205,-121.901573849203,-343.596438663575
15.621,-110.652370858115,184.177270070102
15.6215,-102.840466901385,695.975276218243
15.622,-118.201728710633,1169.19847439093
15.6225,-144.888646424709,1597.59431397384
15.623,-145.500356548726,1983.13057134629
15.6235,-109.292174187567,2311.90420501636
15.624,-71.7517577058284,2563.83051683056
15.6245,-70.811111629783,2744.64184082851
15.625,-103.859561394965,2879.3294365477
15.6255,-140.675798474754,2966.54704396126
15.626,-161.319823117741,2965.96258538343
15.6265,-166.010863706145,2846.37713478993
15.627,-161.178002620123,2629.04698463866
15.6275,-152.787682810232,2368.90900561089
15.628,-145.790970588545,2107.28756160034
15.6285,-136.836198415677,1857.31711827404
15.629,-115.202212492465,1621.20770146226
15.6295,-82.8314325051486,1400.29384332782
15.63,-62.5981133025901,1191.05423207031
15.6305,-69.6119815026771,986.273450162546
15.631,-82.5326427096359,780.233502737564
15.6315,-64.6704106676341,565.868417988661
15.632,-11.8915463798165,334.002067468424
15.6325,40.9504039148376,86.6272208804811
15.633,63.6386982639387,-155.055534539055
15.6335,60.7191328842718,-368.278162128708
15.634,51.18854175543,-549.837177953932
15.6345,37.1057990701613,-707.266300193159
15.635,7.47220530892246,-834.643380798786
15.6355,-36.3735002942406,-915.426316324103
15.636,-74.7459040493195,-951.799171039102
15.6365,-88.1832663085549,-975.66951900091
15.637,-73.7202775620613,-1021.98710737019
15.6375,-43.7987303065884,-1097.41690769847
15.638,-15.5600471656156,-1179.1089003972
15.6385,-0.688900312121128,-1238.60598511222
15.639,0.738595142856855,-1264.52987411634
15.6395,0.546546799067354,-1267.31848232639
15.64,16.1433763350105,-1264.76242235688
15.6405,59.7674501912667,-1260.96959265808
15.641,127.424723514569,-1240.74760597735
15.6415,195.903011759164,-1187.32954632623
15.642,237.487068123432,-1101.62540720571
15.6425,245.000052052335,-1000.28222418952
15.643,238.338801714331,-903.238333515386
15.6435,238.404649252751,-832.806593286094
15.644,239.206589799397,-814.900605623723
15.6445,216.938190467595,-859.122579031388
15.645,163.567515411858,-932.531302459239
15.6455,97.1832473757309,-968.99644147044
15.646,38.7741246969341,-917.037729478907
15.6465,-5.75087190122875,-777.666783303995
15.647,-37.0008115988507,-596.087478085354
15.6475,-52.4514979544797,-423.882773112222
15.648,-54.7705405631761,-288.582203985851
15.6485,-57.2193122929039,-187.496344317197
15.649,-69.8867522667193,-102.592034259286
15.6495,-88.5433246104491,-22.0893319417839
15.65,-104.122617490088,53.2939299238652
15.6505,-112.905691094374,126.137889664555
15.651,-110.464949274585,212.951473122636
15.6515,-89.8658278369002,325.807583589532
15.652,-57.9092503316788,451.178511614115
15.6525,-39.2876341884482,566.110798917714
15.653,-47.6898109218905,671.988596498586
15.6535,-63.1856541158255,789.059657139299
15.654,-57.5583681871406,915.234376783657
15.6545,-34.7936649359658,1016.47325409847
15.655,-24.8458253303507,1070.03591269792
15.6555,-39.744248745408,1096.88881529825
15.656,-57.7046401188797,1136.93934036616
15.6565,-53.5344712057059,1208.13389948053
15.657,-26.2498982355484,1302.13912193343
15.6575,7.90308220072334,1401.47529090299
15.658,33.5056038814228,1483.65579377686
15.6585,41.9219900384036,1525.14793122378
15.659,34.2254542478691,1521.68414618562
15.6595,24.4557130568955,1490.64283137818
15.66,28.1337127123951,1430.79937888405
15.6605,44.0258997948699,1292.85150352832
15.661,59.750808064416,1020.64163788912
15.6615,75.8062849451527,622.630839041598
15.662,104.984549563165,180.525737721705
15.6625,142.888075393379,-215.486439785943
15.663,160.752191633188,-525.830686527403
15.6635,140.020509981652,-764.359052950637
15.664,96.0249855631283,-970.101002534374
15.6645,52.8026528029058,-1180.86760255368
15.665,11.7032445624639,-1410.40297674348
15.6655,-36.2938778474966,-1636.82894152534
15.666,-82.4372580850037,-1822.47141218576
15.6665,-109.434307034804,-1950.26231948414
15.667,-121.855929802858,-2031.88597641059
15.6675,-142.707959655313,-2080.44877482183
15.668,-179.895746100628,-2089.35500794593
15.6685,-216.381307298659,-2040.1722941527
15.669,-234.770766788619,-1915.96594300182
15.6695,-233.163446794643,-1702.68303572327
15.67,-215.647810045047,-1394.33074230652
15.6705,-187.511853303844,-1008.02110944872
15.671,-163.806423315915,-584.232181862789
15.6715,-160.294844322624,-161.275022674424
15.672,-165.679701173301,247.872482739996
15.6725,-143.69199946033,650.076954084429
15.673,-79.2001906114603,1049.43111994613
15.6735,-5.00462977455988,1434.97700300467
15.674,39.4889122926357,1788.5917929476
15.6745,64.0076204630379,2102.37743947598
15.675,111.627888738131,2385.37741790776
15.6755,187.119986154284,2645.88266208141
15.676,234.647025978616,2865.90948647076
15.6765,206.773032481991,3005.86046944013
15.677,133.775483119827,3040.85861715549
15.6775,93.2995213471738,2976.30647791169
15.678,116.138887286619,2816.77290294021
15.6785,154.485043561953,2544.23233934772
15.679,153.007734955767,2155.36258723906
15.6795,120.516883034533,1701.79153056053
15.68,104.686675935057,1251.36260796346
15.6805,116.07280758397,811.144279541229
15.681,117.634817589029,329.368684496686
15.6815,89.7949492315293,-218.753098053428
15.682,63.7870624485568,-785.370577089878
15.6825,69.5166613310306,-1303.71976780877
15.683,83.1425686621038,-1750.95081704572
15.6835,62.5344032562325,-2136.48923128023
15.684,18.6656978360347,-2461.58500358661
15.6845,9.79848226926377,-2721.77191101482
15.685,61.7329294185923,-2928.23846189804
15.6855,130.152923710549,-3095.25327815108
15.686,157.532156747696,-3216.63076267434
15.6865,140.402925256834,-3276.91526671639
15.687,118.438120268411,-3274.07943240284
15.6875,115.04997722331,-3211.5492487304
15.688,115.271036269834,-3082.92751014788
15.6885,96.5259301395009,-2886.98048605591
15.689,57.3264938515644,-2642.10078866121
15.6895,11.5970241175607,-2359.09313198584
15.69,-29.6475730676698,-2012.63716686339
15.6905,-64.450957130988,-1571.50154555349
15.691,-96.396074720647,-1052.75001735583
15.6915,-129.573711298409,-518.006365090534
15.692,-162.68199441129,-18.2413984981531
15.6925,-187.824390291306,431.774206320982
15.693,-200.132535711708,828.759367016317
15.6935,-206.311393527078,1166.11114501414
15.694,-215.366140257459,1454.15650286144
15.6945,-222.094521235484,1726.94472649932
15.695,-210.861046902185,2008.47246465205
15.6955,-178.332045537526,2282.80585829134
15.696,-141.317312979454,2509.30145123845
15.6965,-115.655559332025,2659.39394493508
15.697,-96.9645160440263,2730.72964601888
15.6975,-72.563015332897,2733.41305306684
15.698,-46.464790372202,2672.91715993119
15.6985,-39.340063213476,2547.50602992137
15.699,-62.5379341387269,2359.8707812837
15.6995,-101.843623134325,2128.14896936783
15.7,-130.767023686119,1879.82062383834
15.7005,-134.345459217695,1634.85079593114
15.701,-117.925963743232,1403.79581212051
15.7015,-98.7911507738792,1200.95851368617
15.702,-91.8887423719586,1038.95118581811
15.7025,-97.141194487857,901.678571612747
15.703,-96.4211130771268,747.684348520456
15.7035,-69.2562557534586,563.106228427572
15.704,-17.1471674353906,392.074151949755
15.7045,33.7457462273395,282.088743583672
15.705,61.3255949396435,207.681915873278
15.7055,72.9157154830888,84.7038031367327
15.706,92.0068676273823,-133.029029626337
15.7065,124.926229051882,-398.327342618301
15.707,155.022609959737,-621.349328339816
15.7075,169.52175245381,-755.938827529227
15.708,176.438606445432,-827.915495242606
15.7085,189.839709898804,-897.504434284044
15.709,211.783611215172,-1007.66195973611
15.7095,235.913653670424,-1159.55863922909
15.71,256.350465936697,-1326.23935740557
15.7105,263.990795135377,-1486.46312689192
15.711,246.526766268742,-1638.94973196647
15.7115,204.725066487011,-1780.83658913288
15.712,158.18907031275,-1889.88852836421
15.7125,120.296884405013,-1946.9996561505
15.713,77.1809432741893,-1963.51291423658
15.7135,10.8933400384285,-1960.37838072686
15.714,-62.3264406963388,-1928.20441839975
15.7145,-100.427193536873,-1839.20905427094
15.715,-85.5813988704828,-1698.23097434886
15.7155,-46.7832630989034,-1549.08830974465
15.716,-26.2799460008261,-1422.47100358877
15.7165,-39.1440191054312,-1305.02796015537
15.717,-71.9534226610017,-1167.64131786219
15.7175,-104.100800248466,-994.738049393613
15.718,-119.252199339192,-773.434715273741
15.7185,-109.652231565327,-484.634396392304
15.719,-83.5900996641825,-128.136765022422
15.7195,-61.7245980680124,262.539130895421
15.72,-55.6432980527904,650.451852624161
15.7205,-56.1139360924934,1024.61128745636
15.721,-49.655616460786,1380.81194964995
15.7215,-37.3292598416896,1688.63035253675
15.722,-28.0824356307016,1901.0542173974
15.7225,-23.6299475444906,1994.56457779448
15.723,-21.2112015776137,1988.84421212073
15.7235,-21.4560729388216,1932.16868277475
15.724,-20.1646383169372,1871.35352448559
15.7245,-2.25628035712868,1822.02253070137
15.725,38.5061334171591,1760.10411898198
15.7255,80.6010822850465,1655.29923971579
15.726,95.7651970690642,1517.70244340384
15.7265,86.3803772928902,1393.03409396976
15.727,80.860461289664,1305.81347204301
15.7275,90.7034440319612,1231.65004365862
15.728,94.9752746613081,1137.61648224106
15.7285,75.3672566569862,1022.92461704288
15.729,45.6506885196225,900.808857208115
15.7295,31.4414621420548,768.588151029501
15.73,35.0081511737557,625.49409258394
15.7305,37.0606789778442,497.775830321796
15.731,25.4194025301312,406.996735394506
15.7315,5.94972652663527,320.806859436516
15.732,-11.2662600476291,170.693315019761
15.7325,-22.6666815534263,-79.0203336633652
15.733,-29.3522728729828,-404.730829863564
15.7335,-36.6983305795858,-763.831887958772
15.734,-56.1876297764844,-1133.2944138376
15.7345,-96.1741229359763,-1504.12110318632
15.735,-147.459593621848,-1862.96649674977
15.7355,-186.506261449464,-2190.97841734859
15.736,-197.366954673713,-2468.10449142849
15.7365,-185.290531780851,-2673.43916360369
15.737,-166.135769623324,-2791.34126325639
15.7375,-148.316359947628,-2818.19596402832
15.738,-129.522338940491,-2756.29416482212
15.7385,-106.665119747634,-2609.59527108845
15.739,-82.4808314511212,-2398.23555756485
15.7395,-62.0460932204386,-2162.5099880603
15.74,-46.8406924685996,-1925.15539018081
15.7405,-34.561379940772,-1653.88414553904
15.741,-23.7134949760285,-1289.88526075038
15.7415,-15.791331882193,-816.974595706475
15.742,-11.4086459759146,-279.107647940945
15.7425,-6.33036662175834,270.862064450926
15.743,4.20749172196114,808.692699433575
15.7435,16.4969896407053,1316.15763772159
15.744,19.2247764451572,1754.46103848077
15.7445,7.85754237399436,2087.04152525824
15.745,-5.58832593267229,2316.01446086629
15.7455,-3.79522193020851,2477.22736287331
15.746,15.8240015635942,2607.30655883705
15.7465,39.1891457359782,2726.3546116927
15.747,54.7041122412512,2837.62499214744
15.7475,67.4988937382869,2923.31357762386
15.748,90.8577781475852,2944.26002905697
15.7485,128.531006893959,2859.23240198768
15.749,170.456418286714,2648.0480161782
15.7495,202.72409925349,2317.03010257127
15.75,216.558722925386,1895.53716738189
15.7505,209.787504399833,1435.38435453027
15.751,186.279852966638,997.627995954692
15.7515,155.68232209838,619.82328067066
15.752,129.767481834889,298.188618488768
15.7525,116.191501970468,11.9482760755769
15.753,115.198986341531,-242.498183653691
15.7535,120.164009134755,-455.189905967938
15.754,119.639080935263,-632.778091400019
15.7545,103.314522666124,-805.646827258419
15.755,72.3339349665559,-1002.20076870297
15.7555,41.8200660387471,-1226.80173271536
15.756,25.5148226574709,-1461.15495394521
15.7565,18.3289210844642,-1673.60657922589
15.757,3.36858775002163,-1828.0030034879
15.7575,-22.7183234049366,-1902.45679459133
15.758,-44.1890031596988,-1909.70028456308
15.7585,-52.3180415381214,-1889.87636844485
15.759,-63.1733614082508,-1875.6031668296
15.7595,-94.936208681769,-1869.66388827365
15.76,-136.855107090897,-1858.44226608536
15.7605,-160.62909275869,-1833.17540329037
15.761,-160.639406032821,-1787.66440104014
15.7615,-161.374885351123,-1706.7750205979
15.762,-179.509101282483,-1575.44923053163
15.7625,-199.040114191049,-1398.5800534367
15.763,-196.509537768918,-1197.83113071227
15.7635,-174.301153547029,-985.670252605538
15.764,-151.078610149809,-753.333942191147
15.7645,-130.144247170596,-488.03006867578
15.765,-98.8419978883503,-191.389025180038
15.7655,-56.3725073702086,123.877406099795
15.766,-21.194661985091,441.495980953264
15.7665,-6.42820840582767,731.327041720545
15.767,-3.88444676805629,940.123819465139
15.7675,0.839397762565611,1017.0479033495
15.768,9.95443417669431,961.695106555754
15.7685,17.7340725691705,839.341610661555
15.769,22.8221034006972,736.242086365573
15.7695,27.2384490946432,696.594021573467
15.77,29.985052237007,704.350236390664
15.7705,30.2383690305172,721.203991702374
15.771,32.492175007651,731.376301392316
15.7715,41.0498100669706,744.266686657696
15.772,52.1055362949214,762.209197016303
15.7725,56.9886147178841,763.422718130798
15.773,51.0393021858372,727.405725479371
15.7735,35.5430619750247,669.694061698789
15.774,14.7848621551283,635.625992739116
15.7745,-4.33943769976549,656.676633585972
15.775,-13.7763161737809,724.670227626786
15.7755,-10.6433812854274,812.325314719563
15.776,0.239595403548324,902.840980359283
15.7765,12.8596562848755,987.390901437824
15.777,24.3542158617113,1048.4022444096
15.7775,30.4798442467286,1067.10071220093
15.778,25.6895668285258,1044.54463331895
15.7785,14.8829847319215,997.842438143444
15.779,15.9858446715413,937.444043946028
15.7795,38.5186123113718,864.938983065914
15.78,65.1911352127716,790.731825263779
15.7805,69.6604661883026,732.275097711481
15.781,51.0377397070393,690.106197954378
15.7815,34.9948559432902,642.584834903999
15.782,38.2942102080229,567.898585368276
15.7825,48.4768088495576,455.482279058995
15.783,46.222531846326,297.581992439516
15.7835,33.5084773107737,95.2735081196803
15.784,27.0836469844419,-122.470213739383
15.7845,33.117171268978,-314.943884056484
15.785,42.1947299004359,-476.981251295012
15.7855,45.236757807964,-642.084063823759
15.786,41.6204001626291,-824.35094529859
15.7865,32.9998895180285,-991.10000542742
15.787,21.024902641751,-1117.15958050823
15.7875,12.259102876099,-1228.76692531193
15.788,14.6719202347324,-1350.27157940509
15.7885,25.7312465378657,-1433.32588110975
15.789,31.9331458477673,-1395.49202539676
15.7895,23.8567512523289,-1226.01280154592
15.79,5.46377892006588,-1004.79911211744
15.7905,-14.1930052601381,-813.522792481107
15.791,-31.2976225587838,-674.567970022803
15.7915,-45.1646999175479,-584.958919971326
15.792,-52.8259222246893,-556.23418390295
15.7925,-52.2858620961074,-591.242214239395
15.793,-46.9875406557694,-659.821455020572
15.7935,-41.0684043020894,-731.628771203649
15.794,-33.6442551939727,-807.792927819682
15.7945,-23.7508044285891,-890.659171564706
15.795,-17.2437659770254,-947.786017374498
15.7955,-20.5462898678655,-942.968970060811
15.796,-28.5613395762182,-887.83431790822
15.7965,-27.4061995784041,-825.932174590502
15.797,-11.355221465478,-772.877534499013
15.7975,9.356116340237,-706.451429192627
15.798,20.4040466306409,-612.895427693524
15.7985,17.7751629170492,-506.982445541291
15.799,7.49442510593963,-398.889128366211
15.7995,-3.38472911444867,-271.878447197805
15.8,-10.638728890154,-107.873327352243
15.8005,-12.0243478805165,85.6813470369126
15.801,-9.53032333369901,289.62495252057
15.8015,-11.9416388176154,498.713219199767
15.802,-29.2123558990131,719.124305026208
15.8025,-61.8306153229004,951.598346866337
15.803,-98.0086844631531,1190.85824276724
15.8035,-122.74492191473,1432.90123734353
15.804,-128.872277171188,1667.52954509798
15.8045,-120.04688797924,1867.98833743181
15.805,-105.663478759515,2003.1453846736
15.8055,-93.5748983048812,2060.44917661341
15.806,-85.6731553108113,2045.26342419722
15.8065,-78.9725795590405,1958.75873177447
15.807,-70.9160989456334,1794.18437368172
15.8075,-62.6751085610784,1562.53073060755
15.808,-55.5825214763131,1303.68150986242
15.8085,-45.3287799774596,1051.27277529972
15.809,-23.516802836544,792.351774423997
15.8095,12.9787657815983,484.402381503892
15.81,56.1641111425692,116.018995012531
15.8105,92.5893875050699,-268.109260581008
15.811,113.900339687464,-607.057731145107
15.8115,120.626609701986,-864.778511751019
15.812,118.49988089764,-1020.30403505341
15.8125,115.67267911947,-1049.65590941647
15.813,122.689635674988,-956.437569852136
15.8135,147.725383197054,-810.690824996483
15.814,186.264204537793,-713.944113945374
15.8145,218.706277286095,-710.028278096321
15.815,225.076084523877,-752.017701736992
15.8155,202.603673265289,-765.703270596918
15.816,163.62719419805,-723.031880949781
15.8165,116.494465872549,-642.891564751707
15.817,57.5473945558981,-545.547656333879
15.8175,-12.9605331121731,-429.270083558844
15.818,-75.7471165225478,-280.711089076794
15.8185,-105.575616648259,-91.9112497803901
15.819,-99.2091161782338,123.766850303453
15.8195,-80.3604922687435,319.709550096895
15.82,-73.8713629830218,431.544906353509
15.8205,-82.6028620141765,422.177357003929
15.821,-93.2982613733468,310.00902352701
15.8215,-96.7388211977753,147.375874730503
15.822,-94.3026074852476,-19.2880157713419
15.8225,-89.5645603438824,-164.346859014072
15.823,-82.8603269455298,-279.014697090678
15.8235,-74.0242815199299,-369.439182265468
15.824,-63.3850005681124,-446.37379343849
15.8245,-48.4436814667803,-503.144786785821
15.825,-24.786060656829,-518.202610715521
15.8255,6.8632746985141,-493.068525872493
15.826,36.9179860018332,-466.418101417442
15.8265,52.5645840206689,-465.544249479998
15.827,47.5588918201733,-460.76412740401
15.8275,27.6680203915828,-401.172889178014
15.828,7.12648787926484,-290.203869898207
15.8285,-2.90705349892959,-195.435020623638
15.829,-4.56556821285912,-183.80764156079
15.8295,-9.26727746954149,-271.64129864042
15.83,-21.0445388474014,-431.896745416143
15.8305,-28.6070417784193,-614.962269573649
15.831,-20.0530035300985,-758.81748961164
15.8315,-1.83858186738518,-817.349809361143
15.832,6.18006692368733,-797.392191250207
15.8325,-4.94908456881435,-742.549796076839
15.833,-22.5946808083437,-665.222704593486
15.8335,-28.7039003979563,-520.611546029368
15.834,-18.6299001743175,-267.155162686969
15.8345,0.275118585322001,72.4658383609952
15.835,20.6206901437629,436.576847228716
15.8355,37.590014069698,790.39592483872
15.836,44.6855506577734,1133.69211733287
15.8365,37.0086429663067,1453.08987667905
15.837,19.4106485392928,1705.0935587535
15.8375,4.37690719496134,1855.72009467041
15.838,-0.46806429137756,1912.17907637028
15.8385,1.36077622523718,1903.32795090735
15.839,2.6926599715616,1846.66576039719
15.8395,2.25525390316085,1747.86036478791
15.84,4.2032497649084,1617.23549124948
15.8405,11.0189207259163,1464.02856768816
15.841,20.5486686283939,1273.97909401379
15.8415,29.9373341626989,1010.51461515323
15.842,39.6450700620842,650.325939329498
15.8425,51.2993187202028,215.165471189558
15.843,61.9009689922896,-236.903296971548
15.8435,63.3795816215994,-648.116189098054
15.844,51.2716370450917,-982.612945973005
15.8445,32.9439251062853,-1218.5852700252
15.845,22.5060935962613,-1339.63886334874
15.8455,25.7546772011252,-1347.30594182497
15.846,34.0515824294366,-1273.19243099429
15.8465,35.7261865885475,-1162.13666717689
15.847,29.1875307861459,-1041.57849789396
15.8475,20.105215326134,-915.004023787251
15.848,9.66872642696789,-779.926912086579
15.8485,-6.5602059250076,-636.69325613953
15.849,-29.0932606932685,-480.89271295003
15.8495,-52.6577345596744,-308.704063040403
15.85,-76.4486323614128,-140.725677156962
15.8505,-108.011856151005,-24.5958959519889
15.851,-150.790567061004,4.2887580931062
15.8515,-193.333764902027,-38.6408314016949
15.852,-218.788626284764,-98.3265140702537
15.8525,-222.763381750624,-124.769119296153
15.853,-214.026549201769,-96.6843611398267
15.8535,-198.386192738063,-12.792377380472
15.854,-171.041051682256,110.977284490776
15.8545,-127.827241092769,224.86416322265
15.855,-75.8011650291736,251.883199137947
15.8555,-26.0948319666476,147.048180650201
15.856,18.822838297426,-42.8459761649185
15.8565,63.1598406724288,-203.400635417747
15.857,105.326140289246,-258.307001633465
15.8575,135.496486586835,-243.322135294146
15.858,146.647549033792,-255.729426195525
15.8585,141.816971227576,-335.224186122914
15.859,128.657034911296,-422.027389193074
15.8595,112.487609309555,-440.591078902591
15.86,97.1533084711181,-395.681508997527
15.8605,86.4427090867384,-359.314756491375
15.861,79.4860060806407,-376.673177989744
15.8615,69.3785552906542,-415.266806520434
15.862,53.412927806177,-406.578979104853
15.8625,42.7959698333615,-311.998927342203
15.863,54.3563971167713,-142.16684264462
15.8635,90.2553046073779,64.0093618463259
15.864,130.76675577175,262.638787514727
15.8645,150.821242452685,419.099512900157
15.865,142.626254471217,516.176075448112
15.8655,120.925374231894,551.688850953115
15.866,107.441975497949,531.06146102494
15.8665,110.836487462051,471.307795920131
15.867,120.466844900815,408.907493546914
15.8675,118.768056747802,381.980198793342
15.868,99.3883001979483,390.952378054496
15.8685,71.3679776559369,388.734762454655
15.869,44.2767062905555,328.087808623032
15.8695,12.8896250669282,220.477278134632
15.87,-37.2585167614359,138.944065279007
15.8705,-107.736021682506,157.823268916377
15.871,-175.296452641685,288.610023203208
15.8715,-206.968404733741,472.96784738144
15.872,-189.10774781274,636.964552419695
15.8725,-142.373702003657,750.372996201048
15.873,-107.304214676694,830.019007130991
15.8735,-111.078252741676,891.442978510404
15.874,-144.376591350144,917.350846606267
15.8745,-171.480046660189,882.532037134182
15.875,-165.141690918674,786.083911584136
15.8755,-129.453356967222,632.363643356737
15.876,-87.0176475303347,396.535548664372
15.8765,-50.9595156551264,51.2760991678024
15.877,-18.4842963199754,-366.719027539827
15.8775,12.8007262239998,-754.003350008496
15.878,36.9416112113201,-1023.20929108249
15.8785,50.8999450427612,-1168.21844713817
15.879,60.543896734168,-1238.83763386737
15.8795,68.2359585282158,-1280.79544488082
15.88,65.362193534691,-1316.73517837994
15.8805,47.0047526000431,-1352.87802287629
15.881,25.1542349717073,-1371.76775140312
15.8815,15.0997110658755,-1335.83914718417
15.882,14.7980161836002,-1226.81910731161
15.8825,11.192287887638,-1068.9436006132
15.883,2.56130860640935,-889.926762409766
15.8835,-1.80310675011189,-677.639532667091
15.884,-3.85042418813098,-407.132564869768
15.8845,-20.2368233741563,-96.4325664155034
15.885,-56.6053386577571,201.288940956366
15.8855,-93.3768151814385,455.06130235922
15.886,-108.043767474562,670.638611440278
15.8865,-101.088802052395,852.773242667676
15.887,-88.3705539762748,994.969954253979
15.8875,-77.0681951957645,1114.67484247011
15.888,-63.6923504285958,1259.5212895633
15.8885,-49.9853784142755,1456.57729106743
15.889,-42.9622317806384,1675.04040298308
15.8895,-37.9841440854999,1850.65553321938
15.89,-17.8737895418024,1927.9284858102
15.8905,24.5267474949534,1874.70683437415
15.891,74.1700964759364,1688.41943070853
15.8915,111.383162293831,1408.3057333521
15.892,132.405982994272,1097.41570661467
15.8925,144.379300156965,787.475831123934
15.893,148.763626109316,453.882793139737
15.8935,141.881953390901,62.77354461819
15.894,127.796542520741,-370.940339319666
15.8945,117.573381581372,-790.639924220227
15.895,114.615867997658,-1150.70958381262
15.8955,111.052869673394,-1443.63410685903
15.896,101.544990448944,-1685.51550859718
15.8965,91.6446393765227,-1895.61109187206
15.897,87.5856376485861,-2084.1733519143
15.8975,84.9539247796389,-2239.74435929305
15.898,74.0248760038234,-2328.13515546349
15.8985,52.0803298117787,-2318.78312541318
15.899,24.237682541473,-2213.06957466879
15.8995,-5.23961589186138,-2037.1903539269
15.9,-36.2179739762862,-1811.11517353902
15.9005,-67.7477801159132,-1536.47473542955
15.901,-94.4163824965488,-1210.91367107482
15.9015,-108.309063656557,-839.289850002377
15.902,-103.073219931958,-430.215195024655
15.9025,-78.19735888012,4.58049204699933
15.903,-42.4039441294452,442.845908923939
15.9035,-11.2978229035952,853.807126231211
15.904,1.44336322622874,1215.35303226189
15.9045,-9.61840761039817,1527.95089201611
15.905,-43.0626746976437,1809.47418846875
15.9055,-91.9010831958892,2075.56251185165
15.906,-140.623073405066,2320.44041148051
15.9065,-169.500654017299,2511.25691748174
15.907,-170.917822316616,2601.90914608891
15.9075,-157.103260553223,2559.16956746914
15.908,-142.841965664184,2383.48502578336
15.9085,-125.206708800238,2111.22896945337
15.909,-91.6990471580991,1796.27326792213
15.9095,-43.7692425106943,1476.88999454246
15.91,4.47616008483617,1148.61675010379
15.9105,50.7893947675889,774.974220591741
15.911,107.352393917035,337.366106111904
15.9115,170.686764603525,-130.497472766439
15.912,208.710658484655,-570.891550960405
15.9125,195.229640396681,-954.260444334377
15.913,145.957288767893,-1278.41377000476
15.9135,101.432564781061,-1522.74754941839
15.914,79.8545339827797,-1642.62013761666
15.9145,65.1419524644205,-1622.44832042893
15.915,39.1030057433063,-1502.05677431357
15.9155,5.34433008082403,-1331.90908499503
15.916,-22.9559838418196,-1133.02681016467
15.9165,-42.0028150530757,-924.844513220051
15.917,-55.2547283247797,-758.924986057786
15.9175,-63.631230889141,-683.608098137939
15.918,-66.7857137597131,-690.261596025295
15.9185,-66.6865229905336,-729.780281249389
15.919,-62.5287448069575,-769.091055436642
15.9195,-48.2814486178632,-796.833978221122
15.92,-22.2525773949636,-790.001596119163
15.9205,5.98139505625342,-722.44607477773
15.921,24.8346583589104,-603.931671726435
15.9215,33.0138966869768,-467.481140190786
15.922,36.8680381792994,-318.691479124532
15.9225,39.4868575783788,-144.191706269938
15.923,38.9019995183454,26.1399361206049
15.9235,34.4315790030965,120.998785497966
15.924,28.2200726019509,114.614535328694
15.9245,21.1926906985454,68.242356660973
15.925,12.5553798806753,59.0461988942827
15.9255,3.13546946304969,106.389468483857
15.926,-4.75172418585601,194.684861367479
15.9265,-10.9944004438555,324.2490486075
15.927,-18.6866520139605,495.458793547988
15.9275,-31.4846194347004,674.391813327773
15.928,-51.0568512839811,824.139730943684
15.9285,-75.420649619397,951.593700047645
15.929,-97.937477686087,1074.61489809713
15.9295,-109.636573653487,1154.92321654757
15.93,-104.836455607305,1116.81254908623
15.9305,-84.3401189659028,937.609091011303
15.931,-53.4212857424774,677.683861762897
15.9315,-18.6416739928777,412.300871195735
15.932,14.4114302239907,169.611036912233
15.9325,44.3292684444832,-54.487196104942
15.933,74.2118074240046,-256.626863142772
15.9335,103.23522077785,-422.170754863399
15.934,118.663494924521,-539.97111069544
15.9345,105.688756142717,-604.624654752786
15.935,68.4676706644928,-616.341444280791
15.9355,31.2431831054851,-583.561463793122
15.936,11.2435910178625,-509.816959906851
15.9365,-0.499007633892741,-378.553902684873
15.937,-20.4643020489831,-175.534185424573
15.9375,-42.0153813298748,71.0819843913706
15.938,-39.6132877591435,303.482712416075
15.9385,-4.66444909980644,498.158824682842
15.939,37.0393091852423,688.372825510469
15.9395,50.813098227911,907.101319034926
15.94,28.4970542786293,1135.87137693291
15.9405,-7.56530305821269,1332.08638605317
15.941,-30.4367449829192,1479.1851699019
15.9415,-32.172891660608,1574.84588376699
15.942,-24.4820456807209,1584.24624353624
15.9425,-22.2076425202675,1445.98750165475
15.943,-27.6747356435397,1133.65724182799
15.9435,-29.9078245130798,690.666014297705
15.944,-18.43961399874,195.336171283174
15.9445,3.81581253221412,-299.261371087337
15.945,23.477937064045,-789.302911893213
15.9455,30.9763097753703,-1292.50459081271
15.946,28.7689057338863,-1798.20977670447
15.9465,26.9909038860975,-2245.77314225964
15.947,35.741388949226,-2562.21049248081
15.9475,60.5405862207564,-2722.74063757946
15.948,97.9148756810571,-2756.94389343774
15.9485,132.327857573093,-2690.61744206599
15.949,143.137416940075,-2510.92613512327
15.9495,120.52387045709,-2210.62994452966
15.95,74.4048849421465,-1837.61597656616
15.9505,25.9440975374738,-1458.27257324905
15.951,-9.0167029290043,-1081.14016862463
15.9515,-28.982603936074,-660.154068640829
15.952,-43.679833279937,-177.322228770041
15.9525,-63.9823627355596,318.131706355426
15.953,-92.3480010337186,765.91317661225
15.9535,-121.470671604051,1153.08470214815
15.954,-143.175964977361,1494.26034349
15.9545,-156.693674018711,1784.34184547307
15.955,-164.160954519016,2003.85107135677
15.9555,-160.630924099885,2155.87301433679
15.956,-137.373929719918,2265.92357418072
15.9565,-96.9546834585412,2348.97384752592
15.957,-56.1314754985924,2400.24299962072
15.9575,-28.3399286446863,2414.45071393116
15.958,-9.81022255023341,2387.90020012626
15.9585,10.9969239058701,2298.41948765793
15.959,36.1950111831831,2109.34805717343
15.9595,57.997866883023,1809.30228953308
15.96,70.5299345728132,1435.93445219836
15.9605,73.8367477062867,1046.80913361997
15.961,69.6907144047866,673.295956163903
15.9615,62.2220526978222,313.791721222977
15.962,59.9326981422774,-36.1701345180222
15.9625,66.8496806660912,-367.663938477563
15.963,72.5586374979448,-676.468136933289
15.9635,62.155281140368,-977.006586201064
15.964,37.8298084973391,-1278.40794257257
15.9645,19.6165033630029,-1554.94032183187
15.965,20.3535505553482,-1766.53654796141
15.9655,29.4904871697804,-1914.02017974518
15.966,27.6960716551158,-2047.40784894391
15.9665,9.29065545946115,-2201.13194623733
15.967,-16.7658096349388,-2342.5173258126
15.9675,-40.5709585466125,-2412.32841373022
15.968,-56.8771852789558,-2400.81649910872
15.9685,-62.1535648661725,-2344.37388595328
15.969,-55.8355354184142,-2248.37111499999
15.9695,-42.6305252975649,-2057.88827778771
15.97,-26.5741746448298,-1724.4595415009
15.9705,-6.08315057982181,-1270.84425935586
15.971,17.6401319005928,-767.906616287334
15.9715,32.4463825709239,-274.837138080296
15.972,27.4806744400882,171.547859393347
15.9725,11.9348186711899,536.029168032171
15.973,8.32626323976834,797.206970589794
15.9735,24.9793096648124,977.12067406298
15.974,47.2671570361757,1126.32762457006
15.9745,59.1163911254736,1275.29687251089
15.975,59.1998298874583,1417.6264809963
15.9755,49.2214144589704,1531.71857192585
15.976,22.0015132818579,1591.93256671231
15.9765,-23.4763944829685,1566.05930281509
15.977,-64.8363543029365,1439.38892767646
15.9775,-73.6379056697417,1249.53930475406
15.978,-49.6573859329378,1066.99276695234
15.9785,-21.9093934157754,926.73042297679
15.979,-12.0941943591132,799.897416574636
15.9795,-10.7247723460082,642.75569731585
15.98,3.78276678023391,450.498974438636
15.9805,33.3743987719387,249.841464649653
15.981,57.6851808902282,62.96395636268
15.9815,57.5743299722288,-98.25055869788
15.982,32.48397995054,-216.494694544387
15.9825,-3.07179810744317,-272.48459659458
15.983,-32.3634853766618,-263.167643748904
15.9835,-45.5372485596763,-202.383948751058
15.984,-42.0218318192398,-103.334360880207
15.9845,-27.3516002680827,31.5657091670692
15.985,-7.54488664661009,203.153322033531
15.9855,13.0163897791852,399.495978477465
15.986,28.7746098287881,585.272425470845
15.9865,31.9742310946526,712.484685690799
15.987,17.6899516942989,752.258047270573
15.9875,-10.8852715312467,711.462828632021
15.988,-43.3375030583912,605.461877234999
15.9885,-67.1304063414663,427.131258519671
15.989,-72.9280009810221,171.968572642766
15.9895,-60.2767964653196,-112.529476060412
15.99,-40.7807378832303,-346.216662241567
15.9905,-30.8862437831863,-498.421482673779
15.991,-36.0794695460643,-612.062440428685
15.9915,-43.8258284322932,-726.658214510313
15.992,-36.5705353262081,-819.28240220192
15.9925,-10.875506502033,-852.786176819144
15.993,20.2204730397132,-838.194227557585
15.9935,42.9613826581451,-798.467136164501
15.994,56.0460170546041,-705.535264733147
15.9945,66.8721147400714,-522.821484815928
15.995,79.1467403042349,-296.705251422615
15.9955,88.5171671306996,-129.054016426763
15.996,89.7233464522512,-47.8829562248896
15.9965,83.445476883466,23.3014323488822
15.997,72.6397467318663,139.291199814297
15.9975,54.4962986401073,242.079058420589
15.998,22.9711309745612,243.81178303109
15.9985,-17.9163971660166,152.0487690649
15.999,-50.1189113566717,53.5381226690522
15.9995,-58.521657836769,2.16046325981922
16,-48.4680435767142,-17.5972955781
16.0005,-37.5458866201403,-31.9588275333604
16.001,-32.13881834652,-45.8011558931621
16.0015,-23.8304216694317,-71.6487970850319
16.002,-9.68624542611189,-133.612159131837
16.0025,-1.11987321791088,-223.341858706393
16.003,-5.14896765344926,-292.551185760984
16.0035,-9.83256705687688,-309.903608125506
16.004,-0.76278705103361,-294.809609818073
16.0045,16.2582487901319,-278.509278266968
16.005,22.5983396042049,-263.109549075921
16.0055,12.3158043387075,-238.048134826704
16.006,-2.41091994572616,-203.479115630423
16.0065,-8.44982544942727,-148.399508082448
16.007,-2.100160792428,-34.3608926414301
16.0075,15.0025818930924,158.979403031633
16.008,36.5113232872925,384.407089889959
16.0085,48.2507796135375,559.413947349832
16.009,38.8463736221593,645.11389857305
16.0095,16.1233438236951,667.148115274944
16.01,0.366555277980083,666.346381385607
16.0105,-1.55098888435281,657.630974807122
16.011,-2.51848095810048,628.250078526848
16.0115,-12.5137529537231,540.936859312735
16.012,-24.5162992730675,346.979999918081
16.0125,-30.0410735361895,43.9665445027893
16.013,-34.3200153128727,-275.45379990549
16.0135,-45.0340421792087,-485.125594632949
16.014,-57.1263881923681,-553.658018094355
16.0145,-61.2197905435571,-560.917237720598
16.015,-58.7892127395682,-565.245974360541
16.0155,-56.5709140969173,-521.718062138698
16.016,-52.8893066812838,-385.785482792405
16.0165,-42.7838270715413,-233.977692823372
16.017,-31.4740232442121,-187.576827393588
16.0175,-28.4388390708323,-242.355542973074
16.018,-30.4336572459398,-276.509805387239
16.0185,-24.1542699766879,-232.04139255679
16.019,-5.733428871394,-185.617445712353
16.0195,14.9553376479446,-208.676841105906
16.02,30.3985850400517,-258.780461918976
16.0205,43.5706442780238,-273.70917930979
16.021,57.3880184832231,-287.985262159487
16.0215,68.0108985774968,-364.125867353681
16.022,73.9165309976005,-464.275297463397
16.0225,81.4325830136656,-494.079215372721
16.023,93.2901084911088,-446.80945728399
16.0235,97.9040275767159,-398.444253709939
16.024,78.6272344576492,-363.957702981219
16.0245,32.9542110893793,-264.685832083698
16.025,-21.471302995944,-60.6578671399697
16.0255,-59.7957019847161,180.828623809039
16.026,-68.7017794234509,390.48428995161
16.0265,-55.408133398152,588.629967795281
16.027,-39.4633051404268,815.75814892497
16.0275,-34.0373075859084,1037.77250343505
16.028,-36.1353323207376,1185.87211100738
16.0285,-36.9738326350542,1244.32476131154
16.029,-37.0092321505824,1236.73099245253
16.0295,-43.0270677550985,1166.12923011978
16.03,-53.0357927627349,1036.01311464276
16.0305,-55.168202674214,899.139083262
16.031,-43.996120835333,812.282647305298
16.0315,-28.1824192726774,758.027966165892
16.032,-17.1558983256778,677.668045056222
16.0325,-8.66009126516353,567.176473463768
16.033,3.62554777508546,467.688675415385
16.0335,16.756772446922,366.276603378459
16.034,21.8905653371071,188.153122559743
16.0345,18.60225349489,-94.003957002888
16.035,17.8556927630703,-413.216822456245
16.0355,29.7158233741028,-698.035788440487
16.036,52.6746096391736,-947.013705860507
16.0365,76.1800238768418,-1179.09061679403
16.037,90.8259288295605,-1367.03591473533
16.0375,94.9318790685688,-1468.22132055504
16.038,92.6495885497028,-1481.75910998776
16.0385,87.4940414441906,-1427.9948337498
16.039,79.4839083230529,-1301.54345053403
16.0395,68.7343924834123,-1090.82511745874
16.04,58.1986518276472,-821.204641636303
16.0405,49.6964886321129,-532.861084987353
16.041,40.6845229294029,-230.096798754686
16.0415,29.8163171894237,106.770465642315
16.042,21.5391336342817,470.825652752855
16.0425,17.063465730215,827.572114801561
16.043,4.52027442761555,1152.41118048127
16.0435,-28.6892725018973,1429.52614881475
16.044,-72.2975825141593,1624.26716706354
16.0445,-96.3830491711415,1703.27424692363
16.045,-85.5694332911324,1681.51585447477
16.0455,-58.70515115452,1601.89027732154
16.046,-45.0600090303298,1457.91824317971
16.0465,-50.5569006527215,1183.05652996075
16.047,-58.9713402935885,743.538509868609
16.0475,-58.1408159279122,210.733703682721
16.048,-49.7767033348595,-290.497335302348
16.0485,-37.0457195889803,-690.713157507177
16.049,-18.9032888085117,-1008.43428519592
16.0495,0.726171150983058,-1286.0775968968
16.05,11.0782706475155,-1524.42732939916
16.0505,7.1586235278278,-1687.31465778202
16.051,-3.89024766862012,-1750.13734046782
16.0515,-12.5320204511732,-1724.13505998005
16.052,-15.7519790917404,-1634.22691166171
16.0525,-13.9106106586662,-1491.72277314021
16.053,-7.21469507163234,-1304.90957576861
16.0535,0.32597436943079,-1108.03970068276
16.054,0.833332699096036,-950.428330603682
16.0545,-7.9628405094932,-839.918206034697
16.055,-18.5003844634239,-711.754314934838
16.0555,-23.434651641715,-475.389638755519
16.056,-24.7354947997156,-95.2030997510522
16.0565,-27.7220973387218,377.450260326057
16.057,-31.4513760800767,841.529545871369
16.0575,-31.9689326964176,1209.79022631425
16.058,-31.2991497811682,1451.33540996444
16.0585,-34.8379543521092,1584.5044316125
16.059,-40.5628671376941,1622.08840292406
16.0595,-38.8188463533115,1532.55737735573
16.06,-25.1205611606344,1291.18739201621
16.0605,-7.41664993235108,971.23547613401
16.061,3.1285821926684,720.506266211519
16.0615,5.36097017023718,603.816390517636
16.062,8.35536653921824,521.898953808745
16.0625,19.8515392070615,352.190036130995
16.063,38.0645632113227,124.428017137905
16.0635,55.0681526884,-37.2676518463222
16.064,64.873076560869,-120.914741605595
16.0645,66.3038113926732,-250.983605951987
16.065,60.7402929457179,-484.161302982169
16.0655,51.2338643542632,-702.927308537897
16.066,43.4970881637862,-777.260258148912
16.0665,42.8741655622974,-732.147876306136
16.067,47.9103415267579,-668.098121546594
16.0675,50.4611363693223,-601.712440338501
16.068,45.269327186678,-499.329560320509
16.0685,36.0510115986155,-406.879540965223
16.069,27.9391902950709,-405.171365230138
16.0695,17.8388794057492,-453.449098073024
16.07,0.00116315163335429,-419.255989698021
16.0705,-19.9187044273087,-283.475877427255
16.071,-26.3910033576489,-183.398808395841
16.0715,-14.2886033906929,-203.133085491362
16.072,-0.268418971139142,-240.402849830947
16.0725,-5.45323850604477,-156.386012065567
16.073,-28.8076001383922,43.1632491771934
16.0735,-46.1643165247693,270.896354795164
16.074,-38.8147014525644,516.79843984039
16.0745,-18.0527208705146,820.904393965758
16.075,-15.1479325965304,1132.5339037456
16.0755,-45.8726384121222,1328.10771507783
16.076,-89.2483596694209,1369.54058101666
16.0765,-106.565739399698,1336.83594864099
16.077,-81.5594649221417,1289.29627233254
16.0775,-36.3007546457638,1193.22854788737
16.078,-4.49636880289327,1016.21675743658
16.0785,4.62697337610115,803.577455279498
16.079,8.43359039555634,615.880654394429
16.0795,21.7030853861687,459.97591943405
16.08,38.3771903324815,324.880350976394
16.0805,45.2273855215879,217.902932925391
16.081,41.4458505139457,111.648804954337
16.0815,35.4116492881142,-83.1572743647942
16.082,29.2452303736986,-422.657499703155
16.0825,18.056809969806,-844.296496525162
16.083,2.69252923698765,-1233.84015506101
16.0835,-6.94279052917987,-1540.9810603398
16.084,-2.8639751104477,-1768.56328749277
16.0845,13.5849186927641,-1888.09896286641
16.085,36.2852668897321,-1851.05207571425
16.0855,59.4206451510403,-1675.24513107227
16.086,76.2632172263981,-1445.32007737815
16.0865,80.2941336266651,-1220.57197997276
16.087,72.2061357798992,-998.305688740671
16.0875,61.1663830625363,-766.756148132215
16.088,54.554523040814,-531.172961905577
16.0885,49.7705507374518,-278.251855316786
16.089,40.4299430459989,26.819289478771
16.0895,27.3403439118217,388.848864977959
16.09,17.5178891831725,767.72253696494
16.0905,13.347276709784,1117.45839813023
16.091,8.41366173041442,1396.46543629153
16.0915,-4.55330579811582,1550.13925862124
16.092,-25.3060696931439,1551.7527766151
16.0925,-47.0786664117128,1462.5573114024
16.093,-62.7746759682779,1370.89787782248
16.0935,-68.0479557352954,1252.74122872027
16.094,-60.9987276160224,979.314596203906
16.0945,-43.0658173895079,504.741126407176
16.095,-21.0700184183812,-34.6542807529396
16.0955,-5.61222223812139,-466.018250562709
16.096,-4.37331217981571,-753.949961830598
16.0965,-16.0144160629108,-960.643248389293
16.097,-31.4805825023251,-1098.93092505395
16.0975,-42.039444224014,-1118.07419982647
16.098,-45.809807578883,-1001.16156997547
16.0985,-46.5246226704545,-788.8143992639
16.099,-47.6691244192909,-522.547887291399
16.0995,-49.5364682281164,-237.364174588739
16.1,-50.8360116328451,10.3832132611316
16.1005,-50.252185536993,185.600437822206
16.101,-46.1470001990696,330.388927637855
16.1015,-37.7587533208543,502.16999591438
16.102,-28.2137337270316,675.180202068439
16.1025,-23.8109671593323,789.472152039012
16.103,-27.9164207734439,873.477548928059
16.1035,-37.0755566506682,993.440064713637
16.104,-45.2004566360452,1067.59176401258
16.1045,-49.5707212646582,872.225169033872
16.105,-49.700790853504,312.566914402848
16.1055,-42.5769350023264,-406.612018920706
16.106,-24.6874109414573,-971.343968382752
16.1065,0.503782244908981,-1257.17889839922
16.107,22.5575552851885,-1356.40211210665
16.1075,34.6846616511278,-1374.66736755461
16.108,40.8422659693868,-1323.10192195372
16.1085,48.8971871387283,-1198.70668783598
16.109,59.9487886345993,-1050.82386858016
16.1095,68.805833743823,-923.242027414256
16.11,72.2260114779758,-796.46872823059
16.1105,70.371550934666,-627.930625075244
16.111,61.1351370459499,-407.823257158961
16.1115,41.1046543493725,-146.263356203914
16.112,14.8703559194179,154.155036587414
16.1125,-4.00571393430226,475.779613348739
16.113,-7.31964394187593,764.656249750449
16.1135,-2.82417607704424,974.698705393839
16.114,-3.38785100713948,1123.02029074344
16.1145,-8.45043455157052,1264.12746428377
16.115,-4.86075354244125,1408.88195839168
16.1155,13.8065892757735,1503.40022888044
16.116,37.6461882485344,1500.48601934016
16.1165,53.2795456538155,1422.93013973224
16.117,58.8590426533917,1330.16431512168
16.1175,61.1692559619966,1237.98527988469
16.118,63.7444854046034,1104.51817204281
16.1185,64.586425617551,896.313945196516
16.119,61.9647598085829,635.888382889491
16.1195,55.4992910938605,368.16192574599
16.12,43.6386063084813,104.145256944987
16.1205,26.8650396472452,-176.217363324815
16.121,11.9047312543921,-474.025975855083
16.1215,5.33022325040968,-746.53689928431
16.122,3.20759825597312,-934.830832140838
16.1225,-5.15476224924796,-1011.13443703416
16.123,-21.9792817104168,-1007.15788161706
16.1235,-37.2836804775139,-999.720246178408
16.124,-42.8702656375378,-1050.01286335565
16.1245,-42.3767849204562,-1143.75174189474
16.125,-43.2291310620269,-1205.12952902645
16.1255,-45.7022675500052,-1177.09764526975
16.126,-45.8016215857625,-1064.90106980476
16.1265,-43.1607358244694,-893.924234871773
16.127,-39.2562803895272,-667.526365548938
16.1275,-32.3422329497114,-396.980593447183
16.128,-21.5692168360635,-134.573581357791
16.1285,-12.7272607579449,68.4234315866133
16.129,-12.0021936562772,212.766371207657
16.1295,-16.1124649605058,322.514603547782
16.13,-16.4270857820231,399.822732932555
16.1305,-11.484961377043,457.942386596316
16.131,-7.56058996494938,559.756756159646
16.1315,-8.00381466166663,749.790138018112
16.132,-11.0727682555143,968.677942518641
16.1325,-18.2536423166933,1109.27463067856
16.133,-33.9764730378009,1139.69015450169
16.1335,-53.7646786852447,1090.71574046186
16.134,-62.5343496191798,945.656989534996
16.1345,-50.6754983627023,656.06172532129
16.135,-24.7563827799658,273.869054441584
16.1355,3.11152737071837,-50.5895403614233
16.136,28.9183931339669,-237.124657581803
16.1365,52.5046469057297,-338.165773367049
16.137,66.9423942520512,-402.272428775643
16.1375,63.3843799412122,-403.413452107181
16.138,44.6902762641339,-370.078532425367
16.1385,24.6489455002669,-447.746904798846
16.139,12.9182237766867,-711.421244477568
16.1395,7.85913580541203,-1008.90387015595
16.14,4.68972679955596,-1125.07006958495
16.1405,2.94031611409685,-1045.09379605203
16.141,2.97114978954903,-928.575798421318
16.1415,1.42998560379858,-871.732499621751
16.142,-4.66647338154827,-836.105431338009
16.1425,-11.638148252366,-788.054184209407
16.143,-10.9173831379344,-754.985098104239
16.1435,2.35961220989776,-720.612977782405
16.144,23.1949467226161,-593.435987713444
16.1445,39.2531997690636,-328.520151779909
16.145,40.8332176941269,6.93156188175896
16.1455,29.7063443709318,325.675055086768
16.146,16.5017111561872,601.237751448661
16.1465,7.60757251418462,827.681042600939
16.147,-2.36229391567333,976.826585700911
16.1475,-21.0327882745745,1037.47772861461
16.148,-43.8076300089716,1042.02538872389
16.1485,-55.7916487804424,1023.73304740486
16.149,-49.3304364665277,991.067066918473
16.1495,-34.0351583013591,950.97812897606
16.15,-26.2784815919996,899.663642604235
16.1505,-31.8903414300011,789.831300442112
16.151,-41.6653818097882,582.589688374495
16.1515,-41.531194825107,339.620166317211
16.152,-25.2091669457099,177.929298327224
16.1525,0.797911634447219,114.510123597165
16.153,22.4977998075779,47.4296020174384
16.1535,30.0837160189916,-81.3637407331741
16.154,26.0469418867683,-206.952014633753
16.1545,21.0677793131643,-272.064815138492
16.155,22.0013756357848,-328.596959159657
16.1555,25.9947883885297,-427.980586113055
16.156,26.2234792260254,-499.923820165053
16.1565,19.9541070605627,-445.119553529159
16.157,9.90690262608697,-293.931052943092
16.1575,1.03068354087285,-170.683929774153
16.158,-2.39839106598934,-132.185330972404
16.1585,0.393923765220108,-133.488495896464
16.159,4.72783840212014,-130.629002102738
16.1595,4.20200951978862,-125.733724244917
16.16,-1.61779240277221,-115.651021448061
16.1605,-6.28619156550215,-75.8619897824718
16.161,-5.42874980171971,-2.63566544080357
16.1615,-2.85752238520731,86.3088650696773
16.162,-4.30404897224253,190.591174029367
16.1625,-8.72864453480913,315.533790988429
16.163,-10.9662558781512,435.882925151978
16.1635,-10.5349512543545,529.405857800063
16.164,-11.5860932967878,629.760373257573
16.1645,-14.6827003892602,774.063168929837
16.165,-14.9706464690749,902.301776377016
16.1655,-9.73447145551605,885.142532151155
16.166,-2.04701223004024,666.172601735924
16.1665,5.50808107214976,315.558206990213
16.167,15.4515791080212,-66.5908590044451
16.1675,29.7081785942223,-431.850108281691
16.168,43.2605928571975,-749.215567724143
16.1685,48.7799895273238,-963.529765660092
16.169,45.8316547682787,-1039.8969476297
16.1695,40.5168098538722,-1010.56030443366
16.17,36.6076041065552,-933.928766950978
16.1705,31.9733966628294,-831.383991651017
16.171,24.2878396088083,-697.950747128522
16.1715,15.3059441625421,-551.729923117256
16.172,7.3977437690237,-432.673415117038
16.1725,-0.0441547540956743,-355.366533484306
16.173,-7.85861643194685,-288.542508843067
16.1735,-14.4237209646096,-187.138905024542
16.174,-19.5443920821951,-38.4234134028623
16.1745,-27.770525714505,122.529589285006
16.175,-42.2012090161622,242.316928317656
16.1755,-56.4172774289401,294.756439968796
16.176,-59.1489699722803,288.136924084943
16.1765,-47.9716836499998,225.926694442507
16.177,-32.3762036809175,89.3301541178887
16.1775,-20.9285325565943,-115.699059782193
16.178,-11.3143119631683,-319.034140976048
16.1785,2.63706103641104,-435.429160119609
16.179,19.2341024710725,-444.498837667996
16.1795,30.701086916387,-386.079990520726
16.18,34.0156992898145,-288.169859242135
16.1805,33.2144913212738,-145.066552530639
16.181,31.5127866921065,37.1984904130421
16.1815,27.4735396627415,223.569623409895
16.182,19.9743893592475,385.101130636304
16.1825,11.5747425005349,509.506410940141
16.183,4.98927327696159,574.177147110814
16.1835,0.172986178176637,558.374127214358
16.184,-3.59469158525106,493.796904028119
16.1845,-6.454567413525,454.820748383343
16.185,-9.89583577760223,480.052214912962
16.1855,-15.5021316477706,542.312568100161
16.186,-20.0015210149809,603.210874289684
16.1865,-16.5050554097507,644.330871614785
16.187,-4.061610203996,632.124226034764
16.1875,8.12673951097374,521.448932117225
16.188,10.4256427138078,333.328822566624
16.1885,4.02789200318187,170.276340651523
16.189,-1.82403637791895,102.561707311679
16.1895,-1.90477794654881,85.0281623477971
16.19,0.277220804727666,39.1566427874786
16.1905,-1.04789326017822,-29.1843799179762
16.191,-7.17481575821826,-61.8545125208449
16.1915,-15.1066624074436,-63.1290369529665
16.192,-21.0356911097216,-100.118893492986
16.1925,-22.5465379665972,-195.907174665582
16.193,-19.5816684443136,-295.845595467217
16.1935,-14.5392357224223,-347.879685922511
16.194,-10.9165808201986,-354.932234654522
16.1945,-11.7714352208178,-337.961154642115
16.195,-19.1054986868714,-309.406950182155
16.1955,-32.3399220938604,-304.61300670753
16.196,-45.8663869374551,-380.314195922666
16.1965,-50.7517919871484,-540.826771498378
16.197,-42.4365522603038,-700.584502910161
16.1975,-26.259017373175,-758.346280175247
16.198,-12.7495463958094,-691.728215286832
16.1985,-7.69086053920545,-557.8903556505
16.199,-8.64179023480469,-426.408765757338
16.1995,-10.0404322682281,-335.913946822758
16.2,-8.75251544648031,-289.512919372709
16.2005,-4.92358009206192,-255.380639811184
16.201,-0.466648029533313,-182.105652333483
16.2015,2.40195671472931,-45.9749570925265
16.202,2.90384094940065,117.313983749961
16.2025,2.60803371685963,249.322584488406
16.203,3.78495393082291,334.000818479351
16.2035,7.37180491865684,405.88987918937
16.204,13.6152551705766,496.179808304676
16.2045,23.4363665909859,593.272920658682
16.205,37.2090636479275,661.0323862925
16.2055,53.1909642907681,676.764857545405
16.206,69.2070341609729,641.741827138691
16.2065,84.6263904040886,568.454451454561
16.207,97.9761792753352,472.18700988828
16.2075,103.736808884769,371.542593545442
16.208,95.3995522928252,284.515244782328
16.2085,72.6604678993367,217.625468561058
16.209,43.3707139383507,160.908296338404
16.2095,17.7495652439636,98.3735654583535
16.21,2.02530702790261,26.2869499175384
16.2105,-3.0235296767338,-40.3498722548842
16.211,-0.273688290917243,-82.828090697148
16.2115,6.01891951895199,-99.6569030314405
16.212,12.39044535296,-108.674915680744
16.2125,17.0373165812645,-128.734620715809
16.213,18.55832347908,-163.835843230722
16.2135,15.2424577788891,-203.820669832947
16.214,6.95757374045404,-232.000459650727
16.2145,-3.73403251008369,-231.073233350179
16.215,-14.1822842644616,-194.480110766933
16.2155,-23.9482599424947,-141.048002684909
16.216,-32.8026794068732,-108.08140357839
16.2165,-38.7422764571691,-114.639685669198
16.217,-40.7342014040303,-135.126723450546
16.2175,-41.2969564030158,-125.448175690765
16.218,-43.2474103806664,-76.5113201720113
16.2185,-46.0894984526639,-24.3679286045308
16.219,-48.8666442532498,-0.256238167367701
16.2195,-53.3788296707569,10.8877545408083
16.22,-59.7335873851556,44.1641098714296
16.2205,-61.8693569642196,97.7535556356788
16.221,-54.1926958392474,126.683835146198
16.2215,-40.9741819262941,96.1634227128887
16.222,-32.0733266799997,20.866335821728
16.2225,-30.2444425167414,-58.8185433101908
16.223,-30.0783571192663,-124.896310459315
16.2235,-28.7080370408441,-191.850847534479
16.224,-28.4445500275524,-275.923871669623
16.2245,-27.8270800608452,-367.819023495939
16.225,-20.153999159847,-434.205019247608
16.2255,-4.86274518881153,-436.934805583155
16.226,8.23823924431943,-353.143373973648
16.2265,11.194251128733,-188.756230437473
16.227,7.31123482896321,20.2607037555503
16.2275,3.69414107453003,220.754811814644
16.228,1.85054387956273,362.501331128966
16.2285,1.44245941984685,419.04768186759
16.229,6.00961171021595,403.252407308177
16.2295,17.3775186299937,359.223428617149
16.23,29.7369414447267,319.708406426946
16.2305,36.4774900850454,267.282689552881
16.231,38.1475366672157,158.655084465029
16.2315,37.0028672700864,-4.39763272503351
16.232,29.6875655079087,-156.01984017753
16.2325,14.3549763217559,-239.18873147007
16.233,0.447688887894334,-271.564014895834
16.2335,0.809966357839437,-305.733894001777
16.234,15.5386232793046,-345.478480499866
16.2345,32.5112266683,-348.905184083043
16.235,42.603765939207,-307.05249854565
16.2355,45.7593627020766,-262.586131875849
16.236,43.3429706801798,-235.874232017546
16.2365,34.4187015010348,-184.064037353962
16.237,20.79654315972,-64.9034451937206
16.2375,7.49532389404587,97.587096446791
16.238,-3.53116349541606,248.862842997187
16.2385,-13.6161006681877,374.865573361303
16.239,-21.2260439585044,491.487688390349
16.2395,-23.0418294776958,580.592838650561
16.24,-21.3486762548796,588.940302636595
16.2405,-21.9163178218624,496.847050514279
16.241,-23.3759770523586,349.694799586275
16.2415,-17.6117105064897,208.587617974835
16.242,-3.20558249879836,96.5583434928365
16.2425,10.3027648500299,5.50741837257784
16.243,15.4154136903081,-67.3883790259416
16.2435,15.8732540092644,-108.807999935795
16.244,18.0899930690729,-105.208918720749
16.2445,20.6361779107333,-59.6542971763229
16.245,18.0006799474633,0.267405445791199
16.2455,9.16694413109963,29.0666278647632
16.246,-2.95427289438852,-7.0337998918433
16.2465,-15.5010797052113,-95.063057287534
16.247,-23.9088261647681,-174.70207155292
16.2475,-21.7714385076161,-181.738873911223
16.248,-9.1895853540025,-96.7609367054609
16.2485,2.79658885661057,42.2124187528123
16.249,3.35114128788926,168.572635203137
16.2495,-4.71426192424393,234.508556947181
16.25,-9.04499000353977,242.041727824328
16.2505,-3.88595612431596,227.545584353566
16.251,4.19309977981021,211.506128923453
16.2515,6.67398699699197,175.33168556358
16.252,3.37040965001148,101.159757192654
16.2525,0.322733981216184,16.3047570714882
16.253,0.988330746458539,-37.4219134439973
16.2535,2.49558464575649,-77.0448126420185
16.254,0.483258348339047,-176.790548826376
16.2545,-3.89958067848836,-369.886113676714
16.255,-4.1497660501914,-585.438730852232
16.2555,2.90352091019535,-720.724350758663
16.256,11.1940841363189,-758.136270438778
16.2565,12.5951741317997,-766.246360587083
16.257,8.53563685770935,-788.215499801756
16.2575,8.08757117054452,-779.274202696642
16.258,14.0731662513937,-675.664709324952
16.2585,18.5007592804349,-484.908520564506
16.259,14.3551185330024,-268.556482848499
16.2595,4.3414689487059,-58.5489399697994
16.26,-6.49733376156658,159.471840652508
16.2605,-19.3087735138763,380.52969922591
16.261,-35.6837082423025,550.117664267977
16.2615,-49.2867383045305,627.325208555196
16.262,-51.6298814840138,646.495185139298
16.2625,-42.9531028779457,678.646483946064
16.263,-29.8834058854414,742.235567252478
16.2635,-15.3009414076939,784.123673602565
16.264,1.32052883014246,747.020222802917
16.2645,15.6905128178345,628.173566481606
16.265,20.2517953980794,469.577621920279
16.2655,14.701370073347,317.946527569157
16.266,7.19370685335599,203.567817971399
16.2665,3.43806291014415,133.67719242983
16.267,1.10436474121439,88.0208618222949
16.2675,-3.29949373760042,32.9439420532662
16.268,-8.35430882748278,-45.4202230281483
16.2685,-11.1809422311436,-127.730088900929
16.269,-11.7799382175325,-187.373025152517
16.2695,-10.9509825498277,-219.468489426694
16.27,-7.77367041311609,-237.26543251367
16.2705,-1.83740824384948,-252.194371635512
16.271,4.85169265886261,-268.189528618728
16.2715,9.98618310702832,-286.723733743218
16.272,12.5669472633809,-306.510843579067
16.2725,11.8004629600083,-322.21201150118
16.273,7.68607307391748,-327.771847455129
16.2735,3.51157764132343,-315.039465824817
16.274,4.15769694960096,-270.59381041889
16.2745,10.4094192786538,-189.042896446656
16.275,17.6464140030303,-91.8049322182946
16.2755,21.0535193630274,-13.9617692046389
16.276,19.5940875390468,34.2703425030402
16.2765,14.8576480749658,74.291756118563
16.277,9.40220254706073,120.548968256327
16.2775,6.31998130551201,158.544046173851
16.278,6.55340538561722,173.130941185495
16.2785,6.37637389857728,172.592364971635
16.279,1.66430438164949,164.987544216851
16.2795,-5.28768212840345,135.292336951596
16.28,-8.21634359478386,72.7413136130807
16.2805,-6.45144416398036,1.11011533244744
16.281,-5.78856650565345,-48.7938770716194
16.2815,-8.29832906696691,-82.9991900260164
16.282,-8.37676329016888,-130.473619915211
16.2825,-2.60367166413635,-196.469829676882
16.283,3.21417613163619,-259.972715806274
16.2835,2.51040908025743,-307.248023044556
16.284,-1.83333853698998,-334.649811187076
16.2845,-2.54928728233823,-325.498254649088
16.285,0.341654636102226,-260.915281533016
16.2855,0.2497436607014,-153.487670549564
16.286,-5.31742995300069,-37.1558811132947
16.2865,-11.8632624873124,76.2598116381726
16.287,-15.3697245101815,196.485475520536
16.2875,-16.1057161232292,310.095494171041
16.288,-14.1179165963516,374.996368303798
16.2885,-7.02065934072652,369.47504623378
16.289,5.17233135150304,314.55669330259
16.2895,17.3071072368471,238.972647576131
16.29,24.0993121659763,155.12979022214
16.2905,25.4012003494738,79.3954448671931
16.291,24.5076026677748,38.0519231005946
16.2915,23.4315435927499,32.9320637797686
16.292,21.7556754437994,32.2551332471054
16.2925,18.4896562243297,17.6050761352877
16.293,13.2267362482161,13.6207584887279
16.2935,6.27952783689038,49.499296182626
16.294,-1.19576633439167,115.502130199582
16.2945,-7.64951195113955,180.029297087165
16.295,-11.9635806088111,228.111997436058
16.2955,-13.2082572606302,261.282726767991
16.296,-10.1226962612134,279.392883809718
16.2965,-2.47862693079791,282.817712582893
16.297,7.06970033746624,272.830481180064
16.2975,14.2478630892351,232.993630005333
16.298,16.7393761037752,137.413045075732
16.2985,15.4449714630163,0.39313749187127
16.299,12.4297419670228,-112.587548506008
16.2995,9.18054519716962,-157.539696828646
16.3,6.65960163282239,-172.02937744047
16.3005,5.01915311875668,-224.050274829982
16.301,2.84613535119195,-317.260798015439
16.3015,-1.61638288944771,-387.137063128143
16.302,-8.02481234053732,-381.900350852787
16.3025,-14.0761170979425,-309.360091525414
16.303,-18.2530248350169,-211.172482389909
16.3035,-21.0508505580292,-131.563623592565
16.304,-23.6526296769494,-110.223948255284
16.3045,-27.1391873220124,-163.448668982563
16.305,-32.7320074262499,-259.956747995141
16.3055,-40.4486045890707,-343.325765738087
16.306,-47.259051997908,-385.979239062624
16.3065,-48.925935792003,-398.71766554043
16.307,-44.2470045318544,-389.869551688076
16.3075,-35.6137734057748,-348.287128031311
16.308,-25.726278641457,-270.574827287664
16.3085,-16.7908493579977,-171.587820664276
16.309,-12.7601501116445,-60.582845485835
16.3095,-17.6671442003185,59.9711548707497
16.31,-29.8008790254267,164.285887575059
16.3105,-41.5711148985031,212.244837994808
16.311,-47.6941544935398,208.641957703868
16.3115,-49.4481832736128,217.471880468883
16.312,-47.4877515410485,286.943362873127
16.3125,-35.3642498862167,384.377474132612
16.313,-7.00553438511974,434.928291957623
16.3135,30.9949212712874,405.985524366552
16.314,61.6075420165294,324.667962367371
16.3145,73.459643271627,230.170340840539
16.315,70.4801478240262,144.95521459511
16.3155,64.6538662802692,85.5494010333086
16.316,63.4424635006027,64.5186516297488
16.3165,65.8270322387721,73.7628053473611
16.317,66.7320076854602,88.7196030736686
16.3175,62.5521528167904,95.6590081144664
16.318,54.2121107811075,98.6908266412946
16.3185,46.4460764580409,98.7581360969421
16.319,42.8643040205085,85.7845294272177
16.3195,41.7249191261134,57.6773940360707
16.32,38.7528467325189,29.7514673559063
16.3205,33.4552126022342,15.8423800385021
16.321,28.8994561824451,12.0753241092774
16.3215,25.4583509711651,7.85077711852919
16.322,19.9661940972337,2.55778321107551
16.3225,12.3899233628955,1.40211556287662
16.323,7.60573737611315,1.70918504272889
16.3235,7.36033321288318,-5.3134633512192
16.324,5.72670245158757,-20.3466650058685
16.3245,-2.6861426187785,-31.8757470782254
16.325,-14.0804653763914,-28.7093622989729
16.3255,-20.6023937623434,-12.7122219394391
16.326,-21.2917965962072,3.27292309167531
16.3265,-21.9746423808411,8.2168607032487
16.327,-25.9099616635157,0.622203881658821
16.3275,-30.5817806657792,-15.9870947409241
16.328,-33.2742122302082,-39.7385818665665
16.3285,-34.1044449092374,-67.7341263083525
16.329,-33.1857296151396,-90.4960198722529
16.3295,-29.9888650272112,-98.0719471129367
16.33,-26.2791550517605,-92.6116558476737
16.3305,-24.896330396855,-86.3104702273325
16.331,-24.7722289203489,-84.5180001515021
16.3315,-21.9942047423792,-80.9727206093423
16.332,-16.9601133331378,-74.8618241017075
16.3325,-15.3452546712191,-80.3937729013743
16.333,-19.8465401182473,-107.33508030477
16.3335,-25.6680833721352,-140.087559805683
16.334,-27.0201827230985,-151.629915108725
16.3345,-24.1924006915986,-135.730272920582
16.335,-21.3150277471819,-110.08238546947
16.3355,-20.640128562963,-87.3346401193456
16.336,-21.9598281077519,-60.5277341002887
16.3365,-24.3300750445964,-24.21119633889
16.337,-25.2492176032131,5.93518088696238
16.3375,-21.2680286345425,9.32625083340014
16.338,-12.6869816089094,-11.0410078310596
16.3385,-4.66539830183433,-31.2550691116206
16.339,-0.344400732350159,-36.190012003444
16.3395,3.85233029646941,-33.1526834817745
16.34,12.0635760486292,-33.1355980695241
16.3405,21.4877917287351,-30.4978016130829
16.341,26.2989127611725,-10.0865737284202
16.3415,26.6798742617764,30.4887050297118
16.342,27.9012694829123,74.2532464680572
16.3425,31.405067669892,100.846272852725
16.343,33.0573913046778,105.110447138921
16.3435,30.7106994456524,100.209288993218
16.344,27.6359100441666,105.395650285752
16.3445,26.7745548742896,129.683704913574
16.345,26.5771561683568,163.599185340175
16.3455,24.8302933189513,186.010086901296
16.346,22.323316009633,180.675294237753
16.3465,19.9272707130835,146.244938157304
16.347,15.6215345084749,91.2095544749587
16.3475,7.72199677198202,25.293436305215
16.348,-1.45247349611883,-39.6819411507117
16.3485,-8.30777102809902,-87.4594925088002
16.349,-12.5429910027874,-107.470017272575
16.3495,-16.1014055788769,-106.927594434463
16.35,-19.1421684078095,-102.6770168495
16.3505,-20.16097925419,-100.662643029188
16.351,-19.1939586688641,-95.2789685577384
16.3515,-17.8751763976271,-90.2504464941172
16.352,-16.6608680741821,-102.539102357755
16.3525,-14.8186521647845,-135.027073102175
16.353,-13.2003099781144,-160.061077065097
16.3535,-14.1615763683939,-146.854472646835
16.354,-17.9255527250104,-97.3084234773419
16.3545,-21.4202862710875,-38.8297821964213
16.355,-21.9173907429041,11.1443671269888
16.3555,-19.7827375883827,54.5908327087759
16.356,-16.209560196648,91.8712333112345
16.3565,-10.4888466375177,115.097962935419
16.357,-2.21846335219851,126.404334857776
16.3575,5.19282000021196,141.865894014847
16.358,7.03412797854354,168.583183728882
16.3585,3.81748514948545,194.535611430652
16.359,1.7773736569654,210.105995694703
16.3595,4.92973018964117,222.905506274089
16.36,9.48769601781529,238.631206582819
16.3605,9.20290211289734,241.774919416061
16.361,4.24974514767608,211.949907682474
16.3615,0.751253979044825,150.901783938928
16.362,2.08270452882862,78.0674987410361
16.3625,5.11913242338741,5.28627501403721
16.363,6.07619876258906,-68.926469818661
16.3635,5.78456521585518,-142.264612501546
16.364,6.68025454691463,-199.000517529192
16.3645,8.00557144951733,-219.128903977417
16.365,7.6741296346417,-191.624886269903
16.3655,6.90781506711064,-122.472659684798
16.366,8.88467350829456,-35.3931263013896
16.3665,13.0645172872913,42.2718600383514
16.367,14.5178241493363,102.345048496221
16.3675,10.124163285256,156.761361019593
16.368,3.40167423114549,207.091638413688
16.3685,1.80181380946097,224.74048084558
16.369,9.72261664145677,177.454760006266
16.3695,24.4159909547112,68.1603227599148
16.37,38.2229005155352,-69.5275972105161
16.3705,44.9271136109698,-207.513537880766
16.371,44.5647875325918,-334.065613624739
16.3715,42.2826731201759,-433.441482235833
16.372,42.9426427253199,-483.141484872813
16.3725,47.4788427879009,-479.567218330144
16.373,53.4165521704818,-444.079684665793
16.3735,56.4788457313849,-391.255995127325
16.374,51.9468342715562,-308.570426692846
16.3745,38.1947646060807,-181.685788268484
16.375,20.478094767932,-26.3656971671874
16.3755,7.80996253176907,119.806083640983
16.376,3.44943750427978,227.922861417126
16.3765,1.15852258673338,286.805880778796
16.377,-6.49591948360694,292.567025785803
16.3775,-19.1969516952752,248.554319991997
16.378,-31.6314483074331,173.697578418038
16.3785,-41.8037256307233,94.4671154336389
16.379,-51.3394926538299,24.8528112552596
16.3795,-59.5353453553219,-36.5648864514756
16.38,-63.4562628685234,-89.0010671799426
16.3805,-64.2568789850186,-119.351713630925
16.381,-67.8620478176677,-114.519872326572
16.3815,-77.6152744012791,-78.5697938302674
16.382,-89.9315176862788,-32.6002186225847
16.3825,-98.401251416149,3.36317645407742
16.383,-99.0583285447676,29.0946669332159
16.3835,-91.1874699692205,63.7107213024197
16.384,-76.7341006938491,121.259398857839
16.3845,-60.0014111695415,185.294085407847
16.385,-44.7788284589642,215.733024599543
16.3855,-31.065801499356,187.994653622115
16.386,-17.5336816257265,121.121076919038
16.3865,-6.82280411450139,60.6023367489786
16.387,-3.97158238477014,36.6115343858393
16.3875,-9.05517624363704,44.6607823152744
16.388,-15.8866358874647,61.7123930170265
16.3885,-19.0044650055031,70.773180819855
16.389,-17.6962408252574,70.3556097955615
16.3895,-12.6211236817032,70.3514759989107
16.39,-3.73330763847085,84.1121190156656
16.3905,7.47727622223122,120.951674259583
16.391,19.7663772068908,181.239267257159
16.3915,37.7117652767386,254.561737941957
16.392,68.0731077788438,318.307684142875
16.3925,106.861347083041,339.86773030772
16.393,137.329402981719,291.92331764883
16.3935,146.60305485674,175.420507637361
16.394,138.444698355881,24.3964509584995
16.3945,123.614070069226,-118.896271565074
16.395,104.348003898119,-231.840892258816
16.3955,77.4217095405657,-311.753362540421
16.396,47.7356079758225,-357.777114653266
16.3965,27.2170047398553,-364.945641158392
16.397,20.1580897499859,-334.325680339137
16.3975,19.0030796365682,-278.185131315364
16.398,16.0400346274856,-213.847673282298
16.3985,11.2550441908229,-158.633226806958
16.399,6.80006080743645,-127.282276211522
16.3995,1.58409789684828,-123.07741969531
16.4,-5.00733440082057,-131.169659876071
16.4005,-9.97484433533223,-131.073711760541
16.401,-11.0680814909382,-117.616693576334
16.4015,-9.96268541430731,-101.179550488205
16.402,-8.45016413248015,-87.99534966523
16.4025,-5.98333389571046,-72.5880613981432
16.403,-3.47764076288802,-51.9854837748101
16.4035,-4.40019460987424,-33.2507558162855
16.404,-8.62216792285403,-19.1262518431206
16.4045,-10.2009295687695,2.4604724517407
16.405,-5.95207309854922,43.5289972186505
16.4055,-2.1619897188501,97.1315370190928
16.406,-7.26456013347073,143.799481948079
16.4065,-20.4839524004473,173.537615182048
16.407,-33.3398067998115,192.033854804171
16.4075,-40.8971396714186,206.04963011147
16.408,-45.9026502527112,210.830018778953
16.4085,-52.0680942394977,194.038016554911
16.409,-58.7197997411778,148.496040902409
16.4095,-63.5096488379372,80.4018911389546
16.41,-66.4444542315491,6.70341876184376
16.4105,-69.3260218061556,-56.6519232191257
16.411,-73.6991185190418,-104.866853210342
16.4115,-80.5875803693376,-140.192347992596
16.412,-89.9048566962282,-156.832235961212
16.4125,-98.7871672797406,-135.060660182968
16.413,-102.41556141354,-55.8300142940983
16.4135,-97.6960603805475,77.619626288994
16.414,-84.5831783329692,231.480266312923
16.4145,-63.2935682122434,352.66714293392
16.415,-33.1241378855298,394.498699601995
16.4155,3.70859541824833,345.530744137979
16.416,39.1418953675458,239.749660310822
16.4165,63.6272026130616,130.02934411837
16.417,73.6962740237125,43.2435679888145
16.4175,73.5081832101351,-34.6886874883831
16.418,69.364142994298,-125.729473651363
16.4185,64.8918037830539,-221.245079982266
16.419,61.4046953549478,-286.593347182587
16.4195,59.9153374512948,-298.202015485477
16.42,61.1934919231831,-264.092667256045
16.4205,65.416208117621,-209.845437867508
16.421,72.6811197477526,-156.649723178622
16.4215,81.9193667279105,-114.642243271838
16.422,88.4107565733421,-85.8390262523689
16.4225,85.581750593178,-66.1715522189138
16.423,72.2116565323008,-49.0515429352458
16.4235,55.6204833024773,-31.6481307028154
16.424,44.080329312788,-16.1655634599196
16.4245,37.7415275241118,-4.60587016703172
16.425,31.3438115650664,3.66811292652319
16.4255,24.2643862479338,8.0683528776756
16.426,21.3469954559709,4.68671643393553
16.4265,22.8682987343805,-9.58664754473375
16.427,20.7620254394766,-32.6602660353702
16.4275,9.0392062612074,-57.2865447137334
16.428,-6.88401092686419,-73.6753043355077
16.4285,-16.3996007398454,-73.6820143206461
16.429,-16.3136182225553,-56.7403343474571
16.4295,-12.3769135523436,-31.791839850668
16.43,-10.318308378094,-9.49514804657956
16.4305,-10.4470961476601,8.34736342923359
16.431,-10.5507357848536,29.1934927405227
16.4315,-9.84805851708981,59.825120456617
16.432,-9.68756705039317,98.3563151550491
16.4325,-12.7394914950871,135.337197205231
16.433,-20.7757958210836,160.501227756426
16.4335,-31.3692180126293,169.783763539758
16.434,-38.9818454534029,167.842364134344
16.4345,-41.9759448287456,161.817548485557
16.435,-45.6576389360725,152.025733944256
16.4355,-54.8115253454371,134.593085290557
16.436,-66.5561483746237,115.682545219054
16.4365,-75.227435612281,112.911115389947
16.437,-80.6016564034542,132.940567928369
16.4375,-85.0036552128466,155.49866432121
16.438,-85.7656829413012,153.779830608372
16.4385,-78.6224808781656,127.06863001939
16.439,-66.1048545142067,97.5814633043568
16.4395,-53.3493724030395,75.8033159252354
16.44,-37.6518139361427,46.7838824084601
16.4405,-13.8460661322369,-5.08150389685521
16.441,10.1955293300322,-75.4121859329439
16.4415,18.008310298171,-152.627328502239
16.442,8.99552305031686,-234.744099062301
16.4425,4.11391805282328,-319.016864233508
16.443,18.2250610482575,-386.170551680994
16.4435,38.9609279286829,-411.92950645647
16.444,44.9630428747215,-390.35041662076
16.4445,35.1882361762877,-333.756108832052
16.445,25.2958067337539,-255.214314732333
16.4455,21.4847504473975,-165.610586096913
16.446,15.2503300040556,-84.895976658558
16.4465,3.29819252963566,-38.3988815533003
16.447,-3.83619192083239,-34.8477289919878
16.4475,2.59131482781087,-55.3067795306228
16.448,17.5397174955763,-67.3629585005004
16.4485,31.3615473097226,-46.8000062717788
16.449,41.7730249898843,10.8854174858173
16.4495,51.1974382574332,89.1349266709355
16.45,59.6064321759284,158.136995357266
16.4505,65.5631980871846,193.723199467225
16.451,68.9577526352636,195.465883259502
16.4515,68.3719126437779,184.121315936989
16.452,60.7888171399784,178.909587799148
16.4525,47.7374271456812,177.900091492282
16.453,36.725072043603,159.5353744514
16.4535,32.6837743665898,103.182477924339
16.454,32.3373859391549,13.9923070497609
16.4545,30.0498106280265,-69.3854441169289
16.455,24.259420553233,-100.881630691038
16.4555,15.1768486223146,-70.4475889666043
16.456,2.23110565377395,-16.2760294305018
16.4565,-11.7909502812157,14.9490432848907
16.457,-19.9022476736676,13.1528693847532
16.4575,-19.6866152831947,1.46394622120354
16.458,-18.0119139094833,2.1999572005823
16.4585,-21.4584847641998,27.9231331440699
16.459,-26.9922270533441,95.8272521677794
16.4595,-28.488958028313,215.942179693262
16.46,-27.6149279739426,357.335831154943
16.4605,-30.2093600596647,457.048695900359
16.461,-35.4311243842039,481.062586293295
16.4615,-37.6588392216603,454.870191270684
16.462,-37.6912326301479,415.542019822307
16.4625,-42.7901876585947,356.051569933272
16.463,-54.9183125078387,243.775890182881
16.4635,-67.0791891141877,78.5084886727134
16.464,-73.0322512696268,-99.1079258411526
16.4645,-73.5710966387496,-249.669164635082
16.465,-71.3547669987081,-354.502713962999
16.4655,-66.6345739785621,-396.473256867005
16.466,-60.8251331047024,-358.970059247531
16.4665,-57.2222132418338,-257.99472487647
16.467,-53.7438455724206,-147.917930093687
16.4675,-40.8804175288507,-74.4396440020318
16.468,-12.8198453465004,-35.6591649600931
16.4685,22.6559712316124,-4.31439952013174
16.469,50.6335850349551,26.0839585567319
16.4695,63.6195383198314,35.6714917109753
16.47,65.6876090690803,9.62762610078029
16.4705,64.1322910810427,-43.6598755713279
16.471,61.5616829960434,-103.449999080342
16.4715,55.9139582215145,-151.182003201671
16.472,44.7626392272716,-174.944925598267
16.4725,28.9598535858091,-172.954218154899
16.473,13.5617848738755,-156.959473914389
16.4735,4.79467630139431,-145.819529071442
16.474,4.98741279592781,-152.63746687458
16.4745,11.359356683796,-178.787059339096
16.475,20.2955054426981,-216.221602993912
16.4755,30.4785230911829,-251.4981345076
16.476,40.3963595444732,-272.882401472513
16.4765,45.8445127422468,-280.171716820379
16.477,43.4065774107809,-283.5343302255
16.4775,35.2940560010824,-286.648498024995
16.478,27.7704272666403,-277.105561848757
16.4785,25.0189905513469,-242.795822966142
16.479,26.2440992176543,-192.422835043039
16.4795,27.7121604083795,-146.555147873591
16.48,25.6433604759153,-108.935011465544
16.4805,18.2718244058515,-59.9985856175021
16.481,7.42533375921866,16.8662621842883
16.4815,-2.52699295080564,112.420349323529
16.482,-8.97592722964742,200.43205279297
16.4825,-13.2386339945305,262.454377133276
16.483,-16.9664194206924,297.852940230481
16.4835,-18.5558889755073,313.785703300638
16.484,-15.8076366914158,312.505271508051
16.4845,-10.1966042351888,290.755568773806
16.485,-5.02087150030265,250.96981477161
16.4855,-0.701900015082442,209.963162035383
16.486,4.23694638261804,188.541849933063
16.4865,8.57005221848262,186.748037873681
16.487,9.16670474783633,176.339342616392
16.4875,6.084132782613,129.670969551617
16.488,2.24824768886881,54.6704504773959
16.4885,-2.26697600361617,-10.2257548377047
16.489,-10.6519232329647,-35.5913880330587
16.4895,-22.6488470441147,-22.9252125859135
16.49,-32.2936899780847,12.2396448566058
16.4905,-34.9951292492739,59.6049582189391
16.491,-33.0241516349115,108.267130737151
16.4915,-31.2216283858599,141.53580205009
16.492,-30.8758614722219,156.660371754168
16.4925,-31.0733390275184,178.269470564199
16.493,-32.7045704680488,229.673160533364
16.4935,-36.9406355232641,294.278480741097
16.494,-41.9226485236155,327.694400356203
16.4945,-45.0212441304941,310.416340166504
16.495,-46.8682436409614,267.033196083504
16.4955,-49.3588485625883,225.605022264746
16.496,-50.8992551096268,179.538967043078
16.4965,-47.4005561962955,107.032936688509
16.497,-37.2023941259968,14.1142479105862
16.4975,-21.9124065836761,-64.9367445380607
16.498,-3.99335480861888,-108.090412686062
16.4985,12.6873692771696,-127.163183354533
16.499,22.1123815978745,-145.124551422909
16.4995,21.7773392812165,-167.532624866895
16.5,18.560919744447,-184.848043190176
16.5005,22.5906858277905,-191.913306811068
16.501,34.225264954016,-193.333372992832
16.5015,43.1588831827658,-193.309953313585
16.502,42.080956681526,-189.049629765314
16.5025,34.5238220896314,-173.214360219751
16.503,26.0290037717235,-137.896530279314
16.5035,15.0351351291089,-80.9562421528078
16.504,-0.801751514368811,-18.3601407777804
16.5045,-14.7017958545231,11.4191648365973
16.505,-16.3364728772207,-30.3700471945787
16.5055,-6.03011510815737,-146.280312678879
16.506,4.73737329111241,-292.132302428304
16.5065,7.93871973082981,-409.357968602071
16.507,7.31015656132842,-466.406312589642
16.5075,9.96440128402898,-466.022361575931
16.508,15.5619047974142,-420.418600570139
16.5085,17.5468447296376,-332.951731776081
16.509,11.875979777535,-206.09306235534
16.5095,1.62148807243245,-55.4705602353422
16.51,-5.05349759499554,93.7744628776308
16.5105,-0.401140778805422,222.130520403166
16.511,15.9908611871899,321.234961410843
16.5115,34.0286974379266,385.779176159925
16.512,40.6214976298122,406.46001266708
16.5125,33.1466925055688,374.563073610402
16.513,22.4855184032308,293.300644112402
16.5135,20.1801924070748,183.616139101827
16.514,26.0151749875487,76.4218784475542
16.5145,31.4044985117237,-5.06750873601731
16.515,31.0128560605746,-57.3792142041853
16.5155,26.0525993416032,-90.2579843859237
16.516,19.2301066409148,-109.745997510727
16.5165,12.8548815593634,-113.092156862351
16.517,10.5901971558073,-100.327835191273
16.5175,14.1203445562223,-81.050680260138
16.518,17.430038785768,-62.5214588160361
16.5185,10.8415306147794,-37.8084336508177
16.519,-7.08791600840702,3.35969721745702
16.5195,-26.8431993008597,53.6001852956928
16.52,-39.1776393750735,87.8485610142974
16.5205,-43.6105817227173,85.7364263788393
16.521,-42.849620810992,46.9141279538316
16.5215,-35.1018618956803,-14.874237461442
16.522,-18.2031497183627,-81.8684148984597
16.5225,2.27719247508235,-133.745477040095
16.523,16.3507857118989,-151.639106298103
16.5235,20.4817569371951,-130.960953168765
16.524,19.351425102658,-85.7133167221286
16.5245,16.6880655673748,-33.7245065160053
16.525,10.2447211654265,17.5231253483415
16.5255,-2.10455193889281,65.5287777659043
16.526,-16.0198955111335,102.489825624699
16.5265,-24.0356297159759,121.952255827737
16.527,-23.3613888481245,130.637976444665
16.5275,-18.0938311712217,139.744516645411
16.528,-14.7991372731593,144.745998334649
16.5285,-16.9897007790054,127.171115152222
16.529,-22.453486650308,79.4965778366567
16.5295,-25.151471620543,16.5232554272712
16.53,-21.4009305561958,-41.9155107889869
16.5305,-14.7637895059369,-86.5297341574156
16.531,-12.5607214113255,-110.065273075142
16.5315,-16.7399816444537,-99.1796738351383
16.532,-21.1489186691825,-52.0830470668756
16.5325,-19.5678615599901,4.20569493917473
16.533,-13.2139364350438,36.3617120516204
16.5335,-7.17751559079688,46.9595785075244
16.534,-2.23846926641875,75.7534588891732
16.5345,4.89670156140479,150.866163118574
16.535,13.9545462630821,252.082018073314
16.5355,18.885649113327,330.486260962795
16.536,15.0140292959609,350.497256535332
16.5365,4.98727389267822,302.343885293269
16.537,-4.50985342563118,191.617310919155
16.5375,-9.55547489918824,40.924468014962
16.538,-10.3756750916871,-105.253781774897
16.5385,-8.10504087204094,-205.132610595287
16.539,-3.31347231741382,-254.639234265044
16.5395,2.61348650945703,-278.866907837361
16.54,7.12346457389587,-285.829339700978
16.5405,8.2342403939936,-252.446398130116
16.541,5.70569647250004,-165.202714847656
16.5415,0.660135496934062,-49.2220613083164
16.542,-4.84827508034775,59.9168074897006
16.5425,-8.19658713022674,149.997844585115
16.543,-7.74116856177046,215.532060742738
16.5435,-4.49500959897513,231.417945794735
16.544,-1.24021562940197,178.88369911427
16.5445,0.49699462545925,84.9897176814359
16.545,1.83778226534946,-3.07519689367382
16.5455,4.60450980291089,-78.1573213971969
16.546,8.68988284956667,-164.067202316751
16.5465,11.6352886195222,-243.25730367374
16.547,10.2696038629944,-246.304889208515
16.5475,3.05129465274931,-141.089636290516
16.548,-7.75579180943317,7.56622002252171
16.5485,-15.9899358675424,105.869055327656
16.549,-15.7684063450808,133.89748312179
16.5495,-7.45968828645814,141.925652234263
16.55,1.70163446249938,162.115766754373
16.5505,4.92797548164471,168.771425496783
16.551,3.15835449451038,125.280408908937
16.5515,2.9929498773651,33.178054057869
16.552,7.85337701821435,-72.6293998270091
16.5525,13.921858727849,-150.960332649514
16.553,15.3947196901827,-171.86544940206
16.5535,11.115781468068,-131.56769533446
16.554,4.72144612487603,-57.610690884608
16.5545,0.672767817057087,15.9767934093827
16.555,2.05753053736719,76.4604780488005
16.5555,9.8824897423811,118.141940047287
16.556,21.2988471024231,113.515946529871
16.5565,29.7226884345771,35.7994170373857
16.557,30.350955440437,-88.8085974828992
16.5575,25.7443922602667,-191.145759873456
16.558,22.9466414793106,-234.662533202232
16.5585,24.6164410599874,-248.216002819956
16.559,26.0656693457186,-269.58757707846
16.5595,22.1438440073641,-292.069997580101
16.56,13.9945942122278,-290.177481340391
16.5605,6.8974715855188,-265.660399881024
16.561,3.64890003756418,-235.468951711322
16.5615,2.50483478974181,-195.863366886239
16.562,0.226639610769184,-130.904092162508
16.5625,-5.10022334447777,-42.1176146279554
16.563,-13.1524629245698,58.0470587010926
16.5635,-21.183790131529,167.299293205587
16.564,-25.9556169039641,280.121194539346
16.5645,-28.0759783155063,369.521818814722
16.565,-32.8809062184,414.358527014793
16.5655,-43.663356024284,430.98251265523
16.566,-54.7731361150538,441.791623670304
16.5665,-55.560248130914,423.802965583659
16.567,-42.0721831668371,331.30821219702
16.5675,-21.3927738735444,167.460083236713
16.568,-2.96530846603294,-10.0228716354465
16.5685,10.9325290812046,-159.425594050791
16.569,23.5098429683702,-288.337199783306
16.5695,35.2626190407965,-405.153206019709
16.57,41.9180498274864,-482.165891962867
16.5705,40.6986844932862,-493.506890934694
16.571,35.4852166238039,-457.813070038022
16.5715,33.8586349443504,-413.819492062091
16.572,39.1776273009359,-374.814589334339
16.5725,46.0269970631571,-331.733522673251
16.573,44.4134803339995,-280.666116036774
16.5735,30.1424259939517,-220.581978572782
16.574,11.0586124447544,-140.413288355423
16.5745,0.386429435229947,-36.1417248643604
16.575,2.60060003220327,70.8381731280057
16.5755,8.56446992734847,158.198389173517
16.576,6.63821658999094,235.82892468746
16.5765,-4.65842433884987,329.188157989066
16.577,-18.5238921536257,438.087672086718
16.5775,-30.8031592332386,539.164246941473
16.578,-42.5922794603132,622.772521007364
16.5785,-53.2118564531031,694.874464365644
16.579,-58.6501353541149,739.771523762571
16.5795,-59.352003779692,715.61480725887
16.58,-62.3778212577381,606.935441597028
16.5805,-70.8880810087811,462.791249084125
16.581,-76.6907558694652,358.767479124166
16.5815,-69.3736378579733,321.139224675388
16.582,-49.694722428083,300.367490278126
16.5825,-27.8533161187321,223.77780560308
16.583,-10.7371499511829,71.9860478151389
16.5835,2.63561591069885,-99.7409624934017
16.584,14.3738517573168,-216.924903627165
16.5845,23.8585391670878,-256.796764386591
16.585,31.5198527723376,-255.6831329481
16.5855,40.0173113210715,-254.465347091649
16.586,49.7267390691141,-263.234010550624
16.5865,58.215601498093,-286.786382165743
16.587,65.4336310486477,-349.702133046241
16.5875,73.4048046061769,-461.031760768384
16.588,78.9633468236889,-569.966919258321
16.5885,74.0488404061951,-598.320984635167
16.589,57.3549045166511,-521.637358769138
16.5895,39.0745544498868,-388.791663570045
16.59,28.3681775119179,-258.444482025486
16.5905,21.7711863692113,-148.796742748012
16.591,10.7971496655658,-58.9556466670664
16.5915,-4.08753610422664,-2.78467898816421
16.592,-15.6962539597149,5.07931928994205
16.5925,-22.8409207370981,-25.2569206104294
16.593,-30.7567040634603,-74.6756757340026
16.5935,-39.6328108414228,-142.822580953431
16.594,-43.0679144668532,-234.220520619444
16.5945,-40.0659073721657,-323.889354554196
16.595,-39.3999443725741,-361.408287135544
16.5955,-47.9182474532778,-310.306853549435
16.596,-61.8670771425688,-169.646886093838
16.5965,-74.6850577335476,36.7411856190415
16.597,-86.9368691169044,272.023690670033
16.5975,-101.88968832997,488.975144713159
16.598,-114.966405464418,643.211233375033
16.5985,-114.305013742984,713.731469761482
16.599,-91.5435398620695,703.000765177895
16.5995,-49.1887324565186,618.13557818656
16.6,0.756736805090088,465.817727737366
16.6005,42.9042393323882,266.958472438766
16.601,66.4895611112395,60.1754800256304
16.6015,71.997069943691,-117.866065756702
16.602,69.4057671582699,-248.13924839056
16.6025,67.8969365935498,-323.868928397592
16.603,69.033733335759,-343.509846685563
16.6035,71.1849014405869,-317.583187876193
16.604,76.0593333245119,-271.984434657745
16.6045,86.3893610706057,-231.931287795135
16.605,99.827655527772,-204.246817979444
16.6055,109.988661677149,-180.621494954717
16.606,112.591552569575,-152.577613662489
16.6065,107.224207678074,-115.320605454376
16.607,94.6787837639417,-62.0765485985013
16.6075,76.3325334898264,12.7344642499619
16.608,55.0800743084332,101.80951767933
16.6085,33.4954071465693,184.528242018034
16.609,11.9397120780559,243.528456188974
16.6095,-9.082367214735,278.384994337688
16.61,-26.8322866155133,298.932842588869
16.6105,-39.7850151459806,307.963261624055
16.611,-50.7501499035632,296.636969675145
16.6115,-62.5508244610072,258.048315121138
16.612,-72.6850084923445,199.736908670309
16.6125,-76.7990220097179,137.696988895739
16.613,-75.9471584024098,80.139061190136
16.6135,-75.8353124995658,23.2846478058741
16.614,-79.8176619049317,-36.4848205629552
16.6145,-86.3593809544564,-93.9018292682952
16.615,-91.386949518756,-143.299460415201
16.6155,-88.8007585121206,-190.717662895689
16.616,-71.7025640360594,-249.439227692662
16.6165,-39.8262548688676,-323.328114181805
16.617,-4.45287774431586,-400.23172684692
16.6175,20.7680755827644,-462.698149824758
16.618,33.2501473421463,-500.056226150683
16.6185,39.4846850454314,-508.261029266117
16.619,41.7519660846724,-483.988787349698
16.6195,36.3584373061254,-426.228021173123
16.62,25.5886921039738,-345.217522973665
16.6205,20.4520204785073,-265.152610167756
16.621,26.8273350189278,-210.034348450089
16.6215,37.3854558649357,-179.999327949042
16.622,43.0179277733293,-142.900223119721
16.6225,45.1231884397668,-59.8048589869859
16.623,49.8400265033028,73.0208340540736
16.6235,55.8712780384704,212.705479979214
16.624,55.8481355584193,310.750426866535
16.6245,46.7289383693479,363.716131569616
16.625,32.2757114141783,410.255740015988
16.6255,17.3263416426037,475.053151327751
16.626,5.01684302516694,532.378457303026
16.6265,-2.78234564894132,540.878314522417
16.627,-8.09684907035867,506.628333000129
16.6275,-18.1819874088866,488.767118375107
16.628,-38.2876388843401,532.685642833993
16.6285,-63.421800678531,610.091997206446
16.629,-82.1222344832935,641.007064513677
16.6295,-88.6238551148356,575.09164632375
16.63,-87.9310386587481,440.215599717831
16.6305,-89.1418718526335,306.421893703037
16.631,-96.0248684929279,210.549743330017
16.6315,-102.355978828451,127.02590659444
16.632,-94.1273904763665,13.4445431553973
16.6325,-60.3101753995038,-125.146168425443
16.633,-7.22945841225956,-228.663305981141
16.6335,39.5721702408877,-242.831975905641
16.634,54.6539533340293,-183.443696847267
16.6345,35.9092820564495,-131.583290385871
16.635,5.98421905365019,-159.378921540723
16.6355,-8.96850246866526,-262.011016124559
16.636,0.581972689270038,-367.335565636174
16.6365,25.6470374468945,-410.635518195995
16.637,50.2142818743603,-392.424868477445
16.6375,63.462143881846,-362.106973001973
16.638,65.3966003736402,-356.924937536387
16.6385,63.2530076040566,-368.320795557423
16.639,61.6319358649116,-363.031507612111
16.6395,57.295562435771,-321.761538521066
16.64,45.8896854592889,-252.38886982561
16.6405,31.1327260537579,-176.130892138447
16.641,22.0456833012953,-110.292848574333
16.6415,21.5621943825153,-60.7305162861286
16.642,23.2702893170933,-22.7068618103455
16.6425,20.2823766512604,12.4807604668915
16.643,12.4747721394644,49.1041253782843
16.6435,3.4779384204471,84.527967679489
16.644,-4.74828327059142,113.453218612806
16.6445,-11.4891458856758,129.926987380583
16.645,-14.8224038641417,125.406303045558
16.6455,-13.1048638818176,93.9206486015593
16.646,-7.7988490346538,45.1701004846379
16.6465,-2.56674277947089,5.44124832304858
16.647,0.351208636587938,-4.38570632018623
16.6475,2.10124043812474,9.85369809431195
16.648,5.46889601966171,23.3669303482065
16.6485,10.6417832057272,19.2285518815341
16.649,12.9172428022121,-0.29917488370727
16.6495,7.13293120984511,-25.9591078869973
16.65,-4.57037806518778,-51.455738205091
16.6505,-13.3143047260021,-67.0810374698281
16.651,-15.0428500883225,-56.2712578303159
16.6515,-17.3369716224754,-11.8038120408136
16.652,-28.86268251564,46.855403988033
16.6525,-44.8822636789864,84.3317772512868
16.653,-50.8759112562373,83.1101404701046
16.6535,-40.071921870306,61.6298107870212
16.654,-19.9039792798354,52.3887928870811
16.6545,-0.664804318312006,63.2432578359717
16.655,13.9079466390212,67.746411293613
16.6555,22.5078874079476,37.1888407771867
16.656,21.8122045279879,-24.5365342243633
16.6565,12.3069135213964,-85.9001863837346
16.657,2.77007663366633,-122.915595913767
16.6575,2.17815852662345,-136.808702457902
16.658,9.88347873554222,-136.594323515672
16.6585,18.5375825916676,-120.906319104938
16.659,23.6550823836313,-87.135569782901
16.6595,25.4694796043038,-45.7823276526198
16.66,24.3958253396861,-10.2701406478928
16.6605,20.5293771534926,20.9007366859798
16.661,16.2366696711059,56.2914163166696
16.6615,13.8050427055306,90.0374091929395
16.662,10.8044041934692,105.370949842054
16.6625,2.40355176345406,98.9092412882901
16.663,-11.3553878617869,83.6957959058731
16.6635,-24.3493989261242,65.4978129087262
16.664,-31.117395562638,34.4803794212245
16.6645,-32.0544590726185,-12.4995193417156
16.665,-31.4564466066006,-58.4688492067081
16.6655,-32.7750678501358,-86.5419130625452
16.666,-36.3695079859326,-100.55268112721
16.6665,-40.2090064167033,-113.834026349142
16.667,-42.1637362309024,-128.772417640184
16.6675,-42.1914268532433,-140.050317032164
16.668,-41.9159630436491,-147.787597376732
16.6685,-41.7931650463885,-152.731343902963
16.669,-40.0507130122987,-145.958230367582
16.6695,-34.8836132657598,-118.427634513582
16.67,-25.5902377032901,-75.3686465664506
16.6705,-10.8370083466822,-26.4578551163716
16.671,10.8645768180594,33.5907817896862
16.6715,36.5391544660501,118.125798727442
16.672,57.4485836836599,222.942362039473
16.6725,65.9081506457647,321.670711718405
16.673,62.1571629792991,387.699883627389
16.6735,52.1647054269602,411.23126822642
16.674,40.7945837781182,399.324393699471
16.6745,30.1019229328364,373.087107154186
16.675,21.8847089961053,360.418907289446
16.6755,17.3531547858925,373.404466853112
16.676,15.0048912773722,393.029356692062
16.6765,12.6712556278753,392.414377939074
16.677,11.0737060473697,371.880434248684
16.6775,11.5897654361166,348.992122056754
16.678,11.2186352929548,316.186612645853
16.6785,4.58696218086394,241.028099768443
16.679,-8.01879050598396,120.273563642394
16.6795,-18.5733544829089,2.47454697299545
16.68,-19.1699585892422,-66.6651552502242
16.6805,-9.74137265308551,-98.6985880627587
16.681,2.81532336521449,-135.318494572349
16.6815,10.756170713526,-186.037005121056
16.682,10.369597490612,-228.187974668752
16.6825,4.20971393423765,-260.101813784431
16.683,0.0921559018021757,-312.849497329338
16.6835,4.86105381903116,-398.80364466322
16.684,16.629010282483,-479.97885111742
16.6845,25.089477703292,-506.976221264106
16.685,22.07880488692,-471.634589955961
16.6855,10.7051783527795,-404.119358979899
16.686,1.57589932995697,-331.659133624066
16.6865,0.697440046299578,-259.88781181386
16.687,4.01706325113878,-189.411598961309
16.6875,4.41448687648732,-131.426049126093
16.688,0.911305981971819,-100.810382098552
16.6885,-1.96067430596592,-100.840947304717
16.689,-2.56363519452454,-118.995700272218
16.6895,-5.49319440938579,-136.782830615087
16.69,-14.6173571748315,-143.633475000449
16.6905,-26.2235642505817,-141.544642540095
16.691,-33.2485725469577,-135.662459018749
16.6915,-34.8974388989612,-123.222566429055
16.692,-37.0690843845425,-96.4631704398081
16.6925,-42.8107777976902,-54.4030650633841
16.693,-47.5413900135693,-4.94228471316562
16.6935,-45.9834300310791,43.8144425145692
16.694,-39.2674830875433,86.5874254333452
16.6945,-31.7882368608394,116.518631269231
16.695,-24.9311472542366,129.451138360653
16.6955,-18.1980077219611,135.968597611517
16.696,-13.3027731845288,157.35581316038
16.6965,-11.807144448647,200.925657006318
16.697,-10.4837356425125,246.005149643217
16.6975,-4.4384954532006,262.447097891193
16.698,5.77997236473618,239.307056284659
16.6985,14.9821598843014,190.200558095068
16.699,20.6918202494226,136.123682481648
16.6995,24.6338744710222,89.7520921965155
16.7,26.9458224241287,51.4814319561652
16.7005,24.6056217070845,11.9642241715789
16.701,17.3390183045857,-40.2811277710811
16.7015,10.512139965888,-106.871735269879
16.702,9.73295483823749,-173.850459261085
16.7025,15.5013212768301,-219.499656498094
16.703,24.4297229374654,-225.535828344234
16.7035,32.4486441805962,-180.943186582148
16.704,35.7781839443593,-84.6392096459439
16.7045,32.799238383398,46.7915873791849
16.705,26.978772826426,178.624222602287
16.7055,24.2697179557577,275.635076414164
16.706,25.2362251410017,322.591214663239
16.7065,23.2571973705242,325.50046190842
16.707,13.4970717907435,297.599204754987
16.7075,0.567245378537418,250.156460061286
16.708,-6.39650765631439,191.983820587498
16.7085,-4.25189947480136,127.856853505522
16.709,2.18523240810372,57.50950676152
16.7095,7.3465188912894,-16.6019180162508
16.71,10.2052773682685,-81.7875792522038
16.7105,12.3341128854955,-123.961655433977
16.711,14.0113760284112,-144.197137523846
16.7115,13.8600407898135,-157.130083163652
16.712,11.0974864890921,-169.936533275586
16.7125,6.75680404878144,-171.347088968742
16.713,2.44343404714863,-147.265925826444
16.7135,-1.62892187043636,-101.670304813697
16.714,-6.41864218114598,-55.0912052029259
16.7145,-11.6374151289215,-24.4213006200122
16.715,-15.2546975807933,-10.1060567808075
16.7155,-16.8811372274308,-3.12954645324699
16.716,-19.6779636260718,1.37064324976996
16.7165,-25.9368812914662,1.57742621313043
16.717,-32.179001078166,-2.3532408176526
16.7175,-32.750822405769,-3.31463817007211
16.718,-27.9273975877575,6.01366547277611
16.7185,-23.8921263443718,25.1819845352636
16.719,-24.178906582963,49.2504457374577
16.7195,-26.003040285138,76.5004875097144
16.72,-26.386170978483,105.17497921951
16.7205,-26.6325306024809,124.715664242742
16.721,-28.0943455819447,122.504289885768
16.7215,-28.5132273485906,103.074517431699
16.722,-26.3393664374475,88.5656261213244
16.7225,-24.3827216888885,91.8174395720608
16.723,-24.7581890464899,98.9818923227792
16.7235,-23.8844384274768,89.0551764440375
16.724,-17.4363106569823,60.8154068591481
16.7245,-7.161934020222,26.560438074612
16.725,2.64169582001403,-11.2363682163471
16.7255,12.7966219516533,-55.6505363094179
16.726,27.0138517635902,-90.604442805657
16.7265,43.2726050965682,-86.7028509684715
16.727,54.1341745962303,-42.104703400695
16.7275,56.2747441748232,2.22464518486255
16.728,54.1469000490875,5.09146454966786
16.7285,53.017842739211,-27.6113732296069
16.729,53.208377299145,-54.4827584040487
16.7295,52.5784395675828,-51.5855705188793
16.73,50.1614141011153,-36.8131724032858
16.7305,45.3625328265734,-40.7956538613701
16.731,37.1107364150771,-68.4617199752555
16.7315,25.4864906332296,-97.1650427356986
16.732,11.3563804569879,-105.857947336627
16.7325,-5.86076117783481,-97.4173126824513
16.733,-25.6838888417701,-91.3655422963052
16.7335,-41.148815787474,-99.0173707327316
16.734,-42.0119304245134,-110.875916643174
16.7345,-27.0254002529641,-111.067160016009
16.735,-8.52054940618614,-100.598597462633
16.7355,-0.266702255994329,-98.8871344743108
16.736,-3.7384141113659,-120.52419952397
16.7365,-10.4294110028104,-156.968673744045
16.737,-14.4822780177102,-185.176735806319
16.7375,-17.5755386634734,-189.437647189437
16.738,-23.1823919346431,-170.563036196065
16.7385,-32.0224223215597,-138.765769291916
16.739,-43.2590799194973,-103.786550964841
16.7395,-54.9893209180305,-69.0382994634357
16.74,-62.659946223122,-29.3604646795151
16.7405,-61.6336625082538,23.6624501591733
16.741,-52.9054078875192,88.6112742573173
16.7415,-42.514095126345,147.881984589052
16.742,-33.9348571161216,180.233519010723
16.7425,-24.9447638011947,179.927081667826
16.743,-13.4299983363519,159.689773190954
16.7435,-1.4068368417012,136.25514402438
16.744,9.66420143913979,118.278529594896
16.7445,22.5033354931537,107.541506835233
16.745,37.8564922641003,104.469121873848
16.7455,48.5828038179313,108.441945544891
16.746,46.7867168107876,116.056565032986
16.7465,35.5420825518194,123.015001142734
16.747,26.8259896656521,127.520490733033
16.7475,27.6787639887491,130.411850390072
16.748,34.6237318475395,132.18561020716
16.7485,42.0344624499999,130.752776105053
16.749,48.4133920816936,122.931142913646
16.7495,52.2356358843992,108.890720865029
16.75,49.9104545918834,94.2178477093578
16.7505,42.9311764358641,85.0887561049763
16.751,39.6949187871751,81.0194837399739
16.7515,42.999635401007,74.8078546833315
16.752,41.6807652984187,59.7846433459304
16.7525,23.814689900182,33.849947388643
16.753,-5.45994911888705,-3.34391831549859
16.7535,-29.0742711233601,-50.9501781376278
16.754,-38.7879429654804,-101.655646007041
16.7545,-40.2259946139847,-141.375430346471
16.755,-38.0194208646731,-159.116263370387
16.7555,-28.753028135288,-154.112519862527
16.756,-12.3632317483517,-130.804143828343
16.7565,1.33941702373858,-93.0498216308185
16.757,5.12116315755643,-48.0638154492674
16.7575,5.10212218486311,-8.32538573233128
16.758,11.0467984729787,19.4135554472546
16.7585,21.7022831492095,41.3943991006149
16.759,27.2987502216258,62.6828354149564
16.7595,21.7848027492106,70.9167973928027
16.76,5.48795036579263,48.661455396236
16.7605,-19.1568965868706,1.11474898109452
16.761,-45.8176437202295,-44.043448098904
16.7615,-62.1579674379785,-67.8786779920221
16.762,-59.6547205000924,-76.8027303254813
16.7625,-44.8496274313388,-82.6303336767432
16.763,-32.6293554876114,-82.2929277579431
16.7635,-28.7164272970552,-69.266424172425
16.764,-26.4053037632562,-51.8684753952792
16.7645,-20.0622494846179,-42.670441710881
16.765,-13.255220525299,-36.0343018632818
16.7655,-11.9371438464275,-14.5711608052552
16.766,-16.5314300052301,22.1519939284993
16.7665,-22.4695428340344,52.0099641964713
16.767,-22.9885038655154,57.9996847869307
16.7675,-11.3882011065493,48.2150619464655
16.768,12.3244129525477,40.8699221196188
16.7685,36.1981130450525,39.3672980360981
16.769,45.3494327677927,31.635057348962
16.7695,38.0804887854901,8.68580859524264
16.77,25.8972384331441,-25.4171057237763
16.7705,16.1854605722155,-60.4628737539629
16.771,4.12899754731239,-89.5324259486148
16.7715,-14.2770785666013,-110.306904978645
16.772,-30.7504696534669,-121.338337639354
16.7725,-33.8798718978003,-120.011502795021
16.773,-23.7227695157287,-104.884211303559
16.7735,-9.73382430999991,-79.7680775127061
16.774,1.68970316184209,-52.8808178319297
16.7745,10.4988420114763,-29.3915316627055
16.775,17.0930081734168,-8.14498189825194
16.7755,20.5960068174576,8.72416300027484
16.776,22.0400338633788,7.098133056622
16.7765,23.4598826471259,-26.1026402881784
16.777,24.1064023542938,-78.9264635712925
16.7775,21.669833130535,-115.974628796104
16.778,16.3177084507669,-112.082420679292
16.7785,9.96370659780364,-75.9923313756469
16.779,3.14041860294637,-32.7671799607402
16.7795,-3.69423125001702,7.3358500505546
16.78,-7.61353451143358,50.376794842412
16.7805,-6.19183158279281,97.9211990119939
16.781,-1.77159771610526,142.014804414683
16.7815,0.971868819629066,177.837789640297
16.782,0.487228313161596,203.32412628538
16.7825,-1.83666338867043,206.048488238368
16.783,-5.21617747239318,171.57647766935
16.7835,-8.95674856769603,112.745398648798
16.784,-10.5885480885668,71.3855446912299
16.7845,-9.20064706165079,75.7038679485607
16.785,-8.93435602122475,108.106545414677
16.7855,-13.9240591744665,131.028082709034
16.786,-20.6607543954996,134.888081109695
16.7865,-20.8148129927939,140.787188399788
16.787,-11.6554898726409,158.979731116525
16.7875,1.50683897897213,165.904337023896
16.788,13.6434022334672,129.80338946191
16.7885,25.1296079113239,47.3057305423938
16.789,36.6255711932681,-52.4640655412071
16.7895,44.0192774643933,-133.184925877261
16.79,42.579307359426,-176.319172186867
16.7905,33.8055744452774,-187.571309874603
16.791,24.4539372293269,-184.717250078847
16.7915,19.3194474543858,-178.419467314375
16.792,17.8079732088679,-164.985576983391
16.7925,18.079771750338,-139.215185304329
16.793,21.8319135407425,-108.7255041472
16.7935,31.8348520818327,-87.5769277787836
16.794,44.7020593855944,-79.1953293397291
16.7945,50.1380143559221,-76.0312183999333
16.795,41.0183893590742,-74.3170150193631
16.7955,22.1405695031819,-76.3812379780986
16.796,4.28878214387367,-77.4515427143061
16.7965,-8.97340685769339,-64.9694917352497
16.797,-22.2868804411321,-37.2009907581023
16.7975,-36.8733491673739,-10.2726174240189
16.798,-47.0018862961905,1.73942624367371
16.7985,-51.0198812178891,4.68451553931152
16.799,-56.3724394508027,15.0027061797005
16.7995,-67.180047514837,41.3252737417496
16.8,-75.3670094522643,81.7973997676039
16.8005,-73.3716684476818,128.262534789964
16.801,-68.564338760443,163.691775251073
16.8015,-72.8399464393231,168.098456257927
16.802,-81.8571154391482,141.949924081531
16.8025,-78.3742889293524,114.536069671864
16.803,-56.2371088236877,111.926990663291
16.8035,-28.0757296718465,122.869429495501
16.804,-6.66586082848359,114.962920237866
16.8045,9.06108230430427,79.8702398319504
16.805,24.4806736196771,39.8520460644758
16.8055,37.0827621315194,9.17929209120577
16.806,42.0372502366394,-25.0157098223662
16.8065,42.4053357881456,-73.8488324903079
16.807,45.050976330144,-121.700898388321
16.8075,50.3865779074829,-147.35345293011
16.808,53.3004215571365,-154.365627092036
16.8085,51.7816961273145,-160.577196041764
16.809,49.0333074079769,-166.680105260522
16.8095,48.8713845534763,-155.404985556262
16.81,53.1218448007524,-118.226536560212
16.8105,61.2843915985781,-64.5193516639759
16.811,69.0857005655321,-5.24849098680908
16.8115,69.7602042149769,53.9729578791002
16.812,60.2375612164683,100.967520351951
16.8125,44.0645362567873,117.13037089345
16.813,26.1391953168899,99.466257072394
16.8135,8.20955610493583,69.7495799665482
16.814,-7.80869145415413,50.3603551870929
16.8145,-17.0824245303753,39.6474610584617
16.815,-17.5560668483237,22.6162182414592
16.8155,-15.2328562369638,-1.53977604355703
16.816,-18.6694029642581,-18.1389490127952
16.8165,-30.0272881496036,-22.0478383564433
16.817,-45.2060824503371,-28.1428614367505
16.8175,-59.8171479460481,-50.217475178487
16.818,-70.5080792800522,-80.1644133117363
16.8185,-73.4532379903017,-97.8481896540855
16.819,-67.4864409901017,-95.8370453296403
16.8195,-57.4760406167823,-83.5855961626906
16.82,-49.3740238770941,-69.0216471003757
16.8205,-42.8005911691215,-47.8377200785541
16.821,-33.4934884946333,-14.7249048176474
16.8215,-22.302447558099,24.3074984447777
16.822,-16.1228287848719,58.0727860980333
16.8225,-19.0881796871645,82.522496692351
16.823,-27.3910514266134,98.4520135130506
16.8235,-34.0773275580137,101.094477933558
16.824,-35.1517309086597,83.2568790127927
16.8245,-29.4871073171495,50.2025014413579
16.825,-16.4574159532716,22.2477929676114
16.8255,2.99029676269443,18.0443143900687
16.826,23.7754408603552,39.6981536650385
16.8265,37.8382840936589,75.5671126650117
16.827,39.6943235359552,111.207815805877
16.8275,31.5880961735657,135.385343499867
16.828,22.2336057269485,142.623202793603
16.8285,18.5699368114087,134.243441792187
16.829,18.9127946263779,112.283117920163
16.8295,16.3285851214032,71.6145746869171
16.83,8.17840326651099,7.17326263843194
16.8305,-1.14375107211303,-68.165553252956
16.831,-6.74354646647702,-125.022502598307
16.8315,-7.64610852700105,-144.62058699257
16.832,-3.84375585192289,-134.250223911147
16.8325,5.27224830623597,-107.938830060559
16.833,17.2348317704094,-65.8830652574694
16.8335,27.3898980293786,-7.5741411325873
16.834,36.9224522402392,48.1673006993405
16.8345,53.2785596396068,78.517876482229
16.835,77.1707566121118,85.2176008257315
16.8355,95.615920999187,84.6343864221875
16.836,95.4376044014153,74.2195590699922
16.8365,79.0071776454274,37.5674795085754
16.837,59.0554481049357,-15.3010764510828
16.8375,42.8430495652499,-45.3446052235305
16.838,30.627089080354,-35.6925200231041
16.8385,24.9758884900094,-18.2456129024009
16.839,28.9326044637648,-30.8278041066166
16.8395,35.6433541237623,-70.8523907691412
16.84,32.1439508246007,-112.521118400422
16.8405,15.7211328375376,-147.859652709813
16.841,-3.59636103652704,-182.994950783128
16.8415,-18.8839580618632,-210.429809787337
16.842,-34.106860069449,-217.463888846577
16.8425,-52.7913270032532,-213.848325131769
16.843,-69.6431851565528,-219.334361564063
16.8435,-78.8978198396997,-227.004913094144
16.844,-81.5602777964565,-210.15335682619
16.8445,-77.9028841264448,-166.669219135359
16.845,-61.6774011440205,-125.845211364484
16.8455,-30.2915846283132,-105.002254596706
16.846,5.65120679102816,-87.8566003926058
16.8465,31.455553195377,-55.9365020727653
16.847,42.4890183106258,-16.1578627511923
16.8475,42.3893159882786,15.5189628665019
16.848,33.0052713031775,37.5620160025521
16.8485,15.206027613932,59.6087512634274
16.849,-4.55798877736915,94.794128950916
16.8495,-18.8744012951422,161.098597368939
16.85,-29.0959351239273,263.440747600832
16.8505,-41.069715345776,362.415762080524
16.851,-51.6965558752805,390.592532889731
16.8515,-49.7675852286572,322.89560949501
16.852,-32.6991040004799,210.499916370822
16.8525,-14.114238139847,124.649530993593
16.853,-9.98700744147756,87.4921295570556
16.8535,-22.0643406130694,78.4880504123685
16.854,-39.1041933166024,82.1700589852596
16.8545,-51.0625829248229,96.9979365358581
16.855,-57.5427893292373,117.030610046294
16.8555,-63.0021224283838,142.76984582999
16.856,-67.2021686880765,197.320447758088
16.8565,-63.0923631308613,290.992240708129
16.857,-45.4844875585291,376.031703953263
16.8575,-20.5063267239263,381.155709100215
16.858,-2.0652121754351,297.407249463028
16.8585,3.25028349382432,190.664714103062
16.859,3.79774704829926,117.233339754936
16.8595,11.6469585215211,62.9957075561617
16.86,27.2251582684334,-15.889984006282
16.8605,40.5267178539415,-123.934874318945
16.861,45.2560810250863,-223.962626908407
16.8615,45.1216851542514,-283.643134540552
16.862,46.1125549459409,-299.30489547822
16.8625,48.5753014230402,-284.262474496285
16.863,48.5628666847219,-254.049351982777
16.8635,42.8270053510533,-219.52685754331
16.864,31.1035670757058,-183.771673653724
16.8645,16.6354417735854,-149.945207100526
16.865,4.9886755965865,-133.17211002837
16.8655,-0.633315352003135,-149.063214541725
16.866,-2.76756869624224,-185.692815732148
16.8665,-5.44889681391428,-207.241593248097
16.867,-8.01803650756576,-196.556518576426
16.8675,-7.59170866174278,-174.980485561659
16.868,-6.14256012766912,-166.285006776589
16.8685,-8.7008543906447,-160.979932947911
16.869,-14.4118555093584,-136.248196899364
16.8695,-16.367185716421,-95.2521823116981
16.87,-12.09015029386,-62.7256958038064
16.8705,-7.42034961947917,-50.095368474549
16.871,-6.91882303002507,-46.6890785679428
16.8715,-6.85223909274758,-40.6190545463139
16.872,-2.34942908943366,-29.2502452869645
16.8725,3.75896890071841,-12.2677966365284
16.873,5.15373308039392,8.30843580959013
16.8735,1.88833109154053,23.0000821720591
16.874,0.152919614070054,24.1872248857289
16.8745,3.37557108189134,17.9440372938148
16.875,8.46595923179942,13.7768744403039
16.8755,11.3520715160228,7.43317028075805
16.876,13.4607844343346,-11.3136407951826
16.8765,21.9773421576548,-37.6048082751526
16.877,43.6990026003895,-53.6043268663395
16.8775,76.7748434174424,-49.7683998450438
16.878,108.337524945411,-30.5807347834917
16.8785,123.920169317798,-2.07258372096885
16.879,120.986174325317,32.2753433309653
16.8795,109.985750043927,65.9823445483027
16.88,100.672616742048,94.6761621693428
16.8805,91.9034727552502,125.001692418793
16.881,77.6034287639175,164.487590070104
16.8815,57.6901381149902,205.119384977255
16.882,38.2060927432889,231.969397887782
16.8825,23.8975495400059,245.169749941698
16.883,15.0467715730087,255.701796084802
16.8835,8.38013508547393,260.610985032018
16.884,-3.17546093089834,242.712498579318
16.8845,-27.135135332015,198.607163221441
16.885,-61.3285456978926,147.838845153412
16.8855,-90.7357570663663,106.754340340159
16.886,-102.606296103862,69.5864723517135
16.8865,-102.82535065577,25.340733397902
16.887,-108.112323154549,-19.0449639646635
16.8875,-122.054552912932,-43.0699556779727
16.888,-129.167189223168,-33.0736890664838
16.8885,-116.157514330911,7.50720461505992
16.889,-89.9168469639509,59.7076847994695
16.8895,-68.0693519233983,95.6737624118611
16.89,-58.2583425727605,94.0013610283668
16.8905,-54.7462778941148,57.4888799096945
16.891,-51.9376895706382,10.8329840955479
16.8915,-52.3141462261783,-24.6253181021176
16.892,-59.7933770568974,-49.3749729776594
16.8925,-71.3347374990289,-76.7804181512882
16.893,-78.6223017098945,-113.285966074293
16.8935,-76.1218006391012,-152.041205115749
16.894,-65.1438893591235,-179.976807350884
16.8945,-50.024602051617,-186.377225492923
16.895,-31.6682643469856,-168.972621172653
16.8955,-6.82991967124869,-135.994679105939
16.896,24.8457783696808,-100.526660153299
16.8965,54.9779258618451,-71.8136695286468
16.897,71.8077839318107,-53.1951818939023
16.8975,72.313221219179,-44.8200453413953
16.898,65.3038777916776,-43.5844203904113
16.8985,60.62585016594,-44.5658861036903
16.899,59.0762933541809,-48.4940032987604
16.8995,56.1941044279479,-61.6415454456645
16.9,52.2688595260974,-79.9436981188989
16.9005,52.6155953204651,-82.12204579117
16.901,58.482291235196,-53.7930112107717
16.9015,63.6494336349059,-13.276081795952
16.902,62.5844089569803,4.2206132878458
16.9025,58.1442921755966,-13.2600983789086
16.903,57.1947713449173,-46.8007001524083
16.9035,59.727227475728,-76.7764106421074
16.904,56.4396227504695,-99.5345674482612
16.9045,38.9703371650463,-112.249754986166
16.905,10.438523488326,-105.108436855193
16.9055,-17.2027492884342,-78.7401820291079
16.906,-36.2155726878747,-51.2313144340521
16.9065,-50.1871398181959,-36.3945955898024
16.907,-66.3738108529837,-28.6945769529369
16.9075,-84.1838576528167,-18.0998052536654
16.908,-95.4531286805447,-5.22646493932457
16.9085,-94.7634961378557,7.08507536541545
16.909,-84.3402219066231,22.9280244342934
16.9095,-68.4578221992066,45.7293746634083
16.91,-48.8864113178311,75.8151290826758
16.9105,-28.3717341553786,120.803150731444
16.911,-12.6474127096405,186.788048521287
16.9115,-3.24836673365916,247.847950848132
16.912,8.34161539253703,249.398768958155
16.9125,32.4425264643697,165.83789314436
16.913,67.0323759041641,40.9855906027831
16.9135,97.1265948435458,-51.2141264528859
16.914,109.38785883204,-77.6522413951387
16.9145,103.496899111519,-60.9684988967798
16.915,88.427510063835,-37.2474909982574
16.9155,72.4194186962386,-22.184039243472
16.916,59.6828996556682,-11.2913278189328
16.9165,53.4498604274475,10.2401988796646
16.917,56.7438881417962,56.0334828179888
16.9175,68.2693738080672,118.880933995686
16.918,79.2486046197524,166.924849716644
16.9185,77.4592412768707,176.692869292657
16.919,57.7657613578016,162.508024350779
16.9195,29.62598911614,151.872256629657
16.92,10.6350535913339,139.090576834808
16.9205,8.66007154508482,91.2930294772929
16.921,12.1742860498138,0.930773960349277
16.9215,3.37117974266364,-94.9408241542615
16.922,-19.767430017144,-153.602510526524
16.9225,-40.967513289231,-161.380184150464
16.923,-46.7636340039579,-123.745914634687
16.9235,-42.7925147336454,-48.2110294641788
16.924,-43.968033325808,46.6960094375373
16.9245,-54.5753565741454,125.716187554722
16.925,-66.5805903524275,161.896890168573
16.9255,-74.5592409776383,160.144278432927
16.926,-81.1461732665997,142.386395048907
16.9265,-85.2223926033385,117.05215834335
16.927,-75.3811586185015,76.5287918219449
16.9275,-44.2441873569165,19.2937884432544
16.928,-4.96133449446598,-39.4347313711782
16.9285,16.6793678378189,-80.2766240872547
16.929,8.42259316232154,-96.6176886895423
16.9295,-16.4756706568206,-100.018190860466
16.93,-35.9373053055152,-112.310390933505
16.9305,-42.1175489230844,-148.216140038763
16.931,-43.2203579450527,-199.968038679339
16.9315,-46.6162975217021,-240.147370741395
16.932,-48.1363754758514,-242.725823893218
16.9325,-39.723616477595,-201.461047218746
16.933,-22.2818774889297,-130.83658679115
16.9335,-6.82672123279642,-56.428995246448
16.934,-4.36018852040326,-4.89732144918055
16.9345,-16.8276032035423,7.00431085668393
16.935,-36.5128982987747,-17.0939567700847
16.9355,-51.9452385629477,-53.6999364018307
16.936,-55.6324118905414,-74.1544533512297
16.9365,-48.9586465717253,-61.671699092245
16.937,-39.5659577193187,-19.0782594957576
16.9375,-31.9890326066044,34.7483522180864
16.938,-21.4629024975293,77.7831258293469
16.9385,0.203770171380954,100.291687830016
16.939,32.5450399715172,108.450909662312
16.9395,63.6935551628811,111.500995853889
16.94,81.5854630277785,110.559617016738
16.9405,85.6111806976171,104.196158786065
16.941,84.900827140974,95.7533955950914
16.9415,86.9712508515546,84.1403753459176
16.942,91.3636337105661,55.1871566413294
16.9425,93.8884563351257,-1.07487252563563
16.943,92.9374101358044,-66.7252857855777
16.9435,89.1185869204536,-107.400262505144
16.944,80.7252092926494,-110.567177704345
16.9445,63.2390268149132,-97.4760091044167
16.945,34.4066450115262,-93.2703201452479
16.9455,-1.93566548148609,-100.289102494868
16.946,-38.4692230189067,-106.562570714561
16.9465,-69.899780234581,-104.998324480203
16.947,-94.5402845503257,-93.9493908919292
16.9475,-111.379761440781,-70.8884892628743
16.948,-117.957760750808,-37.7647484513964
16.9485,-111.518995971239,-5.96436138935557
16.949,-90.4382387623702,13.7368353282037
16.9495,-54.4897800434463,22.2516720992088
16.95,-6.9692247937255,28.2224347065689
16.9505,41.7007018289144,39.0510327207885
16.951,76.0599351318257,59.6352640093609
16.9515,86.1490381267442,91.406830472339
16.952,76.1411150333011,126.726243351083
16.9525,59.7498927494068,151.306129799986
16.953,47.3968201867213,156.899672683396
16.9535,40.6088317575174,144.969536664673
16.954,37.7429232534465,117.036794893252
16.9545,39.4876291999503,74.0746375662331
16.955,45.947320070092,29.0087516597607
16.9555,51.7451585789945,3.28530064939092
16.956,47.8973150380571,0.940732943861094
16.9565,28.36835965192,0.139108411790401
16.957,-5.87461290731689,-17.4184575736988
16.9575,-46.8768106282793,-41.984338493708
16.958,-81.9045453345975,-54.9956831861464
16.9585,-98.6451156350861,-59.1836557498402
16.959,-93.0169720641634,-68.8473409615366
16.9595,-73.0225590696438,-77.9854824226913
16.96,-52.8178733666122,-61.7107586821087
16.9605,-41.4978446880528,-10.09846960395
16.961,-37.5490459579739,59.0979808589907
16.9615,-33.7456346041262,125.483242847484
16.962,-26.4105578569357,186.268589472028
16.9625,-19.1440731247244,243.312212525872
16.963,-17.0290403330509,283.120491954323
16.9635,-17.7203151507322,282.353183161932
16.964,-10.9590798347899,230.909365331907
16.9645,10.4381970421669,143.792460426745
16.965,40.508827371715,50.3787338557891
16.9655,64.8378265667323,-27.6390208944307
16.966,75.2494747625891,-89.8671757544864
16.9665,75.825603431183,-148.514194300332
16.967,73.9524815211812,-205.442251602645
16.9675,70.7279267815959,-243.36099997589
16.968,62.6808748360634,-244.90908290025
16.9685,47.8050917616721,-214.625165412792
16.969,25.7775953252047,-173.070413411598
16.9695,-3.00368853065603,-132.332936989351
16.97,-32.3459113229143,-87.1945429118583
16.9705,-47.3888930598772,-29.9378419911569
16.971,-35.111623784644,35.2027680998149
16.9715,0.826758438264162,93.4359163920237
16.972,40.800485945919,128.128261535287
16.9725,66.0644623176443,127.732997588631
16.973,71.372840464323,92.0208224535001
16.9735,61.598548312339,35.3525702433055
16.974,42.5233897746104,-19.4149119899331
16.9745,18.201930860518,-53.4449814062628
16.975,-6.92831272049878,-61.4928133375849
16.9755,-27.800833012543,-54.6358481727423
16.976,-39.9946358200192,-53.5474200479053
16.9765,-40.5731299228733,-69.329688284629
16.977,-30.4519965060654,-86.6315240405457
16.9775,-17.0045365071726,-77.1631402815844
16.978,-10.2718526019018,-38.6572715746749
16.9785,-13.4989359701126,-8.49814093433537
16.979,-20.2535835221139,-24.4002545023902
16.9795,-24.0375989495365,-79.8523569387959
16.98,-27.6137632305629,-134.210682377351
16.9805,-38.0229208583329,-160.088958337816
16.981,-54.3723088342392,-163.044172555367
16.9815,-67.0720958279613,-160.011569766168
16.982,-70.2082228967655,-159.990901885293
16.9825,-68.5988782261199,-165.603872614155
16.983,-69.0059822387422,-171.819898347463
16.9835,-69.1875823288223,-159.230158892977
16.984,-61.8221401484805,-108.487436561471
16.9845,-47.2776456657997,-27.2160641899056
16.985,-34.9594965801126,55.1208430767232
16.9855,-30.16276014572,123.385820153238
16.986,-26.3551836608789,187.3942993481
16.9865,-15.5575396046518,250.486924227332
16.987,-1.68767870017406,292.06523551723
16.9875,3.776353453625,295.636782125208
16.988,-2.05059766447039,273.415690073793
16.9885,-9.39204129974338,245.381293232241
16.989,-9.26464405302846,211.445765861488
16.9895,-4.05138176122056,164.132237628644
16.99,-1.17487481484613,113.644569248712
16.9905,-1.79599325480112,77.457382118404
16.991,-0.72806114628371,54.8618819961803
16.9915,5.76411507588201,32.9058868668802
16.992,16.5027682157538,8.468884279846
16.9925,27.3027195045521,-16.355038053869
16.993,32.9961617056768,-49.065561107112
16.9935,30.798834909422,-89.3142322258953
16.994,25.3569629031325,-104.94998413307
16.9945,26.4851027011766,-60.6294589384681
16.995,36.9577507289374,26.1863515409728
16.9955,46.6288676214976,91.0786437284759
16.996,45.1781570579294,96.1936820584345
16.9965,37.0478577019383,69.7633705746749
16.997,35.2884055749534,57.7654752518226
16.9975,42.7761679329416,64.791398967042
16.998,49.8165657675983,66.7333485296934
16.9985,51.0172396763845,58.7079239702022
16.999,53.4612707626157,56.0732663018776
16.9995,63.361813700769,56.1601988327824
17,73.7192898331139,32.7236910270296
17.0005,73.1823327522515,-26.2895932710004
17.001,62.3766314511087,-99.9219520407017
17.0015,53.5563631862005,-162.085290923947
17.002,55.1975519634933,-209.627118683733
17.0025,62.62504971977,-251.115168971326
17.003,64.3112850986402,-281.667795816606
17.0035,53.8244445245914,-284.212725527923
17.004,34.3706739984708,-251.079017965396
17.0045,13.2819485940381,-192.989094253376
17.005,-5.64033562903508,-127.51527887126
17.0055,-22.0226097326087,-66.0894966087444
17.006,-32.051081488415,-12.2034917169432
17.0065,-28.629807934116,33.705361506658
17.007,-14.1758914320156,69.8365112253219
17.0075,-7.37314815475601,92.0136476055488
17.008,-25.533363386638,97.5886728061758
17.0085,-60.3359590530755,91.0562295806164
17.009,-83.0257976863447,82.2896129302062
17.0095,-77.386660779697,75.4688887917593
17.01,-56.8609418569088,62.4643737760329
17.0105,-43.9578944522812,33.2391161612221
17.011,-44.4837941109262,-6.935916261185
17.0115,-50.9919117472088,-36.6495785334551
17.012,-60.2146117884451,-37.9428716172273
17.0125,-72.1827989015509,-13.4100809035318
17.013,-77.9043017973445,18.6137243881119
17.0135,-64.8053993681862,41.402333612404
17.014,-35.6727506764318,48.0238305681198
17.0145,-8.9751888054461,37.7651791537988
17.015,2.97350840686244,14.8575204285867
17.0155,5.18879349047576,-8.54605876267936
17.016,5.4307982578994,-18.4855821584897
17.0165,-0.0293902774865751,-13.597016376007
17.017,-17.3292482074199,-5.71312379758452
17.0175,-39.0101213962555,-0.00393040412161325
17.018,-48.272340691098,16.6534556965629
17.0185,-38.6193305724904,56.4203272656797
17.019,-21.1109111497694,105.788646549614
17.0195,-9.95454916767437,135.516007005829
17.02,-6.63204225246194,135.462563538645
17.0205,-2.38485207310558,125.056742534635
17.021,7.07084584560383,125.730094876788
17.0215,15.902473410741,137.279218608533
17.022,18.3336265042319,147.882682847699
17.0225,18.1507555085117,152.163422875699
17.023,22.5196893436303,146.522205322115
17.0235,30.0224123062062,118.350831665016
17.024,32.9096724469345,57.9839307129565
17.0245,30.5065391151247,-21.3857155698308
17.025,30.8784599908669,-89.7276260150706
17.0255,36.7494593672244,-125.69759750166
17.026,39.6733859783091,-127.247828108458
17.0265,33.6662873131401,-103.244859419054
17.027,25.0407292061971,-69.9119894064924
17.0275,20.3556213278614,-52.0330471336687
17.028,13.4351117971162,-68.1638478296812
17.0285,-4.00502684733592,-110.715607249104
17.029,-25.2891751012357,-155.478628177259
17.0295,-35.8774894198991,-192.69278975974
17.03,-33.3927091828297,-231.115256551167
17.0305,-25.7650781271754,-268.625254272237
17.031,-12.0941938787044,-282.269936183552
17.0315,16.1988000790339,-258.687444166588
17.032,52.400768004185,-212.653188057831
17.0325,71.9551895985218,-159.976022418104
17.033,62.6409372344459,-94.4858284145805
17.0335,42.504665225183,-14.5094831680106
17.034,35.3227068985384,50.3684254619173
17.0345,39.5665367960224,74.7469134868319
17.035,35.9297972316633,87.7351654393851
17.0355,17.3715170436847,144.682316176721
17.036,-4.73932140361402,244.406950633733
17.0365,-21.1285265645914,315.003982331567
17.037,-35.0008342320438,298.195510346819
17.0375,-49.9178859487816,214.595636922071
17.038,-60.3785845779331,124.123893336951
17.0385,-59.6588523161224,52.8745627350417
17.039,-48.5466742168695,-9.26001079064023
17.0395,-31.684403359221,-61.564874625837
17.04,-11.9217174757196,-84.6977322877784
17.0405,7.16108491728401,-75.3055286890373
17.041,18.7748690903567,-53.2334447343001
17.0415,18.6983304937022,-30.2316126076814
17.042,11.0231977081544,0.276363983552502
17.0425,3.9922569131702,36.2289127869496
17.043,1.48396620882176,56.8388984138997
17.0435,1.25589389188875,51.5707189233535
17.044,-0.136951336321382,37.4303896473385
17.0445,-3.52792308430309,32.1660392574724
17.045,-6.992019243846,27.0608976512942
17.0455,-6.6760811857149,3.72787436107349
17.046,1.42762925750569,-33.5326173185287
17.0465,17.2463712676918,-60.5233679015512
17.047,33.8476671144362,-63.4037451139973
17.0475,42.4885639163832,-50.7823127854103
17.048,42.4444337968324,-36.9713748378385
17.0485,42.3108126355986,-25.8358773436978
17.049,47.3145609607542,-12.8484148722145
17.0495,48.3264354154776,5.84797512275286
17.05,31.4981025211728,29.8180183095274
17.0505,-0.371736937227219,55.8587349294252
17.051,-25.9029500893417,81.2374347786748
17.0515,-30.5445989679359,105.27293976365
17.052,-25.2805974210459,125.811758856528
17.0525,-29.9160386331487,136.158168153852
17.053,-44.4477071133802,132.667858396539
17.0535,-51.509826388797,124.912429290675
17.054,-44.8082431456001,126.770682592034
17.0545,-37.6851662326295,134.058711158323
17.055,-39.5249834036583,125.374624599008
17.0555,-40.5508223716479,93.9043860643193
17.056,-29.6773040021313,62.4357328861498
17.0565,-13.7858996890308,49.7366686480898
17.057,-6.24708164044708,35.1764691148664
17.0575,-6.11270724275547,-16.7022953440469
17.058,-3.22485452671752,-98.6207822889333
17.0585,2.37528464846753,-156.237222653637
17.059,1.33435596917776,-151.962094252904
17.0595,-7.4384766733687,-112.029892080634
17.06,-14.0853732931547,-95.0864933354134
17.0605,-12.3313884554867,-129.322335407023
17.061,-4.58332358918321,-196.949269201904
17.0615,7.45963407566145,-266.735319910071
17.062,25.2356551962293,-317.988271489401
17.0625,44.8646842243187,-336.763095960064
17.063,57.1700420908715,-313.890753363302
17.0635,58.4969271390004,-255.2713275865
17.064,52.5150392416996,-179.42683063501
17.0645,40.6449124749253,-97.7546554465306
17.065,21.165478383344,-9.25647080986604
17.0655,-0.971800333215211,79.7659667023132
17.066,-15.1980842598799,146.828814216798
17.0665,-19.5952752371653,177.008103396831
17.067,-23.5572897486728,183.833108308029
17.0675,-32.6434260660265,190.097528424139
17.068,-41.0556091695045,195.450899844208
17.0685,-42.420025406748,182.305143902304
17.069,-36.7470943165227,150.598160423993
17.0695,-23.2980758086066,123.185291808173
17.07,-0.23546135057574,110.732501386687
17.0705,23.0554352005492,93.4076746411016
17.071,29.239147752074,51.9742439376756
17.0715,18.8355001100159,0.702048754799283
17.072,17.1515544697383,-29.4908728559069
17.0725,40.458963042345,-29.9440878485925
17.073,68.7938000489855,-15.6520765553016
17.0735,72.1064532727714,4.69042155506399
17.074,53.807156921668,34.110036861135
17.0745,44.2773305285752,61.4991569453289
17.075,54.0178730231743,57.5308436915292
17.0755,59.1043350063382,10.0841612206321
17.076,39.0032768403837,-53.913997040665
17.0765,5.93296094398649,-97.4567090921429
17.077,-16.1439890711923,-112.65202062273
17.0775,-24.888779198751,-117.497509727454
17.078,-35.6455803388413,-125.306477730351
17.0785,-54.2701039097308,-134.365065027641
17.079,-71.1326052570666,-139.414379204546
17.0795,-79.2359589933636,-133.039667905391
17.08,-83.6630109386902,-98.311072831713
17.0805,-90.9175282794344,-21.2642251673638
17.081,-98.7682334624354,84.2212390497572
17.0815,-100.47007683912,179.925204924738
17.082,-93.744487330158,238.643218355335
17.0825,-82.990944089748,264.23913520921
17.083,-75.6042274542057,271.293579257337
17.0835,-76.7382364839187,259.548916749005
17.084,-84.4903182011965,220.495690485389
17.0845,-89.4090324554039,159.259740384142
17.085,-81.0173783525918,94.1371314663563
17.0855,-55.446346432867,35.9643271935649
17.086,-16.2237092924873,-19.5414986541696
17.0865,29.785013794885,-76.8126989292397
17.087,74.2676904058355,-127.70062605028
17.0875,108.446018752042,-159.336335853474
17.088,128.479338485186,-169.517647855054
17.0885,140.186014419284,-167.712204364812
17.089,152.672323891356,-161.628409985408
17.0895,165.495734680743,-149.033196650942
17.09,167.521840687386,-126.469709488603
17.0905,151.637304784019,-101.60691431106
17.091,125.464295266637,-87.7962896686755
17.0915,102.54063162166,-83.6760372454295
17.092,87.0913997783315,-67.6365441294923
17.0925,73.8917245846448,-23.3180199111771
17.093,59.0777284451198,32.380106495456
17.0935,40.9549396150203,59.6798684623027
17.094,11.5580388298382,38.3359824603296
17.0945,-37.6650089819387,-10.1097693368468
17.095,-94.3867921512113,-48.8254155381317
17.0955,-122.35524715144,-65.5015337460512
17.096,-95.3262878961441,-74.7099725711838
17.0965,-30.9563284924612,-85.6934207042836
17.097,22.7626615961194,-84.3808991757281
17.0975,35.6039711515912,-54.5614133344178
17.098,18.4769694628266,-6.70245681107791
17.0985,-1.1980944403963,27.5715625197551
17.099,-12.095748052522,30.0781330909321
17.0995,-20.0220322693888,15.3535720561458
17.1,-29.4892434009805,11.267061031365
17.1005,-37.3444646757364,28.4426916531349
17.101,-40.1347035212131,56.3460789974369
17.1015,-37.8212027185659,82.2175140124575
17.102,-32.1077374459164,99.6796971360343
17.1025,-27.3637468307277,100.349075520951
17.103,-29.3812516121004,76.2361011071882
17.1035,-36.5533595203478,39.89710913658
17.104,-36.8476747609003,26.1761248666472
17.1045,-21.9386753507587,56.3977093256041
17.105,-1.24832500901139,108.672903111342
17.1055,6.63193658167059,141.83622074543
17.106,-5.29059962746992,144.763272624747
17.1065,-27.5325209292005,142.338270768923
17.107,-47.1325335268123,153.004240006193
17.1075,-57.1175830415648,163.20122598867
17.108,-55.8383173056581,152.189169854146
17.1085,-47.1223779840635,123.313726870932
17.109,-40.501697322819,97.2158954105153
17.1095,-41.6799827052131,86.1911114915571
17.11,-42.8116739618512,87.721538798186
17.1105,-31.7528797021273,94.1184640414368
17.111,-11.1075160324712,96.9878831462442
17.1115,2.22906146550317,88.8163296824206
17.112,-2.01177200824632,68.2741595847408
17.1125,-16.802231929722,36.2778199161839
17.113,-29.630422787229,-17.3021559759463
17.1135,-34.5955115140373,-106.99002158083
17.114,-30.3139507760554,-221.746702817714
17.1145,-17.0120982886609,-320.413917758562
17.115,-0.625066802948292,-374.503157602865
17.1155,9.59120703753931,-398.146252142614
17.116,12.4667229767236,-412.758213960868
17.1165,15.6818528535517,-400.18159681656
17.117,21.8845765330993,-326.530639932016
17.1175,24.3639069752309,-205.589629990169
17.118,20.752547087244,-98.087081456264
17.1185,18.8720384793431,-41.1053874153911
17.119,22.0128415482812,-14.0050858486905
17.1195,20.9241504967282,12.6423353138313
17.12,10.6633492377609,29.6573689119627
17.1205,4.13794099251085,15.0362555326022
17.121,15.5152187172641,-18.7954576056836
17.1215,38.1340881895398,-32.5881525734962
17.122,53.340280020083,-1.77101290976345
17.1225,56.5913284607096,70.9071448059797
17.123,60.7001848712296,168.04124476925
17.1235,75.0999684878481,258.174114629131
17.124,94.6623704804982,298.941452239169
17.1245,108.986692810479,271.985451835496
17.125,111.745656951012,211.225284437641
17.1255,100.11740790793,168.776934935976
17.126,74.8032593710635,153.263425024893
17.1265,42.7665836759543,127.162727831734
17.127,13.2895434594708,65.3192117460472
17.1275,-9.49633820604892,-11.8549355475434
17.128,-25.527010593632,-69.8032701285565
17.1285,-32.8999707011562,-98.821829023945
17.129,-29.8678601803072,-110.546163195813
17.1295,-20.7540184946694,-116.760244532545
17.13,-13.3650961218318,-125.687770269397
17.1305,-12.3821764565652,-143.359978822077
17.131,-19.8030302898285,-164.269998796633
17.1315,-36.120035797395,-171.221104062662
17.132,-53.9192785104687,-154.699610566307
17.1325,-57.6218111764414,-121.912413375634
17.133,-40.4539892301823,-79.3718387109766
17.1335,-16.1492791589969,-21.6412102238786
17.134,-2.5391776873278,51.0107805557771
17.1345,0.0665190995180765,118.319415182303
17.135,0.816538906622871,158.928101761971
17.1355,-3.25496950201996,173.140626896873
17.136,-20.894534470599,172.127694839962
17.1365,-42.3488350813047,155.586104679743
17.137,-44.9929229073539,119.046731465535
17.1375,-27.0777127058268,76.1414185363626
17.138,-14.2929170933467,51.8077545943161
17.1385,-24.575815323869,52.6948279479822
17.139,-45.1135343072557,61.2316525582264
17.1395,-54.4325436428597,60.8822113272737
17.14,-50.1123618465928,52.6485225931319
17.1405,-41.6444811007181,44.6090118417129
17.141,-30.2400752127873,39.7714591041035
17.1415,-11.216850436557,38.596905463736
17.142,12.5068968623948,40.8769960234752
17.1425,32.6735056057553,39.7271897593706
17.143,45.3028364703751,24.2856317260126
17.1435,48.7456689935353,-6.31487687550645
17.144,40.2277888428988,-40.5441329152675
17.1445,23.5566479267498,-69.5462362768594
17.145,11.258241629745,-94.3312286185915
17.1455,9.0695787839344,-114.318468376788
17.146,7.38229277189262,-122.308295671652
17.1465,-1.89796441378477,-119.633861710306
17.147,-10.7955771917508,-123.637714605826
17.1475,-10.088203187279,-145.905653586288
17.148,-7.72019670906757,-170.818378680885
17.1485,-16.2469873000729,-171.673166750474
17.149,-30.0827280495325,-144.332136538743
17.1495,-33.0819308964566,-107.067950903194
17.15,-23.7611685694151,-66.0710576439841
17.1505,-15.0324703809516,-2.13187437652818
17.151,-11.4853364011129,96.0488304233422
17.1515,-4.91384380983392,200.515984725012
17.152,7.47321987702043,266.070273878715
17.1525,17.3578591141846,279.045009060007
17.153,20.1709143329097,263.957196702413
17.1535,20.8797219099446,239.890833459169
17.154,21.9552259846341,193.658958358348
17.1545,18.690998352838,111.200613231809
17.155,9.49559867069938,17.9397732570043
17.1555,-0.976552299817329,-38.5345357619084
17.156,-10.8227005951365,-44.1958419203968
17.1565,-20.8340561160011,-33.9472089197468
17.157,-24.4553127756549,-45.9111612219282
17.1575,-12.377021392373,-79.9720847267866
17.158,9.53137954605153,-111.231617721968
17.1585,21.7547375827855,-126.062527081319
17.159,16.4081784617516,-128.363315248292
17.1595,7.68547926961686,-122.731940253516
17.16,10.8284619389141,-111.356625795864
17.1605,23.6887898482169,-102.671942824363
17.161,36.00241126398,-105.390844714875
17.1615,43.0328233371035,-114.690144861335
17.162,40.8035631213634,-117.700766695282
17.1625,21.9290957372469,-110.508961409163
17.163,-10.4248158897862,-96.3876319161896
17.1635,-35.2905651008944,-70.9201829458019
17.164,-35.7458109168227,-26.1067955420361
17.1645,-21.0122167618592,30.8791843163189
17.165,-12.4730453358638,80.1904725873078
17.1655,-13.6683528088453,112.513868573353
17.166,-9.98832427780661,133.975078364441
17.1665,5.22419165225248,147.650844389029
17.167,21.6118798524567,150.061551979903
17.1675,30.0365304881998,148.090172234667
17.168,33.6326502346363,153.3758831689
17.1685,35.3232144451257,149.333707895547
17.169,28.2008799417133,91.4784208863511
17.1695,7.59799551686989,-35.7329043306529
17.17,-16.4744728418986,-179.647226120151
17.1705,-29.3520053379315,-263.337175855088
17.171,-29.5393923387608,-261.469351218024
17.1715,-27.4808005450085,-212.291921978024
17.172,-29.3030104154697,-164.106009776917
17.1725,-31.0598892019525,-134.92097571984
17.173,-29.1082222594819,-119.275161596527
17.1735,-26.733861143168,-104.71496015719
17.174,-26.2943772725345,-74.9923953943731
17.1745,-22.0725754876017,-19.5515235853244
17.175,-8.56102413734568,50.8003751190101
17.1755,7.39580620798936,113.169837162897
17.176,11.5635007547176,162.61955144753
17.1765,0.39092264961275,216.097184351001
17.177,-13.6477931945295,280.556356443494
17.1775,-18.1511275205053,335.120775306477
17.178,-15.1187648243956,354.338366125858
17.1785,-13.3632330697701,334.139480428884
17.179,-12.837503394874,286.122268184068
17.1795,-5.78636425800636,222.100608985101
17.18,9.01934828166343,154.815975905992
17.1805,23.1599345906474,97.730986230524
17.181,30.5121038765733,50.6951165034192
17.1815,33.5643189371333,0.192714927592262
17.182,35.2838396587424,-53.0433855600646
17.1825,32.7398036677931,-84.5225974180816
17.183,23.6241879502216,-83.7884013742125
17.1835,13.4968733686467,-85.0947843322988
17.184,11.1170835510813,-132.038359658374
17.1845,19.2341701691952,-218.932485193837
17.185,33.3602309576247,-295.743039100368
17.1855,47.2565982075387,-328.304329112032
17.186,57.2772608131495,-323.19719558222
17.1865,63.4602596378504,-291.292195923882
17.187,67.565149213204,-223.547409702233
17.1875,68.2096383743458,-120.726229623161
17.188,59.688323406682,-16.9508155996578
17.1885,40.6119083495625,55.8586778276883
17.189,21.6254019391464,110.96986479023
17.1895,15.6820887501004,182.383217750362
17.19,19.8740501548098,260.164124275574
17.1905,17.0672943738375,279.468444584423
17.191,-0.956235891532858,185.944762214099
17.1915,-22.4438025005484,-1.24355918967004
17.192,-33.3048279780697,-200.440441254576
17.1925,-34.5646942523662,-333.944323558596
17.193,-33.0435995947712,-378.884091205904
17.1935,-25.7397725889255,-362.278823343864
17.194,-8.63690663007859,-320.043758791252
17.1945,5.10153875525257,-267.247986437588
17.195,-5.60135925675943,-205.028300606317
17.1955,-40.016741750524,-143.973982171866
17.196,-70.51102957751,-105.161109054652
17.1965,-73.7415566713717,-94.3248665187374
17.197,-55.7919541572116,-87.4444427680576
17.1975,-38.5371844999239,-52.8305840789274
17.198,-30.9069414669398,18.1138811993245
17.1985,-25.6118014630363,111.170207626945
17.199,-19.4817295034935,213.235179507686
17.1995,-22.3998401303632,321.765596473893
17.2,-42.2040181884807,431.731588263116
17.2005,-71.1243425349499,527.555053460649
17.201,-95.2212944326745,592.655074041428
17.2015,-111.178895669214,618.218398067377
17.202,-123.14830863393,599.38588810473
17.2025,-125.255764809469,531.776183051571
17.203,-101.95507813277,417.816589749237
17.2035,-52.6174980364085,272.296312298419
17.204,-3.82108504726837,118.091486636874
17.2045,16.2092147545941,-21.9394296860776
17.205,9.49563020635851,-131.554773935845
17.2055,0.219030536391719,-207.645220448321
17.206,-1.20213269237045,-260.76680855022
17.2065,-6.60617957092399,-301.832253516457
17.207,-20.3691555183992,-328.126566451464
17.2075,-23.3954616264867,-330.857569866517
17.208,0.404824880139643,-315.340996291672
17.2085,38.2776841056918,-299.902572151196
17.209,66.0358546181354,-290.505481465525
17.2095,78.8907259218054,-270.340154127667
17.21,85.547261582335,-223.366215056582
17.2105,81.4778327451185,-156.549625521658
17.211,53.7079736453692,-87.6876439224296
17.2115,11.5869548121461,-21.6099485969294
17.212,-13.1613255960254,46.6059997653172
17.2125,-6.3831008589752,110.989528459456
17.213,7.91316486785175,153.899682358925
17.2135,0.128417180604149,165.609730657437
17.214,-24.6377615516555,151.711807979502
17.2145,-32.7081328120035,120.92705522468
17.215,-0.985773353678166,77.977448861042
17.2155,61.390175724077,29.2737675856838
17.216,125.200974592866,-17.5846105593513
17.2165,164.390244548358,-63.06654483133
17.217,170.421927390877,-111.870331176284
17.2175,153.651932968681,-155.456561597187
17.218,131.903869350258,-171.578521651585
17.2185,114.232232126363,-148.995348668352
17.219,97.3525105820192,-101.340409009119
17.2195,78.0930226961208,-47.134187950071
17.22,61.1276119221423,12.9722248902162
17.2205,49.8145423669723,86.1650165109638
17.221,38.6581636541373,163.387758041992
17.2215,23.4450992541012,222.133473696914
17.222,10.7378228922522,251.222831896762
17.2225,5.7289648683227,257.951622694149
17.223,-2.76090204277699,250.687445224336
17.2235,-29.5886161618744,229.812220358153
17.224,-67.1891427922326,199.278260041414
17.2245,-88.8828428272976,171.311877660266
17.225,-82.5592825211073,150.093429165611
17.2255,-66.495844045931,121.212692637599
17.226,-63.2552482553241,67.5823810430985
17.2265,-69.6078698844212,-10.7457907497335
17.227,-64.5772050462986,-100.283362159149
17.2275,-40.6774830878193,-188.965614456055
17.228,-13.7763476680321,-266.79616102384
17.2285,-2.94137685336213,-319.977203954686
17.229,-11.3406063452716,-340.227003033794
17.2295,-28.4208747325995,-338.321601695259
17.23,-41.9847037112106,-334.171756753083
17.2305,-45.5068454300638,-332.445117678323
17.231,-41.4033250313484,-321.078392301222
17.2315,-40.8783286008958,-295.921767097689
17.232,-53.612822065684,-272.006073652327
17.2325,-73.0260501362677,-262.802071909199
17.233,-78.9564457465459,-259.287657726025
17.2335,-62.0884321322149,-239.117885077026
17.234,-39.286677401025,-190.642652702662
17.2345,-33.8458588773895,-121.750243176467
17.235,-43.5033781574829,-51.5969293113933
17.2355,-41.4753915705923,1.00858427492987
17.236,-11.9930193381369,29.4204002204591
17.2365,27.7527010410448,47.1623601110013
17.237,48.8163155092437,77.3608041452411
17.2375,44.5971048544783,127.079744671443
17.238,33.6907946266265,179.409936650503
17.2385,34.2124338368549,217.543778021736
17.239,46.5417404830164,246.037958067531
17.2395,59.8147537786163,277.801687640178
17.24,64.2448220075671,311.372321663661
17.2405,54.6974192203749,336.44974506795
17.241,31.124694142881,352.758553699668
17.2415,0.832528404656863,364.285625244854
17.242,-23.8895452493293,360.944171790941
17.2425,-34.6837163801113,328.97104692636
17.243,-33.3859605975677,279.308733930707
17.2435,-30.0874765731787,241.789252134677
17.244,-36.4907589232397,225.22740798678
17.2445,-57.0531813391166,205.36905392005
17.245,-80.9019989990916,163.024931265913
17.2455,-86.2187802784443,114.477002717655
17.246,-61.8875130802629,88.3321024581048
17.2465,-23.914596510408,85.9836093606174
17.247,-0.739580408587599,82.304988264014
17.2475,-2.22279052531669,58.3350168784441
17.248,-13.8918692462848,18.9115379512285
17.2485,-22.055160960516,-17.854705517397
17.249,-29.5388503148037,-37.3859615045192
17.2495,-41.2311099665625,-38.2793832070094
17.25,-50.1860605333974,-33.6239486296917
17.2505,-49.9820230816636,-39.1264759569385
17.251,-48.2907047369528,-54.4110705962682
17.2515,-53.1160504289995,-62.3833575567462
17.252,-54.8546865281785,-51.8980240531804
17.2525,-39.5003225931498,-31.0816396261185
17.253,-13.9980027235839,-10.7729601351838
17.2535,1.07217020437309,13.9325002678952
17.254,3.38258748982639,54.6018418258799
17.2545,13.8398640502637,110.830280246557
17.255,45.3033242636339,170.523077755438
17.2555,83.8482465997734,217.936705990566
17.256,109.496197192793,230.012460935593
17.2565,121.089176912543,178.812145372255
17.257,129.666524144752,57.5835064773904
17.2575,138.527797774407,-101.848364774949
17.258,143.139694005633,-255.323431310745
17.2585,144.180264314898,-385.801694380093
17.259,147.460343983482,-503.321067970124
17.2595,153.071193213501,-616.648014756525
17.26,155.199487561236,-725.705261986859
17.2605,152.038832148443,-832.060770983967
17.261,146.591028843313,-927.979394703054
17.2615,136.772004751593,-977.195555936157
17.262,113.231454021954,-938.323833454819
17.2625,71.244447720958,-815.828561570012
17.263,20.8573267423639,-662.569717964708
17.2635,-18.7320609870803,-522.24870128281
17.264,-35.385013542222,-392.72085703286
17.2645,-35.192810098765,-256.328539982053
17.265,-38.5616490261614,-119.778060080768
17.2655,-64.4621962497794,-4.08130746214513
17.266,-116.708644918282,86.818530103219
17.2665,-183.059016703884,167.845848251462
17.267,-242.794978018243,256.88622028774
17.2675,-273.077632768176,372.664699443977
17.268,-257.021765821172,530.500947177015
17.2685,-198.94476792922,716.980577516045
17.269,-130.197992004942,880.757554011126
17.2695,-83.7992450431757,973.635022141731
17.27,-57.5840035913112,996.150527549228
17.2705,-16.7856264839112,982.903949251869
17.271,58.0579509689426,951.361296288257
17.2715,140.391542769288,891.200725036331
17.272,188.397405974166,800.30425755428
17.2725,193.256096967191,698.684368315629
17.273,177.886705553531,595.888754035535
17.2735,158.00003674318,470.419157757898
17.274,129.972375525018,302.130118507379
17.2745,94.9523823416731,112.919067597574
17.275,66.4631058182027,-45.0222622874839
17.2755,46.0145273543667,-140.751319592645
17.276,15.7633351849727,-191.41950780221
17.2765,-30.7805124747115,-234.513371394148
17.277,-71.5059770091481,-281.833810433283
17.2775,-87.502699926516,-309.856092629905
17.278,-95.4890682498378,-297.147761467311
17.2785,-124.889978547481,-262.832369872411
17.279,-171.194162279837,-254.927694651384
17.2795,-196.978299468092,-297.662854174326
17.28,-179.525444935705,-362.711271302891
17.2805,-136.893063990533,-401.897355987495
17.281,-102.464891791849,-398.751450647548
17.2815,-90.1782900676183,-374.970545102114
17.282,-91.2740180520253,-353.785028119867
17.2825,-92.2389476452082,-335.375004066719
17.283,-87.5881782690056,-308.742285985131
17.2835,-82.2048212811714,-270.970438977
17.284,-85.8247473962423,-227.864816007563
17.2845,-99.3088854789164,-184.660538214636
17.285,-105.883632254053,-140.954362222759
17.2855,-85.7254665055239,-90.0862610725961
17.286,-40.6722885139395,-25.1320755421595
17.2865,7.32827460831175,46.161277175813
17.287,45.3978014582813,95.7111208895642
17.2875,83.2792377350071,97.9453728904451
17.288,130.699253159846,59.4326518173333
17.2885,175.756844656438,13.3037526293075
17.289,199.159252306529,-16.7627678049314
17.2895,200.393798415195,-32.8380403038764
17.29,194.589372281551,-41.8457445402828
17.2905,188.227185085096,-37.9609349096949
17.291,172.733975160443,-16.0254067400146
17.2915,141.076373780434,12.8096627551583
17.292,97.8125425559509,32.911728974708
17.2925,51.815856000189,42.523172517475
17.293,10.0797432829145,48.4203670611557
17.2935,-19.8337761133978,50.7665145789775
17.294,-31.9752051317636,46.5125334168193
17.2945,-30.1683727731857,42.0612456724458
17.295,-25.6318433934501,48.8519867727527
17.2955,-23.2997899203879,68.0228622366369
17.296,-18.2162993865192,89.6731329960439
17.2965,-8.41544064496122,105.478650534029
17.297,-2.33859360980796,113.09300760411
17.2975,-7.06116677816176,110.87787418599
17.298,-15.3185911134789,98.8454226799254
17.2985,-12.0387360495431,84.7939800610784
17.299,7.7044461019569,80.6228207576386
17.2995,32.0495661259441,91.0193023179606
17.3,43.5629199975281,111.057959063784
17.3005,35.6263050004217,133.762800054538
17.301,18.7902361887924,153.992110512551
17.3015,10.4871795714274,166.701839670011
17.302,15.825467704582,169.139246639724
17.3025,20.3693287630547,165.584762530835
17.303,7.37796545688711,164.329188483217
17.3035,-19.2580428944231,168.470931991884
17.304,-37.5079987209145,171.477045480772
17.3045,-33.2180855898066,159.417942475402
17.305,-13.8712896009629,115.714675278961
17.3055,6.25583075796197,30.5415523746462
17.306,22.2152828908019,-86.8696251893693
17.3065,31.4898288253448,-208.767072292288
17.307,23.2346974242392,-308.916662669416
17.3075,-9.08097668245672,-380.08981819309
17.308,-47.7606681042176,-427.697402751635
17.3085,-60.628262761124,-453.832677117873
17.309,-35.7521322867157,-457.386243953153
17.3095,3.85497763298229,-443.440052028235
17.31,25.3316769687023,-418.696521755968
17.3105,17.775248106809,-380.027814319813
17.311,-5.90343412648045,-321.672368206282
17.3115,-29.9641910262859,-253.193294053756
17.312,-48.5278309070555,-194.226928920864
17.3125,-60.8008725562049,-147.166901905588
17.313,-65.5163151155819,-89.63672668842
17.3135,-64.8911196622972,-2.25962275693997
17.314,-67.8021694854451,106.348365854381
17.3145,-81.4375988660755,209.908395893949
17.315,-99.9305941081828,290.65500653634
17.3155,-107.416448608879,346.962084835203
17.316,-95.5034773981814,383.27724785594
17.3165,-72.9264204778117,403.8837125513
17.317,-51.7904599044423,414.072345968844
17.3175,-27.4487505768871,418.665546896269
17.318,17.3158374223559,418.571611104512
17.3185,84.6802830532451,412.028795122817
17.319,147.975120737233,397.655835726392
17.3195,174.231409729343,374.931058431506
17.32,156.277470128337,345.977153387408
17.3205,115.095289560914,318.142137443955
17.321,75.2815622914169,297.716542750291
17.3215,48.4214305153206,277.754075988373
17.322,37.0438870914031,240.399453093086
17.3225,39.5784638308651,177.564308680472
17.323,46.550002907263,102.305514194616
17.3235,43.4507290649418,32.7177235775056
17.324,25.47246254316,-28.2956939118413
17.3245,2.81739347751054,-88.4749465677307
17.325,-14.4549345148617,-148.719178004004
17.3255,-29.468343002034,-202.623780117722
17.326,-49.1964978531601,-249.712064959662
17.3265,-69.2643426900899,-295.186205769698
17.327,-78.198881721775,-336.08265062042
17.3275,-73.3139885268173,-361.225475067755
17.328,-63.2928437787414,-369.703110282303
17.3285,-57.6121838017085,-378.797598419311
17.329,-61.6563838745369,-406.182872103692
17.3295,-77.9635671383903,-449.73403926105
17.33,-100.3645126338,-489.542344827798
17.3305,-108.946935058883,-504.129716566424
17.331,-85.6801990446352,-480.664543539153
17.3315,-38.4754646095871,-417.720907566128
17.332,2.92348424432042,-328.508139502776
17.3325,19.8882752571163,-239.522399288884
17.333,21.7653364391685,-176.092887044125
17.3335,24.5549910699432,-144.516462739998
17.334,27.9479523436085,-129.669707637142
17.3345,25.311992831369,-109.249336088858
17.335,22.8458936702274,-67.5273614789245
17.3355,30.2275637364465,1.56288834526217
17.336,39.4379762175627,95.1442302580885
17.3365,34.0864111973827,198.910470353034
17.337,19.3152627297056,287.311650923669
17.3375,20.8071308044795,334.627872135461
17.338,46.975213933849,332.186099138333
17.3385,70.4730753853271,296.595109475334
17.339,60.5073164150567,259.1840875934
17.3395,22.1657123496856,242.655484340542
17.34,-10.6090456222725,243.858829402906
17.3405,-15.346863550836,239.94205131164
17.341,-1.57398246361064,215.106257733897
17.3415,6.18699392845185,181.21419158362
17.342,-5.94539318043808,166.822126840297
17.3425,-33.3400456372211,184.208166261375
17.343,-60.9908451648992,213.977913020045
17.3435,-75.2564600186873,227.446525857735
17.344,-71.568364249459,217.642906928705
17.3445,-54.0779566622701,199.297426604834
17.345,-29.0286561553194,184.16382148451
17.3455,-0.725724181539066,171.445073724746
17.346,26.6187417455546,162.347813808412
17.3465,49.2449636871459,165.595756705257
17.347,68.9306289852991,180.126192633694
17.3475,91.8803831045924,188.341007026939
17.348,118.757240729899,180.107429329213
17.3485,141.898163827846,169.804775247615
17.349,156.360158827005,170.736416630487
17.3495,165.558731142924,163.098252967451
17.35,169.753648878564,113.320607827466
17.3505,158.512726275735,24.1638891890916
17.351,124.81468726497,-61.4654293609755
17.3515,78.8238480198631,-114.13253590454
17.352,36.2806084978282,-150.255333308127
17.3525,1.22611883338629,-196.263728171968
17.353,-26.4613396480903,-242.823944651227
17.3535,-36.8457053337915,-259.700386608308
17.354,-24.6900950628375,-245.588933574635
17.3545,-12.5331968176702,-236.579102476147
17.355,-31.5080176376028,-263.295911527546
17.3555,-75.8441001941568,-318.279943004971
17.356,-104.215435775204,-370.156556250336
17.3565,-97.1858993110095,-395.696001403508
17.357,-86.8153588105812,-391.879163235482
17.3575,-110.454761674771,-367.500293773192
17.358,-157.409902200133,-331.957340842838
17.3585,-186.923137743738,-289.32876686861
17.359,-183.519043118724,-239.232574029214
17.3595,-164.27379032619,-183.472506040168
17.36,-138.139680691369,-129.331519957462
17.3605,-91.5487999343094,-82.5773880850269
17.361,-21.2280149593642,-40.9595100172099
17.3615,45.4423171880259,-1.49114473314306
17.362,78.4905781311336,28.1585375909956
17.3625,79.8382270854703,33.5201423388938
17.363,76.3429401383527,8.89132416961152
17.3635,85.3890499706855,-35.3501964431097
17.364,96.8903823767293,-77.6092681230512
17.3645,86.8004683112311,-91.4831569448554
17.365,44.7200213893013,-54.6438844158773
17.3655,-9.87200541450581,34.3470469198272
17.366,-41.6128118444491,147.265331128768
17.3665,-36.6930546880818,245.191388853779
17.367,-22.2735657305212,308.253171357481
17.3675,-36.4611619088165,339.320468677434
17.368,-82.2018003567065,342.721423423892
17.3685,-127.911409931398,315.807611781225
17.369,-152.648854271739,264.265334919031
17.3695,-166.413288017884,208.472000454032
17.37,-177.686574470839,164.592095263697
17.3705,-167.885701649959,130.55757780055
17.371,-120.425493685478,100.269486414859
17.3715,-57.4538346517382,81.0856681059501
17.372,-18.6742108439898,84.5490151077395
17.3725,-8.74795556526455,105.979062174213
17.373,7.76196093851957,126.028801964877
17.3735,56.9453595202028,130.591823406406
17.374,123.293694205097,119.482841393414
17.3745,172.218675679539,97.2555835733064
17.375,185.573477472609,65.8628376421454
17.3755,167.528993114736,28.2955684900549
17.376,133.614806060292,-8.11264984132157
17.3765,105.753017666457,-36.2607026401687
17.377,103.493429065174,-55.1707326115209
17.3775,125.237006202616,-70.1972619736891
17.378,146.393729279738,-87.9818198491517
17.3785,147.764149211102,-109.962460539128
17.379,136.816647054773,-130.14561563157
17.3795,128.2311932639,-141.461044987599
17.38,113.849366998174,-144.299800171764
17.3805,72.3561910347458,-144.519817230313
17.381,7.14673934577134,-142.508843803892
17.3815,-45.5635752470144,-130.416361587158
17.382,-53.3635279511396,-102.503234992861
17.3825,-20.5744238525676,-61.3288357056564
17.383,20.4276900315792,-9.5851813142027
17.3835,40.1036456572568,56.8055170839911
17.384,29.1556671636193,139.526733271881
17.3845,-2.66642808588162,224.560004119737
17.385,-34.7652807822105,284.29629783766
17.3855,-49.0735627054664,293.996854062265
17.386,-44.9190116828564,248.333099769914
17.3865,-38.6638939044903,168.776723982185
17.387,-44.1349624534436,94.5049598655653
17.3875,-58.1526407897005,53.5201043922824
17.388,-69.4103342165609,36.1695743186639
17.3885,-73.1162099309831,7.53770084529945
17.389,-68.2786075356365,-46.9805214185145
17.3895,-48.8149659313546,-101.402065207259
17.39,-11.5755366087141,-125.398595797215
17.3905,29.4358485390879,-126.178550511796
17.391,51.5280004573124,-135.586601619341
17.3915,47.9573518360286,-167.015600369345
17.392,31.6480393010783,-210.588084522442
17.3925,11.6837434401597,-265.514947016441
17.393,-19.3269691953503,-344.569112907544
17.3935,-66.0908417909899,-437.969923033438
17.394,-111.399542604278,-501.987444790699
17.3945,-130.239208015357,-502.604905931512
17.395,-118.409394568258,-451.819259324774
17.3955,-94.9794239705365,-381.595479147189
17.396,-78.5122927155375,-298.101430855872
17.3965,-72.2311751064376,-185.364032495164
17.397,-71.8070013244211,-43.9429234753751
17.3975,-74.6433791635813,100.890552382034
17.398,-77.1407856938633,228.766624437528
17.3985,-73.2043423516354,340.28336669118
17.399,-62.2847086593491,442.972751396505
17.3995,-51.666200489437,541.978251517686
17.4,-43.7907977989911,644.894009419542
17.4005,-27.6000372999181,749.16115478029
17.401,8.58052041931337,816.277421096616
17.4015,59.0010952711086,787.87485524711
17.402,104.423120676598,650.826750445256
17.4025,132.619784725247,468.279727431982
17.403,145.98090072586,318.794102393049
17.4035,149.363282039887,213.901211596576
17.404,141.689859186586,103.191829819522
17.4045,123.412387335337,-44.4717407415028
17.405,102.018701346959,-198.502972112306
17.4055,83.0133115323706,-312.233114714387
17.406,63.5591040213397,-379.033920198931
17.4065,43.5962946235272,-422.966185540498
17.407,35.0366583245773,-455.790220328295
17.4075,46.3440744236335,-469.808218945692
17.408,61.9266036780406,-463.201045441466
17.4085,53.5342081180569,-446.697329960173
17.409,15.0717188120687,-425.900702398429
17.4095,-28.964309138193,-396.819917279889
17.41,-56.3931425191003,-360.639986412508
17.4105,-73.9881829927558,-326.972424461318
17.411,-98.6493309577741,-300.714609421866
17.4115,-123.352039077582,-280.061393767546
17.412,-121.521474679537,-268.205323672527
17.4125,-85.2096379471493,-270.269117863937
17.413,-42.2684992341556,-274.859936741578
17.4135,-28.1915085677017,-255.869851444039
17.414,-49.2247761401627,-201.285487915321
17.4145,-79.6480140241852,-127.444436644024
17.415,-90.8929075638456,-56.5613904002376
17.4155,-78.5397332984751,7.74548475461548
17.416,-62.770238053542,73.3703109118401
17.4165,-64.9763954720909,139.82228659084
17.417,-83.9771959706542,197.555836646579
17.4175,-97.3635677846648,240.542115158281
17.418,-88.1853033546226,269.936543651809
17.4185,-64.4667227928684,290.487536835095
17.419,-45.3102406405253,309.814644308047
17.4195,-34.208921376279,334.037678483655
17.42,-19.9580845405461,357.953665939892
17.4205,-1.70005520626047,368.278444554243
17.421,5.6920157092086,362.537561559199
17.4215,-3.00507418578237,352.972711377853
17.422,-10.5330768190402,343.999792442823
17.4225,-1.46763147707302,321.465525586251
17.423,17.0357987986582,278.551801263373
17.4235,37.4395161691423,237.33473324093
17.424,82.0015411588337,223.042351959959
17.4245,182.249585435606,225.321519688455
17.425,325.771688682188,208.473079207923
17.4255,448.068824585471,158.008925209616
17.426,489.96602833626,95.5398547512245
17.4265,449.296749889494,46.681339523729
17.427,366.436387745308,14.9671437422097
17.4275,274.99454007042,-8.10390820367689
17.428,183.397664207513,-26.1945124438532
17.4285,93.3369633777716,-39.6324167940712
17.429,12.1411655096853,-50.3174268651599
17.4295,-55.3914550438854,-57.8930989965823
17.43,-110.006948971521,-60.8756806455516
17.4305,-147.666107232877,-65.0001664939817
17.431,-160.528920872353,-79.2052978105177
17.4315,-154.874338993211,-100.401734565557
17.432,-153.226549572265,-114.51146517316
17.4325,-165.946429882346,-116.308825836941
17.433,-171.760566411573,-115.849434879162
17.4335,-144.30695522852,-120.740488234315
17.434,-93.7644782260025,-124.120656573696
17.4345,-62.2085425543688,-116.11069266722
17.435,-73.544823858526,-98.0110309699401
17.4355,-105.222973872976,-81.5524727520871
17.436,-118.910627548373,-82.1004437437913
17.4365,-105.166580152578,-111.231626446287
17.437,-84.2547257613434,-163.268548992285
17.4375,-73.5696253963416,-210.684705004075
17.438,-73.235988269345,-229.388974487868
17.4385,-80.802241531388,-228.271271624528
17.439,-99.4749272140829,-234.550766246838
17.4395,-124.823373440479,-250.477175407309
17.44,-138.223755390395,-250.559600954456
17.4405,-125.550287087838,-226.277112551641
17.441,-95.952856667421,-202.236139700041
17.4415,-72.0755079563034,-193.766658719636
17.442,-64.259399462292,-179.848748601478
17.4425,-62.2252539979349,-142.462583233002
17.443,-51.5187569097305,-106.423340579702
17.4435,-31.5613224108693,-107.651774349524
17.444,-15.3049499263821,-138.155677762217
17.4445,-13.8300934058293,-155.485562344971
17.445,-23.366325070303,-137.473986007943
17.4455,-27.7617347792496,-96.799785153577
17.446,-12.9498418198368,-48.4367311186916
17.4465,23.0961076404891,4.73509204940319
17.447,74.087018125302,56.139849829666
17.4475,131.737903704081,98.3017894878586
17.448,182.731153583324,145.390779322446
17.4485,207.265345667109,223.339136510753
17.449,194.519176643921,330.258453415676
17.4495,159.152246597022,433.273426399283
17.45,128.619340895405,512.942960298587
17.4505,110.775923963287,584.0729349236
17.451,87.4476804329078,660.07803757052
17.4515,45.6568763242026,722.086337032084
17.452,0.317499114466747,742.287147393831
17.4525,-25.3895340522263,720.65812123544
17.453,-30.3124559313261,680.32110243989
17.4535,-31.5381296216533,637.993205897365
17.454,-38.3939375032692,593.046181635929
17.4545,-45.8745980783656,534.65692608986
17.455,-49.1253554171024,447.070743889611
17.4555,-47.9333713540947,318.786860415685
17.456,-37.9690459581461,159.001227102237
17.4565,-13.9016395286028,-4.99056055503291
17.457,15.8775835347198,-157.027931080137
17.4575,31.5114594946987,-306.604357447543
17.458,23.6998981096579,-464.092973955042
17.4585,2.89315362234506,-618.288401853021
17.459,-17.5614403850347,-754.911566281102
17.4595,-36.2820559930809,-880.34768316088
17.46,-55.6573433661948,-1002.04547790966
17.4605,-69.2558150059073,-1095.62001320641
17.461,-67.7063825806866,-1120.98592307443
17.4615,-52.3519621843248,-1071.81538385351
17.462,-33.5959806884214,-984.184240870127
17.4625,-16.2485463542863,-892.527092659965
17.463,6.58001788705895,-800.497304904671
17.4635,42.6007505056608,-701.796852811711
17.464,86.3117444220593,-603.865277750613
17.4645,119.549404332086,-513.26775837535
17.465,128.676929532141,-414.843326897599
17.4655,120.432038536393,-287.318534236063
17.466,115.491327849263,-133.810883369781
17.4665,123.743755680685,19.4655663189864
17.467,131.904916758063,150.770911860523
17.4675,121.301159239542,254.686252059861
17.468,92.3099646742346,331.299821676741
17.4685,62.4426624179297,383.046149606685
17.469,43.6296455859541,425.431218203825
17.4695,31.4879607381823,482.939890792092
17.47,16.371267856099,563.772615120576
17.4705,-4.16400391819942,649.71339537242
17.471,-24.4425516129149,721.903943982935
17.4715,-35.1308100548287,787.436240854532
17.472,-30.1492742915257,865.719877639999
17.4725,-16.6896571341979,952.154842215064
17.473,-14.3363366002639,1011.07753769986
17.4735,-33.0462402825013,1007.85761675586
17.474,-55.8145651591625,936.810799913059
17.4745,-58.4303898459397,814.904998020123
17.475,-45.2135918865043,661.947482950518
17.4755,-46.6601409639493,496.063823091964
17.476,-78.0621895530811,337.466275721711
17.4765,-119.711072150659,201.0567040944
17.477,-146.542110358183,85.7662140785534
17.4775,-158.695171572778,-19.4061902210368
17.478,-168.511399336004,-119.071082930926
17.4785,-172.31254030624,-208.223381374937
17.479,-154.349878149372,-283.210449529508
17.4795,-112.337629164282,-346.482029716286
17.48,-62.4938894740926,-399.327914786074
17.4805,-21.2893049953709,-437.796530973338
17.481,5.74995577803678,-458.450995871346
17.4815,19.8985581957741,-463.017901933022
17.482,25.9743478883922,-456.025309295321
17.4825,32.4359089519847,-442.1326958094
17.483,44.3879887048597,-425.114451011234
17.4835,55.3410247243422,-403.762269756019
17.484,52.5330067244441,-370.001891974805
17.4845,30.8334359669795,-319.047786560697
17.485,-1.901188132502,-261.937661538592
17.4855,-30.3600613148767,-219.046221031861
17.486,-40.1805473127862,-197.561363633947
17.4865,-27.6844379060397,-181.842538486801
17.487,-6.2394812440493,-149.536854518971
17.4875,4.55079321140446,-92.3827580074841
17.488,1.8621276599649,-19.7535278481501
17.4885,3.00485559467429,51.3380058100922
17.489,18.8109478702973,106.474014302296
17.4895,35.5301712534577,140.141707585714
17.49,35.3853360365402,155.705256190576
17.4905,24.007855976453,155.891590283828
17.491,20.0376035999279,134.424185364984
17.4915,24.3709317588128,85.4648266618338
17.492,19.9971486682568,21.9418940704457
17.4925,1.76678308991114,-27.3315500748647
17.493,-12.2751075301387,-44.9962963037942
17.4935,-2.87045209152283,-41.1532444637271
17.494,31.1751335238933,-36.4926380937518
17.4945,77.946151789658,-38.622201582673
17.495,122.220615881106,-42.1360109638375
17.4955,146.811831634923,-41.9322979085935
17.496,139.18677062847,-35.1022698968395
17.4965,105.126597678909,-16.5370003046973
17.497,66.8085103239402,14.798678950138
17.4975,41.3801443690813,49.0037327451902
17.498,28.3722538173691,76.1320234816263
17.4985,20.1507352016852,100.621692847144
17.499,13.5789599521235,132.367164812523
17.4995,6.14386078064034,165.174557436005
17.5,-8.5632184921182,178.077779809695
17.5005,-32.2747781870083,160.17963739037
17.501,-54.003092845158,122.051694718874
17.5015,-57.4061156566998,79.4793489235129
17.502,-34.8684128942743,38.2833053847471
17.5025,6.28896253651705,0.278691636578863
17.503,47.1753414843528,-29.2639479221037
17.5035,68.2349988601974,-51.2519189947667
17.504,64.6183200019288,-80.9569328033539
17.5045,50.3554635460783,-132.57507169921
17.505,39.1842176625154,-197.792052001266
17.5055,24.0872028747005,-251.593558441886
17.506,-11.1755737515511,-280.620306882925
17.5065,-61.8314692858578,-296.296739189746
17.507,-101.601235558664,-317.131007355177
17.5075,-116.134465081669,-346.397684346242
17.508,-116.873909208427,-372.268646718686
17.5085,-112.425783659058,-383.396369357797
17.509,-88.137889610448,-377.187310163146
17.5095,-33.6738314732887,-356.204684782378
17.51,25.2883554901509,-324.537818386477
17.5105,49.6841237597209,-287.711118164601
17.511,36.5504463737911,-248.507474432992
17.5115,20.7013927422959,-199.473537837728
17.512,24.9929124448292,-125.181041829658
17.5125,32.3878462952623,-18.2353474477121
17.513,16.4290058942941,107.596814680967
17.5135,-20.2178892067002,224.452381236086
17.514,-53.044970569534,311.888182308108
17.5145,-69.2674304455789,370.638901781976
17.515,-76.3229894064362,416.697247906447
17.5155,-81.4886252280266,465.124553871815
17.516,-80.7000810806316,519.824528935143
17.5165,-70.7486994949408,574.861233373868
17.517,-58.5800730750533,620.787184912293
17.5175,-50.2222797928523,648.292950002675
17.518,-39.3767686630225,649.491449900555
17.5185,-17.3201052255607,622.392072226989
17.519,10.9541351978945,577.547892386421
17.5195,32.4417787272747,535.97213862285
17.52,46.2484033754509,513.434891558257
17.5205,63.6570505712575,506.062988594848
17.521,84.4502924482471,495.504266955087
17.5215,88.7385602099787,466.949674953928
17.522,63.8842566636547,415.829506641861
17.5225,27.6378772508359,339.255105875418
17.523,7.6486684957363,234.188887460653
17.5235,4.40094573749424,109.939578284794
17.524,-6.08298534172569,-8.74108881951666
17.5245,-33.8338159969399,-101.600760736457
17.525,-60.1309921878303,-170.011898457966
17.5255,-66.1104408802467,-225.637621224415
17.526,-56.4594823272916,-269.430550564328
17.5265,-44.3028678384708,-293.960475373069
17.527,-29.9668459683944,-301.551009525545
17.5275,-10.51752438288,-305.768881893202
17.528,1.80969726402749,-315.518378332019
17.5285,-10.5390245019603,-330.1863155519
17.529,-46.5225548491794,-351.191692941311
17.5295,-86.8922327244121,-386.728255481982
17.53,-114.990114286841,-443.215579805222
17.5305,-124.175399540732,-521.149843406723
17.531,-109.138064043523,-618.340874791122
17.5315,-67.0865796836486,-725.809317799872
17.532,-9.7357367036342,-821.628140071111
17.5325,40.2815341947068,-882.821428779498
17.533,71.5165917779586,-904.118891402876
17.5335,94.8730010996473,-890.894192235412
17.534,129.056374969435,-835.032269313034
17.5345,180.060336923014,-719.84003737464
17.535,235.851037264177,-555.949493300174
17.5355,275.713560695619,-390.715031841229
17.536,285.166001043144,-266.984470793817
17.5365,267.747552659624,-186.180031540442
17.537,241.451785798453,-123.558104499448
17.5375,218.428173313324,-62.9483151781301
17.538,192.097411416451,0.238708030781186
17.5385,151.75249383269,74.235460857608
17.539,103.133228091576,164.378335904024
17.5395,60.4856285185539,256.710363325685
17.54,22.2298134919841,328.727143317281
17.5405,-26.2667700943375,374.647012594866
17.541,-83.1845115140272,404.085441969014
17.5415,-123.904117018628,420.981132973896
17.542,-133.899625489373,424.847907390238
17.5425,-130.640050496573,432.989069077534
17.543,-138.247060041384,479.773621850923
17.5435,-154.041243674476,584.762023311486
17.544,-158.754355642873,731.792929688319
17.5445,-151.105614977483,881.91016823964
17.545,-150.028282036311,995.787101321239
17.5455,-162.983248141639,1044.36992684682
17.546,-172.914564799195,1015.75297318583
17.5465,-163.488035953081,920.896123361888
17.547,-141.240644818482,783.938587979599
17.5475,-121.970733385795,622.587506649796
17.548,-106.22197990763,445.843945160117
17.5485,-81.5335771208412,269.482546253948
17.549,-44.1381288124046,116.674554518812
17.5495,-5.63204628019996,-4.21142415262053
17.55,22.3098610198582,-109.37819659089
17.5505,39.7537199766926,-217.636805183171
17.551,51.7121823580327,-327.588774046231
17.5515,57.1044301385276,-424.29284738015
17.552,50.6286789478117,-498.831569180072
17.5525,32.5412927887922,-551.079005388796
17.553,10.7636281088725,-580.309483699992
17.5535,-6.93522239014104,-584.448215494759
17.554,-19.2715711076088,-565.452342432343
17.5545,-29.4015550086414,-526.277703198275
17.555,-39.4978068768014,-464.68411342642
17.5555,-48.6135767930821,-378.572257758271
17.556,-53.8682746337309,-277.106545858494
17.5565,-52.5183632497538,-179.10665568535
17.557,-44.6567844635158,-97.9958318438737
17.5575,-34.9808460036642,-31.5927381623845
17.558,-29.4989634255012,31.7299145884136
17.5585,-28.262081481946,97.7207658643593
17.559,-23.4210832058785,157.152489668897
17.5595,-7.95955578769886,192.733404236696
17.56,14.1455270137851,197.24703402578
17.5605,29.945961094058,184.017543141886
17.561,30.9929339356398,175.362409410238
17.5615,23.1515817556176,179.957202600716
17.562,21.7246626560176,184.816692560368
17.5625,36.7291201057004,169.413673832074
17.563,62.5985520674724,123.734688525511
17.5635,82.6198085957421,53.2136839627117
17.564,85.4738438393353,-28.0700559571873
17.5645,78.0828437829067,-107.239628287578
17.565,79.0232088115899,-179.45636902437
17.5655,96.6948245314583,-245.707928829823
17.566,116.947101445621,-302.150297267044
17.5665,116.653850812568,-336.616351315279
17.567,88.2978972941431,-342.836955505709
17.5675,47.2518312927696,-333.300993548572
17.568,16.5075709463153,-326.0882083201
17.5685,9.44632726710999,-320.24416485218
17.569,25.7524437912421,-297.490845035048
17.5695,54.7127279926122,-249.52549398273
17.57,78.1547463799891,-189.415357027966
17.5705,77.9750390679242,-132.853309802981
17.571,51.0898882493402,-84.3900001588789
17.5715,17.5309926188237,-49.1887213002638
17.572,5.92266007308463,-40.4684906201397
17.5725,25.0566604873187,-60.3675007146718
17.573,51.3768127334786,-85.6918907952611
17.5735,50.0224409478663,-90.4047157662142
17.574,10.8396231221604,-76.9451597781334
17.5745,-39.2898326781908,-70.7472045221058
17.575,-63.1497431155578,-87.7619401122459
17.5755,-49.5717722152368,-120.478368234149
17.576,-18.4188673222783,-151.608518743419
17.5765,6.64607980568298,-166.95616769149
17.577,18.4470030691796,-157.261387290933
17.5775,17.7068659235446,-123.003397849578
17.578,0.64682684062414,-78.9461006354986
17.5785,-31.3128083924257,-41.4693087226046
17.579,-59.8063648063337,-10.0340429661113
17.5795,-66.3787711340214,27.8762911307692
17.58,-58.4755534806328,74.4661995475892
17.5805,-60.0093115579847,118.699388569986
17.581,-75.3555648760011,157.110629753386
17.5815,-83.8922858134801,201.386199057249
17.582,-76.9474638079066,258.764327723777
17.5825,-77.0380662800986,318.745618575159
17.583,-103.338477834256,368.535452186007
17.5835,-136.015547742685,411.111708084268
17.584,-139.708244595105,458.002769039434
17.5845,-113.928801690219,511.932694052404
17.585,-92.8096319189775,565.735572446237
17.5855,-93.6321703106972,611.507481279947
17.586,-91.7271563467482,641.941976926702
17.5865,-57.1453596927381,649.872179793969
17.587,3.60441612554761,637.389988206757
17.5875,57.9355166232077,619.835635580132
17.588,86.2698039660792,608.419585957166
17.5885,93.82084387736,591.904482374742
17.589,91.2292275157152,548.27795866661
17.5895,82.3407399599815,474.296612465737
17.59,71.0967721376011,391.485722076356
17.5905,64.1504599021605,321.970463210608
17.591,61.0455299788706,271.144479799644
17.5915,52.9236883547322,237.28826732037
17.592,37.6907522497819,222.738456518448
17.5925,28.1942617648717,223.60443623274
17.593,37.4347512437629,217.843260899568
17.5935,60.8415023863164,179.453719100712
17.594,80.7285015787666,104.367625101834
17.5945,84.2399466417581,10.5396204750474
17.595,68.9140043032656,-89.5696390263094
17.5955,35.0518601243858,-205.004425475701
17.596,-14.062166537848,-347.870637770757
17.5965,-62.2778532816898,-507.139778473481
17.597,-84.3032734416884,-652.665986855352
17.5975,-68.6787302151367,-765.394144423873
17.598,-30.4526306846612,-854.331567479927
17.5985,6.79482327218551,-939.872818130057
17.599,34.5861397942655,-1028.25949981465
17.5995,55.4280148651913,-1111.15942799242
17.6,63.2830340357382,-1186.64711095131
17.6005,46.5594815731191,-1266.98153029842
17.601,11.817096271601,-1358.21500962321
17.6015,-13.879751922792,-1439.02142468958
17.602,-13.8243151647153,-1469.96553582556
17.6025,-2.09484269161773,-1423.33744325833
17.603,-1.30314565515042,-1297.37184727462
17.6035,-9.82817804949994,-1104.75294425443
17.604,-6.82138578539119,-861.400437937658
17.6045,14.1637947732533,-591.591374143606
17.605,33.1767313077288,-330.053985721234
17.6055,28.7325558561307,-103.844172636696
17.606,2.35948980543975,85.6743356459319
17.6065,-28.0065828532271,254.333670786231
17.607,-51.0322291771892,414.164117513201
17.6075,-70.4427481685197,572.108621516111
17.608,-93.5493964714451,742.536259024231
17.6085,-118.606926544494,940.189985261605
17.609,-136.183821739365,1156.76022579362
17.6095,-141.09259101846,1362.01730922728
17.61,-138.903830281563,1534.67851848551
17.6105,-136.724331917914,1673.87177233596
17.611,-129.022377974166,1769.86117734327
17.6115,-100.558361640853,1785.66573990513
17.612,-47.3379208525287,1691.74045117286
17.6125,12.7952521904327,1507.57576175054
17.613,57.9348922286366,1282.92175306666
17.6135,84.7526689107468,1042.04627355364
17.614,104.15790120299,773.112337335614
17.6145,119.633608478184,473.910143043308
17.615,123.33663568838,179.104062726038
17.6155,113.307116631698,-70.8266336789806
17.616,100.829688845377,-267.58193455881
17.6165,96.6945254102108,-428.193830781229
17.617,100.64933679118,-566.536946722087
17.6175,108.060823115293,-686.218625738143
17.618,115.870836023064,-787.368447784402
17.6185,116.688861266516,-862.54011115284
17.619,98.8532104394911,-894.412446596101
17.6195,61.9709255316712,-873.855221234542
17.62,24.4782545120469,-814.413062477621
17.6205,5.91016165692587,-734.771891743769
17.621,6.52602441842965,-633.547527870869
17.6215,11.8578291893151,-497.900753644489
17.622,11.0179327510476,-334.024020706458
17.6225,1.7364509166577,-173.657734870738
17.623,-16.0499312147413,-50.7878128439032
17.6235,-39.3747917266795,16.9023707347431
17.624,-57.5667515955424,28.7333578859422
17.6245,-59.9213595141297,0.942286725172749
17.625,-48.7332987738833,-33.3751374893203
17.6255,-36.8634408951816,-41.154105887489
17.626,-33.1363794964127,-13.6209413165583
17.6265,-37.3136826218614,32.3947556222333
17.627,-46.4890763298599,75.1841368852439
17.6275,-56.0698328252223,99.580204201901
17.628,-55.6187998088537,92.342096142542
17.6285,-35.9611189995239,45.2221300196425
17.629,-3.39296748056607,-32.3230888398287
17.6295,22.9184070678895,-116.90509890132
17.63,31.3287667709719,-192.10997854971
17.6305,27.3390660969038,-254.608755434711
17.631,20.0816966612995,-299.488354623155
17.6315,9.07513167465092,-316.893928146717
17.632,-9.30198025421311,-307.912291844961
17.6325,-29.7719034779605,-285.335967012748
17.633,-41.1689678691812,-249.460213697056
17.6335,-39.2117222371747,-180.529231460695
17.634,-30.9012576414244,-68.4806186835791
17.6345,-26.8142946939413,63.9425990311646
17.635,-30.8522781405245,182.298295383837
17.6355,-36.1744879117159,273.073279619424
17.636,-31.8064965502497,341.556057894698
17.6365,-16.3329375927547,391.021644173493
17.637,-2.5549113464165,423.988949758247
17.6375,-2.71360840011986,455.018719701486
17.638,-12.5771379017721,499.008597440402
17.6385,-19.7432828205166,548.022285198804
17.639,-24.0985342123688,579.007125892574
17.6395,-34.491120553889,584.60402727569
17.64,-44.6198619659114,578.04790672438
17.6405,-32.9535183296271,566.312201008293
17.641,3.31184940364506,537.672391455051
17.6415,32.6596309699459,481.267433116965
17.642,24.7319396908704,401.984542017561
17.6425,-10.6074827413244,308.720442106381
17.643,-38.1523181495824,203.699450183904
17.6435,-42.7128456817901,93.4806983960827
17.644,-38.9807747072455,-2.82872492494129
17.6445,-40.1746708844107,-69.4103790310105
17.645,-39.2756454173279,-110.450066981301
17.6455,-25.2500662745536,-141.219578993102
17.646,-0.159677785942223,-169.46654464703
17.6465,26.8290951453389,-195.173934074792
17.647,50.3495425396473,-221.972998817542
17.6475,68.2136394413019,-256.979699581474
17.648,79.1737937025524,-301.415562128735
17.6485,84.4949039029373,-350.087676241025
17.649,84.013611054882,-398.953969048891
17.6495,72.0600328278313,-447.267885744066
17.65,48.7649642852489,-494.856352035617
17.6505,32.7152006032666,-542.680898445216
17.651,45.1195489220737,-592.493179366434
17.6515,79.4649525099888,-640.532890240419
17.652,104.374151286527,-676.305680773788
17.6525,100.21497089925,-693.933067894592
17.653,74.4547875845823,-699.16995719062
17.6535,37.2232577755478,-697.093870095793
17.654,-12.7016647957796,-678.590048376508
17.6545,-64.4021323920086,-630.146831194534
17.655,-83.0329509433946,-553.884774515909
17.6555,-46.9295993012428,-466.049841672072
17.656,16.8856427842201,-376.877895969766
17.6565,58.3188508236598,-284.288041930213
17.657,57.8691297862163,-188.194894340057
17.6575,34.9300090066815,-97.6740278788465
17.658,12.1087401979516,-18.9306788422041
17.6585,-4.30237496166709,53.4469404388366
17.659,-12.9563937749826,127.292509677543
17.6595,-12.6106950573139,203.044757435913
17.66,-11.4144710655782,278.415659413239
17.6605,-20.6719388046138,354.757036559243
17.661,-36.5309613388376,431.918679293542
17.6615,-45.7204392572062,502.54066785372
17.662,-49.9825760819234,557.535177499694
17.6625,-64.0734628317441,592.718935181023
17.663,-86.853191422129,606.264391552427
17.6635,-96.9958621637426,596.809162172337
17.664,-84.5919126767176,569.944485443165
17.6645,-65.8795524258864,539.406514948433
17.665,-56.9818683660258,514.151852002461
17.6655,-53.158001521409,489.648088505327
17.666,-46.0802584916622,458.641349113295
17.6665,-41.9852054721745,423.560755792579
17.667,-46.5464562276451,389.599888216462
17.6675,-48.3403698213552,352.888638541173
17.668,-36.1369697190431,307.470721481475
17.6685,-20.0075166784603,258.921955723299
17.669,-15.7036074006019,217.858347513672
17.6695,-17.7054842372406,183.525752499861
17.67,-8.40239714554409,148.870862359996
17.6705,11.7965490392022,120.673681455035
17.671,24.1984876649613,117.516160450694
17.6715,20.1402974182788,144.039412829459
17.672,11.3156827474982,182.585084579453
17.6725,11.0490400950957,216.134174624502
17.673,21.0796678186527,244.552673915398
17.6735,38.4472531556913,269.771989298542
17.674,60.4374212511865,280.279789561401
17.6745,79.1487939596698,265.079653575698
17.675,84.0369620618424,233.730363885158
17.6755,74.7216652696683,206.532030891721
17.676,62.092305876686,188.18333351364
17.6765,54.1445632411941,164.414584122915
17.677,49.523326187692,123.310749490926
17.6775,45.9964182993329,67.60402920055
17.678,44.7711514318766,4.29534116661532
17.6785,44.2619707422328,-67.6314169145388
17.679,39.9601865845524,-154.003377603553
17.6795,33.387500443051,-253.548826048441
17.68,31.4330320325949,-351.921943306735
17.6805,34.0879838555526,-429.297554445384
17.681,32.947784561143,-479.053535587121
17.6815,24.9129245630573,-519.824427374091
17.682,16.5611834478174,-579.471566435564
17.6825,10.9890075841303,-661.348484198424
17.683,2.04568432254995,-737.366047126809
17.6835,-12.3654310572788,-785.171720126621
17.684,-23.0731536414912,-820.882533383886
17.6845,-24.4336281712195,-876.303884207062
17.685,-26.1692085415804,-948.346702982715
17.6855,-39.9156748239426,-992.351357984561
17.686,-61.6442628241783,-968.631218438425
17.6865,-77.9414447167702,-877.32150618761
17.687,-82.8841692750444,-742.106754849291
17.6875,-77.5266429024453,-580.010870897156
17.688,-59.4414083741189,-401.764985981936
17.6885,-27.1999656350405,-228.415182101694
17.689,7.6522029848756,-87.8258920799439
17.6895,27.8215141835993,5.54685460372635
17.69,30.3705827232231,58.7500274176964
17.6905,27.320503168464,90.7122528462441
17.691,25.1704749054035,121.154218365823
17.6915,17.0379243060796,164.48085320938
17.692,-1.20250236914123,225.438791460661
17.6925,-20.1130911297604,300.116546408663
17.693,-29.2590136671193,383.321809294487
17.6935,-30.2647903888131,470.154491554757
17.694,-29.2282166068197,547.743925207375
17.6945,-25.3860364092964,595.681148925348
17.695,-17.5808958139583,605.459031148139
17.6955,-14.7382081850089,595.086325459781
17.696,-27.025950156951,594.050740357661
17.6965,-48.9469525398929,615.167729141584
17.697,-62.7706001074131,648.768236420201
17.6975,-59.1422798699036,680.84764338444
17.698,-44.8592651609135,705.483460528065
17.6985,-29.5542495841408,718.772222883367
17.699,-14.4098709554668,711.606176193541
17.6995,2.98698639560228,674.583131005236
17.7,20.9199083966051,606.293235516414
17.7005,35.1795308856067,513.857149677908
17.701,42.9288187661952,407.372518438683
17.7015,42.100540285318,294.543481052936
17.702,32.8476918163727,179.380011184095
17.7025,22.311456117223,67.0288346642824
17.703,21.0538142689243,-30.794384193147
17.7035,30.3433906836561,-102.269806616753
17.704,38.8337675079055,-151.963820672419
17.7045,36.2847813081005,-203.102619774296
17.705,24.8640960968229,-273.480296527111
17.7055,12.7586354877935,-352.91252338158
17.706,3.87082777009487,-414.827402954745
17.7065,-0.338686808073022,-447.564474550777
17.707,3.20133932863793,-462.629290185507
17.7075,12.9145002646445,-473.09173433177
17.708,19.2989760892119,-477.783572458596
17.7085,17.7331692798369,-470.55935915961
17.709,17.6932919444596,-452.615232190297
17.7095,27.1316222818724,-428.153803114465
17.71,34.2712726494436,-396.376364776077
17.7105,21.2178373195589,-355.555315731656
17.711,-7.29982660534399,-309.63313518677
17.7115,-27.020523481203,-264.512690266184
17.712,-26.9823143691664,-221.928429244864
17.7125,-20.8885686639523,-181.336745766434
17.713,-21.9716357565892,-142.705389105025
17.7135,-26.0267892358817,-102.681599024405
17.714,-27.1466485677991,-53.4046780979404
17.7145,-30.047211272763,8.66552537172403
17.715,-33.3102732512599,75.8464293988402
17.7155,-19.1160162931002,135.765350764893
17.716,20.468071540396,181.977294062204
17.7165,60.0517508324591,215.245254193534
17.717,66.5054143617185,239.075325274452
17.7175,41.3329350525199,258.006018869202
17.718,15.9197974682519,275.665323700704
17.7185,8.64916916866852,290.204751099532
17.719,9.69080010788917,295.920470561658
17.7195,8.20013866000305,292.504794579531
17.72,9.67962466574894,286.154169344797
17.7205,18.5982181149064,277.071788021057
17.721,24.881468405706,254.359067474344
17.7215,20.4070199512493,211.693041286197
17.722,13.9411140361634,161.365888702581
17.7225,16.4630276694161,122.523588406563
17.723,22.9194721239211,99.9786075814831
17.7235,21.8877213307838,85.0966045346663
17.724,14.8376807946979,73.5637952339156
17.7245,11.8454391973044,69.4731800539129
17.725,13.0415514471297,72.6117539678333
17.7255,7.65346760695196,74.3952996347657
17.726,-9.51695946568835,68.5679142460709
17.7265,-31.1121250399272,55.3792846361192
17.727,-47.2254472219013,33.0087188993735
17.7275,-54.6672387729887,-4.10987006539555
17.728,-55.539991490573,-54.2599062940314
17.7285,-52.6608299257416,-105.673049851203
17.729,-47.7651417106846,-150.111019324574
17.7295,-40.9185092927785,-190.631509872278
17.73,-31.586454367846,-230.399438257249
17.7305,-21.7556315575089,-262.84910105697
17.731,-15.3841848743797,-281.025595983568
17.7315,-12.4536765214711,-289.818101313687
17.732,-7.29269159254441,-299.806952665146
17.7325,3.72241669433146,-313.269926557356
17.733,16.317117431619,-324.782789720937
17.7335,23.5877985796584,-332.279675754252
17.734,23.0812342135004,-338.187071910432
17.7345,15.0663164328438,-340.412625900966
17.735,-0.795572465520718,-330.838875009874
17.7355,-21.3456914692584,-304.753469275712
17.736,-37.3041263213821,-266.645215604268
17.7365,-41.9007561812659,-225.777994832734
17.737,-39.0725515033942,-190.213428827326
17.7375,-36.5423150782576,-164.64262535769
17.738,-34.1119036250686,-147.930422184441
17.7385,-26.2328406816705,-130.636344004657
17.739,-13.1621627624911,-99.6627943667769
17.7395,-0.962228985630418,-49.4461059308024
17.74,7.77916970440319,11.824947309966
17.7405,14.2318397356613,68.0753759509213
17.741,15.5343253942034,107.389317964578
17.7415,7.18331468669065,129.962611227704
17.742,-5.5592087068405,146.761645903884
17.7425,-9.27456564034517,170.219398619485
17.743,0.406559139424256,204.523344897937
17.7435,12.0899335849039,245.027761869668
17.744,14.8213716044887,286.532237930616
17.7445,13.6342962200114,327.590404470588
17.745,21.3194990784425,363.776992047969
17.7455,38.9638943925726,382.49552260749
17.746,52.7909691570559,373.082999013784
17.7465,50.3683431717489,341.434617808893
17.747,34.9650593858325,306.301805798392
17.7475,22.3820651694608,278.88096959424
17.748,24.8969100265639,253.216209772401
17.7485,38.4534376741137,220.289720443274
17.749,46.3158935632755,183.997486992617
17.7495,37.2997678768382,155.577374599764
17.75,19.132003763445,136.32887067038
17.7505,9.62652920347188,115.181321360434
17.751,15.3640214480931,84.2211157131438
17.7515,25.1916104290447,49.4150817123854
17.752,25.4400113473423,22.6424919131917
17.7525,13.7014816413473,7.52765959841197
17.753,-5.68293867093743,-3.06319533428194
17.7535,-30.8086598040207,-17.8208610698597
17.754,-58.8752987071708,-38.6283195917567
17.7545,-79.6447843967723,-60.1980273794665
17.755,-82.7678533198258,-75.2524098846522
17.7555,-70.8868486828622,-80.2833080151067
17.756,-57.3527505047705,-77.918243784204
17.7565,-50.5991679753539,-73.5212026570208
17.757,-47.6048533265595,-69.0278395040045
17.7575,-42.8851131413203,-61.8454308681533
17.758,-35.867228730567,-50.9738489948829
17.7585,-26.8475114124182,-41.2579338455809
17.759,-13.0282021171215,-37.9328706978473
17.7595,6.50583305835361,-38.4324248450449
17.76,26.5885763238582,-34.0720844011006
17.7605,41.5930984146631,-20.0214413946666
17.761,51.9945299923965,0.353978086736498
17.7615,60.987348061157,21.3704349526446
17.762,67.5647246426826,40.3732573817727
17.7625,67.9518961665516,55.3567620007605
17.763,61.9939052796247,62.1111807346993
17.7635,53.0668981266016,57.9768714409522
17.764,42.9324076090166,46.3890026858357
17.7645,32.0989608729694,34.5130505369197
17.765,24.5309897237507,27.4201581088096
17.7655,25.1611482108559,25.699013394643
17.766,31.0557910615989,25.681160201215
17.7665,31.7103599689228,19.8310126465457
17.767,22.0665317578888,0.533955244485639
17.7675,9.68032288548391,-32.8439168933136
17.768,3.46022219734059,-72.8872143571505
17.7685,0.0193975645338093,-112.659644408203
17.769,-10.8326419738792,-152.143491634496
17.7695,-29.1458573936676,-193.383520205916
17.77,-42.5842968341036,-233.210692072728
17.7705,-42.4703508074953,-264.386439261201
17.771,-33.7258875947765,-279.695370697284
17.7715,-25.2868007739148,-271.372567429419
17.772,-18.2356546915204,-233.15508900012
17.7725,-9.38814748424656,-169.805781255693
17.773,-0.690368408280219,-99.0898064572699
17.7735,2.92829375270196,-36.7761409417387
17.774,2.12574547930675,14.0433628178205
17.7745,1.88932687884742,50.0814595486598
17.775,2.96660040186629,54.7292767099571
17.7755,1.74417773571411,16.2164464831572
17.776,-1.70833395657857,-44.6355294299136
17.7765,-2.84231226521725,-86.4765245123284
17.777,-0.845238762036851,-92.4020769888622
17.7775,-0.612515555329423,-85.7180644737883
17.778,-4.45409813391866,-95.1298139731366
17.7785,-8.5523486803958,-122.6410880011
17.779,-10.8500012942241,-155.678981775095
17.7795,-15.9719497579331,-191.581156500376
17.78,-27.2807045546371,-231.62646430633
17.7805,-38.9651693547734,-262.616851606645
17.781,-42.1501232534352,-264.82196684712
17.7815,-36.3436713200506,-234.795347074539
17.782,-29.3720369175087,-185.59001297278
17.7825,-27.2283550266716,-128.129272508591
17.783,-28.7562792530676,-66.1733384657201
17.7835,-30.0881430724107,-5.59591738894498
17.784,-30.3023674005059,47.0859019467804
17.7845,-31.6660973433322,94.7456667930397
17.785,-35.9959521003308,144.51292911259
17.7855,-41.0508369767796,192.743305563156
17.786,-40.5080627088969,227.796138122999
17.7865,-29.6316675618638,247.472609046172
17.787,-11.936986150085,260.601376281989
17.7875,2.52929792625316,271.107448631785
17.788,7.28562812854208,274.538363045579
17.7885,5.2150771380131,272.19580437962
17.789,2.9745018817819,274.253875740003
17.7895,3.57328184295399,284.767323326582
17.79,7.07709047029049,297.034273756746
17.7905,14.1843666284411,308.689038730992
17.791,24.4312808168206,327.10658076797
17.7915,33.7410375340472,351.514473917194
17.792,38.5608346504027,362.256677404689
17.7925,40.6386417317707,339.371413025265
17.793,43.724814702688,284.593399047498
17.7935,47.6210597651956,215.96775784156
17.794,49.4560960051683,148.027689498003
17.7945,48.5570930924862,86.9202043124088
17.795,45.9362873833575,38.1628332057907
17.7955,41.3885687426731,6.34946946556174
17.796,35.1958318322286,-11.9618273424566
17.7965,29.6648122427114,-25.9389760307648
17.797,24.6666664719557,-40.6079941136259
17.7975,15.9974105231835,-54.9365505634119
17.798,3.8866687917498,-68.2905297918173
17.7985,-2.34481679400242,-82.3196354702626
17.799,3.1934967313269,-96.2910314380878
17.7995,10.5106172926712,-105.717473214297
17.8,5.28521655684674,-106.989525630034
17.8005,-9.58411918263148,-101.216185124885
17.801,-17.1348595592886,-93.6591406035361
17.8015,-11.2750897989469,-90.5079817542631
17.802,-4.38027056912823,-94.7337453066341
17.8025,-6.25927143724601,-104.190334131785
17.803,-9.13731851801566,-115.579334170907
17.8035,-0.70220728680399,-129.586788438082
17.804,18.6373475309811,-147.870685781808
17.8045,38.9217491841302,-165.458647407413
17.805,51.6974435346279,-172.987503489762
17.8055,51.2430676063501,-168.595082697995
17.806,35.2259684698767,-160.975579543493
17.8065,12.413822802224,-157.416946319728
17.807,-0.847559622672731,-155.083027865213
17.8075,-1.82060828486887,-147.663496242247
17.808,-8.35936201972195,-133.870261412399
17.8085,-32.6577252753241,-114.996813432804
17.809,-59.2559280778116,-91.5516092679911
17.8095,-65.8272976539203,-68.5333403872371
17.81,-56.8948982948891,-56.8370821920935
17.8105,-55.996060364413,-60.8721635477468
17.811,-68.7308048174799,-69.5221689236046
17.8115,-77.2844020725165,-67.7552161277512
17.812,-73.4209991929473,-53.7413865811847
17.8125,-72.2363138773772,-36.9015822727787
17.813,-83.0516737329587,-23.0099695736637
17.8135,-87.1749976328933,-10.2397111942013
17.814,-60.8763574595289,2.67305622187019
17.8145,-8.64520167501325,14.0585741511275
17.815,41.2337407438263,24.7060204064314
17.8155,67.0544170209761,37.1426228467583
17.816,68.6998105787274,49.0082743323414
17.8165,60.8170896067459,54.4266466241961
17.817,63.1050781510717,52.7748232889457
17.8175,89.2287413929261,49.8770884152664
17.818,130.272489442981,49.9429349573892
17.8185,153.369493707967,51.7198427205207
17.819,131.996613235358,52.2007005020032
17.8195,77.4382416226819,48.4332778833571
17.82,27.741709746053,36.819231394904
17.8205,5.62379326973977,17.7808377938093
17.821,-0.00298247417130456,0.978483162929014
17.8215,-10.0378843241197,-1.78057306239892
17.822,-28.0435964259911,9.58179097747377
17.8225,-44.0866349935289,22.6830837337356
17.823,-54.1290714314567,26.7352423396412
17.8235,-64.0753006186593,21.3903760524932
17.824,-77.6903654813346,11.5904372688749
17.8245,-88.9290494417814,1.63078819240624
17.825,-87.7907519807528,-3.57179935852095
17.8255,-71.5893101686276,0.449907181478455
17.826,-50.2128989179997,10.3862961386975
17.8265,-39.0698936633201,14.4181492859845
17.827,-43.7933852133065,4.16082472443393
17.8275,-52.8928203522002,-15.3892519703129
17.828,-50.0370700270735,-31.0958143013484
17.8285,-32.9109185280711,-34.2183370576333
17.829,-14.1905102522518,-25.5366744670859
17.8295,-4.23738051029306,-11.4724538072357
17.83,-0.502449666031018,1.61391197349337
17.8305,4.37799936559858,11.0521714470851
17.831,12.800881363992,18.1729324430228
17.8315,25.2332261774629,24.6683169316126
17.832,45.0694371731028,29.3033734951742
17.8325,72.391215555978,30.4253850916924
17.833,96.733043243306,30.2966614913434
17.8335,103.720135638134,32.8628443475759
17.834,88.4320749279312,37.9379160905751
17.8345,58.4387138588186,42.1490997252215
17.835,26.2459396452109,44.7970940089626
17.8355,2.60165968254755,46.9450034359918
17.836,-7.34690762020542,44.9622216434871
17.8365,-8.56984864667915,32.5748083320072
17.837,-14.7225004859835,12.090313956457
17.8375,-34.3941997070417,-2.38758457544986
17.838,-58.605394217615,3.21997666612568
17.8385,-68.746914376143,30.772622338084
17.839,-57.8442419584806,69.5754768313162
17.8395,-37.5466942257415,102.546617857935
17.84,-22.5505736881919,112.906970570912
17.8405,-14.9132373112787,94.9877921590998
17.841,-7.09719832353727,64.9665130142112
17.8415,5.82763444226268,54.4477111098668
17.842,22.7789927811002,84.2744156157056
17.8425,41.4272620479659,143.951538215344
17.843,59.480492210767,199.457830472133
17.8435,71.8188861644654,219.926652329041
17.844,71.9780904352366,196.716977147648
17.8445,58.2859757578763,143.076054234569
17.845,36.1260196687665,81.0044789663274
17.8455,13.5940044613743,26.4396589059429
17.846,-3.32943608064264,-16.8744227016724
17.8465,-12.392535243284,-50.0396378593096
17.847,-15.9221883104143,-69.0471187267652
17.8475,-20.9497698838766,-69.0738075922409
17.848,-34.2277573429209,-57.8252126249717
17.8485,-53.525840330443,-52.8562874004408
17.849,-65.6795356674269,-59.5030836601672
17.8495,-57.3449455015018,-61.408359527966
17.85,-28.5761846484552,-43.3310781174761
17.8505,6.13420101717277,-17.169762620318
17.851,30.4977853631522,-12.8331287370334
17.8515,38.1930274139197,-44.070771497221
17.852,32.4431985767338,-93.6830938436051
17.8525,18.4582328446595,-134.359535553456
17.853,0.487912136732054,-156.507820970161
17.8535,-14.9926062297005,-173.027549556025
17.854,-18.9655202275003,-202.387339746428
17.8545,-6.90200195090702,-250.085287644641
17.855,14.8779143349361,-303.525742661838
17.8555,33.5702304683916,-342.533603947021
17.856,42.2185396914127,-355.194391951752
17.8565,45.5804319872704,-343.124508439741
17.857,51.2413421260602,-312.544460577214
17.8575,56.6939745461508,-266.241747739368
17.858,50.6151829237801,-207.852134303731
17.8585,28.8444482374702,-147.585385151901
17.859,3.37391461295796,-95.3852473713792
17.8595,-10.7096220398271,-50.2230627313264
17.86,-14.049701863113,-2.92659364573645
17.8605,-20.2768151038364,51.2704199030212
17.861,-34.8554391043659,108.128123663911
17.8615,-47.5464176871114,159.738841958873
17.862,-50.5274039270638,198.245837377581
17.8625,-53.1174068081683,217.55997249892
17.863,-68.0369866078791,220.104284109861
17.8635,-90.095941414316,220.349360470306
17.864,-101.958086366937,232.012657727564
17.8645,-98.2006034497774,250.957609366597
17.865,-88.6628293686195,259.204077914344
17.8655,-76.495302490454,246.513531053848
17.866,-49.1930341100213,219.247557041266
17.8665,0.0860738754266538,187.64325185384
17.867,54.6357991978849,155.711891726424
17.8675,89.8175589012895,126.61103096626
17.868,99.8681805615082,105.335886732312
17.8685,97.7888978135167,88.7288790608485
17.869,93.3793384404314,63.4233396565855
17.8695,84.2196184110859,23.8211790389147
17.87,67.6532455856868,-15.2840775410402
17.8705,49.1013051515587,-34.8477689260044
17.871,34.0506197899496,-35.673040611195
17.8715,19.5041509723344,-36.1073295606385
17.872,-1.51652855307412,-49.0543023639597
17.8725,-30.2547995824027,-71.6212483738762
17.873,-59.3610951354105,-94.9414799343887
17.8735,-77.8334470507848,-111.751248608161
17.874,-79.758883412585,-112.922552059913
17.8745,-71.8983667753612,-88.8423155011823
17.875,-70.7265827301593,-41.1707608030981
17.8755,-85.784017268647,12.6824565017136
17.876,-106.326374271022,51.9752523764017
17.8765,-111.014244025668,66.6962531592621
17.877,-91.2984987835405,58.9508637940153
17.8775,-58.5409882894379,37.9406757415858
17.878,-27.550263118284,17.3204293192537
17.8785,-1.65152191420758,9.88249015926277
17.879,23.2361392173815,17.0775742174491
17.8795,49.0769554572423,26.8862427640931
17.88,76.438150644509,28.118494177274
17.8805,106.972950793808,23.9015554237229
17.881,136.556572398536,24.4283533293709
17.8815,150.935868926715,28.8368770688557
17.882,138.214155544891,23.2260310604302
17.8825,104.559853058512,-1.55498709570301
17.883,69.1596420935533,-37.030313893243
17.8835,43.5541792167582,-65.3349527710192
17.884,23.8260932095857,-75.7860465544431
17.8845,4.04447238816554,-70.6708712322739
17.885,-11.69130126837,-59.6230297784263
17.8855,-15.4258737499539,-52.6339850165905
17.886,-6.96528224723017,-54.8479652165271
17.8865,7.36980376503418,-62.4833703628656
17.887,24.0938076801104,-64.8173647755777
17.8875,43.5282133458839,-54.5702067669537
17.888,62.0714605296173,-36.1549307866305
17.8885,70.3556017192719,-20.7439727089246
17.889,62.19276328246,-14.4992351289878
17.8895,42.3646193663114,-15.2129332418212
17.89,23.0550134498469,-18.6466659642499
17.8905,13.6260947891634,-22.4918001129611
17.891,14.1824556930634,-24.0236435150188
17.8915,16.5288176912886,-19.9483054765366
17.892,10.3238066988418,-10.8937630524327
17.8925,-8.6655301987246,-1.47432567201869
17.893,-33.9119935992138,6.6042577862474
17.8935,-53.5758765584419,17.1835526720516
17.894,-62.4646819337723,32.2288695754042
17.8945,-65.9796023125084,45.8233722530676
17.895,-70.0888368464157,50.1879617911487
17.8955,-71.9086183059627,45.4294024054943
17.896,-65.5932188191306,38.6680980490742
17.8965,-53.9957149207973,34.3193977100184
17.897,-46.3551103980123,29.5353081147756
17.8975,-45.1268917244043,20.088948495887
17.898,-43.88112009753,7.93916598919882
17.8985,-39.8409729638935,1.05251382905528
17.899,-39.5984129165864,5.67115295504964
17.8995,-48.6947849540016,19.1067707986653
17.9,-64.0860906329517,31.2946070495089
17.9005,-82.0920233401151,34.3745771526203
17.901,-104.41064221742,28.7960944006856
17.9015,-127.182833312722,18.2758430910528
17.902,-131.773720911861,3.81375528410575
17.9025,-99.740111470932,-10.147318258315
17.903,-35.9650550674758,-8.23273005017862
17.9035,33.1588058833547,22.4729437387538
17.904,84.2689972176583,67.8212302126613
17.9045,111.01007932952,90.2037860366393
17.905,115.431813532633,67.6075759045254
17.9055,98.8729204096982,18.795154709655
17.906,66.8623338971754,-22.6625607829564
17.9065,33.9935955255366,-49.3057959179574
17.907,15.3269776352628,-77.4664604761252
17.9075,13.9925936656221,-111.230800531363
17.908,19.7762705971993,-132.529597557383
17.9085,18.6400388859871,-130.271031651286
17.909,4.69121611229146,-117.573168261056
17.9095,-13.2997956064516,-110.248692174225
17.91,-18.6628875434853,-105.605570045358
17.9105,-5.21029530541163,-95.3457902285497
17.911,13.5200678751263,-84.5194570570162
17.9115,20.7269316459441,-80.5414186026936
17.912,19.1361461893793,-73.2695687392229
17.9125,25.80536747036,-45.9158293916657
17.913,44.0115220751499,-3.48177882973185
17.9135,54.5695446644034,27.4299319525229
17.914,41.3493712313208,30.3526218730002
17.9145,13.6463342334994,17.9721293506318
17.915,-6.08676735591597,15.5751684852567
17.9155,-8.40436951887655,34.8169536906054
17.916,-1.13474322610813,67.1554432848631
17.9165,5.90127740683926,95.0216457822668
17.917,9.59375425277011,105.412148892055
17.9175,10.1648680395522,98.4208164237454
17.918,9.00994091901488,86.1419484448932
17.9185,9.71150164381881,80.1691225358737
17.919,14.5445273215787,80.0966229669055
17.9195,20.3315507620865,78.3092535008592
17.92,22.4642700283088,73.3824649159983
17.9205,21.467100167134,70.565855362904
17.921,21.1823514441685,69.9259565917742
17.9215,22.4294523631914,64.1613149871995
17.922,22.5722870421253,50.3584081733014
17.9225,19.3681617392422,34.6993465116903
17.923,12.1899011329657,22.4133202790866
17.9235,2.52502825899807,12.186535321326
17.924,-4.16781266408585,4.44755189791654
17.9245,-1.86935273746779,5.08982947709595
17.925,7.40528710590909,14.0026271144393
17.9255,13.8900811218389,18.4919137181435
17.926,12.4504473668283,7.32771829370686
17.9265,7.78746725347727,-13.8641390966632
17.927,3.07597516120492,-29.5351254571917
17.9275,-7.25249159479249,-32.6556513636102
17.928,-25.701462031617,-28.9423485624761
17.9285,-41.8471183404056,-26.5028000263803
17.929,-45.2112079360844,-28.6944178219661
17.9295,-41.3103223079015,-34.1184119350724
17.93,-43.4368527384674,-36.6982783738237
17.9305,-54.0592058743392,-29.0593192508282
17.931,-66.0123103251456,-12.978445857176
17.9315,-75.9802001798695,-2.85400977576463
17.932,-82.642818621379,-10.5896595179189
17.9325,-76.3491200538744,-29.7207760023025
17.933,-47.4411816458159,-42.4900798905809
17.9335,-3.85264551062727,-39.7567496623844
17.934,34.954283333338,-25.8597496140628
17.9345,60.842740667267,-8.21838163044794
17.935,78.1615559415817,6.98202624518532
17.9355,84.047209877641,12.3686781128841
17.936,68.5919766144742,6.08163395740196
17.9365,38.5307538915536,-0.35308133347527
17.937,19.1627081863123,4.83449132618363
17.9375,22.4169108625512,12.4155100143571
17.938,30.2861463437738,0.404123747768036
17.9385,21.581563989945,-32.8488624413424
17.939,-0.249067646818181,-60.8280284370969
17.9395,-18.8268845050377,-61.80536983618
17.94,-29.6231530013148,-44.0351082770594
17.9405,-36.8032658262219,-28.0275405273417
17.941,-36.6332406306344,-19.0407780896411
17.9415,-22.8358009129387,-11.4322082169751
17.942,-3.32658737457019,-7.33011084943834
17.9425,5.17650067793771,-12.2940008132983
17.943,-1.80254626537134,-19.3135443883525
17.9435,-12.7964196988796,-15.5354582179927
17.944,-15.7850800924606,-2.46102212205795
17.9445,-7.33238137540002,6.66405930546945
17.945,9.89349421742564,8.65393628911092
17.9455,27.9352751300899,14.2302342427195
17.946,35.1367589261175,28.870431805287
17.9465,27.4459973756143,43.4807427300211
17.947,15.3440393823276,47.0893664603941
17.9475,10.5405717457185,38.3582866706543
17.948,10.8490722294213,23.0463918025419
17.9485,8.37299814567024,9.58395191404589
17.949,5.41433167086546,6.38002905798909
17.9495,7.90378648468348,12.3105298871757
17.95,8.83475812906458,11.4634525374938
17.9505,-4.11309677474444,-8.70907299721906
17.951,-26.4131869222423,-34.7419721399051
17.9515,-39.9809197514499,-39.6285120930045
17.952,-39.1967344017021,-20.094711206008
17.9525,-36.29379247265,-2.40192086973594
17.953,-38.8666718505469,-4.584534955176
17.9535,-40.0405536748427,-12.6920076259138
17.954,-35.2039779374161,-6.41437642310819
17.9545,-30.1575526659448,9.87969699583102
17.955,-25.7916669278728,18.9280913578249
17.9555,-13.0397020602589,19.8695537945997
17.956,6.72667427559298,25.7046871990185
17.9565,13.6534801236942,38.9349860257686
17.957,-4.17173837034393,48.7288142817129
17.9575,-30.0545236931795,48.5109038323886
17.958,-39.8310855610351,39.4093114578351
17.9585,-32.4898742058768,19.7554150862989
17.959,-23.403295761008,-10.4695611500885
17.9595,-16.639987991599,-35.8648700030841
17.96,-3.72332683982213,-36.3084730348081
17.9605,13.770413979077,-15.6969607977592
17.961,19.8862791299056,-2.44350142904773
17.9615,5.81482809863186,-13.8784977078639
17.962,-17.1126149215383,-34.7496474475207
17.9625,-29.4658626482506,-40.1141460474338
17.963,-20.8093317538319,-27.0061243509862
17.9635,5.26199018792569,-12.2098793020514
17.964,34.9807807580938,-7.97757655277169
17.9645,53.5941327435278,-12.4056949421699
17.965,57.791968551684,-18.6234289439949
17.9655,57.6600988792667,-21.5820767865875
17.966,61.0717470569069,-17.0244143725954
17.9665,62.4169219869906,-3.11854412134288
17.967,55.7694841714421,15.5011543517482
17.9675,50.770308571083,30.131976153326
17.968,59.8551523341559,34.6022074707732
17.9685,74.5288199821032,27.8424950145377
17.969,73.3206046777814,14.1073008847105
17.9695,53.7522364585057,4.37061625494033
17.97,37.3565480565153,11.5451409228692
17.9705,38.4543730834311,36.3525221678566
17.971,45.9923792404469,60.754398426133
17.9715,44.104798795109,63.9327430767563
17.972,34.097206027629,44.965022995959
17.9725,25.3531771425416,23.1923766991164
17.973,18.783324514995,16.0495975936308
17.9735,12.0348134562864,22.8205060459198
17.974,9.14918540159578,30.5731700187779
17.9745,10.810792681035,28.9413593053121
17.975,4.65311846120718,16.6137136786683
17.9755,-19.0439420744197,-0.580075312676841
17.976,-48.5516720069599,-13.9698250116349
17.9765,-63.4432781147511,-18.3562009847298
17.977,-62.1425859906691,-17.5228017897497
17.9775,-61.0146069803487,-20.5596408132001
17.978,-68.0596396932726,-30.3387548205968
17.9785,-74.3053234586188,-39.6338486702275
17.979,-73.269843035609,-42.3093566929671
17.9795,-72.7449478946546,-44.4153471855088
17.98,-80.1985538357576,-58.1266574527809
17.9805,-88.1686558399919,-85.3334283600837
17.981,-83.0544528049188,-112.114819353665
17.9815,-62.0369432381251,-120.230579440878
17.982,-34.5619782086411,-101.218993562007
17.9825,-11.6603781543694,-60.0802802750416
17.983,0.825520158211427,-10.3989446412744
17.9835,2.3774559754724,32.0212927621349
17.984,-3.07612925932178,55.3410205802127
17.9845,-9.17022153339143,57.5136359519696
17.985,-11.4088102232522,47.4766433486923
17.9855,-9.71689380378542,38.4656772448944
17.986,-7.27899990286587,38.0907052261549
17.9865,-8.51574288833739,44.0642901895781
17.987,-16.0370702436226,48.9703822091172
17.9875,-25.5450143251495,48.2568593421803
17.988,-26.0523471886897,42.810701937471
17.9885,-11.3546023219359,34.6004746977623
17.989,9.97752640596995,23.2181369168831
17.9895,23.2404642414128,9.6642995894004
17.99,25.5503699168519,0.914678054272709
17.9905,26.7033789058385,4.00335275403342
17.991,32.2457827255286,14.224254497703
17.9915,37.0202141142849,16.8401060497381
17.992,38.9723783860515,6.00395138196408
17.9925,46.7552693788154,-4.83038057395511
17.993,64.3464791243413,-0.916336631917152
17.9935,77.318179575663,9.65697334193587
17.994,67.1720129111278,3.31061823525669
17.9945,36.1829259355197,-26.1050112476649
17.995,6.73159104234016,-55.4572289699571
17.9955,-4.32564107489936,-60.1434496467824
17.996,-2.04352250614704,-42.425815274184
17.9965,-3.05644793067527,-22.4213452317921
17.997,-15.884595708775,-10.7692839147793
17.9975,-33.5986326021253,-3.84779094816874
17.998,-41.2567941353335,0.501392757199652
17.9985,-29.1650520082932,-0.0421035055113994
17.999,-2.77210574300392,0.0568921743435459
17.9995,19.2384743329767,11.7955019183726
18,19.9026439206852,31.0044062987062
18.0005,-1.14404682293655,35.3082227267646
18.001,-27.8438792913126,12.5691627471782
18.0015,-40.807002868621,-18.0669999246042
18.002,-29.2910500823994,-26.6759236909206
18.0025,4.03689991830484,-8.78701360740857
18.003,43.180027914067,11.5102087651465
18.0035,65.8543454264599,12.577503477232
18.004,59.2524250022887,-2.79364295421807
18.0045,31.8944805949433,-17.0337601703299
18.005,5.92509519356423,-17.5000822800332
18.0055,-3.49259592019187,-2.24634684015169
18.006,1.6084043441532,23.5113584830571
18.0065,10.0645777907081,48.2584089791495
18.007,13.228533032876,57.3166762423882
18.0075,8.84097717719289,44.8929177708037
18.008,1.0547733416439,22.6579085979169
18.0085,-1.10185842047281,9.49602138266059
18.009,8.18210639600724,11.7570334308266
18.0095,22.4131576261371,18.8685334883695
18.01,28.4464687574627,19.4276335612972
18.0105,24.1767660475723,15.3598091225493
18.011,22.7812817223889,15.9495273714465
18.0115,34.1008911422958,22.2242091175247
18.012,49.4772814943094,24.0764322919707
18.0125,52.9665754259024,13.1634874528652
18.013,41.3805724105438,-6.42025275244717
18.0135,23.3089152828935,-22.6134603140471
18.014,2.81242864762533,-27.6217009571091
18.0145,-23.2889489072919,-23.4685773900354
18.015,-52.2948477361519,-17.9344917074206
18.0155,-72.8475748765662,-18.7886259375694
18.016,-79.6349489391591,-31.379477906685
18.0165,-80.7378949216859,-56.5448108986462
18.017,-84.4162074750686,-86.2671484983555
18.0175,-87.1118106876867,-102.973808725261
18.018,-81.7971969958584,-90.4496498668648
18.0185,-70.2656525240496,-50.9789016155372
18.019,-56.6998154359403,-8.43872641409397
18.0195,-34.404144241761,13.6447757019665
18.02,7.07506512996336,18.0396136320699
18.0205,60.3187892858304,29.7562755719827
18.021,98.0791837767735,62.5205659684795
18.0215,99.7652349651154,98.0961081778864
18.022,72.7395188804395,106.645017204675
18.0225,40.6163847055388,80.2209127869383
18.023,16.3113396996525,35.8190275073012
18.0235,-4.45900928043262,-7.49994426093435
18.024,-26.1636014512439,-39.2781901534651
18.0245,-41.9039369245557,-50.372677155625
18.025,-43.496351191897,-36.6838889211258
18.0255,-35.9855598906372,-14.4729304565463
18.026,-34.5022852425171,-11.4894649602458
18.0265,-47.4767783099917,-32.487345474795
18.027,-67.8464299521858,-50.8272590634738
18.0275,-81.6052837921552,-46.8023545080968
18.028,-81.3134993874845,-36.4219894169072
18.0285,-68.9165520171572,-43.6138315976227
18.029,-47.799781812673,-59.1947512782151
18.0295,-17.1168939444552,-52.8433029773921
18.03,23.1091782171301,-18.5037426613035
18.0305,63.3951309093812,18.4033567050591
18.031,86.9605490862386,37.7751025464836
18.0315,84.1492479376446,43.5056660168129
18.032,62.623460295089,42.4627013935792
18.0325,39.1255348528419,30.0726659821116
18.033,22.0531305137304,6.49008213536864
18.0335,7.29533699513724,-13.2142242078082
18.034,-8.55787484868765,-17.102018098888
18.0345,-18.707962880827,-9.57366327773589
18.035,-15.2505468743648,2.87332519287346
18.0355,-2.32451430239825,22.9142517928586
18.036,8.22701557445554,48.2249661974679
18.0365,12.6810731639252,62.4506183728839
18.037,18.2379711762015,55.8945388936392
18.0375,29.0823963442662,43.0667800877476
18.038,38.606590077555,43.4328606073753
18.0385,39.7165412101137,53.7015005185963
18.039,35.155469980586,54.9877298020279
18.0395,30.8619818904224,40.363669651902
18.04,25.0055410313474,19.6195910889389
18.0405,12.6422009336606,2.03005566539851
18.041,-1.6760300911653,-9.98428705356915
18.0415,-6.09047288858453,-13.6093762322404
18.042,2.74566783203818,-7.72607056964668
18.0425,14.4479458372932,-1.3255575042077
18.043,18.2674796690884,-5.72697470253066
18.0435,14.8865677365117,-17.6483773627065
18.044,11.6658085879623,-22.2350048072869
18.0445,12.7044786890358,-14.1276716783771
18.045,18.4179291726832,-4.12417179327417
18.0455,29.5119904301145,-2.4704937940977
18.046,44.9369638258684,-5.49485106594383
18.0465,58.5729595799753,-2.77898716680268
18.047,63.3681114700076,9.10742159189013
18.0475,57.2680186692074,23.2474973532384
18.048,41.5658529765635,28.7461639027285
18.0485,16.8541823995633,19.4275184225274
18.049,-14.3311917288872,-1.20522681342116
18.0495,-44.4179809723421,-24.7740840018889
18.05,-67.3987925810719,-48.5702386805596
18.0505,-86.6764588557544,-75.1829648439379
18.051,-108.866798154449,-98.8442381285975
18.0515,-130.492480680107,-102.99150454789
18.052,-138.842790261767,-81.1074828165843
18.0525,-126.951995831359,-50.9058352137722
18.053,-100.194113793947,-34.1976270955928
18.0535,-66.9443142583504,-28.6404150442076
18.054,-31.4754610414337,-14.7249170461194
18.0545,1.19033450888324,12.8134244136199
18.055,23.4724391994437,37.8158712232653
18.0555,34.813012335271,47.4266933190498
18.056,44.9351755674657,47.155898490514
18.0565,59.3761525929756,46.8084894559751
18.057,68.578417339274,45.9632071377632
18.0575,61.4098615797686,40.5875678499237
18.058,44.4917084557501,32.874701150967
18.0585,35.9226802777241,26.5573946223843
18.059,41.4491658128598,20.4957545200955
18.0595,49.3893732645781,14.2012862917038
18.06,50.3888187755208,13.4939049999943
18.0605,49.144341806817,23.2365769909028
18.061,51.0577585363368,37.5426753828609
18.0615,48.9813796252974,43.1567422714157
18.062,33.7160051817323,32.7099342734335
18.0625,11.4846339481242,12.7452090041801
18.063,-0.576846350457301,-1.93381770050588
18.0635,3.93724334380855,-3.49377215493769
18.064,11.8217757189285,-1.06000166565097
18.0645,4.98029272528005,-11.2891466713712
18.065,-20.7701886060435,-37.4272199934802
18.0655,-53.0457212953983,-64.3602220230083
18.066,-75.4917096339404,-77.274016377228
18.0665,-81.7600140126324,-75.7245238410793
18.067,-79.6348375153617,-64.6574567850531
18.0675,-82.4786272027437,-45.5323219793404
18.068,-94.692098933677,-26.2919344691121
18.0685,-104.83107163469,-23.2602917675657
18.069,-95.0544664141725,-35.0352285321314
18.0695,-59.1750507259428,-30.321547921274
18.07,-11.3716837747199,11.4957133996326
18.0705,23.5610889441252,57.9955760642766
18.071,29.556353037007,55.2908884619561
18.0715,11.1164381354221,1.22241251648585
18.072,-11.6931931352274,-47.0099069856837
18.0725,-19.5074065566712,-45.3377390444206
18.073,-6.65748711570121,-10.3221956080734
18.0735,18.7495798642528,18.5809861168188
18.074,43.7867999624595,31.8883181451059
18.0745,58.1024953089131,42.728026768472
18.075,56.2459714851585,51.9015358826512
18.0755,39.5583536621038,49.4386076346689
18.076,18.2998704941244,38.8914892399402
18.0765,7.422366831141,35.3389930562941
18.077,15.0730693155,44.1049248264077
18.0775,35.3138152481795,57.7231284837357
18.078,54.5836401277857,67.6151307053005
18.0785,64.667499131358,66.1222267750488
18.079,66.942426535305,46.5980940633553
18.0795,65.0518661976631,15.0010559690588
18.08,58.0859278789024,-8.30043937013917
18.0805,43.6490618665511,-11.2933618104612
18.081,25.1788275906476,-4.81679411775909
18.0815,11.5448671349464,-2.91776112684366
18.082,7.66305021875868,-2.52036028764206
18.0825,8.44089278337489,3.20654195833225
18.083,5.58229810446883,6.59219414429428
18.0835,-1.13174516027243,-1.08364940053659
18.084,-4.76528920753821,-11.3046308191435
18.0845,-4.01807537370779,-13.2468718515662
18.085,-7.7610137779538,-14.7751335118932
18.0855,-21.7651257753855,-28.0691149888438
18.086,-37.0702906147513,-46.5769551132297
18.0865,-39.9276749145267,-58.229955533741
18.087,-29.7319849187399,-68.3543859172085
18.0875,-17.4048643550487,-83.603292795141
18.088,-8.31826724792186,-85.9309806570557
18.0885,0.780358894921981,-54.5149379708549
18.089,7.38373223774562,-6.23840471116201
18.0895,1.20679760518097,19.7965266984848
18.09,-16.4278340625024,16.2630484539867
18.0905,-24.8762941900362,12.7546144172049
18.091,-8.25733836560641,26.5498157359851
18.0915,21.0143038717818,43.3531014668632
18.092,35.4479566166824,51.6352537331041
18.0925,23.9512694068514,58.8890921062665
18.093,-1.68743420126321,61.9768733204793
18.0935,-26.3686292180144,37.5722784927176
18.094,-43.2351861139526,-17.9536795548758
18.0945,-48.1668436438099,-68.9665171429121
18.095,-39.181491721211,-83.7894743040055
18.0955,-24.5758789091016,-73.7475642903941
18.096,-18.2604615993316,-66.9172726729368
18.0965,-21.6302467652673,-65.2720261862936
18.097,-20.666573445534,-53.0732855647097
18.0975,-6.73310853814845,-29.4580676983519
18.098,8.8221342478915,-5.39464696917122
18.0985,7.10853480348044,18.7878784075009
18.099,-17.6582119865779,46.2163332394739
18.0995,-53.7682462082526,63.3584545714406
18.1,-80.8809308830068,53.7881376673047
18.1005,-80.2714528686471,27.5796759685436
18.101,-46.8225458244051,12.8181653426943
18.1015,1.5632965507695,18.8379477573128
18.102,34.1048675251139,28.1747169475371
18.1025,35.0012663875917,24.2038055219875
18.103,16.9142108530014,7.98088253599062
18.1035,2.46050276471128,-11.7432793618839
18.104,0.608914079580124,-26.4456451222982
18.1045,8.0440195471066,-24.679681764611
18.105,23.2022410133351,0.58174077396567
18.1055,45.385431339978,36.9934640323603
18.106,65.1141376640037,59.8651813412843
18.1065,70.1789682257609,58.7696841567369
18.107,62.0436451234439,45.7104573115115
18.1075,55.1352539122786,34.949237614565
18.108,57.8177795053156,27.9835714114724
18.1085,62.6245093304101,21.7303544851512
18.109,57.1623368446471,17.3409336020973
18.1095,37.3642580986719,13.6826219389823
18.11,8.6002640984378,3.27847999005061
18.1105,-19.2107010104549,-16.3351883114614
18.111,-36.1525862247678,-34.6168016441726
18.1115,-39.1088993652049,-39.940089604375
18.112,-36.0903779717376,-34.8643307208119
18.1125,-37.5068324387371,-31.4497917711442
18.113,-41.813609560445,-33.2272893526472
18.1135,-37.4184561375463,-29.2741059843944
18.114,-21.3416088160661,-8.45495027350559
18.1145,-7.09649131414353,24.1682930355843
18.115,-7.75684951418921,49.0204840747785
18.1155,-17.9761340917946,50.7411165779712
18.116,-21.7033790171016,32.7677124163619
18.1165,-14.8091261769312,11.1784002187422
18.117,-10.3366448961968,-3.16721680265205
18.1175,-19.1981735249223,-11.7394240086406
18.118,-33.0445924872729,-20.3186703732755
18.1185,-32.4529496207737,-32.0885807586252
18.119,-10.3096483164937,-48.6835195208088
18.1195,18.4795130956925,-68.1758074028055
18.12,32.3955656994233,-79.1716209624401
18.1205,25.1991924345887,-67.2744059731354
18.121,9.75668901345765,-32.9934714925558
18.1215,2.65963232193662,5.52576311174445
18.122,9.64015852192822,32.2128647694384
18.1225,25.2065968331084,44.7695536802118
18.123,40.3501374960734,42.3913082288146
18.1235,48.2727742634106,19.5497979932644
18.124,47.5286596342819,-14.251261312653
18.1245,42.915859446475,-25.3560388312332
18.125,39.6039288108062,9.46682186044715
18.1255,34.1453856133713,65.8447117683958
18.126,16.8898941301411,92.9723569969607
18.1265,-12.7473045107085,71.5812763977654
18.127,-39.8032571819253,29.4967791606302
18.1275,-49.2167016655993,-1.51302119303379
18.128,-42.8924176405776,-20.2283755861089
18.1285,-33.8910545527848,-39.5453016107328
18.129,-28.2772276773504,-58.5351609922105
18.1295,-22.3603265592771,-67.2002998734355
18.13,-14.9127783930962,-64.820603641489
18.1305,-10.3854284941007,-56.6037762692893
18.131,-9.16380988829055,-40.3418573243096
18.1315,-5.27348354217608,-11.9694563907194
18.132,3.14943890062448,19.9633591231794
18.1325,9.877576834702,39.3088920458447
18.133,10.7661386012091,40.8928826912534
18.1335,10.0896162349459,33.5451801967858
18.134,11.8985240002984,25.2835265037952
18.1345,11.1780752142225,15.2988587821362
18.135,-0.531840190561212,1.57890642368333
18.1355,-23.0710942493666,-12.3241504625696
18.136,-44.3861672804496,-21.5445047736156
18.1365,-48.6724720240698,-25.5854943246534
18.137,-29.4797558390171,-26.7482495115854
18.1375,1.40938249683215,-26.0999011795609
18.138,21.0663943680396,-22.8961195071172
18.1385,18.4852316457924,-15.3017710140708
18.139,8.47918792756505,-0.0654174026055243
18.1395,13.5307502820312,25.493932068151
18.14,33.5725588389316,57.373821147868
18.1405,46.1936712407677,81.1319135654814
18.141,37.8446295142213,79.1506320730705
18.1415,20.1220576744029,46.9241716505478
18.142,9.42671028318061,2.36090255705356
18.1425,4.78960968202204,-26.3047485062357
18.143,-3.96191300443278,-25.7714838512253
