time_s,EMG_ch1_uV,EMG_ch2_uV
15.884,-52.2166622822981,-53.6054703960366
15.8845,-95.9328800182905,-28.8044536337878
15.885,-127.212550648789,3.72376786238012
15.8855,-147.084788466619,26.5700006072734
15.886,-150.743839691149,31.9842839549315
15.8865,-137.327146882539,26.8673477281712
15.887,-120.195307875103,20.2627136193693
15.8875,-110.606476560658,12.350059961072
15.888,-98.0673178109382,-0.893676697493473
15.8885,-62.3361363018834,-18.1289813642188
15.889,-2.49109913444678,-33.8788947637489
15.8895,58.512539417699,-46.2879472766135
15.89,97.1103358489078,-57.3871314381106
15.8905,106.281303745445,-66.4141167091211
15.891,91.1212007329013,-68.3132448177716
15.8915,59.4120401935502,-59.5987825271764
15.892,18.8060626314503,-42.1247967885882
15.8925,-24.8638357579643,-21.0477612700769
15.893,-67.9027490565383,-2.4849265099747
15.8935,-102.445600015316,7.5887567794683
15.894,-114.755108033946,7.13834950499818
15.8945,-100.658620154085,1.72357694309349
15.895,-78.5913081860777,0.0240654896343971
15.8955,-71.6216537884389,4.3767773727466
15.896,-76.0874936843993,9.69475826273969
15.8965,-64.8423969258052,12.6929401576471
15.897,-25.6257553094736,16.7719568505614
15.8975,21.2385503637639,24.8736499039361
15.898,51.3059729324738,32.7441969689161
15.8985,64.855673991601,34.3928174758311
15.899,74.7599703858277,31.0270188669017
15.8995,81.3202276375281,29.03609403873
15.9,77.5470798172729,30.673743897538
15.9005,69.5319938187872,32.065145420643
15.901,70.9475178741425,30.0727448663507
15.9015,80.4384800536951,26.1395917997011
15.902,82.6661539849787,22.5944211240176
15.9025,71.5540733826219,19.4531528846815
15.903,56.1949430531024,16.3766182511236
15.9035,42.8500435571041,14.301821125359
15.904,27.723472021695,13.1809385717825
15.9045,11.4132833947302,10.8320262243632
15.905,4.50405425782105,6.4021324356833
15.9055,10.7843140779539,3.34142145572249
15.906,16.9422037649151,6.64148714994884
15.9065,8.18123091541353,17.4746140102635
15.907,-13.8131085290427,31.5879001940435
15.9075,-35.8175899255639,42.3385935864923
15.908,-48.8399441841745,44.6864432802887
15.9085,-51.9803090093183,37.5965646739773
15.909,-47.0344550227356,24.3622155248907
15.9095,-36.9401431502653,10.5085996464743
15.91,-25.6264386519213,-0.0935537129208081
15.9105,-13.6030065052393,-7.99343335340305
15.911,2.57345183399697,-16.8985360603218
15.9115,22.1919521165465,-29.1329479017941
15.912,37.1739593486425,-42.3583837141999
15.9125,42.4259318773302,-51.4952432981948
15.913,43.9197362887014,-54.1057643172512
15.9135,49.3424587128097,-52.5766038742631
15.914,54.8239744600187,-49.8696017338412
15.9145,49.2978900267693,-44.95786675574
15.915,30.675498533277,-35.6473294467229
15.9155,9.94953793985222,-25.2177432821721
15.916,-1.95470375743061,-21.4446977136538
15.9165,-5.87465104405022,-26.8850750013527
15.917,-10.724842865511,-33.9480811601775
15.9175,-21.4276093522203,-33.0574849976907
15.918,-33.4251573107671,-23.2176776020702
15.9185,-38.8324387807605,-11.0715870809035
15.919,-35.5757428525376,-1.97839198397704
15.9195,-27.4747054458442,3.52636788120467
15.92,-15.6345050242593,6.23482657721632
15.9205,4.04594760150524,6.9915408483194
15.921,30.2065998849366,9.22825499599359
15.9215,49.0959210791444,17.4498329658405
15.922,47.8823995169969,31.0364616913826
15.9225,31.8915241023298,42.9376213571676
15.923,17.2044953369457,46.4464724489041
15.9235,7.28098761324274,40.8529038201266
15.924,-8.98964874122588,29.3512035794058
15.9245,-33.9740314122178,14.3913874255818
15.925,-52.6165691050081,-3.03839588831898
15.9255,-54.9543770214069,-21.6995227405235
15.926,-52.2466415489433,-39.3912170646437
15.9265,-58.4005014818616,-52.7569145218953
15.927,-67.2406000052591,-57.8576916362372
15.9275,-62.7687340538742,-53.761586683516
15.928,-43.077805593149,-46.0648524739554
15.9285,-18.5443816299056,-43.1727201787894
15.929,6.52008527855552,-47.0147874072517
15.9295,32.4837805015708,-49.9864511222562
15.93,48.3251672507368,-42.9362993981387
15.9305,36.6762671655229,-24.0513099570859
15.931,-1.69916531254206,1.14331842243419
15.9315,-43.3737783640826,25.1299597383132
15.932,-67.1533824996523,41.7305675088975
15.9325,-72.9741572542125,48.0171972815381
15.933,-73.2927597586545,46.7539773934656
15.9335,-76.4229040238655,44.6932321639626
15.934,-81.646613760872,45.0207283841311
15.9345,-81.0004476706122,43.7542523007689
15.935,-62.6483344544409,37.4689439167541
15.9355,-21.6494599357538,31.9719432850802
15.936,29.294404382592,37.1099848176825
15.9365,67.8161710241179,52.8406535500875
15.937,83.0128589022243,66.6263457639551
15.9375,81.7644473305747,67.490729837633
15.938,75.0683674266116,58.3139744858284
15.9385,68.6423407457174,50.1380377043622
15.939,66.4293220557358,47.0880872942144
15.9395,68.9994109983812,42.5738229764585
15.94,64.9415133850069,30.8366605203797
15.9405,38.4882170393652,16.648160543656
15.941,-6.63449678066534,9.05500726698839
15.9415,-42.6442088545463,7.82700088847932
15.942,-46.0596072924156,2.31674120847966
15.9425,-22.9559876423257,-14.2854558330381
15.943,0.270924538011022,-34.4962382948211
15.9435,3.21793415181059,-44.8798191137237
15.944,-16.1654592038114,-42.1284150276934
15.9445,-44.6233179259804,-35.1881462387783
15.945,-61.1186648778551,-32.238912147912
15.9455,-50.048051074318,-32.1220367877665
15.946,-14.9039732898923,-30.3351690186406
15.9465,26.8068733371696,-27.0872409823546
15.947,64.046669577266,-24.8979476925815
15.9475,96.0956772621684,-22.4608030548618
15.948,114.481902952548,-16.458028790487
15.9485,101.428117506223,-7.68773591470445
15.949,57.9349382515507,-0.610162029294399
15.9495,14.8738050315049,2.44413828950572
15.95,-1.59195445559061,2.66255519127427
15.9505,-1.48284943467156,1.08997744769535
15.951,-8.98162282328663,-2.24648716054329
15.9515,-22.9041509407269,-5.5348550761817
15.952,-23.4313486044914,-5.6888326528066
15.9525,-8.1157909499253,-3.02354826241348
15.953,8.02605030023683,-2.43357546506716
15.9535,25.0075555457687,-8.09333270797627
15.954,58.4999845411906,-18.4961984071548
15.9545,101.784877634467,-27.8652496638217
15.955,117.119120910375,-31.5300647594481
15.9555,81.6540179373377,-29.4724575867876
15.956,22.1831430112574,-25.3930157134417
15.9565,-13.3423147452775,-22.4022849874527
15.957,-6.3780296114523,-19.3787048804507
15.9575,24.0058434570665,-12.7232477179029
15.958,50.8066388252081,-2.3787058008784
15.9585,59.8609631756009,6.40137551006843
15.959,48.1001406997594,9.78431303279343
15.9595,18.8503068215889,11.3895496566618
15.96,-18.8626026176819,17.0082055428056
15.9605,-54.420850861017,24.1549794643843
15.961,-80.4485307743448,22.8711534068038
15.9615,-93.0978521161695,9.3535744524357
15.962,-94.3025776630616,-5.91444588696425
15.9625,-96.0935840369808,-8.38358648325224
15.963,-111.301511957017,3.73541129082952
15.9635,-132.334717071015,17.1484784397406
15.964,-130.63965730006,18.3711235706509
15.9645,-90.1797871752989,7.59111203395485
15.965,-34.1878272832323,-3.96225867759854
15.9655,-4.23539504982855,-7.81327606845561
15.966,-15.9347828579394,-5.74772649323009
15.9665,-48.6682099480205,-3.66386186321307
15.967,-76.7400404431935,-2.33629256447979
15.9675,-94.5319386816608,1.84962789769139
15.968,-107.327150884123,8.54609748890392
15.9685,-112.287505381431,10.9762806380917
15.969,-99.6008477470832,3.66154103040974
15.9695,-66.7169999034081,-10.7308784273835
15.97,-22.4549163922491,-24.5891793924714
15.9705,21.6775129509136,-32.5566414160835
15.971,58.6874337881078,-32.7924020406239
15.9715,85.6526024525495,-24.3032971653563
15.972,101.676845498682,-8.13755421644687
15.9725,108.254833783279,9.53953647850956
15.973,108.721357892752,20.5781084435254
15.9735,104.700433905752,22.2568937142371
15.974,94.3273809164526,18.3682715324679
15.9745,76.7256146857462,12.4364178670446
15.975,57.3148343698111,3.84463520088388
15.9755,43.9748451186356,-7.54615023654622
15.976,36.7959965066855,-16.7743988118917
15.9765,27.6294270488533,-17.6651938615203
15.977,13.5505343074198,-10.4464774509314
15.9775,3.5125605506074,-2.69863809767612
15.978,3.60450134727841,-2.26662415322823
15.9785,2.58958493704685,-10.092745907704
15.979,-14.1720739568786,-19.6230558260536
15.9795,-38.828770536856,-22.2897301219504
15.98,-45.8142335903349,-13.8756186079533
15.9805,-26.2169878227695,3.3375106019197
15.981,-1.31239243502456,23.7002687960902
15.9815,6.57091534232824,42.6386721340099
15.982,2.6035778875887,57.8410095353206
15.9825,6.94488235483986,67.5579166454063
15.983,24.5780185142085,69.9576128090041
15.9835,41.6323474924401,64.766158752116
15.984,45.0079694635522,54.4274539202856
15.9845,32.6383115327857,42.8679903644681
15.985,9.50635712577606,33.2088814908962
15.9855,-13.9285677490462,26.4035374390039
15.986,-23.8186244275601,21.4427366363808
15.9865,-16.1500413302075,16.811746363022
15.987,-4.40385235338793,11.8117177026288
15.9875,-2.20616193473436,6.05315334435575
15.988,-3.14251583915234,-1.8396769266223
15.9885,8.32923080122428,-13.0515644736756
15.989,30.4257814150797,-25.4784052650342
15.9895,44.9995391457208,-34.0854507251905
15.99,42.5977839515765,-36.0712120083608
15.9905,29.0631344109305,-33.9921283106024
15.991,8.46889802736743,-32.1207654511498
15.9915,-19.7950121947827,-31.7411743370173
15.992,-44.1959547159034,-32.1627245156099
15.9925,-44.1216050004531,-33.9660137286689
15.993,-19.6286084779438,-37.8539178925013
15.9935,0.767956687872907,-41.6851312460105
15.994,-5.47992977918384,-41.8884153534778
15.9945,-28.3016731077068,-36.7990602282845
15.995,-45.1186580901776,-26.2357624879468
15.9955,-51.0866819482248,-10.533938222272
15.996,-52.4476907999944,6.02459576947544
15.9965,-44.3048627337156,14.1701041855591
15.997,-18.1389570119026,8.78961433816723
15.9975,14.454849100473,-2.13015320294836
15.998,27.9665777684524,-4.96557869433519
15.9985,14.3762547380819,3.0763220099447
15.999,-7.86828166013346,12.3902231582551
15.9995,-17.9151544001151,16.2147015201227
16,-11.6924091403259,17.8991943935365
16.0005,3.97728446254517,19.8588373568994
16.001,21.426624268002,15.8418935398032
16.0015,31.5717155056089,1.90938739656105
16.002,25.8122974171455,-12.9220035808192
16.0025,6.04709240730718,-17.2476670703926
16.003,-14.2033389064153,-13.8278688197702
16.0035,-23.75063609438,-14.8040043754032
16.004,-23.5240661491487,-22.5352219509008
16.0045,-19.7529068613294,-26.5543572124866
16.005,-13.985148982354,-20.5574339894186
16.0055,-4.34033648692609,-11.4125105616243
16.006,7.54771347693306,-6.91009648203023
16.0065,15.6485426247646,-3.64967153378996
16.007,16.124036128818,5.81243832027726
16.0075,14.8423040695363,19.5359689742185
16.008,26.2126912060411,27.8940692830739
16.0085,56.8817725718008,26.3944152389081
16.009,87.755502990513,19.8715130458132
16.0095,84.4461093202389,14.2810606754646
16.01,37.701641127805,10.5015959436318
16.0105,-15.9025382247455,7.73766256807146
16.011,-31.5693295618759,7.83750668877233
16.0115,-10.1333372249787,12.4789332745693
16.012,6.85340594955712,18.5723800308313
16.0125,-3.98982789378098,20.8022720084941
16.013,-19.4326356314035,19.2041219125151
16.0135,-9.45494840714325,21.048662704253
16.014,20.0144487986515,32.640784411606
16.0145,44.8311674839933,49.9846535708742
16.015,64.3321393264942,60.3575448975918
16.0155,95.398670377323,54.6035501926129
16.016,129.379125231619,36.5430485733717
16.0165,125.101477270584,18.3897528112184
16.017,56.3156900353532,7.48089931707783
16.0175,-50.4980155749827,-0.285887261173295
16.018,-138.65208366535,-13.7682031017863
16.0185,-174.697297591963,-35.9343774480106
16.019,-171.264121989194,-61.2616497949644
16.0195,-161.784723913109,-81.550313926861
16.02,-160.802468486642,-91.6676761175014
16.0205,-150.051210388884,-90.7633566786487
16.021,-101.374610158132,-82.0019012308463
16.0215,-12.5011034529519,-72.6491256299776
16.022,82.3248124194075,-70.6381337207689
16.0225,139.965629460268,-76.479617721992
16.023,144.13951511899,-79.2540035755809
16.0235,110.935587040996,-65.4278372040079
16.024,65.7232744186668,-33.5989917610145
16.0245,24.8767742357787,2.69629617346369
16.025,-3.19591018941986,28.9730322568272
16.0255,-14.7704051211842,43.3340931059106
16.026,-15.2188812664576,53.2137664205177
16.0265,-17.3981108081048,62.9382955118002
16.027,-28.8152716445922,70.9245475851427
16.0275,-46.2364882642317,77.2596692724576
16.028,-66.1099320124393,85.3070961470543
16.0285,-89.9768678507231,93.0626364134456
16.029,-112.645499889754,90.095283121238
16.0295,-117.021763678042,68.7711860593442
16.03,-94.9177606169701,34.961012861936
16.0305,-65.8580944354165,2.84733426669761
16.031,-57.1879467905642,-18.108688422044
16.0315,-65.9078647599742,-26.7853197984104
16.032,-58.8906905751094,-24.8147568057182
16.0325,-17.8032473411678,-14.4102850784313
16.033,31.974808133376,-0.995188579239692
16.0335,50.009120835873,8.63352360592887
16.034,29.0228942501931,12.2365618116743
16.0345,0.381336176705685,11.8464167495904
16.035,-4.4056421557148,7.16299727999115
16.0355,16.2117938188877,-5.19663394304895
16.036,42.0800911259181,-23.6915774680856
16.0365,56.1756087243672,-38.1880971834371
16.037,55.8316875727945,-38.5258653402032
16.0375,48.4126978099968,-24.6718826361015
16.038,43.6452997811729,-5.69274806665216
16.0385,47.0495318079142,9.20581884582885
16.039,56.2007443070767,16.1327338527304
16.0395,64.996062739039,15.8156203228047
16.04,72.6522459600837,12.0154372405595
16.0405,84.1899122290472,10.5992856982867
16.041,100.874629082979,16.4794109914014
16.0415,117.117035506575,29.3053854430568
16.042,130.503292730013,42.7137528217951
16.0425,146.493490114027,48.6613845838262
16.043,164.918974756386,43.0718064447119
16.0435,168.91681514302,28.4634353786414
16.044,141.185139494334,12.1264361994725
16.0445,91.2063974254471,1.28987006452236
16.045,52.4439031706227,-1.32435148968471
16.0455,45.5886178467363,1.53583124566044
16.046,53.1046227657159,4.04295821484439
16.0465,38.7047008468257,0.473170597872349
16.047,-12.0347035173782,-12.0872695950457
16.0475,-77.6130083464019,-31.494341315485
16.048,-124.21719788746,-50.5984221439384
16.0485,-136.063022172723,-61.6330488135924
16.049,-123.369443634815,-61.9769063437759
16.0495,-108.322422890761,-55.224916812346
16.05,-106.386559977465,-46.7788664148088
16.0505,-116.790996722502,-39.6264875964166
16.051,-126.678516146559,-33.969343472399
16.0515,-124.566372089198,-28.5155541517168
16.052,-111.345453658931,-21.5070475755325
16.0525,-98.6873507060147,-12.8526115577289
16.053,-97.1954059593766,-6.32620700723094
16.0535,-106.27923200894,-7.11862652860032
16.054,-114.218925003756,-15.3271915164708
16.0545,-107.470442667049,-24.239588899601
16.055,-82.5302393055251,-27.9799257907404
16.0555,-51.0006394888791,-29.2904942708505
16.056,-30.357966498189,-35.9609625786227
16.0565,-25.970538718324,-49.5424980175605
16.057,-24.3374156028873,-61.3465561455329
16.0575,-8.71419261929132,-61.2798366168135
16.058,21.0402271931557,-47.9540207346138
16.0585,51.3144983536381,-27.8123584779917
16.059,75.7450511196761,-6.75339275393597
16.0595,101.681767797639,13.2562843204909
16.06,131.06347492987,30.0304574554462
16.0605,146.691296157532,39.5637628885202
16.061,130.291674818666,42.0903530350193
16.0615,90.0195204704754,45.6311635661389
16.062,56.7041933138274,57.1585818574296
16.0625,50.9230222797184,70.8835356347914
16.063,63.560839988283,72.1735351752863
16.0635,71.8989695886831,55.6445974080794
16.064,65.7655330334948,33.7200006629809
16.0645,52.0657498173912,22.9827700970154
16.065,40.2525233886934,26.5378239990034
16.0655,31.5374598402269,35.1571075928027
16.066,21.5440261154112,41.5712827213683
16.0665,8.65186323926108,45.6085321462724
16.067,-2.39435921078427,46.9173940697135
16.0675,-6.70689812219304,42.1968174339946
16.068,-10.2286055030775,32.2708890334313
16.0685,-29.0838890892431,24.5295132378445
16.069,-69.7940658821767,24.1983448992753
16.0695,-113.43177251614,28.4298199693043
16.07,-132.469283928609,32.7695311736649
16.0705,-124.62959338129,38.0356731139175
16.071,-115.049533560101,45.6477019751158
16.0715,-119.49742702195,50.7922053212987
16.072,-122.311573729114,47.2820005382027
16.0725,-102.532846909355,37.4317269112801
16.073,-66.5035630862885,30.4598822918848
16.0735,-37.3172270905681,30.6365099742795
16.074,-23.3802137908039,32.0528227344626
16.0745,-16.971377962773,26.3141366876252
16.075,-14.4753924662335,11.5333538841569
16.0755,-14.5337697007961,-7.87232584196854
16.076,-1.98648939503665,-27.3206105222928
16.0765,38.4422905148591,-45.7605835945551
16.077,90.4532886361188,-64.4430095621456
16.0775,114.419839579615,-83.6618813951848
16.078,93.9710614692014,-100.879648885332
16.0785,51.7175532227192,-111.852455911812
16.079,13.5080605174512,-113.496112106473
16.0795,-15.8175224174538,-105.566743650941
16.08,-31.610277520858,-90.452457643497
16.0805,-16.6434151607981,-72.6602280468168
16.081,28.1844388922587,-57.4789232959728
16.0815,65.3270795555989,-47.2986542808158
16.082,61.8237839835346,-39.119951455847
16.0825,34.6506017644772,-28.387671084051
16.083,28.3956277244698,-15.0917007660324
16.0835,57.9658073626948,-2.60355986199331
16.084,97.5516153421301,8.84888287472316
16.0845,116.658008646544,21.6539756306831
16.085,102.257703172395,32.6694322580604
16.0855,54.0867428397284,32.8145420935694
16.086,-14.274482857634,18.8342110358742
16.0865,-72.8180078921997,-0.736905453398168
16.087,-98.0263015522788,-16.4764281349567
16.0875,-96.8158583421987,-28.788571759386
16.088,-89.3708793231291,-40.913775346531
16.0885,-78.5837607498224,-47.2245737688552
16.089,-60.9501074601976,-38.6126722575279
16.0895,-52.9463417673687,-17.1772082059118
16.09,-68.9956611834595,4.44224618918653
16.0905,-80.76147216064,18.295131285151
16.091,-43.4155785147735,26.8024713727542
16.0915,33.9912545118321,32.9538194003089
16.092,90.080710102827,34.6081090456534
16.0925,95.1712739866849,31.4155195719203
16.093,89.038628377452,28.7282353384239
16.0935,114.893247910131,29.7243331017731
16.094,158.86295882069,29.7746430346814
16.0945,183.855353353702,23.5347081182076
16.095,184.916368260115,13.3857138796761
16.0955,174.789635273839,6.8318578584698
16.096,146.759157216658,8.6496211556134
16.0965,94.1894129100633,18.0471743646146
16.097,44.130204924632,30.0736732653115
16.0975,27.5877913565068,38.1510257400689
16.098,30.3196416037471,39.5152829746602
16.0985,13.8253717262828,39.8397390738742
16.099,-25.5700277081781,47.6295641335769
16.0995,-58.3447332087965,62.1588978183303
16.1,-72.8232594482311,72.1764238823408
16.1005,-81.8418363572717,68.6387191965712
16.101,-83.6768580539476,53.4035937824646
16.1015,-63.2243774083161,34.1455711603101
16.102,-37.0074651077373,18.3445211356254
16.1025,-51.3043559443529,14.5858333642817
16.103,-118.613948997916,29.0628941841169
16.1035,-190.530516174546,53.2052408843314
16.104,-212.406732138321,63.6497430522627
16.1045,-179.934861271768,45.7194352598559
16.105,-128.750897410848,12.7176091517548
16.1055,-93.5874658910022,-8.58938940527018
16.106,-90.8099808945725,-9.68131432699891
16.1065,-116.330318284237,-8.11020307595684
16.107,-144.79226189546,-24.7536904621988
16.1075,-148.883726382886,-62.1649284283435
16.108,-128.676304433,-105.230405951581
16.1085,-102.816179713014,-134.334981717863
16.109,-69.4154357253912,-136.772777978201
16.1095,-7.79432553498256,-113.970086270202
16.11,72.8503366710934,-81.304870243672
16.1105,125.704684069988,-55.6746879378861
16.111,128.283620754743,-41.0071813272541
16.1115,116.417974036779,-29.8264632367319
16.112,127.259337725293,-18.1128904605039
16.1125,139.790252914878,-11.2449944166258
16.113,109.868199514717,-14.0760006699865
16.1135,42.4773013190621,-22.8770736407732
16.114,-12.9955376494869,-30.3756856715488
16.1145,-29.434635700128,-32.6387791570087
16.115,-24.8236820450178,-28.0450306969301
16.1155,-20.9264061537468,-15.9716697986827
16.116,-14.8607562397835,-0.510963868833682
16.1165,2.43902099842743,10.5588624305112
16.117,26.7519668093223,15.3129188190712
16.1175,48.5642464949624,20.859245194445
16.118,63.8041413029209,31.9334343572827
16.1185,72.2730139985694,41.8864166091983
16.119,76.9500927680687,41.9209379604063
16.1195,83.0317559149229,35.1193729763858
16.12,87.3582940084576,33.1055810232318
16.1205,77.1198524976213,40.5035445888951
16.121,52.016411207894,50.4610812203442
16.1215,34.267567355769,55.1621189399789
16.122,37.5647408095028,53.050249745297
16.1225,40.9850849001356,44.549491181712
16.123,19.7171270812873,28.5875557451219
16.1235,-11.3515725907047,7.62762678968958
16.124,-17.122409924817,-9.25214289557727
16.1245,2.5207208887945,-13.9862109684317
16.125,13.1974072572192,-8.60514307970336
16.1255,0.687302907817587,-3.05668565101187
16.126,-11.6648531752137,-4.81002270022816
16.1265,-5.53874753043216,-12.9631740711115
16.127,7.06951363635144,-21.4422060486643
16.1275,10.681775517351,-25.3945496082311
16.128,6.55149000882403,-24.7092269423094
16.1285,-5.26532399078416,-23.0939872635448
16.129,-32.914530597265,-23.6945321940783
16.1295,-67.455460250358,-24.996669234957
16.13,-79.7931606159522,-22.442448083123
16.1305,-59.9488556857735,-15.3730586974782
16.131,-34.0999488942291,-10.0954455336518
16.1315,-27.3051589311633,-12.7445143492937
16.132,-35.3287328421534,-20.0855636353265
16.1325,-47.3872562701074,-21.4873423214655
16.133,-64.5649022422263,-10.4348480758406
16.1335,-75.1461295033921,10.1178287648073
16.134,-47.0251764465065,34.8442611588396
16.1345,23.0167211471884,62.2997288870358
16.135,81.5394706189972,89.0469831964771
16.1355,78.7621492911681,102.643697591585
16.136,36.2465522902399,90.4592072864589
16.1365,14.8094349857914,57.1750208721387
16.137,31.3079234835711,25.7627862861994
16.1375,50.5955152140102,16.4249169989945
16.138,49.6761475357454,28.9125913590984
16.1385,41.6307376314096,48.7281540097365
16.139,34.7949878457066,64.0099166084159
16.1395,15.1749448885422,69.0683787949177
16.14,-18.2137317556484,56.837922884609
16.1405,-40.3200875112337,20.8207190897426
16.141,-40.5142212198142,-32.2213038733055
16.1415,-43.6514119074994,-80.5873043331717
16.142,-69.6852692421665,-105.484804266975
16.1425,-98.3335109793547,-107.607745801723
16.143,-97.2882161243355,-102.433792984864
16.1435,-66.9816410984597,-102.695829666613
16.144,-34.863474502613,-109.349300549555
16.1445,-17.8126955264208,-115.744623930736
16.145,-9.95317894706247,-114.127165440964
16.1455,1.16223935829505,-98.7924127876194
16.146,23.4399634447377,-69.0050365753652
16.1465,58.9800182550951,-31.0880414811748
16.147,99.0503126713849,5.31754056415626
16.1475,123.563022187277,34.73517727315
16.148,116.392925398031,58.0852387911058
16.1485,80.2653569943549,77.2469636547593
16.149,33.3960093412142,89.9593260376004
16.1495,-2.48498735181974,91.5897137796243
16.15,-10.8223260798408,80.5212698442905
16.1505,8.5095966673025,60.3183084144332
16.151,31.3688049548088,37.0398094911004
16.1515,28.9764076658914,15.3336241310476
16.152,4.85056104086139,-2.79908548283532
16.1525,-4.22571955455199,-15.8667562383556
16.153,22.5582732372155,-20.6316560043573
16.1535,56.0393019943051,-14.0096253759172
16.154,51.5220969319523,1.69337799695704
16.1545,5.43817390106346,17.3359027262888
16.155,-45.0687792295243,23.7558911346672
16.1555,-72.8893797688693,20.4400698172471
16.156,-86.2938311598815,15.2968497505235
16.1565,-101.865027729665,14.8707648048876
16.157,-115.876798148017,16.2881788561825
16.1575,-114.143625231121,10.0974540347882
16.158,-96.0993371347009,-9.7823483379019
16.1585,-75.7448067238985,-39.8372240751907
16.159,-64.1580881033607,-69.5232348618196
16.1595,-60.7634609595397,-88.4770094369615
16.16,-60.2836342345045,-91.9566835504166
16.1605,-61.1507945021985,-81.9999553011135
16.161,-64.6462465640137,-65.0754231362338
16.1615,-68.0589962604459,-47.540617736859
16.162,-62.7254502633678,-31.1631307231879
16.1625,-42.7874710948591,-12.7039526284453
16.163,-15.1187783838706,10.701580373262
16.1635,5.8891191536784,35.6473449059566
16.164,16.0872554266489,53.8229603678164
16.1645,27.3313622125088,59.6507674319366
16.165,49.8959285339695,53.8494278571144
16.1655,74.7465838244037,38.3516566158492
16.166,81.343773732107,12.2562142030263
16.1665,61.5608914167988,-22.3627353332361
16.167,31.0804873399,-53.6096210093089
16.1675,19.4399561298785,-66.4363084747455
16.168,50.8410698615813,-57.7356029223575
16.1685,125.999787156708,-39.0078124776802
16.169,213.608215980557,-21.5483914355091
16.1695,265.247633341163,-4.41149162194314
16.17,251.50409223427,19.2250488317994
16.1705,186.11390106462,48.9529811999345
16.171,110.504486959306,76.4068753939868
16.1715,57.0251905847807,94.9005720127811
16.172,30.2371688021786,103.562538130718
16.1725,14.4019201483228,102.63631540235
16.173,-12.197713938791,90.7403288066762
16.1735,-62.9254303407275,68.8409704834875
16.174,-125.977258417583,43.9133470175015
16.1745,-163.549759076266,26.6630227419437
16.175,-145.066763925434,25.3946017847044
16.1755,-84.6069336524984,40.0961315050594
16.176,-30.6667236842233,60.7493155164372
16.1765,-14.2057988616483,74.1526188576321
16.177,-20.7573315636134,76.0710733516975
16.1775,-19.010134017638,75.1061475524419
16.178,-0.0664517474443968,81.0215345708283
16.1785,23.1912551111901,91.020657637261
16.179,40.7698489475884,92.1746346461224
16.1795,50.8121009189391,76.8533816748815
16.18,46.4419556732509,51.3730560175218
16.1805,17.008485692584,28.8975157416269
16.181,-33.9605217244611,16.5265263324441
16.1815,-84.4376810573661,8.85669417266735
16.182,-112.844179255337,-7.84483860886569
16.1825,-114.3835205097,-42.7761855303679
16.183,-95.5561086629823,-88.7957467022112
16.1835,-60.3670412012066,-126.813405185935
16.184,-9.5089528784152,-146.1913812189
16.1845,48.482735952675,-156.127276240862
16.185,92.3420155489609,-170.32206717663
16.1855,100.288917721223,-186.098651403724
16.186,69.4627565541175,-189.557176264891
16.1865,20.8785997102657,-177.688370523003
16.187,-19.1196991965683,-161.097137887571
16.1875,-41.6585953558522,-144.73981609336
16.188,-55.0456522411112,-122.092717564838
16.1885,-64.4112622908207,-93.3217229768316
16.189,-63.6388933127197,-73.2781243584732
16.1895,-52.2412789818923,-71.3448836795033
16.19,-47.1219405969953,-75.8442161095928
16.1905,-63.9393953817699,-70.4741299188972
16.191,-93.5117582631407,-56.0157974757203
16.1915,-112.718648247397,-42.1277956727416
16.192,-116.854367940845,-26.2909064072595
16.1925,-123.389036732846,1.97903078828531
16.193,-139.861652215612,39.4732625096962
16.1935,-145.996303188022,68.9809187719796
16.194,-118.552750725648,82.0493191629423
16.1945,-60.2904369726411,87.9507274111779
16.195,9.48539480318514,96.7373058483936
16.1955,81.2159128326511,105.398959542434
16.196,152.25772156711,105.30916872885
16.1965,204.46585990177,93.3954331728368
16.197,211.093578686871,71.2009996564156
16.1975,173.880512646172,41.8841196481296
16.198,132.674384722352,13.7235190387526
16.1985,122.397235097349,-1.04606051088873
16.199,131.671330201922,2.50438241670195
16.1995,120.002730219521,16.5228145296477
16.2,69.5471325554867,30.6478381213695
16.2005,3.99814702111404,42.9612378686065
16.201,-40.699788364358,56.6155783776705
16.2015,-47.8812630058349,70.976655096049
16.202,-22.7177428052305,82.1324494282022
16.2025,17.223300161289,89.5522062342566
16.203,45.722940526607,97.3738130444372
16.2035,38.9019188718264,109.926778434393
16.204,-0.555053016448728,127.786919276591
16.2045,-35.7482956197454,145.861083108537
16.205,-27.5595209322794,154.406817825845
16.2055,23.9059043320285,146.222190207567
16.206,78.7762040486736,124.773229091849
16.2065,99.059983536642,100.48045000296
16.207,82.4335508489266,76.624754198492
16.2075,52.8618074608621,45.1373161114083
16.208,27.3495210901409,1.38302650735284
16.2085,0.541822023073406,-42.3793352433496
16.209,-39.2476290063902,-66.3313723763317
16.2095,-85.7168890933982,-64.6812077932851
16.21,-111.987698698859,-51.5613224951557
16.2105,-95.4032183034228,-45.4337014925336
16.211,-44.0374278895806,-53.2375446866042
16.2115,6.97278041991765,-70.5577794401784
16.212,28.8958965082106,-90.6757307359752
16.2125,24.4773236229635,-108.55816173491
16.213,14.9402568144287,-119.535516776691
16.2135,9.53146558138715,-121.48032895565
16.214,0.374115918791133,-120.369094939795
16.2145,-15.9694811930945,-127.952037619773
16.215,-30.8607586981388,-147.715185973127
16.2155,-44.1600615675556,-165.197296350318
16.216,-73.7542778995987,-160.404141107644
16.2165,-127.582071428827,-132.086112672376
16.217,-178.814136520787,-101.688276481353
16.2175,-192.973874466049,-87.4374606073543
16.218,-175.548532901807,-81.6762960270586
16.2185,-163.781885853786,-63.3203126296401
16.219,-164.704506356305,-27.8177501692895
16.2195,-133.56004783148,8.14528581448241
16.22,-37.8532139941268,31.0298385596269
16.2205,81.132428519504,45.0330510587836
16.221,148.102733943146,57.7229552195178
16.2215,146.948632369421,64.8932408529485
16.222,133.16705704619,60.3159036925079
16.2225,147.260203935942,51.4735539592473
16.223,159.259569484882,52.1115285582512
16.2235,125.118651172784,62.3817105587975
16.224,62.7077443532815,69.2139192392481
16.2245,28.1422697118155,67.2394649706996
16.225,31.8052595889539,67.6621777225286
16.2255,25.4133514893673,81.4522168374784
16.226,-23.1023192516616,102.69132613413
16.2265,-82.6545054601082,116.730826072107
16.227,-102.897039753578,120.003761723588
16.2275,-73.8700199629236,121.659523670884
16.228,-20.776758499845,124.936013951413
16.2285,36.6085719220235,116.534342028848
16.229,93.4853799457108,81.4333593614165
16.2295,143.268707144607,24.3871205512869
16.23,175.856633835781,-30.579605460904
16.2305,186.403308021886,-61.4836466100684
16.231,170.049774753016,-63.5950063228494
16.2315,120.654902777447,-45.6591534657819
16.232,55.2813581427834,-21.267150961588
16.2325,24.9841246414569,-6.13993354803141
16.233,67.6128221304109,-11.8260250693728
16.2335,150.121032711974,-33.1430102603689
16.234,189.12208278904,-49.8208021532996
16.2345,138.019296420602,-50.4705954230806
16.235,30.1429921493535,-47.9333340118197
16.2355,-72.7985325238253,-59.267156803989
16.236,-147.919901120363,-77.8010780545743
16.2365,-209.194603347496,-81.9831995539414
16.237,-262.323760021547,-69.0726632968006
16.2375,-292.277835926701,-59.959621291727
16.238,-290.519993205239,-66.7992362354483
16.2385,-268.779439461695,-75.3570309146343
16.239,-240.319986693235,-69.0936800563178
16.2395,-203.351985568253,-54.3262104816705
16.24,-149.932709246289,-47.6682198506069
16.2405,-81.8480272712965,-50.4710083074546
16.241,-11.746789049621,-51.6863871571424
16.2415,45.8000362802576,-48.8901224449789
16.242,80.5184462543901,-49.8101027973686
16.2425,89.1318521942892,-54.6992838871725
16.243,77.1112929462929,-51.7855103680294
16.2435,55.4811091316417,-33.1144547235447
16.244,31.5915593941497,-5.43140880543729
16.2445,4.18192243412253,18.0606179571046
16.245,-27.2219394432877,31.2139884552471
16.2455,-46.9898921367273,38.2075078847948
16.246,-26.2385652956537,46.876076596192
16.2465,46.6241873523891,60.1801689942465
16.247,137.56358776037,73.8514416045015
16.2475,184.306350414412,83.8335999986176
16.248,154.191965542391,94.5905312264089
16.2485,77.1620853644059,114.340220727891
16.249,9.17766971951359,142.369568273922
16.2495,-28.2452274901171,169.228957081321
16.25,-53.8419786955362,189.585885128531
16.2505,-80.40616648673,202.845617188943
16.251,-93.6117734159792,199.02943292575
16.2515,-82.9849838517966,161.852209909757
16.252,-61.8558864500597,96.2782373543334
16.2525,-36.6719153334341,36.4722365637281
16.253,15.9108442119303,9.51896258086873
16.2535,108.775819651736,3.06506725001903
16.254,197.156784017712,-12.7678253511479
16.2545,211.344529000456,-42.2228190104898
16.255,138.472879792699,-65.1081125367103
16.2555,40.2110473028246,-73.1201499114169
16.256,-17.4373333508365,-77.3083304734939
16.2565,-24.046299825714,-79.936141393795
16.257,-7.14109520484566,-68.196728841472
16.2575,12.3891298874465,-44.0531302181084
16.258,25.745412238994,-33.8664432638529
16.2585,21.648240248606,-53.0575559654397
16.259,-2.69096134763569,-81.1839078472384
16.2595,-23.1174629068619,-89.8238004698033
16.26,-6.40922212167343,-80.0573389101434
16.2605,49.2813039393749,-72.8624111892805
16.261,102.97707414309,-73.0574766618213
16.2615,102.187055464983,-64.8008534444962
16.262,27.3385494066451,-40.4111657455295
16.2625,-81.8748202787096,-14.2456508792068
16.263,-142.937655276209,-3.50451136445882
16.2635,-98.8686129906084,-7.78605669323536
16.264,13.6518982693557,-14.0516669316073
16.2645,88.2692092421906,-15.4943412148065
16.265,64.7926614056299,-19.256681275476
16.2655,-1.88121447653771,-35.0518491650962
16.266,-19.5203844715267,-58.0606087263216
16.2665,20.3968399641804,-68.0310756903088
16.267,48.2655944489323,-51.6757162569427
16.2675,27.7043660237289,-23.4806753108183
16.268,-3.51935873319404,-12.8261951687749
16.2685,-11.5660534467417,-27.8199965656077
16.269,-18.3959994726121,-44.6375858497764
16.2695,-44.9298064414758,-39.8894165024806
16.27,-60.9132896833016,-21.028611598435
16.2705,-39.1755838527991,-12.6352085531276
16.271,-15.6314704239989,-22.3421238586662
16.2715,-39.2602446180907,-36.0484926194254
16.272,-94.4650489241365,-41.7125731607986
16.2725,-133.808830605395,-40.5583313379071
16.273,-162.9188909251,-34.3074396690112
16.2735,-220.502027584097,-17.8816136732884
16.274,-282.756614100761,8.54972594876127
16.2745,-268.55638475484,31.4102786879998
16.275,-157.897289198655,36.3473861579014
16.2755,-34.6693858168301,24.2294431137938
16.276,21.8871471899853,8.91262824228672
16.2765,30.4076268901262,2.78170681526862
16.277,52.7661639959005,9.65910171257429
16.2775,99.3174473355268,29.5444627098672
16.278,141.312270966334,63.6029119898575
16.2785,177.602695057862,110.795956496163
16.279,225.795397689709,161.085299225673
16.2795,266.483967802011,196.929606164888
16.28,257.361916319602,205.905024634377
16.2805,199.36129095185,191.181551417131
16.281,137.258332104892,166.111747116566
16.2815,93.4469072038087,140.16156989486
16.282,49.7694422589227,115.438569594395
16.2825,1.31225453016024,94.0764678201311
16.283,-21.3515479867191,77.9363206326056
16.2835,-2.46304938253363,59.3454507361136
16.284,26.6976726523594,25.0586988858342
16.2845,30.5257354610357,-23.6139355286253
16.285,14.1530821635002,-65.5995402385638
16.2855,2.33181812083126,-83.9831095817196
16.286,-0.48868618125236,-85.1385208008672
16.2865,-3.36072434122303,-83.3773717299795
16.287,-3.96369645094331,-77.2393405549226
16.2875,1.03068720600154,-56.908482642604
16.288,-4.25574290898126,-28.5640026847597
16.2885,-36.7864019053554,-12.8317860240351
16.289,-86.2069154874884,-19.1482170936617
16.2895,-130.655553424333,-36.722467357796
16.29,-171.909137115374,-52.0237479728138
16.2905,-224.531528477049,-62.0838359705391
16.291,-272.426667926506,-69.6608768897446
16.2915,-269.20653465864,-78.3294477323664
16.292,-192.444984168058,-93.7853745828455
16.2925,-74.5545558713397,-117.461910945577
16.293,31.2964473290823,-137.798254030027
16.2935,96.0591123169236,-140.904893223031
16.294,115.282700859022,-130.518593414423
16.2945,90.3746276705072,-122.347796353331
16.295,34.7412496085644,-117.202862573479
16.2955,-15.13205382915,-97.8823832562255
16.296,-24.8723631657039,-58.3982143229566
16.2965,0.287107255574522,-18.018201766951
16.297,24.4831035020682,3.86558630238593
16.2975,29.0262867672805,11.4942715840266
16.298,29.4419709891974,19.9229618076192
16.2985,40.6418468139069,32.0591332150027
16.299,50.1534015875992,41.6781659547449
16.2995,39.5957928972368,48.7398782742283
16.3,12.2266142153438,58.4680894364717
16.3005,-18.1117346278859,72.5021137879697
16.301,-46.6105723691021,90.6290939053624
16.3015,-64.6720695246642,112.319507433159
16.302,-47.0324266667017,128.092204222764
16.3025,15.8140940233743,122.333110834568
16.303,83.3131277687739,96.8991443158724
16.3035,101.296983632072,78.4360354118248
16.304,72.2345489961536,86.0786944284341
16.3045,50.4667769826006,103.629885680535
16.305,61.8914977512457,102.551483624855
16.3055,71.2760235474433,82.4117462674912
16.306,45.8535307719514,66.3106823237795
16.3065,6.96681910781293,62.4506189399167
16.307,-12.2073891641351,54.5651231581308
16.3075,-20.5513466108463,30.0815762299112
16.308,-37.3265021390826,-4.40939856794829
16.3085,-38.3496387781127,-38.2583982104872
16.309,9.60647779837261,-67.494320746709
16.3095,75.5365637406965,-86.7108430719858
16.31,86.9994177912003,-88.3629991801794
16.3105,30.8907102475881,-75.3022419702448
16.311,-23.7188765473345,-59.2928625868027
16.3115,-18.9305611135376,-44.7658593834573
16.312,24.8999472949367,-29.6074703687297
16.3125,58.0506826614197,-21.9869329584255
16.313,71.3632495602854,-35.6626127823259
16.3135,83.6670612655987,-64.9251112581448
16.314,96.7642926816448,-86.0993311575783
16.3145,104.681376169955,-90.378530436652
16.315,121.778228384975,-92.1214305097788
16.3155,156.406579896854,-95.1846617562092
16.316,172.417317217034,-77.2546525876964
16.3165,124.919613728126,-26.3729394214601
16.317,30.8160429376217,28.0042679275585
16.3175,-42.7954051583099,44.3997338226832
16.318,-67.6289194776205,17.80209846356
16.3185,-88.1224334353187,-21.6103905239603
16.319,-148.929096183396,-47.6741885508267
16.3195,-227.550687259926,-56.1059127515994
16.32,-269.32405018403,-52.6877206096224
16.3205,-261.557467416153,-45.4313494060026
16.321,-234.527335844829,-43.2566810659011
16.3215,-203.334129865245,-43.024118319635
16.322,-152.550865293075,-23.0183262083118
16.3225,-81.7827203105624,31.0662063422761
16.323,-24.8718899174055,98.5539817473656
16.3235,-3.10491807998896,143.452092822004
16.324,10.2307574257863,158.664810767389
16.3245,48.613741313757,168.140330784588
16.325,95.7784529369659,185.950523908808
16.3255,108.179089718763,198.279086621208
16.326,86.4253006500816,190.674027665066
16.3265,80.9294017110793,169.015865032229
16.327,116.447027131602,143.551303197088
16.3275,151.425772761797,112.480783504062
16.328,137.407641483002,73.6482311922456
16.3285,87.879848902819,35.5821386336753
16.329,54.6691697396954,3.46838888339598
16.3295,56.595880129471,-31.9550789118018
16.33,67.8000723997506,-77.7621746480273
16.3305,62.995559766945,-122.806236208011
16.331,35.515531388607,-152.456911032462
16.3315,-20.7129275982323,-169.698493119374
16.332,-103.298551603165,-186.704085894334
16.3325,-175.600906459246,-202.603860939876
16.333,-194.200381976907,-205.27336724985
16.3335,-170.666673401831,-191.921646217249
16.334,-161.71487023024,-173.557585803408
16.3345,-184.39203153412,-158.989143478349
16.335,-188.968610339691,-145.768662606724
16.3355,-139.947844462797,-128.353999331856
16.336,-74.0392404884442,-106.335152145697
16.3365,-37.6491231702856,-81.9538938128968
16.337,-10.7895776072355,-54.4416979790442
16.3375,50.3201155146968,-18.3886936657241
16.338,123.324449453655,33.0155923746168
16.3385,139.0479710625,99.041966130603
16.339,85.5768445467581,163.224503077354
16.3395,31.4298926147377,201.215790488618
16.34,33.3987564854281,203.323702336204
16.3405,71.5612758683095,183.707272005981
16.341,94.1626101988954,161.115890403521
16.3415,83.6311971673824,138.67437398669
16.342,52.0624029447511,112.649287750967
16.3425,5.40940666320573,92.2763442925618
16.343,-54.4451254871197,93.4201635281555
16.3435,-109.077171705863,113.793883212816
16.344,-132.898352270549,131.646232908287
16.3445,-117.991529324245,132.803484382805
16.345,-76.6772298513516,123.331580236454
16.3455,-29.7482565685227,108.022446200314
16.346,-1.89007920324157,72.1222947771855
16.3465,-12.1715707483545,0.835205098199577
16.347,-51.6615881839836,-88.9959403251835
16.3475,-79.7764925208656,-153.786199659852
16.348,-58.0445560828495,-163.897955415736
16.3485,16.5939172546087,-130.578577693511
16.349,117.83181668418,-88.9141539375098
16.3495,216.141238048597,-61.9630536680968
16.35,287.858842518001,-48.0637114382356
16.3505,312.931123101128,-37.6875735722815
16.351,285.079241056905,-31.1689690766755
16.3515,223.585480695592,-35.8661688772006
16.352,160.859039868663,-52.5576418290877
16.3525,115.000496631247,-72.081529785812
16.353,80.249247921596,-84.7318974707773
16.3535,43.3427239711621,-87.8969401758174
16.354,3.55919920811979,-84.3186724957148
16.3545,-23.1162520334637,-77.7724962770008
16.355,-16.8526317877131,-71.7498372389731
16.3555,26.9678387307672,-67.7759204810141
16.356,89.1922880417118,-62.6268639143023
16.3565,140.050576057845,-50.8857539536759
16.357,163.448703192641,-32.7814561181016
16.3575,166.967363388973,-16.1919649478385
16.358,166.665852727861,-7.99377869326449
16.3585,162.291289765246,-5.70037148156929
16.359,128.156811946535,0.261629123815817
16.3595,34.2039577511365,17.6963844813971
16.36,-114.561745278555,45.741611287489
16.3605,-262.666631807023,72.6813319025216
16.361,-346.46920515975,81.3798738466887
16.3615,-358.172295583571,64.3156943581836
16.362,-348.459347085618,35.1082192842962
16.3625,-355.078965913182,17.5005003335273
16.363,-354.218772766583,20.4740414052477
16.3635,-305.538533585907,33.3097602733708
16.364,-221.185902104482,47.6709948144367
16.3645,-153.447292744615,69.7664628613843
16.365,-125.699496094392,100.809704676298
16.3655,-113.347910978742,120.415909139125
16.366,-88.0603022552958,108.108046704581
16.3665,-43.7952259868176,73.6998783023674
16.367,17.735843934198,45.9435970027083
16.3675,86.4195377843488,33.465179871809
16.368,126.071177358824,17.8214134588827
16.3685,99.3049060952886,-12.8812166395426
16.369,18.5093922389056,-45.2783334227064
16.3695,-65.5562574322653,-63.821280388997
16.37,-130.244406463086,-73.3406372912956
16.3705,-191.13572641733,-84.5425319227545
16.371,-239.960035772389,-90.0496520606206
16.3715,-231.414956942931,-71.5775385332544
16.372,-156.679994937314,-26.5972152775405
16.3725,-73.3731414108454,24.08992816776
16.373,-23.0247473516666,54.1238736973343
16.3735,32.6865385193364,51.1892718718113
16.374,144.891448703488,23.8346364761183
16.3745,285.187128711748,-4.73523165425772
16.375,373.049215121411,-14.2369799981799
16.3755,368.062952848313,-4.46009120772648
16.376,286.443424342439,9.07737431574037
16.3765,156.518632880807,18.480262676614
16.377,18.6612549103592,32.5027458338014
16.3775,-51.3654658751922,56.7273098986617
16.378,7.89884416325111,77.0251738085036
16.3785,162.734418589323,74.2421764548196
16.379,307.583794136472,46.6816296213253
16.3795,380.724175631704,6.29266426985914
16.38,412.114731443646,-38.1945769296932
16.3805,446.636906550807,-78.9651383082353
16.381,467.436043261282,-98.1395609215283
16.3815,420.091388977694,-80.9110511109796
16.382,281.765990657478,-40.8368188166464
16.3825,82.0310345984339,-12.8667286875012
16.383,-126.531574764488,-14.7239894107825
16.3835,-300.403917592443,-29.337822950935
16.384,-421.443793597415,-31.9918494894952
16.3845,-498.345735623841,-21.0448261055494
16.385,-549.306638963561,-11.7978628819839
16.3855,-575.143101961027,-10.7637695229745
16.386,-548.332294861921,-9.61031363249965
16.3865,-433.215067751985,-1.32549318114211
16.387,-230.085239446608,8.45969492426183
16.3875,-8.7197437107381,7.86670867783617
16.388,123.022896410196,-7.84908387726249
16.3885,117.778507246445,-29.1104213557962
16.389,45.3329671011308,-36.6148366533689
16.3895,9.81965421275569,-16.6790424716382
16.39,25.8663463255828,24.3679723205577
16.3905,42.5473720179475,63.532325729273
16.391,76.6333872823766,81.8210380351091
16.3915,208.610611980494,79.0490786099725
16.392,409.550604591696,66.0426048251783
16.3925,496.231332421906,47.5438120287093
16.393,351.999332658604,19.735095517929
16.3935,96.1425092937789,-17.0732816257602
16.394,-81.785778714889,-51.8634156999322
16.3945,-173.856231697505,-73.2845853908762
16.395,-298.049920016605,-82.3706824868317
16.3955,-455.323535307089,-89.322780708105
16.396,-520.343179895792,-98.9665517612303
16.3965,-457.637951941384,-106.175986477662
16.397,-362.39105980003,-107.603908781523
16.3975,-263.46910388405,-109.677930373235
16.398,-71.2636101070245,-116.874287207143
16.3985,212.495906023627,-117.415081200257
16.399,404.823917379213,-92.9879307347672
16.3995,371.076392307644,-42.3768057315669
16.4,216.547566137244,17.434628758202
16.4005,133.442072792219,75.0975808208427
16.401,160.2873439595,132.683093915709
16.4015,211.746251839824,181.840786841829
16.402,254.957343378458,191.995249792922
16.4025,315.91769821744,143.168232432279
16.403,364.932779638322,61.5549279919853
16.4035,333.499201555158,0.83353574882182
16.404,229.2692231365,-9.67265710384667
16.4045,127.92497232738,19.4713350899068
16.405,61.4564226071185,68.4021588301257
16.4055,1.89074158632416,127.101499854778
16.406,-57.7862857804562,178.889305910005
16.4065,-86.8101826745958,192.578132402541
16.407,-71.4216978687062,151.059476175711
16.4075,-25.6866825660976,75.2775094733459
16.408,29.7703648695907,3.03201087222697
16.4085,49.786241822959,-49.3814270533432
16.409,-23.3032340598737,-91.6476633132692
16.4095,-160.952739092435,-131.920940440649
16.41,-225.160314649772,-159.238900196623
16.4105,-140.874116260469,-154.471367716881
16.411,-36.1463117535074,-112.299591230809
16.4115,-91.275289288104,-52.466527769561
16.412,-284.974118060033,-9.596293684693
16.4125,-421.493429329382,-3.70984508242473
16.413,-395.655323073803,-15.9920626164121
16.4135,-299.055500499846,-1.93544751231164
16.414,-259.98599617446,64.7891172492038
16.4145,-306.946612893474,167.328110424775
16.415,-406.589412508481,266.239294206844
16.4155,-508.915500593834,331.620382220167
16.416,-526.098179360243,348.249952843289
16.4165,-394.567395087105,308.034834015439
16.417,-204.133150949807,218.225756708913
16.4175,-141.440872473969,108.424927446815
16.418,-239.027604168589,6.93079639157034
16.4185,-293.139652959314,-89.0119539757859
16.419,-117.231846227101,-200.373308184902
16.4195,212.330864016501,-323.718303369329
16.42,457.649292764202,-422.773049187411
16.4205,499.287949654229,-468.83546980348
16.421,419.208152035376,-469.641640056217
16.4215,349.583651091309,-446.07479443136
16.422,337.463120516921,-398.02371389247
16.4225,350.931001196373,-313.728065003474
16.423,344.931418178322,-204.43966314262
16.4235,305.091071071388,-106.298599116402
16.424,255.195087860726,-44.0253989569863
16.4245,223.971875354074,-9.61411834591902
16.425,204.545652734543,16.0501771271639
16.4255,173.147679295576,35.8452328284116
16.426,143.446065666775,44.1242867121165
16.4265,153.411785605707,50.8813764094313
16.427,197.082028792794,76.9678601349177
16.4275,232.204820169337,123.117411382871
16.428,262.688938494572,162.079275392636
16.4285,336.179677798751,171.773948912185
16.429,439.654071839042,163.908977153621
16.4295,482.72027848114,166.75482848074
16.43,421.066963763644,188.406153090795
16.4305,314.960656160474,213.00029516656
16.431,225.875318164534,228.561086950642
16.4315,144.57225658109,239.911687097061
16.432,70.6611038870378,251.867126189179
16.4325,60.5304539338639,256.311074368351
16.433,116.925768042827,242.887380613276
16.4335,122.452086004969,211.205860075427
16.434,-16.9486873924807,166.989089501143
16.4345,-227.976492883366,116.310113269261
16.435,-362.189549024773,67.3932528153575
16.4355,-370.993114552442,25.9081928940225
16.436,-301.303871497429,-16.282461969855
16.4365,-193.146048810529,-73.7476840106866
16.437,-94.3562473098473,-141.287069778757
16.4375,-108.71116107383,-188.341375267042
16.438,-291.139958520352,-188.72085159485
16.4385,-532.698966881178,-144.581263993821
16.439,-682.259783383053,-75.1212713988915
16.4395,-750.546412682535,0.270303620787091
16.44,-851.640175447377,56.4604385639226
16.4405,-965.895463307632,62.8875311211714
16.441,-928.517363378354,13.4437534664871
16.4415,-673.262328511787,-56.6859659429305
16.442,-331.876507106307,-107.467824005456
16.4425,-47.0427778211857,-137.49418784712
16.443,171.808932441976,-168.643166929485
16.4435,346.177394266813,-201.046929223651
16.444,420.564952041412,-216.334855302668
16.4445,357.168765172818,-219.661296439222
16.445,246.417009011217,-239.299690902904
16.4455,217.94183061868,-277.120228947018
16.446,284.109104726235,-294.731738993251
16.4465,341.860922021837,-263.851172515828
16.447,296.126784451317,-200.828162853513
16.4475,138.173341302529,-133.50371404579
16.448,-56.6199596029687,-62.4263917794038
16.4485,-178.006455225638,20.4635694483183
16.449,-178.171356534019,98.6730368763217
16.4495,-139.404760090412,148.300169098423
16.45,-176.741342447143,174.567094751084
16.4505,-256.486456772939,199.858775168603
16.451,-208.866853260413,222.004794692763
16.4515,35.8915899349193,214.801390307417
16.452,328.545087800759,169.789247096874
16.4525,487.250994125591,110.411886754161
16.453,505.410408814081,61.677404491503
16.4535,484.551848441854,30.9452112324144
16.454,453.214140981082,23.5016256895842
16.4545,375.415749252426,49.296294909117
16.455,278.791932051263,100.328392348548
16.4555,236.867793765014,144.084800962485
16.456,239.901657702555,158.718759863653
16.4565,201.4170389469,159.41918066087
16.457,96.4884599346214,170.985665688928
16.4575,-4.19910354625743,188.136094078876
16.458,-44.6571859373335,186.452934335725
16.4585,-40.3835668369864,163.290255118417
16.459,-17.8468134306311,138.955915803
16.4595,16.719832623049,117.816887383034
16.46,32.4990849333167,79.9852547915724
16.4605,-21.2282021508748,23.7681937901774
16.461,-139.483323993255,-12.5057952860273
16.4615,-255.26759483374,2.77246017179916
16.462,-328.134601865846,41.3584179028321
16.4625,-375.08169340108,38.9586064395073
16.463,-396.965793249324,-29.7649743014141
16.4635,-350.728935927979,-125.568959647698
16.464,-231.972288304491,-196.603894465204
16.4645,-116.882910235044,-229.797936761271
16.465,-69.0988473243332,-239.448241082882
16.4655,-54.5107205187559,-229.49670118932
16.466,-4.06934771543107,-191.875214114773
16.4665,76.1469593131292,-133.608473262469
16.467,117.497555773662,-82.7250889189649
16.4675,90.8475479885287,-64.0030529723456
16.468,37.9790797608047,-79.2365661492327
16.4685,4.62703119535832,-110.451332088013
16.469,-6.95460912903402,-133.698020110828
16.4695,-7.68256267997651,-133.080955949163
16.47,15.8402240090071,-112.085465899394
16.4705,82.7004044826724,-89.7769352913293
16.471,177.369745007689,-77.1983725098592
16.4715,248.952676847564,-61.0650881095741
16.472,251.185979620881,-20.9867702848259
16.4725,179.713834021624,40.9871101200714
16.473,77.6345257960442,99.948222320095
16.4735,10.600455391714,134.636822468728
16.474,24.6609274218606,142.74127866027
16.4745,107.75552257199,133.749790279121
16.475,189.040835731881,121.133825754112
16.4755,196.273909221967,118.425391527637
16.476,129.898224726454,125.0349252487
16.4765,69.0941941760673,115.941961912803
16.477,87.6179100302242,65.1823721794465
16.4775,174.131592807385,-16.6590771000282
16.478,255.035759969109,-87.7762323893352
16.4785,280.590840307368,-123.111661103505
16.479,255.484419942032,-135.316190145128
16.4795,194.717029415315,-139.061340514602
16.48,96.4510174482642,-120.719854506629
16.4805,-33.6524118939661,-65.1823034718473
16.481,-175.07063517665,6.06939008436292
16.4815,-324.46155259166,52.3301556755564
16.482,-492.963222232806,62.2293261809457
16.4825,-651.39779438139,59.4177972669312
16.483,-720.857718915135,62.5675745341717
16.4835,-648.493148890361,66.5429551888695
16.484,-463.314882279832,67.8792253073422
16.4845,-238.459173507837,81.3057518904086
16.485,-37.6871700140295,112.498241306602
16.4855,84.0689935794132,130.678793835623
16.486,88.3838543657961,93.333076653845
16.4865,6.46442767682581,-0.968660042233724
16.487,-64.7184587497129,-101.832611740173
16.4875,-69.79988301487,-156.639166379157
16.488,-55.1804116346566,-160.520953770546
16.4885,-74.3485499867513,-147.561389739189
16.489,-89.7734621666483,-141.18440026517
16.4895,-37.8646473134704,-131.288255724288
16.49,60.3628108608018,-102.197396659711
16.4905,137.81250020392,-62.7744838725867
16.491,184.071625484391,-33.2788717290413
16.4915,208.616720175445,-13.9925574151366
16.492,143.068859998896,13.3187119129698
16.4925,-82.4019647105116,56.5609871599909
16.493,-364.740857479032,104.960675628679
16.4935,-476.264323924292,149.625851638448
16.494,-338.672557560799,194.2219544022
16.4945,-131.74390543221,241.767056735422
16.495,-58.3669892638234,286.04322304773
16.4955,-98.4120469509001,318.596249401168
16.496,-84.0016121216627,330.34800454604
16.4965,54.706003363389,308.763362611664
16.497,223.909473541119,252.941871573648
16.4975,312.71387893697,187.043040510427
16.498,311.128331953799,129.815382270527
16.4985,284.857488961622,53.0831952670099
16.499,300.747796507328,-86.6387208068706
16.4995,383.948371127841,-263.024804052124
16.5,502.190270640448,-375.536421660489
16.5005,583.794152440843,-363.589662751352
16.501,576.822540672423,-285.563283930261
16.5015,489.172308574646,-240.068179803942
16.502,358.795253547905,-240.359352019313
16.5025,207.768711680248,-221.134298427938
16.503,47.7858307149493,-148.538294327909
16.5035,-96.2928393600984,-58.668430533988
16.504,-199.736634559337,10.7968954870079
16.5045,-256.020118806269,62.92273302078
16.505,-259.242318248517,100.951323345273
16.5055,-197.03058210184,102.317431203918
16.506,-89.2983963103208,61.6260071825103
16.5065,-1.5462076586268,18.4316153867306
16.507,20.4192060908426,12.4200756399704
16.5075,4.85369901153343,39.9051355849236
16.508,2.80944785990084,75.972207491288
16.5085,4.90969295980412,106.718283492005
16.509,-44.4210309252621,115.196942061883
16.5095,-163.302303661598,71.5651216975496
16.51,-309.306170728391,-25.3358933983017
16.5105,-433.534783785102,-120.684547277025
16.511,-511.919169103033,-157.215131424712
16.5115,-519.694143306719,-143.316979653532
16.512,-419.687464710128,-134.170514773272
16.5125,-201.942492215707,-155.318431912505
16.513,76.7627001672425,-179.163835150453
16.5135,307.02982915969,-173.844117467592
16.514,391.320749820102,-143.047591752448
16.5145,316.341256808776,-111.7695455865
16.515,170.651173376851,-95.5883348281601
16.5155,69.0288362246122,-92.1378223161404
16.516,48.383390596639,-89.970420656821
16.5165,62.5089203956247,-80.6814095675743
16.517,80.4957490716744,-67.0835655626457
16.5175,132.073725021944,-56.2108893534637
16.518,220.706395158575,-41.1163057889796
16.5185,253.902721448643,-1.43223179771701
16.519,138.246986317376,69.1930487667369
16.5195,-77.6533951076673,148.545314860587
16.52,-232.262746364492,209.58042059919
16.5205,-229.450155048759,247.255445432328
16.521,-130.130642748164,272.19864604155
16.5215,-56.3163827204663,291.158406596067
16.522,-55.0638061950519,302.53731156759
16.5225,-75.6089923873293,294.766427940987
16.523,-44.6619891196845,241.933944398929
16.5235,51.6647943449294,126.931321269157
16.524,138.943541706721,-15.6216660124996
16.5245,110.873913182568,-107.667268346564
16.525,-54.6205627949853,-103.717037013127
16.5255,-246.520281037237,-37.9351561414569
16.526,-330.703043370922,24.5334911624193
16.5265,-297.889930511068,55.7387172145278
16.527,-246.561315984673,61.3193971154692
16.5275,-227.21094343626,46.1585064877791
16.528,-182.499812153218,23.7647660473593
16.5285,-60.9424897740061,28.7890140502837
16.529,92.0039599747237,72.5741522949596
16.5295,202.711994423922,112.32286495057
16.53,258.349364293864,115.584080620546
16.5305,262.649278608468,126.069886106987
16.531,166.02266446353,198.464403195799
16.5315,-61.8214229204332,290.409052332843
16.532,-312.432934557913,303.73090894087
16.5325,-398.296477778204,229.762387391361
16.533,-257.401751715077,161.425483718088
16.5335,-20.9856804275226,142.122583719299
16.534,159.056904189741,95.9482845528428
16.5345,280.062077430766,-47.0880944242718
16.535,426.246819500505,-236.610780145972
16.5355,592.821214721682,-374.292916903355
16.536,669.218659581875,-439.900291649744
16.5365,595.726529840056,-478.443631756849
16.537,444.751739315821,-508.280031970759
16.5375,307.707864171161,-512.979042174776
16.538,177.446348615443,-495.294572938689
16.5385,16.1835783167349,-473.225784711353
16.539,-113.210362242404,-440.377090389583
16.5395,-98.1777860415945,-385.458946863674
16.54,32.8624733432674,-331.086595287112
16.5405,82.3829064493992,-298.465053803912
16.541,-87.7201737546138,-254.926338132553
16.5415,-370.086749629377,-156.523921956292
16.542,-537.936556438634,-25.374768006819
16.5425,-518.36068927858,79.013258659939
16.543,-449.017994898236,151.379085766979
16.5435,-469.841572692905,232.42467011392
16.544,-545.318651662129,313.804340605318
16.5445,-519.594643563331,330.483750439993
16.545,-294.134471328707,264.145164972697
16.5455,68.5154826849027,184.443669497808
16.546,375.318350226552,160.276232802767
16.5465,432.97574332531,187.852325877862
16.547,206.340898468372,234.226282662851
16.5475,-133.906569023309,295.563126048061
16.548,-369.690532373997,375.204131990636
16.5485,-451.739653065265,448.948747136596
16.549,-499.857741154938,488.460664731858
16.5495,-581.780942139064,482.025286028532
16.55,-584.944263881809,405.047241921959
16.5505,-363.291392840883,220.051210040446
16.551,60.3015993566767,-50.2237050031709
16.5515,510.89753809272,-292.76645335067
16.552,832.765527243263,-402.772453560731
16.5525,976.430919540024,-388.454050267741
16.553,965.609826386734,-332.906661999633
16.5535,868.247535712366,-280.640997483457
16.554,777.362281722635,-216.677166202155
16.5545,730.05674747266,-135.019308030009
16.555,645.591948550246,-59.2850249126229
16.5555,419.434514492852,5.83605051066453
16.556,81.0138327935769,83.4268801417754
16.5565,-216.410915799888,170.186757065375
16.557,-372.040998773675,220.965717277841
16.5575,-429.647941911807,206.785002548673
16.558,-474.866171957312,152.298777660397
16.5585,-515.297573192877,98.3346191305207
16.559,-504.136358428324,59.6896461049264
16.5595,-429.494377979686,37.7987641910651
16.56,-331.992122168094,42.6215101185283
16.5605,-259.479817694802,74.4027357385239
16.561,-235.142636054524,103.552501365041
16.5615,-251.519681770416,95.9075642315638
16.562,-278.144427445744,51.3198302048172
16.5625,-288.475677694704,1.19663562196925
16.563,-275.093985943859,-26.4865020471323
16.5635,-215.751966117752,-31.0311053251436
16.564,-54.7829031379048,-37.52748716208
16.5645,216.490808021588,-78.5907150109696
16.565,476.410931917324,-165.077471687938
16.5655,562.655273534467,-266.118881485857
16.566,463.309712551931,-329.848939109565
16.5665,329.75110771622,-332.906055646634
16.567,271.264725509866,-299.321067666173
16.5675,238.797004522482,-264.575304210035
16.568,164.214786385824,-235.751657178181
16.5685,97.8881440320744,-198.004181303756
16.569,103.929688663552,-147.456162563764
16.5695,111.805846006339,-102.639433010388
16.57,15.2399097203894,-87.2926070120232
16.5705,-127.601507608935,-108.539632832449
16.571,-147.697212914111,-145.703860221353
16.5715,-21.5340050182887,-157.815018174908
16.572,67.7060158598376,-114.31885188548
16.5725,-34.7972330176078,-24.5761769841353
16.573,-269.987633496273,73.7553055647312
16.5735,-463.349374147142,158.103921399621
16.574,-514.309724220487,236.039543151604
16.5745,-430.127420841117,313.086316902537
16.575,-255.326412658055,370.135027352227
16.5755,-46.9982948918857,388.154924219384
16.576,124.35605705305,374.966386853383
16.5765,214.538360199086,349.054773866812
16.577,224.51283475279,315.788519758042
16.5775,150.892633517074,280.670504039703
16.578,-35.0730699703706,264.888623369718
16.5785,-319.942673559351,275.687113028944
16.579,-605.578602178411,273.180805511107
16.5795,-774.920165132502,201.171486089594
16.58,-759.92900156481,49.6089201803889
16.5805,-525.364469429563,-138.885745073109
16.581,-70.7841628969404,-315.68095731015
16.5815,487.767520370343,-446.10680221212
16.582,919.555272650316,-492.42991727197
16.5825,1064.88107290056,-428.458483350312
16.583,979.595257159426,-288.031517860364
16.5835,813.091493992632,-159.178051524019
16.584,603.564198206547,-102.577139563655
16.5845,310.588823571193,-97.8953121645693
16.585,-2.14253665924262,-88.081843881999
16.5855,-181.350747799583,-49.7341669573833
16.586,-186.943058536527,2.10592838669267
16.5865,-123.955613667151,50.7919455482657
16.587,-42.1349301938956,87.0158946778942
16.5875,129.472251119718,97.2342863449368
16.588,377.440485533858,75.1402230588387
16.5885,505.758904192392,38.8668708492997
16.589,378.147017113416,15.4822875156844
16.5895,127.85032758254,17.6443698881119
16.59,-40.0271744661608,52.1419642495406
16.5905,-155.958587215394,130.315819581292
16.591,-393.978571571129,240.054555043674
16.5915,-725.115963886731,325.039255503892
16.592,-899.217244019386,331.873241045852
16.5925,-804.860725165554,273.055709605284
16.593,-631.141894765038,206.607033204882
16.5935,-577.376795094949,156.335497329657
16.594,-578.331638994411,92.9572383016763
16.5945,-447.611699877622,-2.71588087435498
16.595,-158.116331648199,-103.417153055957
16.5955,168.053299763125,-178.464955149341
16.596,443.898737603732,-231.912957756446
16.5965,627.713945524768,-271.214887869751
16.597,627.874172426234,-271.80751816988
16.5975,390.392823263306,-208.950028813668
16.598,61.7209351472839,-105.0319232738
16.5985,-117.549977507146,-9.59089590546603
16.599,-99.2968293103537,57.243927139127
16.5995,-48.6665291639837,106.98512808985
16.6,-56.3950889168159,131.245779180295
16.6005,-10.8182965785535,83.9051016203246
16.601,171.828286648212,-68.0259208708928
16.6015,361.911019596939,-289.609620451004
16.602,388.600983387376,-487.192438127104
16.6025,274.763485255228,-572.120052208254
16.603,160.033350476581,-518.606154876737
16.6035,81.6059814142089,-370.486802617507
16.604,-16.290188392441,-199.228384388183
16.6045,-117.241881193195,-55.5008124354055
16.605,-142.043243705816,43.7869555870343
16.6055,-102.592617114246,96.3878985620846
16.606,-93.585346876589,102.918808339301
16.6065,-127.939594819809,77.2751248736884
16.607,-123.868285604587,50.3851028407487
16.6075,-72.0080578637144,49.5191166294525
16.608,-66.255650475582,79.8322187723136
16.6085,-122.123142601789,132.282826032923
16.609,-110.769120776673,198.497855382762
16.6095,39.0725574290985,267.200365913552
16.61,193.161420429179,314.677281505485
16.6105,181.559221700508,313.18320060516
16.611,36.0120499708893,252.354267831051
16.6115,-70.0656617318976,153.584162206163
16.612,-77.5374730702459,66.8953405272358
16.6125,-102.918075358722,43.4111031815964
16.613,-229.608749802265,89.2106897625974
16.6135,-348.381465159336,145.711563693917
16.614,-276.044997385247,140.437188402017
16.6145,0.999193394628926,65.364605076817
16.615,263.350088554095,-17.2369322934459
16.6155,267.82764999605,-52.6078699329906
16.616,13.2660116257274,-46.0127940080133
16.6165,-242.078184682373,-24.7761864242287
16.617,-260.412043855927,12.0085186219426
16.6175,-81.9987217704861,72.0445359174654
16.618,64.8343789426098,127.210052809445
16.6185,74.1637104358323,135.760653731429
16.619,56.9214747562399,95.0322704325714
16.6195,111.933191418251,37.0177475299143
16.62,161.315060417918,-15.7220874172126
16.6205,110.564676930537,-54.5871748393263
16.621,44.5226517428777,-61.8124733208613
16.6215,114.900540405476,-28.6719757513716
16.622,304.97773149693,10.4927520867678
16.6225,462.886454219342,10.7953964706149
16.623,529.945519376329,-16.2630925636393
16.6235,571.542317541505,-16.5902412085537
16.624,588.352602764567,20.9119029508692
16.6245,471.683775880258,44.12134210088
16.625,192.330583596833,16.753739065118
16.6255,-112.330128482373,-34.3773008273912
16.626,-309.207942622868,-74.4033911331277
16.6265,-412.45607802589,-111.247921093828
16.627,-488.455185449354,-154.73687097715
16.6275,-529.502967746749,-169.298417195837
16.628,-506.988335309177,-118.638851026171
16.6285,-454.613047014231,-33.3264477969321
16.629,-401.795017954867,15.6627770500175
16.6295,-301.668233216241,0.849064056845127
16.63,-126.230788626928,-44.210400539163
16.6305,35.0127223856858,-82.0591590015674
16.631,85.7693275443321,-104.331812271616
16.6315,82.0370348032802,-109.007475787411
16.632,152.911762676585,-87.3436186854872
16.6325,283.178041561952,-48.7788806207439
16.633,307.034402176129,-31.3965735813927
16.6335,137.972523924033,-67.3811124679292
16.634,-107.58894687944,-146.67873751466
16.6345,-262.467153208114,-223.573273902102
16.635,-301.323001369358,-253.863936013163
16.6355,-321.46526122579,-224.157572520861
16.636,-381.916677402351,-153.059377934484
16.6365,-426.580287286281,-68.9771898412229
16.637,-363.114135883201,12.6253863939872
16.6375,-183.89998976438,89.352265877989
16.638,9.37100803553025,156.188026076311
16.6385,113.229590638321,203.510873600331
16.639,149.516675688453,230.632165623038
16.6395,240.157126784976,244.950402269317
16.64,424.507452631999,245.941233979141
16.6405,555.690293685733,230.311346932702
16.641,455.582493611038,215.877532530431
16.6415,151.571417007863,230.773116770139
16.642,-129.316729681388,264.106082050022
16.6425,-210.4143216048,255.24226682586
16.643,-128.076219093673,156.622362518398
16.6435,-23.4076850633185,-9.76082573325126
16.644,42.0473444649618,-176.911924648014
16.6445,107.173001732045,-294.192581312648
16.645,209.306009820735,-346.87723856549
16.6455,332.485799609979,-341.838452029688
16.646,433.691079661197,-303.537233967921
16.6465,469.079764909072,-266.30964480663
16.647,413.366185579999,-242.8616625813
16.6475,298.720179685193,-214.437498239593
16.648,214.948908355769,-170.425254759012
16.6485,218.874247383138,-129.835814580935
16.649,251.628951102365,-97.9347615198458
16.6495,198.338408013365,-38.9718942653609
16.65,31.4084244636444,65.7616464794704
16.6505,-159.71384405848,168.296898304103
16.651,-293.187467592748,218.178831267903
16.6515,-383.826540504344,245.016933100133
16.652,-463.162202618314,304.78674615014
16.6525,-471.796386634485,363.070116046692
16.653,-329.983347053482,321.03408801958
16.6535,-110.316739156185,166.375105225948
16.654,-22.9814980589421,11.8370876405674
16.6545,-159.53049027154,-46.8926272795228
16.655,-336.923291720949,-36.5985995784541
16.6555,-316.127760396386,-29.5588298140006
16.656,-139.239658121592,-31.3722192867173
16.6565,-95.5518000496937,-4.79914327440413
16.657,-317.783888452122,45.0985215886935
16.6575,-565.935868247706,77.2582421772323
16.658,-527.074240642909,82.3073824189426
16.6585,-228.568979950954,90.7960436183895
16.659,1.72191865317942,129.470333547577
16.6595,-48.9160172481939,207.765732303659
16.66,-257.522727113451,323.346023326498
16.6605,-373.922475375469,438.354366906348
16.661,-305.145366066061,474.211817993385
16.6615,-129.289659261425,379.39972566788
16.662,63.6579752178437,189.817393151198
16.6625,246.129635113819,-17.1352972340859
16.663,414.564504523379,-206.495915201583
16.6635,555.611312986642,-377.034929016748
16.664,641.251362411364,-494.645185033666
16.6645,625.707661412949,-504.817750097373
16.665,476.859183920208,-415.250268210164
16.6655,240.05763347283,-306.074268124841
16.666,33.7236725012241,-241.375091490507
16.6665,-53.5735907495474,-214.967795408332
16.667,-33.0783214526467,-195.777222546462
16.6675,36.0930940208704,-179.460295551026
16.668,119.79050571744,-172.533624123842
16.6685,197.634841121436,-164.265124755561
16.669,234.579545540584,-142.933911362392
16.6695,217.909193967214,-115.711411684167
16.67,186.310556068871,-90.8189156629907
16.6705,173.875295508617,-60.2923314255374
16.671,161.828531423099,-17.6355244181825
16.6715,133.985420913448,26.3969137321071
16.672,133.789595827221,60.1700645475842
16.6725,197.042999626584,85.6468058723873
16.673,261.586888308729,106.135153250003
16.6735,223.679874279462,120.421878902588
16.674,68.9052072820235,139.967832978018
16.6745,-129.224060078186,188.676370666876
16.675,-328.531784597249,270.662273371347
16.6755,-545.284032699249,358.095649854153
16.676,-749.665915497556,423.097223065037
16.6765,-824.291273118486,457.766263129036
16.677,-675.076603673721,448.030757226386
16.6775,-334.570152966306,358.288013695089
16.678,74.9751776924687,173.378665539391
16.6785,431.17432080885,-59.7785663874514
16.679,637.333673063278,-262.515303661805
16.6795,626.805577096487,-391.096368138562
16.68,411.846835938606,-453.665469800672
16.6805,108.454410087813,-472.390399839526
16.681,-139.907886582018,-455.626245623208
16.6815,-263.538311589549,-405.420323373266
16.682,-275.965735931933,-329.444221398261
16.6825,-218.300473215233,-240.703605228324
16.683,-138.679538114728,-156.250016584766
16.6835,-100.771001546143,-92.5581157838651
16.684,-146.27381288794,-50.7500964884718
16.6845,-236.123385919032,-14.4607401076395
16.685,-272.579952388039,22.5139405630588
16.6855,-199.239612286063,36.621822166927
16.686,-52.3049372369931,4.97652587806484
16.6865,97.9830874136728,-50.12566414859
16.687,222.678576679012,-74.4453665209874
16.6875,327.60619767707,-44.1760650849808
16.688,400.947541707247,8.65641223482781
16.6885,408.373972610507,43.1349063405967
16.689,338.52277668763,61.4785790360102
16.6895,223.311482387346,97.8355668712446
16.69,105.492419289941,166.738961924904
16.6905,4.82829960900281,239.912512881646
16.691,-77.5963890313949,272.207247277053
16.6915,-139.633068129946,240.365593028168
16.692,-173.645307926742,158.559657914477
16.6925,-171.617361222369,66.2570491418585
16.693,-129.52900324242,3.12329060591587
16.6935,-58.8812284524998,-12.2872423200524
16.694,5.58114228587629,10.6351631894597
16.6945,34.3276718947512,42.6062100046378
16.695,48.95366167037,52.0777718019039
16.6955,106.174070118464,27.6354356221249
16.696,206.024825006766,-6.86739681032203
16.6965,245.795597539473,-5.88741309729444
16.697,120.685143277019,55.0802966170152
16.6975,-130.683222872383,151.470778691025
16.698,-336.911871760842,238.47321859349
16.6985,-374.861835011518,306.727000161501
16.699,-302.338653753001,386.77796754814
16.6995,-277.493679935408,488.515416650086
16.7,-371.091203989611,561.834263872212
16.7005,-499.758170464096,545.932093254748
16.701,-542.177411408311,446.287757145785
16.7015,-484.334136675398,327.619815953549
16.702,-425.922221065244,227.130138668406
16.7025,-446.888939179387,112.212001307552
16.703,-488.118685188728,-53.5600237009344
16.7035,-392.976479241331,-232.845843407145
16.704,-83.755849959239,-344.073446564733
16.7045,323.389621866262,-361.038738629201
16.705,614.025947477602,-340.60376714769
16.7055,681.4242404147,-340.247949044958
16.706,602.153134190664,-346.697912501874
16.7065,513.223931456592,-315.78636819827
16.707,473.53270020979,-256.696995717543
16.7075,466.871670532948,-231.355650228121
16.708,472.529762740436,-270.324192773011
16.7085,467.427165859187,-329.920060477911
16.709,396.220260161849,-350.586156410111
16.7095,221.962847653265,-328.676571810417
16.71,7.76377070222998,-303.003481533089
16.7105,-123.427657056015,-288.38179164669
16.711,-132.346243836346,-258.990605164942
16.7115,-107.812675414482,-198.435548228213
16.712,-133.838351661434,-132.676676583116
16.7125,-167.004591401621,-96.3131674483187
16.713,-106.603739917805,-87.4208634665925
16.7135,43.0087668483231,-77.6765468423684
16.714,157.662497528591,-55.1244590305953
16.7145,151.197290188288,-32.9943041805943
16.715,80.4649526747937,-21.5500197047808
16.7155,54.6562553805706,-18.1845467418669
16.716,91.816128016272,-29.1883688040965
16.7165,126.014098049448,-73.372606637968
16.717,125.141260362792,-147.354837018085
16.7175,120.067619027896,-206.705029165673
16.718,117.964978773686,-204.487852196828
16.7185,80.9813123448012,-141.110374707546
16.719,32.1209214579416,-59.0707838420312
16.7195,92.9983574416055,3.72062918884801
16.72,326.031610581283,39.0681401116662
16.7205,587.418578072802,59.9309747575346
16.721,645.413659769835,93.7907441517691
16.7215,442.395011555558,178.625511805348
16.722,146.172235113307,331.0463622368
16.7225,-71.062904325838,507.58792159802
16.723,-209.31441566562,621.616092166082
16.7235,-358.601383946994,612.720517627393
16.724,-529.157835629739,488.296121092225
16.7245,-642.200843376299,300.450282100707
16.725,-655.987923993389,112.09607229796
16.7255,-638.175577515436,-9.12052331518919
16.726,-711.373079913783,-6.90952700897597
16.7265,-938.505195268595,118.134836232428
16.727,-1239.80406214458,295.425392982837
16.7275,-1427.50683113488,442.042710051656
16.728,-1372.19287513331,521.32068497976
16.7285,-1131.71996842424,530.863243938923
16.729,-845.953167005817,464.562198643075
16.7295,-515.414368961654,323.316339732701
16.73,-13.5950215192411,143.630383428832
16.7305,638.737890014963,-27.9925086657091
16.731,1163.80657078331,-183.659906717871
16.7315,1312.79235371962,-340.714158320556
16.732,1157.31821383844,-486.521496578406
16.7325,959.285039868009,-578.419849907946
16.733,842.273978399814,-600.259630049566
16.7335,760.059298949944,-577.944289497366
16.734,711.591112658141,-530.920913957549
16.7345,753.789695258586,-448.028101076229
16.735,802.232842780037,-326.761673214615
16.7355,664.363093530187,-201.863291003485
16.736,349.431969008163,-113.42892790156
16.7365,129.409853557903,-68.2554890903844
16.737,160.680978907951,-45.523308218414
16.7375,228.846556348518,-20.5896792797689
16.738,50.7703914141232,20.3343154070911
16.7385,-302.878419972893,61.7487593264932
16.739,-506.195259852421,57.8028843824292
16.7395,-439.768571048546,-6.30963353359746
16.74,-329.814191166979,-49.7334744255364
16.7405,-404.145872425025,41.1151898609812
16.741,-592.603743462426,253.370156046614
16.7415,-645.493767603447,416.618169478335
16.742,-435.06240519822,391.351872421875
16.7425,-62.1902739236765,242.418360503664
16.743,271.496581172051,149.479198580137
16.7435,442.702821397466,171.873965803396
16.744,494.617685607263,192.983018004925
16.7445,565.382605240447,106.496826223459
16.745,694.555347941649,-27.2936679084584
16.7455,726.016107365098,-56.8767639310727
16.746,487.182845295471,75.8102823184915
16.7465,49.9889676131153,271.737727772109
16.747,-308.594711428966,374.715118549367
16.7475,-433.025925526483,304.086114240889
16.748,-449.298941761987,104.920231001608
16.7485,-536.589271857999,-102.749199461249
16.749,-666.161984661379,-225.024863063416
16.7495,-685.53246874844,-259.516108587315
16.75,-578.999658003169,-264.64563481946
16.7505,-498.549280711136,-274.867544874744
16.751,-552.547611737984,-268.959921216615
16.7515,-680.131117183624,-221.33578047891
16.752,-741.97456617805,-150.681909271232
16.7525,-648.54219195126,-97.7525016877866
16.753,-397.912663273639,-75.6192233015203
16.7535,-74.0570717779593,-64.1587067179205
16.754,181.651805398402,-43.860022341142
16.7545,276.494004773729,-18.7259451337056
16.755,259.558921721702,-11.6528830330859
16.7555,243.36243129273,-45.4263202925802
16.756,237.458280123183,-117.964285433321
16.7565,153.289693942217,-190.065016302628
16.757,-15.7677526539629,-214.222730396107
16.7575,-133.836151960358,-188.146117812505
16.758,-89.0966671959889,-165.066092672881
16.7585,83.1710910674877,-194.543839416042
16.759,308.619359296538,-261.79975892118
16.7595,597.099131568155,-299.871946610208
16.76,952.2528718599,-255.96501952417
16.7605,1239.91504897259,-136.037118813368
16.761,1285.51537432668,7.37511797048809
16.7615,1077.26904783939,119.357207418851
16.762,754.31469222363,180.162760515371
16.7625,408.917658830108,208.527903550402
16.763,26.2060419542422,226.463789718696
16.7635,-372.618342472493,224.587301233118
16.764,-662.591917103184,179.460497106355
16.7645,-747.88169157386,106.45167700399
16.765,-668.109921391718,66.1304841358591
16.7655,-512.769484273135,97.5322381909207
16.766,-309.707968535113,164.414306912254
16.7665,-67.5386060221279,193.762251160275
16.767,138.481230308492,158.278525877889
16.7675,215.225799341659,97.5938305363796
16.768,168.933014441014,64.2051636711322
16.7685,109.317983542805,71.65890286217
16.769,135.941986177991,94.7972493199375
16.7695,249.048291417673,100.888508214862
16.77,358.799416629039,77.682589748839
16.7705,364.149136916904,43.331882037797
16.771,247.316620191979,27.8655356238529
16.7715,100.973155949041,36.5327846049144
16.772,22.1997223125079,40.9419827228147
16.7725,-25.4766621186431,20.3562510859323
16.773,-175.349465770017,-0.299008567826565
16.7735,-459.817792209407,24.8722105114133
16.774,-737.949114804769,105.993046627711
16.7745,-874.141903295497,203.954449205021
16.775,-892.959036782522,265.345144902393
16.7755,-865.418985522516,252.237890314189
16.776,-737.020971705979,154.954659023794
16.7765,-419.316744881764,10.9623425061759
16.777,-9.07762463108406,-97.3314716168719
16.7775,255.524150835723,-108.042908662706
16.778,275.968386915491,-50.6573701562942
16.7785,183.329800853728,-14.2609114300538
16.779,110.991703827496,-37.4629712982175
16.7795,30.0676790656173,-71.9717188944113
16.78,-108.953552140038,-69.2400100420899
16.7805,-211.998470621014,-52.3686085412442
16.781,-156.832983135991,-67.4699061133124
16.7815,6.37370127414796,-106.850333372592
16.782,114.653579493272,-130.586541684485
16.7825,121.01217014409,-136.566812794234
16.783,128.539357967506,-151.489344038886
16.7835,195.620228334316,-163.456205391258
16.784,237.628765754,-124.417323615115
16.7845,167.297903288959,-30.4284578700959
16.785,34.350708351203,50.4509812577529
16.7855,-41.7778965094342,54.3104059878804
16.786,-15.6259017269033,-6.86405796307823
16.7865,77.1376377546984,-71.4464406573424
16.787,213.564220278152,-100.098043408153
16.7875,401.429923228182,-97.585801571701
16.788,605.086554933833,-81.9094531143483
16.7885,725.668194476764,-59.8142156078578
16.789,692.207048101444,-30.5511790818511
16.7895,541.8565308948,2.74336648901295
16.79,377.136957906451,29.0258850453037
16.7905,258.071184693493,35.28990260148
16.791,165.744545469599,20.9387734547893
16.7915,63.5652529108693,3.64097402381667
16.792,-45.4134832378919,0.79915765418779
16.7925,-137.317936346787,9.85555077567712
16.793,-212.10138487333,22.2053493606181
16.7935,-286.515798650595,48.5154707141909
16.794,-352.13152036349,103.053647448798
16.7945,-371.12836834787,165.260816659038
16.795,-319.352149518741,192.519088819773
16.7955,-218.337868577094,178.166643692778
16.796,-125.53319635978,156.123643545185
16.7965,-103.391359161049,130.443958448072
16.797,-181.612551106783,48.734982407834
16.7975,-320.01606605659,-112.021839637594
16.798,-417.381061793446,-270.407379629068
16.7985,-396.64650694874,-313.326442686845
16.799,-286.820352977061,-234.08137653777
16.7995,-184.859191535775,-139.220077100422
16.8,-130.336993666673,-112.464433920211
16.8005,-63.2326082663523,-127.915250743931
16.801,71.8811516027784,-118.627459288845
16.8015,224.676185724036,-78.6408289695867
16.802,286.49609210364,-54.0717133680382
16.8025,217.990558563434,-62.5170304946541
16.803,86.0436452523632,-69.964155113146
16.8035,-22.3924551187642,-43.7052838778665
16.804,-87.015475207109,7.78958247975728
16.8045,-145.115489646017,53.8847763587316
16.805,-217.112904222481,77.2715197393363
16.8055,-261.292266292447,82.9282275510613
16.806,-215.402063270752,87.211728974066
16.8065,-87.387284688074,104.793262369525
16.807,19.9123303406919,134.826422575483
16.8075,12.8441927022916,153.118067804014
16.808,-72.2882882815805,127.678544094872
16.8085,-107.218716262392,53.4362094718378
16.809,-40.9557015376895,-30.2444055461447
16.8095,37.5033744450304,-68.1985674676188
16.81,45.9000533018304,-43.7627618889866
16.8105,46.2156936103858,-0.209132025766716
16.811,150.616273778803,3.29314705712512
16.8115,330.032275856158,-42.3747242697091
16.812,426.151276208572,-88.9868770888912
16.8125,363.731632022715,-95.0422926678166
16.813,251.629918750673,-75.7655751625747
16.8135,230.012668096677,-69.5083383806812
16.814,297.280795285098,-73.9361231862116
16.8145,352.851836950231,-51.8835709909828
16.815,350.679358435169,5.11580858579783
16.8155,324.664204988717,63.059420387161
16.816,293.796824115119,105.538772820004
16.8165,241.670966503237,162.093509865261
16.817,195.098677116907,247.000024003561
16.8175,220.618790603696,306.732130404888
16.818,293.367619919258,274.268419750578
16.8185,254.291769933628,158.21035389757
16.819,-11.8321070987258,31.377229371839
16.8195,-398.781379126581,-62.4699263842365
16.82,-679.528569995951,-141.093836778965
16.8205,-768.26479606511,-217.243016563903
16.821,-766.941164368689,-252.420731548574
16.8215,-737.553186448243,-207.218176284553
16.822,-574.223303389578,-102.789614560074
16.8225,-196.026975210585,5.60749899337424
16.823,244.921043667847,96.9988402027428
16.8235,493.502036987387,188.912241489379
16.824,478.642077088383,283.76428345804
16.8245,328.350021564855,352.543036076604
16.825,137.112454286951,375.745118548039
16.8255,-101.756751483299,361.436214130972
16.826,-322.891237693709,307.080002363848
16.8265,-357.965709714026,181.324838204555
16.827,-178.216216344525,-21.191094781922
16.8275,-4.21887327334743,-229.081439427275
16.828,-34.7928647203929,-344.262277152555
16.8285,-185.409919690194,-344.479636557899
16.829,-244.908033242885,-297.862204154682
16.8295,-189.670511994549,-266.028771725205
16.83,-161.739445045562,-232.205256616355
16.8305,-200.248120452646,-149.523372255387
16.831,-198.827009428894,-24.865296739395
16.8315,-120.59542516908,87.5351578805627
16.832,-58.8820308768056,157.816066704218
16.8325,-50.1108068964803,199.314585669954
16.833,-1.8582907676532,219.594568086295
16.8335,132.063052315502,199.235571737169
16.834,260.213805922366,129.627411699609
16.8345,315.147145131506,33.134670208922
16.835,364.754729470557,-68.2948120508277
16.8355,462.041515813985,-168.578216589562
16.836,507.398468697243,-246.461858161567
16.8365,389.30129466601,-260.815728758307
16.837,179.596563666587,-205.431529749418
16.8375,55.143995995007,-132.84574367368
16.838,67.4253535371303,-88.9274387564645
16.8385,107.487641098412,-55.7225772913235
16.839,79.8738828987632,0.296189827032567
16.8395,8.22665682740769,55.3211820325812
16.84,-33.4159552180335,59.3949466609961
16.8405,-16.0951307819509,21.1568919209679
16.841,28.0495791218179,-3.11379070658068
16.8415,37.6703480372241,-3.27178008634421
16.842,-30.1603529733201,-33.0891644818507
16.8425,-155.567317818278,-119.754414884481
16.843,-273.354626961671,-214.630209702099
16.8435,-346.919056698988,-260.794470619238
16.844,-381.921803650708,-259.020333888157
16.8445,-355.498933530718,-233.170414966297
16.845,-214.04699713134,-176.123137065962
16.8455,11.5660827576879,-75.8916940059293
16.846,176.056473549047,36.6536320435806
16.8465,181.023143197714,116.737747062567
16.847,88.1424892195528,166.396082925107
16.8475,-15.6195381082383,221.603776894369
16.848,-173.745020996661,287.945884436503
16.8485,-444.779859440112,330.964416669151
16.849,-695.428206850103,327.466663656412
16.8495,-685.629070431209,287.11506516415
16.85,-367.541108455108,220.584529957087
16.8505,45.9839950196594,123.795274795318
16.851,334.589268114733,4.70724139270525
16.8515,459.163505569502,-103.769185894767
16.852,469.208148914577,-172.034666239808
16.8525,371.099298635834,-196.290156033309
16.853,171.884903355573,-186.897582686689
16.8535,-49.8045776143844,-157.90318851413
16.854,-207.079922567367,-137.499000369374
16.8545,-273.275075172144,-162.47744844084
16.855,-224.619422567734,-239.818939559571
16.8555,2.43938581551629,-324.948019150748
16.856,405.165468664266,-355.905901380479
16.8565,820.689316981622,-305.384107579835
16.857,1036.19254090579,-191.891317380421
16.8575,978.754506530172,-51.8395166103286
16.858,736.853574888857,84.599956907725
16.8585,428.591354900838,197.149871265757
16.859,125.124583389151,273.075358923967
16.8595,-117.081707691035,306.236074028139
16.86,-244.055916007192,294.422214312968
16.8605,-260.14728370034,241.598956361212
16.861,-249.566995004625,170.504840640411
16.8615,-300.31773052093,127.383146115033
16.862,-407.62606911081,156.937937459854
16.8625,-470.594894976941,262.537221651448
16.863,-403.301514341214,395.665645331445
16.8635,-252.651454486254,491.307832082734
16.864,-168.208381021888,511.823130099305
16.8645,-215.658088120729,453.47112699063
16.865,-262.579623965467,321.801302325459
16.8655,-137.997981845804,124.238665982503
16.866,107.359054458182,-102.936892702881
16.8665,222.295854951984,-280.519987264324
16.867,78.1895856614667,-331.18790105634
16.8675,-147.028049957172,-249.317794695343
16.868,-193.992426861119,-113.434322757794
16.8685,-36.7035524140449,-19.8907582863993
16.869,140.821604831494,-8.91887122143354
16.8695,211.967129470017,-53.8460592183394
16.87,210.372917328042,-103.18042330781
16.8705,193.297869374799,-120.681439008828
16.871,152.27084958523,-99.0999211836564
16.8715,85.7579135372067,-56.6256092201843
16.872,40.0825285812248,-21.1706562091937
16.8725,29.3501293660497,-7.40883321906305
16.873,3.38029843437731,-8.62797373455626
16.8735,-60.3027836358194,-14.3060492510385
16.874,-114.425043430377,-26.242550120222
16.8745,-140.143105746578,-47.9663272825419
16.875,-204.811186696363,-69.7947161399597
16.8755,-351.179938160418,-82.4192243155142
16.876,-491.863884196186,-100.127216645563
16.8765,-498.592487268746,-149.223235057356
16.877,-363.726952368763,-228.319504028957
16.8775,-195.475427516088,-294.504146012581
16.878,-70.4023792873508,-296.739394567976
16.8785,32.288728092461,-218.009719887426
16.879,147.092938446911,-86.2752283921842
16.8795,244.59074723565,44.3873844528481
16.88,269.2098825662,122.554039153494
16.8805,216.328953696599,125.888050561898
16.881,139.510604037879,73.0855343539131
16.8815,92.8239856323176,8.84218176877092
16.882,83.041190680048,-29.9305563584896
16.8825,75.7430643747539,-38.1755253736746
16.883,42.0101263841457,-38.3632291307354
16.8835,-4.3493808352603,-54.8965161104628
16.884,-23.6661339692614,-88.9905688051336
16.8845,-3.84364518620551,-115.904858226265
16.885,21.8091961323575,-110.828337897596
16.8855,20.0801468825856,-77.8340795283954
16.886,1.58953306324394,-44.3307649726806
16.8865,1.59713243573711,-25.7058969767971
16.887,32.9433698694534,-10.9332895538158
16.8875,77.6585682705271,9.83913050681603
16.888,111.160302853664,23.3034071254593
16.8885,112.949836355276,15.9645257691175
16.889,66.6511703653145,2.98031129279681
16.8895,-22.9027846773148,10.0962274947322
16.89,-117.024141658341,35.9086768582269
16.8905,-171.184607749397,56.5373783271815
16.891,-174.954058635334,62.0281537241224
16.8915,-147.783119875505,63.1655769819398
16.892,-102.601743154208,66.3812978003618
16.8925,-35.7560867037653,69.3572707553722
16.893,50.0142851732477,80.2960804097483
16.8935,134.665911819235,111.327838672596
16.894,195.763184894187,148.660190178004
16.8945,221.288710581184,159.933552442584
16.895,209.956332871686,141.085948229921
16.8955,169.932593604308,127.474097225992
16.896,111.453106816367,144.367166712714
16.8965,33.3907204056174,170.820370878283
16.897,-66.3067877375852,167.384358258559
16.8975,-154.83854276763,117.162514365876
16.898,-167.089641929469,25.866380575593
16.8985,-74.9953370747753,-92.1429406178428
16.899,63.6462259899121,-206.733982724386
16.8995,159.851871698397,-274.551572982246
16.9,184.028289420954,-276.382004342918
16.9005,169.72640532774,-239.288863880107
16.901,146.143250266268,-200.651866155817
16.9015,112.746625300057,-165.365893301655
16.902,72.5549341730547,-120.959816562422
16.9025,43.702518333039,-77.2540918413091
16.903,37.9547382162067,-58.1802743483762
16.9035,63.7869390626387,-59.7880353026735
16.904,136.893681490679,-46.3733101587502
16.9045,242.162055715012,8.74558326495949
16.905,308.184310755018,98.4864831107564
16.9055,285.279324296989,196.476425264221
16.906,227.832648223894,275.394202008601
16.9065,212.692564563527,310.616909458727
16.907,192.74833520432,286.768964679879
16.9075,52.8285628707848,208.742138025204
16.908,-176.960985586898,98.7715119385538
16.9085,-311.922067850954,-14.5795667538399
16.909,-277.890107498026,-96.8599092651814
16.9095,-234.079820110733,-111.316527352
16.91,-316.547306959506,-45.6303653738139
16.9105,-396.141452008152,67.5217343509317
16.911,-266.638482454977,177.32865436484
16.9115,11.0226146583867,262.175292035789
16.912,157.298896823817,331.897301735567
16.9125,46.0929905828187,385.286296734169
16.913,-167.652551220205,390.708333870966
16.9135,-309.443506242244,319.166457799653
16.914,-380.362457860559,182.382873103693
16.9145,-429.651820008149,30.1314035830498
16.915,-414.633862313278,-81.9572566270296
16.9155,-303.313142550334,-121.849175125071
16.916,-186.192177886718,-93.5787764038037
16.9165,-158.582620176426,-29.2947699200163
16.917,-180.317126509971,33.8872824496869
16.9175,-166.227337404429,69.8258622523594
16.918,-133.919659989671,59.892056951735
16.9185,-138.104226237033,-6.75774511031654
16.919,-127.432562358333,-113.995688992179
16.9195,-10.4631297216186,-215.616009775538
16.92,168.112301607062,-275.716063209023
16.9205,255.830390459061,-304.384284279327
16.921,193.543241870625,-330.690972044934
16.9215,67.7229202676204,-351.365488898981
16.922,-42.2839039642648,-338.110951949746
16.9225,-148.141611713173,-291.001189060689
16.923,-256.711680958617,-247.53636986218
16.9235,-301.256926770413,-233.185505882348
16.924,-222.858369190478,-236.591147254646
16.9245,-47.6837620359298,-242.471812479443
16.925,159.244829161131,-255.069610053037
16.9255,353.627516791883,-274.665390562635
16.926,490.715588336541,-282.711109392805
16.9265,515.610689270363,-269.370563056189
16.927,429.168028248967,-248.747832189613
16.9275,316.374264509117,-227.957643492634
16.928,259.809944070233,-188.315410668879
16.9285,256.963265796535,-118.920101337189
16.929,255.707293620638,-42.3509394577221
16.9295,230.848904296203,18.6017929738302
16.93,188.675934136734,75.5069555182709
16.9305,135.181303982392,147.051706872621
16.931,82.7932291274822,219.188150577393
16.9315,60.3750890695658,264.493545213753
16.932,80.2221732633929,282.977788067188
16.9325,120.067239577362,289.055226370855
16.933,163.223673787361,273.266513092184
16.9335,218.584123984503,216.639983535558
16.934,268.8192335018,136.444272212617
16.9345,245.494593479274,78.9676683795917
16.935,107.808354396639,66.1705482117515
16.9355,-86.8286043073495,81.7280888943684
16.936,-244.605068459356,108.297616860371
16.9365,-340.926536132035,143.368880585144
16.937,-410.529900615614,176.38359637168
16.9375,-461.483146564301,187.811307673674
16.938,-467.526661872478,180.328200526078
16.9385,-429.382642367692,177.009598143842
16.939,-368.169355591622,176.644540582643
16.9395,-261.127033375704,144.692292806734
16.94,-66.0170350219072,67.4946982983915
16.9405,173.628808792225,-13.0038214582271
16.941,328.545975136845,-41.6662160014144
16.9415,329.193613446519,-7.72777953956642
16.942,247.092595539747,58.4712822817029
16.9425,184.181735519153,126.173237643957
16.943,140.128027676525,180.633158007263
16.9435,52.9418275709552,215.352001966376
16.944,-73.9654066688399,230.216988388013
16.9445,-166.388912149042,228.189095241848
16.945,-186.284408677867,199.81420954068
16.9455,-168.41311485549,126.197157797376
16.946,-144.756519718167,14.2793351784057
16.9465,-99.5037277521453,-87.8989473401564
16.947,-20.56024227644,-134.437305644981
16.9475,59.1770600355389,-128.988043928934
16.948,104.071962077389,-107.550388079056
16.9485,120.225369606321,-86.7943039458853
16.949,125.868988126666,-57.3916019881591
16.9495,109.462075831394,-21.3108596847482
16.95,53.5639847562741,-2.40356626816492
16.9505,-20.8620767536179,-13.8265306044676
16.951,-70.4335056131649,-40.6659714000847
16.9515,-79.5830590611054,-65.1163799375948
16.952,-66.3679603979039,-88.9440332717484
16.9525,-47.6285172274935,-118.77878604887
16.953,-26.1315693120601,-144.968079932064
16.9535,-6.29078212264719,-151.137378368102
16.954,3.36599733381067,-138.199148453514
16.9545,1.39398080748239,-125.557770220317
16.955,-11.4944627697352,-128.255740820115
16.9555,-40.0571418867528,-139.820727703301
16.956,-76.7151236296356,-139.651759568135
16.9565,-89.4022542355389,-115.50885110791
16.957,-55.9780248267999,-77.0867863046451
16.9575,-1.22845010187761,-45.7282918235661
16.958,31.7313598300036,-31.9785437985182
16.9585,37.9617173187748,-28.7409757796963
16.959,42.9865834781036,-26.8045467997745
16.9595,48.5989507088868,-27.242257933396
16.96,33.8212271746791,-33.1406090308338
16.9605,8.92183858432444,-39.5559156785292
16.961,13.1733926031701,-41.8884462040477
16.9615,45.7236045254893,-46.6135655365894
16.962,53.5810218301338,-62.23927907163
16.9625,11.4470723247509,-85.3061824125419
16.963,-40.4537098745234,-106.714687163441
16.9635,-69.172722717903,-126.304237578357
16.964,-103.440067154558,-148.439476504335
16.9645,-170.573581323381,-167.408725686462
16.965,-231.976211103537,-170.103997205945
16.9655,-240.358747160842,-150.034016071662
16.966,-216.332339443471,-107.125297480786
16.9665,-198.908625284148,-38.8645257395504
16.967,-159.125026879762,54.1663637362748
16.9675,-48.7948933545114,157.087898135331
16.968,88.4217535981428,247.274796470565
16.9685,152.602748521477,306.991844261891
16.969,132.809109282788,319.30309871662
16.9695,117.742067960484,266.59938823364
16.97,145.980645613392,156.734848019105
16.9705,148.904136613477,40.4177578529409
16.971,82.9430104887121,-27.4583946481776
16.9715,20.169734710854,-42.0100283934921
16.972,40.8504834431626,-37.8465245077869
16.9725,114.558324481953,-31.7905642357122
16.973,164.161629661547,-13.0805017197388
16.9735,180.517632869468,12.4158368765722
16.974,185.577957134015,18.495907238621
16.9745,139.096289152719,13.4401016239964
16.975,-7.29861406184225,47.1994642226907
16.9755,-187.838516838482,132.314655412724
16.976,-264.955699812301,201.937981261567
16.9765,-198.482659554239,191.291698707931
16.977,-80.4430455474829,128.043264301368
16.9775,8.30535249005004,89.090303023008
16.978,84.1352536633,88.8558101409338
16.9785,179.109509237862,70.5868475478685
16.979,259.347113671087,4.49612013135809
16.9795,268.149403937735,-66.3938655137929
16.98,191.026896704204,-94.4633214152534
16.9805,46.9602773951269,-92.4009215492818
16.981,-126.049344818097,-101.559713035932
16.9815,-253.172558034657,-127.647927138444
16.982,-262.765884185991,-139.002510666286
16.9825,-177.435434844839,-113.311489062313
16.983,-88.3454372906658,-61.6761241814684
16.9835,-1.69585146912953,-11.480605795677
16.984,188.319411172639,21.8148768552304
16.9845,500.167431070709,49.5004617954219
16.985,743.686305251997,98.549551413542
16.9855,724.299433203891,175.907788719989
16.986,502.837213543119,245.393301187052
16.9865,306.24329662445,257.440949142113
16.987,213.014793335712,203.121223007455
16.9875,92.644287078154,119.544198751634
16.988,-130.142356244657,40.7149008504946
16.9885,-323.985477839924,-31.8834529739417
16.989,-340.770712928124,-103.270141939913
16.9895,-228.168989321226,-157.578324595797
16.99,-153.369607858254,-173.99464085012
16.9905,-202.401468384395,-152.647302625141
16.991,-347.324614166916,-111.195947888566
16.9915,-533.267276909941,-70.530367393595
16.992,-692.685357071833,-50.7311212359935
16.9925,-735.014502408121,-58.4456544307564
16.993,-637.608488162862,-67.4926917627966
16.9935,-507.56462875219,-38.5537509725206
16.994,-440.481435112311,25.4858801754724
16.9945,-354.876873747713,72.0859454366195
16.995,-104.288930061375,69.2264821133567
16.9955,254.989816341834,52.3026969972508
16.996,466.122813136908,66.398253813071
16.9965,390.723601718687,87.9379414003654
16.997,192.711562597919,52.4821407059921
16.9975,120.46632189362,-48.4561924224361
16.998,206.175558787488,-148.203010089424
16.9985,283.833876766175,-188.692546436156
16.999,236.649458135451,-180.508983620978
16.9995,109.384055067052,-165.296113400927
17,0.0205123060276308,-156.862956295904
17.0005,-52.2239348366353,-144.137347629836
17.001,-58.4836546986968,-125.076767714845
17.0015,-37.4622527031091,-108.102102646674
17.002,-7.73097485710176,-93.0137530495834
17.0025,19.0824943895643,-74.2931923620116
17.003,48.4224182886711,-55.4796673847383
17.0035,75.2145855233625,-40.2176412779666
17.004,54.5352005137278,-14.4945610568543
17.0045,-53.1027623566835,42.0731745700735
17.005,-205.640874577351,125.906407467159
17.0055,-296.000995161717,205.160457494999
17.006,-256.287301810317,249.660425324079
17.0065,-109.36438062778,255.166672284808
17.007,86.5544241820964,233.743436454737
17.0075,295.776282954379,189.316372238026
17.008,487.823086061917,113.729084967216
17.0085,607.428094246306,8.59390184224775
17.009,603.24452248917,-96.9689640190849
17.0095,475.343874571062,-160.646272306302
17.01,273.68361469821,-162.341811185172
17.0105,60.9507879913748,-120.429875425931
17.011,-110.502850127137,-70.4222177588641
17.0115,-204.766974593639,-34.6594550497509
17.012,-212.607538407921,-17.5344150481578
17.0125,-158.630642441091,-19.0371035204715
17.013,-88.9870454832455,-37.3407687372229
17.0135,-45.8729420324789,-60.1224914965036
17.014,-43.3832570854726,-69.2815707874242
17.0145,-57.7767880737525,-61.171589101461
17.015,-50.4911523221345,-55.3727729939481
17.0155,-15.0030376055892,-77.8827398410306
17.016,12.6614298372297,-135.545182695201
17.0165,11.1590940686532,-204.287778053216
17.017,20.1127313071998,-240.135043592199
17.0175,86.3819458672314,-208.932439051903
17.018,174.203395851486,-114.072592888875
17.0185,185.912165633089,7.37545350521245
17.019,83.7800557875227,120.558527564481
17.0195,-62.1450941195144,218.838030735029
17.02,-168.088586948597,310.79202684762
17.0205,-221.664891149714,396.02281934692
17.021,-238.126705024087,465.954989063411
17.0215,-192.538670562465,513.74144965285
17.022,-64.1931129133945,525.043502672658
17.0225,82.8687858283761,473.906418248037
17.023,140.747271666006,355.057555488009
17.0235,79.9117754904048,211.354486260402
17.024,-28.1188676651019,97.2140343256194
17.0245,-114.769230533336,17.2450026588933
17.025,-183.613956770096,-65.1205254032895
17.0255,-260.245326067176,-157.386533291449
17.026,-327.731102337118,-217.944481563311
17.0265,-345.943868797946,-220.193750772093
17.027,-301.985325201959,-196.337117521046
17.0275,-211.042169758263,-189.183124992319
17.028,-92.2355169955747,-190.223519285902
17.0285,28.1144026839657,-160.093982693687
17.029,111.157172274179,-92.6315967489674
17.0295,136.304269597662,-24.2911160481001
17.03,127.859517222221,12.1470941078066
17.0305,125.613178690786,14.1622139031495
17.031,136.429943394061,-6.03397029466169
17.0315,137.124046142123,-37.4692916312025
17.032,117.193082394447,-69.8651434087734
17.0325,93.1890934758748,-96.5540557303111
17.033,81.6260901048449,-120.04211138344
17.0335,79.6335785696424,-143.380655018349
17.034,75.5884149181869,-160.589353125091
17.0345,62.0118245233468,-166.819192416782
17.035,34.7350819333237,-168.912781427832
17.0355,-6.24578576833643,-171.753691263579
17.036,-51.2594122437108,-164.672038089445
17.0365,-87.1896665536743,-138.48475755297
17.037,-110.103434720551,-105.785189190265
17.0375,-120.859994092137,-84.9544209597444
17.038,-111.108866492506,-72.8877437568092
17.0385,-71.0119475608483,-53.2703580623964
17.039,-12.0418054914505,-22.528265138592
17.0395,37.9596166783447,13.3396956109203
17.04,68.7293241245818,56.1645624854751
17.0405,95.9071131556295,103.418654311759
17.041,124.629076110576,128.18386279377
17.0415,128.186544650262,103.14400823319
17.042,85.566436841719,42.3185932244882
17.0425,23.6661688833789,-11.0193553485633
17.043,-7.98190354651373,-37.3455305235502
17.0435,1.29465485674467,-51.7402801114188
17.044,17.9686601834211,-62.6629921912428
17.0445,22.5020949290439,-55.4906734626041
17.045,41.1955390590511,-23.847446955778
17.0455,106.410659138456,17.4676188043652
17.046,208.606886564718,62.9301364310372
17.0465,304.225992671879,127.032506567415
17.047,353.55792797862,208.339420599282
17.0475,337.049925122263,272.358776997822
17.048,254.80097312025,289.47236788376
17.0485,129.997579409546,264.572640256609
17.049,-2.91375141657491,211.490691649589
17.0495,-131.667798238733,127.197209972603
17.05,-268.45363207173,17.0135621704176
17.0505,-397.613850082985,-79.7578653906873
17.051,-449.816331744354,-122.338201662549
17.0515,-372.233273537616,-114.225296146664
17.052,-212.150262827096,-90.4270762881764
17.0525,-82.2142656235924,-70.476687793638
17.053,-41.3025599073431,-48.8105808472486
17.0535,-55.206565393041,-21.4039386882372
17.054,-78.2220567496824,4.10135256593748
17.0545,-114.869637410737,20.6345226671338
17.055,-173.81833951724,25.2324416169423
17.0555,-213.091068457656,17.2794870490403
17.056,-180.017573475285,8.35190627498798
17.0565,-79.0055552327789,19.3241155227761
17.057,44.7192807407367,46.999156872056
17.0575,170.978459513267,50.5416450486191
17.058,309.770240552475,0.674676798805646
17.0585,448.298626238542,-69.0598588065234
17.059,536.01300717165,-93.7303360617964
17.0595,530.090290974733,-55.4974150879808
17.06,430.462389815822,1.6825039480003
17.0605,268.192528685753,34.7283833615445
17.061,82.0436943944518,44.8017600318603
17.0615,-92.475147398004,52.7101355698452
17.062,-230.669065915641,63.8357448868202
17.0625,-317.844097815841,71.1850390696042
17.063,-334.842266097646,69.6556133453169
17.0635,-264.406149897828,54.9059276956062
17.064,-135.269501877238,26.6886649451908
17.0645,-38.7388894836372,0.218067203482988
17.065,-59.8001410522759,-7.9895795150779
17.0655,-191.116982534117,-13.220225334032
17.066,-341.83620285597,-55.1956073448271
17.0665,-423.166873782966,-142.958331731149
17.067,-396.601960824331,-230.422556857105
17.0675,-259.905852343093,-265.448208765288
17.068,-45.435553586739,-244.248018651263
17.0685,162.183577067696,-198.085778735557
17.069,266.48247591577,-145.619950970247
17.0695,248.010433583663,-85.2690285180588
17.07,180.134801399357,-23.3888537686159
17.0705,137.78827834803,20.8785874911271
17.071,124.74965063359,42.5553077304067
17.0715,106.970164103419,62.3390654156658
17.072,73.3943882910092,103.132171554624
17.0725,32.6191358033719,163.884840061365
17.073,-14.4212906284369,220.62517915512
17.0735,-61.7681846327045,249.753242051142
17.074,-84.7687914982366,250.752138266137
17.0745,-71.0653026849057,245.856321223613
17.075,-39.3872707554292,250.084002086923
17.0755,0.672210917117377,241.838976260434
17.076,70.5177439990361,179.646184533805
17.0765,162.861294915629,57.1779226138929
17.077,200.655024915754,-74.4308980190066
17.0775,121.405698059742,-155.063115200841
17.078,-18.5431964827301,-175.380722216586
17.0785,-98.2677967898368,-172.406140648407
17.079,-89.0575655914303,-178.074271002686
17.0795,-80.2538206031631,-194.834112359493
17.08,-131.121117192835,-214.232128622475
17.0805,-175.957168207726,-230.278143385029
17.081,-126.383411200705,-230.064346706541
17.0815,-10.6391162573172,-196.68205444243
17.082,57.433457597562,-134.098586124826
17.0825,23.4681682743798,-73.0403233181784
17.083,-56.6910005494667,-40.5082460169449
17.0835,-104.757298313431,-35.0224960847266
17.084,-100.262802057053,-40.4149744521829
17.0845,-63.9952686828528,-49.887858918822
17.085,-14.0687128601715,-63.273103688075
17.0855,32.6615887267251,-71.4430639137363
17.086,50.1281181679311,-59.8464225676779
17.0865,31.7741867773211,-23.4302995305108
17.087,16.0254364243412,34.5327168370842
17.0875,49.4080225077991,113.435669757218
17.088,125.782975479497,209.262584321069
17.0885,190.870164591467,297.771873661448
17.089,213.217223751719,340.713389298254
17.0895,224.628576910906,317.696270233625
17.09,274.02466616385,245.048706669527
17.0905,359.72582731323,159.471074336221
17.091,429.940151449842,91.7047799589978
17.0915,440.574361833744,59.5135591330547
17.092,387.599584451188,71.3222082966971
17.0925,286.37115281433,120.176204234977
17.093,152.015730544007,177.912838179094
17.0935,13.8171753075832,210.483073472562
17.094,-79.9680300593419,201.062493930485
17.0945,-104.391195608051,148.781506986541
17.095,-99.5935230501206,49.6838113857972
17.0955,-141.304391805112,-98.8368114221944
17.096,-257.720693151285,-266.919432516927
17.0965,-387.987278748017,-388.542568019079
17.097,-435.305591300062,-412.913901802762
17.0975,-361.571812966601,-353.699951542696
17.098,-227.58601257215,-269.115348419428
17.0985,-140.084573949075,-198.992879907886
17.099,-156.68839924189,-142.483445169063
17.0995,-239.080430608605,-92.8240891423894
17.1,-298.140581855384,-61.4031920798421
17.1005,-281.706146439492,-53.941142011448
17.101,-212.501969729061,-48.479867920691
17.1015,-145.432390121724,-20.9002164706578
17.102,-107.162794458511,20.4477501167886
17.1025,-87.7830678972968,48.5315550551566
17.103,-74.7344867803136,59.0280971020298
17.1035,-69.9580701953687,73.6039258128573
17.104,-70.9700073833237,100.305828583055
17.1045,-52.9503279073216,112.826649088202
17.105,15.8948561091809,80.6556764358639
17.1055,139.261139459201,8.9430468789663
17.106,276.44988157585,-61.9352580903746
17.1065,366.397278798194,-92.1384807141059
17.107,373.349662330665,-71.9547486110309
17.1075,308.341148647935,-20.6115648847701
17.108,204.58628782229,35.7220072790989
17.1085,83.9431227958841,81.7347468264423
17.109,-37.6167264776572,112.448352370862
17.1095,-124.504088231865,123.566582813265
17.11,-136.032974302499,111.573756730717
17.1105,-75.3244156489262,83.3157435705039
17.111,3.38517147925031,54.521984956589
17.1115,50.2295517816508,32.6545692764012
17.112,61.7032720863636,9.48854188663899
17.1125,59.9670604049659,-22.1615231065186
17.113,61.3888374946211,-53.3035955288074
17.1135,78.7083562617159,-70.3655963685724
17.114,115.172951967253,-73.0156515796731
17.1145,133.043921619428,-65.8068385041583
17.115,74.1906638002139,-37.7651083498601
17.1155,-47.9233712235595,30.8635380867921
17.116,-125.295186763053,138.237214184009
17.1165,-86.730330285442,250.320065200923
17.117,-11.774499995345,325.215555650593
17.1175,-29.2205971208832,340.803740731869
17.118,-125.429659204297,299.583150481688
17.1185,-159.192353425108,218.442186628291
17.119,-75.8391203621472,117.184685091239
17.1195,5.82953430081901,9.43306906277671
17.12,-33.7898958424145,-96.9549834615347
17.1205,-154.082022038352,-187.59236501803
17.121,-236.746311750178,-239.31035288344
17.1215,-247.862152940463,-243.844469556097
17.122,-224.935980545214,-225.897445228636
17.1225,-160.745030593331,-217.636460139288
17.123,-13.4432794896747,-218.675013663517
17.1235,182.779853825115,-203.233176043364
17.124,319.134314703099,-163.796832158423
17.1245,337.351549629791,-118.569993905716
17.125,280.212479896673,-73.4550353642675
17.1255,210.745902425899,-13.6980001862392
17.126,154.162230790709,50.8232678381237
17.1265,129.436450252979,68.7591509479272
17.127,156.393094068387,7.06396823262037
17.1275,199.098514920195,-96.1824083547153
17.128,172.907155630716,-171.717847491954
17.1285,53.5452477428096,-193.951065938124
17.129,-74.6843048361276,-181.710957234718
17.1295,-126.104128180946,-142.720214782814
17.13,-122.23784833096,-66.2470219755944
17.1305,-140.807799506687,29.1025122246053
17.131,-193.711047788888,89.8377153472343
17.1315,-217.32325102171,89.0963211187131
17.132,-167.740131339838,59.2746796613311
17.1325,-69.2823050171646,41.860819964666
17.133,30.407450733614,33.8674437779368
17.1335,107.78910085396,11.806258915128
17.134,158.154655308532,-12.3226554166186
17.1345,176.249240932369,4.74408441561615
17.135,157.154580721471,76.9002078096685
17.1355,105.812258544485,156.547291116341
17.136,42.9338089214482,174.72979516322
17.1365,0.252312674026776,111.328331466017
17.137,-9.21314400134745,25.301860726289
17.1375,-22.5084639044965,10.6246021960497
17.138,-96.9776438631684,108.00302875636
17.1385,-228.892317484474,256.972240037878
17.139,-333.934732992369,350.175013621705
17.1395,-336.284352532847,337.604512481485
17.14,-241.401505834927,255.841797811471
17.1405,-85.7673362253463,151.714818054461
17.141,133.563858586011,19.7127615146672
17.1415,406.234571284168,-149.96758779526
17.142,619.490943360027,-292.768560071665
17.1425,625.653086955671,-300.707858289555
17.143,413.938530939765,-141.643712897678
17.1435,128.822718116374,94.1887777957045
17.144,-109.336468795865,283.852997763895
17.1445,-311.676715299667,376.043615243966
17.145,-500.286896571802,388.765334274584
17.1455,-581.589916913896,340.452562038047
17.146,-454.647528196132,225.52297895648
17.1465,-204.792481930056,49.2027701338005
17.147,-61.3781960847818,-150.136513171151
17.1475,-137.456062462961,-322.751044266066
17.148,-299.356420232141,-435.752333096337
17.1485,-334.273433394841,-479.344872052283
17.149,-180.811931201256,-463.585912274374
17.1495,52.1078402694594,-414.146664906576
17.15,233.552439474402,-357.135874065945
17.1505,305.629731984912,-301.476545213642
17.151,264.66438753553,-244.325972722493
17.1515,139.227135807592,-193.209458797331
17.152,8.24288221553091,-166.344254242991
17.1525,-23.125875927566,-163.819713234418
17.153,83.9748775878294,-153.336613868751
17.1535,250.974785191035,-99.0852648005431
17.154,355.75467171101,0.464135311551266
17.1545,350.765750177562,113.33758660104
17.155,286.866790494096,205.613257821347
17.1555,233.019963813538,258.773306060788
17.156,205.175177640655,260.501154748174
17.1565,174.738441057436,200.616222128185
17.157,111.598304269243,90.6050242604565
17.1575,1.82196536096797,-20.08615971446
17.158,-147.534208429356,-63.5833222508363
17.1585,-289.695218083667,1.30268682850812
17.159,-342.099200373201,160.583256606595
17.1595,-255.040121631435,356.895672119217
17.16,-87.392627976813,524.236173223418
17.1605,22.736979016327,613.986650657712
17.161,-6.64567632465494,601.110937326531
17.1615,-110.126871806454,482.007760197131
17.162,-148.89709981768,275.338624051939
17.1625,-72.018856975333,23.5947577113492
17.163,29.5065554973855,-212.965751510998
17.1635,41.0644934688166,-373.974016458959
17.164,-37.2328943889731,-425.016636773075
17.1645,-107.766621507922,-379.20498872491
17.165,-116.894550703404,-292.55191057483
17.1655,-124.350484533727,-224.071816863693
17.166,-207.417488346482,-190.100695537462
17.1665,-340.48324682483,-161.693123948767
17.167,-423.352780446072,-110.878731398237
17.1675,-410.622313087189,-48.8998864537004
17.168,-346.545537233839,-8.30713046559409
17.1685,-264.220230598314,0.668341947413457
17.169,-125.726392541138,-5.80326576881923
17.1695,91.4065078755745,-20.9129688289762
17.17,308.229303823632,-59.108974000253
17.1705,419.280943139484,-121.458356142422
17.171,423.948481781853,-172.344457442305
17.1715,403.540134037074,-172.111024124818
17.172,380.536233607373,-122.670498808544
17.1725,295.902316503857,-62.5311348452452
17.173,147.254355949822,-23.290721554938
17.1735,53.2398547486608,-6.92043673832091
17.174,114.885546485991,1.92082647935196
17.1745,272.938337436165,21.3332760390506
17.175,377.241502284862,66.6811263044496
17.1755,362.943260704314,139.176967286269
17.176,283.397417930782,218.481893437072
17.1765,188.018154867258,281.933533555147
17.177,52.308997117695,327.182996278812
17.1775,-152.754095029163,354.907217918728
17.178,-382.170313269928,334.699840118219
17.1785,-539.612915440984,224.378712481336
17.179,-551.110041760333,37.5918227226406
17.1795,-406.449088673245,-137.660982628505
17.18,-162.986970771649,-214.377421106721
17.1805,76.2559980615097,-187.06103071432
17.181,221.352422880505,-118.970716776888
17.1815,257.153616505263,-66.0941072862594
17.182,234.09423456846,-38.0734453711587
17.1825,195.150831182272,-21.3744306424227
17.183,140.157033012013,-8.68997290284251
17.1835,69.0582399253995,-2.07992996458985
17.184,19.2314204996697,-8.34324612075662
17.1845,27.5613804224818,-35.1638272741274
17.185,76.7814452261376,-77.0346160151235
17.1855,113.242830086205,-106.833078765879
17.186,112.048418995339,-99.8280564095181
17.1865,98.0146086621002,-66.019529018797
17.187,99.7872087231264,-39.4633486707694
17.1875,102.649777178787,-34.0735195208217
17.188,58.5926765340987,-29.9224130285283
17.1885,-58.0550812152558,-5.99853707263189
17.189,-210.320748683081,35.5867783963617
17.1895,-323.215239561159,83.7208492642304
17.19,-355.588885816789,132.011128307873
17.1905,-337.216274113544,166.343858969101
17.191,-319.748224323195,162.604223315883
17.1915,-303.996675691939,116.952530607201
17.192,-246.692180034069,61.7230978911025
17.1925,-137.722614792355,29.5996953607959
17.193,-32.007469782195,14.2263676765799
17.1935,12.3195249222639,-11.3815231127959
17.194,-1.65435324856239,-47.8634966248469
17.1945,-27.6814573773269,-68.3125021373131
17.195,-34.0101153159661,-61.5027520781424
17.1955,-19.2239874216175,-48.9065990170955
17.196,6.82365524857582,-52.6089570750368
17.1965,28.2613052979859,-68.7647378111831
17.197,26.2259716425488,-82.8163597523828
17.1975,8.51500209357385,-92.271057539061
17.198,21.9165638634247,-100.950393114966
17.1985,95.9165415219492,-104.985468787611
17.199,180.641327686581,-100.684798882461
17.1995,187.760385208049,-97.6861466850185
17.2,103.908122629696,-107.526424306357
17.2005,19.6788698416343,-121.959548166007
17.201,20.3261338446147,-117.918378572763
17.2015,82.9487158486452,-86.5370545229943
17.202,119.26700420502,-46.2894163969536
17.2025,95.5681391931026,-22.9082870186616
17.203,60.2985292272232,-23.5411834939494
17.2035,56.8119709647921,-34.9432078932112
17.204,61.3870715975968,-40.7615889510993
17.2045,27.490981964506,-33.8828670642386
17.205,-49.2538788599205,-14.565023506006
17.2055,-142.038335969769,15.432823801345
17.206,-238.656938837831,52.8813602918866
17.2065,-335.173436609673,90.0732095903402
17.207,-401.213200990406,117.052313626326
17.2075,-398.421226999246,129.748405320737
17.208,-330.266789251748,134.893831931605
17.2085,-228.838989869589,144.703409581294
17.209,-92.9857426454853,167.388351086146
17.2095,103.515598364814,204.98316607924
17.21,327.082217056988,256.85476142761
17.2105,473.885456489975,315.488736317879
17.211,489.658993278466,355.57948275728
17.2115,445.777782469964,340.414171555847
17.212,430.255108324672,255.702564431794
17.2125,403.370241415312,134.746360551299
17.213,252.554211024927,31.0251112782973
17.2135,-14.3681626038524,-40.8541427607114
17.214,-227.300347109332,-118.540976541575
17.2145,-243.275604939323,-231.400942089107
17.215,-109.911581413756,-343.149478428038
17.2155,11.8719435674351,-382.617253521211
17.216,42.250615950002,-328.047375463339
17.2165,39.7014159840148,-229.936342187752
17.217,85.8403998561562,-142.762784960485
17.2175,175.520115274986,-67.2663186025332
17.218,236.128891480932,16.5686226858118
17.2185,223.738212682254,88.4098572135665
17.219,174.887994662376,102.523586978763
17.2195,158.880346098835,58.1810972831237
17.22,184.935298060777,12.6590340396402
17.2205,178.810107586704,11.2414275468206
17.221,75.167642037123,36.093836088998
17.2215,-84.1613697897338,43.8194490472961
17.222,-190.476238588344,27.4163873264603
17.2225,-207.380152626781,13.5410785027141
17.223,-212.650732694615,14.8410606155039
17.2235,-277.2564742948,16.9344670091456
17.224,-357.399880991715,8.4851530221753
17.2245,-353.924278546155,-5.36942507541824
17.225,-243.512389991968,-23.7201219444422
17.2255,-99.2358020917658,-57.7433793845856
17.226,-1.17514935928757,-105.640635066654
17.2265,26.0666947147841,-138.919791144969
17.227,2.68253259288709,-130.818202784022
17.2275,-30.171245184793,-89.383303064652
17.228,-29.5757672350998,-48.7168658503606
17.2285,9.75886771333647,-33.7158097076569
17.229,36.6871525431129,-45.427132422056
17.2295,1.45580744476802,-73.6660385119541
17.23,-72.8208411716076,-105.506745654375
17.2305,-117.281797714045,-120.494706491381
17.231,-113.172384763522,-96.9548328550058
17.2315,-114.865052045723,-35.2970049569174
17.232,-169.39049309785,34.7955128861782
17.2325,-255.067854517542,83.1116282617875
17.233,-316.104508316096,108.793277124771
17.2335,-323.728695199436,127.581274095674
17.234,-282.525636606129,134.683488629185
17.2345,-201.510417828057,104.34339469879
17.235,-82.9531911448899,35.5579424796498
17.2355,67.3927364566195,-24.4491740749743
17.236,228.589710445363,-26.8832118580015
17.2365,360.746050280952,17.38188450086
17.237,421.503849162137,50.3761798078734
17.2375,400.426510549115,41.994842610744
17.238,327.009429159584,24.3031422992339
17.2385,229.14578140311,38.7164971608896
17.239,104.816584028001,74.1183573779265
17.2395,-36.407403994437,82.4718794569887
17.24,-131.611148679427,43.5945841842724
17.2405,-120.389370204384,-13.1265696350864
17.241,-37.0887738078019,-50.5236837159308
17.2415,12.8482531421176,-62.1871796684537
17.242,-16.5110789520603,-61.4323263021268
17.2425,-55.2246713942119,-51.3312683085931
17.243,-14.9762469022441,-22.1079580991299
17.2435,98.6628383575792,27.9070496801348
17.244,200.150566510551,82.7891089874198
17.2445,221.278928282972,124.199360851289
17.245,169.16847209209,151.444862306912
17.2455,105.399900033218,181.563114222832
17.246,81.7785954051171,226.47861561038
17.2465,84.3085368344641,271.18504071211
17.247,49.4667961361413,280.50092952116
17.2475,-34.5792772713137,230.371503327476
17.248,-66.9928086747545,127.868687658325
17.2485,55.7834603297919,-0.820420438337186
17.249,269.112362269808,-131.486870863765
17.2495,368.885424876898,-243.835207673566
17.25,248.839023759249,-314.920783928427
17.2505,29.5858032762745,-329.130117496365
17.251,-105.059070773372,-295.592112779866
17.2515,-125.94456536576,-244.292179714953
17.252,-135.889917042367,-202.519126129984
17.2525,-194.012001853546,-179.471271562577
17.253,-267.225400817375,-168.159297641988
17.2535,-324.682298180685,-152.469776572773
17.254,-369.563852884878,-117.580947324756
17.2545,-377.238421068678,-66.0863546577984
17.255,-303.326509390778,-20.9921231121832
17.2555,-173.96775128565,-1.51273301324562
17.256,-81.2092283814423,-0.886563680662755
17.2565,-58.1981209528289,-0.713416095726095
17.257,-35.3011008798509,1.44974743562927
17.2575,43.5071038864734,-1.80692988293579
17.258,132.798970460144,-1.75664484101956
17.2585,161.69957530727,19.1154836377535
17.259,134.711077177932,54.0197596250877
17.2595,98.71904152554,75.6227151759794
17.26,60.4256561588894,79.375522838582
17.2605,5.0633415785478,92.9749212631288
17.261,-34.7512515023757,128.82769418595
17.2615,-1.16445163381324,155.6657946303
17.262,105.216345455456,139.671637475034
17.2625,220.765164180538,92.8267662626809
17.263,297.153735748889,55.9069666159597
17.2635,336.274452645239,47.6318959680131
17.264,346.335218944329,53.3618881075996
17.2645,311.724997522393,53.2275810251958
17.265,221.120476285846,40.630563453766
17.2655,92.5199945803071,22.491786441694
17.266,-42.0598301601617,19.8868325041128
17.2665,-152.236443547291,56.8782865204876
17.267,-206.38063112777,128.397676511908
17.2675,-186.789049386404,191.338872537832
17.268,-122.315298307133,210.115923770079
17.2685,-78.4662055006539,198.346834246105
17.269,-93.8298270222719,188.902060089719
17.2695,-140.841999314646,176.307313836117
17.27,-164.609230445194,125.647622040546
17.2705,-147.813536857759,34.6946067071555
17.271,-122.575465159172,-52.771804072798
17.2715,-126.57875737888,-103.386270346177
17.272,-159.7571717894,-129.309129249851
17.2725,-180.837188930025,-154.411655896672
17.273,-143.226273549052,-177.149680884692
17.2735,-43.7907321376054,-185.804391685896
17.274,60.4722541018358,-184.698290584547
17.2745,98.132302736498,-182.641372712677
17.275,54.0183723941863,-173.455121743287
17.2755,-16.9951414242678,-149.408395694985
17.276,-53.3188371952694,-120.540648890732
17.2765,-47.7528893053801,-101.453059083307
17.277,-33.8621244003543,-90.3295267493911
17.2775,-30.8122818055567,-78.5774454518851
17.278,-27.0450415905404,-69.6738025782313
17.2785,-11.4108909186857,-69.5251370977692
17.279,7.0935900951964,-68.3108357088788
17.2795,15.7289869781126,-53.101058162096
17.28,14.3473641360629,-32.2999875924634
17.2805,7.5112942786341,-25.9767875239774
17.281,-5.50907854674648,-33.6535684036536
17.2815,-25.726652454017,-31.8516945144111
17.282,-50.6586009608359,-6.15717809914852
17.2825,-79.8273937103892,30.4735055653907
17.283,-110.808794605904,54.9195828433079
17.2835,-125.77477155733,56.1222570287788
17.284,-100.522383221879,37.0315362236027
17.2845,-38.638358786369,7.2090877617179
17.285,19.9953660310077,-21.081419673525
17.2855,42.8215810339217,-38.8060173305453
17.286,46.4688879357861,-47.3365166235983
17.2865,75.9532204370668,-53.4353303347862
17.287,146.883062417477,-55.2367744933315
17.2875,225.519568741655,-41.2830234543585
17.288,264.51787786729,-6.15430276519264
17.2885,244.429935584309,41.0856974887083
17.289,181.980978573328,87.3083093921724
17.2895,110.933065325763,125.477894005016
17.29,54.9240540062678,149.088539179296
17.2905,12.0468256887885,145.396998128339
17.291,-27.7507563481369,105.586704456381
17.2915,-47.0965385665852,41.575031567537
17.292,-6.99906017615171,-14.31246512042
17.2925,91.6700981730863,-29.4625687465111
17.293,179.422344096167,8.60935527580283
17.2935,190.342712120613,86.4154212240547
17.294,145.290152573993,171.651119553901
17.2945,111.528189814842,227.06178171937
17.295,88.9182083841583,227.888118924252
17.2955,7.93584027374675,176.105340949026
17.296,-139.507349061458,99.1285697826656
17.2965,-241.535252201049,29.6601104743651
17.297,-193.301345113125,-16.8437280229699
17.2975,-34.5634526652986,-45.8660795866109
17.298,102.379740548559,-68.4675667128117
17.2985,151.575412004631,-87.4540402107869
17.299,154.087595234855,-98.5093314423479
17.2995,159.237632840089,-97.924570002648
17.3,162.321359917478,-85.2307569535437
17.3005,148.39523925053,-62.8114661172751
17.301,128.439353333929,-36.6466645560396
17.3015,103.81177382187,-13.0164081858829
17.302,47.0578776887694,8.19294309000363
17.3025,-46.5196637810236,29.8488234536571
17.303,-126.988960467362,44.1111717864918
17.3035,-149.09028994725,35.0563837328405
17.304,-138.278282546226,4.45466958477112
17.3045,-156.749426639313,-18.9233528414899
17.305,-214.141743097076,-13.7280355902247
17.3055,-250.244706782673,1.27812394319316
17.306,-213.388585182109,-5.76454950945176
17.3065,-131.901106308293,-26.3404145344326
17.307,-90.7969165318211,-19.4396234255894
17.3075,-139.659641396215,20.7043732800363
17.308,-234.882039144976,42.034009179775
17.3085,-286.231678157854,3.0571288655463
17.309,-259.590301976015,-64.9670668372145
17.3095,-206.890406593055,-97.7516576267069
17.31,-175.775435300493,-83.1428647091528
17.3105,-124.284333632072,-68.3680864757547
17.311,19.9753739694759,-85.4742445617628
17.3115,225.71778591826,-107.156671784405
17.312,354.625945366333,-88.4655732751469
17.3125,319.289108300989,-25.3904354241515
17.313,184.846959387306,45.630766372152
17.3135,65.7948021065391,90.6917961547096
17.314,-28.8027282332984,104.272542531378
17.3145,-172.746669962164,100.918366896186
17.315,-363.42190292806,96.5908746586644
17.3155,-471.249530773191,98.4326775514208
17.316,-381.973899799221,104.857760532344
17.3165,-140.64538588091,110.727093507129
17.317,89.209738447019,108.154846861345
17.3175,190.010733644523,81.3960786846347
17.318,179.229706562286,13.092169415829
17.3185,145.29018633288,-89.8222522241894
17.319,135.544962507824,-182.510460980442
17.3195,126.819700992451,-215.134958927843
17.32,86.9266627428363,-183.523758813423
17.3205,31.3501961939282,-131.637672220021
17.321,4.2061823638688,-100.030323326026
17.3215,19.4046977449236,-89.0112472789625
17.322,46.9206684615814,-79.1478269454293
17.3225,58.9401711197567,-68.1143813674647
17.323,64.5834699318255,-71.0621221979934
17.3235,85.7940902974974,-95.6640860216021
17.324,118.921489595192,-132.159052674754
17.3245,141.218539168059,-162.330897494959
17.325,144.051390637052,-168.16117809215
17.3255,138.046448262547,-140.162739251731
17.326,131.473133832111,-89.379216652069
17.3265,124.410195245092,-43.9848497671321
17.327,120.960199741904,-21.3619081101325
17.3275,125.521219021864,-9.12690390350797
17.328,125.797365190598,15.0867849716918
17.3285,100.12090112544,52.9735325592861
17.329,47.3945354333649,88.7607672486955
17.3295,-6.53540557298413,115.311964887202
17.33,-38.4422732059616,138.403639819789
17.3305,-49.4097693451839,158.077091818253
17.331,-51.1433702389253,165.762126495321
17.3315,-45.686817236365,162.222232250548
17.332,-29.0039175846489,160.139388252556
17.3325,-4.00721303732151,163.425874731489
17.333,21.2748595429764,160.134067789843
17.3335,42.6843982302336,143.341493179348
17.334,58.6922001152209,124.268354086494
17.3345,65.270366558938,114.701359466161
17.335,59.4695088765418,109.100238360448
17.3355,43.7303808378126,96.6234058043938
17.336,20.0133124934513,81.4931121848359
17.3365,-15.0288796256566,77.2008425115682
17.337,-59.8134803866626,85.2590294824484
17.3375,-96.0388794945288,93.1382354655656
17.338,-99.519610513493,92.0699111940531
17.3385,-67.1325731748943,85.0589811306189
17.339,-24.9457569345894,75.6699984733169
17.3395,-2.4198083836516,58.9128144487569
17.34,-2.46670784586449,28.529683653802
17.3405,-5.04603564111692,-11.0686317869344
17.341,1.16152110982531,-44.3833397483907
17.3415,1.82585174182648,-56.3712170682513
17.342,-23.001409008803,-45.1258343287214
17.3425,-70.6676074880189,-24.6510580700175
17.343,-117.355784439878,-13.5673034345821
17.3435,-142.949537657419,-18.8000377163473
17.344,-144.017680191674,-31.5046892986519
17.3445,-125.917707937408,-39.855690659516
17.345,-96.2676885747773,-42.1902746766714
17.3455,-67.1429335167744,-45.2681519873338
17.346,-49.3242347453564,-54.3999548722909
17.3465,-39.9594392253566,-70.0286584023025
17.347,-28.2676943468849,-90.2379657655458
17.3475,-16.3142723604723,-110.984363594252
17.348,-17.5006814352017,-126.840041751393
17.3485,-28.5747733689312,-137.391901876634
17.349,-25.0247244335036,-149.755288930662
17.3495,-0.153973854270198,-167.735839569394
17.35,11.0943693457825,-181.700626626475
17.3505,-27.4556709383599,-178.456740592308
17.351,-100.01900740503,-159.346775715662
17.3515,-153.104046095343,-137.276986820662
17.352,-157.939567647908,-115.682683470077
17.3525,-130.908444144662,-84.6389514703921
17.353,-92.9770097422461,-43.0484965753613
17.3535,-41.9349492766969,-10.0004628343907
17.354,23.0856788058412,-2.18059011327766
17.3545,77.4133465325829,-10.481769292524
17.355,92.8648553537074,-14.1875316343294
17.3555,69.8629409305154,-11.5295366789131
17.356,31.3534913870554,-17.2918208574461
17.3565,-2.43269464677944,-30.6929319433921
17.357,-17.6587364923832,-26.5288569500899
17.3575,-0.00918691982971164,12.4263810079466
17.358,52.6270269697631,68.6563566610716
17.3585,115.281440990375,107.850794507038
17.359,153.374143453957,115.274531422658
17.3595,154.104412642842,103.835121574578
17.36,126.128002061901,93.7932371409855
17.3605,75.0585560018901,96.2090341577688
17.361,3.31215142817866,109.674087311295
17.3615,-64.780525553477,119.127019590862
17.362,-86.2257145436876,102.22546698674
17.3625,-44.4914054740097,53.6979956892682
17.363,25.1357734781277,3.48432536171789
17.3635,73.882760434956,-6.59245463865985
17.364,93.4514979554143,30.75418621015
17.3645,112.671643772771,79.3012641460625
17.365,146.260343250961,101.621479430578
17.3655,171.6023088053,94.3551231522626
17.366,164.613653033917,73.330542801072
17.3665,140.188460478266,43.2256626641216
17.367,138.691885441269,2.07509901723321
17.3675,175.638613604269,-34.900245773174
17.368,218.889777862684,-41.2955369674801
17.3685,219.61335209614,-12.4661767039665
17.369,158.635867077541,25.2022579227723
17.3695,58.9759503813116,45.662655657135
17.37,-40.3091663978485,53.6796534267945
17.3705,-115.01881807289,75.9928369285405
17.371,-162.782984364209,125.067120494839
17.3715,-188.072416694848,175.157077428547
17.372,-186.404704819714,175.824089620249
17.3725,-145.303058827616,95.5729089505257
17.373,-63.0532257674888,-41.9589949451078
17.3735,33.188704180676,-170.282309203916
17.374,96.9490370197253,-236.183310572796
17.3745,103.63970454757,-240.215599751528
17.375,81.9778809113703,-217.43033879216
17.3755,86.0067727561128,-191.11709540626
17.376,124.642405629255,-160.903235483069
17.3765,135.510985979804,-125.372347082405
17.377,51.1059969932194,-90.5640236308131
17.3775,-116.939901228457,-54.8559353395873
17.378,-287.031645106172,-8.56385203877584
17.3785,-401.190532408219,44.4906921349619
17.379,-476.788315631819,83.2348879216474
17.3795,-551.274679294028,93.7912130847538
17.38,-608.001791340173,81.0642124825007
17.3805,-589.107568454185,51.835976339573
17.381,-466.227961821186,7.97220540589016
17.3815,-265.883847504371,-35.3680988557854
17.382,-33.4359802536297,-49.8343406561612
17.3825,192.163487666408,-29.2722169893581
17.383,366.710384503556,-4.68846323112694
17.3835,442.885896785724,-4.00372518402656
17.384,406.453479590619,-14.522607580688
17.3845,295.795679632389,-7.8670609907328
17.385,173.219225580049,14.130275607007
17.3855,84.8839481501916,26.5766189185383
17.386,46.6345822393588,24.3729852783547
17.3865,47.5367228556266,27.3938880635199
17.387,61.7327134406917,44.9490109588725
17.3875,75.0937657520986,62.8331485639964
17.388,102.355040165373,68.4932129935459
17.3885,157.269084009211,65.4185160592914
17.389,209.541107468756,58.6397144649302
17.3895,205.829169801573,47.7806914049563
17.39,138.243288619808,39.7178211434056
17.3905,53.3450938516078,47.4809112701627
17.391,-15.5955753569977,68.7887151254232
17.3915,-77.8801291869455,82.4441492856312
17.392,-131.177842513317,73.2950350103621
17.3925,-140.477659341611,47.3292284232038
17.393,-111.404929766264,18.8333525592586
17.3935,-120.486349016213,-2.0277038185685
17.394,-203.426999171869,-7.01336847133193
17.3945,-265.019386438448,6.10789125573235
17.395,-194.723781525339,23.6218378984439
17.3955,-43.8843144577254,29.3877440728754
17.396,25.2049382585705,31.3767091158208
17.3965,-26.944880293708,50.383330801745
17.397,-52.5539981711727,74.933829962788
17.3975,68.1548454052513,56.7320489915179
17.398,251.826180888519,-29.0607981372376
17.3985,332.274403721338,-140.208529214665
17.399,280.621199251778,-207.045324888814
17.3995,206.027809060501,-202.445362962024
17.4,178.221785156432,-153.334892254838
17.4005,156.335975955604,-97.744588017791
17.401,92.2942957374946,-54.8770465454396
17.4015,10.1681422595806,-28.4823787736778
17.402,-46.1815500428479,-13.2138166529852
17.4025,-77.7781969039462,3.21944919523359
17.403,-104.718575928694,25.7671146139077
17.4035,-118.776278176747,38.9416603448192
17.404,-100.008503358181,21.8175595260967
17.4045,-57.590440563142,-24.8987982520947
17.405,-23.6907671395873,-78.4438531873431
17.4055,-16.446825510407,-116.850038905529
17.406,-26.2777349499675,-130.410895128931
17.4065,-31.4762332506425,-117.176884470391
17.407,-18.6157992202417,-83.7364188949624
17.4075,4.42841273833832,-47.6870112347278
17.408,13.1852123809283,-23.6670793808989
17.4085,-5.00761394951297,-8.16812895739102
17.409,-29.2317512882571,8.71610700074882
17.4095,-27.6895573718333,21.0123531766404
17.41,-0.279798158181836,13.2103439152497
17.4105,21.5008463564249,-13.4662901148098
17.411,16.9962911424036,-39.2240798350048
17.4115,-4.17340350072718,-50.9144171013716
17.412,-27.3152119088351,-52.668877424589
17.4125,-50.9150017947068,-50.5177237944109
17.413,-71.2061917796154,-43.5634547960064
17.4135,-74.1470577680383,-33.2628265594339
17.414,-57.5077661909107,-24.8907939289554
17.4145,-40.5395388158058,-15.1991781506358
17.415,-35.9710950708306,6.69012320212656
17.4155,-30.402104592406,41.7611008817776
17.416,-9.53611174397981,78.1165581423859
17.4165,13.8277744584285,108.341897793861
17.417,17.7632894302847,135.04561620083
17.4175,5.14209234080709,156.955977203647
17.418,-2.89462282917766,167.523079328769
17.4185,-1.13587084725136,171.9218385739
17.419,-5.71276830729892,185.347155386056
17.4195,-25.4481094310587,205.640322003865
17.42,-47.7370801859201,207.445804936329
17.4205,-59.1441443084185,176.294730619902
17.421,-65.5499519216955,130.602151221154
17.4215,-80.5629193762715,94.6656583073677
17.422,-98.4016722255825,66.6039632052581
17.4225,-88.8087430723768,32.0639024691862
17.423,-26.3601321779331,-4.08041660824844
17.4235,73.429490566749,-22.853520244361
17.424,154.630104798352,-21.4575265746288
17.4245,169.231947538789,-17.1545927502312
17.425,124.98011521581,-22.736852916789
17.4255,71.6498197426253,-35.2099772771124
17.426,37.0384238627158,-47.3425474019437
17.4265,-2.89638213440588,-55.047968582035
17.427,-74.2188423861089,-54.8683596966935
17.4275,-142.992481611003,-48.5428979866644
17.428,-134.887324702543,-47.3538122989157
17.4285,-20.9217296604462,-56.3826314788545
17.429,140.830520316314,-57.9590345688731
17.4295,261.559155013082,-30.5370103726517
17.43,301.902995452186,15.6237258920667
17.4305,280.400717333633,43.485425437407
17.431,220.747666490615,36.4047682021754
17.4315,124.530970390478,20.2879877562543
17.432,0.719096784464688,27.0303332789458
17.4325,-109.265871700135,51.6164231692313
17.433,-161.427435446484,60.5024067561872
17.4335,-154.011875744937,32.8821806582229
17.434,-121.046343415412,-20.8857288690158
17.4345,-86.5991003491997,-76.3965870173513
17.435,-49.0182170584351,-117.401836483115
17.4355,-10.5929719961103,-142.504788405964
17.436,6.19686709045639,-160.046331616344
17.4365,-12.7178774712347,-177.807422489366
17.437,-47.8644472631994,-193.465149113819
17.4375,-68.5658724897191,-196.585651597086
17.438,-67.7469671962911,-182.429314973205
17.4385,-57.2145202777226,-159.039953239564
17.439,-41.1870442295654,-136.942508176272
17.4395,-16.29611982514,-117.595615966795
17.44,10.6826933652633,-96.9097961098194
17.4405,28.5706308540559,-73.6908279814029
17.441,40.6573998288136,-47.8731664870679
17.4415,54.8884672576531,-16.5125391040284
17.442,59.1636951385025,19.7747948932811
17.4425,32.9563778260945,50.3842266998612
17.443,-15.5956432031201,63.3267265876489
17.4435,-51.2402546585202,57.9078102967643
17.444,-54.7086739259107,42.1640732677701
17.4445,-37.478938433423,21.8535545698532
17.445,-8.09230091701126,0.174024387374167
17.4455,43.4505927433067,-15.9219373845745
17.446,111.766121093927,-19.4869970236478
17.4465,157.202456466951,-11.4079833329503
17.447,145.941712181432,4.9588776252666
17.4475,86.5125794304753,33.3839413253152
17.448,0.275575477372086,77.1315858628792
17.4485,-122.084385724342,125.021732762032
17.449,-296.791553938419,160.477150667311
17.4495,-487.270382663486,183.642867907227
17.45,-606.201307505872,205.701720826316
17.4505,-587.71483760904,217.544769057162
17.451,-439.887461254054,186.741649226724
17.4515,-225.446300284551,100.459987312447
17.452,-11.306513817569,-4.70389474132084
17.4525,161.746538043614,-74.7080084659806
17.453,284.601458607047,-91.2313898902277
17.4535,369.542040413075,-76.3949115172156
17.454,426.322299874454,-53.918509015515
17.4545,445.501073711153,-28.3185842749202
17.455,414.327451375585,-0.782534055101454
17.4555,344.484232388482,18.6639506083224
17.456,265.652034731708,23.6671357559288
17.4565,191.59567448751,20.6814859296596
17.457,113.886402616218,16.9975651623746
17.4575,32.9847336457288,11.5868684340587
17.458,-30.083194274077,5.43229790964271
17.4585,-66.7054327999454,9.0476524641333
17.459,-101.573493303889,29.4289428920556
17.4595,-155.368967441502,57.5182285930432
17.46,-199.506966539697,77.7246880798079
17.4605,-179.105639926151,83.6999370927702
17.461,-83.8262014425583,78.2049720452545
17.4615,30.1601606537669,66.2394862092356
17.462,101.219267774534,56.8937725138681
17.4625,125.831139732455,62.4958710716026
17.463,142.150448050799,83.9957062786629
17.4635,164.316688031887,104.53972687139
17.464,164.858285171212,110.411846119048
17.4645,127.169209745988,111.290738930348
17.465,82.9818097578587,123.629613361801
17.4655,71.5890899934069,138.654740089097
17.466,80.1694868392192,126.717401909981
17.4665,60.7415742831212,75.028985205157
17.467,4.19970957931414,2.63720731692587
17.4675,-41.3260895539177,-66.4117199111267
17.468,-39.4749610103887,-125.732906354362
17.4685,-17.6567618532004,-173.948648261273
17.469,-22.6244858464833,-199.500064794274
17.4695,-50.5587189282415,-196.147426471748
17.47,-59.3694659131555,-181.699784493519
17.4705,-37.6387522494308,-180.67518748342
17.471,-19.134240164788,-192.005532145943
17.4715,-26.7819794507346,-191.920243401006
17.472,-41.4760423900575,-168.664518531531
17.4725,-41.2108701543215,-137.322014040559
17.473,-40.7990170147563,-116.364224902107
17.4735,-71.0892171458122,-104.67918439391
17.474,-137.630422694846,-89.9159913541545
17.4745,-220.316095885953,-68.4601809981056
17.475,-300.850236753644,-46.7213992442366
17.4755,-370.295871301121,-28.7671731759234
17.476,-416.329509901485,-12.9255759400092
17.4765,-421.946566169744,1.10282540307064
17.477,-378.60416567466,9.83316902935997
17.4775,-292.217772024189,11.6379948724372
17.478,-176.937122569446,9.72447496347324
17.4785,-47.3165826008171,7.43171779843902
17.479,86.4383917690694,2.63160473177954
17.4795,216.489532107553,-10.9280205094031
17.48,324.221989438343,-34.7141100096385
17.4805,372.428683364791,-57.1321577946222
17.481,329.426163774452,-58.7280988878021
17.4815,209.787735037611,-32.63236147851
17.482,76.0912929745253,1.48620018456149
17.4825,-13.3266250893437,13.9585212094553
17.483,-51.0352822136092,-0.661595946887196
17.4835,-68.988480719931,-15.4193057414143
17.484,-94.3184979205114,-3.99436353860399
17.4845,-126.251791572393,27.0547479068891
17.485,-141.02441727497,49.8933371673928
17.4855,-105.595001196878,51.7595932796091
17.486,-3.42784071072879,43.8412064781958
17.4865,132.456140538788,36.5986750068515
17.487,226.463353672598,26.4260635683365
17.4875,228.638067718284,13.6050445294647
17.488,170.96118501023,15.0329249939645
17.4885,128.990522410344,43.0021781098579
17.489,129.755203862938,81.1226281898408
17.4895,127.597008815856,99.647346645523
17.49,76.0654025739809,92.9966448128355
17.4905,-7.51543416767568,86.1999096665802
17.491,-65.1445035386294,101.60432942572
17.4915,-62.8253998288316,132.87130613311
17.492,-12.8314061334886,157.796500871152
17.4925,52.9445518748729,165.585254566051
17.493,111.174737107557,162.078640880406
17.4935,155.490674295236,154.675133974129
17.494,192.101846105898,142.823314667112
17.4945,224.306069340821,122.898384910605
17.495,235.80569701443,95.2359836278488
17.4955,201.150374103571,64.3315799731505
17.496,122.108122174122,34.8401781693617
17.4965,39.464543758644,8.09955267047109
17.497,-5.82058999779542,-18.0486486448544
17.4975,-11.4074015235811,-44.6923723791438
17.498,0.691374000113979,-66.7959141065108
17.4985,21.2243502352448,-75.9281933117087
17.499,53.4797273372636,-69.899390200507
17.4995,87.6905024045807,-56.8228445820522
17.5,105.394313432712,-47.3737845680163
17.5005,107.179079621873,-45.2440301487472
17.501,107.777694787665,-46.4469695417958
17.5015,101.748970985193,-44.6674218573847
17.502,63.7382498751612,-35.9916736545358
17.5025,-9.01769870873969,-23.0815628153454
17.503,-83.6152030460121,-17.0208188327745
17.5035,-135.836689159861,-29.1015870245373
17.504,-181.670405574634,-55.8863913053301
17.5045,-243.44727647569,-77.3580983834277
17.505,-304.76402275374,-76.3477936029555
17.5055,-325.248753808613,-56.8662513607447
17.506,-290.891185158863,-37.3346653640513
17.5065,-229.095836113483,-28.7098066419884
17.507,-180.750153738609,-26.2203417486786
17.5075,-173.247077700166,-20.9031405222344
17.508,-209.722335539111,-12.0176935240093
17.5085,-264.090510269485,-7.95398868869543
17.509,-294.152617684192,-19.9423624209417
17.5095,-279.964138736467,-52.8616207488549
17.51,-243.782119104744,-95.24456523033
17.5105,-214.733187881824,-120.153855218292
17.511,-184.945210673317,-106.227617500993
17.5115,-125.918143304653,-61.3996964461285
17.512,-40.1326762321886,-18.6908761084094
17.5125,35.8201209068603,-3.90404570162772
17.513,81.0941227370432,-11.7631612645816
17.5135,113.014141006664,-17.4243986542387
17.514,151.837695986437,-7.13979148474884
17.5145,190.397894220147,7.99080148283228
17.515,211.719801516319,7.86820347868965
17.5155,214.977432062138,-11.9265937201738
17.516,208.727329261953,-34.9540863829079
17.5165,193.463272441821,-43.5097778890003
17.517,164.165328193853,-38.7041364780298
17.5175,120.832824326701,-35.123529302358
17.518,70.2047074780434,-37.8660783906293
17.5185,26.0392331015457,-35.6373116815438
17.519,4.88200706330109,-19.7782225070234
17.5195,3.48516186849141,1.9588720664142
17.52,-14.290023513782,19.0819006556866
17.5205,-75.9740957013857,34.6101172806252
17.521,-140.940056892727,54.7932560091702
17.5215,-122.203634131086,71.5687525971381
17.522,7.30146739692182,71.8944652916721
17.5225,159.289892284705,59.9010046627196
17.523,215.189044455908,53.1720949348726
17.5235,154.403555316644,60.2850165897243
17.524,68.3687477055962,78.9848378105353
17.5245,49.9115173049481,112.096541635258
17.525,90.9416928799297,162.862967146717
17.5255,94.6232169380423,214.925465953941
17.526,-17.1060357366761,241.53833078418
17.5265,-205.576246194714,237.694933517816
17.527,-328.283290693434,216.987497191116
17.5275,-268.806911244791,172.975592310957
17.528,-57.2656983925598,79.5439757100614
17.5285,161.782210349082,-53.382195294531
17.529,284.343783963823,-160.626677527825
17.5295,334.593132914945,-190.296310745471
17.53,386.330522502689,-166.941795363238
17.5305,446.762975441152,-151.300731212186
17.531,461.022850219546,-157.196608970666
17.5315,401.104116451703,-150.882144679983
17.532,297.219407248465,-121.172663498753
17.5325,188.633106775178,-99.3695749319297
17.533,86.6466668735521,-103.008342595737
17.5335,-12.2565669796311,-106.056563356792
17.534,-107.8747576152,-84.9822650231826
17.5345,-192.560898210173,-58.4888435249745
17.535,-247.01246303455,-54.5737533219625
17.5355,-250.98498445739,-62.9816711969615
17.536,-219.280114877364,-49.7008908034689
17.5365,-206.018313382953,-5.41271156979299
17.537,-240.968012286988,45.4433476739922
17.5375,-281.698067552632,76.1665095620742
17.538,-267.210345753233,77.7081592673486
17.5385,-199.202962341654,52.8906909838843
17.539,-124.916534512342,10.5830835804062
17.5395,-59.7756366921951,-34.3064850788941
17.54,13.8256630080674,-68.37074278278
17.5405,81.2190408951298,-88.0523315760917
17.541,97.5376264989416,-94.6729430302025
17.5415,62.1401335582267,-87.915533395862
17.542,26.4259873839607,-72.553531957307
17.5425,11.7875321615429,-61.9542485149356
17.543,-16.6824102140779,-61.6694522559686
17.5435,-69.6346411314284,-56.8480857912555
17.544,-90.4294217364034,-30.483093666327
17.5445,-36.0205242026774,11.7513970864895
17.545,45.5439678667751,50.8095575315102
17.5455,65.4319461949955,83.7075509417926
17.546,-7.19657587827104,124.628042163039
17.5465,-132.643490851319,176.576030025619
17.547,-258.313194390724,221.556891730034
17.5475,-354.584560307843,245.105452737306
17.548,-417.938980635743,254.560774609937
17.5485,-467.242233000283,263.992415751141
17.549,-511.227143675828,273.195535758643
17.5495,-498.752809611935,271.008600112984
17.55,-345.168180713253,248.672431200009
17.5505,-48.9003846100285,198.880138691493
17.551,255.905987793964,111.712243860388
17.5515,416.498485596417,-11.2127325307869
17.552,411.890381949289,-139.511710075184
17.5525,343.152622149681,-226.455705297904
17.553,298.868993385139,-245.801225224612
17.5535,284.76955159612,-210.71705735042
17.554,271.6864382292,-154.338687036672
17.5545,249.676876414091,-100.380341621313
17.555,223.617066480193,-57.9416599417798
17.5555,198.825396082952,-34.3876902928448
17.556,184.658920178202,-36.9583287353989
17.5565,184.460866745663,-59.0436555151341
17.557,178.037957740544,-77.2804753186
17.5575,140.272263829262,-72.0920332950721
17.558,76.7432186791317,-47.5869778075691
17.5585,15.6384571449875,-24.200302460592
17.559,-30.1842564445469,-14.4540431707104
17.5595,-64.1647817402949,-13.7221799277439
17.56,-77.2369709570437,-13.5846328181138
17.5605,-55.384240895089,-14.5246768974823
17.561,-16.0040485325344,-21.7807200456562
17.5615,0.110931205818097,-35.5868760806713
17.562,-19.8255317330444,-51.0911026635431
17.5625,-47.2291621989232,-64.6393048051415
17.563,-55.7390056994373,-75.8044720599621
17.5635,-49.2615506692549,-84.9796741284076
17.564,-40.7145508356737,-91.8292281765975
17.5645,-31.8619996165645,-94.9309947923074
17.565,-23.3659747507671,-92.0557135194191
17.5655,-19.7162611891406,-83.1675506574869
17.566,-15.4306699911947,-73.2003134433479
17.5665,1.10866923716298,-67.7017280653676
17.567,23.461418174011,-65.0794665646604
17.5675,29.9538860375199,-58.3482519187733
17.568,17.729944355351,-45.8073907140724
17.5685,10.5210779051922,-33.4087123892127
17.569,22.8486886301213,-23.5213931341027
17.5695,37.2692565373156,-8.51777247192832
17.57,28.082980385561,18.8180904734868
17.5705,-8.49420224664913,54.0345501056806
17.571,-55.7522700678766,86.4329053764447
17.5715,-93.4202981698598,111.004426484501
17.572,-107.870765017698,128.022727519355
17.5725,-99.634328415799,135.128451205944
17.573,-84.5454868046402,129.006822182278
17.5735,-75.4940563331174,113.913575959059
17.574,-65.0403068343471,100.309258116261
17.5745,-40.8866169134597,93.9373128845173
17.575,-12.251651190773,91.9429737896128
17.5755,0.712579854186278,89.8547288396099
17.576,-1.09182991762712,86.4290727118115
17.5765,0.183711268721573,81.1548013406725
17.577,5.93998594174678,73.2041434639243
17.5775,0.608670983312663,64.6913965810319
17.578,-14.6555383980634,59.9756284309823
17.5785,-18.6192138988535,59.6407950354758
17.579,-6.12700485979101,58.998992035073
17.5795,2.30522215105658,54.031781609851
17.58,-3.54636426864054,45.1533599969453
17.5805,-6.21836250116804,34.0165170535411
17.581,8.42455713385708,20.8953394625629
17.5815,27.8359587105955,7.24324242524609
17.582,34.5921040945252,-3.17635310568767
17.5825,30.6659540966617,-8.84310278521266
17.583,26.6101691252986,-13.567481003656
17.5835,24.0685626637576,-21.9172003504619
17.584,20.151083484081,-33.1237859938785
17.5845,14.4002223290791,-42.5550441241561
17.585,4.99275537113709,-48.7228659056048
17.5855,-6.94334650977145,-55.8774215357093
17.586,-8.40510021733099,-68.3484285166727
17.5865,10.016741794936,-83.7628092962467
17.587,30.518963901231,-94.2112161675922
17.5875,25.4504795196171,-95.1035237169669
17.588,-0.776550111104027,-91.3855099132319
17.5885,-15.9699977629369,-92.6892248148464
17.589,-9.23683508489219,-102.383973544835
17.5895,-4.24733016872652,-113.687785135563
17.59,-17.8633238509067,-117.192011105837
17.5905,-38.1747290953696,-110.171000565352
17.591,-51.0429187850777,-97.7166594447919
17.5915,-55.1233218226849,-86.716943055546
17.592,-43.898697751833,-79.638831571694
17.5925,-10.2652642212344,-72.6921166549184
17.593,23.9582735895193,-59.976298782617
17.5935,27.8319495776344,-41.0963305470219
17.594,22.2908010594467,-23.2426041247854
17.5945,68.481717980161,-12.1448874966556
17.595,171.132069720642,-3.01683880133328
17.5955,247.482287513689,12.7012732548894
17.596,230.096247083401,31.7780930266456
17.5965,153.954769260448,39.4471812484228
17.597,98.3226599129518,28.7379087932399
17.5975,85.1989786411253,11.1133702457028
17.598,84.9358907751793,2.04659511881638
17.5985,82.1592152072382,3.56961243717483
17.599,74.2077268546876,8.99573498691054
17.5995,30.7161428968549,18.8036733119232
17.6,-79.1502049423157,41.6088809659089
17.6005,-227.417314621398,81.1249155187974
17.601,-348.894150345246,129.953416933359
17.6015,-415.825498187139,175.676943171578
17.602,-444.990723707114,208.330850852219
17.6025,-442.070098658432,224.543576276208
17.603,-390.259069158186,228.352302696232
17.6035,-288.516979064541,223.044083698073
17.604,-153.667596509307,199.079261726351
17.6045,7.22642422572776,141.518382952916
17.605,176.400223845042,59.0524829367423
17.6055,289.397132543557,-7.98788513038814
17.606,285.672323175883,-28.077188588724
17.6065,201.739049929278,-18.9601515258908
17.607,151.013324081081,-23.1128808634386
17.6075,190.708161987642,-45.0297702940438
17.608,259.182277361262,-43.977892668039
17.6085,265.57873211483,0.250722731050592
17.609,194.125838204273,44.9165546735496
17.6095,94.9761016535962,33.4749827341983
17.61,13.8530589841508,-30.6245789999909
17.6105,-38.9456682826401,-89.6672227315355
17.611,-78.2180057753177,-104.921717396154
17.6115,-125.862273458957,-93.4231362951112
17.612,-181.739982973524,-87.9320973538465
17.6125,-203.871532032226,-90.9578508238644
17.613,-149.138277043679,-87.4297932987547
17.6135,-41.7748954384673,-83.0537846298402
17.614,38.1752629884328,-101.740363128116
17.6145,49.32840577858,-146.552873403197
17.615,31.890933831413,-186.486803956848
17.6155,38.5307942406453,-191.047081138607
17.616,65.5350974795635,-163.661973175606
17.6165,79.6924433707421,-129.576067244762
17.617,74.4718554035964,-101.277782461971
17.6175,65.0091165338862,-71.765161929592
17.618,55.6181005631902,-37.381741400857
17.6185,44.1630453718756,-7.69907072133361
17.619,36.7362831716551,12.3576291473625
17.6195,33.2662502152568,33.235371970661
17.62,21.9107796374721,61.9736937002817
17.6205,7.50876688543643,85.0206466449692
17.621,14.7740219248636,85.3796031307815
17.6215,40.1543475705194,69.9705385728241
17.622,36.4385419312743,62.9115645772389
17.6225,-23.0855973562443,73.5512175202426
17.623,-98.3888188850912,87.4995063109746
17.6235,-135.800282611024,90.5393684234218
17.624,-135.374599266544,85.6391066090354
17.6245,-126.578004349858,82.2009655461428
17.625,-109.853841589249,83.1592279952815
17.6255,-70.8334418070196,89.1292833468132
17.626,-26.2419187642049,101.787288348961
17.6265,-1.29847373918598,114.284724941932
17.627,20.6255673228844,109.927691898158
17.6275,69.3646116326648,81.7394371202001
17.628,120.468911824127,46.1537338028529
17.6285,116.586563028216,27.0061241950647
17.629,56.4555444308805,29.9775357271429
17.6295,4.67806802653558,39.5401814188879
17.63,2.96676929190161,36.1571212511317
17.6305,24.0547634836979,11.3996534887644
17.631,29.1967454012018,-26.7172081456187
17.6315,21.9506585026163,-57.1760122285946
17.632,20.7353896485638,-62.298527289357
17.6325,19.541744720841,-47.5776190128117
17.633,6.51071535071222,-38.0245555677987
17.6335,-7.03735520911595,-49.0291480156642
17.634,-4.34533071861632,-70.6234756503683
17.6345,9.7591864774318,-87.633342239694
17.635,21.3621928721498,-102.138197807394
17.6355,29.2651544749592,-122.916112740111
17.636,35.5579292399162,-144.004477430626
17.6365,31.3842071566621,-151.27100476134
17.637,10.9345506182166,-144.057951290994
17.6375,-13.5282875243875,-132.920852506825
17.638,-26.8262025816767,-119.192387459834
17.6385,-30.3428899355557,-93.8114142885844
17.639,-34.0065260420244,-55.8392031002935
17.6395,-39.8646767054088,-16.743560635484
17.64,-44.3346951260548,14.4131688845123
17.6405,-46.1144776481701,36.800738449296
17.641,-43.1573798403451,49.6936234427708
17.6415,-32.7199438414281,53.1067647704705
17.642,-20.9708795740005,56.5970084709842
17.6425,-19.9870986414843,71.937041753945
17.643,-29.4922118511831,94.876612742706
17.6435,-35.9059305343792,108.655259856344
17.644,-35.2925006714304,107.806851365628
17.6445,-40.9215816078772,103.192841731274
17.645,-60.2270601827178,100.24793894063
17.6455,-80.3328277671997,89.2382934833447
17.646,-85.9263617289843,64.3303074317056
17.6465,-77.9813438879283,37.2260947127425
17.647,-67.2329562528175,22.0511278283589
17.6475,-62.0820995776251,17.9555166356131
17.648,-66.8839013682192,15.4472042775895
17.6485,-75.7088440764704,10.0894347876113
17.649,-65.2007120550814,2.25943308149505
17.6495,-15.7787146559987,-6.79303164722306
17.65,54.4104935906738,-11.3169630633138
17.6505,102.088992525214,-3.81761530434596
17.651,114.805737848645,10.9959139360861
17.6515,126.608068876882,16.0788534553771
17.652,163.304442322502,4.75762461773156
17.6525,200.502283541514,-7.66405948177733
17.653,196.990938561211,-5.84958512727266
17.6535,145.017925127499,2.62350760081454
17.654,65.7003937118056,-0.434794855066616
17.6545,-18.96029031105,-16.8766780307146
17.655,-83.0257600633585,-32.393906730803
17.6555,-94.0119801150984,-38.6378653520655
17.656,-50.8437714258929,-40.418949852612
17.6565,-4.83218972060064,-42.6213314329539
17.657,-2.85402180918171,-43.3066059268995
17.6575,-23.5681869346454,-40.8044662626344
17.658,-11.7164563386402,-37.2239558824141
17.6585,35.2032342675142,-33.1386533453833
17.659,62.9176717529731,-26.4041215487104
17.6595,42.6748413817331,-17.3750187015453
17.66,8.72990073818977,-9.54444335919663
17.6605,2.10600234380652,-5.01633241785737
17.661,19.2601946423401,-3.81678944938939
17.6615,34.5747830023184,-5.91602385130303
17.662,38.6601406173542,-9.4150199475093
17.6625,33.640729972226,-9.73082115276967
17.663,18.9132727415376,-5.68826273334438
17.6635,1.70622794735097,-2.84054911049112
17.664,-2.04613403529455,-5.11297106108626
17.6645,5.83438621980945,-7.24076304640496
17.665,2.62540799644594,-2.1533473557056
17.6655,-16.2926213300677,7.87110816761413
17.666,-22.5513972031875,14.6980888779131
17.6665,1.04889009588842,16.1030056989824
17.667,27.5922418051336,17.0068648628128
17.6675,20.496863129084,21.1321368512062
17.668,-22.2094276911742,27.5631087889421
17.6685,-79.7484162063976,33.5477468664085
17.669,-136.608797011713,36.032401113379
17.6695,-170.095963374088,33.8395847363219
17.67,-140.855352736262,32.3044867475254
17.6705,-40.9433779883424,39.8439637709875
17.671,65.2450236751775,54.5421055276728
17.6715,97.0812790261511,61.4271416972033
17.672,53.6846322198068,50.6759461399909
17.6725,13.0226818064648,31.801207741841
17.673,32.3660929014395,21.7357453885338
17.6735,86.402103529046,26.0337905008878
17.674,109.083626332251,40.1680813625936
17.6745,61.6109458166499,59.8217450698823
17.675,-47.1282675805276,77.9809982799097
17.6755,-169.416132225332,81.0693259371736
17.676,-234.800599217823,63.2533865430433
17.6765,-195.969075963203,38.3693329601097
17.677,-85.1206703191238,23.125899514429
17.6775,-0.492499588344055,15.4417234501841
17.678,-10.6195374333721,4.7793878794245
17.6785,-83.7611224576056,-5.98796713273893
17.679,-127.022050685626,-10.4770189079466
17.6795,-81.4194110478063,-21.9461487347624
17.68,31.7356067954774,-58.4525965197599
17.6805,138.585272861039,-107.214249788493
17.681,172.917190010811,-134.560036728752
17.6815,128.554748917443,-135.26823166791
17.682,66.9388333465401,-140.053067567842
17.6825,55.1014731142245,-163.895008254388
17.683,85.8174447303913,-179.711941856022
17.6835,84.1670734106433,-162.139391628775
17.684,6.67510946332985,-128.075244440174
17.6845,-98.2666376536238,-107.500155525521
17.685,-152.29269145817,-96.8056682188236
17.6855,-136.664009092799,-71.6168760539139
17.686,-86.8351130718925,-30.6580169823128
17.6865,-28.2341452830979,4.97193288107301
17.687,36.6142158742224,27.7568488547661
17.6875,96.3585428107936,48.2363358469366
17.688,136.727206317015,67.0359077526534
17.6885,169.540564064111,71.7808517575457
17.689,207.699445739798,62.944241292944
17.6895,218.671675084599,55.9813605222593
17.69,158.894690458014,54.3613060036159
17.6905,56.2425974558505,46.0647828337683
17.691,-4.4119117109151,32.3635888886034
17.6915,4.70555056036076,33.8614072504424
17.692,16.1520474300809,57.0204366113691
17.6925,-25.7177320627517,77.7710582809197
17.693,-79.8512590887921,72.883733874108
17.6935,-81.5832768765075,49.0225077146118
17.694,-51.9083484608597,25.9023105002523
17.6945,-63.2767838629962,8.02590846456324
17.695,-118.481531729594,-9.584922269999
17.6955,-137.836589499085,-22.87974952385
17.696,-72.9937617028423,-26.6123519563134
17.6965,27.1248873678374,-29.8456450547016
17.697,84.1523772469075,-41.9406870695022
17.6975,78.7043683156725,-50.1438742437364
17.698,46.5982132071588,-34.2194609534646
17.6985,22.3144104455293,-1.06376893520428
17.699,16.1340283824465,18.9394729051063
17.6995,25.0088214386462,13.4583176742291
17.7,35.6653391755579,3.870175841008
17.7005,25.2069291164752,10.7989535321618
17.701,-19.7097651598289,23.7424272927922
17.7015,-86.4372932750441,19.5304033045763
17.702,-148.9534825495,-2.79940656297534
17.7025,-189.349258130718,-22.8806063102423
17.703,-199.385091901209,-27.5979206983934
17.7035,-174.777391106421,-21.9731557380959
17.704,-122.708566607666,-13.6267513972121
17.7045,-65.5516633787078,-2.00918430099056
17.705,-21.4965175418582,13.9604848638963
17.7055,13.2054506908563,29.6141504296753
17.706,49.8458594757786,41.6049474698276
17.7065,81.7999926966351,53.6428331695286
17.707,89.5774551225707,69.7705883523762
17.7075,69.1629300194993,86.860686724798
17.708,39.773950865793,98.0598025045026
17.7085,21.3484688453105,99.8458462494298
17.709,16.624752088425,92.4484678133897
17.7095,18.4222220612694,77.3463174205253
17.71,23.068875859661,57.9033810545858
17.7105,30.5711281669513,38.92762297781
17.711,39.3433423110685,22.0929986979304
17.7115,47.4718740016365,4.98090762460973
17.712,55.283810886744,-12.412391811256
17.7125,62.2518714933528,-24.4335496011155
17.713,64.736102355843,-26.9919183035071
17.7135,60.8126968318558,-23.6666012030291
17.714,54.921729076352,-19.4943292788125
17.7145,53.8817292079187,-12.856349633075
17.715,58.929887662092,-0.0829153095503171
17.7155,63.7509396877189,15.429192458024
17.716,59.9312950003681,26.8709124575745
17.7165,43.9668970103839,34.7596049227615
17.717,20.756024860109,44.7574639379224
17.7175,0.919458492903351,54.8193822750159
17.718,-7.86740198057636,54.5667652344595
17.7185,-8.83926046722928,40.4607003143001
17.719,-13.7950461768158,22.7898836739467
17.7195,-30.5979310611126,12.7365990838788
17.72,-53.7091241819195,9.55359551062699
17.7205,-68.7127632107744,5.89441631644798
17.721,-65.6266525500933,-0.48390886985583
17.7215,-46.9754023781564,-6.74416119714323
17.722,-25.1204806196522,-11.5427572040472
17.7225,-14.6348426929814,-14.3740210634732
17.723,-25.0627273939014,-12.1092728264962
17.7235,-54.3991611962846,-4.40678534497521
17.724,-86.8907332676837,-1.35351118459065
17.7245,-102.948628741641,-17.6379327308966
17.725,-97.790971149585,-57.0282906911563
17.7255,-88.099998628255,-107.514604558603
17.726,-92.9707507269987,-153.771478467776
17.7265,-108.333413621872,-190.837479432327
17.727,-108.490686910939,-223.439690382712
17.7275,-75.6233911740267,-254.654368980357
17.728,-19.3683965494757,-278.744077608353
17.7285,37.3545467598752,-285.731574993545
17.729,81.3923458742785,-271.01180347286
17.7295,108.570834203222,-237.892515397207
17.73,111.627630443472,-190.930333245175
17.7305,89.8216857567345,-131.770815100193
17.731,68.4834784561524,-65.8123248580456
17.7315,82.8388654733035,-8.65509786049923
17.732,129.481377311918,23.120624328322
17.7325,154.33732234362,29.0426543407465
17.733,111.941271233727,26.1918649598953
17.7335,27.1109122293888,32.4384174198418
17.734,-28.7423883062225,54.7133828179965
17.7345,-23.4240817663345,93.4035056073009
17.735,0.498355891129572,146.333302285249
17.7355,-12.4631790625586,202.495387025708
17.736,-56.1443782331375,242.355495250098
17.7365,-73.5779739913728,254.317255388344
17.737,-32.2814649385614,244.971189578983
17.7375,38.3047878550371,225.143941725587
17.738,87.6655676678321,193.576516656397
17.7385,98.6134035964768,145.86638690077
17.739,87.5121442190922,93.6069954434136
17.7395,67.9146300235557,59.4535975140198
17.74,37.5517891694867,52.3116529181517
17.7405,-1.30020428726549,58.7531961225576
17.741,-31.2233532085984,60.8554676573462
17.7415,-39.3815291295257,53.180835666099
17.742,-34.9640346040698,40.4724933454919
17.7425,-35.0278972998895,28.1268084063188
17.743,-40.5853197049419,19.156699681739
17.7435,-39.7668014140392,14.4974325313505
17.744,-30.7259509935569,12.9045981856445
17.7445,-26.250790831579,13.6565569187623
17.745,-33.7654226396067,18.8141683575404
17.7455,-44.9828875425698,28.2972695616598
17.746,-51.9130891055857,35.0227188082883
17.7465,-60.5880153960886,31.7351955742652
17.747,-77.6643621311396,20.758684831783
17.7475,-92.3009655105777,9.3735974318287
17.748,-86.4022014750362,-2.07888739410223
17.7485,-60.4211214069435,-18.0163960604926
17.749,-34.6968349165072,-35.5537694247309
17.7495,-23.4907135812452,-46.3019066899724
17.75,-20.2915423548234,-50.4377864609136
17.7505,-12.7187463875173,-56.9553910224548
17.751,0.353034172903211,-68.3624931697686
17.7515,13.8345709456702,-77.7326044052381
17.752,27.5098991103741,-83.7784044631974
17.7525,40.5359745897645,-94.8381661647902
17.753,42.0392157892239,-111.774154557042
17.7535,22.0932542846447,-120.306995172119
17.754,-8.04293467394482,-109.763467801157
17.7545,-20.2516541396722,-88.9777745320077
17.755,-0.206741528600712,-73.4019969705671
17.7555,34.3234889025293,-64.9015621103613
17.756,53.0976821101187,-54.8886417871087
17.7565,47.1931759555852,-40.5541780538484
17.757,35.5088929529156,-26.5389120155191
17.7575,37.7991050298941,-14.5029062299109
17.758,48.7065251348709,-1.53767698256188
17.7585,44.2055962653191,12.5609331942442
17.759,11.8311709894606,24.2954501316618
17.7595,-32.3342710084612,31.7388817875051
17.76,-60.02659493426,35.6221935812367
17.7605,-58.8870543203737,37.4701489167895
17.761,-37.4781637925194,40.6425733741124
17.7615,-6.2758756514033,49.2720082255337
17.762,33.0639384771574,61.8823462771648
17.7625,75.001725550754,70.2988504783811
17.763,100.154436343588,68.544490551531
17.7635,92.3323942808359,58.0161351259984
17.764,61.250132575759,42.0973856501939
17.7645,34.4496787576766,24.1035469958399
17.765,26.458685322291,13.1394104560262
17.7655,27.9738639824827,19.1870672392647
17.766,25.9854700084034,34.7088895821377
17.7665,19.2629647033432,34.0596432927536
17.767,8.40368420681693,3.48398113181107
17.7675,-12.8438604777537,-38.0811497293254
17.768,-42.3613210936141,-60.880907663772
17.7685,-57.0508591455361,-57.6714955495594
17.769,-34.5208924648997,-41.3973669118359
17.7695,14.6816136547135,-20.5223227915999
17.77,53.0196861739307,3.2647675982281
17.7705,56.1021054702997,19.1577552589152
17.771,33.1944017877504,13.0772844132139
17.7715,5.92411908552989,-8.01730899847698
17.772,-16.1652131108371,-17.0045754406741
17.7725,-30.1678971816413,2.83761014093769
17.773,-26.6790078186855,42.3240179295853
17.7735,-1.03127298388423,83.3537260910499
17.774,27.4418178157025,114.720371601062
17.7745,25.5047458917686,127.424372655546
17.775,-20.4450482484156,113.385166447737
17.7755,-90.2294534243264,79.1435397499874
17.776,-150.916531169002,47.4009337707354
17.7765,-183.899612072875,35.1586788852922
17.777,-191.278204815587,40.7561856351978
17.7775,-186.041025587493,58.139156818308
17.778,-177.901164336327,87.3518623450659
17.7785,-157.965807799593,118.709322187285
17.779,-95.955284198125,122.990184963166
17.7795,29.9287099116554,79.0115488343859
17.78,189.354321213405,5.51950627733554
17.7805,302.013300211346,-54.4956247088043
17.781,305.256910735603,-82.771022991759
17.7815,216.925142170484,-103.322701971614
17.782,114.376184924175,-146.748894912519
17.7825,54.1994733064897,-210.432305285509
17.783,31.7153860011615,-263.45697342349
17.7835,17.0204651745712,-283.990400662766
17.784,0.646157341829083,-281.464578280334
17.7845,-10.9380400462926,-282.037044527634
17.785,-19.9410973789335,-299.506788040658
17.7855,-30.9056475751012,-323.78477425685
17.786,-32.1102103773203,-333.365552326687
17.7865,-11.2529538628861,-313.172053241835
17.787,13.5857520371986,-261.773794423577
17.7875,6.70197323664389,-190.13375969243
17.788,-34.9848587255962,-117.841135596361
17.7885,-67.726861272899,-62.7424949821242
17.789,-50.7671621714551,-24.6360039519912
17.7895,3.66968705464907,17.5567170171539
17.79,43.5110923364994,82.317143371642
17.7905,31.8546838099773,159.898665570981
17.791,-20.6781882338643,219.908857163877
17.7915,-70.9312911068923,244.754546690414
17.792,-81.5001117679101,244.624574155974
17.7925,-50.0856124360559,236.97770307941
17.793,-8.27226303047935,223.977720357886
17.7935,12.9305262465979,198.577277335161
17.794,17.5905391115763,164.364613539646
17.7945,33.862844880607,138.394312983887
17.795,66.3926818943621,135.544532977106
17.7955,79.723836427787,155.513794987343
17.796,43.2157155065456,183.840453687052
17.7965,-24.4920542570171,202.718162695874
17.797,-77.0016901109305,203.250865648598
17.7975,-95.0703650390493,189.608556496162
17.798,-96.4078162004479,169.969161987742
17.7985,-98.1588735236983,145.214256059614
17.799,-98.2411945996894,111.842300075872
17.7995,-95.176977076357,74.1361876665404
17.8,-97.6894910285331,44.8514395598528
17.8005,-104.382879792201,33.374536505301
17.801,-97.123463524207,41.0615118285004
17.8015,-68.4737816097325,66.2174116705055
17.802,-37.4534726348313,100.943119431942
17.8025,-23.5739301540122,123.712560308072
17.803,-21.299315333331,113.557214364612
17.8035,-16.0540353846879,77.8811250326727
17.804,-10.3070071312404,47.6522034014699
17.8045,-13.6302324681085,33.8653968510474
17.805,-17.6378107448806,7.48758878525139
17.8055,-3.67607901182962,-59.3469265808073
17.806,28.4546087335402,-147.113954690901
17.8065,60.1693269563049,-206.755560686652
17.807,81.5531560183311,-214.943116584746
17.8075,99.160026881352,-187.520232152321
17.808,114.289812197052,-143.522580957631
17.8085,114.23795806281,-85.089172563002
17.809,94.4542194262257,-17.723458844927
17.8095,73.5222585883938,38.0629088942982
17.81,72.558262577157,72.3684368468511
17.8105,88.3304314557428,106.365722046725
17.811,99.8506192874917,168.527065697614
17.8115,97.7229057662321,256.456304912706
17.812,94.3451467459891,333.916350054294
17.8125,103.380778666173,360.102789901291
17.813,119.199928854765,313.335665714292
17.8135,124.03035450643,195.747903285453
17.814,112.165523571672,31.6348620901075
17.8145,98.3753629455722,-138.723766526738
17.815,98.6792223840626,-278.316723930658
17.8155,109.072028177809,-375.741963412023
17.816,111.814381540884,-446.663079350781
17.8165,100.528292169353,-510.979277762236
17.817,87.4232093992564,-570.722490468322
17.8175,82.4657396015877,-611.377719054675
17.818,77.3476505552663,-621.373331905755
17.8185,58.6835525999992,-605.331510163671
17.819,28.0027817497147,-576.064512038134
17.8195,-2.19744728248451,-536.67027547033
17.82,-25.3619359465564,-477.002716227787
17.8205,-41.9936785498404,-390.023488375086
17.821,-50.4514239145656,-285.114226978396
17.8215,-51.9054094394919,-178.442733673036
17.822,-60.8713371191757,-73.9677631067568
17.8225,-92.8577294881246,37.1814446413546
17.823,-139.74583417896,159.334156701138
17.8235,-174.003185790136,283.515172243069
17.824,-181.604992295931,397.431122369754
17.8245,-175.104777370034,494.767086870481
17.825,-168.858554386165,569.745355267323
17.8255,-159.400441556996,609.750562689747
17.826,-140.999164149769,601.023730066655
17.8265,-123.190362838736,540.867230445961
17.827,-115.744962634237,442.316904196217
17.8275,-108.804101925542,329.620718545901
17.828,-88.3476193682704,229.229458570704
17.8285,-63.6899888340368,157.962342581525
17.829,-56.6020715365989,114.218377380272
17.8295,-65.0100675646254,82.5952762198829
17.83,-62.5856057209618,49.3240276277876
17.8305,-41.0695686448015,11.1061678347622
17.831,-29.4758661335582,-29.8719265998092
17.8315,-54.8588322397917,-71.720335937701
17.832,-99.5631011315054,-110.104762158763
17.8325,-118.848599400304,-136.309184572307
17.833,-96.1812921615708,-143.884070239856
17.8335,-61.7995952502575,-134.564984753757
17.834,-54.085683363773,-115.029699520679
17.8345,-77.054632055048,-91.9338637758909
17.835,-101.842924201884,-71.8877354003972
17.8355,-100.398592687064,-59.5177678551126
17.836,-70.8241897302568,-51.2574105266617
17.8365,-34.7105815248841,-37.2322758594201
17.837,-14.6006837435815,-14.2853164321271
17.8375,-11.5440928371817,8.6743938923954
17.838,-3.58064934171593,22.9660352624363
17.8385,29.763428838554,30.3617113460472
17.839,82.3554422783069,34.6179006206027
17.8395,127.521771611355,31.4616327172595
17.84,147.978782760943,17.5843971181423
17.8405,149.391561626296,3.1713462148809
17.841,144.642001642369,2.24000682227931
17.8415,140.878069173064,13.0608609379338
17.842,147.351497530723,21.28181646934
17.8425,175.842258648175,22.4743571464336
17.843,217.770321153874,28.781456506451
17.8435,237.379439964887,50.6841296192201
17.844,209.308718767309,83.6601352508678
17.8445,151.855720678337,116.890703155787
17.845,100.248898187753,144.717115816605
17.8455,59.1189232578805,164.244772703638
17.846,12.3229467862526,171.448253478734
17.8465,-29.6676948383136,167.148611780095
17.847,-36.0790141086179,159.489773575197
17.8475,-14.3551032059297,152.643482928815
17.848,-14.4487075657822,139.084804008114
17.8485,-53.6495997603044,111.723642813448
17.849,-82.0835512802707,78.721435734886
17.8495,-57.2160654518157,54.8057775842797
17.85,-11.6349980299081,38.0514541123472
17.8505,2.44610955507646,6.8709022505778
17.851,3.27560112243719,-53.5056040704553
17.8515,47.4224761612199,-127.602942794453
17.852,120.612363965857,-181.01955930063
17.8525,138.188106773357,-194.808659908361
17.853,71.6794837275068,-182.081590959513
17.8535,5.03560396236441,-168.87519923329
17.854,24.3003446201867,-166.253990181045
17.8545,103.800092589774,-167.592350735979
17.855,153.901948553398,-165.601097157371
17.8555,144.234797274451,-157.722678283007
17.856,117.323137779167,-136.576306994798
17.8565,98.7181769920432,-95.349421661636
17.857,62.5326175217161,-52.0808268853076
17.8575,-6.07104009540329,-49.4284925302494
17.858,-74.8002615195943,-109.329934881705
17.8585,-118.205262353991,-196.817309941876
17.859,-162.77980043549,-250.851095879377
17.8595,-238.461956398826,-247.398753868541
17.86,-311.622154672739,-210.117469858667
17.8605,-312.095274081276,-162.320261922994
17.861,-223.080681842075,-99.709690509981
17.8615,-106.114549729456,-19.6456806405314
17.862,-26.9113914093109,54.2345180240718
17.8625,15.7907056148048,99.988514122851
17.863,70.1012110174574,128.85230545987
17.8635,157.945441864758,160.277242543445
17.864,246.007032006123,177.03344737367
17.8645,287.083435510566,136.953857013238
17.865,271.34597595237,31.6452966706244
17.8655,229.793219004376,-91.0480290146462
17.866,197.64690081355,-171.077976763529
17.8665,182.947520255649,-186.597732800061
17.867,165.938455853293,-155.503510711553
17.8675,120.619735375554,-105.568852016779
17.868,37.7470047753364,-56.9777071619786
17.8685,-66.5115925114264,-23.9842921300934
17.869,-162.602564067555,-15.42836771241
17.8695,-231.326874647722,-27.9969338105351
17.87,-276.817596761252,-44.5863768455278
17.8705,-315.220794601978,-45.5294288808986
17.871,-353.218040547809,-24.1704961410315
17.8715,-381.709873794703,9.92907259055185
17.872,-388.927679927345,45.895345885464
17.8725,-374.169159589511,86.7600301256576
17.873,-347.602814296138,142.85295768702
17.8735,-320.121471775563,212.344939922285
17.874,-294.216798852031,280.673486226612
17.8745,-262.70295660956,340.371233625147
17.875,-217.145519654644,394.734279193981
17.8755,-159.530130087301,435.571956025204
17.876,-103.040188176473,438.12234998042
17.8765,-58.208616889058,394.263008748939
17.877,-22.1416001808732,333.673679474174
17.8775,14.0703985667332,291.407051505883
17.878,52.9719437576988,269.125112211295
17.8785,93.8138019127963,251.354085037595
17.879,141.844662868241,241.129616296396
17.8795,200.334801976304,241.638451888678
17.88,253.823270205422,212.774270788377
17.8805,275.175482697325,97.1954037776267
17.881,255.848117843285,-96.5764623072581
17.8815,217.715623609068,-279.106494485637
17.882,187.253916400902,-372.563094428775
17.8825,167.876650885584,-388.046346605848
17.883,147.186219796944,-387.099580225627
17.8835,122.789176590489,-397.650723851879
17.884,106.984575917994,-402.757759951035
17.8845,107.846090552857,-389.77407036711
17.885,118.881030383232,-366.919826436596
17.8855,132.058389700128,-335.984030634942
17.886,152.712489888623,-286.558715495629
17.8865,192.648527117657,-222.415658317531
17.887,248.15106377008,-164.681764889613
17.8875,291.227493665394,-121.754684755711
17.888,289.377056946583,-80.1366510399994
17.8885,235.383500464516,-33.3280814217264
17.889,153.52935045855,2.14077145355187
17.8895,74.9770921468863,11.7453463510396
17.89,12.6762402438856,7.70551473056858
17.8905,-36.7896551082735,14.7082922529518
17.891,-76.482286365193,39.9675324157854
17.8915,-105.214807163659,68.8921950937707
17.892,-125.338228538582,85.9370291918985
17.8925,-141.423791437512,91.5332664123031
17.893,-151.277254812905,99.230622629795
17.8935,-148.724604198705,118.835357258169
17.894,-135.221828698786,141.894952500251
17.8945,-118.552108088752,146.608974125146
17.895,-100.819856350624,121.01077743356
17.8955,-79.4281232563026,76.7502875753821
17.896,-59.4865022490714,33.6744533215715
17.8965,-51.203631636643,-2.4937476202987
17.897,-52.867127001312,-36.2571846097618
17.8975,-50.6561880138939,-62.5167404157628
17.898,-39.1273807722144,-67.2649605389413
17.8985,-27.6432812335713,-48.3322449389929
17.899,-21.5667776036384,-20.1765247926362
17.8995,-12.0549748277226,5.53132370227282
17.9,8.35720684196339,31.301254925465
17.9005,34.554028401629,61.4654668303868
17.901,61.5055174504561,89.8126656537234
17.9015,92.9054489163187,105.313249704132
17.902,125.684439149625,102.524833865648
17.9025,139.973497021407,83.402951755949
17.903,119.629637079245,56.5565830829689
17.9035,73.4046886065864,35.9665382244588
17.904,21.7810640289567,31.2476412659058
17.9045,-28.8437247676207,37.3808273852548
17.905,-84.0740500714134,42.2177492069156
17.9055,-140.213889724573,43.2235805491883
17.906,-181.634516086685,46.099226141104
17.9065,-199.023634682139,48.5850029136964
17.907,-197.908326045067,40.3297264338298
17.9075,-186.625127178984,20.0347468100489
17.908,-162.507448913484,-2.32069513260867
17.9085,-112.728025582694,-22.3276539841774
17.909,-30.1799405426472,-43.8436291509271
17.9095,67.2777481934517,-62.1477300890538
17.91,137.139830503624,-64.1031660237996
17.9105,144.390839511848,-52.4377552499981
17.911,94.4765693923427,-50.1285477848363
17.9115,21.9364230420036,-68.8780046246036
17.912,-51.0148830086842,-90.2269092359411
17.9125,-123.122780407025,-90.9734633507683
17.913,-181.871747574579,-71.6664352194776
17.9135,-196.96773386567,-46.2363531524816
17.914,-162.594448231887,-19.5550225294856
17.9145,-115.400828282042,8.08588977610781
17.915,-84.2896077207041,28.9058144513313
17.9155,-47.9224688660195,38.8868338885313
17.916,25.3276352260352,48.8177372911332
17.9165,115.700946044958,65.2269204742457
17.917,169.237461283467,72.6728751141359
17.9175,165.077924452096,56.441966427052
17.918,126.159579855488,31.9507171490005
17.9185,69.5341736029837,27.5815405062337
17.919,-9.77187361551712,46.1843304257594
17.9195,-100.311043816618,67.7515942779811
17.92,-161.390966640149,82.6637846550793
17.9205,-165.940844512956,95.3678876481192
17.921,-128.469526945746,101.141072481521
17.9215,-76.5354617556495,89.6494097248123
17.922,-18.681986882136,68.3932495461235
17.9225,46.7179050240071,48.2206841346541
17.923,113.89319652785,4.94366006423826
17.9235,175.441988915298,-102.477653403671
17.924,228.20896934074,-260.413865805483
17.9245,263.514998715481,-385.432786722841
17.925,268.842586836352,-406.972812755995
17.9255,245.929263009721,-338.848379436987
17.926,208.173454974002,-244.354018846992
17.9265,157.021966623069,-158.293411654422
17.927,87.1696213746035,-77.3909140753046
17.9275,20.5959326323237,-6.02676274735652
17.928,0.462282894297652,34.6733927729579
17.9285,32.2392338145522,43.4045434446468
17.929,60.8706252163245,47.2908325736096
17.9295,32.7284866571288,64.1166991975978
17.93,-40.1434490720003,81.6005153895214
17.9305,-100.859975571582,84.6357426004675
17.931,-113.267361344884,82.0494441600587
17.9315,-83.3147831854218,92.6131120081823
17.932,-35.6185111046627,118.167583219837
17.9325,1.30452873613251,144.048029714983
17.933,0.559066167258611,159.101726652989
17.9335,-40.2855437261807,164.827975762108
17.934,-87.0553023002462,167.397405560651
17.9345,-105.167188984883,167.588469272872
17.935,-102.305280341011,159.92161740166
17.9355,-111.0346037907,141.555371085906
17.936,-136.165108392782,121.501058965167
17.9365,-147.505155181508,115.323659472642
17.937,-122.991017018242,126.23041410835
17.9375,-71.9661628031147,138.278747732573
17.938,-14.3670689548574,136.825418615461
17.9385,36.9909912127747,128.799064699105
17.939,68.7312054724047,128.967429290357
17.9395,67.1207423536518,129.095690490902
17.94,37.2029129892889,98.0338325934806
17.9405,3.8459226236582,18.2202130860685
17.941,-16.8617941478488,-89.6683825786581
17.9415,-33.6396495436599,-186.411992051283
17.942,-58.7426757709398,-252.167758867878
17.9425,-83.2357938457759,-298.362265071769
17.943,-84.1018938429137,-345.913188900565
17.9435,-48.9680543749842,-398.203691691304
17.944,14.1109894410159,-436.658705947974
17.9445,87.0216226614673,-440.667488930442
17.945,155.440977584754,-408.366817982452
17.9455,212.574963371006,-354.635598690276
17.946,251.17171683795,-292.443713795698
17.9465,256.796698776445,-226.534794508923
17.947,219.614409010939,-165.959177841419
17.9475,155.098452698249,-126.324771416306
17.948,97.4108869693172,-108.308132929012
17.9485,61.2441388858049,-86.2866020467552
17.949,25.1921987753588,-34.2431800388051
17.9495,-30.8122752210979,43.9537356287333
17.95,-87.5383466357911,124.511973103394
17.9505,-111.602427953774,195.447787706894
17.951,-108.424972330967,259.51119816596
17.9515,-117.836842796183,311.658271039329
17.952,-156.642123846121,337.814365847862
17.9525,-197.3204703111,338.548191785082
17.953,-211.620117359228,332.921774947349
17.9535,-205.543539845747,332.439422151987
17.954,-196.474850924708,327.596826253929
17.9545,-181.590022015947,305.801656855051
17.955,-150.393123460117,267.864557169841
17.9555,-111.120645229204,222.834308631341
17.956,-81.8158541704533,181.74651719693
17.9565,-63.9974773722321,158.512198409185
17.957,-43.7501296471058,157.449860531262
17.9575,-13.2876508430961,154.955639419279
17.958,23.5735349144496,115.397878874384
17.9585,61.8171470633367,35.6101886246781
17.959,96.3613171150098,-45.3979562068575
17.9595,116.671309498984,-91.8555412730427
17.96,114.892373144409,-107.114535557644
17.9605,99.350259775392,-112.275172398185
17.961,88.7980357629637,-111.056178080473
17.9615,92.1956003847748,-95.5378166529907
17.962,102.100739396781,-69.9845849637264
17.9625,107.860367383268,-46.2717888532035
17.963,107.446388179999,-25.059573275227
17.9635,105.071480139306,0.09097104323613
17.964,103.625196642726,28.4579659010005
17.9645,102.713858143076,57.0305611797222
17.965,101.719556373299,87.2786375122176
17.9655,102.324948821179,110.003607783241
17.966,106.910511955271,98.5784244163494
17.9665,113.917832448645,41.7685156164162
17.967,116.641432130988,-26.4493070324252
17.9675,108.828291687206,-56.7228513210874
17.968,89.1771546426866,-41.8253689895314
17.9685,57.5461291202862,-23.4020511703508
17.969,11.4374447423711,-45.1066109129747
17.9695,-47.5505317606229,-118.817648971692
17.97,-107.967417539344,-229.313043451757
17.9705,-157.158959356139,-344.327004603654
17.971,-192.319274760377,-420.872809317496
17.9715,-215.469069726108,-430.935399080211
17.972,-223.93960819789,-389.374897422928
17.9725,-217.383589711961,-337.119178242998
17.973,-207.320156145916,-293.664855662708
17.9735,-203.743516778398,-246.314519693402
17.974,-197.719297901266,-186.036868777781
17.9745,-176.647762163295,-125.826392841284
17.975,-152.109505692994,-75.7002212866259
17.9755,-147.06696434317,-26.4087137464732
17.976,-154.911370447896,28.4842590770711
17.9765,-140.5673672079,76.8922915638267
17.977,-90.1645696100453,109.726177849198
17.9775,-30.229311056113,138.126558719458
17.978,16.1401670021136,172.126831971219
17.9785,62.6415688188334,199.233548599919
17.979,127.909997992084,203.366944731017
17.9795,195.741626270346,192.230036205058
17.98,234.727199848223,186.204096088917
17.9805,240.365490609394,188.123658381054
17.981,231.154718257369,181.768184728721
17.9815,217.218955172865,155.707968946529
17.982,199.416868558534,114.530976696952
17.9825,186.224859170085,70.6337212210488
17.983,182.030122882971,36.9719584653315
17.9835,168.201537144587,23.5844152367335
17.984,126.044089735125,29.6427150843464
17.9845,72.327089643526,41.2844371199884
17.985,42.0535018702079,45.3246666620994
17.9855,40.7336931293253,41.3652721396855
17.986,45.0395184121212,34.9111411274413
17.9865,47.3939056665167,26.5477181530704
17.987,64.1879512854897,15.8819250376123
17.9875,96.3754849109325,7.55298580005242
17.988,117.88073787417,3.14129664860007
17.9885,113.874327277925,-5.66534125667631
17.989,99.1652890226012,-25.2994059053071
17.9895,85.2846233848525,-47.912479266512
17.99,57.8219172272817,-60.9528854461224
17.9905,1.9888736338138,-63.3036090860152
17.991,-73.8940770178028,-61.8277970201092
17.9915,-154.045884473124,-57.9651654085392
17.992,-228.508328101517,-49.3169641268045
17.9925,-276.948749852731,-40.4235052550366
17.993,-270.135476346931,-40.312548254905
17.9935,-210.843025949314,-50.2006668870802
17.994,-146.878201051823,-61.4883412719505
17.9945,-116.183500371695,-64.6731021641005
17.995,-101.595778160709,-55.7890615282032
17.9955,-69.2104538154326,-38.7580529769366
17.996,-28.3526585701712,-25.8522350429108
17.9965,-14.4451564880219,-28.6239825594878
17.997,-26.7799378989551,-42.5186554341746
17.9975,-27.6755762839432,-48.2645228325882
17.998,-2.34340506439246,-34.2321291984764
17.9985,21.0076187765084,-7.81096959269084
17.999,17.4788810523662,21.0901158022185
17.9995,-3.53615152437209,53.7885106505031
18,-24.1953557695497,89.5078105549928
18.0005,-42.5716237156336,113.090176884853
18.001,-56.4366243778683,112.762243511343
18.0015,-52.3340337325227,100.718360276297
18.002,-30.6307696262773,99.7433808762505
18.0025,-16.7090759048218,116.658221343617
18.003,-24.6420546372675,143.194656559899
18.0035,-31.1551860519367,172.979937080622
18.004,-12.1796590438435,199.859057592027
18.0045,12.4534616161963,209.164750640734
18.005,3.29714994396808,193.085737061049
18.0055,-39.4375574356197,170.012979009151
18.006,-76.7367451517349,166.342420737433
18.0065,-90.8897064788539,180.013134733832
18.007,-107.035678459491,182.00368329071
18.0075,-141.670939565756,154.118580568804
18.008,-164.453995295483,107.837155258959
18.0085,-139.889307127765,67.3412520083594
18.009,-85.6680231644734,51.1225179250532
18.0095,-53.1271839953127,65.2947780078583
18.01,-53.7081584303908,92.5408159528325
18.0105,-39.0546101566274,91.0313183511198
18.011,35.6730815439894,31.4643127639641
18.0115,153.478831787077,-62.4824912249477
18.012,255.552662820575,-137.119409624759
18.0125,302.087051086504,-176.545171028098
18.013,296.748665754899,-219.268165965359
18.0135,265.425661062309,-297.864429371061
18.014,233.083318608966,-390.337502436963
18.0145,215.784595390414,-447.809137167506
18.015,212.888430976178,-448.381335767541
18.0155,204.172095134446,-406.926503635421
18.016,170.685153981478,-351.244942798654
18.0165,120.969059048934,-306.1929426905
18.017,81.428597652669,-284.16804045233
18.0175,58.0445501765646,-272.732336208805
18.018,25.748264314669,-244.761739196019
18.0185,-34.8754708644138,-195.308414629497
18.019,-104.895866733686,-152.386410745051
18.0195,-144.513949859151,-135.5622495396
18.02,-135.946861288561,-122.469173259319
18.0205,-97.8525652650435,-78.0261135029881
18.021,-61.4608444326486,-2.26993825420636
18.0215,-41.8589836758557,73.8121878568477
18.022,-32.0296005905632,127.996032032467
18.0225,-19.6940019028599,158.50138628714
18.023,-7.73887266698964,166.371716759208
18.0235,-13.1554981625288,152.836595935479
18.024,-40.3617007433831,129.607957206962
18.0245,-64.9544264289207,107.487342479576
18.025,-62.0258711993137,77.6198989045386
18.0255,-47.1090030826915,27.3687605305946
18.026,-63.0618209306594,-27.4773674938814
18.0265,-119.380731177082,-51.1745084774923
18.027,-171.317950415883,-30.3766269192007
18.0275,-174.853595086324,14.1691366634901
18.028,-137.830665578951,59.4045883005117
18.0285,-94.6909491764124,99.144152588879
18.029,-53.7868644217429,127.568509217093
18.0295,-1.44106505639126,130.865923176076
18.03,56.7999499753435,109.089967933185
18.0305,96.2038000061104,86.5090964318602
18.031,110.925252462772,84.3688040534526
18.0315,118.549434462329,96.4938015360795
18.032,124.655314346987,105.117085923156
18.0325,114.073649372391,108.775810648944
18.033,83.7065844665301,119.709991606651
18.0335,55.3394953346861,141.596433121366
18.034,45.7780783112452,164.447096219982
18.0345,48.4904976367303,178.855223822679
18.035,54.2879536904934,184.881777011701
18.0355,66.1283696068857,187.881430188648
18.036,82.3024625539872,192.245098851263
18.0365,88.2577639406397,198.223901374832
18.037,78.2291497804132,201.091068093832
18.0375,63.920725410372,195.247290237418
18.038,49.9835418557972,180.670523869054
18.0385,24.4991317966164,162.1515376095
18.039,-12.3042017245253,142.732343191197
18.0395,-36.9061535999052,123.562951482792
18.04,-40.847705411221,108.39102413351
18.0405,-54.0710425205719,98.2503687814321
18.041,-101.185131092628,81.3604572395623
18.0415,-154.720964142588,40.8840537768939
18.042,-165.902426361504,-22.5115719478722
18.0425,-130.625386444022,-86.6690389382727
18.043,-91.9410807442667,-132.180111669887
18.0435,-83.2972969788272,-160.139602601142
18.044,-100.987949891188,-179.282074840412
18.0445,-129.109771358711,-187.564135021666
18.045,-157.844270158448,-178.383617387654
18.0455,-173.563500110929,-157.435989363729
18.046,-162.569146910649,-140.110963893205
18.0465,-134.262633912519,-134.11780565782
18.047,-114.985893918568,-134.043816798528
18.0475,-109.177222260134,-131.666019129462
18.048,-90.5105365247973,-124.255756793038
18.0485,-42.6379159715592,-114.157703872562
18.049,14.3483669895191,-105.823762214477
18.0495,52.4024804224612,-100.711378429513
18.05,70.2718377673745,-90.8163772953586
18.0505,83.2164554306814,-63.6973436656624
18.051,95.1296369344131,-22.4056835448981
18.0515,100.287375393922,5.34327778056652
18.052,101.268913586416,-9.15620341606685
18.0525,105.462051694586,-62.3958787991086
18.053,109.40516495614,-119.597356848701
18.0535,103.150415176415,-150.757837023423
18.054,87.6716967500257,-156.496963621103
18.0545,74.8362766256704,-155.528711736064
18.055,71.220609412578,-157.502645291829
18.0555,71.8898251904564,-156.838842874298
18.056,69.1558775908538,-147.097677421422
18.0565,59.8602272334054,-130.107921528732
18.057,45.4014260846845,-110.031725084057
18.0575,30.4728008138794,-86.6613221845715
18.058,20.1678201440816,-58.7906294166944
18.0585,14.6854628322623,-29.4895372201959
18.059,9.73513514555057,-2.77342544297352
18.0595,3.65299844035703,22.8259308609655
18.06,-1.48310997643262,51.7424200943581
18.0605,-6.54574342144194,82.6675032614296
18.061,-14.3348780791508,108.474756702462
18.0615,-20.2591730363228,126.704711098804
18.062,-15.4330008321334,143.474008386621
18.0625,-2.09297431801065,161.724291737076
18.063,8.14864440933042,170.764436620404
18.0635,16.8007811310845,155.561803789108
18.064,42.0064093180033,115.095662490387
18.0645,88.8053310573265,64.4270748175921
18.065,133.131398582356,18.7834343911256
18.0655,151.727801159969,-17.6443100104048
18.066,153.634229225746,-46.802885114119
18.0665,162.524820073154,-68.6403464122
18.067,179.260009649739,-81.5022797877392
18.0675,183.325618330162,-85.6958772548933
18.068,162.208505333759,-82.9571548892742
18.0685,116.791705449339,-74.6542094297255
18.069,47.3744734465552,-61.6617351506763
18.0695,-36.6777483649747,-43.3077636283183
18.07,-98.6888475045396,-16.6546077615063
18.0705,-101.653385097521,19.2383331580383
18.071,-59.9132082243445,58.6224396187792
18.0715,-31.5679116332928,93.1442373599016
18.072,-47.2223889636994,120.274417848894
18.0725,-76.9695000593737,142.975581067337
18.073,-85.7097734245544,162.346417602314
18.0735,-89.6564901909597,176.971851084722
18.074,-126.98663678411,188.351885772787
18.0745,-192.697635588208,198.854287649233
18.075,-239.184935280262,204.370414499039
18.0755,-236.190575163262,197.983539984879
18.076,-199.364717703536,181.550576448557
18.0765,-158.646836590808,163.330917995351
18.077,-125.251809387382,142.364566388381
18.0775,-95.5610192695099,107.772935309637
18.078,-65.4048605799593,59.261742897643
18.0785,-31.5067775303941,16.2441102420977
18.079,5.45676444135139,-3.22623748025614
18.0795,32.4407560218463,-4.6600013155395
18.08,33.0517444390852,-8.91194592918569
18.0805,10.9212091471936,-28.0119809150049
18.081,-10.7208074911661,-57.982769341049
18.0815,-20.0932515041331,-89.4999450046
18.082,-32.5043517908601,-114.92625127587
18.0825,-64.5310634400708,-127.840883810694
18.083,-105.662002317315,-125.793056597604
18.0835,-129.380638488523,-113.728258026829
18.084,-124.209701742505,-98.5598905146174
18.0845,-100.647261914763,-81.5549030894026
18.085,-73.2050726436682,-60.8065006631519
18.0855,-48.6933174442375,-37.9160757223134
18.086,-28.7319792649984,-16.1743763757749
18.0865,-10.4444342506027,4.91511494570482
18.087,15.5368273637179,26.6608581546459
18.0875,56.5549221895735,44.3361461809917
18.088,105.00413254079,49.0881249651682
18.0885,141.524399456335,36.6759230358869
18.089,152.535893004382,12.0556656637117
18.0895,138.781775196043,-12.9148302393376
18.09,108.354056224359,-26.5682795141059
18.0905,71.3676057701746,-27.9811033190797
18.091,42.2967221494813,-30.2986170037367
18.0915,34.5715692525007,-44.4196555870148
18.092,44.9877464695431,-59.5466472101685
18.0925,52.627075564453,-55.3873229857824
18.093,44.425405893843,-38.3774683278751
18.0935,36.9254230720163,-45.411652922805
18.094,59.0418896534418,-96.8218167448947
18.0945,111.924507461958,-163.48921867322
18.095,158.992421334292,-202.37634258807
18.0955,163.396734838559,-210.938938416765
18.096,126.626563615906,-218.323429962594
18.0965,80.519227346681,-230.171884798279
18.097,49.0060950281133,-216.739744235973
18.0975,33.1944929548173,-162.088890749414
18.098,31.1080134374881,-94.7318281021199
18.0985,49.7267548977216,-53.7391628991239
18.099,86.6489181521027,-45.3000398322254
18.0995,117.31770588263,-49.1431715231577
18.1,120.366308911373,-50.9915794630171
18.1005,108.215487253811,-49.5306280562731
18.101,111.221669890802,-41.8932746115293
18.1015,130.817409104593,-21.8405505856064
18.102,127.921687207324,10.1835881268344
18.1025,65.8562547490327,48.2413101513675
18.103,-46.8192873313585,90.2697977739491
18.1035,-162.18856028415,137.032099711649
18.104,-232.732519609948,184.576121182133
18.1045,-243.120111580806,225.406583454768
18.105,-214.407853809542,254.025569248441
18.1055,-181.061583506579,266.042465398707
18.106,-155.073376583067,258.113489694582
18.1065,-115.217321182234,235.617722258578
18.107,-47.5940900588208,213.278484775629
18.1075,9.04237049013367,199.439239434092
18.108,-8.19743252058757,185.722655977625
18.1085,-100.931314776041,160.830434277601
18.109,-186.494526026006,127.913675274482
18.1095,-186.963510980199,98.4813195331072
18.11,-116.426022108195,76.1042039123091
18.1105,-49.0290837075369,58.2375468072461
18.111,-23.7969133901312,48.0707678577986
18.1115,-22.6451243432348,49.5364236756122
18.112,-25.9740962406345,52.8957981749109
18.1125,-34.7127715005285,40.1448613221122
18.113,-33.3945724501808,5.3648974430698
18.1135,13.6709712093545,-42.7432907135987
18.114,105.178952006335,-97.6219404148945
18.1145,181.608243136884,-158.633018564726
18.115,190.463921828669,-215.979143916515
18.1155,145.047816418826,-248.917264129147
18.116,92.6666838465472,-247.363050222467
18.1165,52.3415867150736,-223.130723663311
18.117,15.8087398922538,-191.806713857831
18.1175,-12.9797493766344,-155.46988514176
18.118,-19.4588526191495,-113.237010642826
18.1185,-10.9744409651809,-76.7959953885781
18.119,-12.4087486992816,-59.7676666760137
18.1195,-29.3143382496735,-56.9154071576365
18.12,-42.0890855867656,-48.7580448297447
18.1205,-36.9878270023719,-25.7717833889894
18.121,-19.8073484398346,4.12496614905808
18.1215,0.825642712028385,31.4583436918753
18.122,21.19333652539,55.5774832320818
18.1225,32.3501577257269,76.819438719558
18.123,23.3883439664494,90.3424317752995
18.1235,-1.41712177159512,93.2822106721085
18.124,-24.7314410594081,89.228588056523
18.1245,-36.4076546863478,80.2819574162676
18.125,-37.8252114400568,63.0514377404168
18.1255,-30.591776545353,38.736789069728
18.126,-19.2447123016544,18.4775890424689
18.1265,-20.0229460272791,9.64269348058323
18.127,-43.5339778547293,4.18276194052812
18.1275,-70.4757841150042,-7.49688592019061
18.128,-70.2448523571125,-16.3987571985327
18.1285,-45.2297783844341,-4.50914136516837
18.129,-29.1833260427037,25.1986589702262
18.1295,-35.9542752628969,45.4806558095882
18.13,-38.7762478847878,38.9680775317138
18.1305,-12.4186047589758,21.1604614147213
18.131,31.5068694262078,16.5756660066554
18.1315,69.0023739172046,22.3115846307118
18.132,99.4419486883913,13.1657577999929
18.1325,133.420793756906,-19.2618531252637
18.133,161.447748427417,-50.5680358044704
18.1335,160.559496510855,-52.4792102795947
18.134,125.760687682969,-25.4473745716237
18.1345,75.5150855180083,5.86610119776977
18.135,30.4585208907572,21.4294415279261
18.1355,1.67067822199493,20.8248483208026
18.136,-6.56983343662592,13.9029001064805
18.1365,0.399601281072322,6.71334094504213
18.137,4.66503702619725,-1.1622679239111
18.1375,-9.52992429458583,-10.0455676716683
18.138,-37.7824376079525,-14.6998895718037
18.1385,-61.5462853591611,-7.90121529164398
18.139,-69.7558811785232,8.52193091784961
18.1395,-67.0635855764388,19.6856105129835
18.14,-66.1944487583161,12.5106625117479
18.1405,-80.2202187568365,-5.23487969787229
18.141,-113.815440287543,-10.9079358526218
18.1415,-150.083120508339,3.72512015980199
18.142,-153.985638056064,19.9008554193598
18.1425,-105.098642890148,17.1890053393639
18.143,-24.715752582779,1.69670157989966
18.1435,42.8109710635195,-4.33763473698159
18.144,73.4547448794971,5.01149020762213
18.1445,76.3228235259762,13.7541557758039
18.145,68.4906801957847,10.001927997448
18.1455,55.6054581891895,1.00491211072425
18.146,39.4804756207312,-1.56895371788779
18.1465,27.4309041077987,3.51339207096513
18.147,24.9363061446409,13.0980508958663
18.1475,28.0572929027151,26.1537913902023
18.148,29.9508880667096,34.8479439403249
18.1485,29.4213625258367,22.7597583658039
18.149,29.5402624837296,-13.6203530022061
18.1495,32.9220275574231,-50.6710261684261
18.15,39.5188530217624,-60.8815153510244
18.1505,43.0541954818886,-45.285766728995
18.151,30.6937577655218,-27.2027053149637
18.1515,-3.33826306467029,-17.9528002735868
18.152,-41.9674297026434,-7.87248447320409
18.1525,-55.467508940133,8.57242025142165
18.153,-34.5315006357326,20.9221420839882
18.1535,-2.89218404991204,23.9464973670556
18.154,13.5780638149346,29.7394379879039
18.1545,22.4299839158528,42.200866538594
18.155,53.6265584983422,34.9353827300436
18.1555,113.2001815422,-21.918120033743
18.156,164.448970094835,-117.047962982051
18.1565,165.460837929447,-201.927663944307
18.157,116.706472290087,-242.119877790821
18.1575,58.8870488735193,-246.548309294578
18.158,26.6409242401101,-240.335888830925
18.1585,17.9198326662902,-227.668292465317
18.159,11.1970752384988,-196.164505046514
18.1595,-1.7318454416841,-146.162545919049
18.16,-11.0071455356544,-96.4564133795615
18.1605,-9.34965585656419,-61.6821915703943
18.161,-5.43302155110329,-37.9335781782319
18.1615,-16.4199869060176,-13.1774582212906
18.162,-50.941697332954,18.6873427360743
18.1625,-95.0652504373593,57.4912428495691
18.163,-113.70065320515,100.856196314506
18.1635,-80.0284866646645,142.785400694744
18.164,-14.3772454174053,175.166486961199
18.1645,20.9979963780338,197.334428183368
18.165,-13.9642901114472,219.080104765916
18.1655,-87.2134761703139,246.696960950899
18.166,-131.482389741132,269.294649823529
18.1665,-124.080169553947,267.610181219602
18.167,-101.894110409026,236.555620202495
18.1675,-100.042339866226,191.864807432299
18.168,-111.027766334719,153.231332337004
18.1685,-112.837281470179,127.831654538895
18.169,-102.200335134562,112.820474321428
18.1695,-82.3997073047953,105.739880229476
18.17,-49.3240974717271,104.786789899159
18.1705,-12.6539512862538,102.619858627822
18.171,-3.00891143336414,88.9356954785806
18.1715,-29.699792471371,61.0866931727292
18.172,-54.0893302128017,27.5326694533312
18.1725,-36.0932824517425,-0.510467925313892
18.173,10.2676228447284,-17.0519832792635
18.1735,37.9011265718016,-20.101352257457
18.174,26.1813178859899,-7.83651389376681
18.1745,-11.6880448794391,18.5681766992255
18.175,-60.4970748513178,48.3277162295573
18.1755,-101.29131014423,61.7450234487333
18.176,-94.0321064198961,43.2131784123775
18.1765,-14.1164586661514,-2.74318249379926
18.177,94.712512864571,-50.8193561296356
18.1775,154.534634973653,-78.2047635912067
18.178,149.380374249199,-91.6007400241643
18.1785,141.512851187933,-122.318419956337
18.179,178.870003624901,-185.640205677906
18.1795,232.019215790271,-252.36297607546
18.18,243.472818304026,-276.075885579472
18.1805,196.226156593238,-247.448625037801
18.181,106.3573727497,-203.668986445446
18.1815,-10.6150593846311,-179.895580975725
18.182,-128.112654832826,-171.670499249411
18.1825,-196.482757134473,-157.601474693082
18.183,-188.588572072772,-138.495052934169
18.1835,-140.491318469464,-129.772216529632
18.184,-106.800884200683,-127.356393310781
18.1845,-88.483918191781,-111.545609102389
18.185,-44.4375433025828,-82.9520110746523
18.1855,34.6501049202002,-63.1152168831457
18.186,107.741451793337,-52.8373333994547
18.1865,141.367142133083,-22.2801521895749
18.187,147.541167408883,40.4066547868952
18.1875,152.94285176876,100.336674632291
18.188,161.120937442833,123.636392558239
18.1885,161.134565026717,131.082235912912
18.189,151.515174108479,166.042067366535
18.1895,137.576880477619,219.090806282608
18.19,117.002826630821,228.068337832251
18.1905,83.3135571125801,160.540091485187
18.191,39.8108776662911,58.4750301551993
18.1915,1.55221132506592,-17.1181809231831
18.192,-17.0992610274057,-55.4357801000445
18.1925,-17.1390709722017,-84.4913291026337
18.193,-18.0295852000351,-114.206586688164
18.1935,-39.9498215550538,-125.341709559718
18.194,-78.489758108225,-107.209809212917
18.1945,-106.330859641743,-73.9986995745846
18.195,-107.834988539914,-40.1098862812197
18.1955,-99.9594650500149,-4.7988046176103
18.196,-106.270509682846,30.4438972124479
18.1965,-122.962956485596,50.3765517123338
18.197,-128.989551474584,45.5081890757147
18.1975,-119.867973878634,30.0383174432348
18.198,-109.521168382183,26.7491377475778
18.1985,-104.559830560173,41.3680016230119
18.199,-99.3949297205398,63.0919679631103
18.1995,-93.5232908304012,84.6515966295514
18.2,-90.780337491036,109.442423548782
18.2005,-83.1461450773688,139.611096748575
18.201,-58.9232785865301,166.977577180599
18.2015,-27.0533083641865,178.678375489151
18.202,-9.09951066382261,167.928179144996
18.2025,-5.94368527158181,139.161752287811
18.203,1.26428820499548,105.556102060828
18.2035,13.6764025250117,79.5143147844437
18.204,8.0456206338185,61.2680771995984
18.2045,-22.4090905914686,38.7523156001799
18.205,-48.6524965044036,3.80435684898538
18.2055,-42.9606949373127,-33.629295303158
18.206,-11.7281102444582,-54.9666408765913
18.2065,24.9828816593669,-57.1394876685962
18.207,62.8396071636103,-58.5678723239349
18.2075,101.486746093152,-76.1086847309803
18.208,125.150008126719,-102.924149748804
18.2085,122.27456898353,-117.964887322551
18.209,111.560840716073,-114.572360501713
18.2095,121.144259198455,-108.654371468875
18.21,146.994451889325,-115.039428695582
18.2105,154.706314065303,-125.206121942753
18.211,121.297587056006,-117.809939636075
18.2115,58.8023092769606,-87.5382005901105
18.212,-0.515808646533751,-52.6269169709109
18.2125,-28.8328648395205,-32.0110076611031
18.213,-19.9105291462636,-24.7659456629686
18.2135,2.19922005050589,-18.1939157231277
18.214,-1.1081580074617,-8.93507908948108
18.2145,-40.4514755013925,-6.06781012180859
18.215,-78.5482383461032,-14.7539098089504
18.2155,-73.362841765416,-25.9854360460633
18.216,-35.0938518306636,-25.6621859852364
18.2165,-14.6824021778063,-9.14885364024853
18.217,-36.198387672122,15.721577606404
18.2175,-69.0075301438433,37.2930455721603
18.218,-75.0537838501697,50.0209421368594
18.2185,-56.6464362008729,57.3212409018583
18.219,-39.6701950090377,64.9419715560125
18.2195,-29.695964254169,71.5411166544833
18.22,-10.4129335362147,69.6813484504415
18.2205,20.9366754219913,58.9333028706996
18.221,41.2640740222582,51.8777984883539
18.2215,31.4346509559135,59.3740681437814
18.222,3.98060599109193,74.5110863061562
18.2225,-10.0428313526393,82.0300943717571
18.223,2.53356943512948,80.5223174104021
18.2235,23.5650909459575,80.7250707527658
18.224,28.513521850887,82.2708336804187
18.2245,16.7219969334983,71.5973756227292
18.225,8.18978091774988,49.2746372898169
18.2255,12.6901077715373,37.3470247551182
18.226,14.571936468533,42.783666041769
18.2265,-5.42113439845489,32.3196142406252
18.227,-41.8879505645567,-29.4803424883519
18.2275,-68.3811404072394,-124.893959933605
18.228,-66.2881137238362,-194.231218219171
18.2285,-42.3004181806913,-203.456560244165
18.229,-18.8581095099837,-174.589147195401
18.2295,-13.0857299668724,-143.733829408945
18.23,-22.4222767259959,-117.426416789629
18.2305,-25.4207356014187,-85.865906228682
18.231,-0.699484114977269,-54.2413116703336
18.2315,47.9812436898258,-34.6278078860412
18.232,88.9736712769323,-19.1649273744962
18.2325,92.1424691814711,12.2335078994354
18.233,58.4100971173107,60.2731634404486
18.2335,15.4827534786793,103.951348598638
18.234,-8.88974348563714,130.247315830898
18.2345,-2.62419118066448,147.214747909277
18.235,30.5353542909072,164.41865272116
18.2355,71.4589976786957,177.085342403702
18.236,92.6455611433449,175.344770611796
18.2365,82.4883086764541,155.79874865765
18.237,61.0663763639556,117.988272374249
18.2375,55.2904764364214,61.178776378846
18.238,58.9148342626761,-8.3654973618701
18.2385,36.146381815598,-75.7368390817643
18.239,-30.2270149754793,-128.64488548623
18.2395,-110.640239539718,-163.490065658862
18.24,-155.678257620128,-179.035325486717
18.2405,-138.703490940308,-175.684048760926
18.241,-67.8302960622967,-164.159307427798
18.2415,26.7017914047371,-160.292227664305
18.242,105.114501353314,-163.16583399941
18.2425,131.939490670514,-151.097583873713
18.243,96.6184868559061,-108.241251102446
18.2435,22.5973244790571,-42.3302793148575
18.244,-49.8555620650542,33.0992472006922
18.2445,-90.5136969145295,115.881701749422
18.245,-92.7789256784103,196.826784245736
18.2455,-72.7228486960522,242.256573819432
18.246,-58.8824256769054,225.80385222549
18.2465,-71.174661364489,172.472931702949
18.247,-100.559946793312,137.877050544441
18.2475,-115.775254545531,136.794499382102
18.248,-97.1815137698052,121.833913028416
18.2485,-58.8827277142549,48.1449467320033
18.249,-32.4120445199235,-64.8406985365972
18.2495,-34.1177425986886,-157.157001687707
18.25,-52.5942572586187,-196.207891496114
18.2505,-61.8802193777672,-196.77405229148
18.251,-43.1710582161558,-184.845445548466
18.2515,0.263601745617905,-170.339935714229
18.252,46.8391927731602,-155.968230013838
18.2525,81.2735417026848,-147.600789654838
18.253,114.106206332588,-146.156647675129
18.2535,164.106627554195,-144.495874968376
18.254,219.614736719195,-140.154247065979
18.2545,234.58769439504,-138.357125834143
18.255,174.403791793466,-135.324437375363
18.2555,56.9462562581316,-112.54514055802
18.256,-59.8833816565218,-59.6102269083296
18.2565,-125.425051415239,6.99541193595852
18.257,-129.694805499679,61.627297531661
18.2575,-102.762334112971,100.409418417944
18.258,-85.6172060882937,140.001239007837
18.2585,-89.1144070820747,186.99535717493
18.259,-78.929666844463,223.836249471577
18.2595,-17.2086661200786,230.632943241851
18.26,79.3170424434963,210.077050521447
18.2605,147.058248277762,181.945223634336
18.261,149.262634525727,158.652836972382
18.2615,114.048831941554,135.521752691667
18.262,84.5160066783736,103.52337170259
18.2625,63.3658545371912,62.7566426235637
18.263,34.2456004848115,21.1356161509625
18.2635,8.12784334189836,-13.388892577318
18.264,6.97820522015591,-34.72281210371
18.2645,17.1401732250032,-37.776100736808
18.265,2.70448184937419,-23.0545830683621
18.2655,-38.9419174818406,-1.2851638186224
18.266,-74.621274410252,13.806178896935
18.2665,-88.8796813772133,20.1096813044567
18.267,-101.838758415949,29.3487273684488
18.2675,-127.897311071632,50.6881999760637
18.268,-152.080235607427,76.4733766901727
18.2685,-157.588042859595,90.5558488234324
18.269,-146.043797057171,88.7516452804168
18.2695,-120.309935299706,82.9175136640956
18.27,-77.1033355126117,82.3799412637372
18.2705,-27.4449410520573,78.529686803357
18.271,6.2575278086316,55.0176078606025
18.2715,26.9562940411852,11.3499114252837
18.272,65.7633279350418,-31.4007787668956
18.2725,130.632723190672,-52.1376297015281
18.273,182.539837937521,-52.9470513817419
18.2735,185.776311812794,-54.8214570232207
18.274,156.027450143177,-70.3852932377792
18.2745,132.633942082437,-87.8720126248286
18.275,124.505267353945,-87.1984975805337
18.2755,110.627253496087,-66.8700435557829
18.276,77.0534762347393,-45.3311527391552
18.2765,26.3447494449985,-35.5772858358038
18.277,-35.9280855612462,-29.5523837236729
18.2775,-97.4770695431037,-13.8390270457325
18.278,-132.867851986325,8.39271826320573
18.2785,-126.382203846615,22.2242662631985
18.279,-94.3898760856795,23.4668199267279
18.2795,-64.5601841173325,23.4597358283549
18.28,-42.5983111138677,30.3984413994366
18.2805,-19.7712111255091,37.699210420041
18.281,-0.123928781249495,36.3147230869807
18.2815,5.66852880420948,29.618987742853
18.282,3.99099316789796,27.4277538296609
18.2825,8.87447536391387,28.7641846301077
18.283,15.0767938974055,18.2459316881996
18.2835,6.47184031453781,-19.115090523077
18.284,-13.4241271071733,-81.4205352563431
18.2845,-24.9879832013738,-147.575448839073
18.285,-23.5410117709842,-192.184941230038
18.2855,-22.4083288536977,-207.288880939573
18.286,-27.4949920842277,-210.338033760176
18.2865,-32.235305698815,-225.265724257059
18.287,-34.1830393955351,-253.829579251007
18.2875,-32.310884458549,-272.395222089924
18.288,-13.3743869517951,-260.609584438637
18.2885,29.4919451962103,-225.147806874308
18.289,66.9864693619619,-187.771359091219
18.2895,56.0844512424372,-157.119646580237
18.29,-1.81431702862333,-124.184732635241
18.2905,-54.4115476066923,-83.2561447351229
18.291,-58.3145803556314,-43.5994553548661
18.2915,-20.5679533040935,-15.2881382010651
18.292,24.2752131101685,7.70982286723225
18.2925,50.7636286394668,42.4216465591374
18.293,49.2427711673573,97.0959628400785
18.2935,24.60841742215,160.91562834829
18.294,-0.908511073067791,212.255799380836
18.2945,-8.28030125080907,234.838138710081
18.295,-11.7213374202906,228.243749011436
18.2955,-39.9419711464661,207.316130493696
18.296,-81.8093472503457,192.368469768785
18.2965,-87.8464363956667,196.197273252121
18.297,-40.390783464366,215.661388987685
18.2975,16.7037662028473,234.427789998643
18.298,41.6238241210027,237.125751725685
18.2985,49.975960920551,223.525344154679
18.299,74.5014324333664,205.906248062609
18.2995,103.567675538206,189.253196901939
18.3,102.587277532589,160.208974755286
18.3005,74.5605738210491,105.8706589097
18.301,54.0816060940613,40.6513942815719
18.3015,51.9376317875823,-1.31773062445809
18.302,47.1327938779792,-5.89449046428417
18.3025,29.050912494549,3.2126551969447
18.303,9.81238119242801,-3.90792278641957
18.3035,-3.35782629272548,-26.6578556234618
18.304,-12.9035677933495,-42.7335139443489
18.3045,-8.85832427716345,-42.3599096615065
18.305,22.6809024130157,-34.0828133260488
18.3055,66.0007621732587,-22.1036990604609
18.306,84.0406269618017,-0.816438668558137
18.3065,65.4728367510568,25.5342121395108
18.307,32.6015521868718,38.4510129991623
18.3075,-1.09767771369676,28.5336188382059
18.308,-44.5812291708669,7.87657748865597
18.3085,-90.2952395841861,-8.97144046055327
18.309,-101.765891988991,-22.7438255761266
18.3095,-65.2395270675114,-39.3936959909012
18.31,-24.6147445653479,-55.1994158362769
18.3105,-33.9188870439372,-62.9473854819746
18.311,-90.1303378917582,-63.873407787128
18.3115,-139.63748796865,-64.3108778546166
18.312,-142.605697236499,-68.8361626427966
18.3125,-108.260026233982,-83.3821400037634
18.313,-70.3340357210894,-113.138296538646
18.3135,-46.9158199686629,-148.088231519026
18.314,-28.1529942406633,-163.891060791051
18.3145,3.93756546122015,-150.337820333031
18.315,46.0834026468691,-127.654791123574
18.3155,69.9239830885248,-120.397274447802
18.316,59.3077163414156,-126.732471900553
18.3165,44.961975151953,-130.140179915692
18.317,74.7944484721115,-128.720671063122
18.3175,143.29660014899,-129.483050937414
18.318,181.257081468611,-122.317056535442
18.3185,135.212922112012,-88.9699463330524
18.319,31.8089744298442,-38.4751509545526
18.3195,-61.6024798521544,-5.20221246414914
18.32,-116.754466241873,-3.92427963021106
18.3205,-151.849787538832,-11.3931337122906
18.321,-178.599297956852,-3.5520260436463
18.3215,-187.143623401283,11.8672415521282
18.322,-181.129663434442,15.7358177549781
18.3225,-181.903952954143,11.3903772345068
18.323,-184.413027784268,17.7210670687885
18.3235,-147.22257491752,40.006131389887
18.324,-50.585913222408,67.3052021391591
18.3245,62.1801934709297,92.2282323701773
18.325,129.515229825368,115.225562568147
18.3255,142.672102416553,132.453971685438
18.326,145.353318087452,136.034077352681
18.3265,170.329295936844,127.327026822088
18.327,202.446307073766,117.888611694344
18.3275,205.803660363236,115.746187458004
18.328,166.90327693573,118.794094621396
18.3285,103.762265851134,120.774058719963
18.329,45.3484232879163,116.11714992167
18.3295,10.3258240224342,101.089366422708
18.33,-0.62954866155061,78.2617280789815
18.3305,0.248326285523839,57.5313516234086
18.331,-0.77342446397132,44.8502069480186
18.3315,-10.9534100448214,33.2028152774096
18.332,-30.6152006240386,13.4911762163276
18.3325,-53.5872040877917,-9.53529866689123
18.333,-66.5001746018721,-23.0638735195619
18.3335,-56.8512306865242,-25.2952926350743
18.334,-28.6686648834959,-26.6846547532588
18.3345,-2.79055321745004,-32.8666163408022
18.335,7.16033752790144,-38.8701652130814
18.3355,12.093774236408,-41.7273088495032
18.336,29.6924118266172,-46.4308796228166
18.3365,56.2143114826595,-55.3988969649218
18.337,71.911089892611,-62.6101732369313
18.3375,71.4176337264677,-63.2470674566481
18.338,69.1781665070653,-60.4174523682143
18.3385,71.3168259642335,-57.3963208685478
18.339,62.2816358319624,-51.2727730651046
18.3395,30.1593163093369,-39.6733657337803
18.34,-11.1153606557893,-26.8111322364153
18.3405,-39.4354183032306,-17.6035515105564
18.341,-51.7279357242486,-12.0246856044281
18.3415,-56.8228931923364,-9.94566384762526
18.342,-52.6366676732441,-14.6591648622488
18.3425,-33.5535088810325,-25.8237952606512
18.343,-15.5200718561196,-35.3931803958592
18.3435,-25.8301835536986,-37.4552261030765
18.344,-61.2609224515595,-36.8769202892382
18.3445,-81.4141734632849,-40.9206177068361
18.345,-59.2061683430321,-46.5919922358699
18.3455,-19.2850587056388,-44.2246093039684
18.346,-5.92341126373439,-31.0442612852356
18.3465,-25.6909265925218,-13.7026793918253
18.347,-46.9541473366576,1.18243302507557
18.3475,-50.8367396408766,12.1241611020063
18.348,-53.731197449743,19.4107357598549
18.3485,-72.2793956577269,23.6578890361967
18.349,-91.5145626240556,28.1129052097665
18.3495,-85.3784640731201,36.1849497359183
18.35,-53.4151438272512,45.2995878918193
18.3505,-17.175109161196,48.4370953944167
18.351,11.4023741666047,43.8178386207091
18.3515,37.4764774187375,38.8556427268261
18.352,62.1265125685349,41.8349587857034
18.3525,74.7824337003281,52.2768210837982
18.353,71.0715428388959,61.8523475785525
18.3535,61.0300287758886,63.1790049837737
18.354,52.623960075373,55.7333966218592
18.3545,42.0798601018844,43.9365981755817
18.355,28.8991900030894,31.411413322026
18.3555,24.8492523974467,18.2240031286864
18.356,34.8532791736229,3.81306885325347
18.3565,42.3159593143126,-8.79701234774991
18.357,30.7832924784298,-14.1417828367867
18.3575,10.4510320696161,-10.2415068857502
18.358,2.85795552914132,-1.10913291207228
18.3585,5.19503913614717,8.03265755040229
18.359,-6.81689319355128,16.0895662910375
18.3595,-40.8335530840982,25.0106435911918
18.36,-76.7087455798361,35.2817894578141
18.3605,-98.0259350911728,44.7665506277434
18.361,-110.702410772144,51.0508264540478
18.3615,-120.430505794113,53.228772429933
18.362,-115.588999238645,51.9827225113009
18.3625,-89.3333465294041,48.3133238073384
18.363,-58.6116896331301,40.3411049536909
18.3635,-40.1039097738877,21.3125453627499
18.364,-23.0133696358945,-15.0710722324452
18.3645,10.1782391924694,-64.782896955288
18.365,47.7293792060208,-112.365146945792
18.3655,60.6504589927433,-143.413446152217
18.366,45.1226214255198,-156.344384467185
18.3665,26.3638357202831,-159.414981174342
18.367,22.2774552276121,-159.577867376172
18.3675,29.9448092807361,-158.218763648361
18.368,48.7323943252026,-154.188234040686
18.3685,87.0841033719767,-144.712901046346
18.369,137.945372851298,-124.751452240542
18.3695,174.043697187599,-91.7936898101113
18.37,180.986303925962,-51.4785271237383
18.3705,174.043024648282,-13.335322012466
18.371,169.434065719751,18.8337981408962
18.3715,159.450497845621,47.0607831026761
18.372,130.139657056689,70.6975699853521
18.3725,83.5752469270921,85.545867184721
18.373,26.6493220616928,92.9761224663702
18.3735,-41.4390022908151,101.597682878044
18.374,-110.272848517436,115.145173053331
18.3745,-147.098529848047,125.132148330538
18.375,-132.180080690189,121.494194396004
18.3755,-92.6177297456187,105.58047959888
18.376,-72.8879152739693,85.8374941713972
18.3765,-79.755256716094,64.7226826969753
18.377,-84.0582472226434,38.7581602318239
18.3775,-70.6432140665304,10.3658588340944
18.378,-54.803154421395,-10.1011300864644
18.3785,-48.5888188523586,-17.2023203991249
18.379,-42.188168659631,-17.9328294651044
18.3795,-26.1302880212635,-21.5564637554775
18.38,-4.68369235909951,-27.3233417698222
18.3805,22.2432699214819,-28.656696027036
18.381,63.7077275071734,-26.2822673209911
18.3815,110.200722700519,-29.081817289575
18.382,126.398675457228,-40.8695290439023
18.3825,91.7848233194175,-52.9952915690223
18.383,30.9374612493546,-53.859565774699
18.3835,-16.9586004397817,-41.6652759906324
18.384,-44.1117516852033,-23.376823298335
18.3845,-67.9479532864482,-4.12702217916752
18.385,-91.9310736126526,16.1088572188927
18.3855,-100.79261809415,35.5190968167331
18.386,-92.6335417416112,46.8343473833839
18.3865,-88.7816068284476,44.4539043461424
18.387,-103.259817577005,31.7709244220298
18.3875,-120.573835844276,17.4854711669123
18.388,-115.204606268378,6.4576715842708
18.3885,-82.8154021985141,-2.08799418353788
18.389,-41.7723871596278,-8.48161726351466
18.3895,-9.27889952141769,-9.21817352849777
18.39,14.4343558356993,-0.758507155345674
18.3905,38.2442653850218,15.9041716534073
18.391,62.5128332889116,35.5434979445167
18.3915,73.7473766616918,52.0007375926646
18.392,58.8836814383696,61.1474495204911
18.3925,23.5665943074876,62.83155441437
18.393,-9.1602494504228,60.435322561611
18.3935,-21.0123406117258,56.5940205754045
18.394,-14.2849659725147,49.2967198918753
18.3945,-2.10161054621699,35.0322467538433
18.395,9.53547507597036,16.4234295080272
18.3955,21.4466107330933,3.00702350022538
18.396,29.2177772358857,1.67132254708673
18.3965,24.9274286713074,8.63418993746575
18.397,10.8699870742058,14.0381311575503
18.3975,-1.00818200791534,12.9429175501057
18.398,-6.10049548024293,8.22641948504686
18.3985,-11.259270114907,3.64347664917649
18.399,-16.8367503435698,-0.905689183360846
18.3995,-8.28386247734034,-5.38107560144678
18.4,22.8649921229079,-5.26705483896276
18.4005,60.0218084292563,3.97070924241216
18.401,79.8878755140968,18.8522750691871
18.4015,85.2865556831488,28.837784804056
18.402,101.35771859743,27.4296742618952
18.4025,136.94152911841,20.0320801676262
18.403,167.116841291129,17.9141024626816
18.4035,161.139753113111,24.5259793759591
18.404,112.591483963709,29.7796291228179
18.4045,33.6325870215058,18.7676120223002
18.405,-60.8974079707916,-13.975981732498
18.4055,-144.68448265584,-58.1393957175917
18.406,-173.025453496723,-94.5946756220765
18.4065,-119.320047064532,-109.892505466764
18.407,-20.3492922189401,-106.205242451154
18.4075,45.8185605441566,-97.3293672525749
18.408,40.381336756079,-94.1456480537296
18.4085,0.515705212628411,-95.6724714174757
18.409,-17.0960949447923,-96.7006822237074
18.4095,-5.48385044954892,-100.92529992251
18.41,1.08413722940169,-118.698842751707
18.4105,-15.7057332998529,-149.654614909815
18.411,-40.6549281488762,-175.18026720901
18.4115,-56.6253515074143,-175.237473486149
18.412,-62.3149910088464,-149.880183143498
18.4125,-56.6286992527734,-117.890588766304
18.413,-32.4867057130559,-95.5030309625362
18.4135,5.22435410717284,-82.2946135582195
18.414,35.4052545718676,-67.0739265947744
18.4145,43.7245437496987,-40.9047353780105
18.415,35.8815008433154,-3.45280147808886
18.4155,23.1849001248986,37.0452011166498
18.416,10.5423239074995,67.6219353816861
18.4165,3.45164772138034,79.7284011639013
18.417,9.02652063995377,77.8418413550733
18.4175,21.6735583082464,75.4418619000249
18.418,23.6217645720997,80.7113441540749
18.4185,9.07845960460191,90.7739186381567
18.419,-6.40519963637859,101.458863752046
18.4195,-9.61302161835187,115.22576711725
18.42,-8.08532510865284,133.751402937858
18.4205,-14.861079989871,148.631393518487
18.421,-29.076951273743,148.110126867272
18.4215,-42.8813455462225,131.434521557188
18.422,-54.1383407063193,109.344104738546
18.4225,-60.6512376428667,90.7264965001467
18.423,-55.2921389728814,75.384162857961
18.4235,-39.6085587506377,60.4770324835055
18.424,-29.1180324891481,47.3382085442879
18.4245,-31.3573422290447,39.0317420712738
18.425,-31.3958041104617,35.639611018338
18.4255,-13.6434177021287,35.0228065312328
18.426,14.639476911142,35.5656454999224
18.4265,36.9284327180501,36.0888591356942
18.427,51.112209702216,35.330658911028
18.4275,61.9416716886538,33.2665646129739
18.428,62.7415785968003,31.4049533302213
18.4285,45.1279335414089,31.1723138428951
18.429,16.8679264225551,33.7624306402474
18.4295,-9.85396425041704,40.9441198349579
18.43,-37.5135716791422,52.4469978134477
18.4305,-69.8768379737576,62.4906739906987
18.431,-91.9416463307734,63.6567552398959
18.4315,-88.6866688215776,56.0486738392382
18.432,-73.4194882728493,48.411922695133
18.4325,-68.9563464153956,47.66384552793
18.433,-69.3627679132579,51.2635419886258
18.4335,-52.51755251406,53.0076361687466
18.434,-23.3919626798617,52.2174655343534
18.4345,-5.83022862723818,52.6280474569455
18.435,7.70351012794796,55.471228302825
18.4355,52.7381029792533,59.1254407646241
18.436,127.21524421746,62.7884830153214
18.4365,173.291504672668,62.8625256971823
18.437,150.276422966121,46.2563183204469
18.4375,92.6848010951352,-2.75067243570011
18.438,65.3446744570503,-83.09564601594
18.4385,83.4081984984695,-170.274783572771
18.439,106.383961093583,-237.38759506255
18.4395,95.6499376647705,-281.731048384595
18.44,50.1818332608099,-322.651300186109
18.4405,-4.76765138948221,-370.817896867519
18.441,-40.9811305724796,-407.126807333271
18.4415,-45.9212559530712,-399.538131547385
18.442,-34.9398260240758,-338.778189227645
18.4425,-35.7955188616292,-249.902049898668
18.443,-48.7800401976387,-167.415548100452
18.4435,-40.1476272373957,-106.153199589647
18.444,6.54024005203933,-60.3082284016372
18.4445,53.6644749455132,-22.7413024169272
18.445,52.2187072891189,6.00548598921149
18.4455,5.70797731154076,26.9932244316157
18.446,-40.9472519226547,50.0378226048997
18.4465,-65.8354009356233,85.8055532773485
18.447,-86.0926802104878,135.100477327016
18.4475,-110.913427760997,188.89672203557
18.448,-117.492535227128,234.231177485996
18.4485,-86.4270883548619,257.703391511889
18.449,-32.6986174339684,250.516606470596
18.4495,14.2712142954598,217.017259312554
18.45,41.5035926577884,174.390680220371
18.4505,50.1660884718498,137.316199315382
18.451,40.777564636471,105.560224740811
18.4515,17.214130122681,72.2631064446482
18.452,-5.70503224273228,39.7934808004453
18.4525,-13.5473218842832,18.0130567398705
18.453,-6.66223895456418,8.7855904699047
18.4535,4.43729576483666,3.0051709236134
18.454,12.2358176697199,-5.37989703214314
18.4545,15.2514656994363,-12.1266032418796
18.455,14.7019038223434,-12.9313476139253
18.4555,13.6812551197609,-11.9659073424406
18.456,14.8031254864394,-14.5637910973354
18.4565,16.0259865806922,-18.2810727676495
18.457,13.9733308933204,-17.7729662434903
18.4575,11.1343685205552,-13.6847502066616
18.458,12.1811448936299,-10.18418709311
18.4585,14.3634062962029,-7.09009504481933
18.459,11.6376984100326,-0.820146896499033
18.4595,7.15619158702986,8.58001554388119
18.46,8.90592425211063,16.3855876524389
18.4605,12.800818072194,17.9821558405475
18.461,5.41933780252037,11.4075658802803
18.4615,-13.0139740095934,-2.41727298249023
18.462,-24.2725700774583,-18.4940822515032
18.4625,-17.7747328751273,-29.7781375673269
18.463,-6.25128212701187,-34.4400917993415
18.4635,-6.26444223514573,-38.2836354951694
18.464,-15.0292388972515,-46.080237672532
18.4645,-17.6739597659347,-54.0491503245979
18.465,-8.67558699857526,-55.6044173293221
18.4655,4.92468803850451,-50.8187322005165
18.466,15.4791860829677,-44.4798532159909
18.4665,20.1935424370686,-38.1158356709672
18.467,18.9882768270709,-30.4654043319673
18.4675,14.6784641104856,-23.1637007348522
18.468,11.9334011468879,-18.8357357437107
18.4685,10.8822017563011,-15.1151343647491
18.469,6.0687068761085,-7.19298849843767
18.4695,-4.13150187011813,5.16691614930017
18.47,-12.0345923350771,19.4247443718404
18.4705,-8.03431627647272,36.4773549806704
18.471,10.7981627353022,57.0658216361425
18.4715,39.1887951103135,73.7175908842897
18.472,63.3343835517821,75.478726856447
18.4725,64.8587749218713,61.2307741026316
18.473,38.5741772058995,40.898186307821
18.4735,5.53570454594713,23.8296765980457
18.474,-9.11810032378378,13.3987581103123
18.4745,-12.6367180045452,11.0766807886438
18.475,-36.5391066612075,15.8250075091169
18.4755,-86.9457877039714,20.5322754594627
18.476,-131.881162979899,20.4076317756969
18.4765,-152.324890383043,24.3126711074406
18.477,-173.080853927434,44.2463698769138
18.4775,-214.163325384007,72.7729184158345
18.478,-240.839376354796,87.0503393003093
18.4785,-206.027250415456,79.5409232978193
18.479,-126.192573011579,67.7550713331311
18.4795,-63.2034591780273,66.2742514451643
18.48,-31.8041198972494,67.2536283497382
18.4805,19.4960121983114,60.2202313071594
18.481,118.825499164926,52.3773776474864
18.4815,214.936175152631,50.7249353652913
18.482,246.665131602136,39.3167816762061
18.4825,229.695152301834,-0.90405813835323
18.483,226.401361196927,-56.5219341384718
18.4835,249.982266326212,-90.7282271311592
18.484,250.157805571742,-88.0497219794515
18.4845,192.204538669025,-69.5409179353018
18.485,103.185356563455,-62.4741700818531
18.4855,27.4243779786414,-75.068531873319
18.486,-25.2621717419779,-103.690114276696
18.4865,-64.8141979463526,-142.560799689423
18.487,-83.8514552191013,-176.885508723173
18.4875,-67.0895971102079,-184.964671082449
18.488,-26.0854925169381,-160.778482051177
18.4885,4.27221493233172,-123.224030945072
18.489,4.80435073631421,-92.8008835879448
18.4895,-11.6172171000952,-70.1220439961545
18.49,-24.8052770520767,-46.9537104301786
18.4905,-31.3820858517897,-25.7066738651401
18.491,-38.1731147783074,-13.9780714621175
18.4915,-45.2772207635262,-8.62986039681808
18.492,-46.6788660471023,-0.24671370503846
18.4925,-41.675482115056,11.5107540858895
18.493,-35.8787727561789,20.4329346038738
18.4935,-32.0771504029449,27.9947055829561
18.494,-27.006663440888,41.551268584125
18.4945,-17.8227561429726,59.4321112867594
18.495,-7.03392834226764,70.2942817002007
18.4955,0.566339909130698,68.3448884791314
18.496,3.21505448264378,58.8606089456238
18.4965,3.13420831332103,47.4974852714505
18.497,3.58042903061303,34.3628784163731
18.4975,5.54410939110798,21.1722809951892
18.498,6.65159614316366,14.5082959391237
18.4985,3.8192488276441,17.0398427184594
18.499,-2.17876223882736,22.3620320262165
18.4995,-6.67881591174745,23.3485802374515
18.5,-8.12423347583245,20.5096915121055
18.5005,-12.7699003300586,17.9948642019932
18.501,-27.1307333025358,16.2062920020446
18.5015,-46.0313256926839,13.3075067593339
18.502,-55.0751458995569,10.6130521240468
18.5025,-48.1483844672263,11.1497423819826
18.503,-36.3322098876502,14.1552149140819
18.5035,-33.7336544941355,15.3342342121551
18.504,-38.9791082630387,12.5800211475247
18.5045,-38.3589901903664,8.41112054508802
18.505,-25.1918766368637,6.2488463561962
18.5055,-7.51660269088875,6.42047199240996
18.506,4.1200248555686,6.80616749217029
18.5065,8.37668378648093,6.24657425962729
18.507,9.69643658960113,5.94911453673525
18.5075,10.2254928324904,7.39256065563724
18.508,10.0122697582977,9.91713246116722
18.5085,10.4319432576648,11.6270181550755
18.509,12.235697688897,12.4297440224412
18.5095,13.2515649801351,14.4338529958338
18.51,12.3282847579361,18.6562232316385
18.5105,12.619553351315,23.009106481018
18.511,16.6464783023064,24.9031404199579
18.5115,21.1418241093578,24.5590764386865
18.512,21.9659128765073,23.9713050933542
18.5125,21.8902793711067,23.1353579976944
18.513,27.8043428373447,18.887902813465
18.5135,41.04148426511,7.77200443981896
18.514,55.2160255694271,-10.1667792950777
18.5145,62.594947498908,-29.9336287379382
18.515,58.2156734833168,-44.0821069323032
18.5155,40.1090708531995,-48.053561161342
18.516,11.8801532503127,-43.3900104692492
18.5165,-16.7463717302872,-34.6556186113026
18.517,-39.9475599930039,-23.9407678832123
18.5175,-65.2499930753082,-10.7346503223869
18.518,-102.29867602265,3.70989759650129
18.5185,-140.437638335322,16.263622575247
18.519,-150.365757057444,27.1266494453154
18.5195,-115.960270036861,40.755036906607
18.52,-54.5487855788751,59.2584093231654
18.5205,4.62481130567034,78.1903729547547
18.521,53.7309213448241,90.7833873860438
18.5215,104.790190919868,92.8092178552885
18.522,160.405334313715,82.1397870118041
18.5225,203.343265683119,59.5900406863676
18.523,216.826771382443,33.688866714753
18.5235,199.829561013015,17.8607944458242
18.524,157.575835511651,16.305816581579
18.5245,92.4062801947733,17.7086843725116
18.525,14.4753612889361,10.3920906184757
18.5255,-50.7648774032914,-1.16202395635991
18.526,-81.2746995830945,-4.85401647490218
18.5265,-80.7141903410471,-2.89409975232049
18.527,-70.3276274264217,-12.4051298824228
18.5275,-62.1321249629251,-42.156491603641
18.528,-52.5337140291509,-80.0054379293731
18.5285,-39.9907741503684,-108.266016077782
18.529,-33.1005128339428,-122.13206728688
18.5295,-37.0589774740489,-126.597477446067
18.53,-45.3212444989017,-123.70360079319
18.5305,-51.9502891917281,-112.306702031984
18.531,-61.5952059935057,-95.9098471976533
18.5315,-77.7515570649907,-80.985609400042
18.532,-89.4092965465792,-68.3083600935299
18.5325,-81.6826504979808,-53.4939266385712
18.533,-56.4836081703087,-36.5315328497429
18.5335,-31.1376492490059,-24.4400849324771
18.534,-16.6235770505132,-22.8365814442132
18.5345,-7.57273734945767,-29.3296227859044
18.535,4.23542079557662,-36.735308324764
18.5355,16.6403034174649,-39.1837085142453
18.536,22.9333486583522,-33.653975234323
18.5365,23.4909623529215,-19.1184758685812
18.537,23.7919793307219,2.84305654981112
18.5375,24.4656865939685,27.582495856188
18.538,21.2679671308233,49.2318175785005
18.5385,14.4300970721765,63.1661096221431
18.539,10.6751649191592,67.2409509936297
18.5395,13.528492812264,62.2907370025487
18.54,17.1008667505689,51.91746402726
18.5405,13.7360780008869,40.7486360549607
18.541,4.79422029813295,32.3483848752675
18.5415,-0.642494824880941,28.7433830403394
18.542,3.81337525287467,30.6734305050931
18.5425,17.2662077170113,36.8182347945217
18.543,36.150789643581,43.595179303586
18.5435,57.1052667549358,47.6591136331575
18.544,73.8822552926169,48.5585489795588
18.5445,78.2992535116064,47.7255137363636
18.545,69.2993835053452,45.6645687012701
18.5455,56.631816651872,42.0563752411412
18.546,49.8164196584424,37.9740480655621
18.5465,46.7992341225726,35.5133623449734
18.547,39.4540273441916,35.2155592661521
18.5475,25.9492684105065,36.0066369644708
18.548,8.41148595429606,37.2301792759581
18.5485,-18.4393957657487,37.6387708571739
18.549,-62.2960887325268,32.5325641603783
18.5495,-113.990048087686,16.624069949479
18.55,-147.321871026934,-7.95572171687473
18.5505,-147.439723374858,-30.5220788021908
18.551,-130.16455605381,-42.4680072166369
18.5515,-122.989105709085,-46.3322345451864
18.552,-133.753066881675,-50.3396165219181
18.5525,-148.103014163479,-56.8664234453688
18.553,-150.430432216267,-62.2495705732237
18.5535,-133.629404120046,-66.197683654473
18.554,-93.242673022737,-72.8569560208052
18.5545,-29.6092478931567,-80.4733086974217
18.555,42.1559681874329,-78.4547048442538
18.5555,99.3207825395854,-60.7585808535377
18.556,133.856841489201,-36.5121332519862
18.5565,156.606564574215,-19.9400653578919
18.557,176.237310870678,-13.4693716532091
18.5575,187.888706877474,-9.03983631245324
18.558,188.696662415377,-3.35187290415348
18.5585,188.963889856467,-0.72446457716194
18.559,194.976448688536,0.283002882491983
18.5595,191.764542981102,10.8145536765184
18.56,159.105383634938,35.2687661688616
18.5605,99.8511115329592,59.7164863642995
18.561,37.6286328924396,66.7094552802968
18.5615,-11.6844516212414,57.2112466856088
18.562,-52.3917679217939,47.7210434449416
18.5625,-92.7326690544502,47.3547361138179
18.563,-129.652674242927,48.2965899310132
18.5635,-153.567341502244,40.6675434265106
18.564,-158.287034332754,27.1424829664013
18.5645,-142.346999466637,17.3430008865028
18.565,-109.123060501143,14.0022344700808
18.5655,-69.699492212932,11.4906703684969
18.566,-37.7616757442223,5.47843860399114
18.5665,-16.9074325869392,-1.89860018429387
18.567,0.627898189924751,-6.33112701799703
18.5675,19.0687668129044,-6.44621119751231
18.568,30.7902101017705,-3.50887088788718
18.5685,28.5818950767239,1.30636337458725
18.569,18.800697002268,7.50045198101823
18.5695,13.7241083998098,13.8639271113559
18.57,14.8695670036558,18.2456070009004
18.5705,12.7007676855001,19.9319511812333
18.571,1.71555119975062,21.9341221751041
18.5715,-12.0177931475102,28.8893805847724
18.572,-19.5383667528346,41.4560262382969
18.5725,-19.4782046168898,54.5176011291109
18.573,-17.5841603989081,62.8640544295457
18.5735,-19.0658062047593,66.9543606221961
18.574,-23.7641112030867,70.4654745232122
18.5745,-28.0997380742139,74.0729459899957
18.575,-30.6205536086876,75.7496460775067
18.5755,-34.1592226825461,76.1614623092549
18.576,-40.3726386106988,78.5063886977369
18.5765,-43.168433958064,82.1108904029273
18.577,-32.6747650510242,80.7902716173662
18.5775,-7.88429372997468,69.0937230446365
18.578,19.1729129410126,45.94170916271
18.5785,35.0632740319863,10.4034639694082
18.579,36.8327749427363,-40.921709075842
18.5795,29.6200074622804,-107.713113999277
18.58,18.5122034167655,-179.005196612519
18.5805,7.9957821624058,-235.971747038609
18.581,2.74229009314103,-262.335650652456
18.5815,-0.0714350510977332,-253.779342548871
18.582,-14.0474028834394,-221.476728808387
18.5825,-46.4938152681388,-186.716120521585
18.583,-78.8683301705578,-166.072696782566
18.5835,-78.1598652768112,-158.233895518654
18.584,-32.7309429126143,-148.453983535534
18.5845,33.298029927478,-127.043231966481
18.585,86.5326076112378,-98.169395071655
18.5855,115.01573824852,-69.5284910007303
18.586,125.696906332495,-42.6672172929001
18.5865,122.91811781905,-18.8859570559318
18.587,103.913541514255,-4.80012480598298
18.5875,71.8636959735413,-1.35251985442841
18.588,38.8664512552499,6.11141842028757
18.5885,13.0887308230743,33.4513839343665
18.589,-7.4488317013524,75.4458804264843
18.5895,-24.9402808898468,110.244156751837
18.59,-33.7669336992031,125.447401125839
18.5905,-27.6776928654781,126.865029511351
18.591,-10.0859443549426,120.760141197283
18.5915,7.95577100491689,103.478825529542
18.592,17.6865878172109,75.6917219210625
18.5925,17.0265163413263,52.8561120477295
18.593,7.53550725447906,49.091611257327
18.5935,-8.2988740087008,58.1414972659067
18.594,-26.3268125659345,61.6743060988594
18.5945,-40.5491907972114,51.7111038203339
18.595,-46.4000083938066,34.7337373311775
18.5955,-44.8207675223447,18.0408311766826
18.596,-41.694481425711,3.82333264590119
18.5965,-41.028797453049,-4.55833901328343
18.597,-38.8937983919631,-2.00158605629677
18.5975,-27.7152276850508,10.2629289590933
18.598,-8.25744622625286,24.0666115187531
18.5985,6.89666312748885,34.0626057553171
18.599,5.87699832322741,42.0578408709289
18.5995,-9.67960087171102,50.7355745981934
18.6,-29.0419254761013,59.5673439784124
18.6005,-45.4354579653204,68.0832075950914
18.601,-56.7102129873235,76.6373690617092
18.6015,-56.158296592638,82.5571494636755
18.602,-35.9745366656417,82.3333122851142
18.6025,-4.36099473141922,79.3214681916862
18.603,12.5538755615676,81.5270250631434
18.6035,-2.99442681156689,88.261491852112
18.604,-36.038183206782,86.4778615611651
18.6045,-49.944383314182,65.9064747498077
18.605,-21.5049679744117,32.4817787204336
18.6055,39.8376146167507,1.46666232877975
18.606,103.822453436171,-18.0379391240775
18.6065,141.731248459508,-26.7519281420602
18.607,139.10795074568,-29.0781379221709
18.6075,99.307081378831,-30.6803048800969
18.608,41.9590148110898,-38.4234856421673
18.6085,-7.69239396429789,-54.3102987572557
18.609,-35.9397142196334,-70.2458863202343
18.6095,-47.6153775774255,-75.5240464608334
18.61,-53.7961745360042,-69.2896946690697
18.6105,-55.6674920582206,-60.1208363243368
18.611,-45.9328571673964,-54.4466813217042
18.6115,-25.147888380191,-51.841782458111
18.612,-9.03448689950943,-51.0601023724949
18.6125,-14.0440795802326,-52.9011531484172
18.613,-37.5405838672996,-55.4064226990697
18.6135,-57.567857770406,-53.2054144088503
18.614,-54.0648440240838,-44.9339816204041
18.6145,-27.910265015888,-36.2358198280025
18.615,2.47623693097087,-32.3501585980771
18.6155,20.9686322417031,-31.9752763494609
18.616,27.6277966505044,-31.0698502005388
18.6165,34.4485074882275,-28.3687674680333
18.617,50.8243196369382,-24.2794939288524
18.6175,74.0157136136439,-18.6863889055314
18.618,92.4929908992371,-13.3338406906374
18.6185,98.1087041851025,-12.4579754377654
18.619,94.3654623109786,-17.0944875164674
18.6195,90.1736419863898,-21.9684397499292
18.62,85.3805103078406,-21.965110272921
18.6205,68.7741996353851,-18.8026534613684
18.621,35.4965066474384,-17.2791942971438
18.6215,0.421981125514669,-17.6809332800185
18.622,-15.9477625955563,-16.5073703258584
18.6225,-13.1062204245705,-12.737053448487
18.623,-10.6514924672772,-8.69687316226522
18.6235,-21.4837100594872,-5.85141415496429
18.624,-37.049765695433,-3.87247224129065
18.6245,-43.8563775473501,-2.93584099901492
18.625,-42.4545731269922,-3.06667503683746
18.6255,-42.250149641884,-2.02033664934517
18.626,-49.2057357383396,2.60490480373325
18.6265,-69.2767977029584,9.93524606333717
18.627,-111.378209414135,17.427099453095
18.6275,-169.223828629456,24.0286581554285
18.628,-208.1135675579,28.3147695583436
18.6285,-192.599789778452,26.553152909494
18.629,-128.816051783614,18.4193485947578
18.6295,-59.5599039923591,12.6577999145336
18.63,-12.8385009557284,19.6637150914366
18.6305,24.9876682040542,37.7138618874161
18.631,76.7140952877504,52.7174779659
18.6315,136.504157019752,52.9022756431914
18.632,181.849163807154,38.6533276483571
18.6325,206.645979509739,17.9258238166954
18.633,217.45659547803,-0.75635398377223
18.6335,204.057973657853,-9.21267300801408
18.634,143.087521903417,-2.2256777644024
18.6345,38.8838744599391,15.2827225113276
18.635,-61.3211600558569,29.2050919453191
18.6355,-109.051716873541,29.6366488776703
18.636,-101.436978382687,19.5072853306029
18.6365,-74.1399213136121,6.74961459800068
18.637,-56.7179843273869,-5.61743406156155
18.6375,-50.7263355356629,-16.0104117000248
18.638,-46.8598693513567,-17.9832724543707
18.6385,-42.4488851936236,-7.19720192314764
18.639,-34.9410577632535,8.52211919500725
18.6395,-14.8594835425253,16.1556650493126
18.64,19.461577860422,13.9404607620011
18.6405,47.8447692913333,11.5583206917396
18.641,45.642355390295,13.5872818652668
18.6415,14.7987817848166,13.2360688824958
18.642,-16.7419544239342,6.03454041551759
18.6425,-29.1372502236911,-0.282265866084887
18.643,-29.8993998963511,3.22386782851074
18.6435,-33.3775842449135,12.8145687849271
18.644,-36.6340269252499,17.9404182880038
18.6445,-29.1186265962501,16.9226399735907
18.645,-15.5579812512864,17.4532969019919
18.6455,-11.7582799547174,22.7999285273643
18.646,-21.6094107020405,27.1066203572549
18.6465,-34.374024359196,26.3586092554134
18.647,-43.3376721264883,25.5580188162899
18.6475,-50.930659993601,30.2762670054183
18.648,-54.547710692181,37.1735955741805
18.6485,-44.3994252241867,38.8386021736893
18.649,-20.2107802093912,33.8436197201134
18.6495,5.27453016477565,25.2795963959985
18.65,25.6252724569756,12.1082226146436
18.6505,48.7155719604295,-9.65263242943788
18.651,77.7711367436913,-36.7248881353464
18.6515,99.9122250533305,-57.6725409987855
18.652,104.98353756168,-65.534054061361
18.6525,102.182992294574,-65.1800044135348
18.653,104.040845121058,-64.0836867006517
18.6535,105.261942205579,-61.7483631865917
18.654,93.4834766363951,-54.182637604729
18.6545,72.6356459953207,-43.753176877279
18.655,58.6538858517129,-36.3355232193931
18.6555,56.8975251806022,-31.3282604445017
18.656,59.032245784015,-23.9086392975096
18.6565,57.4537762441676,-17.3558384982628
18.657,46.9758852035293,-23.2924085150376
18.6575,16.8426182735932,-45.7188424991968
18.658,-40.2065044690636,-72.1423999230875
18.6585,-110.915076708478,-85.6975084476862
18.659,-169.731253322881,-80.8242880150498
18.6595,-204.290197191141,-62.2590232516741
18.66,-217.784823498091,-34.3282110122347
18.6605,-208.6634679404,1.07036809633293
18.661,-169.17953305641,38.139240499111
18.6615,-107.459823564266,66.2733783008326
18.662,-49.4687251175197,76.8784217153437
18.6625,-9.54922189538388,68.3188365021736
18.663,24.1751320256076,45.4890792353588
18.6635,65.2561721691487,18.0305961249222
18.664,105.245767771291,-2.85801846029756
18.6645,125.591784225263,-10.7628330786291
18.665,119.604330858234,-7.666473839519
18.6655,91.3928826668639,0.81524058198139
18.666,46.8387284459401,11.6644058280155
18.6665,-0.0653818624950475,23.0910110279532
18.667,-23.682767709235,31.1641623387029
18.6675,-7.69233790213834,34.3063287161251
18.668,34.0818341224646,38.6679526646259
18.6685,69.9836627981768,50.722767970238
18.669,79.7055443147292,64.5259095567064
18.6695,63.01281823137,65.2871657662625
18.67,29.5516324017735,48.5326939997689
18.6705,-5.37854812560938,27.8131431799622
18.671,-22.2140287999114,18.5726326043878
18.6715,-12.7357264527722,20.9465480463723
18.672,5.54609164629172,24.5718579361621
18.6725,4.73831705691409,24.5242700836666
18.673,-21.5903157453738,23.7906514751649
18.6735,-51.4792156381494,22.8398112249012
18.674,-59.3621524628446,16.8096002894124
18.6745,-39.2808456964988,4.82051740122328
18.675,-5.84305922889768,-5.84641313476682
18.6755,17.7416759652678,-9.12166460945848
18.676,15.0627628984329,-8.61610325309229
18.6765,-7.99564923308076,-11.925505419573
18.677,-23.5840849410687,-19.7205930182874
18.6775,-9.29519021303285,-25.9422994830885
18.678,24.2386389153981,-27.7635215994861
18.6785,43.9141356026117,-29.8538399449902
18.679,32.3186622226968,-37.3653964287046
18.6795,3.5453122393903,-48.8873742513781
18.68,-19.4257268504517,-59.1777927290537
18.6805,-28.6189318440944,-66.2303586276253
18.681,-27.871243573117,-72.1342330910944
18.6815,-20.3580448238631,-78.0312933561283
18.682,-10.3175432358206,-81.6640852433693
18.6825,-9.4535307026903,-79.9418502231829
18.683,-29.5142181209586,-71.0248447969406
18.6835,-67.537178211055,-53.8085054417455
18.684,-103.356923390138,-28.9939987403157
18.6845,-114.267058936009,-1.974707067798
18.685,-94.7425642522947,19.0789505559018
18.6855,-63.8488427137904,31.1133603096077
18.686,-48.6802479008868,40.0484109325859
18.6865,-54.5096375839163,53.5490722626811
18.687,-55.8748897400546,71.0419710749833
18.6875,-25.8596994051956,83.7723971373136
18.688,30.6441083214316,84.2230752937361
18.6885,85.0489706170484,73.243129942649
18.689,122.016577765628,58.7887808251097
18.6895,150.166113426763,50.1970321847847
18.69,174.322399229371,52.8041729272613
18.6905,178.116195489802,64.6723008227582
18.691,146.383941052283,77.4915273128234
18.6915,91.6320838015632,82.1645194388994
18.692,44.3889007656944,74.0383363547288
18.6925,23.2728239962891,53.1074712770515
18.693,23.0223380061292,22.3724373517957
18.6935,24.7852935084774,-11.1727860036269
18.694,10.6195646667691,-36.997563021048
18.6945,-23.1781663528793,-48.0842102260742
18.695,-57.7170437074912,-47.7012434219841
18.6955,-65.1170883579549,-45.1151380515521
18.696,-41.2012825616944,-44.5915938044052
18.6965,-16.4770765068242,-42.8181436500402
18.697,-22.2281029593766,-37.0374998375115
18.6975,-52.8583869754754,-30.105993750355
18.698,-76.0457508408096,-25.5228723349873
18.6985,-74.4422954748815,-22.1079194645364
18.699,-60.3062998448125,-16.4776452566172
18.6995,-50.5536623673115,-7.67892962311937
18.7,-45.5586023704943,2.52522500111941
18.7005,-37.2827583385048,10.5031612503324
18.701,-23.948465867698,10.259170916284
18.7015,-8.82739621204188,-3.20981246348258
18.702,6.40592982983039,-26.6651871045796
18.7025,20.0039637579909,-48.4631165811485
18.703,27.5310168964767,-59.4865224759185
18.7035,26.0642125576276,-61.5644748077867
18.704,17.4073485775013,-62.1359405045282
18.7045,5.08661910579692,-64.5187118680302
18.705,-7.55254387614308,-67.6915407928823
18.7055,-15.9024294891379,-71.4673305093122
18.706,-16.950547245633,-75.227010043351
18.7065,-14.6461385769405,-73.5881867749774
18.707,-16.107680316481,-60.5535749912403
18.7075,-21.4181058513281,-38.3709009203673
18.708,-23.6276041134858,-16.5337220963487
18.7085,-19.1479887937835,-1.18594673556903
18.709,-9.86171892346363,9.41923217380382
18.7095,5.90526292167893,18.4222857605922
18.71,33.4991874396695,25.5029219858763
18.7105,68.3730542454143,31.0954048599956
18.711,92.8548460741283,40.2666066942084
18.7115,94.7218558507264,58.1094436881093
18.712,82.058673450467,83.43242858727
18.7125,71.5357526179184,109.357805590932
18.713,67.8275566228907,127.76805835309
18.7135,63.5164669127853,131.64578826845
18.714,54.3345546473132,117.26379261592
18.7145,43.25642684279,88.4006104786825
18.715,30.6641898166929,56.5486609836244
18.7155,11.4814596206633,32.8838462586229
18.716,-14.9507068484338,20.0695554142533
18.7165,-39.9286718965199,13.7362822129842
18.717,-54.5708673102678,10.0940493316348
18.7175,-59.1936448765474,8.81581079148951
18.718,-59.7335739203575,9.65268567720201
18.7185,-58.3563739664483,10.3641375606364
18.719,-52.1912445645091,8.831452033453
18.7195,-40.4548029478447,4.69378881842287
18.72,-28.6804789944652,-1.62624782269267
18.7205,-23.6284797610738,-9.27609915765961
18.721,-24.8635711716187,-15.9560527979254
18.7215,-23.783312270575,-19.0089532142889
18.722,-12.7908759717589,-18.5524128051769
18.7225,5.13286447486638,-17.5799601988935
18.723,17.9262651535507,-17.9070092403081
18.7235,15.8103560280102,-18.0058649727399
18.724,-0.0113211249950632,-16.421229595869
18.7245,-19.4278877290862,-15.4885809220858
18.725,-32.2539861537324,-19.0280968969759
18.7255,-35.8146897965257,-26.7451721180062
18.726,-36.700741001991,-33.3910472332868
18.7265,-44.7480871636504,-34.2695578081737
18.727,-62.24667370041,-30.0149680037302
18.7275,-79.6558057211482,-24.891014207333
18.728,-85.5790486014839,-21.6129770045013
18.7285,-79.720152508305,-19.5432913503902
18.729,-70.6291034123695,-17.5410560654483
18.7295,-61.8073298862484,-16.292962818071
18.73,-48.0933185361489,-16.6246194310308
18.7305,-27.0968648851886,-17.1240687259442
18.731,-5.41134487798383,-15.8746821485014
18.7315,10.2118585721414,-14.4977481157092
18.732,19.9440773402697,-17.9028581190356
18.7325,25.551865175531,-28.3760132605906
18.733,27.8734112249487,-41.2319519011582
18.7335,35.6438679997496,-48.3569666044713
18.734,65.3390861840144,-45.9083119375797
18.7345,120.340920352112,-37.1334000870189
18.735,177.283728162575,-27.8832125572659
18.7355,205.481806892753,-21.1625260921495
18.736,195.819827458605,-16.45843512567
18.7365,160.686699940155,-12.4377385356577
18.737,113.106425881528,-8.49405568348994
18.7375,60.4084914243408,-4.01521822324258
18.738,11.8155841601517,2.24924076355523
18.7385,-26.8720869753729,10.9096537848717
18.739,-63.5683342970193,19.8091339735723
18.7395,-103.881450978086,24.1113342002574
18.74,-125.01172208595,20.4561972434068
18.7405,-92.5362923790085,12.1022875611392
18.741,-13.6032576746993,8.30858971348605
18.7415,51.8214871542158,16.1200006744626
18.742,53.570472922437,32.9985950240372
18.7425,9.47946680456343,49.7435754188787
18.743,-21.209377396863,60.2361355055348
18.7435,-12.2984227178707,65.2012397473598
18.744,6.3505084967953,66.6702010737548
18.7445,-2.75297359015294,64.3729472531117
18.745,-39.0001834515107,60.8675447705734
18.7455,-73.4032265755361,64.766010281899
18.746,-83.5555343435998,80.841309712701
18.7465,-64.8429466206857,97.1868139521979
18.747,-19.4316441520489,90.4121090158303
18.7475,46.2448552943827,49.1422393950195
18.748,111.078499378959,-10.1131469285049
18.7485,140.514585221212,-55.2234634488182
18.749,111.229564383026,-67.4526792910823
18.7495,36.3728918304694,-57.020586314991
18.75,-40.7215425686671,-50.2587437077068
18.7505,-83.4066318194864,-63.080117384263
18.751,-89.4654416854121,-87.6635596590249
18.7515,-78.7227765047461,-103.750256916165
18.752,-61.6782254914,-100.140269987643
18.7525,-33.9762015043434,-82.8999905995726
18.753,1.50921285223454,-64.3050163639211
18.7535,26.8242330073237,-49.4740835315732
18.754,30.0436209523919,-36.705158336502
18.7545,18.9807007731262,-25.6887362413789
18.755,5.60341671756477,-18.355526923656
18.7555,-7.92886632643636,-12.9800238033914
18.756,-17.6836135434083,-4.64589928400252
18.7565,-10.6502833722981,7.39892503708826
18.757,13.7062294466838,19.0401983982352
18.7575,29.8950308744233,29.3362121342498
18.758,16.2238681147554,42.5400460252246
18.7585,-13.2553844200384,59.5548058150575
18.759,-30.724525127481,74.6532030330501
18.7595,-38.7608366545286,84.9623815777531
18.76,-62.7683610159401,95.5875009362025
18.7605,-102.818954128165,108.689535423556
18.761,-126.581979547171,114.85110709253
18.7615,-116.898766054944,105.102059107457
18.762,-95.8251483343106,86.2572946658661
18.7625,-87.6819546859911,72.2645270033619
18.763,-83.5520871579444,62.8458519277958
18.7635,-60.6014267816073,44.5608672079923
18.764,-18.5883406938652,14.360141440529
18.7645,20.664708719742,-12.4560351065388
18.765,38.1374382135144,-23.9503658192181
18.7655,29.3585479731109,-28.5967865445765
18.766,4.23747849051301,-40.4517340335041
18.7665,-13.91561301363,-56.2939174960173
18.767,-3.80384237389195,-60.4906933924781
18.7675,28.2926240234657,-49.1759849036718
18.768,54.2046710968682,-37.4128393389985
18.7685,65.6486091307272,-41.3606209576434
18.769,88.7713323826711,-62.0725371872291
18.7695,139.616639701468,-88.5591586571322
18.77,187.6650185836,-109.448505186839
18.7705,190.929633225312,-118.924166674133
18.771,152.36246665077,-117.123656348258
18.7715,111.740262872609,-108.707962609451
18.772,90.8170201633653,-98.3968629348749
18.7725,77.2819018594832,-85.9287779715633
18.773,58.8434538280815,-67.5474429383019
18.7735,41.1061281576945,-42.8227599439814
18.774,28.1532615001353,-16.7904349437526
18.7745,13.6004959610777,5.13108287561026
18.775,-1.63374737397779,20.6478899196583
18.7755,-6.49251543054023,28.3532716534214
18.776,-2.98850206346801,26.6543105920765
18.7765,-10.6004060669478,17.5571909111353
18.777,-37.5749718444279,8.15551736266061
18.7775,-66.4890937081822,5.11547207886117
18.778,-78.3196175164927,9.25353600582112
18.7785,-73.8914893156134,17.2781548932819
18.779,-61.9170135064034,26.2836042756833
18.7795,-43.4645563921552,33.9294949796675
18.78,-20.7357480790818,36.7298701066286
18.7805,-5.57909862511845,32.4614177216034
18.781,-4.4681192561704,24.2864523927406
18.7815,-6.45127835640699,19.3502111670361
18.782,0.207819048762462,22.1622383901807
18.7825,8.9134528697531,30.7231370100434
18.783,5.24128193343385,39.5564392141687
18.7835,-11.6354423721212,45.2160468659401
18.784,-30.5297257087215,48.2653152966548
18.7845,-44.2497530892547,51.027832066606
18.785,-52.0200732514823,54.6184795800218
18.7855,-52.3561415895016,58.1951276481205
18.786,-46.4069837360525,60.3499285907982
18.7865,-44.3667504509122,60.5105381915289
18.787,-56.059852493712,58.8214237006471
18.7875,-76.1101104115181,55.1572735924582
18.788,-88.0119385506979,48.868393116066
18.7885,-82.5909703386574,39.677309521526
18.789,-65.5844336455314,28.8082456330973
18.7895,-48.5003125506925,19.1239761377844
18.79,-38.3890486451003,13.3673701512354
18.7905,-35.4718471933637,11.3241714585603
18.791,-35.8801440556307,9.41936800845864
18.7915,-37.3952782122027,4.92060190656874
18.792,-43.4351574819072,0.0238604370139265
18.7925,-56.3000525877925,-1.24565765490957
18.793,-65.5714680125109,-0.47119729742702
18.7935,-53.4119936475765,-4.76073631893995
18.794,-17.7894739188445,-16.7449746163074
18.7945,18.7095081275077,-29.0383620396111
18.795,32.7490379195854,-33.2618644346181
18.7955,27.0971674889751,-31.1813985230062
18.796,25.1056100672617,-30.734116668091
18.7965,43.8358601917258,-33.11275968343
18.797,80.8507097288438,-31.4166115219366
18.7975,121.129944162062,-22.2394675906438
18.798,146.552571829189,-10.720132171878
18.7985,144.061544316961,-2.06344815412355
18.799,117.524877573197,4.22608876271082
18.7995,89.7956960417527,7.98608860561034
18.8,80.5974857202063,4.01938726209475
18.8005,81.5338288025814,-9.6594338030223
18.801,64.3846755412292,-25.3224359591087
18.8015,17.7782275685385,-35.2655450293259
18.802,-33.1997417458266,-44.0224329159459
18.8025,-49.7985963231089,-61.670228325943
18.803,-18.6354046751615,-86.1159226516395
18.8035,35.0679723859901,-101.211053029185
18.804,71.4697146821022,-94.6374049255475
18.8045,72.0441155352496,-71.2490297807704
18.805,52.4659222871778,-46.3938371811808
18.8055,40.5298622689398,-31.305196866011
18.806,44.1852512121935,-27.2312369501928
18.8065,46.1361834386169,-28.5048441304145
18.807,28.1225371348278,-27.4813654299121
18.8075,-8.67780814240085,-19.6661854285564
18.808,-49.2617292697243,-7.40483685095837
18.8085,-80.0990076511466,3.15673100130574
18.809,-93.257583164162,10.2242527090627
18.8095,-85.5490188889774,18.6766164323784
18.81,-62.7939056983346,32.6027147281309
18.8105,-38.4181989931734,48.832910958961
18.811,-19.9211387607882,60.4721949108908
18.8115,-2.67923638814142,64.1439164083893
18.812,17.0868474267246,60.9888862271952
18.8125,32.7999049407146,52.9660849094648
18.813,39.3638099668533,41.4626319837371
18.8135,43.9146365206434,28.1427396801497
18.814,53.3549058847095,14.387065511204
18.8145,60.9817763391026,0.867123304712862
18.815,58.6556207837788,-10.5544541631561
18.8155,52.6954960963562,-16.5946457340076
18.816,52.4258119124863,-16.7668835159058
18.8165,51.9346263415817,-15.677241887535
18.817,40.6738867512767,-17.7666875933281
18.8175,24.1467576031773,-21.4452220348713
18.818,14.8584993507834,-22.3079435307732
18.8185,10.5531069364603,-20.8473403681467
18.819,3.05003305938019,-21.9523360725613
18.8195,-0.520311786817869,-26.3281449521869
18.82,5.80672248461994,-27.4121254786834
18.8205,-4.74502772833219,-19.1798862405791
18.821,-69.1563333007568,-3.46189720736111
18.8215,-175.655658474564,13.4922580261154
18.822,-266.301677550082,29.2108609719252
18.8225,-312.144559498203,46.0961207107223
18.823,-344.863613691607,65.3536885989672
18.8235,-387.218088748514,83.753154252781
18.824,-392.931798898766,97.5603453958707
18.8245,-304.384844738751,106.93931600951
18.825,-149.005774053639,113.827581355524
18.8255,-20.920506826236,116.083178869596
18.826,36.8090753880113,106.780411817768
18.8265,80.0118878698805,81.7700900772928
18.827,171.72836017187,47.6104789375336
18.8275,283.094291831426,19.1588583402896
18.828,324.413680591276,6.69641145367997
18.8285,258.315982149776,5.7714122541883
18.829,143.018920730875,2.33482909497606
18.8295,60.9095342630319,-11.1274364158348
18.83,36.0020569600254,-27.1616540236527
18.8305,37.29605204307,-33.741026422438
18.831,39.9589265254266,-31.3146316106251
18.8315,52.2638203188957,-34.199314187206
18.832,82.9368260355739,-52.8459362864068
18.8325,111.006431493233,-79.1783284394984
18.833,107.562797501423,-94.6489597730082
18.8335,75.8313076137551,-90.8904335706994
18.834,48.4181357260347,-76.2902369678897
18.8345,45.5073868926353,-62.307291972169
18.835,53.731430786042,-50.9715157354663
18.8355,50.153527483988,-39.2930992749237
18.836,30.0908600531655,-28.6674239694863
18.8365,2.38671450576869,-22.617863870457
18.837,-27.829445084358,-19.3590685954134
18.8375,-57.1683872368675,-14.8153523706721
18.838,-73.9580945182875,-11.2329854392442
18.8385,-67.0202227363513,-14.4887779018866
18.839,-43.5175062056135,-23.0671313170752
18.8395,-25.7166940274314,-28.1780977217397
18.84,-27.6675152604528,-26.0837613460574
18.8405,-41.486319021826,-21.8912050151333
18.841,-46.398256699835,-18.8630515460189
18.8415,-25.9723496258143,-13.2501308982164
18.842,21.060454813534,-4.33353512724387
18.8425,79.007191044107,-0.369088081740595
18.843,122.896333634388,-6.89988001477502
18.8435,132.952459273493,-16.1356945658627
18.844,104.686998626777,-16.6664290634829
18.8445,48.0591623167867,-8.57127844446638
18.845,-17.1904304193349,0.0120936418504268
18.8455,-66.4678213755226,6.61206109619935
18.846,-83.4394114466354,14.1810740861657
18.8465,-76.0733609758703,20.1828442727786
18.847,-70.8335106348365,17.973545201866
18.8475,-82.499010165297,9.41024045886187
18.848,-98.0327517953527,4.86352006191941
18.8485,-98.6835659696534,8.11253278102332
18.849,-86.0850778561064,11.0215179296302
18.8495,-71.8799661048659,6.95755954133567
18.85,-52.3170023465632,0.840670051187942
18.8505,-14.7399980229414,1.19769642016806
18.851,34.5207711984746,9.54733654513341
18.8515,72.0069867280216,22.5441227400277
18.852,89.9222182757113,37.9997672126285
18.8525,105.939129848636,53.2346280016247
18.853,132.936894319171,62.9211983031688
18.8535,157.522582697912,64.3100049261789
18.854,158.946476577404,60.6984314196772
18.8545,133.54012516412,55.3927753644337
18.855,89.0418371997567,46.6895394815564
18.8555,30.805849498328,33.0393125551726
18.856,-29.8559568049607,17.9279581975548
18.8565,-66.4351692947419,4.35158839829788
18.857,-58.5148221674741,-10.4803884995064
18.8575,-19.7895884875929,-28.5962269580554
18.858,12.7932856621811,-43.7004516807954
18.8585,18.3848106789234,-47.2869712089466
18.859,6.96541112802231,-39.5932373222021
18.8595,-3.80360698365788,-27.9771624669907
18.86,-9.08007870269774,-16.8600142216572
18.8605,-10.6717060722369,-5.79395548472411
18.861,-7.75987672393863,4.72449019350567
18.8615,-3.81634532955486,12.5732331693597
18.862,-10.6583827890687,18.0665058134263
18.8625,-33.8674640836606,22.5329672126154
18.863,-62.0838642938052,24.1032830848878
18.8635,-81.8848898027556,20.8597176052254
18.864,-96.0409068127711,16.2069460332404
18.8645,-113.531387406945,14.1524677869364
18.865,-126.907874368507,11.179525801609
18.8655,-118.050476653154,1.2579575205602
18.866,-89.1635463535309,-11.8715353075411
18.8665,-70.6805528083931,-17.0388584257978
18.867,-87.8687528088212,-11.5750907143699
18.8675,-130.148250315894,-5.45176036089237
18.868,-164.899776728785,-6.46206871286329
18.8685,-174.279587620013,-10.1622978061763
18.869,-165.524577940016,-9.23750801582998
18.8695,-149.381003292733,-4.98184982387682
18.87,-124.51525248544,-3.29967565385226
18.8705,-86.8914966010175,-5.33532578955365
18.871,-42.1715486130528,-8.6296895215864
18.8715,-0.544187808512354,-13.1697483183499
18.872,35.0599061459939,-19.9431451224328
18.8725,68.6966707790282,-26.597170477713
18.873,101.690252720935,-30.1432615908787
18.8735,127.888972154459,-31.4228490441775
18.874,138.400694963273,-31.9479507092705
18.8745,130.425068358708,-28.9523257582155
18.875,113.988640353752,-18.6379903346532
18.8755,109.857511836617,-2.17427955108724
18.876,135.152189761772,16.1144349087882
18.8765,187.174942251773,33.9855417505286
18.877,243.47745415042,49.7478583591631
18.8775,279.310301068827,58.3408734011845
18.878,282.665947396168,55.5672735153399
18.8785,253.705350111043,45.5881585717198
18.879,198.090218691061,38.3244986164867
18.8795,126.300388059055,38.7073731078745
18.88,53.8239683747785,42.2897529732245
18.8805,-6.59474860664935,40.9101230843503
18.881,-53.7242429761918,28.9357245290904
18.8815,-94.7792952175477,5.692875801704
18.882,-132.891046878014,-22.8581269890444
18.8825,-160.153974804358,-45.8541840291655
18.883,-164.086223132938,-57.1314863934922
18.8835,-140.131670587341,-63.3365801985811
18.884,-97.1459739158686,-76.34997147641
18.8845,-50.3671918742286,-96.7111304030501
18.885,-10.1948742532371,-111.04866370587
18.8855,19.5141429486837,-108.358647608494
18.886,33.9485393438012,-92.8173160580921
18.8865,27.5133758495892,-76.6856854735822
18.887,6.98655350268137,-65.4167927147042
18.8875,-5.13522261058042,-54.5834382693003
18.888,6.34177828594501,-38.4437287391778
18.8885,26.6092110360203,-16.6683052972059
18.889,25.6742853861393,6.31879445887233
18.8895,-4.08197470140426,25.2920953233865
18.89,-39.5465610231876,38.1758648027585
18.8905,-57.3275835419612,48.103995714356
18.891,-55.8448275875496,60.2918781585052
18.8915,-42.7734037734856,75.2245724008824
18.892,-20.5060669238594,86.8641015268526
18.8925,3.63644421966114,89.5530091525168
18.893,10.1829535919572,84.6176433495862
18.8935,-10.6088924014319,77.8184569403792
18.894,-39.3699624082868,72.196040045976
18.8945,-48.3026946760121,66.0146291701547
18.895,-35.4359238974421,56.152842567362
18.8955,-21.6931784543696,40.9670364723209
18.896,-18.8398928535971,21.4021573785572
18.8965,-18.2671733133147,2.05322929599921
18.897,-9.8244490111201,-10.4200911159329
18.8975,5.9007731462077,-13.4144278304799
18.898,25.4469553716777,-12.4804668556825
18.8985,46.5434930657751,-16.2934886534754
18.899,60.5947385164164,-27.3774179276525
18.8995,54.6091703917355,-39.8908829644035
18.9,25.8784962802008,-46.2251164485365
18.9005,-14.3153039382548,-43.6252147206938
18.901,-53.568731970921,-34.8300342486647
18.9015,-85.5826091993086,-24.8097342534802
18.902,-104.426911139592,-17.0985890812106
18.9025,-103.63831256243,-11.3445220895408
18.903,-84.5344906052266,-4.21290205134559
18.9035,-57.3980066793122,6.07811919996602
18.904,-34.124875233842,16.8315985462502
18.9045,-27.099918498723,23.9889320174989
18.905,-49.3247434712442,26.8480070203332
18.9055,-99.8908061910718,27.3987354409222
18.906,-152.02274742482,26.4910125955702
18.9065,-174.614654041683,24.0834880333723
18.907,-166.211655378051,22.4523885035309
18.9075,-147.175249933776,25.0099108778562
18.908,-117.654334822002,31.4296818532217
18.9085,-52.7011559599091,37.3000964225244
18.909,49.0857441327789,38.8907838583875
18.9095,141.948894808139,34.8432605995864
18.91,182.481909134342,23.6735759936921
18.9105,182.289861200996,5.28748647622494
18.911,183.506704347166,-13.5988372005194
18.9115,197.437741692856,-22.1116338495885
18.912,201.193220595444,-17.8242989427665
18.9125,188.133821618008,-12.0237994963433
18.913,182.755091094358,-16.8659650796896
18.9135,196.938345783522,-30.5027623129781
18.914,204.214914926545,-40.8073206258824
18.9145,176.610744118168,-41.18720762539
18.915,125.598345300691,-35.5948808911135
18.9155,85.0960370872516,-29.0794738946111
18.916,66.7670179662547,-21.7418867453826
18.9165,53.2148595407979,-13.7580963491864
18.917,28.8829902429323,-8.72793746240728
18.9175,-2.74694131501014,-8.11773448593709
18.918,-32.7778416554493,-8.25548808488147
18.9185,-60.2833492912118,-7.21061853636765
18.919,-86.3580682100286,-9.25933535740561
18.9195,-106.199989405534,-17.0206477659199
18.92,-114.740603859903,-23.940618549469
18.9205,-114.619585254282,-21.9107123206814
18.921,-112.486647087793,-13.6280343391485
18.9215,-109.796097444743,-9.43150182650935
18.922,-101.403061232353,-12.6202322732503
18.9225,-82.5269750461733,-15.9776971277725
18.923,-55.2159738140383,-13.9489554072635
18.9235,-28.8627427062807,-10.3377311746125
18.924,-14.957340028381,-10.7425972879975
18.9245,-18.9937806579231,-14.2924078408459
18.925,-35.5551818549162,-17.7001458240816
18.9255,-52.4999072666897,-21.9620614348394
18.926,-61.6909747658318,-28.8636851375627
18.9265,-65.3987238435478,-34.2835579623288
18.927,-71.8505807353635,-31.5069755513367
18.9275,-85.5886800897467,-20.1576184096932
18.928,-102.396058422833,-6.74730656267545
18.9285,-111.850379956386,3.15959262220972
18.929,-104.392999746925,9.12865987905821
18.9295,-78.635340459765,12.8653762184553
18.93,-43.4194791133428,15.418958463047
18.9305,-10.2790823992177,17.6613568971016
18.931,17.8657150874123,20.2103536749235
18.9315,47.2527879519603,22.6863223713385
18.932,80.136183696713,25.4779656422959
18.9325,106.462056662393,31.1163304003889
18.933,115.271750949217,40.4804001237457
18.9335,110.684961139652,48.7489838304563
18.934,106.907220483177,49.4822594213207
18.9345,107.744835336276,42.7062502063799
18.935,101.663139900609,35.0097375989959
18.9355,79.8399493871399,31.4004595301778
18.936,48.6349383662618,30.5319827305822
18.9365,19.0984839044648,27.7015487116556
18.937,-5.62149286712291,18.821470786628
18.9375,-25.2450638253022,2.27536977875719
18.938,-35.2224684368048,-18.1127697608675
18.9385,-35.0764574182514,-32.0940845609556
18.939,-34.7575139548518,-30.8054280663916
18.9395,-39.6133728614773,-16.9416048771843
18.94,-36.8464292163874,-2.39240530411186
18.9405,-13.6017551533169,4.97354845911988
18.941,16.000043544007,7.02084027414803
18.9415,21.4119460126027,8.11412231972245
18.942,-5.57965809829847,10.0490981388385
18.9425,-40.4538581264144,15.9653201064056
18.943,-57.3415018890963,29.9113049229051
18.9435,-52.7587577032787,47.070678692222
18.944,-33.2327110128988,52.6337088167966
18.9445,-0.278157705125439,38.6636935556459
18.945,40.2951090551913,17.0263299963467
18.9455,72.4689291344721,7.23155054131198
18.946,90.6848260728324,14.3456235766877
18.9465,113.229776283395,26.007158689029
18.947,155.672145169341,28.2619088336703
18.9475,199.569866746654,16.8728615018131
18.948,208.213980551799,-4.14990750659731
18.9485,170.66040780102,-26.1246609083271
18.949,112.130554488192,-38.2941905421141
18.9495,61.4538849199493,-35.547494574073
18.95,24.6886790955288,-25.2557127218731
18.9505,-8.83452048053265,-20.1721382461408
18.951,-51.3517842084739,-23.5971328445126
18.9515,-110.69484293243,-27.3922790297588
18.952,-183.564810754012,-24.8571868313053
18.9525,-248.669743015666,-18.577034029374
18.953,-279.05792054938,-14.1680598041688
18.9535,-267.493759164591,-13.3738911298238
18.954,-230.033352235798,-16.2465177267894
18.9545,-182.11026252496,-24.0180489377032
18.955,-125.259855510822,-35.8526324668018
18.9555,-63.1619918274866,-46.9979494105652
18.956,-14.1593447446748,-53.5617860452084
18.9565,6.13679721641083,-55.9319143627028
18.957,5.18473713477605,-55.2554064779811
18.9575,2.88857200954478,-50.2389699117308
18.958,6.85324497577098,-39.988819181363
18.9585,11.0480522927783,-26.8387073357972
18.959,14.0334218130989,-13.9786164401947
18.9595,23.2377974011059,-2.79909921464051
18.96,40.5218981199393,6.02055230665266
18.9605,56.5823959134121,11.743937644943
18.961,64.1878336583325,15.0433638427749
18.9615,68.1122228644101,17.1543045993383
18.962,76.5160662138692,17.0143153765576
18.9625,87.8638884373715,13.0777894609376
18.963,91.7689140105224,8.36928346465266
18.9635,81.1045076701551,8.74069268939996
18.964,60.2394296238851,14.8220158424447
18.9645,41.4902657818025,20.9436109084111
18.965,34.3625167660359,23.8826967674476
18.9655,38.671503608211,27.0268895102097
18.966,48.7372724723609,33.0404205134102
18.9665,62.0901596278662,37.9945315136957
18.967,78.9122369999647,36.7320398952047
18.9675,93.3378785336135,29.482138085805
18.968,94.6320247769705,19.2798467052469
18.9685,82.1664266781596,7.18874043395501
18.969,70.147686816071,-5.90708606648716
18.9695,67.6538126770212,-17.036913481343
18.97,60.9474843789152,-24.9141782215807
18.9705,29.320784598425,-31.8224032437318
18.971,-24.4931664380216,-37.4159412000704
18.9715,-75.3662538466627,-35.3131445863655
18.972,-108.482842053727,-21.5171976404423
18.9725,-134.53551653246,-2.32670438860326
18.973,-165.821708063154,12.5560953007174
18.9735,-192.569835352342,22.0201730139429
18.974,-195.190084473458,32.1007405250527
18.9745,-169.822942230375,44.4094556837008
18.975,-128.742373903048,52.8004754676257
18.9755,-83.2353009122298,51.585628203121
18.976,-40.6267766702936,41.9665535614515
18.9765,-12.629364450106,30.1662082219495
18.977,-8.53156166939511,22.7311201775276
18.9775,-18.6447773341937,22.3709090713271
18.978,-20.0782000341802,24.5245667200872
18.9785,-4.09555685438939,19.9351536162123
18.979,14.3893854494713,5.22082236626852
18.9795,20.1717784476963,-10.9383156929783
18.98,19.0386439397151,-17.0340497328652
18.9805,27.5425834400789,-12.2272459135617
18.981,50.5750793188055,-5.32188214657737
18.9815,78.7116452227457,-2.49700264289017
18.982,101.654207552023,-2.76558005114863
18.9825,114.511288279664,-4.31367635060815
18.983,114.834990211691,-7.43547928133882
18.9835,103.796406287302,-10.2287570277908
18.984,89.8871100773814,-8.6081645566475
18.9845,83.5537794868499,-3.08522571822508
18.985,87.0320064605828,0.0287080576012113
18.9855,93.7527185032837,-3.29477605107049
18.986,96.4847547634579,-9.93418506570567
18.9865,91.6695942237854,-14.6935593631226
18.987,78.4861644112217,-15.9446507140354
18.9875,59.8559389558904,-14.4710319864269
18.988,42.6245559128531,-10.9919130259183
18.9885,30.3550476688223,-6.96058770228819
18.989,17.1299910531621,-4.21653942623759
18.9895,-5.28543140496041,-2.01422718957029
18.99,-35.5444977656173,2.35605550872733
18.9905,-64.8528583986161,8.64641274811982
18.991,-89.6631268219274,12.6443302710643
18.9915,-113.941819430071,11.1666247089338
18.992,-138.496055078657,4.81382967420225
18.9925,-156.85251106657,-4.70969536998919
18.993,-164.357309863443,-15.9678552789846
18.9935,-163.939979961748,-25.8063906270892
18.994,-159.414529729687,-30.6511287593132
18.9945,-149.227559849781,-31.3096094293187
18.995,-130.458496312592,-32.1822952371714
18.9955,-104.033152686518,-34.1026979947597
18.996,-73.0209780118405,-32.4100039338114
18.9965,-40.4284370401004,-24.2795996112733
18.997,-10.8951814893712,-13.8822700944496
18.9975,10.755510374076,-7.77116544579352
18.998,25.2645538069384,-8.3326373217461
18.9985,37.9679908624062,-13.3965138693025
18.999,49.5156738405297,-18.6156737917898
18.9995,53.3183465989913,-18.6185283205081
19,45.7657051946246,-10.0329916017348
19.0005,33.906320165201,4.08013204623124
19.001,29.2390665831771,15.9063141029969
19.0015,37.8427199019237,20.6764921654265
19.002,58.7106264641549,19.8162724264677
19.0025,86.2045054868919,16.0599089153662
19.003,111.122498280463,10.359447101852
19.0035,125.076563225929,4.82054434820701
19.004,127.739816244736,2.95709171935344
19.0045,125.569975315488,4.41334211897327
19.005,121.600202204319,4.50254488303973
19.0055,112.429722425064,1.64571897942436
19.006,96.7261369684861,0.159056987580683
19.0065,78.6329071510417,2.9190612262262
19.007,60.1856656033316,6.82474068595252
19.0075,39.5335506891805,8.88023663342109
19.008,20.125674434595,11.0214115364211
19.0085,10.8268763466455,14.8022619082455
19.009,11.3273984278183,16.9146475697771
19.0095,8.73538547728568,14.7337132757786
19.01,-3.95158522873491,11.0441380290726
19.0105,-17.4152671849993,8.24283005383011
19.011,-22.3483299360102,3.13128607673121
19.0115,-23.1030906914983,-6.92679366876485
19.012,-24.0079172847584,-17.7430627975069
19.0125,-17.0950137974451,-24.273532031616
19.013,-0.960742062396052,-27.9370051763984
19.0135,0.0073974907378153,-31.2754792775929
19.014,-42.7686310735459,-29.9411219623599
19.0145,-126.184775972239,-17.7356828403066
19.015,-219.804655114453,3.46110319745145
19.0155,-299.86674211602,25.7113466239524
19.016,-358.064503783859,43.9082736236401
19.0165,-382.655771192008,56.5202322125175
19.017,-358.395333734849,62.1889551755546
19.0175,-288.368197008447,63.5323511464301
19.018,-192.888336369372,69.6495739172067
19.0185,-83.4202426120926,84.670804599503
19.019,39.3905848888619,96.3624135373836
19.0195,159.061323294714,86.5192536119298
19.02,243.377534375994,52.1911870768114
19.0205,281.86793856609,8.34568908087782
19.021,296.907135216248,-28.1844381186835
19.0215,303.459539118351,-47.9292842604856
19.022,284.304720647485,-45.8984839084752
19.0225,225.698366864002,-24.103311428924
19.023,153.847483824329,1.49379069173128
19.0235,108.178125203898,10.0904453042855
19.024,92.5155476256605,-2.7429862490061
19.0245,78.5852333555198,-22.0376550459108
19.025,47.333935200531,-34.0520646615743
19.0255,2.29003220298074,-39.5239481406757
19.026,-47.9113497904617,-43.8761465584969
19.0265,-92.8227990079577,-47.0072440720996
19.027,-111.990822977702,-49.0397165506814
19.0275,-91.9532980270393,-54.9528242163992
19.028,-51.2125746848485,-65.3332311452071
19.0285,-23.2976092853408,-71.2605129526065
19.029,-14.8202478358648,-66.100709720015
19.0295,-5.4617335826333,-54.4884842005169
19.03,10.2686721709499,-42.6065345196232
19.0305,11.7323857948989,-28.6534286846051
19.031,-9.40702275489212,-11.7643045131134
19.0315,-29.1442687844823,-1.25467427091939
19.032,-25.7972967552207,-4.95643654914055
19.0325,-11.1873605193869,-14.04031371789
19.033,-7.56112280237463,-11.4867574101307
19.0335,-11.7433970401672,7.21656101918168
19.034,-4.56711060940234,31.6270461954905
19.0345,16.1435354266022,50.915364510802
19.035,34.7052078023768,60.5018855158546
19.0355,43.4076209370364,57.7126619594155
19.036,48.1878077452171,43.3076830612196
19.0365,50.0894951037018,27.1599185011525
19.037,39.6763592358031,21.2197995576781
19.0375,12.8866769110723,25.2233115763362
19.038,-20.8454019002555,28.1244162566292
19.0385,-49.4679755083966,23.9457855001827
19.039,-67.4444214077334,16.6123433617562
19.0395,-72.507315569267,8.55795224532229
19.04,-63.5998443866598,-4.05138012329279
19.0405,-46.0055211061971,-20.9606732101774
19.041,-31.3328719160417,-32.8083248227473
19.0415,-28.0816232917352,-32.5856279595442
19.042,-35.3017153325383,-25.0954686173648
19.0425,-45.9640018806678,-19.2178108552015
19.043,-52.4031538249208,-16.2843559006336
19.0435,-48.9884510257842,-11.6681650864894
19.044,-35.0314684721539,-3.58883028806542
19.0445,-15.9963999691754,4.9968456340789
19.045,2.25641169415859,10.5834088258531
19.0455,20.2960921392035,11.5207594627656
19.046,41.9193793065991,8.91401096720399
19.0465,64.9790676519585,7.48517181668442
19.047,81.1609825983102,11.6431218643098
19.0475,85.5350322710304,18.1530602452601
19.048,80.8354084413224,17.6347384585246
19.0485,70.7880652757105,7.18224889690537
19.049,54.8043899792829,-3.48645478640961
19.0495,32.8300424065189,-3.85100040761569
19.05,11.3933182306663,3.48830574894094
19.0505,-0.798941956566159,7.35234151294857
19.051,-3.79046398873186,4.10113363444292
19.0515,-9.37245247328543,1.75811373493698
19.052,-29.8697503463023,7.65294027557093
19.0525,-63.3663916987185,18.4237180534931
19.053,-92.7548786921165,24.7757927136361
19.0535,-102.370442557531,21.7553775654527
19.054,-93.8572807623321,11.2472410361371
19.0545,-81.074079820368,-2.75946306204831
19.055,-70.8592600852781,-17.5253794057604
19.0555,-57.0779499628679,-30.6113215408316
19.056,-35.7556912382403,-38.4887027601578
19.0565,-15.8636479094399,-37.6602305714869
19.057,-6.92638315070957,-27.053551346633
19.0575,-3.14403767619133,-9.2261157664942
19.058,8.82137028382031,10.3053480277454
19.0585,29.2048811072598,24.8275957391372
19.059,43.8381135656033,28.9206833136996
19.0595,43.6702765236914,21.6002813759375
19.06,34.9704289953044,8.01962487138906
19.0605,28.0339480985112,-3.59500048269816
19.061,25.7176412190626,-8.70108778120291
19.0615,26.9061650520517,-9.85914618114521
19.062,31.8864291987766,-12.4478725143246
19.0625,38.2205011282485,-18.1501113127572
19.063,38.6584207912065,-24.1929138208718
19.0635,30.2512649059239,-27.293704161649
19.064,20.7895393105146,-25.4949892745796
19.0645,20.2113359408281,-17.3132220090999
19.065,29.5549153093674,-3.07354114301839
19.0655,42.9506162087277,12.5303566595512
19.066,54.9987649467502,22.8172885812152
19.0665,60.538848389739,25.4196005664436
19.067,53.8514334133406,23.9300077114514
19.0675,37.1098988441119,22.8166964669961
19.068,24.9587180336005,23.3515667546621
19.0685,29.9460430095299,24.7615009875649
19.069,44.9506312898526,25.8739440072278
19.0695,50.0548679902687,24.6611946147596
19.07,36.4054950069842,19.6833497714416
19.0705,13.4009380368099,13.3004259939818
19.071,-7.63200627458752,9.90664531103653
19.0715,-25.1203841237761,9.5200469944244
19.072,-40.0282539437447,7.11441057084717
19.0725,-49.3259293664573,0.387397244515702
19.073,-53.2942368994129,-6.10109642777717
19.0735,-59.3274160006294,-7.55796370394421
19.074,-69.9588892192891,-5.60120686217136
19.0745,-74.9910347117035,-4.46346957246099
19.075,-65.1538542109555,-4.44927811941151
19.0755,-47.4632734010042,-4.00724136409316
19.076,-36.2433425202426,-5.04556631694312
19.0765,-32.982018172093,-10.2385065558649
19.077,-26.9412785765965,-16.8299453992881
19.0775,-14.4808053403639,-19.1887470750824
19.078,-5.57072487491833,-16.9955394006835
19.0785,-8.58888563458648,-15.2457309861279
19.079,-18.6334570970235,-16.0698038630676
19.0795,-25.4152195870416,-16.1753110669737
19.08,-25.4411288523313,-13.3288961412479
19.0805,-21.5455054728251,-10.0406886128261
19.081,-15.7304371721089,-9.02333806126208
19.0815,-7.44911705989354,-9.64449723718089
19.082,3.90224316949977,-11.0563756761529
19.0825,17.9013848304218,-14.5486220529772
19.083,32.2707278844811,-19.8944019475706
19.0835,42.1303842361442,-22.7815034072693
19.084,43.7298980046709,-19.2437944742414
19.0845,39.8194985519561,-10.7480190119163
19.085,36.8105507157472,-2.46689641263034
19.0855,35.3825410120519,1.93659165356653
19.086,29.0327174901879,2.316384755909
19.0865,13.8801376169691,1.09706588389631
19.087,-5.30753181413782,2.01393961674977
19.0875,-21.3070331578708,7.34470041978933
19.088,-31.5725123196857,14.2696490976496
19.0885,-36.7157626191704,16.1876058023437
19.089,-37.499722291523,10.0201324328216
19.0895,-36.5560091807093,0.467173071706054
19.09,-37.2373662871995,-5.15351532964816
19.0905,-36.7683448619313,-4.61328779448082
19.091,-26.856595544728,-1.29295983924911
19.0915,-6.76198941193668,1.03571177935441
19.092,10.3961973624613,1.25527127708792
19.0925,12.6427822118567,-0.0870549585039405
19.093,6.82641875243465,-2.20688042248637
19.0935,11.7082758586091,-4.59305195517494
19.094,32.8529821494886,-6.98877134690285
19.0945,52.4468159443149,-8.03091665981404
19.095,48.4090720637453,-4.34400809593429
19.0955,20.2004540271293,5.6090363267051
19.096,-9.50356193109796,15.9825565074237
19.0965,-20.9292853314071,16.8336282541569
19.097,-22.1013992779486,6.38037954125764
19.0975,-39.7905153829127,-4.21207150910361
19.098,-81.0733667576683,-2.97593634714328
19.0985,-112.981245398862,9.24527341277401
19.099,-94.3916105117509,22.3491024257328
19.0995,-25.2557669289546,30.3160822728045
19.1,53.2852162924625,33.6983318725188
19.1005,109.444444661076,31.4989085750911
19.101,149.940379408427,20.6787670342717
19.1015,189.60744186073,5.3194856158147
19.102,216.224767721728,-3.04732262704711
19.1025,208.316867494862,1.0203837596809
19.103,172.570814901182,9.67600729658749
19.1035,135.745894353826,13.4118742093839
19.104,105.651047593193,14.512176752204
19.1045,67.8751240741073,22.516217710949
19.105,20.8817920822318,39.3879965494792
19.1055,-13.4832074232604,55.4359717723724
19.106,-21.1599372607038,58.9715120196552
19.1065,-14.3917146042802,45.5425839651739
19.107,-11.2554932589802,18.9605228219227
19.1075,-18.8433542506269,-11.7901684657752
19.108,-45.9581501236539,-36.4341455512871
19.1085,-107.202845277147,-48.3987899318795
19.109,-195.54299612163,-48.0609802717398
19.1095,-269.181220794776,-40.7559396496597
19.11,-288.103410549047,-32.3865144718114
19.1105,-254.179836086853,-27.1298447304242
19.111,-198.161584681595,-26.2031458936151
19.1115,-139.128854663857,-26.553863579066
19.112,-78.2110770006624,-23.5405088630637
19.1125,-23.3072135772334,-17.5116154437358
19.113,7.23154164417192,-14.6819898973293
19.1135,8.83406513469788,-18.6788726892895
19.114,-0.762012758103494,-25.3049924297276
19.1145,-3.01799449544878,-29.5054598861711
19.115,3.89090509380147,-31.8660612475489
19.1155,11.645069559179,-31.3180249220459
19.116,13.8792934646675,-17.6113782904234
19.1165,9.54595027155802,16.0538397578785
19.117,5.42618023475722,53.6075814815287
19.1175,16.5853212090237,64.1339497833647
19.118,51.8530683099431,36.2110365697506
19.1185,95.8588296359536,-5.752798132523
19.119,117.771493442666,-27.95368887786
19.1195,103.244265968504,-22.7237983170191
19.12,68.3878550823123,-8.64826841455062
19.1205,38.3761704414135,-1.96588532985631
19.121,22.7260442051536,-1.24468004888453
19.1215,16.8090142791067,0.319019107504114
19.122,16.3472803557531,1.21411634366112
19.1225,20.3982831531547,-3.35195669459568
19.123,26.0353329675934,-10.807288173604
19.1235,29.5129151288839,-13.6487980652491
19.124,31.0507446837419,-9.79753242249772
19.1245,33.1625774737361,-4.59061995403593
19.125,36.0966478604204,-3.22824021119689
19.1255,38.172240324142,-5.5456509353737
19.126,37.9086856090259,-8.15915728679164
19.1265,33.6113509524582,-8.15818924498499
19.127,24.7833830182236,-3.97301877392224
19.1275,16.1769356231106,4.4394509655967
19.128,15.4419071317341,14.5759465128614
19.1285,23.2699473560745,22.1362281598329
19.129,30.279509576799,24.5168100369791
19.1295,27.4367537105377,23.0797812486095
19.13,15.7129279245436,20.9071683853683
19.1305,2.02050619633046,18.8923054903866
19.131,-9.94148609078151,15.4579705837736
19.1315,-20.1957183112657,10.0267038578518
19.132,-27.7318544776781,4.99305849698732
19.1325,-31.2447321655838,3.20313070768084
19.133,-33.3794067057266,4.51598876817477
19.1335,-39.1725189685584,6.23061103282796
19.134,-49.453328639947,6.43313282192592
19.1345,-58.2569540222421,5.44732455259718
19.135,-57.5748675980136,4.0310952508641
19.1355,-44.5695164211692,1.76622184067374
19.136,-25.0933211492413,-2.01507763919892
19.1365,-9.78657344164978,-6.68321836522336
19.137,-4.63453542011274,-10.5290392608971
19.1375,-5.76966592567269,-12.138506820026
19.138,-6.1428866794371,-11.2021667478222
19.1385,-5.76606187658238,-8.5031930457539
19.139,-10.280195673382,-5.5054237466805
19.1395,-19.8272534159874,-3.54256668816624
19.14,-26.1904609725287,-3.05882130692523
19.1405,-23.2116252842291,-3.76552324953297
19.141,-14.0584538349803,-5.37608009020018
19.1415,-5.08776540626805,-7.74457986210057
19.142,1.8200402151035,-10.5039994260656
19.1425,7.0222876401196,-13.1196759874518
19.143,8.98679218568328,-14.9758188811775
19.1435,7.87221502161093,-14.8616746062801
19.144,8.93018220964884,-11.2350234720077
19.1445,16.2911506704135,-4.34611029296806
19.145,26.0610587392432,2.46187371687591
19.1455,31.1492825458419,5.36694264151139
19.146,30.8579633271258,4.08285079596338
19.1465,30.2674469138711,1.85905170644673
