time_s,EMG_ch1_uV,EMG_ch2_uV
25.818,5.18303018203678,-8.7241985063744
25.8185,6.72718864255361,-5.14459691931174
25.819,-0.643292937527895,0.491818647801095
25.8195,-12.6111141077682,5.46848605796136
25.82,-24.4626241788133,7.88604016079004
25.8205,-31.2114405534399,9.10266448338882
25.821,-29.1997273792143,11.4743282388661
25.8215,-20.4466255137302,14.9849459803479
25.822,-12.7033571737807,18.201341728675
25.8225,-12.0752647967996,21.25328057595
25.823,-17.0354565432774,25.2093854642319
25.8235,-22.0014494688661,29.2335654101096
25.824,-24.5352543950209,31.0047401940291
25.8245,-25.5096262579524,29.6364512638393
25.825,-24.0727750991067,25.909470588404
25.8255,-17.436082159913,20.1426795997252
25.826,-5.76665103273339,12.2879378113129
25.8265,7.10578783543811,3.72385861866362
25.827,18.5865337909761,-3.52818389116295
25.8275,28.6590721701611,-9.05798302137797
25.828,35.2043153926987,-13.2427344798532
25.8285,33.1255064513462,-14.9494356030165
25.829,21.9133889671846,-12.9474575720039
25.8295,10.8825505671891,-8.98240008283864
25.83,11.9614066132198,-6.05847362337757
25.8305,27.0829918272587,-3.88073862645109
25.831,45.0964247545725,0.283230624447199
25.8315,51.526296898943,5.92187423425367
25.832,41.0807867897764,8.47721989833476
25.8325,22.1616301919938,5.44662867537105
25.833,10.0836096636692,-0.263511413077451
25.8335,13.7895629239259,-4.71580546689747
25.834,27.419444910432,-7.53409674237601
25.8345,36.4665254521168,-10.2786730632513
25.835,33.5013267593852,-13.1412091346743
25.8355,25.3057661310581,-15.5904033615498
25.836,22.3323354017129,-18.1835126986117
25.8365,24.3252745569519,-21.4665960678014
25.837,21.0858272844229,-24.4533145387605
25.8375,6.58154650599402,-25.825069520483
25.838,-12.7411196171057,-25.3872928067997
25.8385,-25.2042447877905,-23.261619710315
25.839,-25.9705411600707,-19.1602050594319
25.8395,-19.6078005290521,-13.380763078058
25.84,-12.9912383808905,-6.91500328191142
25.8405,-9.0509691263332,0.00159685697180146
25.841,-7.64609238385206,7.46438985825191
25.8415,-9.61691773227226,13.7380536064052
25.842,-16.9296218653505,16.3491898851274
25.8425,-28.3081870878094,16.1266408204916
25.843,-37.149995245916,16.9675474502373
25.8435,-36.6686172567507,20.2397664727578
25.844,-27.2405356560369,22.6859441600931
25.8445,-16.4121905574204,21.5943326508077
25.845,-10.86869628211,18.5382295907055
25.8455,-10.2900641378228,15.6835142655598
25.846,-10.0194960029566,12.0680275628166
25.8465,-7.59673307925825,6.77178090911349
25.847,-4.87220852404419,2.41556990103492
25.8475,-5.12791302482097,1.46176502804183
25.848,-9.73663883901869,1.69637830264698
25.8485,-16.2810645941719,-0.164359827481866
25.849,-18.5281307251679,-2.43778308814258
25.8495,-10.4389972795729,-0.852632065487342
25.85,6.9805014685092,4.43287253053034
25.8505,24.2421582021256,9.28800810964651
25.851,32.3028447291699,12.473704339402
25.8515,32.6784360894878,16.7059493292586
25.852,35.0937184210082,22.3579695509678
25.8525,44.4132622103309,25.2508492810626
25.853,53.7686058432378,22.4140674983243
25.8535,53.2554429117639,15.792076645743
25.854,42.840717441782,8.10750691363005
25.8545,32.7761170917682,-1.20385082263131
25.855,31.5949007529675,-13.1422750186941
25.8555,37.1751306436045,-25.0258087692979
25.856,40.7052153807662,-32.321097141411
25.8565,36.6885225616135,-33.1942874506736
25.857,27.0563027468953,-29.1249377668036
25.8575,17.4121715530498,-22.4963409786594
25.858,11.8177595773754,-15.6911482889999
25.8585,10.3226852945573,-11.1747829098122
25.859,9.52066402772838,-9.89786837110781
25.8595,6.68502493195065,-9.92018319998046
25.86,4.85108396698173,-8.40158394023822
25.8605,9.93411448822381,-4.79671461509863
25.861,18.217653333964,-0.920068251397724
25.8615,11.9904570218201,1.57987481148569
25.862,-21.1201908819614,2.55704927393749
25.8625,-65.0267839461335,2.82778027969945
25.863,-86.0573411740669,3.71968237507569
25.8635,-73.3354225672149,6.64318440076504
25.864,-54.3364225170965,11.4892287267962
25.8645,-58.4118175285824,15.5727599798177
25.865,-77.8696396794615,15.7577763478343
25.8655,-84.3507016267516,11.9943733792404
25.866,-75.3211748675424,7.64276449383226
25.8665,-77.5025101334757,6.02237728729801
25.867,-100.664732288928,7.63969771397996
25.8675,-114.149519475812,10.9658739711515
25.868,-84.6354845855644,14.5346623780469
25.8685,-21.1245512524087,17.379545278002
25.869,34.238122057092,18.3502839583968
25.8695,50.4633534750378,16.2698616279682
25.87,28.9721114423428,10.7338863824364
25.8705,-9.3981663189015,2.21457085679213
25.871,-41.337083093868,-8.27917764896257
25.8715,-50.3696448978355,-18.9909526303927
25.872,-37.1779341199244,-27.2874202897923
25.8725,-21.4573928919442,-30.8473758169985
25.873,-20.9283243568957,-29.3255519869566
25.8735,-28.7967031634486,-24.4368274330315
25.874,-23.5949758695379,-18.4546346825324
25.8745,0.411412739830893,-13.077720382487
25.875,26.7086666829066,-9.36048984410198
25.8755,40.6588685890427,-7.64816532472559
25.876,44.8025324187885,-7.43110119408327
25.8765,46.2423757397422,-8.1546369250277
25.877,43.5879849126843,-10.2127183404285
25.8775,34.2551150986344,-14.0428155695096
25.878,22.806661716722,-18.2429078222388
25.8785,12.0743132292214,-20.3192481563467
25.879,-5.30024105880175,-20.0333489046864
25.8795,-35.3640633197098,-20.2927244121426
25.88,-67.7763430985069,-23.3475957641723
25.8805,-82.5608658354795,-27.3735465102868
25.881,-70.194457542261,-28.3090412778256
25.8815,-37.218923354747,-23.975763006757
25.882,6.03162919946441,-14.871524451311
25.8825,54.2272657331132,-2.30968554705583
25.883,102.83686865168,11.813072408683
25.8835,144.002306497609,24.1792791807535
25.884,171.926985856977,31.8767731588095
25.8845,188.230780356925,35.5459736617779
25.885,196.813790955044,38.7405933411759
25.8855,195.635518333819,43.7258899503512
25.886,179.489027904085,49.4542455860261
25.8865,150.796031165085,53.6867607371986
25.887,120.577419557011,55.1811350800365
25.8875,95.7452863748523,53.5652013831791
25.888,73.1527731739167,49.1593774506917
25.8885,52.5593689638635,43.6893955613121
25.889,45.7102817148241,39.5173301218061
25.8895,57.8457551491363,37.2678304385394
25.89,66.566697054634,35.0777036610947
25.8905,42.3693592929155,30.1368817129336
25.891,-6.16596473051704,19.855383235782
25.8915,-33.6175090594824,2.57663739822914
25.892,-18.5258346443695,-20.004736153881
25.8925,1.07341577013873,-41.1771106953098
25.893,-22.7344549184588,-53.3356557328919
25.8935,-81.0119434500477,-55.0201594998463
25.894,-122.914465932212,-51.2506825198521
25.8945,-126.789467466829,-45.9050136183324
25.895,-118.640448026654,-37.2626308539483
25.8955,-120.118109401203,-23.5514554275814
25.896,-118.970155223274,-9.65797334527722
25.8965,-104.16571445353,-3.74769126157977
25.897,-93.4800808675401,-7.5841372465352
25.8975,-102.498018281669,-13.9521647832934
25.898,-114.07032308617,-14.9590919206473
25.8985,-106.099308167499,-10.6442562891827
25.899,-88.8908159352784,-7.44714642537316
25.8995,-85.8848193067684,-9.00239170182683
25.9,-93.1831149750126,-10.9860658333027
25.9005,-89.3427848576044,-6.83136541274718
25.901,-75.0342257249313,2.45623416030988
25.9015,-70.7102228356238,7.41144930956301
25.902,-79.3256583036635,0.685055755720264
25.9025,-83.2069537128368,-13.7470307711724
25.903,-78.4957884149312,-24.4756381606729
25.9035,-81.4349879418749,-24.1169176633523
25.904,-94.5683857457041,-14.0863383609049
25.9045,-96.359203934004,-0.00992452432341903
25.905,-75.6948156873619,12.9886685712436
25.9055,-50.4606358721233,21.0698389522651
25.906,-36.5483154764536,23.0919325167395
25.9065,-21.1000034128223,22.5585861133406
25.907,14.0868047965747,24.1515463259967
25.9075,59.6333078800507,27.3433314950786
25.908,90.2433603093803,27.4601501661538
25.9085,98.7423530837839,23.5483988322612
25.909,99.2685318479045,19.7874524113465
25.9095,103.574582310387,17.6147846913682
25.91,111.617032419115,12.7570430229674
25.9105,120.755491478486,3.48060198535313
25.911,127.682539795362,-4.16052120322757
25.9115,123.735323869833,-4.36007042878941
25.912,103.319916140631,-0.274020764852263
25.9125,76.2649948508656,0.727466734300265
25.913,59.1392850330263,-3.12805236498997
25.9135,55.2274151233212,-8.39179055036261
25.914,54.6890767960662,-13.1328269263798
25.9145,52.3298053923895,-17.1154005822597
25.915,51.6830481887755,-17.8740802398727
25.9155,52.2583392541406,-13.4099398387393
25.916,47.6834627969784,-7.68263808668316
25.9165,38.9523450199279,-7.23314933242466
25.917,35.568898339059,-12.8272461619643
25.9175,39.0771468728777,-19.842451922036
25.918,38.2560126601589,-25.8614892213353
25.9185,26.6633912770645,-31.6426775198405
25.919,13.1523334038244,-35.1164290610629
25.9195,7.25280685703401,-31.6691430236694
25.92,4.43830618408122,-21.9278773428751
25.9205,-4.735374800328,-13.0644117333197
25.921,-18.7940504888959,-9.87216528176616
25.9215,-28.4249245959647,-9.31009240395487
25.922,-29.8059833521268,-6.14035757915918
25.9225,-26.1013335647295,0.275289368949775
25.923,-20.4059649082487,7.0085386424227
25.9235,-15.3551944514056,11.577139613391
25.924,-15.2943903117749,12.745400559111
25.9245,-21.0705945778373,10.579585637909
25.925,-27.4267957535521,7.59316957913257
25.9255,-33.1658618437554,6.94380144389647
25.926,-47.3479911781651,8.1728465300896
25.9265,-75.1671739573833,7.86596770547229
25.927,-104.016128986672,5.61058072996292
25.9275,-116.67568132052,5.53353377433879
25.928,-113.793731422034,10.1957805933572
25.9285,-108.40354407838,16.5468574396493
25.929,-101.491906363737,20.1181040142878
25.9295,-81.3563003767288,20.2076848021665
25.93,-47.9207661308051,18.8880290663547
25.9305,-17.3717785323235,17.8344318989501
25.931,3.87061113858303,18.3189631088422
25.9315,30.559535823561,21.6338198577962
25.932,72.6115979620857,27.1646051834692
25.9325,113.97217134272,32.1562043662205
25.933,132.610814469155,35.2514997308947
25.9335,129.960356954546,38.0278679292564
25.934,124.309245223763,41.1725857286521
25.9345,122.819492489368,41.4627793875222
25.935,116.129127500769,34.9865627672784
25.9355,95.9586086017796,22.2332928918051
25.936,63.4620443075349,8.53175395611846
25.9365,23.6344067860298,0.34685182528892
25.937,-14.7369415068941,1.23253455998213
25.9375,-36.7137938126715,9.16595036732099
25.938,-33.4801874580642,17.2559064742794
25.9385,-16.2577480054072,19.3636043378778
25.939,-5.02023994591359,15.5139928564089
25.9395,-4.15846157162401,9.5461275646121
25.94,-2.18977235454929,2.22154379856294
25.9405,5.75322193028494,-8.81790625132997
25.941,10.7142806240629,-21.7935351371539
25.9415,7.28255288472808,-29.4265813375139
25.942,3.0018801517066,-28.189951052636
25.9425,4.52270969834993,-24.5175495583379
25.943,5.99054237234007,-27.4018555344235
25.9435,-1.82791901947386,-37.5832815124112
25.944,-18.4673017859212,-48.3269052573728
25.9445,-34.6833431882432,-54.7877924852307
25.945,-40.6979764097761,-57.8395405698756
25.9455,-31.7508237011854,-59.2937103084247
25.946,-12.3124991853956,-58.0370275259518
25.9465,3.93565647743719,-52.415891336095
25.947,5.07335625970843,-43.8597604437711
25.9475,-7.40472774471924,-36.326137156274
25.948,-22.864076495701,-32.7874574221609
25.9485,-33.6712738930772,-32.9873922717728
25.949,-35.9217650127394,-34.3975814063948
25.9495,-26.2270442883631,-34.8746326089618
25.95,-11.8545458029099,-33.9668007032252
25.9505,-16.7334003199293,-31.8205124664957
25.951,-56.9446511589437,-28.1081110813274
25.9515,-112.739016692206,-22.7404339598488
25.952,-147.602593033202,-16.1600001115026
25.9525,-156.014832302452,-7.80673545538859
25.953,-166.908855387193,3.768266336205
25.9535,-194.371454118874,17.566207209749
25.954,-213.267499647733,29.3834269112443
25.9545,-197.799627713727,36.9651353701669
25.955,-158.818360007597,43.2145055829416
25.9555,-122.540222855907,50.919395908451
25.956,-92.0252305067888,57.4235718520655
25.9565,-53.0245728992952,59.0394559124834
25.957,-4.19064967269346,57.3137752488978
25.9575,42.2037940718077,54.9111410184041
25.958,81.5098835452643,48.7855445879678
25.9585,118.022476896755,35.4699674116568
25.959,150.589278708425,20.4184484933701
25.9595,173.855930717944,12.1928091332161
25.96,187.783290884449,8.81508385793381
25.9605,191.070873463721,1.49062979701448
25.961,174.36479824164,-8.04558711004742
25.9615,137.938386274743,-7.81802387332302
25.962,107.567505975288,3.31780925192412
25.9625,111.471606403117,9.62559456344398
25.963,144.458284091418,1.17198185216821
25.9635,172.72490011943,-10.6683903305615
25.964,171.356282532958,-10.7937637773772
25.9645,141.74513366654,-1.87272408323423
25.965,98.0556673387677,4.58002822255874
25.9655,55.0822221162025,9.08255189511529
25.966,25.4590528809342,20.6936861933594
25.9665,10.670528007586,38.2141755673676
25.967,-1.71545053784523,50.5601809293339
25.9675,-15.7024846540976,53.934809455973
25.968,-10.3370503771166,54.6395516819158
25.9685,31.9696727553998,55.3929694841717
25.969,87.362530429237,52.0645266235208
25.9695,108.483756760486,44.7305635090646
25.97,80.274329727951,39.6324751882277
25.9705,32.1805148128047,38.2410903455095
25.971,-5.1827624179262,35.1313962831166
25.9715,-27.0315898278937,28.1032824582413
25.972,-36.0126307984335,19.5867856065299
25.9725,-30.4474020350325,6.78637341431161
25.973,-22.2970761018555,-17.3275763245748
25.9735,-35.7088533254674,-49.8833320884178
25.974,-70.22202768857,-76.6024516387091
25.9745,-92.3593556610144,-89.1046994230838
25.975,-84.1293386695412,-93.3592770493947
25.9755,-74.6250073107628,-96.4397903648215
25.976,-97.6016465825075,-96.0518431400898
25.9765,-138.533845557957,-89.4074361045772
25.977,-155.004986651844,-81.4617391463763
25.9775,-136.557917059655,-75.8681465688834
25.978,-110.857807969915,-67.0763991923556
25.9785,-95.258997289029,-50.8577019724031
25.979,-76.2934643711662,-34.6857893233861
25.9795,-42.8837736311246,-27.2438242387887
25.98,-10.3994491343932,-24.0714422148472
25.9805,2.74071591575929,-14.8498846128905
25.981,1.96563234184349,-0.22071211165862
25.9815,2.8593814143713,10.497872788969
25.982,4.22593911859063,15.6163056305452
25.9825,-5.02530960433485,22.7242760982661
25.983,-17.5428243287519,33.9096398421217
25.9835,-8.81367464371982,41.0109725545756
25.984,25.2218164151837,38.7876453644932
25.9845,48.6408373373851,33.485139271438
25.985,22.4378372722308,33.4486981112567
25.9855,-42.8697214684791,37.7975166052011
25.986,-91.5937334445965,39.6320263458686
25.9865,-85.7112193876277,36.2967875685227
25.987,-44.8751504152547,31.5636964565299
25.9875,-11.3451993773225,29.6643495039403
25.988,5.09959873787505,30.9241707579545
25.9885,22.121048743848,32.7304822406547
25.989,38.6113473041545,32.5623247669283
25.9895,31.6916901059306,29.9195888544867
25.99,3.49530492167939,25.8620807798265
25.9905,-7.98120681944612,20.7059944284177
25.991,15.1153304365132,13.1765362663344
25.9915,34.3754402275179,3.07732011117485
25.992,5.50353791304502,-6.48197318278212
25.9925,-54.1165114640355,-12.0182475014421
25.993,-82.8908273924444,-14.5127270099049
25.9935,-53.4324181444226,-18.8053025427387
25.994,-0.710826870982633,-27.7280842124681
25.9945,30.2446826053985,-38.6764197928594
25.995,34.524937648084,-46.4019009899117
25.9955,34.2120009607091,-47.7185177328407
25.996,39.4260638203912,-43.2481826712493
25.9965,42.0168590744691,-36.1446368103585
25.997,37.0619593764839,-29.8916940109102
25.9975,32.7253347341034,-26.5414605658632
25.998,39.6728576670902,-26.2295086962232
25.9985,60.6930879803082,-27.7945466660444
25.999,91.1620808191293,-29.1235968105149
25.9995,123.577987594842,-27.1671871255074
26,150.596868310463,-19.4034181243156
26.0005,167.395577176398,-6.3587813494515
26.001,173.464636482803,8.18698761255952
26.0015,172.031490322533,20.1232394549355
26.002,166.142876807991,27.4445557544409
26.0025,152.90393246504,30.205896834283
26.003,122.034449639139,30.166030225703
26.0035,64.9988557474487,30.7032318951329
26.004,-11.6951363732359,34.4459905964943
26.0045,-86.3700264353111,39.8890056504301
26.005,-139.289991174475,42.6448864714739
26.0055,-167.392578721646,41.1516049604464
26.006,-179.902787629558,38.7243856901154
26.0065,-184.816750749243,38.7473656959482
26.007,-184.896864903083,40.5013855598055
26.0075,-182.176243102376,41.2562403675739
26.008,-178.439878737298,39.7187515020817
26.0085,-171.842394874104,35.709927510683
26.009,-158.504667904641,29.455277453468
26.0095,-137.61056478538,23.2955741792809
26.01,-111.990456564474,20.9670639050447
26.0105,-84.7651061726838,22.6627589017456
26.011,-57.044719478944,23.8185196203269
26.0115,-26.0832898551342,21.222513950129
26.012,15.1172675599627,16.6136804431616
26.0125,70.2200331198769,11.2308929685847
26.013,128.365541540752,1.59198729837685
26.0135,167.548315851601,-14.0774293214078
26.014,174.928043829845,-29.2084136805885
26.0145,158.472944684623,-35.5880633014611
26.015,133.601400321582,-34.6389043059951
26.0155,105.724679490071,-35.0209325066223
26.016,73.5087218135791,-40.0074514101828
26.0165,41.7387893327554,-44.6460278126542
26.017,19.0941896143803,-45.7218368427039
26.0175,5.7397545216339,-46.6039275860782
26.018,-6.66240992109933,-49.5829692235841
26.0185,-22.9440925706924,-50.3555898472747
26.019,-39.4874865755887,-44.7516956593906
26.0195,-49.5000106876436,-36.4141027478141
26.02,-47.0022377871676,-32.9055305461
26.0205,-29.4189831357999,-36.3587458640316
26.021,-4.15569146718488,-41.3719555799588
26.0215,11.6625278884802,-40.5316307714769
26.022,8.62788294725116,-29.9209206259194
26.0225,0.292917980914269,-11.665338648265
26.023,9.73066205808056,6.38525976732957
26.0235,40.3192844858868,15.7657195703898
26.024,70.7485294186738,15.1130596582331
26.0245,82.0091427477674,11.4334066317163
26.025,79.2281176295359,11.7505279642769
26.0255,79.9950919045386,15.6256170618214
26.026,87.6029399268936,18.2108189480522
26.0265,86.2674265464794,17.8312233636239
26.027,64.8742015031217,16.5078014771087
26.0275,37.1482571940072,14.6461686648601
26.028,27.0174012361306,10.1243957614695
26.0285,32.8144297816624,2.97968417421208
26.029,21.0099683314395,-3.20570179734168
26.0295,-30.627012571749,-5.93611613796291
26.03,-94.4378487868906,-6.42145726237844
26.0305,-120.96542255138,-5.87172872989978
26.031,-103.813370627078,-2.59063430945344
26.0315,-88.7086316338261,4.15107113870488
26.032,-111.270124065931,9.80951015561104
26.0325,-156.073495311062,8.46214569393984
26.033,-193.194384977249,0.563872419002143
26.0335,-222.71942432095,-7.13574825951434
26.034,-252.739157086486,-9.748939249857
26.0345,-258.982328151279,-8.10620236368758
26.035,-208.327574806121,-3.32212066378309
26.0355,-112.410961598572,6.97403091079313
26.036,-18.3776465191357,22.6415817299572
26.0365,50.2597446870485,35.57142028047
26.037,105.856987315627,37.1040847800282
26.0375,151.131407410231,29.5287478741654
26.038,164.053383065099,23.2440629097823
26.0385,138.340438829045,22.5906748614725
26.039,101.4278771126,22.541828596538
26.0395,76.318352845761,21.4649488991336
26.04,57.0156794824757,27.7781165372557
26.0405,37.0987749416934,47.0790735760584
26.041,29.8938792284446,69.1693220825555
26.0415,38.7203542554459,77.0741412495733
26.042,35.7652666619569,66.5714384337947
26.0425,-3.12753494271024,48.7188036465766
26.043,-62.0449983955287,34.1887408986249
26.0435,-104.061519323403,23.2697036789168
26.044,-107.513590251137,11.8674909339838
26.0445,-67.0505213535916,-0.818715204581518
26.045,14.2582496777132,-13.7853883824685
26.0455,109.606645370887,-27.4410128544748
26.046,171.606549157952,-41.5906170497736
26.0465,181.585341059378,-54.0256349551429
26.047,174.851706773555,-63.9144224017266
26.0475,186.319776686866,-73.4620697829047
26.048,194.318036721164,-84.3071783537993
26.0485,156.948459603441,-95.4898610699118
26.049,83.7779594392361,-106.035216399234
26.0495,23.2427234470042,-114.968153329184
26.05,-10.4878312323377,-117.002977039073
26.0505,-44.9329877670162,-103.890027626477
26.051,-82.8625275255385,-74.0920601054134
26.0515,-83.5801023201374,-36.8030550465691
26.052,-27.4749571338973,-1.99590598017581
26.0525,46.9410621100059,29.3618751329523
26.053,95.146241694835,59.7180642886177
26.0535,118.733515215518,83.4838368664937
26.054,138.561198500141,89.5721436916178
26.0545,148.411539080735,76.0084533594352
26.055,128.379415267567,55.4285603773354
26.0555,81.9811783816378,43.177543992827
26.056,28.0066943872185,43.5044929999621
26.0565,-27.6176961934579,49.5930682391479
26.057,-81.5151230989551,54.1389319836247
26.0575,-111.239979665627,56.9843319603074
26.058,-101.224442503855,63.1136279723393
26.0585,-83.1628681862789,74.6475496991145
26.059,-111.798761694917,85.2853705205243
26.0595,-195.74559275221,84.2944261618314
26.06,-284.376601229811,68.2275422425309
26.0605,-331.372069661584,47.2599658873867
26.061,-340.041823040927,35.4832639797824
26.0615,-331.314522371504,34.2440531660825
26.062,-298.732673359692,30.0326180759103
26.0625,-225.647144169355,11.8277953850123
26.063,-130.331259862684,-13.8699128451024
26.0635,-58.6726401861035,-30.5655232071944
26.064,-30.865539029695,-31.8049814942651
26.0645,-22.1337205485423,-26.9011976808078
26.065,-2.83741321372741,-26.6423210686224
26.0655,25.8723450942298,-31.2681971838016
26.066,48.8655163751613,-36.8860588314284
26.0665,69.1807226810583,-47.0057521031342
26.067,102.516863936782,-68.9117902622715
26.0675,148.45006978088,-100.16031977706
26.068,185.250739045846,-127.305221626659
26.0685,189.205670703237,-140.1386682137
26.069,147.028892971642,-140.782855784792
26.0695,61.2558653477384,-136.108223330567
26.07,-35.3857445975132,-127.976693048858
26.0705,-82.4327006778275,-116.017797579471
26.071,-42.386649399058,-104.242556425473
26.0715,48.615119488455,-97.2142565756133
26.072,112.691864968547,-92.1145487000498
26.0725,119.576964715621,-81.8540142329723
26.073,110.618968827237,-65.2593623012237
26.0735,124.210632482833,-47.7063850021035
26.074,141.681002133436,-32.1431898799056
26.0745,134.880337276973,-16.3532975211823
26.075,124.232253121047,0.609552872794695
26.0755,141.976534091053,16.8165320575792
26.076,166.315750863722,33.9494372238648
26.0765,148.301887700843,57.4829824632989
26.077,91.2652725424636,86.7656818300066
26.0775,47.2019243064719,112.290905958459
26.078,37.1064577954686,128.04652993137
26.0785,30.8125539696087,139.720783600874
26.079,10.4496182833765,153.468431850666
26.0795,-3.54502468276735,162.35205684969
26.08,-2.75833359141316,153.806536939826
26.0805,-8.54254894188669,128.237276378097
26.081,-16.677319289981,100.225746246776
26.0815,15.6376982109777,81.0053413232126
26.082,89.4101826699309,69.1782749732076
26.0825,125.162108963707,60.5287962035679
26.083,58.5671643511933,56.2755838294642
26.0835,-63.7750788088808,55.0648347509232
26.084,-141.139435980506,45.4375267216507
26.0845,-142.458097310308,17.458524927356
26.085,-114.476225465858,-20.3306494997678
26.0855,-91.022063944693,-45.728681037936
26.086,-65.7377670676405,-46.2141054123888
26.0865,-49.0101074054895,-29.4762136711173
26.087,-76.1672795239461,-8.20699912734933
26.0875,-139.218910550348,16.2934677654781
26.088,-171.194003387727,47.8307190177526
26.0885,-129.755975715409,79.5730509899464
26.089,-52.4288707936221,96.9365340424061
26.0895,2.27407672294504,95.9404502445438
26.09,30.8220566901001,86.7114074220387
26.0905,65.6540741850921,74.6042701510434
26.091,108.139623734986,49.5997476700607
26.0915,121.70142494518,4.54650379068844
26.092,82.7954158509937,-44.0126982996366
26.0925,8.54396799887992,-67.6780445364619
26.093,-64.0241025031639,-58.310080210626
26.0935,-107.101497015161,-36.1929548347888
26.094,-115.231428991824,-24.4080292502516
26.0945,-106.135614704476,-26.8744583116731
26.095,-106.408552620729,-35.9329438418409
26.0955,-125.963399514324,-48.8314830627336
26.096,-149.756620807225,-66.2584844219303
26.0965,-159.204369186765,-82.3623924447973
26.097,-153.016564175994,-88.4228561184664
26.0975,-142.540246870758,-84.0500312321368
26.098,-137.653670917829,-75.440282862698
26.0985,-140.740848504499,-64.6201304672404
26.099,-141.118562598388,-49.9127522082789
26.0995,-114.366311019257,-36.147583445566
26.1,-47.6462493281435,-34.0621096209898
26.1005,30.1370217835333,-47.0696696755303
26.101,68.6966957907587,-66.2075228452022
26.1015,56.3516343824987,-80.7417882052062
26.102,32.9829685838679,-87.6421113805102
26.1025,31.0992876974524,-89.3161054828452
26.103,36.8624866908159,-89.4991354375486
26.1035,31.3339426770299,-93.9000161719877
26.104,34.5345649274159,-107.014775524207
26.1045,70.8623750873086,-123.874803477627
26.105,117.381258813542,-131.861801002551
26.1055,132.963537451012,-126.165432177903
26.106,124.438469062272,-117.487585093427
26.1065,135.402064591327,-118.100656418364
26.107,174.216462249961,-125.073768425011
26.1075,202.14582102446,-124.081844986178
26.108,197.171246484787,-106.009989880258
26.1085,181.192322033959,-72.8139101833583
26.109,170.476727007809,-30.438835860271
26.1095,145.760235016316,15.6548577922034
26.11,96.3333258233863,59.4520675489703
26.1105,54.3774894367622,97.4700821538456
26.111,51.5263576033464,133.374654066266
26.1115,68.1917149146544,171.975563859606
26.112,61.1596289938555,207.490017611054
26.1125,24.022174178768,225.417743624504
26.113,-13.8248040251774,219.294480673246
26.1135,-37.4523043884541,200.064294328337
26.114,-61.3480598610388,185.808949021927
26.1145,-94.8608801797958,186.399257352073
26.115,-121.024045985705,199.641456769676
26.1155,-116.240739450643,216.405529060287
26.116,-73.6557239152456,226.181280927313
26.1165,-3.48200739610607,222.709493931121
26.117,75.6945085305465,207.840662363108
26.1175,143.496627985877,185.90258119424
26.118,188.169508715442,152.954630238494
26.1185,214.338832359978,99.7240245186939
26.119,233.815380580146,30.2448640321923
26.1195,249.099781487855,-31.1261256040906
26.12,250.786536727461,-61.3134092553419
26.1205,226.192617350844,-62.8760055055517
26.121,165.197999312955,-57.3152652381328
26.1215,68.2949439895574,-57.8967429413951
26.122,-40.2336111750902,-60.6961738473567
26.1225,-120.054482937138,-60.6175341937357
26.123,-155.116866452474,-61.1271412444773
26.1235,-178.485137178616,-63.3803552165515
26.124,-234.086158069886,-58.8427382996398
26.1245,-317.219960111096,-42.3563266234987
26.125,-379.99124128082,-24.4570236338353
26.1255,-399.249288377016,-20.3150313054666
26.126,-408.724693878872,-30.7035694055298
26.1265,-447.373733019191,-43.3006801652354
26.127,-501.025678257171,-50.2121723856567
26.1275,-521.815058771639,-54.8575492746915
26.128,-490.208802507672,-62.3519763829723
26.1285,-425.527792815203,-72.7770132273036
26.129,-340.162899357346,-86.3442340340733
26.1295,-222.864574987708,-107.142033608139
26.13,-82.1049432131331,-136.770415669839
26.1305,30.0262825118283,-168.92336074973
26.131,74.1379191592713,-195.361836357854
26.1315,87.907598006702,-214.950045126105
26.132,149.304947784978,-231.979613929634
26.1325,269.847196438024,-245.725991822176
26.133,367.557481580312,-246.137488989106
26.1335,370.82206423756,-223.260301960222
26.134,314.590771851772,-180.340731376592
26.1345,293.43753453907,-134.027991225964
26.135,339.171642011991,-98.902952606739
26.1355,393.640250947885,-73.4580614161264
26.136,399.267440451605,-44.8980635605091
26.1365,364.565471916216,-6.39929424126561
26.137,324.769909661638,36.2458464557458
26.1375,284.136032044473,75.5022546667237
26.138,228.753591268983,111.495832856769
26.1385,165.35203022451,146.096552897582
26.139,112.200937647542,174.904934552025
26.1395,69.6265050565288,192.769539772139
26.14,29.1691777292925,202.366009484735
26.1405,-4.00071192643451,208.56577824912
26.141,-25.9915994565155,207.930809171605
26.1415,-54.5352290329168,194.336804992323
26.142,-102.317890901487,173.85716188745
26.1425,-144.087374794694,162.594093264563
26.143,-145.659012853004,167.36573197313
26.1435,-115.297288060527,177.794019396848
26.144,-88.7117472423488,179.700555763192
26.1445,-71.6568321674357,166.68726217236
26.145,-41.894649686928,136.315774710289
26.1455,-6.53053675523157,87.9461043046958
26.146,-5.80712234560171,32.0746820929622
26.1465,-46.0645340428683,-9.64770166333657
26.147,-77.5064410246655,-25.7672224712402
26.1475,-65.3662564480168,-29.9500070037929
26.148,-42.2587777787785,-43.1962063890536
26.1485,-53.0172854782135,-66.2177032230186
26.149,-78.2045173401128,-81.9061142766562
26.1495,-59.2432148016014,-81.8581262166756
26.15,11.0877412324143,-75.8068939030621
26.1505,67.2376285309451,-73.7404575774298
26.151,47.8304463459561,-73.2119550684685
26.1515,-33.807407303101,-70.1543909885518
26.152,-108.082615230571,-70.2385431686875
26.1525,-123.251704670665,-79.7020128151917
26.153,-91.8084494624534,-91.5115827175628
26.1535,-71.2059774706959,-90.425218389863
26.154,-106.820912663707,-69.7113674094262
26.1545,-193.046986887579,-36.2329402191905
26.155,-284.196762819611,-1.06471147267131
26.1555,-334.493567458252,28.3509983595427
26.156,-324.690014900994,47.8406155098259
26.1565,-265.019913502545,55.617939159731
26.157,-190.451034743349,54.2503590834201
26.1575,-143.537180014154,49.5294730963718
26.158,-134.918605107734,44.8015138980362
26.1585,-121.684974870209,38.1390406249757
26.159,-53.8911036587109,26.5456043211835
26.1595,54.6743637531797,11.6915495108517
26.16,136.637771966002,0.0626759221510035
26.1605,161.611849664417,-2.90434856239083
26.161,175.865427361771,0.775861726380166
26.1615,227.418850586304,1.3655460858879
26.162,291.128497000945,-10.0518608611335
26.1625,309.038760483971,-30.6679368430437
26.163,277.729909552308,-45.4143624892326
26.1635,246.077910178941,-40.964219641442
26.164,238.58390095345,-20.31839635862
26.1645,231.437388033658,-0.185957113061025
26.165,206.038286980796,6.7743900206758
26.1655,179.724303646175,3.67979923541113
26.166,170.259019283637,2.22237275751779
26.1665,166.298624928335,8.12098839059783
26.167,150.028650318149,17.3789223072234
26.1675,121.195767318297,23.5015233760861
26.168,83.2717471427616,22.3769272007283
26.1685,31.8262125801188,10.8675784466391
26.169,-25.1712683847342,-12.3446035214116
26.1695,-58.371071323529,-41.5892850726435
26.17,-51.5802949648226,-64.9557749796062
26.1705,-31.818933728416,-74.8750026895117
26.171,-42.6016113515143,-75.9730651594961
26.1715,-90.7862170719505,-79.3269783733351
26.172,-133.970546650794,-90.9732583056392
26.1725,-120.648527088824,-108.543161067074
26.173,-40.1078897501673,-125.685593114228
26.1735,59.7040779118383,-135.343440638142
26.174,101.950408676836,-131.679442027243
26.1745,42.5472458780451,-115.086097318469
26.175,-88.7185738797193,-94.5787531670122
26.1755,-215.312001177677,-79.4503997992851
26.176,-283.808733199951,-68.4417766383935
26.1765,-296.906787658617,-52.30415685093
26.177,-282.944696306986,-26.6847094015258
26.1775,-259.473916357694,3.68010100278545
26.178,-233.788690849325,33.5484636482159
26.1785,-208.940442505623,62.1649895202769
26.179,-168.450999334333,87.5270568698859
26.1795,-80.2189643690137,103.521864232843
26.18,54.3152747262786,107.422275659749
26.1805,171.523210478084,104.308557220129
26.181,203.020317008022,99.0418363581746
26.1815,159.976255023635,88.7030475571004
26.182,127.518933013713,68.1071622583537
26.1825,168.459403594926,39.0216448409229
26.183,258.324847398648,9.73994259824084
26.1835,323.499787483573,-10.3575439068785
26.184,317.027311684844,-12.5137733417498
26.1845,242.102149758172,8.18372620284137
26.185,126.889170041514,44.407038575071
26.1855,6.06893781154645,76.737593099429
26.186,-81.4916132870153,90.5667949726918
26.1865,-108.850862698709,90.1137991700277
26.187,-87.9283620419969,88.9922364430288
26.1875,-67.9480309775058,91.1863302120428
26.188,-94.6919328715389,90.437350934785
26.1885,-171.71830321688,85.6107718748896
26.189,-264.035204920207,85.8833249703091
26.1895,-334.303268320458,99.7509360539356
26.19,-367.945424806184,126.993665319163
26.1905,-365.046492281772,162.04298282292
26.191,-322.322538599751,197.359313799565
26.1915,-238.020865870394,222.55831876813
26.192,-132.124865718325,228.16891223093
26.1925,-41.4600894892768,212.805546436818
26.193,17.9937338484781,181.591489866944
26.1935,69.7900457167593,137.925229100896
26.194,137.770192680385,83.3779771220742
26.1945,197.414992830435,24.2462581630969
26.195,197.587284213807,-31.3704633465496
26.1955,136.285111532451,-83.6349124118391
26.196,81.2051170448498,-137.884492208141
26.1965,92.541387941755,-189.255790843609
26.197,151.49952299421,-221.386962359808
26.1975,198.587941338548,-225.782669656217
26.198,223.115461370327,-213.340879719543
26.1985,264.922866519752,-200.273534983384
26.199,325.721757157049,-190.384921168321
26.1995,334.894773790228,-178.302647152004
26.2,236.703421181703,-163.208422601708
26.2005,75.9922808732449,-150.419064162339
26.201,-45.5730581130378,-142.926535932534
26.2015,-80.0336754864917,-139.103027146154
26.202,-57.2539589935562,-137.293779432438
26.2025,-12.1543607856294,-137.039694961775
26.203,55.1712473119436,-136.47550737425
26.2035,135.34229920717,-132.035677929265
26.204,180.838950194153,-120.242135673584
26.2045,159.778157168035,-99.594447062714
26.205,106.857868952134,-74.1508726520615
26.2055,77.3997201059787,-54.734504120898
26.206,66.7260764704841,-49.9813092700121
26.2065,20.1597558816631,-55.1815284845891
26.207,-78.7076784461947,-58.0596543040186
26.2075,-173.656825711062,-57.7503808500151
26.208,-204.283487279118,-67.672369048878
26.2085,-177.841192643899,-93.6040216965092
26.209,-154.185582053,-118.423994952335
26.2095,-180.645537909423,-117.814780511911
26.21,-258.757528242839,-85.5666995408004
26.2105,-355.370081069973,-35.8687387577084
26.211,-425.184869104027,13.7914057195701
26.2115,-436.561744667968,54.2599131793105
26.212,-397.954131118579,84.8327863344209
26.2125,-351.290440560679,110.76669454828
26.213,-320.942236774711,138.275162517064
26.2135,-279.3292060212,166.625369118091
26.214,-184.811927076592,189.28590603156
26.2145,-44.1413455768461,206.14955320047
26.215,91.1388249504976,225.529795278804
26.2155,187.978060114488,247.23215110183
26.216,260.846937308928,253.906917516325
26.2165,332.097645190978,229.872970804249
26.217,393.137120141488,180.493234541979
26.2175,418.74740431118,122.844257758173
26.218,395.818666705052,67.7298587038992
26.2185,321.863730458536,24.3839009680708
26.219,198.255473561924,10.4532339938574
26.2195,48.3376012503774,35.0377724968913
26.22,-72.8089212836457,76.7564186828885
26.2205,-112.239985467047,101.752872867783
26.221,-61.2694146373054,104.231743846857
26.2215,44.1128587760966,108.485358902102
26.222,149.842631247616,128.943842251462
26.2225,201.897675865378,150.266531974041
26.223,168.538078014668,152.892226926832
26.2235,75.4745291450232,136.823701558832
26.224,-2.26697553547389,109.799657968855
26.2245,-21.4024231396146,70.6453778391282
26.225,-28.1008567520395,17.949545337371
26.2255,-91.3732822867518,-38.6384012615767
26.226,-191.803538520223,-88.7961812439202
26.2265,-235.392470002787,-132.240513930429
26.227,-182.244983314521,-168.507160923371
26.2275,-96.6252957189313,-188.223999186557
26.228,-45.0029817244196,-186.65769398836
26.2285,-7.89222343271503,-175.096476412753
26.229,62.4492304050398,-166.753937187107
26.2295,151.690981880218,-161.946862855401
26.23,213.969197730256,-158.687147215247
26.2305,253.905976215402,-164.182978320209
26.231,302.514678632319,-179.101146855273
26.2315,330.81574984906,-182.370517879152
26.232,272.269271220503,-152.748977958038
26.2325,137.658922183468,-98.7111182624019
26.233,24.9540304373674,-46.0243362303233
26.2335,-15.4640858807169,-1.04350143550482
26.234,-52.6350985849788,49.7365608330109
26.2345,-163.357722465392,105.109491639109
26.235,-308.893043999711,141.765356453609
26.2355,-391.20779038595,149.494844720706
26.236,-394.343129925367,149.886739271987
26.2365,-390.126511181541,165.326852718141
26.237,-413.174321626421,186.771812641243
26.2375,-411.281401396449,189.278297805669
26.238,-341.120825423174,167.252172163062
26.2385,-246.544363237425,135.427829475772
26.239,-197.229042960656,101.079779599474
26.2395,-189.196504445768,54.2995748149953
26.24,-155.412228506259,-13.1256466887182
26.2405,-57.7935935885977,-93.7607437442458
26.241,74.6408826820964,-173.473703066648
26.2415,193.738968112174,-243.910022343999
26.242,279.624326712671,-301.200037274338
26.2425,336.151329888509,-340.389298969466
26.243,372.050265759651,-357.992888283045
26.2435,399.328504077468,-356.325399080075
26.244,427.836523568194,-339.616152757324
26.2445,448.797038729199,-307.337248836419
26.245,440.578530693362,-255.915222740971
26.2455,399.369279642696,-186.943911468617
26.246,344.596540488893,-110.085219944691
26.2465,284.687627001357,-36.6503640260913
26.247,203.005016812362,27.7367461873229
26.2475,95.7786391102708,83.5007034277912
26.248,-2.93963180283304,132.743883815509
26.2485,-64.6487857751512,176.467376205432
26.249,-114.531055580415,214.180752188338
26.2495,-197.20196109115,243.174621621006
26.25,-304.193131838325,258.864574176711
26.2505,-377.358116343339,259.389682547495
26.251,-382.627444490328,250.517693576803
26.2515,-337.333746603202,242.607584902587
26.252,-262.412474570163,240.624786116918
26.2525,-159.954240672717,238.749162334296
26.253,-55.2852956593731,225.722309017427
26.2535,-6.90285819718346,193.711841044328
26.254,-37.2626370373305,142.585827254743
26.2545,-93.7542359514855,80.7232235316732
26.255,-119.32777833295,24.1335872032332
26.2555,-127.189391279263,-10.6578343675749
26.256,-158.496028611634,-19.3612881352998
26.2565,-196.035455040579,-15.0205999803892
26.257,-178.733059982508,-16.4644608542548
26.2575,-90.6888358132841,-31.9490156229857
26.258,16.1969743855628,-56.3277098202074
26.2585,84.0267816527886,-81.5842325617319
26.259,91.8810964739354,-105.206917534558
26.2595,51.6157604376057,-128.817807296638
26.26,10.4153125751907,-153.194386853853
26.2605,40.2192132058017,-175.417071366378
26.261,158.499956045172,-188.12503083134
26.2615,264.826366854571,-182.214631135216
26.262,230.900623256178,-154.128066885258
26.2625,64.596891181433,-110.77515348037
26.263,-88.5980938279721,-64.1264324536674
26.2635,-125.048148622821,-21.2236633505477
26.264,-84.3182362128183,17.0043293531299
26.2645,-40.9973615602205,48.1903605619695
26.265,14.7386730877567,66.1324833038213
26.2655,123.808502734448,68.2999004669897
26.266,255.681037230811,60.9935953056509
26.2665,339.525430191615,53.7617396917038
26.267,352.739227534741,52.5316856204672
26.2675,304.88437543262,62.0262331376826
26.268,180.697086669333,90.166592906697
26.2685,-9.1843943003265,141.165962086498
26.269,-153.681656496029,202.73853834751
26.2695,-129.588972424328,247.887588000137
26.27,27.8476747386548,256.149846583233
26.2705,138.03925302922,231.409993641691
26.271,82.4217781245987,194.272211496762
26.2715,-82.1166313014193,159.240266582453
26.272,-242.433211392241,126.0700918053
26.2725,-371.442378825119,91.8719057519034
26.273,-492.364375214347,59.6068074370419
26.2735,-570.619695384129,28.2183098699406
26.274,-529.720982542503,-15.080401716313
26.2745,-360.052706173385,-79.0086256449204
26.275,-147.18019824277,-147.867277437112
26.2755,14.1703625982646,-191.176370386391
26.276,96.1649267626898,-196.244129164969
26.2765,125.957143806336,-180.090930188698
26.277,134.226686896078,-165.952041346033
26.2775,134.011634016816,-160.120803714783
26.278,135.824760038804,-158.388884333524
26.2785,161.206675763084,-162.857597009593
26.279,226.205938294021,-179.582464117013
26.2795,309.88540927597,-205.328958963716
26.28,356.531940487767,-228.549889630231
26.2805,326.335968674377,-241.536145207589
26.281,235.320133292445,-242.926967878641
26.2815,130.204888973899,-231.065992720947
26.282,39.2849456702437,-204.490814972485
26.2825,-29.1587535890091,-168.000892093958
26.283,-60.209552488063,-129.557280099029
26.2835,-42.3644121990642,-90.9615159583408
26.284,6.27222030599969,-48.0542241928804
26.2845,59.6210578445632,1.29852462740882
26.285,118.326471311452,56.2267254210974
26.2855,179.079953135269,117.279665709906
26.286,190.574625304551,183.140376012966
26.2865,110.300319932174,244.255432247493
26.287,1.45879216916367,288.467043707646
26.2875,-11.1729026216009,311.933855900283
26.288,95.0035855533454,315.849753167186
26.2885,199.784881466294,295.407318471377
26.289,199.928512389007,245.701387476794
26.2895,133.365745254,180.08915220469
26.29,93.690433599235,128.365405416606
26.2905,95.1158617196218,109.827874264621
26.291,93.3109452836545,117.301734086536
26.2915,79.9958108328582,132.120696045275
26.292,71.315475220694,143.519957568252
26.2925,40.9978011758544,146.536719260446
26.293,-48.3069568353671,133.453169542476
26.2935,-168.292450541287,100.693504823656
26.294,-257.474813816747,58.1692224755413
26.2945,-313.439687617927,18.8707145707044
26.295,-377.917174664584,-19.2283117224246
26.2955,-447.156258360718,-70.6910366304876
26.296,-479.479796571797,-142.019813287884
26.2965,-484.043373749329,-221.429773722816
26.297,-515.568375839841,-289.688386711568
26.2975,-574.919208564866,-335.037340858609
26.298,-596.709261700136,-357.523746202129
26.2985,-549.418926416443,-365.040042706631
26.299,-471.776603934109,-366.724831238671
26.2995,-394.368105356351,-365.935786083714
26.3,-301.457432877148,-357.943469446803
26.3005,-189.803611858536,-336.049442471803
26.301,-87.7755326803877,-298.736199129092
26.3015,7.43441448112732,-248.725547529089
26.302,130.295767123703,-188.458382336453
26.3025,254.433828285579,-121.449362501986
26.303,287.178750353203,-55.4264742061397
26.3035,203.786653587703,2.77351831193429
26.304,105.535953937519,55.076389016305
26.3045,87.3418912830544,108.255517655465
26.305,124.939501029754,161.464391130039
26.3055,156.902525988023,204.996847802219
26.306,195.987070258518,234.295894789199
26.3065,272.720178559461,257.621749050331
26.307,341.222109774128,283.277852788471
26.3075,349.008532686459,304.613839850681
26.308,351.577942696489,307.356199633835
26.3085,443.820200486704,290.402808289182
26.309,605.908750641221,267.589583580413
26.3095,728.269438157769,244.285026641051
26.31,768.72883991118,204.026243494335
26.3105,765.952764287668,131.630364878023
26.311,707.806957627305,44.8544804163657
26.3115,527.764032675235,-14.0554802509629
26.312,261.984363427373,-23.2915513323785
26.3125,73.8697558450842,-4.499814165308
26.313,52.5172597879649,7.54281539631322
26.3135,91.1232003355387,5.89815502183855
26.314,45.729459012646,8.74746384653954
26.3145,-73.3775201711788,25.8255701319921
26.315,-162.953007731196,47.8783935920887
26.3155,-207.992570847517,68.2328080087771
26.316,-284.035592075171,94.0827396300599
26.3165,-406.651952893502,129.854183312759
26.317,-492.866359121585,166.393533937378
26.3175,-485.27648479155,197.232547706911
26.318,-427.540461311837,232.446405420398
26.3185,-386.059299356807,283.386463974987
26.319,-358.618698545543,342.359174394896
26.3195,-300.606082895463,390.119070289503
26.32,-206.857313742709,416.905445815241
26.3205,-127.515899894514,422.898895969727
26.321,-107.096857914047,402.497114720892
26.3215,-127.171825818389,343.068235671596
26.322,-120.070635090466,240.479636901377
26.3225,-49.0541292968344,105.903914299468
26.323,28.8966520767172,-42.7776817121753
26.3235,9.79969010981952,-187.363410552961
26.324,-131.446166759804,-309.162563564773
26.3245,-291.359021661757,-395.567113991553
26.325,-341.539731560897,-450.653453095698
26.3255,-255.676695449655,-490.405824621784
26.326,-102.617035940586,-524.433074823415
26.3265,50.430822103711,-550.610684885025
26.327,171.110339233764,-569.577072092163
26.3275,221.095339199834,-592.361535630987
26.328,159.329512798381,-624.960561506712
26.3285,3.61188694054952,-652.687013945298
26.329,-164.08169356752,-650.454764964391
26.3295,-275.390188639073,-607.572253923019
26.33,-320.360582891917,-535.957270056061
26.3305,-304.605610074642,-455.073213904754
26.331,-214.623585314092,-374.904165841615
26.3315,-56.6018809135204,-293.695702037686
26.332,111.171252188719,-206.279509678325
26.3325,225.343530990151,-111.82968244626
26.333,277.514242437483,-16.6952997342601
26.3335,300.06710399045,67.5834862865692
26.334,312.839750240539,130.720999594945
26.3345,310.725515384581,170.954043527559
26.335,286.113213176211,195.998478420305
26.3355,236.358335335101,215.688691745862
26.336,160.862851899909,234.756239847506
26.3365,71.7072042474684,254.770629478557
26.337,-4.71922045552792,280.500244338876
26.3375,-52.354246418331,316.917705418987
26.338,-76.46866158719,356.799789028453
26.3385,-79.2319046554426,378.744526733684
26.339,-50.1089439633387,366.781917032709
26.3395,3.04397818482938,330.183430580154
26.34,45.5125802813825,294.849331034019
26.3405,64.0032434125395,274.714592368327
26.341,89.6407437644735,260.849453815391
26.3415,138.151302232847,240.249697630294
26.342,163.064052295615,213.397552977293
26.3425,120.238569943069,185.997511187939
26.343,52.7847613582924,153.257490897499
26.3435,45.9362394499411,104.753047061276
26.344,102.155060002628,42.6901887965609
26.3445,124.980909497869,-13.8993428479994
26.345,38.9217038436056,-44.4107399902696
26.3455,-126.708536606228,-43.2799167815993
26.346,-286.430591168161,-24.480745911215
26.3465,-379.27334575349,-12.1475754847234
26.347,-381.880618278066,-20.3603236593883
26.3475,-294.19880701447,-36.7849979930281
26.348,-149.159258208787,-32.3747614379577
26.3485,-3.71560965847061,7.18931433200291
26.349,113.406121885676,67.1223748438162
26.3495,224.841067816767,125.504695145266
26.35,356.469906524434,175.425184895648
26.3505,492.575547509654,211.188223118551
26.351,594.968331028542,206.764873002802
26.3515,632.821836138571,135.753427376587
26.352,575.290190504202,14.9147641251284
26.3525,399.582971987435,-95.0124342935165
26.353,141.870734705805,-141.796224581444
26.3535,-98.4107244260228,-123.155111123177
26.354,-247.441264214377,-74.2694024098527
26.3545,-318.693899989947,-32.983040139569
26.355,-347.690871692358,-24.0284698035885
26.3555,-313.612792596114,-55.1364873719316
26.356,-194.988864994327,-108.800198267826
26.3565,-68.332701167508,-148.116449762639
26.357,-54.7297044073023,-149.596311021383
26.3575,-162.434241574148,-127.56318549907
26.358,-269.867445566953,-113.851768497465
26.3585,-290.580601138013,-118.200571062033
26.359,-272.865335908568,-122.532306235012
26.3595,-289.083682619792,-111.112578181274
26.36,-303.654102946592,-89.6843290298427
26.3605,-234.722237900316,-71.0096507574416
26.361,-107.878401474501,-54.6358663005309
26.3615,-51.7367947659132,-29.2682767267571
26.362,-129.206259580619,11.3163995082463
26.3625,-244.281959212305,61.9234824514014
26.363,-250.960029296194,111.601839312795
26.3635,-114.652631172549,147.944691772411
26.364,68.2257383272173,156.484382410615
26.3645,185.044264263534,125.834902919824
26.365,202.910772697951,62.4323752734416
26.3655,157.303008278458,-2.22735598815232
26.366,83.6498362494379,-30.7434917138595
26.3665,-15.9917030612267,-12.7035786958558
26.367,-143.328516176523,27.3904697089344
26.3675,-260.094408105933,59.5516864408731
26.368,-293.974018513012,76.25615111473
26.3685,-202.637086040206,82.9928065677674
26.369,-32.3068358611818,75.3024314937696
26.3695,102.256891096489,46.6516951597846
26.37,112.34448472159,13.3230338802701
26.3705,13.7378199924155,4.33859182882546
26.371,-93.7081817738642,20.8308832055697
26.3715,-123.170071929236,28.830050888355
26.372,-69.666550126867,2.50527938072705
26.3725,13.6837698200637,-46.6446414695518
26.373,83.3141279632205,-95.3444046519706
26.3735,129.773179306826,-139.594996684529
26.374,151.774967621011,-181.687603868929
26.3745,144.807132196396,-208.929965655491
26.375,127.022880629471,-212.797161572863
26.3755,145.840247941879,-213.947984964915
26.376,231.09525652896,-236.991188378553
26.3765,352.493265366966,-268.423348397291
26.377,445.597452046376,-271.459396529873
26.3775,474.503200982523,-239.587122528648
26.378,452.597244034853,-202.046255756527
26.3785,411.343240936145,-173.288254083324
26.379,370.601465585248,-132.298541397691
26.3795,334.576552373183,-65.2890950474093
26.38,294.782568507755,1.70941924869556
26.3805,237.925102032621,33.7292647878834
26.381,167.568552121434,29.2389625839885
26.3815,111.274426851403,11.5557759966457
26.382,87.3969572545453,-4.69750377813892
26.3825,78.1429674070672,-17.5266048407891
26.383,63.5355952798994,-22.1690457316225
26.3835,63.9118027467283,-15.1385915729851
26.384,101.144135602947,-5.86031793824301
26.3845,127.562641586244,-3.22602699275053
26.385,62.6355868396901,4.29016115573226
26.3855,-81.3752224285812,35.1245547795608
26.386,-183.221588899746,84.4302814819356
26.3865,-171.029394870987,127.583733565358
26.387,-137.022346759655,154.554309034158
26.3875,-221.491462124194,182.205035776441
26.388,-419.39225717437,227.865781600188
26.3885,-588.286332456645,285.268209193317
26.389,-637.15726616651,332.301889320791
26.3895,-616.459189041813,352.018658704277
26.39,-605.798341202144,342.467016949868
26.3905,-602.994571364294,316.36495880203
26.391,-572.571972343188,295.076666390624
26.3915,-531.207282341372,293.293907208752
26.392,-509.967389506501,304.570960286799
26.3925,-469.433487405677,307.569107587905
26.393,-331.50837681278,286.925703975779
26.3935,-92.5961648983902,240.777762169932
26.394,154.392493118129,171.778478922687
26.3945,318.842016891786,86.6455779838474
26.395,390.418819576376,6.30753984423133
26.3955,414.322442538197,-42.9170524301056
26.396,432.482217264829,-59.4440568182687
26.3965,462.071511695169,-74.0411677581378
26.397,494.865274515845,-113.904298173492
26.3975,497.541727240113,-168.808435406901
26.398,435.614227751678,-206.937814164237
26.3985,310.279705112821,-216.44953121254
26.399,153.898296197183,-214.809804149914
26.3995,-10.728471186408,-220.383352215737
26.4,-176.042031354509,-231.768995943274
26.4005,-314.46536591067,-236.787266029335
26.401,-383.33860945085,-227.339550179489
26.4015,-383.336754252768,-201.263047879849
26.402,-368.800629932854,-161.722869606091
26.4025,-372.034474474897,-120.479815503928
26.403,-358.097897210657,-92.0160859962222
26.4035,-290.228064162502,-78.7009415207743
26.404,-197.36557394278,-70.4626431720693
26.4045,-124.108152223883,-64.5579632763731
26.405,-48.014148503347,-75.1471376632576
26.4055,84.2735128813701,-113.068649401523
26.406,253.466616863114,-163.080357304987
26.4065,373.688472785008,-193.783928853655
26.407,405.215869910465,-189.416892649313
26.4075,390.299494873924,-163.087658624564
26.408,362.154899483658,-139.148526540127
26.4085,293.234319182566,-130.656076540286
26.409,171.001522654845,-133.971722746993
26.4095,58.6963353302752,-135.709587393464
26.41,22.3818796686368,-120.653364488855
26.4105,39.852794417398,-79.8687459122453
26.411,41.5379650859505,-18.5266675227207
26.4115,14.70780248275,44.829324757252
26.412,10.0035411477863,91.1786382527073
26.4125,62.2165978089313,115.557094269375
26.413,159.662410286794,129.214202641769
26.4135,281.68032927252,146.917262521455
26.414,412.126241189607,171.079655071982
26.4145,517.083911876372,189.477068808778
26.415,558.661168398732,192.007872421374
26.4155,536.196373373777,188.251580208383
26.416,476.313370513547,198.975184791736
26.4165,387.948828790698,224.673127865328
26.417,271.742279204706,232.228204218152
26.4175,162.701243469008,186.76052833442
26.418,98.2538401991936,95.0497640910165
26.4185,38.4085492219184,3.93823899349968
26.419,-108.013508364516,-46.3300466765939
26.4195,-348.637068627775,-54.4625057469919
26.42,-568.976590737848,-40.9520676535736
26.4205,-676.754286989216,-15.8295767402052
26.421,-723.055802069856,22.9891463178516
26.4215,-810.159589439003,70.0866958150206
26.422,-922.642848674295,110.007042555512
26.4225,-939.852388957516,134.253341135195
26.423,-808.341439009671,147.738938417025
26.4235,-614.842180414232,157.093165221122
26.424,-463.378501904812,163.881713324036
26.4245,-348.075738122082,170.87395975264
26.425,-193.15336749862,181.984636549711
26.4255,22.5462897167957,190.22230118475
26.426,233.909422317117,177.319839583404
26.4265,370.550406174357,134.993329600433
26.427,427.264084949845,78.6071302763265
26.4275,446.197199723347,29.1112382446556
26.428,454.205575196975,-11.8260526176394
26.4285,436.475706642171,-54.6973488990574
26.429,370.714969160484,-94.411145856502
26.4295,274.649946389566,-110.297438144732
26.43,203.775956249834,-101.501718610825
26.4305,196.365113157379,-104.229396003175
26.431,233.372505936935,-154.275333327984
26.4315,262.483438693974,-237.966119750296
26.432,246.570694564921,-300.323420561665
26.4325,174.960075529678,-305.883569794687
26.433,53.3251825020201,-275.825902957814
26.4335,-81.5094322691973,-257.166650641068
26.434,-154.772016361417,-269.288864045432
26.4345,-114.900369978229,-294.521375666583
26.435,-5.11875594304159,-311.900481382923
26.4355,75.7544605968898,-320.713636485902
26.436,92.839580250601,-329.513180213667
26.4365,98.5664544392916,-338.059481547359
26.437,118.285795111494,-337.865120965559
26.4375,87.9547223500608,-321.680079843952
26.438,-35.3040385634051,-285.559960275584
26.4385,-161.722644168485,-227.560652093635
26.439,-161.700939498728,-150.363560087379
26.4395,-52.0353919256165,-61.1091385002642
26.44,3.77589616191905,35.4239124020128
26.4405,-103.715284540146,139.026759825321
26.441,-304.837817844068,246.395681634635
26.4415,-454.718703302431,347.557223334556
26.442,-496.345945020074,434.659004390802
26.4425,-475.952574175899,507.771165223971
26.443,-444.949555179448,565.55526051477
26.4435,-404.909199955325,597.265487382021
26.444,-336.449882476356,594.871451515703
26.4445,-241.02431143284,570.049780136131
26.445,-145.57283306385,546.00209979556
26.4455,-69.0903146360025,527.790364883003
26.446,21.5051188986539,488.740200958706
26.4465,199.583025329381,394.011409417585
26.447,476.002470565612,238.164937887867
26.4475,718.555602645738,57.7589066471149
26.448,750.154307011008,-93.6213219351591
26.4485,552.674609313184,-184.46815056769
26.449,302.757989216104,-223.118830949329
26.4495,166.31730683117,-240.228035720675
26.45,131.29138130849,-257.995545042606
26.4505,100.878906057142,-279.739968185029
26.451,69.9415218981595,-303.457485277939
26.4515,106.042336650629,-330.919175800158
26.452,201.979636533787,-357.728944636576
26.4525,264.387874846916,-367.506335567491
26.453,243.336215055205,-349.827049347593
26.4535,174.698388825431,-318.060595704999
26.454,90.7062789175396,-294.512491422373
26.4545,-16.5149966547677,-279.452428434533
26.455,-128.301672297635,-250.542974196923
26.4555,-188.604915703336,-196.124086608356
26.456,-189.192050592555,-133.867444419695
26.4565,-190.710035360123,-87.629259241875
26.457,-234.300945995548,-57.0981467698874
26.4575,-303.800116742031,-22.6195319096518
26.458,-390.102776426666,25.9037485469966
26.4585,-501.795740741568,78.308819653222
26.459,-583.287321653002,122.168681331226
26.4595,-526.448227733528,159.636243641828
26.46,-321.861079950094,200.358292405627
26.4605,-105.978933953385,243.187821323533
26.461,14.0170581733895,272.173389698318
26.4615,97.0638045128331,271.696317811079
26.462,245.161774221461,242.620263726156
26.4625,423.945932396097,201.860615749107
26.463,515.993506477072,167.370393229224
26.4635,498.668378999815,145.491385873579
26.464,449.837990541726,131.965452177079
26.4645,403.715747911008,121.00906314028
26.465,317.828525435716,110.814354326055
26.4655,180.509148848077,102.859543058501
26.466,47.1815086535057,99.469726608371
26.4665,-42.4526405870066,101.086751757439
26.467,-98.3424854403714,103.242587239857
26.4675,-122.624503374395,97.6368719752178
26.468,-99.8581604674132,79.3566273049113
26.4685,-55.3893101738367,52.1624193558719
26.469,-43.9299577342022,24.294328231217
26.4695,-64.9088320700588,0.775397820604709
26.47,-64.2340556188108,-18.3886823395715
26.4705,-33.9420684965668,-37.2258175105276
26.471,-30.5019237352294,-66.1993822431205
26.4715,-74.2810227682413,-120.280464400852
26.472,-113.794401716005,-204.064878539164
26.4725,-119.642314011162,-297.92708913371
26.473,-129.308568772964,-367.465725422838
26.4735,-154.376587475,-390.359273454821
26.474,-126.214859986241,-370.365531951452
26.4745,-1.6255877912793,-326.255918329931
26.475,138.4202875852,-274.836591687141
26.4755,171.407748578451,-225.147943145425
26.476,80.4233783636222,-178.656579441336
26.4765,-44.9953382515956,-129.038633968117
26.477,-127.946018752962,-68.3830855057565
26.4775,-161.037378124149,-0.186943977927262
26.478,-157.890633906136,57.3934906065866
26.4785,-108.741500016707,86.0515115618644
26.479,1.84271921621279,82.3536324742981
26.4795,158.632389357351,55.6721057608459
26.48,303.218529913032,16.4988702954855
26.4805,357.064208661586,-27.547711616491
26.481,280.507806689694,-67.4794518995429
26.4815,120.197818378126,-92.1803101097272
26.482,-28.5428893428244,-94.508515138951
26.4825,-116.932369447022,-76.9842864683565
26.483,-168.641798631988,-50.4508717925824
26.4835,-207.082304860197,-25.0428742617269
26.484,-213.226764199271,0.0518491529664602
26.4845,-182.614095397673,36.0207042953635
26.485,-166.426656314819,89.7899243185518
26.4855,-206.252704877107,152.471118848849
26.486,-266.805505244965,208.224470670053
26.4865,-282.14446436928,251.216470426989
26.487,-238.456152848707,284.005531415857
26.4875,-168.942083476756,301.552140914265
26.488,-102.701880628877,292.752976869163
26.4885,-66.4574078440928,263.584130977498
26.489,-96.9813072731154,244.178825967729
26.4895,-187.925278683161,260.299316103463
26.49,-252.624802474382,304.504742932726
26.4905,-210.760532394188,345.785389908977
26.491,-98.8132785674635,362.518226862127
26.4915,-27.0446148756513,356.675707009968
26.492,-34.6057399088684,340.701857831019
26.4925,-56.7387946400068,321.056296918676
26.493,-34.4748452953029,292.601713735568
26.4935,19.9204188355552,241.035847383289
26.494,83.0965511955575,153.919113934314
26.4945,169.47302477207,37.9873518916965
26.495,278.634815432817,-76.8808602114212
26.4955,351.702249260031,-159.561567609302
26.496,336.460201199314,-202.423778017801
26.4965,267.382366324507,-218.50944958717
26.497,230.279833717081,-220.152309761964
26.4975,258.014598994478,-212.462124584167
26.498,302.481552909691,-205.661823278904
26.4985,309.665113713578,-218.120487381054
26.499,286.719259432668,-259.229954606475
26.4995,280.745717565549,-315.835920027681
26.5,314.407367481916,-362.640617735804
26.5005,367.860516457592,-385.525428076455
26.501,419.830764468436,-392.532419813219
26.5015,475.77521218172,-401.584781077394
26.502,534.089292908741,-417.281187319221
26.5025,544.976798107126,-422.643127804605
26.503,445.482267272411,-399.421032286214
26.5035,242.123315778605,-354.465740549525
26.504,21.3269853158413,-314.515519258242
26.5045,-139.243937150402,-292.512782864969
26.505,-235.201148843112,-273.512539258676
26.5055,-290.494032703437,-240.652308054026
26.506,-292.179187148963,-197.262727823609
26.5065,-218.373724706967,-148.656747553829
26.507,-108.081049149812,-79.8861530437256
26.5075,-47.0734138064033,23.0270883213793
26.508,-79.2344503365624,138.224280294304
26.5085,-166.538467350327,221.34095184077
26.509,-241.98326108313,252.566359321721
26.5095,-279.061712231072,247.498399485638
26.51,-308.696253447456,224.71011717785
26.5105,-383.407087225268,192.4820963859
26.511,-517.264109823229,170.60628800445
26.5115,-649.739341382642,189.894598130554
26.512,-688.53793972048,251.575844561069
26.5125,-603.829863289861,312.298465141068
26.513,-454.670971478452,331.04579683346
26.5135,-308.888307496455,313.96870969268
26.514,-181.225389849616,294.08447419943
26.5145,-76.5025503201448,283.465167854619
26.515,-30.7467451138905,267.40407470152
26.5155,-50.2799047778815,233.271655058076
26.516,-64.8614321799828,182.200778598066
26.5165,-19.9439193777711,119.780341687159
26.517,31.0354906977258,56.1017809724412
26.5175,21.5974449647941,10.1740151756685
26.518,15.2966688900416,-4.29417078884884
26.5185,121.004170948092,5.56071470228966
26.519,273.525681802589,24.2270857660099
26.5195,253.31367131313,47.9080607921354
26.52,-24.6356769733546,75.8872223923337
26.5205,-371.763768128382,92.0197161637691
26.521,-551.13345979665,77.8213734911157
26.5215,-531.049068037943,40.2075562096793
26.522,-422.871950773635,5.09638771589959
26.5225,-271.560309594934,-13.9050561052301
26.523,-43.8871038393749,-20.6643210594139
26.5235,230.789464555839,-16.3948034609032
26.524,454.44402372728,-0.562677226879287
26.5245,594.219400746824,9.67922354744234
26.525,705.024111276579,-9.69241547557781
26.5255,800.980369655686,-54.242948705513
26.526,807.573870111627,-93.7181642335797
26.5265,682.493372539385,-116.271867397526
26.527,505.236177458104,-140.488781133249
26.5275,391.628987921353,-173.299318315078
26.528,365.081991178739,-190.632566144552
26.5285,358.985754237404,-182.269447184688
26.529,316.100948189165,-184.262586571848
26.5295,243.118437726491,-231.382339190574
26.53,181.167706794235,-296.033625581552
26.5305,155.235118176122,-313.856275845457
26.531,151.606578661449,-265.315051700516
26.5315,130.825248636233,-197.051988127463
26.532,66.74330601107,-159.722672144018
26.5325,-22.4581353676899,-155.270541308482
26.533,-92.3586594727452,-153.190286769698
26.5335,-124.507965904483,-130.891161576248
26.534,-145.920723931016,-83.0974454926071
26.5345,-190.553674777365,-11.7822759775238
26.535,-256.879757486887,74.2963845649842
26.5355,-314.451219629261,158.801769742779
26.536,-340.660284787083,228.961602809115
26.5365,-336.478803717747,282.325399115682
26.537,-310.518347441049,318.128843717178
26.5375,-263.684618527561,333.790015572646
26.538,-197.004149356591,337.149481469312
26.5385,-126.194653274889,347.926173494097
26.539,-73.7203778669167,373.456023338988
26.5395,-42.5383529700925,393.075744438272
26.54,-11.900113395578,382.689471185954
26.5405,25.8748250284258,349.406582201488
26.541,30.5429490499299,324.716147696079
26.5415,-65.2138919109049,323.081492533721
26.542,-291.969294367544,322.702406053338
26.5425,-601.463335986221,292.888336197469
26.543,-883.559014268834,230.392224346688
26.5435,-1028.33544177551,161.711790446864
26.544,-997.222376069239,114.269454733383
26.5445,-848.779702207476,89.8494023582886
26.545,-671.098216696046,63.3647486333348
26.5455,-473.690035262677,4.77045810795386
26.546,-189.204835520262,-96.1397604162018
26.5465,182.765641692474,-225.615165248703
26.547,498.081285324943,-366.590554571259
26.5475,625.388503793999,-517.823484414548
26.548,643.917492835273,-683.883902467819
26.5485,754.674520815874,-847.870225847217
26.549,981.634136727287,-967.555120115791
26.5495,1102.70764393836,-1007.15560357117
26.55,947.348906931897,-967.415681278133
26.5505,639.743420365407,-878.00865905852
26.551,434.155548849909,-766.436840421434
26.5515,398.143194194556,-643.551438791496
26.552,396.857449098229,-514.997110191787
26.5525,336.957244677238,-391.913618555213
26.553,263.545513419662,-283.200096397821
26.5535,211.093679516172,-183.072438447836
26.554,112.585218142032,-73.3900083609354
26.5545,-81.1846535877551,60.4003898161093
26.555,-296.235567252161,214.766529126845
26.5555,-422.145159230696,366.165575788117
26.556,-438.415992765949,483.923342419386
26.5565,-393.040260751426,550.915992852063
26.557,-311.309935711941,575.256745080782
26.5575,-194.842245982722,579.759386707529
26.558,-75.2638544642301,579.392299959848
26.5585,5.40965147495428,572.915956619365
26.559,64.4957783210878,556.426064316828
26.5595,171.179671427329,536.340293532877
26.56,351.069739881045,522.16314035062
26.5605,528.988702649763,510.973750353031
26.561,591.329415987877,487.451948097699
26.5615,500.006858414405,439.499284174065
26.562,325.928678232797,369.250313438456
26.5625,159.244917140346,289.998278501266
26.563,3.27576581703803,217.503094096691
26.5635,-208.034929542062,162.903397390092
26.564,-488.276590030779,127.365289502146
26.5645,-749.945847884659,102.871460759746
26.565,-910.65665270433,83.5818634477696
26.5655,-994.884661817391,75.6451423586183
26.566,-1067.96799021331,87.147458773796
26.5665,-1105.90504541154,105.921426365215
26.567,-1011.70566192104,97.5820796401464
26.5675,-749.239566367506,35.6006612146525
26.568,-382.36741374544,-68.6863290238895
26.5685,12.0155645249296,-173.148546204449
26.569,378.615921829118,-242.602904301124
26.5695,625.214037260964,-276.385906063126
26.57,643.377595996883,-299.768279227569
26.5705,446.239345765462,-332.290745604837
26.571,204.211058262938,-365.235542208505
26.5715,72.4965091603439,-368.73960916741
26.572,37.0233121465243,-321.948655822017
26.5725,-8.80363759325182,-236.882489966953
26.573,-95.4604722666789,-149.474196106756
26.5735,-166.332962132757,-85.3652775992311
26.574,-191.588360174505,-39.2891634035913
26.5745,-196.75516968851,8.40626795850191
26.575,-185.760744295964,62.1362973973468
26.5755,-119.894967798483,107.546466736004
26.576,11.8389520015372,134.149257843315
26.5765,164.048284420299,148.833800518777
26.577,296.427509221917,163.340318220026
26.5775,415.998786142138,177.372196458638
26.578,536.225270779879,179.15796771577
26.5785,630.928957086172,156.022749160575
26.579,654.926756554354,100.167746896706
26.5795,591.99121315921,12.7277806112839
26.58,465.890260937742,-88.9399196596121
26.5805,316.390533793661,-173.685873005542
26.581,177.527378153552,-218.361938785687
26.5815,76.7164745818907,-228.76701108304
26.582,46.5729061740484,-232.292922714157
26.5825,119.614031384246,-249.909061979421
26.583,285.094653805578,-281.982343436986
26.5835,453.105790220978,-319.710228603883
26.584,504.768880790398,-357.978894488459
26.5845,405.706320451353,-391.226927628057
26.585,242.104125042315,-406.701551115996
26.5855,116.975339015451,-393.196383962172
26.586,39.5671821213273,-354.226636037067
26.5865,-49.7117212896554,-304.000144576094
26.587,-178.597769944873,-250.809433896246
26.5875,-320.208150100689,-191.612734710437
26.588,-453.160778577807,-122.600402971172
26.5885,-583.540598979841,-46.4220817547527
26.589,-698.693190899156,32.9149915236177
26.5895,-743.987384299539,112.363031693501
26.59,-664.221370642826,180.700421314536
26.5905,-450.056852257719,216.000677193752
26.591,-146.649218369465,204.56958108835
26.5915,159.643501600249,160.784183093844
26.592,373.164944541228,117.273810454981
26.5925,443.34011792991,94.4018650195043
26.593,390.276119883232,89.4457991675225
26.5935,258.382399703832,97.1118308551868
26.594,64.9954315688503,125.827790375078
26.5945,-169.750257686961,183.184296328282
26.595,-368.962584880815,255.379764022024
26.5955,-440.798925160346,316.329238776188
26.596,-378.764563050026,354.379060580525
26.5965,-265.437542344875,376.309346743405
26.597,-168.119228969564,385.127618341172
26.5975,-87.633174904924,368.816064804865
26.598,-25.478233412042,317.044439476148
26.5985,-33.9519563921267,238.976261903474
26.599,-151.125998292698,158.119605702495
26.5995,-324.574054434843,96.5280769961279
26.6,-450.198952733534,67.7966875106925
26.6005,-474.529168146554,75.3675797630913
26.601,-429.286599368604,108.899206082651
26.6015,-379.107118738598,147.778606842548
26.602,-358.293627136115,175.437834563862
26.6025,-343.319894003184,187.043979260902
26.603,-266.303283245025,181.485171446222
26.6035,-70.0512924824003,156.154701494282
26.604,230.548455995458,115.988661753111
26.6045,548.167628587287,76.1878005380516
26.605,784.559342747459,45.2132356468418
26.6055,874.100318581689,14.7146261355214
26.606,782.21443400742,-21.343132252188
26.6065,522.518476918723,-47.441078334312
26.607,196.293758028176,-42.4260808378023
26.6075,-48.5175188865194,-6.98378292970806
26.608,-148.870306927636,42.246523270969
26.6085,-176.842800550796,97.2103421956682
26.609,-209.779061720574,152.562708973941
26.6095,-197.445669972817,179.843108887034
26.61,-34.7528987656236,140.225943970382
26.6105,259.335995348409,33.0800543727123
26.611,528.491110119933,-94.6158836765316
26.6115,655.178754719486,-201.485479146044
26.612,669.144151401147,-290.65746753235
26.6125,650.826723487037,-377.933933583536
26.613,602.239963640083,-445.969513436013
26.6135,474.978087378154,-460.987945365243
26.614,283.495298208063,-424.498837205097
26.6145,118.010445239227,-377.594818163897
26.615,43.9629398717518,-352.982460993501
26.6155,34.5703369202205,-346.097873165712
26.616,14.4364328727109,-336.94654900931
26.6165,-58.0305031880098,-319.658418875942
26.617,-165.47373345966,-302.646972932159
26.6175,-271.333614071248,-294.651953217
26.618,-363.523475347637,-299.665977968518
26.6185,-452.786156332713,-316.577254710462
26.619,-538.439445676844,-337.401771935365
26.6195,-595.658082340937,-352.236536129476
26.62,-602.40789008349,-359.756747096118
26.6205,-554.976733677643,-367.385831524118
26.621,-438.486556919328,-378.986217321667
26.6215,-216.522682181638,-386.714452034299
26.622,95.5016545121112,-374.649665739638
26.6225,358.077788092085,-326.451111964303
26.623,384.352420096968,-234.026859873782
26.6235,125.339972222457,-107.355695107364
26.624,-266.361647168857,27.0493650442437
26.6245,-591.073020290409,146.84589785964
26.625,-776.165740928249,251.539503019788
26.6255,-859.505555466886,352.49151698676
26.626,-860.798415728791,451.945104661992
26.6265,-753.279767353767,544.762051991872
26.627,-540.501259658191,634.708808149154
26.6275,-269.836557727552,728.857239125712
26.628,40.1921481449076,813.225057440935
26.6285,402.925846724687,852.272332082922
26.629,764.491858695037,821.717053228359
26.6295,980.793253015148,732.552305909951
26.63,956.010563002464,619.144496846783
26.6305,762.015808607198,514.177483408363
26.631,563.473068759975,436.362839088551
26.6315,452.174088541782,386.414429074366
26.632,403.251573615433,346.407617521001
26.6325,359.781050922486,293.578515483053
26.633,291.08310996606,222.059171125712
26.6335,181.159145661879,143.782345201206
26.634,35.1575353438353,66.9216901833992
26.6345,-88.5114793409146,-12.603900376769
26.635,-113.651111232723,-93.5797085657576
26.6355,-40.7315089332677,-159.201626464211
26.636,37.7850948434517,-194.680318685348
26.6365,42.0010377597776,-205.010080386039
26.637,-12.5956727029571,-207.035338132266
26.6375,-59.9764861520695,-212.675218982035
26.638,-69.4778414446305,-225.199163759922
26.6385,-50.0468525393137,-240.856655341897
26.639,-2.60301910306567,-249.085044376076
26.6395,80.2938057397242,-244.279386252778
26.64,176.226477823288,-242.400632054836
26.6405,239.565512667479,-269.005559883873
26.641,255.082971771392,-322.563559410154
26.6415,256.403089478755,-368.323058446131
26.642,276.555653706013,-380.64724816657
26.6425,292.641270081043,-372.4357724986
26.643,236.039907604482,-367.025623123468
26.6435,70.1771862675894,-360.65830384117
26.644,-139.407140938577,-334.382584207206
26.6445,-260.849735470448,-286.609829373933
26.645,-240.596363359938,-228.08825354389
26.6455,-195.100090457746,-156.406383138281
26.646,-288.539631883912,-63.5601257793385
26.6465,-507.77538761942,36.7532451577946
26.647,-650.103943992448,115.236990732059
26.6475,-592.798988570806,157.732012121274
26.648,-483.083751318959,168.31961188217
26.6485,-542.198152434614,148.835576574463
26.649,-732.537865245724,102.522606258151
26.6495,-779.934307404105,54.6120642924864
26.65,-547.567217524594,38.8447363663826
26.6505,-233.245983806469,58.9053743871558
26.651,-111.97855879799,86.7798081877441
26.6515,-200.036637586481,100.108328885163
26.652,-292.150570418702,95.3130435256479
26.6525,-253.406723602067,64.7569322880282
26.653,-130.994455244395,-3.98362576313878
26.6535,-3.87000165824915,-95.3122574481286
26.654,127.980267883701,-162.301984056837
26.6545,269.69062773951,-171.427014966516
26.655,364.331014697924,-128.877204035582
26.6555,370.397400972688,-55.8700426056173
26.656,340.679259627086,31.3743926460948
26.6565,357.654635589733,106.343658727314
26.657,426.976383370582,135.494229658694
26.6575,487.773819045,122.209531093647
26.658,501.523973830774,116.308783471419
26.6585,481.149925512772,149.893134931247
26.659,447.851235431243,190.37242296489
26.6595,406.525617882398,189.799250389769
26.66,365.828091088268,155.170195757559
26.6605,349.717267011864,129.416676572561
26.661,375.855851302835,122.354465825439
26.6615,428.973849082393,108.306989300909
26.662,458.404410048028,84.6331310073066
26.6625,413.170119573955,84.292335598489
26.663,301.623685347119,125.544906044834
26.6635,209.686748252362,189.035999659197
26.664,220.726180550823,250.557035797042
26.6645,309.838341610672,298.303953391431
26.665,361.137684058947,311.290907801236
26.6655,304.16767023341,264.167653124574
26.666,178.153774007468,171.226576066709
26.6665,30.8574174503442,87.3720775187935
26.667,-176.929222112828,42.0247106264573
26.6675,-492.31986854953,4.84483291422804
26.668,-838.41566237921,-58.185710470887
26.6685,-1056.08941492471,-128.693642073402
26.669,-1077.00051876293,-170.25034314256
26.6695,-977.88974539169,-190.417805831438
26.67,-856.015889937439,-224.582961866539
26.6705,-728.297551313198,-273.315474239952
26.671,-573.472592689894,-302.913555656731
26.6715,-393.809203450569,-307.399604697428
26.672,-192.321915454682,-326.364753252772
26.6725,43.2482045422375,-388.934418189065
26.673,277.714341676957,-472.0850499942
26.6735,405.744616471539,-530.054167735394
26.674,361.181997365688,-542.073671765823
26.6745,214.345775505013,-517.853024568472
26.675,93.1439316841604,-476.962915463789
26.6755,33.5016042055768,-437.726643193241
26.676,-21.4881080987495,-408.967063618784
26.6765,-94.9449415050184,-377.163885201661
26.677,-136.327787585878,-315.770854059174
26.6775,-115.206663889931,-220.832583903781
26.678,-71.8294487389217,-121.73911539575
26.6785,-43.1104613485402,-40.2243661152268
26.679,-5.17161451044013,44.5447408687898
26.6795,68.4420753950377,165.430662923001
26.68,145.335186607291,312.408453331184
26.6805,181.592287146505,438.218708626738
26.681,192.409168669358,519.492222925347
26.6815,225.063675673739,583.658052794483
26.682,290.300664032013,665.430211767711
26.6825,370.308581396458,760.848494636003
26.683,467.144896686992,840.860468713218
26.6835,580.405209757749,891.672732119044
26.684,648.666140352972,918.998637527113
26.6845,582.907632868143,921.342356276503
26.685,372.989282040327,881.990714728091
26.6855,108.941195328138,787.472826186768
26.686,-118.835487303043,637.936133842496
26.6865,-288.06390225712,441.96851163428
26.687,-391.850588734008,221.539761398806
26.6875,-382.080772898317,23.0401539394626
26.688,-229.090936973265,-104.068209378851
26.6885,-11.8843349450641,-157.868816638638
26.689,119.471293077107,-198.012435121311
26.6895,85.6776109251272,-287.288004624347
26.69,-53.1029503463243,-422.941871708989
26.6905,-180.47545306422,-542.189591419314
26.691,-246.155875023967,-592.361672520605
26.6915,-290.035684294816,-577.469158897006
26.692,-365.531520827036,-535.04422897281
26.6925,-462.672463389561,-488.527542993846
26.693,-510.869595549818,-435.116589006502
26.6935,-452.76520915205,-368.578710087395
26.694,-306.904278385069,-298.051255246111
26.6945,-143.924188687469,-243.720512659468
26.695,-3.53434419386999,-219.832291025988
26.6955,133.278804147443,-221.245081582916
26.696,273.87374895093,-225.607502091859
26.6965,360.443383053142,-214.722255076182
26.697,341.187364322425,-196.930892967468
26.6975,271.020024079875,-200.729275516642
26.698,263.489062391612,-240.194282377004
26.6985,330.838499618291,-294.457615947565
26.699,349.547662950233,-330.982310830349
26.6995,224.884461554939,-343.466357774474
26.7,20.4271811238859,-353.688717625334
26.7005,-139.82419318154,-376.346546501153
26.701,-239.20967164967,-395.499333412051
26.7015,-343.365866714618,-381.979965300887
26.702,-436.012006498366,-326.210604598237
26.7025,-399.069526824152,-246.605014124268
26.703,-189.116932254637,-169.409415179022
26.7035,58.9914667212926,-107.040544051303
26.704,168.814870052019,-55.723697901907
26.7045,111.366427206012,-8.36054208775281
26.705,0.66614145623717,35.4130967319973
26.7055,-58.7702572067925,74.0206155253598
26.706,-55.4552740964952,117.158224648096
26.7065,-25.0102782581083,187.656797762118
26.707,8.93298528921346,302.143854749958
26.7075,40.0992123561897,447.918203209582
26.708,74.4193958357545,584.378133159724
26.7085,133.189764632285,672.482928148412
26.709,227.310058117059,702.714008421759
26.7095,315.997029498982,692.967001737773
26.71,319.604630324548,662.767874822065
26.7105,192.192108982153,616.49013977224
26.711,-27.1179052955405,554.439865263819
26.7115,-235.808950894204,493.639828750701
26.712,-330.33843368215,465.051692405426
26.7125,-260.950605475596,482.835511402285
26.713,-58.8753882357522,522.42845679351
26.7135,181.411891353585,541.901576604431
26.714,366.87694731174,527.302744553728
26.7145,462.457074386785,504.015440146303
26.715,478.742614288549,494.0260213016
26.7155,420.828388163108,473.534550831961
26.716,281.641846871133,393.052614326585
26.7165,82.6695267326346,241.531383214774
26.717,-117.327726485154,72.3924859422324
26.7175,-266.933807480625,-46.8531885937036
26.718,-346.55968936743,-103.680848371267
26.7185,-338.193117255505,-148.495494672544
26.719,-210.159391098745,-237.096295340278
26.7195,31.7394630290232,-375.007982193501
26.72,293.034315708297,-517.478730337915
26.7205,428.382203590853,-613.462467794608
26.721,346.256713142715,-645.503781731282
26.7215,77.277636801607,-635.542994695787
26.722,-251.844612145384,-623.462635301932
26.7225,-506.934844308087,-642.69034159299
26.723,-626.326100970289,-708.035028117173
26.7235,-636.720341467008,-812.661466959718
26.724,-599.566991631379,-926.995372584609
26.7245,-542.89265639143,-1005.46536045341
26.725,-444.352242163153,-1010.80934763617
26.7255,-268.986056336456,-942.401738608671
26.726,-11.5767048248513,-835.718229211716
26.7265,283.717372913236,-725.875992653598
26.727,520.166195155052,-614.91831621882
26.7275,578.405726657336,-480.990962253544
26.728,399.255818888324,-312.456261255148
26.7285,57.0406535928578,-120.470787113866
26.729,-279.878911654437,77.734483932275
26.7295,-482.958676831398,270.503320905939
26.73,-539.196320770375,444.439495800849
26.7305,-490.928146791751,584.170750415021
26.731,-350.78460316842,689.967009896103
26.7315,-116.916256617121,781.824106340641
26.732,159.433654374978,872.241882067035
26.7325,379.930775129963,943.805393167364
26.733,480.521347295196,966.544296322394
26.7335,481.051147565208,928.36161609854
26.734,454.81803509674,833.56903797265
26.7345,465.795209008383,683.405624948489
26.735,520.667727683928,485.139851615523
26.7355,553.054565065336,280.390223476435
26.736,463.946388502097,134.411354249734
26.7365,211.845375363119,80.467495214817
26.737,-131.491067100908,89.5296185410754
26.7375,-431.163035632454,107.847424474802
26.738,-590.910383406175,111.282921439136
26.7385,-598.172334800116,109.813657784361
26.739,-499.679588072536,113.94367129721
26.7395,-367.318287239486,118.645474060111
26.74,-261.12929949578,114.656306164886
26.7405,-171.281844652336,93.8395974935327
26.741,-7.30645050742997,41.3925677847475
26.7415,291.398205516209,-59.5477922958416
26.742,625.905759300901,-207.91039332321
26.7425,784.702789458993,-377.55102683171
26.743,657.455801292287,-533.226409213007
26.7435,362.250196185306,-648.095582159543
26.744,125.69570532231,-708.89419480588
26.7445,66.7721797867284,-717.172985451723
26.745,128.563125730583,-688.659732220355
26.7455,187.010399490124,-641.524106858202
26.746,176.710962118424,-581.455331204094
26.7465,119.564218635805,-504.460987454432
26.747,74.1651349424441,-412.785007170929
26.7475,71.8349010323537,-316.743009861982
26.748,91.7261335474079,-220.324767818791
26.7485,96.1982033031869,-118.354887607485
26.749,82.5334646111272,-11.4026613111749
26.7495,72.8799151766209,90.0889088942182
26.75,50.9160005286729,182.508351744247
26.7505,-46.6150274098178,276.482781952002
26.751,-248.211673214408,378.496957282147
26.7515,-495.975692192076,476.481091759466
26.752,-712.273347247562,554.566389168443
26.7525,-880.417663076584,613.007663321111
26.753,-1008.5287205642,661.56011710568
26.7535,-1049.53158505786,699.988874979274
26.754,-937.378561037119,717.34834396069
26.7545,-700.724518669047,705.789346893741
26.755,-460.804332175406,663.216990084565
26.7555,-290.581121830049,585.717114253809
26.756,-140.473602915586,470.251735245254
26.7565,58.5004953547922,326.696788120891
26.757,273.617531847011,180.139201563076
26.7575,406.615630221257,60.1244683533021
26.758,417.273888807748,-11.6312733082717
26.7585,356.707594473179,-31.3967264829232
26.759,297.194101304249,-19.0066508078094
26.7595,280.993201548116,-6.23551500739378
26.76,325.871632418651,-10.7299807156004
26.7605,420.628477342208,-27.6592855060736
26.761,504.141334623941,-53.0219232283161
26.7615,498.040963042235,-99.8975251071395
26.762,385.342523650134,-174.992851682365
26.7625,229.130386552163,-252.831867408076
26.763,98.3163626623586,-299.743966106281
26.7635,5.1649845861529,-319.185937553649
26.764,-65.4146680907267,-345.384571354381
26.7645,-99.3327742734153,-390.381834153136
26.765,-63.9420097074931,-427.605934036142
26.7655,37.3952358374433,-438.715114654207
26.766,154.2991222982,-448.385000867253
26.7665,233.792127863125,-492.004548647726
26.767,258.788836973901,-567.720691739413
26.7675,249.519835290423,-642.130248761228
26.768,244.784624065495,-690.24599510699
26.7685,271.41159087031,-708.373572767213
26.769,309.204691676735,-697.565097833285
26.7695,296.290263002981,-658.280849613445
26.77,198.937412004126,-599.223568658667
26.7705,69.4294780703213,-532.03263120212
26.771,-2.6207231162286,-456.638697832513
26.7715,2.28314738167266,-366.317054298241
26.772,18.0176130265919,-265.785279346937
26.7725,-2.60936776792595,-169.992852651104
26.773,-17.4379425202051,-86.1292605190941
26.7735,33.4246852201584,-9.64203070336387
26.774,120.967908210761,65.302036769589
26.7745,145.557866801495,145.739759627882
26.775,55.3320983999364,244.804264912677
26.7755,-93.2783744494856,366.524400668066
26.776,-193.079735341464,486.651307447471
26.7765,-177.221334232787,570.150993145458
26.777,-65.6566193957515,611.19433554809
26.7775,39.9283902903226,635.702031279646
26.778,15.3608549327392,660.702093129473
26.7785,-182.17110830126,675.263169057256
26.779,-460.351565359749,671.294458458967
26.7795,-681.675622905244,668.339215513617
26.78,-810.404920014849,689.051623029122
26.7805,-918.468902911608,726.855514863803
26.781,-1037.12844784108,756.115566563746
26.7815,-1078.20580513017,759.919568639994
26.782,-950.227387577629,729.607420504682
26.7825,-689.324541884839,652.721156684478
26.783,-401.171713545021,526.73732122147
26.7835,-117.144389661579,376.415846518491
26.784,196.281064712877,233.741734843224
26.7845,499.639821258754,107.1765725565
26.785,662.918506309937,-5.2871095399282
26.7855,620.159491946834,-80.9445270576902
26.786,453.573861763312,-84.1960532039524
26.7865,268.684163156366,-17.6876873482951
26.787,60.3920184295012,68.8420604234709
26.7875,-216.679562617096,130.790288311795
26.788,-496.785739311357,163.654498397034
26.7885,-628.431355587459,176.618819646227
26.789,-548.94274406224,163.488609108228
26.7895,-342.445977369071,121.09850087609
26.79,-102.831514059355,67.6109209710893
26.7905,178.842014464213,9.22805606107014
26.791,544.112296946072,-93.4066875411852
26.7915,945.937138627014,-285.231618590513
26.792,1259.05083754896,-543.66279379891
26.7925,1382.12232511784,-780.205945198771
26.793,1288.86650350094,-926.011638226162
26.7935,1020.88351940621,-992.290532318658
26.794,689.609272698528,-1034.06283937639
26.7945,447.151635570061,-1074.62695535268
26.795,368.120285140236,-1084.83166465847
26.7955,362.225836894866,-1028.36128759574
26.796,279.572387232219,-910.034505904256
26.7965,106.564433748431,-776.108365266484
26.797,-23.7532989270733,-672.119244963084
26.7975,-29.092272364693,-602.747482674527
26.798,13.48075471764,-534.739278357122
26.7985,2.89335208791774,-438.807623513959
26.799,-38.8877621972879,-319.164093849318
26.7995,-37.1110623499799,-194.260041646202
26.8,-2.30344228595695,-62.2614107587677
26.8005,11.7563940752088,91.7214109516911
26.801,32.2265414119656,258.078532538025
26.8015,110.58019838977,401.338209761744
26.802,155.588906523118,505.962791517989
26.8025,-23.0830622818697,597.854846297216
26.803,-455.236468527522,700.730920570718
26.8035,-914.719605782852,789.20495187397
26.804,-1157.33676566497,810.44200081292
26.8045,-1164.15985149537,745.221295866374
26.805,-1072.28351570141,625.780957194291
26.8055,-954.03923458448,497.555960408699
26.806,-778.678712785301,385.223479428695
26.8065,-541.00166078052,294.719760179299
26.807,-297.787817200077,222.363929936826
26.8075,-75.5909113819533,152.50227672625
26.808,150.072680400182,66.9245161452401
26.8085,358.272382065273,-27.463687376367
26.809,453.177727239299,-92.4491435482362
26.8095,377.91918364607,-96.2573881879832
26.81,203.865377865772,-51.7914186867241
26.8105,60.5843439582048,-2.60833177772329
26.811,5.10481576602946,27.1025516083455
26.8115,-8.91961226856511,54.0590132112328
26.812,-54.013028866096,104.515369797704
26.8125,-144.837508230265,174.305589043947
26.813,-218.590304111675,230.02385948451
26.8135,-191.573039607671,244.500000263632
26.814,-54.0373583509949,220.143483057516
26.8145,91.006799721564,176.836105039808
26.815,114.998078058504,128.233370492572
26.8155,0.161539870451051,78.3265767567381
26.816,-137.854791255445,34.4505319318492
26.8165,-172.344155177285,9.11557917095696
26.817,-83.3923316975949,5.29231468972881
26.8175,52.0516501021907,10.1623923408529
26.818,149.341101333243,9.89245152621421
26.8185,175.239065373285,2.29748747733236
26.819,152.966472476539,-13.3870434912993
26.8195,142.49782565174,-50.3185869538035
26.82,199.133905077631,-121.625161703612
26.8205,320.824924619745,-213.779361995421
26.821,440.716490416677,-286.434857740222
26.8215,490.868700701211,-305.601626753585
26.822,469.597408772889,-270.387107545575
26.8225,433.845199095364,-203.871025879315
26.823,432.360645867412,-126.882449315332
26.8235,458.290386711698,-47.9429673274112
26.824,462.002220739698,28.2608933360151
26.8245,401.518121855166,94.2702604145535
26.825,284.311530328084,143.032469953256
26.8255,162.658041607682,171.415152983836
26.826,81.1774182187385,178.806239650103
26.8265,30.1074241955142,166.673768801398
26.827,-37.9449554318632,142.351663326446
26.8275,-148.090070561536,120.340358950513
26.828,-277.951631579226,114.324057483541
26.8285,-390.463071624308,124.814300717658
26.829,-467.4950678634,136.537246913088
26.8295,-506.680444264312,132.18310092963
26.83,-512.221349419585,109.256332930518
26.8305,-502.586677146981,79.7338227933898
26.831,-505.337229176735,52.946798156368
26.8315,-526.045820274065,24.8639149649173
26.832,-534.498591578154,-13.3578473115934
26.8325,-493.703851235398,-63.5727799411739
26.833,-392.536418666624,-122.432233247607
26.8335,-246.317177583026,-187.135925165408
26.834,-84.3663633446222,-251.495144733187
26.8345,55.6926535511524,-304.206913660305
26.835,143.756124134624,-342.909377776466
26.8355,182.454345126173,-383.743916724539
26.836,203.148845064068,-441.49528902518
26.8365,230.076420507028,-502.904768070493
26.837,266.109272770376,-536.542932910187
26.8375,315.499179930335,-528.883947703463
26.838,387.709345596775,-491.966949113393
26.8385,462.450736811107,-434.032287676697
26.839,482.869840884102,-347.537487380972
26.8395,412.868068592256,-237.88275302901
26.84,283.793827130572,-140.605544067537
26.8405,160.080365106771,-88.1577092853645
26.841,73.9736885248784,-72.3955803634889
26.8415,16.1130054478428,-60.1614488903345
26.842,-27.4714441529321,-35.3439638068917
26.8425,-58.2324828907448,-3.74719841904996
26.843,-76.139308122988,34.3707371198211
26.8435,-82.5207303257146,88.6477080726725
26.844,-75.2227554712703,155.621156888307
26.8445,-57.06575209381,217.172192079721
26.845,-40.6973528484069,267.111161867631
26.8455,-29.741240477177,316.430802130356
26.846,-7.10041725962505,364.631195346246
26.8465,39.8357460069199,389.206338807465
26.847,93.2709032564049,377.421668522086
26.8475,122.683268623855,349.081827803551
26.848,118.489179926431,330.304154323671
26.8485,90.852281087497,320.080853580285
26.849,46.3655608455871,302.580473766676
26.8495,-13.7310272514394,279.784036852125
26.85,-78.489279123141,266.878206262568
26.8505,-127.250054225305,260.416176956425
26.851,-142.024253576628,237.562381654837
26.8515,-114.708926828907,190.781613794259
26.852,-55.3099445165586,140.467928188418
26.8525,1.8224463358879,104.237505836584
26.853,21.5589763484651,73.1380257864497
26.8535,7.52374461470152,31.3390598008474
26.854,-6.58294903760055,-16.8244922974786
26.8545,-15.0305792244943,-56.7710492457097
26.855,-54.1390690761014,-88.5486785249562
26.8555,-136.614329404149,-120.23411986407
26.856,-208.099478437998,-142.622830874134
26.8565,-203.205436942475,-136.321215669285
26.857,-119.435768011926,-108.08426041951
26.8575,-7.55502038205278,-95.0176291967602
26.858,79.2624865487816,-118.223858299944
26.8585,95.4466721730458,-150.948130557558
26.859,5.82226625701292,-152.38338659613
26.8595,-169.813648041094,-119.583851724563
26.86,-347.988685943099,-81.052437096164
26.8605,-472.638690380061,-46.4156034424016
26.861,-580.503145404341,5.50432219752648
26.8615,-708.600527798003,82.0674419060185
26.862,-773.879412370293,150.10422322632
26.8625,-646.380762661194,172.728401108395
26.863,-341.219188410337,153.581984410783
26.8635,-34.8333480592844,123.640718318971
26.864,139.363050802018,99.1674321025551
26.8645,222.660136597569,77.9016260609579
26.865,315.609095262164,66.6564119558544
26.8655,417.005700479607,80.0564611476164
26.866,453.370321975159,107.825976968625
26.8665,414.829860935563,112.294321252836
26.867,372.648947557367,73.3019983758701
26.8675,373.074087949256,16.9634947695128
26.868,388.682927975577,-16.5121961954703
26.8685,392.644924190568,-21.0362475435134
26.869,427.586750527169,-24.0586175995943
26.8695,554.474760481252,-46.2287411956514
26.87,737.675911625753,-80.5674438146308
26.8705,821.15644913451,-111.85740246303
26.871,662.809020636624,-140.249887089086
26.8715,299.511526112295,-176.056223601203
26.872,-64.5713289311411,-215.762643793134
26.8725,-265.495029297306,-231.707818456603
26.873,-334.880859592294,-191.328848940147
26.8735,-399.846013917347,-89.146549468454
26.874,-477.404571421285,42.8402387115974
26.8745,-464.725421014169,160.845926380071
26.875,-322.831000356732,243.321101335703
26.8755,-159.598320308332,294.583499492939
26.876,-97.8039554044109,320.99853514413
26.8765,-147.958763296801,318.503362652702
26.877,-246.364357298209,285.048844363936
26.8775,-327.772123066393,228.594177563715
26.878,-314.233678168942,154.416276555116
26.8785,-136.409216492557,59.0590509718981
26.879,148.785656450043,-50.7145902000951
26.8795,344.785251707211,-145.699254779915
26.88,322.756566415516,-198.782847150272
26.8805,183.692389722368,-215.781059314817
26.881,109.593976032506,-224.770491142414
26.8815,109.175192885585,-237.75513508606
26.882,41.1740696100573,-240.734937919788
26.8825,-138.987945233492,-222.851101062851
26.883,-302.564183097335,-197.687423289836
26.8835,-331.184584480799,-188.750976190435
26.884,-244.537921099629,-205.945643368052
26.8845,-106.854585736227,-242.796264556647
26.885,71.782382588721,-286.11356835692
26.8855,277.276237018181,-320.619586418734
26.886,437.796722993436,-332.658324955461
26.8865,511.408967612672,-318.85271535551
26.887,552.357888763357,-288.228350834507
26.8875,604.558483232218,-251.986145164309
26.888,590.972174763276,-216.904740901447
26.8885,408.190737119006,-192.220646131614
26.889,95.2070943015377,-193.027347964759
26.8895,-194.443800536789,-225.630541110666
26.89,-379.131724596838,-272.174641601
26.8905,-510.408858186972,-299.957885018265
26.891,-637.434541443097,-289.730175912089
26.8915,-707.847670282067,-252.876992189987
26.892,-652.168226265084,-220.488141486915
26.8925,-497.145372311725,-215.034712918681
26.893,-327.973985631786,-228.694157662571
26.8935,-175.613266765197,-227.981221742062
26.894,-11.9009850068354,-184.401164547928
26.8945,157.660612843748,-102.579639882437
26.895,272.042656445815,-12.7608549212249
26.8955,304.529720498102,65.6842079279321
26.896,309.453680483354,143.368886479725
26.8965,331.240078095916,238.000472401705
26.897,309.517848368943,344.044666733774
26.8975,143.584781747042,438.31757607968
26.898,-157.861845043778,508.95109780821
26.8985,-460.022548063909,562.456141375238
26.899,-649.992146979437,603.533410869883
26.8995,-739.731130204613,625.46638628767
26.9,-791.174800805329,625.349014385482
26.9005,-799.827950264319,613.771253832709
26.901,-709.17744679887,600.579553447348
26.9015,-500.032217476693,581.721706117989
26.902,-202.875796125436,548.577507734428
26.9025,147.104382928317,500.351662368037
26.903,494.866800499446,438.68210877325
26.9035,729.746026051015,361.960366953912
26.904,760.203940046502,278.138750829738
26.9045,635.847182353447,211.963221478107
26.905,509.143936027058,180.170803040643
26.9055,448.841148433519,165.041435295418
26.906,372.786851626457,134.337793894198
26.9065,204.761153532896,87.709456888709
26.907,10.7778915859306,60.7494962351768
26.9075,-92.3206102528693,76.6605229377887
26.908,-97.6559110892981,114.882795629853
26.9085,-87.6388948558975,138.86719501263
26.909,-91.0276011931911,136.654768839227
26.9095,-54.5590273267928,119.563123252543
26.91,55.8075372536139,97.0835885732143
26.9105,212.309127887072,71.2944349480908
26.911,385.140050189907,43.1443034977873
26.9115,561.883195707233,4.26949891180954
26.912,692.407038180252,-65.3208646103082
26.9125,694.317607603562,-165.807221443196
26.913,550.635267223733,-250.762078164489
26.9135,347.24270804948,-262.226276588017
26.914,181.148436266875,-196.736493956082
26.9145,76.6945544880904,-111.290253853339
26.915,11.4920672367182,-57.1986599017952
26.9155,-36.8306222997753,-32.0989146267144
26.916,-103.309078521963,-6.00689121656321
26.9165,-229.172345273221,32.4930266972719
26.917,-390.315448986605,74.3270068040975
26.9175,-489.313834831352,110.830265594158
26.918,-480.514179311987,129.149149296905
26.9185,-447.41337171257,98.4127405870982
26.919,-475.274432681644,-9.82617089983288
26.9195,-496.201840673126,-183.45109434494
26.92,-371.286533794119,-369.274284930835
26.9205,-109.694024998718,-515.725963341267
26.921,115.086462896238,-608.234105838639
26.9215,185.968273314884,-664.364817814912
26.922,165.452323906892,-705.457387164102
26.9225,156.408700663325,-735.452527405008
26.923,150.262261830526,-741.344418720365
26.9235,88.7141099549336,-712.106446802494
26.924,-13.0717928866135,-656.176399770122
26.9245,-102.799490204929,-595.088627812899
26.925,-191.196234159896,-541.8704583701
26.9255,-314.56629945813,-498.883043340702
26.926,-434.808297713015,-478.168372561309
26.9265,-474.675024406475,-502.224439681171
26.927,-425.901891851114,-570.81945464389
26.9275,-326.725602415227,-644.349907496144
26.928,-163.921010204348,-679.130246982875
26.9285,80.1411446132219,-667.698543953622
26.929,293.309843372018,-626.484786021345
26.9295,293.506679066266,-556.095010426361
26.93,64.2864382942083,-436.04611815573
26.9305,-194.738467882954,-251.92194699409
26.931,-312.861672415645,-9.73357852774965
26.9315,-328.468456448527,265.964287714224
26.932,-349.228488281603,528.689483515051
26.9325,-351.846816125465,721.140379167884
26.933,-245.015350327618,820.09220050869
26.9335,-55.1613460116666,860.543298238706
26.934,89.8577375459999,885.269183338336
26.9345,134.510395860137,884.735587463306
26.935,137.268444004189,829.296088971267
26.9355,156.097873114466,750.566512829977
26.936,198.727456263373,730.776324188831
26.9365,273.105197159483,796.115065822377
26.937,377.903908449749,872.795023445726
26.9375,446.727097159993,876.17148999786
26.938,413.695826388878,802.038850466828
26.9385,340.747372090858,701.588488761403
26.939,361.932860012879,607.546236090963
26.9395,479.513834609035,522.664809338891
26.94,539.0777571638,446.594431894502
26.9405,452.325011023519,370.124857791694
26.941,321.706702168577,267.344664754621
26.9415,270.649829695458,136.507535365781
26.942,262.32868580891,27.9154651052384
26.9425,190.036340756639,-13.6401922480843
26.943,61.3176492533386,-17.7000629240676
26.9435,-30.0248650033811,-52.8425632695017
26.944,-63.6105139710614,-134.747853342026
26.9445,-99.7644196913244,-217.627209153167
26.945,-149.369747110609,-267.718069354296
26.9455,-155.307547262164,-290.700061428456
26.946,-107.663803879918,-287.816606480394
26.9465,-70.2660907807894,-246.885501789208
26.947,-66.9617265081872,-193.206568825577
26.9475,-30.7598724623074,-191.845739117024
26.948,93.9141951846866,-266.553204527504
26.9485,264.095511945402,-357.607534238728
26.949,392.008139927498,-394.61264552831
26.9495,434.205252077703,-379.357363328584
26.95,394.247064208311,-361.737579923108
26.9505,287.419858662002,-359.674184482622
26.951,143.18824870014,-342.363360090298
26.9515,1.32494621181155,-280.066058410454
26.952,-139.737908110365,-175.760810820651
26.9525,-343.150384683835,-51.4449029025488
26.953,-660.296915758997,70.0616289453881
26.9535,-1054.06124074358,169.392650869306
26.954,-1424.79417573631,235.137748719856
26.9545,-1686.00372136724,265.547359120164
26.955,-1776.70462246338,258.975976341212
26.9555,-1632.9803043231,211.143946629054
26.956,-1221.27840118972,128.400318416202
26.9565,-611.469741357739,28.1508356479417
26.957,38.1866008601724,-84.2393540591555
26.9575,592.937570689387,-219.236227006705
26.958,999.958796691603,-366.932251318101
26.9585,1223.91474508338,-476.802325257066
26.959,1198.87006401036,-498.957898669402
26.9595,918.83009213284,-435.474382619749
26.96,540.15352370413,-330.035455826696
26.9605,290.603741587236,-218.752257185843
26.961,249.394223783042,-114.845199898265
26.9615,289.311222417058,-29.7284622994748
26.962,270.316840754563,23.5820161573272
26.9625,212.021370487101,50.0833718314108
26.963,208.550762231073,70.986608536772
26.9635,244.471625286123,96.6287134651733
26.964,209.778689876756,117.076725289698
26.9645,79.5805390908891,120.354999626703
26.965,-37.4731285192788,104.423948133171
26.9655,-53.4399314922538,72.4632685755631
26.966,-8.31572613215547,33.5722661367412
26.9665,14.2548083173366,8.15385132874755
26.967,-7.96046715307928,15.8348322878538
26.9675,-65.9451765587772,56.2295322387815
26.968,-173.328244320018,113.753304627608
26.9685,-316.205820416726,177.415299203505
26.969,-407.264974351006,240.449682069303
26.9695,-370.879162733725,287.257749214988
26.97,-241.567759149837,304.097974732082
26.9705,-113.438812171187,302.72502698632
26.971,-26.4249947000424,310.941570124241
26.9715,37.1703136536106,336.325947184902
26.972,90.09699652917,358.731094028417
26.9725,150.531308324763,360.051130267904
26.973,267.551467185151,339.939885100034
26.9735,438.188496601826,301.474633232891
26.974,532.954764044666,248.4903763701
26.9745,421.117853039058,201.789657022845
26.975,164.164623246293,184.639557481136
26.9755,-32.2282718852695,176.598327947012
26.976,-70.9181052056797,115.370251707844
26.9765,-52.6864043983013,-25.4298543612221
26.977,-89.4468717642118,-183.164691689514
26.9775,-153.302052983435,-267.304045843504
26.978,-166.826124053799,-264.526852469693
26.9785,-126.635562678844,-248.540827267628
26.979,-53.2004057382407,-287.191825172626
26.9795,84.5237541514882,-374.61583775591
26.98,287.079486902319,-462.731779425147
26.9805,434.096705882536,-524.88300475623
26.981,392.795810269023,-565.756772795952
26.9815,189.128375197836,-592.792535626879
26.982,-24.6829097029131,-610.408900064763
26.9825,-151.00037880271,-634.757110431474
26.983,-205.435105131802,-680.9749759944
26.9835,-218.983935131252,-728.34710062824
26.984,-190.735721075108,-725.996983525399
26.9845,-146.226394061925,-653.666337271154
26.985,-141.679176464994,-560.405581408237
26.9855,-176.063466395983,-515.29838948878
26.986,-177.12230723636,-521.681065922198
26.9865,-114.492910664184,-506.420829806634
26.987,-60.4886556164397,-402.947973937237
26.9875,-90.9865204033514,-223.395343105126
26.988,-178.356320593971,-33.3240577824792
26.9885,-234.270322501214,126.457348641739
26.989,-217.526485901032,267.864459341692
26.9895,-144.5742520492,413.478561090695
26.99,-29.0240383949385,556.137976776089
26.9905,116.194621541134,669.76773477685
26.991,226.022582569906,742.84266709976
26.9915,212.19141157036,788.483405795259
26.992,74.7861599421246,828.343483065006
26.9925,-69.0924122813166,873.630763836475
26.993,-109.647621180633,917.107129672766
26.9935,-60.497719978945,939.631725261026
26.994,-5.92119665089358,927.73167042915
26.9945,29.696130152589,883.259357381565
26.995,84.950983668333,809.093458863263
26.9955,146.074304954401,691.205796858986
26.996,124.991379360025,513.263209723165
26.9965,-10.9291287350034,293.800428550801
26.997,-168.08171251043,91.4003822867819
26.9975,-244.063581981805,-40.3844768813294
26.998,-243.870584154889,-95.2596123324577
26.9985,-203.870169962239,-103.75584877036
26.999,-81.8684303878387,-93.9252702375428
26.9995,147.689552047543,-77.4854339355919
27,340.707218148413,-64.1388140566571
27.0005,302.258938315671,-64.2871125441738
27.001,74.2433896918802,-72.1749341283675
27.0015,-73.9815958587251,-65.018496340281
27.002,-13.2954325058125,-30.8770371936042
27.0025,52.1218146629074,14.0483982924218
27.003,-120.479466373176,49.3426115647627
27.0035,-462.281812989697,82.2890444412527
27.004,-698.133510432159,134.963832056503
27.0045,-704.92321503458,199.02858368771
27.005,-579.048331698976,227.997567004901
27.0055,-400.920569334512,189.399161708891
27.006,-142.578142539173,105.150594843394
27.0065,176.174804458471,14.9483893369717
27.007,433.64241177368,-86.6721428269046
27.0075,576.63296029452,-237.397150659408
27.008,697.123356561523,-427.348624048076
27.0085,857.749401364242,-576.60607679335
27.009,962.889698189597,-621.055525723817
27.0095,897.351475285205,-590.710139031026
27.01,697.260727284321,-565.093375962672
27.0105,482.495655897812,-569.770545552188
27.011,290.434318577703,-561.38472495415
27.0115,78.6694064614519,-508.568727140825
27.012,-153.873474255386,-438.784492735144
27.0125,-344.407987429654,-394.13397431726
27.013,-440.652185781207,-382.59711015865
27.0135,-424.108576930791,-392.977657078632
27.014,-287.182359049955,-422.494807599604
27.0145,-62.2868232181819,-461.114438064053
27.015,144.865573905878,-474.182483712355
27.0155,224.85146383056,-433.245502926905
27.016,168.002517351041,-351.775403606842
27.0165,52.3486386811787,-265.266555981017
27.017,-54.5939997783593,-187.734070120452
27.0175,-132.425798887777,-112.115979466566
27.018,-171.320755397837,-41.2307244221804
27.0185,-166.405779857518,12.4299547733112
27.019,-145.055462295544,55.1144166771347
27.0195,-143.600033785368,111.970561301062
27.02,-156.676810312165,193.695585715046
27.0205,-156.809556667205,282.529349349398
27.021,-157.655923086879,356.019437246291
27.0215,-202.915853723154,409.223545150098
27.022,-289.355837477696,450.06101083266
27.0225,-353.390808638543,486.738144015005
27.023,-346.82307013624,523.612709359256
27.0235,-283.34813737139,558.175330002898
27.024,-195.467493760751,578.519757490358
27.0245,-82.360545037764,570.892625225486
27.025,76.4496129156702,529.280228225502
27.0255,270.794404192706,452.668434933969
27.026,434.37310212981,341.94102283754
27.0265,470.626878561672,212.329761056934
27.027,326.003451397701,99.8345078517999
27.0275,58.199770292091,35.0656103420533
27.028,-191.062832257742,12.3717057784492
27.0285,-320.892917559956,2.32082145834227
27.029,-350.40096792593,-8.30483687079402
27.0295,-351.325727432634,-10.5074975741943
27.03,-344.011423589102,-6.86150384150704
27.0305,-309.118294457788,-24.6323986489275
27.031,-260.741267761889,-83.0234804915243
27.0315,-230.57636295376,-164.597130187644
27.032,-198.084531251411,-231.761427938237
27.0325,-120.064685635609,-260.670534832297
27.033,-28.2264012774959,-251.534030909975
27.0335,-10.8759000043537,-219.374088109564
27.034,-79.7657601058076,-185.338107888895
27.0345,-133.761701995583,-166.814214879788
27.035,-82.9245677571275,-165.844260741901
27.0355,60.0254879862031,-173.173806626774
27.036,236.808542034741,-186.559199135925
27.0365,414.091768840956,-212.53115347257
27.037,556.873129601653,-245.031464612356
27.0375,608.232221352336,-258.356918202872
27.038,556.201828057101,-232.72679034958
27.0385,465.56390210581,-175.530871256779
27.039,388.637497819452,-107.311580407071
27.0395,299.240769741284,-38.7126873665507
27.04,170.557490977512,27.6302585817604
27.0405,54.6115346172178,85.1765021693309
27.041,7.46749795145911,128.61436418031
27.0415,-10.5662066859627,162.709032820919
27.042,-67.4034474534289,193.240878186848
27.0425,-129.631251823468,217.798493337876
27.043,-104.181854814989,238.219016246039
27.0435,5.59210567333767,271.162396709728
27.044,91.0812908277924,328.354466339414
27.0445,93.6112589429158,392.829858629034
27.045,71.74486117397,433.447263986341
27.0455,92.217833271751,441.339408725585
27.046,143.678252804324,437.398426520133
27.0465,191.537929644153,445.497124046581
27.047,232.087574791918,469.606889406898
27.0475,243.393883141553,491.310021267046
27.048,161.358529856933,477.754001361899
27.0485,-25.9766811530095,403.799450364907
27.049,-216.750151936929,286.028256948264
27.0495,-303.835580895236,182.531017325555
27.05,-308.935378372171,129.660353765827
27.0505,-330.990886658912,85.8976956601045
27.051,-380.717184612571,-23.9515526679669
27.0515,-351.783579633264,-204.94153460595
27.052,-172.262970698481,-373.257098206927
27.0525,81.5866032247744,-458.265883388943
27.053,260.288894720098,-484.887722506378
27.0535,294.547550759753,-524.254976550664
27.054,236.754070574512,-593.211002442217
27.0545,166.627863094994,-644.548118746931
27.055,97.8671504232477,-641.256656801335
27.0555,-5.51486028072757,-595.684914145208
27.056,-143.893078540504,-535.666102798068
27.0565,-252.097384811321,-472.391329862041
27.057,-270.155226043922,-412.4825937931
27.0575,-219.394177384094,-369.165862471528
27.058,-178.368475897724,-343.443024724844
27.0585,-194.136525647468,-315.081230521062
27.059,-249.059033775882,-268.229705045946
27.0595,-305.863445862205,-211.509108891906
27.06,-342.323271471845,-162.572506581258
27.0605,-340.992916786074,-129.444188443206
27.061,-295.723953255584,-116.78317696588
27.0615,-242.643645542463,-129.346391980662
27.062,-231.202478593572,-152.679471175116
27.0625,-234.993656624854,-150.341585824458
27.063,-142.156979546767,-103.974406367591
27.0635,116.748656066885,-42.3428546008713
27.064,459.298961572835,-3.87329046868813
27.0645,709.7186154721,21.6603241450373
27.065,744.325450412334,85.2023843667941
27.0655,553.234622661906,212.7554389907
27.066,206.118099748938,374.33903129577
27.0665,-185.558319980756,521.298836413865
27.067,-504.623493029297,626.912445206738
27.0675,-696.38241993497,681.645040936035
27.068,-794.178252404541,677.905847668984
27.0685,-829.122560093581,620.878438878028
27.069,-741.428217329088,535.145028829395
27.0695,-454.640754580463,437.030855319186
27.07,-25.8421114585591,313.433484353431
27.0705,364.250946853742,153.262632551721
27.071,586.953074750304,-8.10175657015079
27.0715,661.236979777979,-104.909895996918
27.072,661.172415849913,-106.221671880435
27.0725,611.715398071047,-45.2307271035495
27.073,515.568795862509,19.3070176941452
27.0735,408.90911992339,50.1516719916386
27.074,328.631242685207,36.7613400885502
27.0745,268.990053364696,-16.603354773123
27.075,221.590399742477,-85.4210318490418
27.0755,215.143732384755,-125.274979515825
27.076,261.157862846697,-107.961527709667
27.0765,299.499541927793,-57.140667758313
27.077,261.301106140288,-25.3481855961661
27.0775,161.894847927779,-30.7529237135734
27.078,73.1417294324708,-36.4440712737968
27.0785,24.9758264671285,-2.52346930220783
27.079,-4.85207535778733,58.413041518412
27.0795,-21.0156112377613,96.1084755109758
27.08,-0.613886202116093,85.5413455283099
27.0805,48.1558342655033,54.2771350105057
27.081,82.5780628209134,42.9673482790723
27.0815,90.4002994023084,55.2744365327153
27.082,101.870078642114,60.2911932162852
27.0825,126.387308709564,36.9952926532177
27.083,133.314401258955,-1.37488069948935
27.0835,109.127813016145,-31.6561693904619
27.084,71.5125960598664,-54.7110395077077
27.0845,1.12603673854971,-89.1691395268898
27.085,-174.507398120538,-133.954198159379
27.0855,-476.885757947872,-155.64948063838
27.086,-798.704931668552,-124.819269151499
27.0865,-984.062023754785,-55.5198100747011
27.087,-962.157473259627,6.67085415638698
27.0875,-764.203372205222,33.1870571230444
27.088,-453.971691530762,32.1318322309341
27.0885,-113.280862183128,17.8002231020922
27.089,130.51094817083,-16.2844630911458
27.0895,164.464626432202,-76.2693258966559
27.09,15.5057452384588,-135.248712031054
27.0905,-142.279474829163,-149.995733963107
27.091,-152.483429364357,-112.084900178945
27.0915,-25.0902212621822,-59.3611900963173
27.092,103.822036486272,-29.2710832387015
27.0925,131.35626755749,-21.5808218561746
27.093,76.5904850531873,-18.8292141164121
27.0935,33.6878490910026,-21.535112769526
27.094,72.0989001923529,-40.2807709153604
27.0945,176.338369230643,-66.7865349851216
27.095,260.923733186774,-81.0594901804142
27.0955,250.091844373623,-83.412266791584
27.096,156.705158190081,-91.7887835776638
27.0965,70.7769251923232,-105.341119087099
27.097,60.8796764412157,-99.7265092034312
27.0975,111.858329157173,-69.5532930616955
27.098,175.056589886649,-48.8338221353994
27.0985,239.271839857548,-68.9968804777846
27.099,310.145983434107,-114.945224516838
27.0995,352.777526004227,-146.002582631304
27.1,319.306582518545,-148.479108174278
27.1005,226.341284550409,-142.237203124998
27.101,142.660894858117,-140.235066389456
27.1015,92.155638406569,-127.399363579719
27.102,24.0820813603535,-83.8479062405897
27.1025,-107.749958292367,-10.1538896893873
27.103,-288.563453904891,76.5575185721644
27.1035,-477.769772962473,157.652860287879
27.104,-641.384318820164,219.037741200359
27.1045,-728.029351846356,254.327652055532
27.105,-676.360956554062,267.275024527073
27.1055,-484.036703165744,262.349850386964
27.106,-217.192696392768,232.080224002469
27.1065,78.7807270135463,165.907718701634
27.107,409.258113573297,73.4791563104309
27.1075,727.254958876709,-14.9813327987662
27.108,886.816747192662,-76.3194478782882
27.1085,790.113822138493,-109.805686980386
27.109,527.113413269572,-121.15950970084
27.1095,274.089317404081,-108.046324503771
27.11,95.5887772834783,-71.4601454773448
27.1105,-52.6699960779897,-26.9354569724225
27.111,-169.403965269632,10.0229158347904
27.1115,-193.529471468644,40.6957969018767
27.112,-139.225774499372,71.9715923287025
27.1125,-106.047620861776,96.1054036462814
27.113,-125.311017658148,97.3689363197614
27.1135,-121.037936136392,77.1994671001306
27.114,-66.7350198210845,59.9731269088365
27.1145,-58.466417963737,71.4321651141589
27.115,-165.353342821342,116.759992764349
27.1155,-315.173288053388,177.812506788865
27.116,-408.14387865869,226.735403740843
27.1165,-448.12657449611,246.361449168325
27.117,-470.579290992136,243.060656751224
27.1175,-431.580634731738,235.268472700452
27.118,-284.979799759905,225.488026891498
27.1185,-107.614481046251,192.841148875355
27.119,-22.5074064910267,121.228761959783
27.1195,-24.6861052992046,24.5407472477453
27.12,6.90336553948003,-68.3338797126726
27.1205,135.244411236426,-144.154190032624
27.121,295.092592831243,-204.550835759973
27.1215,388.040718265315,-241.838296506964
27.122,369.048144304975,-238.66303941259
27.1225,255.249822726385,-195.993044877236
27.123,127.661568308834,-143.476244948098
27.1235,101.365218996883,-112.361233600956
27.124,206.217245590014,-107.654505017464
27.1245,317.543425389892,-113.386075613791
27.125,298.933474924676,-116.767841791739
27.1255,191.924912279838,-119.625023567608
27.126,153.440446692835,-129.707864179658
27.1265,217.373082538358,-145.034755122674
27.127,248.579991510938,-146.737740554783
27.1275,149.19416382505,-112.047614843023
27.128,-21.102992773766,-41.9782485886822
27.1285,-169.100046244794,27.6391451028138
27.129,-282.745865436096,55.2135593209841
27.1295,-358.285534911913,35.6902181074948
27.13,-333.50254012253,4.768775726995
27.1305,-188.036832403075,-0.548502199180059
27.131,-21.1728665144125,22.905670866969
27.1315,71.2772903970555,48.6835159731169
27.132,132.314091820433,49.3823963206486
27.1325,256.203994055322,19.6940235395809
27.133,415.993173874814,-18.527036949682
27.1335,483.717911442845,-32.8106447104709
27.134,399.794722527874,-13.6329599916608
27.1345,231.598901563868,6.07427350423285
27.135,76.2636528929109,-21.4173148931535
27.1355,-14.362572625959,-105.113648759351
27.136,-22.9724009217948,-199.972981455699
27.1365,33.0832670572229,-250.352201478129
27.137,78.6601190670873,-237.976117302347
27.1375,24.4831698232127,-182.159557221049
27.138,-143.965032624458,-107.702717760506
27.1385,-357.797844357476,-25.6529937461904
27.139,-543.252096002258,62.3416818185592
27.1395,-666.457304027297,154.604500664048
27.14,-709.194615345679,244.877568693364
27.1405,-659.378976512033,321.607092156471
27.141,-537.64144583691,370.68525373376
27.1415,-387.66103157629,376.220262035473
27.142,-226.320741198185,316.197615452563
27.1425,-40.0192877867151,171.622150342848
27.143,160.618901182151,-37.94054855887
27.1435,320.749726630794,-233.8138693575
27.144,390.611242148847,-327.16541222971
27.1445,364.139532737377,-301.844286719834
27.145,256.533069048204,-223.824623452014
27.1455,76.5981148562852,-156.033372609208
27.146,-154.89572570482,-94.190398683509
27.1465,-378.882190471478,-7.69644772969895
27.147,-517.975156094834,92.2596762444652
27.1475,-529.602411379502,168.265948475786
27.148,-437.782663744736,220.098190366059
27.1485,-310.276872410299,283.09540282478
27.149,-194.591376089034,366.084492584492
27.1495,-72.0051226851411,434.926699488798
27.15,110.068947955491,461.465024954955
27.1505,351.111708719454,446.942661919701
27.151,565.336498390492,389.160269477718
27.1515,659.515803858303,272.007648645162
27.152,628.268675828178,108.590822157869
27.1525,546.019750809294,-44.1233738065496
27.153,473.978169825172,-142.404011001847
27.1535,403.724186033086,-198.84728756073
27.154,293.72985280923,-241.994698705432
27.1545,140.199836944272,-263.147741934416
27.155,2.70398856851726,-238.862030864769
27.1555,-41.3680744868867,-183.200695906254
27.156,21.8011697971988,-135.785219218324
27.1565,107.769749900145,-109.23534375307
27.157,107.356849622886,-88.3582656737155
27.1575,6.52789527526638,-75.9536785316009
27.158,-94.9059553772215,-98.0448832936201
27.1585,-100.043963274323,-158.431514515195
27.159,-18.4724178446874,-223.0144318523
27.1595,66.7131451632482,-259.38286393501
27.16,94.165821903432,-265.046939764171
27.1605,51.3289345951175,-249.974346077013
27.161,-50.4290047779775,-220.453207670784
27.1615,-167.975529018805,-190.408999552568
27.162,-215.714361462091,-179.694265602894
27.1625,-129.350277094793,-185.722901799607
27.163,52.8800678240449,-180.7542151617
27.1635,215.60041460951,-151.615761786444
27.164,275.883810369073,-117.265125356382
27.1645,234.602963201778,-90.8201366274613
27.165,129.10513067496,-52.0781821212514
27.1655,-16.679885647941,17.8008165736612
27.166,-187.807657074804,98.7298362072047
27.1665,-359.121851151147,159.0004130527
27.167,-487.663065104794,199.909426386487
27.1675,-508.426835939738,236.663623663155
27.168,-363.922458646425,248.93401475847
27.1685,-84.4482166531398,196.584393953422
27.169,179.084029697378,89.3213921647046
27.1695,267.170451235441,0.278332998978777
27.17,165.987114184603,-8.17134679839023
27.1705,2.80711468830279,52.2718447296219
27.171,-113.452561326684,121.192349238139
27.1715,-189.256723887784,156.247841275386
27.172,-274.094248281437,157.760919939908
27.1725,-359.11809168562,144.768553517432
27.173,-389.81763301411,129.640522193638
27.1735,-339.935620088875,113.699288985965
27.174,-231.434858421099,95.1255126260172
27.1745,-101.394588052171,79.2981880488616
27.175,21.7776079739544,80.0990348269514
27.1755,123.964631670323,102.678324545171
27.176,207.093703547588,127.148689718744
27.1765,273.065113730369,125.381130221122
27.177,299.073196599035,96.1520800541874
27.1775,253.561888364706,64.9444895530278
27.178,148.995680548991,43.7555555457986
27.1785,51.3255553120749,14.0263037740602
27.179,14.6988348745293,-37.8520144485115
27.1795,23.3287666581358,-90.992195055559
27.18,18.9894638179867,-117.418812914006
27.1805,-22.0271286075944,-122.437576435934
27.181,-56.0743354992725,-132.085228078139
27.1815,-17.8311846184907,-149.711337684843
27.182,105.312960887675,-151.783623829429
27.1825,248.831474064898,-125.200282221871
27.183,329.587868873693,-85.1273415444649
27.1835,325.959907825,-52.6881698260898
27.184,280.243870497564,-33.7547957837358
27.1845,226.172839466064,-23.4365135050194
27.185,157.814097706787,-14.6094075399594
27.1855,83.1281057300283,2.92170538186423
27.186,48.3893452921873,36.7028483526083
27.1865,66.0232825088087,78.7168950007034
27.187,70.8546533894555,110.100663650112
27.1875,6.42401431020938,124.671327134296
27.188,-92.5978949083591,137.644719914612
27.1885,-170.722770548383,164.889821330629
27.189,-249.692203428389,200.843900762464
27.1895,-364.481533994338,221.609848991695
27.19,-451.340968891475,205.213558195883
27.1905,-422.738193764001,148.517787538969
27.191,-328.183697632884,70.8216588469806
27.1915,-299.846791878693,0.191799007182895
27.192,-337.901536590787,-51.0589336418561
27.1925,-301.84195020116,-95.6628386394
27.193,-141.489658313289,-149.368449806868
27.1935,27.0484512416157,-206.401965197837
27.194,136.748263001286,-250.432842008055
27.1945,290.143419286945,-283.647391972678
27.195,549.869685159793,-323.312671838546
27.1955,753.936911700231,-367.539593132095
27.196,699.522346919506,-387.103691025143
27.1965,423.195310901781,-361.622540668951
27.197,140.451666716397,-306.202561861163
27.1975,-38.3220841211921,-248.16218828868
27.198,-178.089046919076,-189.99549205537
27.1985,-337.520774765155,-112.451107720073
27.199,-470.890429210896,-10.524714412244
27.1995,-518.834788816454,87.3568325122738
27.2,-476.716033607239,140.449608497511
27.2005,-359.664626558548,134.730419829636
27.201,-195.796097790506,100.813008817738
27.2015,-55.9162686735334,87.8549266970739
27.202,2.16734038305881,112.610580959121
27.2025,15.7784912187827,140.638081285703
27.203,55.9479825655594,130.424004477888
27.2035,102.735136478994,88.604224253444
27.204,89.0581912751099,60.1164126118232
27.2045,51.9695633099754,66.1617165672616
27.205,106.032616060012,79.6481079939633
27.2055,252.490579987857,68.8697168344221
27.206,351.333107078961,37.81514791307
27.2065,324.562159857338,9.3348236297474
27.207,261.838551981456,-6.03389970717388
27.2075,264.444090875506,-5.2889417024742
27.208,297.498862025866,19.815515443675
27.2085,273.646925052193,65.9336465088864
27.209,188.868030650821,105.331015089363
27.2095,89.2250749276093,115.953257418213
27.21,-22.8013195311604,113.039212405672
27.2105,-160.280574352139,127.566019350464
27.211,-285.043093042468,164.417390204819
27.2115,-351.599964551082,205.048245300392
27.212,-377.321330277231,238.592588386684
27.2125,-396.578652083422,262.484263325845
27.213,-381.990144240011,263.258902668333
27.2135,-282.013045734689,229.583132432987
27.214,-108.676724805117,179.844767653954
27.2145,75.3485721628011,144.742528364821
27.215,230.618440040259,124.363433458037
27.2155,342.163989646545,94.9445404371671
27.216,374.618748336899,57.2766851697613
27.2165,294.1310776859,40.939325905608
27.217,127.619109642543,53.7948948336686
27.2175,-50.1200906936195,64.2792445696883
27.218,-181.777866340942,46.968910715954
27.2185,-247.289958850084,12.0013811675341
27.219,-244.998965550634,-26.0791068339127
27.2195,-198.36573374947,-73.9965267182052
27.22,-158.675185691915,-132.82906865354
27.2205,-152.781506853471,-178.47981674654
27.221,-143.632411781271,-197.413116122753
27.2215,-83.1558677507942,-213.900256457143
27.222,16.510856869514,-248.835015527265
27.2225,106.16926962263,-275.063156347953
27.223,169.439623936035,-252.741230069105
27.2235,222.224767399463,-194.473465849245
27.224,264.209466516971,-154.121182008461
27.2245,282.335845950863,-155.587262289308
27.225,288.191388666224,-171.057400910905
27.2255,303.891778992724,-171.165633651426
27.226,321.584033611843,-159.696164551612
27.2265,317.039224184152,-149.342649538143
27.227,285.846403385718,-135.574827021664
27.2275,227.009332229966,-111.792660755615
27.228,119.044716328056,-89.117712771736
27.2285,-37.0247040735275,-84.347034885245
27.229,-179.603623523472,-100.04441183124
27.2295,-250.959699497394,-125.772043650955
27.23,-273.034435585831,-147.438005715813
27.2305,-292.620169067259,-149.825423033364
27.231,-281.634806611772,-123.737574602496
27.2315,-181.900591189544,-77.5932846193797
27.232,-35.7246819427306,-30.586833155761
27.2325,33.3043531122157,9.33260129887888
27.233,-13.4668255838487,47.9272108133088
27.2335,-80.7920149388111,84.2992941248165
27.234,-90.867827081616,106.842788905656
27.2345,-91.617449644597,115.17299829882
27.235,-160.694773344836,126.718129866823
27.2355,-280.767529823106,151.478733879259
27.236,-380.0776459215,177.111344408385
27.2365,-438.718925464462,190.160031662855
27.237,-479.224049094256,196.014458052842
27.2375,-491.19814909915,205.160258649359
27.238,-442.846086246864,214.905831652016
27.2385,-349.249998259986,219.382704639438
27.239,-259.898527280013,223.733273058736
27.2395,-180.28285908993,231.156017794492
27.24,-59.4705029410358,226.104354121218
27.2405,140.108385330179,187.625767298452
27.241,394.746088247483,113.412776671695
27.2415,632.744591737383,18.8121149424498
27.242,763.817549155541,-77.7418595146328
27.2425,719.653840081292,-155.63628399471
27.243,520.497222020658,-193.980940353249
27.2435,295.022965054784,-194.27949656902
27.244,178.378948443261,-190.690554014896
27.2445,182.463263401671,-213.011510823792
27.245,210.055695224514,-245.435951003359
27.2455,195.37237099331,-248.11500597161
27.246,169.194035647752,-216.781194896943
27.2465,166.367965933507,-190.919712244599
27.247,135.685099347705,-196.845352290058
27.2475,-0.58234185423421,-210.882033418949
27.248,-224.77571061552,-192.981865446381
27.2485,-415.715842111463,-135.22372844408
27.249,-462.205991171239,-59.5285077652658
27.2495,-354.288083245292,17.476789395389
27.25,-167.711138462849,97.5805625144969
27.2505,8.98442724554524,184.612690027707
27.251,129.11438243277,269.116606407508
27.2515,199.697143025633,328.924101879397
27.252,253.515981515605,341.342347450139
27.2525,299.711115106656,302.595465346379
27.253,303.317391357927,240.432860273672
27.2535,229.84950607745,197.763835715432
27.254,104.368236024518,195.721524007512
27.2545,-4.11497441258742,219.177959466525
27.255,-63.3285034500561,241.644879901721
27.2555,-107.342077020417,251.629928470876
27.256,-162.431613227546,247.794622801936
27.2565,-177.751745595805,224.939182179047
27.257,-80.6818609153235,181.672207376848
27.2575,103.426299481658,133.308092290561
27.258,241.090881099634,100.090069266578
27.2585,228.414916825718,85.2515718304685
27.259,108.408134333576,76.743494780329
27.2595,15.1525786087004,66.167188782006
27.26,14.4531999795657,53.013098108191
27.2605,39.1777292246912,34.3763589459372
27.261,-12.4210411608134,6.04736411915884
27.2615,-152.047573360765,-25.8935788119275
27.262,-302.408964783123,-48.0870581345612
27.2625,-402.037843760685,-56.8650372949054
27.263,-466.7993038041,-61.8003314301336
27.2635,-538.256611492429,-71.1249809901382
27.264,-608.933208761028,-84.3154995748069
27.2645,-634.504281699652,-101.012896346412
27.265,-602.726774697227,-125.955479777719
27.2655,-542.263470228145,-160.424277324322
27.266,-458.297810026465,-197.98142940055
27.2665,-312.861640074829,-234.192692771761
27.267,-101.212620486441,-273.016260631265
27.2675,97.4977709352151,-316.964373471922
27.268,201.59135921236,-356.000428578706
27.2685,235.725922840129,-373.325564822805
27.269,296.547474566786,-361.278840176829
27.2695,417.827490557493,-327.949620467007
27.27,536.516946789542,-289.353183675008
27.2705,597.577196647742,-258.004563131473
27.271,617.242053825299,-237.922058914172
27.2715,616.041799592123,-225.933739449606
27.272,565.305325071231,-213.415843243257
27.2725,451.799479594576,-187.31806885946
27.273,331.603555125722,-137.850936082842
27.2735,251.249299319599,-74.4969027897205
27.274,164.478542697639,-30.9553341658649
27.2745,8.76656172491803,-38.6940010970033
27.275,-167.507547004222,-88.8615000549659
27.2755,-246.228039828373,-132.576151872954
27.276,-200.034944701298,-129.765293067029
27.2765,-122.450443903944,-89.1989211259236
27.277,-87.8517758780788,-49.5649622296724
27.2775,-67.1066994515566,-31.3644388379746
27.278,-10.2501986634562,-23.8447262109791
27.2785,66.2590483810993,-11.6195445052066
27.279,122.843164748648,8.30180135079114
27.2795,166.334256662774,36.9409970558279
27.28,217.251503263099,79.8541277891941
27.2805,245.431943257488,136.165811796522
27.281,197.97539052763,196.30867202063
27.2815,78.6146322184383,256.761438468301
27.282,-44.9102581954578,322.206121346154
27.2825,-113.085731827647,386.739332861301
27.283,-133.497268889894,430.264841439189
27.2835,-172.304533367129,445.309577685029
27.284,-291.599300275135,452.06071349017
27.2845,-475.299706237177,470.103661142346
27.285,-615.97676059986,485.934408348373
27.2855,-609.930693774259,468.897731016594
27.286,-472.616691931581,416.602825012626
27.2865,-317.366872891438,364.539171115174
27.287,-209.400374357968,343.856295628957
27.2875,-99.270965373486,341.485145925421
27.288,69.7309101474882,312.099454608539
27.2885,251.739405305209,227.502932255323
27.289,351.284050998064,108.556144717691
27.2895,339.345041259169,6.4848646739058
27.29,254.016269896288,-45.0746183884343
27.2905,123.31338782001,-54.6619610344103
27.291,-38.8538694366887,-49.5245727312214
27.2915,-181.39818056315,-39.6010606310141
27.292,-240.230251997075,-18.9497805426321
27.2925,-215.639290319741,3.33219855266227
27.293,-162.247092013761,-2.20202598058379
27.2935,-101.614143374237,-50.9736181838119
27.294,-10.5706713200398,-123.658229348713
27.2945,98.3254269937022,-193.963582112432
27.295,159.367846223169,-261.769763592046
27.2955,144.486635319091,-340.349936473909
27.296,109.168597329762,-422.219077800835
27.2965,109.710655901293,-480.586763621268
27.297,125.089522363354,-501.457594224509
27.2975,105.656101771561,-494.386643856865
27.298,59.623097309372,-472.747928883523
27.2985,38.4201162775912,-443.00892889451
27.299,57.619399295358,-413.700835695814
27.2995,83.6156942638656,-392.702595305663
27.3,93.8855829045137,-369.183129502483
27.3005,107.284882249376,-318.576329189854
27.301,147.143803068165,-236.802494344598
27.3015,204.545086254867,-153.132961136706
27.302,249.660741999679,-94.9158959778725
27.3025,259.979685799855,-51.9260840385296
27.303,227.178920537125,7.81144830802551
27.3035,153.364926398714,93.7924288170731
27.304,58.2352433519869,181.14954811387
27.3045,-17.2861906831577,241.394876160892
27.305,-37.2932643498435,270.672496156769
27.3055,-10.1053073251948,284.188911635066
27.306,14.3341932319508,292.824392586262
27.3065,1.92887649655728,292.306964284216
27.307,-24.8365191245707,273.276751010933
27.3075,-28.6344364579209,237.796430965031
27.308,-25.6504907716144,203.032662923971
27.3085,-67.8388108840286,186.033865089127
27.309,-156.537711452024,185.771732599142
27.3095,-231.753095230961,185.581677420642
27.31,-270.133242947585,174.948192954315
27.3105,-330.685464730854,162.016864329364
27.311,-453.646284988521,158.590853710285
27.3115,-568.691137479384,157.198649705469
27.312,-575.263207420043,132.609555360317
27.3125,-477.505270920381,69.847183159526
27.313,-359.319926900086,-13.1050925391576
27.3135,-251.789800298353,-76.6806480635994
27.314,-119.557755794093,-97.8705118964562
27.3145,29.6751163558306,-95.1398899270876
27.315,128.054612854628,-107.733567415009
27.3155,160.045628561115,-147.530649217305
27.316,193.891613789595,-181.830501465856
27.3165,263.959148873365,-173.950871224043
27.317,312.499155091446,-131.777803598094
27.3175,298.739304397178,-98.2898433517044
27.318,280.983224340585,-96.6222529659344
27.3185,323.273825231043,-105.933139819492
27.319,389.77718511806,-96.7340019923108
27.3195,405.128327993618,-68.4043796828605
27.32,363.653662243796,-38.5715030432677
27.3205,305.628804595198,-13.3630380794885
27.321,236.133220308804,12.3202574288167
27.3215,145.398063248132,35.7787074539646
27.322,65.9310752346217,48.7403820144487
27.3225,27.9835793473656,54.6581002394231
27.323,-4.81746911566449,65.5216370948291
27.3235,-72.5349517961306,82.249003529368
27.324,-127.060982692772,94.0155485967808
27.3245,-94.6124405601712,97.0911543987907
27.325,-2.24132930420622,99.1358046261518
27.3255,56.6315595015647,103.480827188499
27.326,63.2859801462669,104.337127415776
27.3265,72.4294062960832,101.140767612345
27.327,78.6855957064494,103.091462205934
27.3275,7.04439342658644,113.371859674898
27.328,-143.179457743354,122.215831988921
27.3285,-263.66185973937,124.886001205794
27.329,-290.917159541094,135.505453494603
27.3295,-290.33592747112,168.577476277068
27.33,-328.362012023801,208.242594768124
27.3305,-354.024917230245,207.750652079882
27.331,-281.785326234287,127.558257697344
27.3315,-120.319222329459,-24.1603465720736
27.332,56.1056436301316,-190.348706755282
27.3325,204.322357025248,-308.340211798159
27.333,305.023315842218,-357.276544991931
27.3335,315.20412634147,-361.698412201995
27.334,218.147307946959,-351.329272204088
27.3345,90.2040489720716,-329.272469225012
27.335,33.1250771316996,-285.210630229367
27.3355,51.6984908337352,-224.775642857741
27.336,65.2911785867235,-168.291175558446
27.3365,25.9417887697394,-126.782677385352
27.337,-40.8370925579901,-97.7145836064208
27.3375,-99.8143629497058,-82.2436178832123
27.338,-141.602196279368,-86.8054574331989
27.3385,-157.308719692561,-104.517372519916
27.339,-141.519686122587,-113.307152028345
27.3395,-124.65914054964,-99.4228566628399
27.34,-146.64367515744,-68.5533922441373
27.3405,-194.560940678753,-27.9985512658441
27.341,-219.496391788557,26.6678009564828
27.3415,-217.221046632109,98.3478665360838
27.342,-233.672763615409,174.714749789332
27.3425,-279.252317848718,237.020904643979
27.343,-293.753524147552,272.631830740243
27.3435,-216.470260063448,273.159053393204
27.344,-47.7000106179991,234.698723479767
27.3445,168.881363690008,170.922441617267
27.345,371.224877935626,114.525565029169
27.3455,473.041466308049,92.623648404188
27.346,403.75471915812,105.123120072183
27.3465,201.243790984181,132.23386609
27.347,14.9498286475503,153.949674445485
27.3475,-39.8452624990849,158.068709879694
27.348,-0.756335737016176,142.821815480301
27.3485,20.0143835105482,118.632859983813
27.349,2.91046906626611,93.6216539229458
27.3495,39.5540934467499,52.4676682016825
27.35,185.54253385059,-29.793159815901
27.3505,364.338638884557,-142.676097403696
27.351,449.615671577091,-232.611865050165
27.3515,401.709843791981,-258.223823220042
27.352,285.594513323494,-232.099552504455
27.3525,178.714178022614,-188.024034696913
27.353,102.266310721863,-132.387252197408
27.3535,35.5828857357084,-58.011468053058
27.354,-44.5788743706032,18.1030737488434
27.3545,-152.234447382648,73.3641482179824
27.355,-285.783029005691,121.608381928149
27.3555,-405.585323914822,188.072167489546
27.356,-438.942751384805,246.68000784194
27.3565,-347.247642204194,236.732522439227
27.357,-188.589775062085,154.386833107003
27.3575,-77.2190962401289,76.7464902415786
27.358,-67.627570526746,69.0389817416969
27.3585,-108.052019251275,108.566698561956
27.359,-123.662422434411,131.560205044422
27.3595,-109.541700346675,119.384270292362
27.36,-108.804258948438,98.8896481135539
27.3605,-129.66295635462,84.3914835572031
27.361,-135.859228202288,66.4364020204132
27.3615,-109.97269598792,46.840777223683
27.362,-73.279405290704,39.814567614779
27.3625,-36.1186805591319,36.9086201441233
27.363,21.803433933925,8.35164874202964
27.3635,101.758468795591,-52.5526473220625
27.364,159.407321451917,-115.214559524502
27.3645,158.713612585026,-151.120514990631
27.365,122.420684761336,-164.220352941154
27.3655,96.7923144144027,-174.113957711409
27.366,90.6983039805319,-191.234573061807
27.3665,86.2608901188761,-218.965178768872
27.367,91.3493932095354,-260.303417600502
27.3675,135.370731714057,-308.843936899777
27.368,212.292353495771,-347.381039898981
27.3685,268.699712507281,-367.252810618063
27.369,264.875582392704,-377.124111776459
27.3695,224.172997633691,-382.83084222334
27.37,206.090785494631,-371.828024349776
27.3705,243.134916796042,-330.041421187464
27.371,311.724564113158,-263.008729976003
27.3715,349.922127408174,-186.8340063665
27.372,295.462453914246,-107.501707661855
27.3725,126.317526409117,-24.0382052568708
27.373,-112.642792695193,55.0500514353092
27.3735,-325.04980676439,116.202593835428
27.374,-424.772889292551,160.668028369982
27.3745,-397.645232232047,204.707901873448
27.375,-307.512019105286,257.329826138293
27.3755,-241.214684963723,309.071820687699
27.376,-240.093544093902,345.106552295584
27.3765,-272.943201741325,358.335917588472
27.377,-271.269628380708,345.998937191888
27.3775,-197.512889435203,305.559946906667
27.378,-82.8216074785494,243.38754478199
27.3785,6.35616109778815,180.551478974533
27.379,37.0115536707699,138.512509686085
27.3795,32.2847887971182,118.235390239352
27.38,25.16713101213,99.2349311731344
27.3805,15.5099202973743,60.142753962625
27.381,-5.24166227915302,-2.69012492562067
27.3815,-8.09536210951077,-75.0808367701446
27.382,49.3952767897464,-137.30472823281
27.3825,146.210540671827,-174.622541655178
27.383,190.254953278279,-180.40962297574
27.3835,122.411897572073,-155.188747513147
27.384,3.52249059352784,-106.356547707155
27.3845,-46.9244833778983,-49.1420864551116
27.385,5.03224934565131,-3.33280527525913
27.3855,67.5603797679009,18.8541208122537
27.386,37.9805334357465,25.4651502287061
27.3865,-79.2292546523827,40.3131498970055
27.387,-192.789121100613,79.3699248511522
27.3875,-234.623427116675,134.063110451626
27.388,-215.862197177549,184.443600605225
27.3885,-186.053364569904,225.240792313886
27.389,-171.763567952066,266.863914130678
27.3895,-159.635672994834,309.196728268843
27.39,-117.897971766184,328.987777293548
27.3905,-29.6380667338434,303.134349280955
27.391,80.2568615856687,235.256278787532
27.3915,152.179345036242,148.198421042922
27.392,145.536286738685,58.614344132087
27.3925,88.5900604628484,-26.0522423476125
27.393,54.8695625012759,-91.7215057176661
27.3935,82.6669194045435,-121.126411937403
27.394,135.251206114457,-118.151355525208
27.3945,148.62385854146,-109.986920942455
27.395,99.4775413311915,-113.81142851053
27.3955,13.6704787214602,-114.875187854573
27.396,-71.5471268393108,-90.9717044830402
27.3965,-129.842696308788,-47.6618433870462
27.397,-142.189650393127,-11.8612399734254
27.3975,-100.808853772723,4.15441209640323
27.398,-21.8503634958339,13.289766029054
27.3985,64.3479742419657,27.1432402573848
27.399,141.504814615585,37.3842510729662
27.3995,212.11842914326,32.0077659094411
27.4,270.913410967676,16.5136998070287
27.4005,292.496228499056,5.36859184943228
27.401,258.666619802501,-1.43098082611777
27.4015,186.705818628341,-18.8503100344624
27.402,115.536158494695,-53.0801272621309
27.4025,68.3564571210616,-89.8883018033269
27.403,40.1075803288305,-113.761705321973
27.4035,15.5951902470561,-130.57069780188
27.404,-15.5342292804229,-159.59447776292
27.4045,-59.3672303616111,-204.399129199704
27.405,-113.638931937272,-244.429388928247
27.4055,-155.823370286531,-261.101034691993
27.406,-151.143820750846,-261.480377374342
27.4065,-87.4978577411948,-265.236452651466
27.407,2.80619709803449,-275.689749239936
27.4075,68.6961225682458,-279.250847220263
27.408,88.0875599052526,-271.125331551011
27.4085,83.0647741720444,-263.326520935671
27.409,88.2968194226672,-262.814739251476
27.4095,111.801242013738,-258.890231969758
27.41,129.85359771182,-241.556326563605
27.4105,117.326092557378,-217.392986737437
27.411,77.842046314802,-194.716604602332
27.4115,37.2090835270397,-166.259139805949
27.412,3.94630375575052,-122.735342490895
27.4125,-51.2809703850196,-73.7469554090259
27.413,-156.139584249407,-37.0450150380847
27.4135,-277.599601973666,-13.0117273104924
27.414,-332.718041122316,12.6476092346867
27.4145,-278.350223867149,45.9195480454047
27.415,-168.753069774652,82.5382431191324
27.4155,-94.0837561637072,123.832748574671
27.416,-72.7259089729254,172.369330745938
27.4165,-39.7426472318505,213.839920093373
27.417,56.9316828934424,228.78825813739
27.4175,183.291394879653,226.379682890785
27.418,253.213479824297,241.312274830898
27.4185,208.550984700522,287.930481884453
27.419,55.4044630486166,339.769159671821
27.4195,-146.813287119832,365.683792677334
27.42,-310.814935710329,364.934694110419
27.4205,-366.713822506382,354.014180045052
27.421,-319.715245986097,341.011078202878
27.4215,-250.741542177757,329.174488105974
27.422,-225.785275146648,323.545152983064
27.4225,-211.818339684576,313.076576200736
27.423,-120.332889291257,267.227921027022
27.4235,63.2265447260818,177.501474509839
27.424,235.057836380891,86.8163052090915
27.4245,280.569054495383,47.6583686758004
27.425,199.692040844675,60.3949271024028
27.4255,96.4555827141081,81.107709677147
27.426,59.4461106918921,81.0574895285131
27.4265,86.3102452195819,66.5547462059574
27.427,124.341814286658,46.689775483292
27.4275,146.620094577746,19.186057385828
27.428,163.111110637143,-8.50485888219401
27.4285,175.557445393898,-19.6188161244312
27.429,156.114134466503,-19.0433030852489
27.4295,78.4184594591797,-33.0702404659877
27.43,-49.7028920106873,-67.3957748394756
27.4305,-195.978331874085,-94.3731735029894
27.431,-332.637069397398,-93.8514546732596
27.4315,-440.716854146426,-77.3057451564799
27.432,-494.47527077761,-58.0389556931308
27.4325,-464.60272897544,-30.1055568191457
27.433,-346.72468259045,2.89844739925561
27.4335,-176.634703110339,10.562463849912
27.434,-3.55504814249489,-23.9109041252066
27.4345,154.931401963253,-71.9735308713222
27.435,321.963052483087,-99.7189150223523
27.4355,511.149666385633,-116.223621254766
27.436,667.152216728015,-145.864294857354
27.4365,684.803429789779,-172.451145228914
27.437,519.354813550464,-155.606068551397
27.4375,267.058659354148,-94.8253877086315
27.438,91.1757178504053,-32.7154972409035
27.4385,56.726298146296,6.96650161411702
27.439,80.5416488350228,42.929312830282
27.4395,62.6292411283297,90.217194368992
27.44,11.8309671074816,129.367407790334
27.4405,-4.29867429817752,137.287461202222
27.441,16.482868263273,117.792010813893
27.4415,13.7323719750388,84.3246045511195
27.442,-31.1530177037634,38.9818277285415
27.4425,-76.025599945829,-13.4277254362085
27.443,-104.776052707206,-55.0389634561117
27.4435,-152.104580434699,-80.0929625832824
27.444,-222.535548572732,-112.137324679542
27.4445,-259.141673997767,-175.451882815866
27.445,-225.384408000343,-262.616488199567
27.4455,-155.737670134547,-346.94167450573
27.446,-93.3491693084145,-413.054597994383
27.4465,-39.886022253528,-459.134731294044
27.447,1.42110682960884,-483.872287324891
27.4475,8.27721181812239,-489.908598951465
27.448,12.1555960526478,-488.307180395777
27.4485,105.340824798356,-482.177874053707
27.449,297.969670082191,-457.05289468705
27.4495,438.27108457156,-403.134204319567
27.45,375.415301053858,-333.217916642737
27.4505,157.973324619176,-261.659543868471
27.451,-30.9006691224366,-183.192362449873
27.4515,-102.174354465018,-95.4461764820876
27.452,-115.271580637608,-23.5142843094317
27.4525,-128.617128430363,11.1439671819971
27.453,-128.6638651083,34.2874910105278
27.4535,-121.766130341551,91.7393958889798
27.454,-165.376756829472,179.755539747222
27.4545,-252.813194014387,242.50399043447
27.455,-269.80309949348,247.794057690621
27.4555,-140.178809243529,228.562156500979
27.456,51.7541438757174,233.058500552322
27.4565,151.033636265584,267.066346949585
27.457,96.853048164322,308.472359688549
27.4575,-53.3717993602967,350.271632667665
27.458,-212.703052203929,397.265393621743
27.4585,-317.521764789912,437.559863888284
27.459,-332.016363465103,451.570003725401
27.4595,-266.620413824179,444.783879498305
27.46,-181.560478066561,444.242905340214
27.4605,-132.6020190516,462.818530519318
27.461,-123.089622433067,488.775357916337
27.4615,-125.045399580215,508.868935628344
27.462,-115.841316617274,517.18358252477
27.4625,-77.331455495904,498.112523483412
27.463,-4.63669007580825,427.283766107095
27.4635,58.2405097727967,304.579388395292
27.464,43.4075862101467,170.381285807646
27.4645,-43.8121694535425,71.8551780997655
27.465,-103.468067056725,18.4675579880285
27.4655,-59.5103479148045,-18.5896687581575
27.466,49.0344909646532,-68.3213038981668
27.4665,139.514561056651,-131.844801457719
27.467,191.775514285945,-189.115599581242
27.4675,225.121916598533,-222.583351660582
27.468,227.013168656725,-231.29676256474
27.4685,184.459060066078,-226.897820033924
27.469,147.337852868815,-219.631010009355
27.4695,174.752867028474,-209.391895880473
27.47,238.939385069708,-191.3147581091
27.4705,261.120485696244,-167.603420940151
27.471,228.168023222647,-147.489809488362
27.4715,199.061652953704,-134.268404714034
27.472,209.075897541839,-120.44347484019
27.4725,242.55296482476,-101.740633312844
27.473,286.530158735296,-89.5297323273576
27.4735,328.657751920106,-99.5125835949518
27.474,310.506265145478,-130.081309660146
27.4745,175.321008427389,-162.38463587236
27.475,-29.3231894692923,-183.857834183108
27.4755,-183.227512142988,-202.105525793555
27.476,-242.380379400747,-229.932948209743
27.4765,-272.904245220738,-263.886996603681
27.477,-322.282484669096,-285.906464282788
27.4775,-350.413568382897,-283.426667909917
27.478,-318.986108141418,-260.992660025382
27.4785,-255.529594071154,-233.569728277257
27.479,-182.604407782695,-214.337301688821
27.4795,-72.2200506934018,-206.976096323747
27.48,69.5160848104182,-202.504399911694
27.4805,154.553962943804,-184.477271166777
27.481,125.257815822402,-145.159693504752
27.4815,49.8827999610667,-95.9578440271189
27.482,28.1665596022579,-52.0282946317472
27.4825,58.5676287402353,-6.32946835788842
27.483,82.4721782154228,66.7813324521119
27.4835,106.257238019165,175.443316594374
27.484,175.821800798526,291.039210717683
27.4845,260.825914092217,376.381518164965
27.485,277.222447837165,422.486130233835
27.4855,224.841364348358,443.398853786429
27.486,197.01458080926,445.013379448955
27.4865,228.949893388055,420.568346895104
27.487,227.669258167645,374.222717292926
27.4875,96.9582131853631,325.149907349914
27.488,-135.713246841711,281.852320149011
27.4885,-365.987390073646,232.16983675784
27.489,-534.607811929985,168.692088762309
27.4895,-648.729902971982,106.429348364556
27.49,-715.795434483986,61.1269810333781
27.4905,-715.568444007714,24.1514942995649
27.491,-633.554387839277,-23.682499445943
27.4915,-482.046473550677,-82.7792479115195
27.492,-283.531086529132,-138.11146756389
27.4925,-58.0534275372012,-186.716643415356
27.493,168.413974109364,-241.393625822356
27.4935,361.083910291368,-305.036342870659
27.494,490.190047585541,-358.72460097503
27.4945,541.172694441068,-382.211735267965
27.495,509.22440739614,-374.582477239363
27.4955,394.336680687366,-348.086995089439
27.496,214.984841276179,-311.571607379802
27.4965,26.7451161495145,-268.67039059457
27.497,-94.6898839640226,-225.877479792282
27.4975,-115.34960970713,-191.949498532778
27.498,-84.2277557138867,-168.728280668096
27.4985,-82.6511041844372,-148.198768860945
27.499,-126.562003416324,-121.08972997289
27.4995,-153.206706788107,-86.7161628035415
27.5,-118.247756061119,-52.0347069452972
27.5005,-60.8069546461956,-20.7851906697744
27.501,-35.3908055984403,12.1334176715554
27.5015,-20.160339953534,49.9774566514282
27.502,47.0311764625206,81.2184751288803
27.5025,161.5049396843,89.8099985868845
27.503,248.405821649014,82.6443862428522
27.5035,266.004994888842,93.0993340577602
27.504,245.364114231246,144.657010813725
27.5045,212.013656534491,219.406178034605
27.505,135.313621622858,277.307410434567
27.5055,-5.44291066730971,300.991181910639
27.506,-153.76177992025,304.619580963416
27.5065,-223.79327730259,302.145884445031
27.507,-190.832769876945,289.273592449017
27.5075,-99.2700673647238,262.387264250352
27.508,-6.45978403712851,234.56846273073
27.5085,46.3008632126163,218.756576757533
27.509,35.5467289757184,207.196985626699
27.5095,-23.768774201801,182.1623353165
27.51,-72.449892669435,141.373111387373
27.5105,-65.5463916003623,101.633047574964
27.511,-31.1047607962479,80.6554278805874
27.5115,-33.0091687464008,83.0527650109634
27.512,-82.48399715972,99.878670569438
27.5125,-128.296447517174,114.28129645798
27.513,-132.76135341029,111.528026809405
27.5135,-111.853501458172,91.2126456327517
27.514,-91.7868351129053,67.4514711622146
27.5145,-70.1893201644939,51.6909903680409
27.515,-40.0140868498222,38.3685938443855
27.5155,-16.4215361155974,11.9703094412611
27.516,-14.7645983816315,-35.8748626834133
27.5165,-25.5113466091068,-100.248788927049
27.517,-30.6122583748505,-167.804991846561
27.5175,-22.8315952404424,-222.535438957553
27.518,6.44044974153342,-253.299545868838
27.5185,69.7875912542885,-262.56964902971
27.519,151.32937815139,-262.653847586582
27.5195,200.003101410303,-258.183170754128
27.52,187.056285307724,-240.767895312025
27.5205,150.443899396808,-208.939879873423
27.521,150.322164843996,-182.997634020869
27.5215,197.368978351656,-184.964861017841
27.522,256.190110341537,-207.826348798031
27.5225,297.573782185286,-219.950616380344
27.523,304.768499875868,-201.281248510028
27.5235,248.242983178158,-163.80256445353
27.524,115.952091411059,-134.613489070969
27.5245,-30.0663519540618,-128.205990856638
27.525,-92.1804474639428,-136.371795851711
27.5255,-56.2574506846524,-136.097545058503
27.526,-18.9800498586692,-106.117919386749
27.5265,-62.0242636352433,-45.1170302605761
27.527,-144.394567135709,23.2526038632316
27.5275,-164.917924057182,69.9564545469689
27.528,-96.893855570845,87.0286616556672
27.5285,-5.46734939218222,90.0545710783177
27.529,50.6934283695533,97.1768718624895
27.5295,75.9309429981745,114.364340412561
27.53,94.0293491005034,139.129542292014
27.5305,101.194477339299,166.414169471627
27.531,83.6844385172151,188.818103715948
27.5315,48.9145725838501,201.845494609109
27.532,13.9338553596388,211.603474705752
27.5325,-21.2262876578062,227.205373494317
27.533,-69.7698999386497,243.859264196314
27.5335,-134.450752295723,246.238267703422
27.534,-200.674500685104,232.73709055988
27.5345,-253.559722008824,222.060071355486
27.535,-294.550766717882,226.859533487784
27.5355,-330.763264486221,232.916565710283
27.536,-341.646854349621,216.13450677345
27.5365,-274.207614862487,171.324594005958
27.537,-105.242678147376,111.815098240142
27.5375,94.1536419672923,47.5750521301688
27.538,206.689654429935,-22.0699318919381
27.5385,204.289233597962,-97.024047564589
27.539,184.430828627336,-171.278993523184
27.5395,228.398717396821,-239.414552643414
27.54,273.190444473886,-297.161908691326
27.5405,194.318164990454,-334.520917116815
27.541,-16.3959760651716,-339.176980976658
27.5415,-241.623243940993,-311.145258537906
27.542,-395.259051968485,-267.507620144531
27.5425,-493.158882627471,-228.88422618316
27.543,-556.44476621532,-204.081120229076
27.5435,-546.257273758084,-187.290148921435
27.544,-440.211101102715,-165.415062308177
27.5445,-289.508359922685,-130.162607980477
27.545,-140.29471605915,-90.7337357373646
27.5455,30.2321970066101,-73.451194151967
27.546,230.116383084992,-97.8607440076015
27.5465,371.473652167598,-149.591729452821
27.547,364.797299966275,-186.318016022317
27.5475,255.527979979105,-177.004530803499
27.548,174.204262470919,-129.547341897318
27.5485,172.330978017531,-75.6133319982481
27.549,198.042585950078,-36.5669448147728
27.5495,219.249857336699,-11.370951008311
27.55,264.652657622317,11.3302385553725
27.5505,326.503208178778,43.2007291309247
27.551,323.655826297558,95.1012913840602
27.5515,209.229881589092,169.855364617849
27.552,44.0967223287182,250.92418808391
27.5525,-86.8554416670128,309.636795825236
27.553,-176.059586396837,332.060369436221
27.5535,-260.951299665348,332.769063315082
27.554,-338.852790859758,335.669290391112
27.5545,-373.04588751351,347.463553439313
27.555,-353.716587523745,357.652561311855
27.5555,-296.195398164972,357.872644430747
27.556,-194.719560967509,348.400217899129
27.5565,-29.6429647263484,327.175214175984
27.557,182.68437844367,286.761462038086
27.5575,386.235686557589,227.545406541269
27.558,529.927887152842,164.101461735734
27.5585,588.134225303896,111.617427932283
27.559,551.226326950251,72.3952456446145
27.5595,439.404169334908,40.7159460048701
27.56,323.891024238553,12.7397431046203
27.5605,282.757571475845,-15.9640184331783
27.561,309.503051446015,-53.9357197344517
27.5615,297.057700568639,-102.31844157066
27.562,149.243055818748,-144.51377476684
27.5625,-98.9127441738166,-162.011066556291
27.563,-302.698997162457,-160.975764345318
27.5635,-357.558404098035,-169.102346813284
27.564,-305.544968194,-201.461159191825
27.5645,-274.565850747807,-240.873292971017
27.565,-328.038090609337,-258.44239819268
27.5655,-408.584012627309,-243.972263649163
27.566,-430.582986175214,-209.01442404246
27.5665,-382.078836797009,-169.380241084769
27.567,-305.484130182156,-135.102299350126
27.5675,-217.738934142089,-111.119298378951
27.568,-107.013747014269,-95.3433979663204
27.5685,7.61777697270111,-77.7023130132142
27.569,81.7349206983908,-51.7970391423416
27.5695,121.421008737225,-28.0895999191157
27.57,189.644866341371,-26.8063070588409
27.5705,306.652630222136,-56.0677919830191
27.571,397.191947465691,-102.887149304717
27.5715,379.737729151292,-144.757050831606
27.572,268.970489360835,-162.635599417144
27.5725,144.373792370526,-144.99149215305
27.573,50.3450515327896,-92.6429402437033
27.5735,-21.4056311401639,-24.6779407903855
27.574,-76.8184251502377,30.9590783449145
27.5745,-107.767828658032,60.6912223339864
27.575,-126.232679457009,73.2505169917429
27.5755,-153.01879624909,80.0920207848387
27.576,-170.122792307001,77.7379259520104
27.5765,-135.118258376122,58.4505044130535
27.577,-51.5524144275123,29.2788786329196
27.5775,20.9783429401458,6.63496382366992
27.578,41.5062938021089,-4.32495778946671
27.5785,33.2809078584367,-11.7779640621654
27.579,37.4470900208955,-20.9866157684262
27.5795,54.5966550665255,-30.089205323876
27.58,53.2937198194354,-41.7025670921047
27.5805,13.7113979908666,-62.6627190456617
27.581,-54.2699825140705,-88.477733334889
27.5815,-121.647229151536,-103.433192927686
27.582,-163.53731939002,-102.230809357041
27.5825,-188.910853365479,-96.0674855457378
27.583,-242.390190835805,-89.267415878211
27.5835,-347.474104402515,-67.9889915537758
27.584,-452.459118085603,-26.6310406676773
27.5845,-472.878000998678,11.7675765239208
27.585,-390.764631123127,23.7891802592475
27.5855,-267.386142832495,23.5245698628229
27.586,-150.751261886686,46.6074780650366
27.5865,-26.2390964983742,100.060137829181
27.587,119.174885491264,152.862903838885
27.5875,244.771454293715,176.529019188778
27.588,313.716220014098,170.458722561951
27.5885,354.670957361605,145.146208741797
27.589,407.962768449324,108.606870072914
27.5895,443.881514872379,78.173642361097
27.59,400.692062951718,76.5862590159856
27.5905,289.299073883931,98.4499058378873
27.591,195.506156757792,103.927830658739
27.5915,176.482511173903,67.2343677890696
27.592,208.699542099313,12.8377809002589
27.5925,243.08412874039,-19.0125505192704
27.593,259.226198749947,-25.4106419526589
27.5935,253.305917354983,-32.4827331766244
27.594,222.998349587853,-47.2731987595609
27.5945,186.29729813518,-49.7722595341542
27.595,172.935647680633,-28.8985860851071
27.5955,169.924859097277,3.60073996018828
27.596,110.040088636928,37.4208460956225
27.5965,-53.7112899457194,76.1386437138391
27.597,-283.460599288744,120.528852160568
27.5975,-490.766379058393,161.137803857673
27.598,-615.800307473973,192.541788914243
27.5985,-651.805690478509,216.459557485026
27.599,-617.428801381589,228.854084974974
27.5995,-540.153997567045,225.08899765558
27.6,-455.34350077738,220.105221772285
27.6005,-385.806998964695,238.534438094117
27.601,-317.701143389728,277.3332254814
27.6015,-216.979175228359,301.76194781653
27.602,-72.6498118663932,288.100974638077
27.6025,88.4243240930549,247.750391962141
27.603,224.903901315,198.868009252305
27.6035,303.717144766858,140.295250921573
27.604,306.276782085049,71.1149934422963
27.6045,236.991877187279,12.478575532203
27.605,134.232679640712,-14.3904748075644
27.6055,57.7036942842158,-17.6854476006151
27.606,50.0603310917625,-21.2435324209317
27.6065,107.632266328783,-32.5759691161901
27.607,187.310277549951,-42.8140539847453
27.6075,240.331187143801,-46.5889240767442
27.608,245.489876763621,-44.7422509246986
27.6085,219.700087549543,-41.4285421967374
27.609,198.413122126932,-56.6391822874297
27.6095,200.663119789343,-121.878453448817
27.61,210.827056137454,-235.131882777997
27.6105,195.861959755667,-336.744592499995
27.611,140.769945080027,-368.119979424869
27.6115,67.8454608652115,-348.895980318549
27.612,22.7467769778758,-356.15739874402
27.6125,38.6204536835362,-423.708357429694
27.613,106.889984528453,-502.64132399253
27.6135,182.033721989259,-536.117676602367
27.614,219.7252308528,-534.429613276386
27.6145,210.119276883323,-546.623905921402
27.615,170.998160563131,-583.623740171815
27.6155,117.479784346986,-606.746745070068
27.616,53.8564336956003,-585.248819518512
27.6165,-8.58351100061264,-532.581994261553
27.617,-49.4354066840994,-479.421798168738
27.6175,-66.5704948198626,-433.040939397596
27.618,-91.9057250874614,-376.341491399605
27.6185,-164.771605566927,-297.615096892438
27.619,-289.186837960192,-209.753870186829
27.6195,-417.648687354664,-139.928080950769
27.62,-473.519586055788,-104.226762965149
27.6205,-402.472574682146,-92.4846785063372
27.621,-228.569539392623,-75.5246872151864
27.6215,-61.0218816786369,-26.2322278442369
27.622,-13.1677821902323,63.3849472320257
27.6225,-95.2765247141429,179.366895080504
27.623,-205.265160779284,296.577637690544
27.6235,-237.868362533626,396.430256467341
27.624,-179.76986627961,477.953237377112
27.6245,-82.730109113182,548.604942713574
27.625,20.5860314846916,603.709271858192
27.6255,132.635767209548,625.004022679086
27.626,241.310071908996,606.529819971279
27.6265,304.424575979078,571.344619746506
27.627,293.854240773839,549.231431722991
27.6275,226.346332016906,544.451388079836
27.628,140.33257859864,540.672728031583
27.6285,58.3425910777843,532.628192678233
27.629,-25.9833690610765,533.17811860763
27.6295,-137.125026311923,547.529268314758
27.63,-287.39860298352,559.324693634012
27.6305,-441.900432127438,549.377721400495
27.631,-530.448815849425,514.646793053578
27.6315,-523.004894480968,462.525626211677
27.632,-476.204023053926,399.568795936437
27.6325,-462.724546337337,334.098542458775
27.633,-465.047438299421,279.227574912531
27.6335,-395.049027877636,242.969566680704
27.634,-223.476910814234,218.653400949551
27.6345,-25.9453443660376,188.337779267934
27.635,126.126441498004,132.703819178026
27.6355,257.261613151201,43.0424069186857
27.636,417.950719971045,-64.0515600574158
27.6365,569.267862539784,-148.327882941838
27.637,613.172587556199,-182.395393161992
27.6375,531.344015120395,-189.095541288637
27.638,426.526867920734,-221.027452651308
27.6385,401.754424414647,-295.208042885049
27.639,436.450155386535,-369.206114978946
27.6395,411.773093527348,-393.794279817668
27.64,248.199051693771,-368.154772968589
27.6405,2.159480327656,-325.926146392879
27.641,-175.666588591949,-286.332038360271
27.6415,-179.937972878702,-244.338236283009
27.642,-47.0547118970038,-199.225732757796
27.6425,101.564748914131,-167.799000996531
27.643,208.692725050849,-169.75800385595
27.6435,331.811010883647,-214.963280260171
27.644,519.130055028015,-299.261685476561
27.6445,683.866014310909,-395.984247363531
27.645,671.468849668202,-458.599954173571
27.6455,441.960267126829,-454.728484042023
27.646,114.784217634061,-399.764185553231
27.6465,-179.751616725213,-341.005886955882
27.647,-422.506145793474,-308.732457605589
27.6475,-642.105100727955,-298.287125720591
27.648,-795.800636759551,-296.824575657939
27.6485,-792.463962208259,-303.894543200009
27.649,-621.338438354584,-318.899801565657
27.6495,-389.663426731979,-328.894778904321
27.65,-211.545206535703,-323.054508487737
27.6505,-97.1976956183817,-308.484762925847
27.651,22.9433127304712,-299.590784903014
27.6515,184.137450511015,-297.53715665964
27.652,325.076935498211,-288.680400204181
27.6525,344.189606018361,-258.68123815679
27.653,207.538995658797,-201.491847216224
27.6535,-11.2304276295417,-119.114561399917
27.654,-202.332674557089,-20.7064824386676
27.6545,-317.292625839217,78.5022658481179
27.655,-377.248893368651,163.648483854257
27.6555,-398.731172130078,229.532559821704
27.656,-356.595165921656,283.845346053477
27.6565,-236.862742721396,339.273084337724
27.657,-83.8210937857708,399.920650596099
27.6575,44.110772417177,456.430589510726
27.658,139.801750993737,497.413055232573
27.6585,226.371958118307,521.617690644316
27.659,290.856946814074,529.61586371821
27.6595,292.875340750016,506.87566772085
27.66,235.86798901106,433.46446971203
27.6605,174.288269804297,317.181785353882
27.661,139.4037210815,199.162295561062
27.6615,109.360094149921,113.983168946626
27.662,69.6557336453729,60.4335802039023
27.6625,47.2797517868799,26.723072566466
27.663,51.8955554410881,23.0781048533892
27.6635,37.3669834268857,59.6502448019457
27.664,-25.3570782258004,105.157255717835
27.6645,-79.3901099761864,106.854157254997
27.665,-55.3879294744877,55.9624875152053
27.6655,8.32425024518074,0.143164422523206
27.666,-1.72666179503857,-19.5291132135644
27.6665,-117.044018174933,-14.3898964672391
27.667,-237.493157325392,-15.930258931511
27.6675,-263.950589857669,-25.5293784160211
27.668,-214.871065070767,-20.7356638181806
27.6685,-168.610651066425,5.36228913344851
27.669,-144.091828368161,36.3036787253759
27.6695,-99.3096697059952,56.5015639404367
27.67,-19.4447476824858,64.0494248863444
27.6705,55.2184423916561,64.3658827813851
27.671,83.0352063976678,66.9058089892183
27.6715,57.4273445411811,83.5375640308817
27.672,-2.4367989153081,115.352038794103
27.6725,-53.2337731251751,143.948965659057
27.673,-30.1556550485256,148.283570596658
27.6735,94.9171818764382,127.629577312304
27.674,251.551668374154,97.9175972497826
27.6745,321.691905528682,70.4379527178044
27.675,269.349747172405,45.9132407859673
27.6755,170.171656398382,24.7838615091898
27.676,94.9012861334003,8.71402643435315
27.6765,27.1211172818347,-8.40503088838471
27.677,-61.3443913125719,-39.0955267888475
27.6775,-117.139371081438,-88.356233903451
27.678,-67.2003568774357,-145.745789392957
27.6785,54.2084359070668,-190.471321272975
27.679,127.287894969834,-201.809226664705
27.6795,100.76698391348,-171.873945579324
27.68,48.28828146723,-116.377068968458
27.6805,48.7070868455779,-67.4328374476466
27.681,80.416076983699,-46.6337134479577
27.6815,78.8572754102909,-48.6376767122954
27.682,43.9004784477341,-57.141270183063
27.6825,27.7540498075419,-68.3708733260063
27.683,44.9871383462311,-88.2195166010953
27.6835,58.9426258499984,-114.82828967626
27.684,51.1108201023807,-139.525981472757
27.6845,46.1578641444893,-161.002867401315
27.685,58.9479496569648,-183.021279953442
27.6855,65.740425644801,-199.54847191522
27.686,48.9867990480457,-197.707595462704
27.6865,32.9277462352785,-177.271691783312
27.687,45.0203226188553,-154.209584447581
27.6875,64.1612878188871,-142.290877435451
27.688,36.8282406658786,-141.510144344733
27.6885,-63.4309323406474,-145.02097505891
27.689,-212.164390414839,-145.904150637278
27.6895,-361.280065492918,-136.853064598376
27.69,-470.95776361746,-116.286717023876
27.6905,-519.44346386021,-96.1756156225766
27.691,-502.040070976828,-89.7945229569067
27.6915,-427.988755833325,-89.1171546466636
27.692,-313.136347386555,-70.0128536651203
27.6925,-174.790944686448,-25.4932761456282
27.693,-33.5672505201515,22.4681630477588
27.6935,89.8826562739743,53.9171285483546
27.694,188.252633754905,78.1005719751674
27.6945,270.424996628291,114.247102981768
27.695,342.256445960315,156.337368717409
27.6955,390.922264092198,177.942913711563
27.696,395.996309654404,171.608906793691
27.6965,348.34446567306,164.925683283601
27.697,252.182486819757,189.100392760865
27.6975,123.492784754143,241.728461217041
27.698,-1.44077922021535,291.279277973853
27.6985,-76.2778194316836,315.109547166375
27.699,-90.330784348569,321.874763371576
27.6995,-92.2128637935524,332.190136391084
27.7,-134.785697069776,346.226869371632
27.7005,-199.818277054883,342.922362326731
27.701,-214.08802134897,310.104011914444
27.7015,-146.45440432966,259.582395880463
27.702,-51.2033794098175,204.488928163763
27.7025,0.997833171592617,136.846140490141
27.703,-0.365909354115909,45.1671316696513
27.7035,-21.4607860266691,-54.3668129619388
27.704,-40.9597520080373,-127.322584606485
27.7045,-53.9871636388134,-162.434187582205
27.705,-44.7273166766908,-182.527577972408
27.7055,-1.17970364031418,-209.178239175442
27.706,52.0448417189684,-237.900847882857
27.7065,77.7481728389734,-259.021447376679
27.707,79.7229559897115,-282.109259280962
27.7075,92.1804158819974,-319.9989764373
27.708,117.01706679725,-361.109915118338
27.7085,117.291487656889,-379.294534961615
27.709,81.6285904313976,-366.848320621898
27.7095,48.4440595615974,-339.619597638894
27.71,46.8894140502739,-310.924686925461
27.7105,57.6635321737423,-277.1450000988
27.711,60.606225608886,-230.979113076336
27.7115,78.7113036129709,-174.776043858435
27.712,131.80088991731,-116.321227750169
27.7125,177.45767728449,-61.4048080259119
27.713,151.63313249712,-14.4395773124209
27.7135,56.7508019350739,21.4463064583969
27.714,-39.950836745168,48.745637333635
27.7145,-94.6483177834209,74.9699231460693
27.715,-127.600860597146,105.909158649047
27.7155,-169.43777633348,142.830290136001
27.716,-211.901727328157,184.446391527245
27.7165,-231.712005576517,225.957549972157
27.717,-228.74350572759,258.402573579792
27.7175,-214.174927968154,276.243948535728
27.718,-182.850931986903,284.242358845832
27.7185,-123.089642391533,289.67378843332
27.719,-41.1584656896158,289.557684178273
27.7195,45.1509017330591,273.601378434324
27.72,128.355787467213,238.088467895029
27.7205,208.024884747897,188.2979694893
27.721,271.65655642948,129.680141801455
27.7215,296.938229419602,67.9800416164139
27.722,274.53388678352,17.367407050857
27.7225,218.823480440079,-5.27966552934634
27.723,155.009935655089,1.3746369026789
27.7235,100.234614501359,20.4228122652826
27.724,56.274203683559,35.7841305013232
27.7245,18.2931745087341,44.6354959125093
27.725,-9.58304243264201,48.3379266834796
27.7255,-14.1045864262833,43.2457390901645
27.726,3.3200695847337,27.696080722417
27.7265,12.3433905303324,9.13199481178799
27.727,-15.2446976013905,-3.52365174923606
27.7275,-60.6920964731495,-9.25533763247492
27.728,-69.9103105187663,-13.0748028235977
27.7285,-18.6589064229405,-22.336058378826
27.729,56.1347872269928,-47.1123182907294
27.7295,101.097354088783,-91.7351366574024
27.73,99.1415833145882,-139.433693739993
27.7305,63.3880550894199,-158.940384107687
27.731,5.61096446271708,-138.218050795328
27.7315,-64.754983874791,-101.436126051918
27.732,-133.494016360607,-79.5380709115145
27.7325,-204.780392161268,-73.3596017204524
27.733,-311.931065426431,-61.5983727879679
27.7335,-465.965222787516,-37.3841754021523
27.734,-606.329870447698,-16.1224398041958
27.7345,-650.36546600869,-7.73018397353221
27.735,-591.829433686532,-1.6393204706006
27.7355,-500.724127157959,14.2192404442703
27.736,-414.626367109201,35.0517548062769
27.7365,-285.834833942935,48.7085682902964
27.737,-71.3466440057502,52.5492877952954
27.7375,169.134421794428,50.994677912803
27.738,320.687856808785,42.3605932015864
27.7385,343.98500731171,16.6284741997864
27.739,309.39580144585,-34.7491350302115
27.7395,301.231860736896,-108.608778370807
27.74,331.918065247725,-185.808091621342
27.7405,361.051937517463,-237.837978891725
27.741,359.106383420766,-246.388299938915
27.7415,326.795774123903,-219.872341874563
27.742,276.00606394391,-184.209670262815
27.7425,221.325658194452,-155.099023551712
27.743,182.215622156661,-126.800075667865
27.7435,170.28490346659,-89.8672645623687
27.744,174.676367387458,-48.8323011941877
27.7445,174.421324020408,-15.6599664025122
27.745,163.468043923462,5.64394266304002
27.7455,150.666582326242,19.6468655329449
27.746,138.16518134581,30.6987735618873
27.7465,116.778329339749,40.9233425113834
27.747,85.0877284720304,51.7409566120437
27.7475,55.5250193244431,60.4461475417118
27.748,32.0387118113436,60.6177301879022
27.7485,-3.3217557610102,53.2521748486945
27.749,-64.5298893367842,51.7819632411656
27.7495,-129.879236302715,66.7874650905247
27.75,-157.848345826063,89.6638385536815
27.7505,-138.310030759974,101.2590049434
27.751,-108.621910115218,94.7174703073047
27.7515,-107.148079821759,80.6293826249158
27.752,-126.427210848401,70.7933641387567
27.7525,-131.188043722866,66.2300356411278
27.753,-111.828806307627,61.8717119436682
27.7535,-91.4818584683879,54.8123975424082
27.754,-77.7982009673679,45.6312196413024
27.7545,-40.5152148638937,36.9161241670912
27.755,39.9545471499311,31.6588056881418
27.7555,121.587138722538,29.584745691375
27.756,132.343796091593,26.7385264803219
27.7565,53.2899582992436,23.1281367758044
27.757,-57.0009880542533,26.9722793984291
27.7575,-129.774579283427,43.7156314985288
27.758,-155.660445875122,63.3310934046725
27.7585,-173.14228237966,67.6101063650724
27.759,-207.608925670364,50.0172630221201
27.7595,-246.646887310058,21.3459671116044
27.76,-268.522983932376,-2.28118476497725
27.7605,-268.009118054357,-8.86232035360424
27.761,-247.516809539685,7.69768171264579
27.7615,-203.665147556491,41.0743362827882
27.762,-137.950894768943,67.0368789520085
27.7625,-69.9575923079339,59.4811453556056
27.763,-22.5391181275555,18.4699675054306
27.7635,4.86679131457545,-27.3815128861268
27.764,33.6698038111622,-50.8196061334136
27.7645,72.9845578486419,-48.4593358869937
27.765,102.238018997495,-30.8308978891826
27.7655,99.6454156524027,-4.53107892236914
27.766,83.3375501219903,27.0261744460718
27.7665,105.935228374803,57.1455880041753
27.767,196.033898648492,81.6242270465558
27.7675,311.48742219263,103.394749988305
27.768,367.118663641173,122.940783228169
27.7685,315.987346355214,133.694602644232
27.769,196.506228949318,136.372106210673
27.7695,93.7250779561191,145.228459405518
27.77,60.9931656846319,164.230258527479
27.7705,86.3882733912828,166.906625887039
27.771,124.704829612557,121.175434878155
27.7715,141.885033826421,32.0548378703302
27.772,126.954123692923,-60.2766460761081
27.7725,83.9722627269083,-126.626614236709
27.773,30.4465763990564,-173.753204953301
27.7735,-6.72154692533153,-218.200161190266
27.774,-14.5445023730968,-255.432845230039
27.7745,-13.728785223729,-269.289933345663
27.775,-39.0901196717056,-260.269191343094
27.7755,-96.2435085506221,-247.921835361946
27.776,-151.66487126006,-247.788146312731
27.7765,-172.577749417144,-257.441244850328
27.777,-164.065974810388,-265.053268561735
27.7775,-155.946052771172,-262.454393282877
27.778,-162.693468396827,-247.105985027014
27.7785,-170.771224109618,-217.507410219094
27.779,-161.252072503486,-172.914340396108
27.7795,-130.42890547193,-119.104144979006
27.78,-88.0365867313257,-71.379837521949
27.7805,-47.478272667852,-45.2228082782024
27.781,-18.7221562793408,-39.2348926098691
27.7815,1.39796633771198,-31.2153656801012
27.782,33.0414905431835,0.909050787433345
27.7825,92.4474243091258,53.973776195117
27.783,162.101310525246,101.944076936643
27.7835,198.292461639908,124.236929739287
27.784,179.304400317704,125.109077026627
27.7845,131.331684433212,123.45184708047
27.785,91.7434046253752,130.922494260375
27.7855,61.7094197802076,144.317212651212
27.786,19.0625403087183,153.73970298768
27.7865,-31.2731239714989,152.876127077497
27.787,-53.3385338943354,144.049288274621
27.7875,-33.8934445180751,137.103521773441
27.788,-10.3004029455526,141.752242257806
27.7885,-24.2887062975676,158.87091850161
27.789,-65.9346400416764,180.350393611756
27.7895,-88.2060865997566,197.036502469143
27.79,-70.2898512444054,204.311279613045
27.7905,-42.3321843560103,202.096415385168
27.791,-42.6424341993137,194.780913786219
27.7915,-66.7684588648839,189.642157523993
27.792,-71.0709704722637,188.702462594224
27.7925,-25.4766098805736,183.496138158852
27.793,43.0892895069676,165.659382290997
27.7935,67.5633883160515,140.422084278251
27.794,9.79029665602178,118.341434614792
27.7945,-89.9173388310417,95.0093355149401
27.795,-148.377532809094,55.0953502997146
27.7955,-129.539655318236,0.36980032841196
27.796,-79.9054596192796,-44.3553905359712
27.7965,-62.6899050314467,-63.8056658064713
27.797,-80.2946739121085,-74.9948312055082
27.7975,-88.3702018662345,-102.328549321014
27.798,-68.0315749838878,-142.512885461631
27.7985,-42.3450661909493,-172.857058534569
27.799,-21.9595071160941,-185.929592215709
27.7995,20.1100425079498,-194.431619148823
27.8,98.7468931947182,-204.647558279106
27.8005,174.830826863425,-207.577364905304
27.801,193.720365315821,-199.967940427659
27.8015,149.306042889642,-193.894917231336
27.802,83.4133513796106,-196.684462618332
27.8025,33.0634523809506,-196.703835705146
27.803,4.77626937449049,-179.554714544694
27.8035,-5.99120660006646,-147.144173866139
27.804,0.20054389853285,-110.771412539588
27.8045,17.2308622826164,-75.0895666173978
27.805,30.3546710008343,-39.9758277277424
27.8055,31.8830307914614,-10.6341284306988
27.806,28.008477233483,6.95631285337777
27.8065,25.5920691623479,17.576344065304
27.807,23.7509000892683,32.5642491166156
27.8075,22.7274730318068,54.0890394312338
27.808,29.6151846255735,71.8330941143099
27.8085,48.2933653876257,75.9834182427624
27.809,70.3573185783057,67.2199388559668
27.8095,81.3607183249081,53.4313898148203
27.81,72.8867325004297,42.5760656323354
27.8105,47.9565152386597,40.2057676129079
27.811,19.5711205734593,48.7013581016301
27.8115,3.51083932038205,65.4845043859046
27.812,6.43423512494027,83.8524179588289
27.8125,20.6737151585708,97.6675257286509
27.813,34.3397465508186,104.798198056228
27.8135,42.533096830242,105.679937510197
27.814,42.9451268568376,99.6967353608846
27.8145,28.7137156296479,84.0416984837728
27.815,-0.710780864516325,56.4879248982991
27.8155,-26.0247531848827,19.3161735975496
27.816,-22.7773615594085,-20.1212976488302
27.8165,8.35572729966879,-53.4329547792544
27.817,40.7624427901685,-75.3710059216616
27.8175,54.3274309465262,-84.1819455677328
27.818,53.9959947523924,-80.8016569697856
27.8185,52.1586148835293,-70.2534009576836
27.819,49.5874595832734,-61.1498571852262
27.8195,43.0220616120926,-59.2597007734888
27.82,36.5989660281119,-62.4077165040643
27.8205,32.1931605716719,-65.5071364093741
27.821,18.1509243547845,-68.5534316944969
27.8215,-18.5827312228708,-73.7599814957396
27.822,-73.7584316031699,-76.281295319635
27.8225,-128.744719385444,-66.1748801007374
27.823,-167.541420616855,-41.4196400577945
27.8235,-184.843846232373,-11.6949801906683
27.824,-186.030968451065,13.3435994190252
27.8245,-187.466724056118,32.3985916362101
27.825,-206.292897379291,46.4585990448044
27.8255,-237.696878932129,53.3735799185643
27.826,-251.314191791375,54.3474476857606
27.8265,-224.541673430165,57.665641144916
27.827,-172.173280861417,67.6344637288884
27.8275,-127.860691623711,76.1954753144107
27.828,-103.915321164169,75.2528810073623
27.8285,-88.2898154369925,72.2479558579401
27.829,-74.1921758399003,81.3285698981969
27.8295,-66.1949011039947,100.541169042507
27.83,-56.0684720750366,110.469173399704
27.8305,-22.2268780524213,98.1748473038093
27.831,34.6063148892818,71.8828260505824
27.8315,80.8267754633493,47.2136126698286
27.832,94.9911342307823,27.9111016018065
27.8325,104.339451162515,7.30398150652194
27.833,151.796502801781,-17.1685540212722
27.8335,238.6911637772,-38.9847487354667
27.834,326.527888063126,-49.7577645749789
27.8345,387.179023907986,-45.2679875883424
27.835,419.11422357402,-25.9850776125083
27.8355,414.331355165929,2.06414615580793
27.836,349.318464387156,26.6962895209754
27.8365,229.15389897921,35.8413164718909
27.837,109.056054389049,27.7397646435208
27.8375,37.1851651824525,12.5887859280437
27.838,-9.23409437641714,1.88804780111804
27.8385,-92.5176701457673,-2.04486796276528
27.839,-219.871858965147,-3.81520833951068
27.8395,-317.835453412472,-4.46871184743714
27.84,-315.784136417521,1.49301851495876
27.8405,-226.280622267672,16.2595573056941
27.841,-121.95444314624,29.4545584597799
27.8415,-56.9937854096261,24.391791118491
27.842,-40.5846077981326,-4.74934575830162
27.8425,-69.8418570937193,-44.5875375730635
27.843,-145.633584902862,-72.9315275236727
27.8435,-248.761423448015,-76.1856074753549
27.844,-333.030209623846,-56.8219796094794
27.8445,-359.599286863112,-28.1000766210055
27.845,-322.05916270797,-4.70409006622673
27.8455,-230.280097304514,4.30342883276221
27.846,-94.3569758717918,-1.15483906653753
27.8465,58.9655951248785,-13.8713798409746
27.847,179.788727074302,-25.8735168596623
27.8475,237.918293602022,-34.216031541931
27.848,264.173996733221,-40.8392413361372
27.8485,317.740023179903,-48.5721400714785
27.849,409.777111255575,-58.4007269402435
27.8495,485.552941236148,-68.9755431921388
27.85,490.018750622515,-77.3764920408139
27.8505,427.658181471811,-81.7364935814251
27.851,343.637242390948,-83.6193107667743
27.8515,265.478591159559,-85.0844695691576
27.852,185.872091900673,-82.9708170403178
27.8525,95.4759684088192,-71.3359728716457
27.853,9.17530485600561,-52.6234730166659
27.8535,-47.0239880308385,-40.457533271967
27.854,-63.8681898702798,-44.5625329758645
27.8545,-56.2127963548555,-56.2296192077703
27.855,-46.5990443233354,-56.422013985619
27.8555,-46.2635957269655,-37.0572340154255
27.856,-51.6115910193046,-7.02360872640114
27.8565,-56.1173327919115,21.6851074749717
27.857,-61.919515281908,44.6358087947553
27.8575,-76.6053200144601,60.8217402625847
27.858,-100.579061922319,68.5157845019777
27.8585,-124.952765103607,71.0645125209817
27.859,-145.737031491834,79.1099364340795
27.8595,-174.701447569089,99.1037131237433
27.86,-228.758472061113,123.505909602799
27.8605,-307.871907263282,139.320568173825
27.861,-386.641795549663,143.592347123209
27.8615,-428.266402655839,143.462305271616
27.862,-407.174252674967,142.722490982668
27.8625,-323.742598294944,136.736769939192
27.863,-204.576150548103,122.351874612677
27.8635,-89.4797173954836,105.422230440256
27.864,-11.4249081526687,93.2600393467534
27.8645,19.1688289756258,83.2047401806209
27.865,16.3715305371158,64.8007045221125
27.8655,7.53334118219589,33.927073959993
27.866,17.2723035939614,0.627303507401573
27.8665,54.6850417446175,-19.7784683664337
27.867,109.460450247526,-21.781131631094
27.8675,160.174606582327,-13.4916017961238
27.868,190.152741353228,-6.83742515198233
27.8685,197.434680557755,-8.19364022305893
27.869,190.036827829645,-19.0107689454201
27.8695,174.640057631035,-39.1233540989618
27.87,153.720576603564,-63.6069158705423
27.8705,131.917086937364,-79.9958889566335
27.871,117.547494559693,-77.3890851427144
27.8715,112.9050103215,-60.0755140685607
27.872,106.76098529746,-45.7166127671628
27.8725,83.4212983886758,-46.8127038317794
27.873,40.0786717457582,-58.6620694793455
27.8735,-9.77722267909257,-68.7487640737554
27.874,-51.4417963099833,-72.9252480178543
27.8745,-81.2776947022766,-77.0409303827018
27.875,-99.9140984282406,-85.8079218169824
27.8755,-100.371051369774,-96.4503461937332
27.876,-74.0683845492927,-103.424351077926
27.8765,-28.573447086734,-105.063070320773
27.877,11.9541653011819,-104.567134700613
27.8775,30.1485327573873,-106.474017338796
27.878,32.4674948618063,-111.738555828536
27.8785,36.1163233017625,-114.363372509815
27.879,44.5514366061905,-104.299301162093
27.8795,45.4253520308102,-76.979405043522
27.88,31.0282792096806,-39.850078992673
27.8805,10.3500380233081,-6.62563955190301
27.881,-2.72617392667258,15.4485803066617
27.8815,-6.4720534309474,30.8571385966757
27.882,-11.3785729463085,48.5310528578623
27.8825,-26.2641521563062,71.51397383949
27.883,-48.7000957781163,94.6312948418529
27.8835,-68.2008811820568,111.030987569992
27.884,-75.580756145161,119.363535062355
27.8845,-69.150518151332,123.206162425126
27.885,-54.56016198136,123.369743370958
27.8855,-40.2133235364088,113.953431478526
27.886,-31.4075942788098,90.0837106471753
27.8865,-26.2420947878118,58.1671482679603
27.887,-16.6771464243717,32.0895740015429
27.8875,3.90410969802129,17.5933581535986
27.888,32.4837233813239,6.8521101263019
27.8885,57.8418739744817,-7.91613744782652
27.889,71.917392965296,-22.3797819257881
27.8895,76.3672232391459,-28.2388262867502
27.89,75.0456451394637,-27.7057218033653
27.8905,65.7652306611813,-30.2324895273101
27.891,46.7370476016778,-37.1550809453104
27.8915,26.2435170452075,-39.9616537499827
27.892,14.8611299070893,-34.5697605799663
27.8925,10.0711325417845,-27.3240930305644
27.893,0.767412886552666,-23.3109329002451
27.8935,-14.1064409790553,-17.4488393790252
27.894,-26.3248464905479,-3.06984555998532
27.8945,-37.8545413628007,16.8716290075562
27.895,-59.8362841638193,33.7465566120538
27.8955,-86.9030336299309,44.3240999933889
27.896,-95.1841455906515,51.5389410340234
27.8965,-78.1868656202007,57.1227181027085
27.897,-61.6404644365823,60.2647380773961
27.8975,-62.6348387887147,62.501990601907
27.898,-54.9037075898757,67.1819807460123
27.8985,-3.52035477220521,72.8948112959046
27.899,78.4810300446223,72.9180589293392
27.8995,139.425108508458,63.9906887245936
27.9,150.421510277708,52.1001238800881
27.9005,130.037173004963,45.9290692474454
27.901,112.143272564482,45.743397015372
27.9015,118.506516278164,42.0568237619987
27.902,160.054462825102,26.1682273358004
27.9025,230.274955051611,0.123533829244249
27.903,291.690416503151,-25.4235670060329
27.9035,301.156667300559,-42.1141517137644
27.904,258.235019322289,-49.8458725091484
27.9045,200.606411603241,-51.8505554599757
27.905,145.831023692081,-48.5210838975037
27.9055,72.1030468880991,-40.1708643631045
27.906,-32.9709134407106,-33.0856176532852
27.9065,-143.988733113304,-36.4631963582488
27.907,-237.509539917068,-52.4168684354016
27.9075,-320.999032358017,-73.4896683691561
27.908,-394.717361369049,-90.7410916735208
27.9085,-423.532617258081,-99.2639600323386
27.909,-386.560907530399,-94.6864441858628
27.9095,-325.380670059866,-71.3090484964201
27.91,-296.734707803295,-28.9073126242864
27.9105,-295.237649740986,22.577676480503
27.911,-267.478913140694,70.2020645868146
27.9115,-190.137160322222,107.583891484164
27.912,-90.8005384411523,133.945219992557
27.9125,-2.35878923113156,147.588606515195
27.913,57.5649163220734,145.836823227837
27.9135,71.8950478291722,129.349638644372
27.914,43.4163550013885,101.957037101337
27.9145,28.8169090597225,68.7489724368386
27.915,94.4313892149485,38.2509401993558
27.9155,222.251540146429,20.6660520435433
27.916,311.950932935263,15.1003177772534
27.9165,298.588142500811,2.50820817312485
27.917,220.491188187578,-36.0830753247011
27.9175,144.597362781262,-93.4786500262748
27.918,77.1150725074289,-140.872007364213
27.9185,-6.75854535716067,-162.385821842423
27.919,-86.1473375414939,-172.35052170175
27.9195,-109.521155443135,-190.090958713698
27.92,-73.3376207697584,-209.712781951515
27.9205,-32.1703782236684,-209.678359632801
27.921,-27.3634369335675,-186.384737453417
27.9215,-44.5458166343112,-160.748247113946
27.922,-47.4741789233182,-149.325891440604
27.9225,-21.7447568455568,-143.737304753627
27.923,23.8607781613122,-126.221530743986
27.9235,74.3825931560142,-95.1683747447063
27.924,116.469340883557,-64.5440843924046
27.9245,144.475192892607,-42.7727684334948
27.925,163.081856031762,-23.2164216162333
27.9255,171.536832564195,3.44767621078374
27.926,149.226240961676,35.3492422716327
27.9265,77.4138566685286,61.9434252859517
27.927,-24.0390679368826,76.8709151537373
27.9275,-104.081360597145,84.4962660545947
27.928,-133.184032003221,94.0555291473891
27.9285,-134.011095973433,109.398134191725
27.929,-151.933721323681,125.537841581188
27.9295,-205.31386059722,135.268809563949
27.93,-269.733625737841,137.937771329188
27.9305,-302.439464447468,139.435003718913
27.931,-279.064057790483,142.827732426313
27.9315,-212.449094980725,141.627544816369
27.932,-133.899015308083,125.295752588483
27.9325,-50.8035048698618,91.0000983484211
27.933,64.5847140872246,47.9160156193337
27.9335,224.958919395956,10.6203195562467
27.934,376.124991092317,-9.45617995144606
27.9345,429.025669648493,-7.56041267804881
27.935,354.794127717199,13.7146297786776
27.9355,223.582466580671,44.2837363613597
27.936,132.153926616719,70.4942571543587
27.9365,110.255786228046,84.0731292717937
27.937,115.66761339481,87.6870733071491
27.9375,103.600958186295,89.5218427161627
27.938,72.0070958475741,92.7808015645387
27.9385,41.8819176657474,92.9933608279743
27.939,22.287870577787,85.2813150315973
27.9395,8.19885081717005,70.6323862553703
27.94,-2.4803128893805,53.3960905436679
27.9405,-6.40252293573945,35.3989920176982
27.941,-6.1651966182605,15.3776977842987
27.9415,-12.1922693155577,-6.9823276332071
27.942,-30.1354865894143,-29.3548306447213
27.9425,-52.1817739603561,-49.2095663878432
27.943,-64.5191717568534,-65.6125222382708
27.9435,-60.9357034664011,-77.6136630095828
27.944,-46.6131481208421,-82.2782187976062
27.9445,-30.9764944300919,-75.9241592874554
27.945,-19.7406767003083,-57.7137140576618
27.9455,-11.5587602600215,-32.0104534082315
27.946,0.777223532433257,-7.21001435661902
27.9465,21.815309286915,8.38538260993263
27.947,40.4432939095625,10.8397635499777
27.9475,31.2004493486425,1.84298937432914
27.948,-19.4277894300589,-13.7270913166597
27.9485,-90.2538059072579,-31.1815353421539
27.949,-144.18861099324,-47.2353945232535
27.9495,-171.075539988548,-59.1645948676781
27.95,-193.260884140478,-64.2986340057766
27.9505,-222.74356473915,-60.9270076626929
27.951,-236.259179561591,-49.4686263952073
27.9515,-210.529645062388,-32.6728043236627
27.952,-163.017778558895,-14.911069382699
27.9525,-131.491721678933,-1.28005296138885
27.953,-122.816080127414,3.14785452312798
27.9535,-108.853131896813,-5.44241063279974
27.954,-69.2979982325868,-27.0501912680311
27.9545,-11.9528880108317,-55.4588446323164
27.955,49.8459985832187,-80.107413941497
27.9555,112.453426587875,-93.233467009918
27.956,167.510841691481,-95.5021922899362
27.9565,196.327649665774,-92.7573544300229
27.957,190.780761688955,-87.8071586994715
27.9575,163.942144940878,-78.7785834321267
27.958,131.730583434571,-65.6949186281131
27.9585,99.0845528546551,-53.6356132539122
27.959,69.6027912614654,-46.7065257641612
27.9595,50.1865585396164,-43.386639161188
27.96,38.1466794908941,-41.7715798407731
27.9605,22.2670133163839,-44.593610858663
27.961,5.35105909642104,-52.3008718682377
27.9615,5.67322935753264,-54.4745808142593
27.962,25.3945792440246,-37.7054295549184
27.9625,39.7669189765206,-3.22189076892559
27.963,33.1857677110814,31.5010429251237
27.9635,23.9954322621202,51.8700238686282
27.964,33.0346493442497,60.1842402453755
27.9645,48.331441356031,66.9049701323585
27.965,48.2064224659873,74.9960300655079
27.9655,43.4210789873135,79.338777894217
27.966,62.4437862215104,76.9625191782168
27.9665,99.9337855391064,70.443568132318
27.967,113.986496363195,63.2639894230634
27.9675,81.3071826211833,58.449976477195
27.968,28.8992269031382,60.8198222774616
27.9685,-0.969605166239624,74.0036857434682
27.969,0.215698707225037,94.2327145017496
27.9695,5.23907415319746,111.758925116928
27.97,-12.8038860636182,119.501671442184
27.9705,-53.4697044653392,117.110299169113
27.971,-94.0597879593259,107.143557769687
27.9715,-115.624534307847,92.1855087474474
27.972,-122.771639698887,76.4573662162683
27.9725,-134.560001812034,64.9477253178173
27.973,-154.922342057569,57.6718843316281
27.9735,-162.651319448391,47.5069910167182
27.974,-139.463947360412,26.9373525934338
27.9745,-97.7081639894405,-3.37898434367811
27.975,-66.1827920590421,-33.9126900010349
27.9755,-55.8043682272651,-54.0535789638046
27.976,-55.1144825014413,-61.1191448419201
27.9765,-53.5010233819331,-62.5412172272039
27.977,-49.4641846242406,-68.1978451179302
27.9775,-38.1249628669039,-79.3291378500849
27.978,-11.6023113192193,-86.3879123448073
27.9785,24.4178245284368,-79.3162344535312
27.979,52.1134246527403,-57.9779049397337
27.9795,65.1659541915,-30.9096035645207
27.98,76.2389304671151,-7.64479490241539
27.9805,95.1128298208374,3.92933627942369
27.981,113.350111276954,-2.68152488082003
27.9815,118.523879230531,-27.1812237499067
27.982,112.266428511136,-57.1759293289958
27.9825,104.762638912474,-76.0014611057571
27.983,97.9965730536795,-78.3860739647892
27.9835,82.3835191871896,-73.6625837812923
27.984,47.7778359762439,-72.4719689925599
27.9845,-5.01079917903114,-75.7197821764724
27.985,-61.384114983909,-78.0072399868466
27.9855,-101.918504257729,-75.7547287843831
27.986,-117.036523232095,-68.7286298388882
27.9865,-111.177921964162,-58.3156449966245
27.987,-93.2053102718648,-47.6616206600295
27.9875,-73.4827520395758,-39.9741340583903
27.988,-73.343153493526,-34.1987754469465
27.9885,-115.637332106617,-25.6906306435871
27.989,-185.57512423919,-12.7126465498233
27.9895,-217.258930491279,1.57370270046854
27.99,-151.238300286327,14.4705713833938
27.9905,-4.09523704589794,26.247182666208
27.991,146.680234821141,36.7039396828339
27.9915,246.852609473064,45.5753065342937
27.992,303.287676115949,57.3716826115479
27.9925,333.906271739825,77.7795796772047
27.993,321.299175324919,102.751625169382
27.9935,243.97741379934,120.213134492603
27.994,127.355254908299,126.676901924358
27.9945,25.9499298509742,132.285683141481
27.995,-39.7651192153375,143.702393550782
27.9955,-97.7162518835152,153.690410755947
27.996,-170.301868060532,157.398117092005
27.9965,-230.656586465408,167.280485761527
27.997,-228.908475179847,196.261084627427
27.9975,-151.415270527766,232.596159017842
27.998,-35.0304249319004,248.13451976332
27.9985,80.6182060902755,229.174184745525
27.999,198.354657769791,184.023104319892
27.9995,342.733331098844,122.77641477712
28,497.483098370236,48.9941493646776
28.0005,588.043600184772,-25.4689253075534
28.001,542.314107516468,-77.240185809775
28.0015,359.366323419425,-94.6265580246733
28.002,108.248261819783,-93.0989640970405
28.0025,-128.074822586851,-98.4131028560151
28.003,-297.120821738628,-122.551680375448
28.0035,-388.321685582882,-162.333619291916
28.004,-428.559760793467,-209.873899863477
28.0045,-458.244798080018,-253.424674598434
28.005,-489.196373889773,-276.700919448129
28.0055,-493.983643076876,-270.875157385599
28.006,-453.262063208668,-244.645273923832
28.0065,-390.836219102056,-213.527162590702
28.007,-331.452489519397,-182.852084135118
28.0075,-251.137577024732,-149.996724525401
28.008,-120.155040421791,-119.025171495762
28.0085,22.5479387424616,-101.550328617721
28.009,103.22051889264,-102.496031744145
28.0095,120.292305990558,-112.999140340225
28.01,146.241282904735,-118.618871803296
28.0105,207.702436666596,-110.035224920792
28.011,237.252211579049,-87.3639619721928
28.0115,178.248748668132,-59.2083686109098
28.012,71.199459198463,-35.1857028208424
28.0125,-7.69062454273587,-14.0766798743168
28.013,-31.3368370110274,17.0465633347856
28.0135,4.96844750897148,65.3274010817719
28.014,124.230696273148,118.055126439581
28.0145,301.384780377079,154.770684256028
28.015,410.453263058743,169.620768443536
28.0155,342.540394155065,170.966286429321
28.016,159.816879586733,162.171605578307
28.0165,34.3545449085781,138.064228442395
28.017,32.4859399824971,102.613766307789
28.0175,53.5457494042507,74.2292460277117
28.018,-2.19231999595386,64.7603428627467
28.0185,-102.268287611467,64.6443328938249
28.019,-163.014093128398,59.8987139592494
28.0195,-180.346604298564,56.0932728554599
28.02,-210.213817730495,72.4604674829335
28.0205,-263.724504374689,114.029584225001
28.021,-289.470793629215,160.083381620301
28.0215,-244.447263297284,181.875922142346
28.022,-135.672582261079,166.271240086831
28.0225,-2.3933080349771,122.718654105335
28.023,107.290513290914,73.0992306808811
28.0235,154.426034946969,34.4494724262412
28.024,139.232859152875,5.56560085744102
28.0245,109.099802266461,-30.1781776086739
28.025,111.622193234371,-84.0328700561469
28.0255,144.516374523678,-144.124889642848
28.026,169.384212426061,-184.204569301947
28.0265,161.863704129722,-190.443649579712
28.027,125.748802957337,-172.800439238766
28.0275,70.4024101531415,-148.286009023546
28.028,3.45291308591418,-121.722867813755
28.0285,-56.2074450910214,-89.2869525151963
28.029,-83.3512410677711,-54.0952177558866
28.0295,-70.9153172501817,-27.3844387078589
28.03,-37.547223496299,-14.5623175716869
28.0305,-8.55844746591202,-9.19762973172116
28.031,3.91338804446267,-3.68990831365784
28.0315,4.89624636987985,1.05825850328832
28.032,7.60845035241969,0.916026078832224
28.0325,17.0848248700566,-2.31904591431025
28.033,20.0095505023552,-3.68816373947629
28.0335,-1.00142934713113,-4.2628957181099
28.034,-40.9883431270984,-10.339112692306
28.0345,-73.6789739004039,-22.8513601465881
28.035,-83.5611951224301,-33.1231096998106
28.0355,-81.4845746424067,-31.1046044515739
28.036,-81.0209214679362,-14.2106453992204
28.0365,-76.4973390588394,13.143068218667
28.037,-56.416816784935,44.3224735128624
28.0375,-24.2383074360372,72.2708947511073
28.038,6.55764773012683,90.7391810315792
28.0385,25.3850254039797,98.3803164552814
28.039,22.613139095786,100.413179307079
28.0395,-8.68633551225067,103.042541596766
28.04,-55.0383892102292,107.194175711926
28.0405,-81.8591120057987,110.372462574837
28.041,-66.7708756165996,113.210516812228
28.0415,-22.6527343556923,120.281233368716
28.042,23.6698544051557,133.89139441662
28.0425,59.186667976744,149.60828002815
28.043,77.9606467748203,158.863185608187
28.0435,68.9153180974816,155.090245857278
28.044,34.1461210701887,138.001248539743
28.0445,3.19230992567995,113.813522116698
28.045,2.38159781277357,91.3177830375946
28.0455,20.4457509770802,75.9363097700063
28.046,29.1790378045672,66.6552592706225
28.0465,27.1107321972271,58.459259454518
28.047,34.7979069643107,46.7258367427374
28.0475,55.3283638961251,29.1585939053363
28.048,70.6522446846048,5.89914811436148
28.0485,74.2472539254112,-20.3013076327052
28.049,76.7184264448659,-45.6344729514018
28.0495,77.8056851251962,-69.1744239771968
28.05,62.8744874859702,-94.2911094009613
28.0505,32.7197968196118,-124.408068727664
28.051,9.27008563400657,-158.528653248908
28.0515,3.32880582409353,-192.422683923388
28.052,1.13904007855701,-222.259906979087
28.0525,-8.34868058072747,-244.948272784395
28.053,-17.198995216174,-257.221652766223
28.0535,-20.3126425729665,-257.813613248122
28.054,-29.3113228449343,-249.486193342372
28.0545,-48.8154044976243,-236.209492008282
28.055,-58.9089867824124,-219.585773463073
28.0555,-40.2323035724564,-200.303556614133
28.056,-3.18217002345979,-180.538360615418
28.0565,25.0931007560882,-161.266049929754
28.057,32.9751593168954,-139.682546555097
28.0575,28.7422549704497,-113.955813910121
28.058,21.3815698015713,-88.3848254699727
28.0585,12.1783390584998,-68.1584015447868
28.059,0.783813639023486,-50.5830268315643
28.0595,-12.2919976741688,-28.4888049675376
28.06,-26.6401005956762,-2.25095878848753
28.0605,-38.4109060850231,19.2353629229748
28.061,-41.0671930852317,31.5194530942552
28.0615,-35.7057384810065,41.4009041362882
28.062,-33.5966495023945,57.2736972808098
28.0625,-41.8597408996671,78.726898524832
28.063,-53.7305180012228,100.104069670172
28.0635,-59.2097428016026,118.994637062352
28.064,-57.5266911353651,135.329689140825
28.0645,-52.8616590358468,145.593648992687
28.065,-46.3660749066177,144.697979260129
28.0655,-39.1870816817662,133.427579948219
28.066,-34.471796658176,119.57933820276
28.0665,-29.2185115322652,111.02798342526
28.067,-13.3640244520356,109.688032329294
28.0675,15.4090039905915,111.619877729675
28.068,45.0348452821192,111.022577090432
28.0685,64.1165818871107,104.794747743129
28.069,73.0736748585726,94.7265150072129
28.0695,73.3817776686374,84.4830705974057
28.07,59.3414500101572,73.9931076560221
28.0705,30.801226661454,59.1263896974485
28.071,0.0622066726815315,38.0865400918483
28.0715,-26.4482360104446,15.2669117077034
28.072,-58.6635040133111,-3.36368486916603
28.0725,-99.9825569184043,-16.1665596139551
28.073,-130.780895425569,-24.613293704996
28.0735,-136.623864521128,-28.5084883053957
28.074,-138.099671646523,-25.7091013997782
28.0745,-163.922802169538,-15.6367860633362
28.075,-203.307596041663,-0.63101395752413
28.0755,-217.724107388287,15.5106053017473
28.076,-197.550858473078,28.8441362729884
28.0765,-170.945690138867,36.7007061059043
28.077,-149.455531910251,40.0199652935017
28.0775,-101.803277778753,43.5331197349159
28.078,-2.66664502479601,52.0310191811548
28.0785,119.379661070583,66.8140598343225
28.079,209.522760494707,85.945429613532
28.0795,248.013885297013,106.021468840967
28.08,260.30063695263,122.814433197726
28.0805,274.521910498665,132.274647098947
28.081,290.827752369168,132.349697594698
28.0815,291.585103706434,122.80744516343
28.082,266.530544545109,103.522912961023
28.0825,226.246950606941,75.4834469468007
28.083,197.324280016895,43.6954575680901
28.0835,200.185365838241,16.2255607437375
28.084,226.549909764307,-0.468011121310634
28.0845,246.087242451794,-4.30181991445467
28.085,238.652944885098,0.954888560381965
28.0855,206.442196812544,2.0901343174222
28.086,149.740789350174,-21.1820050963444
28.0865,54.7819821747707,-78.5169707987666
28.087,-74.6819001677769,-151.227585614482
28.0875,-193.379781403297,-202.946863482425
28.088,-251.602270477476,-214.048425206878
28.0885,-248.595624647838,-198.185914199365
28.089,-222.606012618927,-180.349524177897
28.0895,-194.972120069213,-168.640645987589
28.09,-155.835519465045,-155.677912218955
28.0905,-104.152243817725,-137.625529043854
28.091,-64.5348819656526,-118.49335165081
28.0915,-50.9685743067021,-100.466230789622
28.092,-44.0270365333697,-82.9305789772497
28.0925,-24.3438219667097,-69.226672875346
28.093,-6.66107781848719,-62.9932905585047
28.0935,-18.0354834984168,-59.0311558696026
28.094,-56.7880981896378,-48.9134782295168
28.0945,-94.7624801078668,-35.0223316469701
28.095,-111.283431662981,-27.4058963604132
28.0955,-106.428700048878,-26.1598806575264
28.096,-88.3874143907863,-19.2653949917174
28.0965,-66.0423031612052,-1.04611483324908
28.097,-49.9148544523921,18.3884893514048
28.0975,-44.9633117487775,26.6825342721341
28.098,-44.9052367833372,22.6901856182817
28.0985,-44.0868287634718,11.9463000474282
28.099,-47.6587404239346,-1.53476147420858
28.0995,-58.0706484252917,-12.7888091355941
28.1,-61.9900999422493,-14.1874007976962
28.1005,-47.8670519193988,-4.58621455977146
28.101,-28.0608957522716,5.46462399233825
28.1015,-23.6322633647034,5.28136978815751
28.102,-33.1320467873444,-3.01209865887133
28.1025,-37.6718752528047,-9.10243963317586
28.103,-32.1389882036419,-7.82979322416721
28.1035,-27.2488906786801,-1.44534397782542
28.104,-22.8901065819298,7.93023570191094
28.1045,-6.97931706952871,20.7110196674368
28.105,16.6134906307405,35.5427507476715
28.1055,28.4416895542237,48.3461324631961
28.106,29.8674350278425,56.4019668480307
28.1065,48.4848167763519,60.6553764780692
28.107,91.3161093870532,64.2781158635075
28.1075,120.988162954975,70.3182960687225
28.108,102.236510835829,79.1996341862533
28.1085,50.3325385790796,87.5979210854617
28.109,6.93721039065855,92.0227787134036
28.1095,-14.1109747913188,93.5371437975008
28.11,-26.608613566461,95.2279526070725
28.1105,-31.1198528009553,95.4829417778849
28.111,-10.2467992421542,89.899294751891
28.1115,37.1999276506098,80.6174956044612
28.112,89.7819932922808,75.9464717059046
28.1125,135.160204859751,77.6851068163128
28.113,179.56503447592,76.7558403827671
28.1135,219.178596453099,66.1142086970294
28.114,230.84923463536,50.0467289271115
28.1145,204.673985143998,34.2306523500858
28.115,162.4184484611,14.4933891176234
28.1155,127.611585605969,-15.1100064290101
28.116,96.3819368087724,-48.3460548041739
28.1165,54.8063419686052,-71.3781531079093
28.117,8.30215832299563,-79.0780762728601
28.1175,-26.2220945157865,-77.7897519959143
28.118,-45.8258114752412,-73.4367184824394
28.1185,-59.4176210951469,-65.9246790780381
28.119,-68.4240865059971,-55.3208803897515
28.1195,-69.0898765203003,-45.2543604538297
28.12,-69.0629016196694,-38.5086605368165
28.1205,-82.3973417674338,-34.9565745515499
28.121,-108.901161712134,-34.3162749009715
28.1215,-134.750287474638,-35.7592288957683
28.122,-153.385583612325,-35.3966209100179
28.1225,-169.957590416141,-29.9688212486048
28.123,-183.73170124981,-22.4198192470409
28.1235,-182.096537085135,-17.8362728704973
28.124,-157.302073579939,-14.8431602463181
28.1245,-117.104840108843,-7.95492451561457
28.125,-73.8809474393513,2.1573474131397
28.1255,-33.6352071214815,8.75512504443294
28.126,0.00446228623799829,10.0946782415093
28.1265,22.2506035552714,12.1634333364948
28.127,34.3489463995543,18.0830003090278
28.1275,45.0468452098693,22.4276537817671
28.128,57.3958023843057,19.696308073099
28.1285,61.4531056618682,12.1352330753247
28.129,47.6185325393365,5.2573957160889
28.1295,20.8572034173471,0.896249207878935
28.13,-6.45936045244323,-1.52977832816673
28.1305,-30.6129294986852,-1.71391560043718
28.131,-55.9750410291029,-0.449591187569626
28.1315,-80.9741811281805,-0.958184021250925
28.132,-94.691036781363,-4.53445871496236
28.1325,-89.5477575964354,-8.1827506591561
28.133,-70.8401753070089,-9.50061879015652
28.1335,-49.9260484381883,-10.2569518513367
28.134,-30.5839887040426,-12.1918797363324
28.1345,-5.09276615881485,-13.1491232303456
28.135,35.744265170728,-10.7974039813682
28.1355,88.9596790793688,-6.75333615075835
28.136,136.817824380032,-3.66531144513955
28.1365,160.091048617983,-1.51744244192904
28.137,154.586509454536,-0.0830368906875111
28.1375,132.804548676375,-1.43064391063752
28.138,109.888671716201,-6.11446116304896
28.1385,91.9944141225411,-10.1833442109458
28.139,78.8363429801203,-10.2998914645422
28.1395,70.9541051744887,-9.01278195693541
28.14,69.0899383338197,-10.350867452236
28.1405,69.6188323904755,-12.5831647265894
28.141,66.187265411124,-10.4834795165803
28.1415,55.1631454081145,-3.41269845798706
28.142,36.336392642556,3.97226431521228
28.1425,11.0814758211643,8.75207945592364
28.143,-14.6703433486505,12.8299640813753
28.1435,-27.3729696630232,18.331778268208
28.144,-13.6833502581158,23.6044670930968
28.1445,25.2048502538008,25.0903352252184
28.145,70.7125312478078,21.1385132666887
28.1455,100.970763412336,13.4576926174473
28.146,105.62948322001,6.25446560152928
28.1465,86.4969629159764,3.56642430704264
28.147,49.5695148889599,5.72041174526543
28.1475,1.87875862490405,8.79103223281641
28.148,-46.4029098291122,8.87459370637173
28.1485,-83.5284772083272,5.86808671097997
28.149,-101.942893921907,1.59098496632211
28.1495,-100.162659759997,-3.95811287599957
28.15,-79.9104431905817,-11.7620671821786
28.1505,-46.6335399055397,-20.2980110826759
28.151,-13.6550339619142,-25.7729732935377
28.1515,1.75857366147356,-25.6751708124978
28.152,-6.87821851197893,-20.281729357292
28.1525,-27.4997309452559,-11.5531548165319
28.153,-42.7644071722237,-2.57732765693114
28.1535,-49.2424446040266,3.04069564968121
28.154,-56.5823154936548,3.66730610729987
28.1545,-69.1955091976255,0.653562771144886
28.155,-78.5934734807,-5.03215308910519
28.1555,-76.4848591741052,-15.0394299384701
28.156,-66.3532500925674,-29.1226737715751
28.1565,-56.9657324679132,-40.3409528994017
28.157,-52.4764422985295,-39.7992870541605
28.1575,-55.6619195407592,-26.2654076400558
28.158,-73.0662175396635,-6.84875646240516
28.1585,-106.678601566512,11.8382229484656
28.159,-144.558852537086,28.1617461199786
28.1595,-169.550909743981,40.52826707455
28.16,-175.222298017719,44.7077922333252
28.1605,-165.235092593102,40.4004266733815
28.161,-141.240310700408,35.82295393381
28.1615,-102.754113713628,39.6664254686344
28.162,-57.0923885707698,49.9995386526738
28.1625,-17.2622668929816,56.3858062088181
28.163,10.2972251836543,52.5820245460881
28.1635,25.1401294971846,41.9596201016246
28.164,22.0867899257555,29.5735120298113
28.1645,-3.12079022471153,14.5761265780708
28.165,-35.463422002104,-5.63178154619938
28.1655,-46.0047434814156,-27.3247451407364
28.166,-24.3467738856423,-42.2281991520932
28.1665,8.39965607825784,-47.3869580666277
28.167,29.2723720164791,-48.6917538154512
28.1675,44.0286721385003,-52.6913077639458
28.168,77.0884489899698,-58.0751812776815
28.1685,141.360681354093,-58.1060070603399
28.169,228.417395469499,-49.5480782661141
28.1695,316.607865429928,-35.770075031207
28.17,375.808310633305,-21.6814885936751
28.1705,377.219192636225,-9.32693935906536
28.171,318.961815544589,0.648378926456986
28.1715,237.336953289911,6.644202387333
28.172,175.320877916994,8.00735529611152
28.1725,142.199218766427,7.97214099130292
28.173,117.099162754023,12.0667878026929
28.1735,83.8622515159901,23.1575206725996
28.174,43.2810503941419,39.0339169870405
28.1745,-1.50932744180444,54.9973737123091
28.175,-45.8590882131316,68.1950647954298
28.1755,-70.9418217834073,78.8991252985058
28.176,-57.9794119842813,86.9779336390098
28.1765,-20.7682857554066,87.3561386903023
28.177,1.87693686955915,71.5872156646462
28.1775,-4.71905015770817,37.060139849276
28.178,-14.9649928171654,-6.05411712878362
28.1785,-8.65028472889934,-40.9950298131862
28.179,-5.60067183806691,-58.9120004192237
28.1795,-32.9082107746082,-64.5906321723269
28.18,-79.079958106323,-67.2452445621564
28.1805,-108.63750068865,-69.8753069712626
28.181,-110.034165505674,-70.0121067697802
28.1815,-101.873536698466,-66.425371723621
28.182,-98.2925158847284,-60.2059917391739
28.1825,-94.2793978514721,-51.4826296425541
28.183,-83.5059724437754,-39.9431427969047
28.1835,-67.8217704641519,-27.5739695621882
28.184,-49.1797099798945,-16.5116028018731
28.1845,-32.56451375022,-4.98062806977283
28.185,-35.3856379189918,10.0839452950227
28.1855,-70.5969292497341,26.7227441631911
28.186,-118.603514097964,39.0468517954655
28.1865,-140.345190663585,44.9212420048365
28.187,-125.291537899756,47.5986306311045
28.1875,-104.621017459893,48.698016316066
28.188,-107.829327204297,44.8918739844066
28.1885,-127.4188954018,34.1869693838761
28.189,-138.537350371539,21.0269193029247
28.1895,-132.979836082034,11.5277405363021
28.19,-116.303169224485,6.66713269784398
28.1905,-87.3672358537691,3.66513752709668
28.191,-42.0168993244384,1.66912999920738
28.1915,11.0447030199377,2.27396669283578
28.192,56.7283576810991,5.61150525349877
28.1925,91.7541136241626,9.10634783027499
28.193,121.563031503744,9.73324720150589
28.1935,143.482759124932,5.78314776406532
28.194,147.987757743925,-2.33278279578531
28.1945,134.540057542686,-11.3147842552791
28.195,112.631802909196,-16.7707704080101
28.1955,88.1508614126712,-17.817965915781
28.196,60.7445582915267,-18.0489605669646
28.1965,33.4608085792796,-19.9187442176134
28.197,12.6764707389447,-20.8227355818868
28.1975,-1.71398500302262,-17.7735765975325
28.198,-14.7992783498849,-13.1060802746783
28.1985,-25.1168769688092,-10.9772867937802
28.199,-25.8856713777325,-10.221050303679
28.1995,-18.700765120322,-6.40995418519568
28.2,-14.2852183594398,-0.487701945168197
28.2005,-16.4173361505831,0.983846033765294
28.201,-15.3844445546164,-4.33071583949033
28.2015,-1.88728124334803,-10.2004336712246
28.202,20.6405463186127,-10.3232461633072
28.2025,41.5082390667578,-6.5569870489791
28.203,53.241901008337,-4.89492045038604
28.2035,53.0972889181491,-6.84213585980161
28.204,41.7073885995715,-9.22767615482298
28.2045,25.2395793863766,-10.1244314863492
28.205,13.4884769990769,-10.0844864388028
28.2055,11.4677724547422,-8.53217001256336
28.206,16.6579974314605,-3.6256186832713
28.2065,26.1712055355908,3.96383074735494
28.207,40.3790840289026,10.7727514486025
28.2075,56.534510734272,14.622552613485
28.208,65.5912478131709,16.0582603255999
28.2085,60.5651651092373,15.5936665322557
28.209,43.9774754712371,12.9802819822334
28.2095,23.4489529351462,9.92437216307096
28.21,4.43833690897296,9.81549012674519
28.2105,-9.37015604375153,12.981662455852
28.211,-14.257178933065,15.359778947153
28.2115,-10.7329700140125,14.0647568605525
28.212,-6.07428711923074,11.3964984764217
28.2125,-7.30265379751316,10.6440332602314
28.213,-13.7145707359599,10.7185764827308
28.2135,-20.0617881033985,8.7079575234424
28.214,-24.1143224085945,5.76344141420132
28.2145,-26.7591602476694,5.78137969333683
28.215,-27.402184284151,8.7394770199853
28.2155,-24.501903770232,10.0569079847445
28.216,-19.5666441630764,7.38610692606471
28.2165,-16.1884856222249,3.76612524192971
28.217,-15.3604283214778,2.33595012274899
28.2175,-15.071860338055,1.80128044668555
28.218,-14.2928594648112,-0.23650966660167
28.2185,-14.4866315628858,-2.70391870873387
28.219,-17.0183925322573,-3.25366713753585
28.2195,-21.0632049060402,-2.81368127194966
28.22,-24.3570910436329,-4.13994780647663
28.2205,-25.1698055931464,-6.99749429204399
28.221,-23.8746174701648,-8.53859258600015
28.2215,-22.8298354370253,-8.1322313343521
28.222,-23.7785824469811,-8.20129369674119
28.2225,-25.5154968794191,-9.84281572735823
28.223,-25.6451733694671,-10.9382474129844
28.2235,-24.1207846556643,-9.73627957093692
28.224,-22.7390354774105,-7.52939880770607
28.2245,-21.8044988472551,-6.17378198855318
28.225,-20.4482094307997,-5.08979477492367
28.2255,-19.6654488785306,-2.60253369776607
28.226,-20.9547624645809,1.08170916647392
28.2265,-21.9715690009566,3.98773930510034
28.227,-18.1536089382827,4.81389300839363
28.2275,-9.34599119670322,4.07114920088488
28.228,-0.375900759991015,3.19676761942749
28.2285,5.37882097796392,3.20674759962613
28.229,8.05883121042246,3.80980990184144
28.2295,7.09843876145075,3.67652372494705
28.23,1.80257197474395,2.24484492900647
28.2305,-2.72367975204824,0.949838763682575
28.231,1.73947397667378,1.30215684666625
28.2315,14.7146947777374,2.077578500953
28.232,25.5057985266973,0.567958342579735
28.2325,27.3758364381427,-3.20307786879159
28.233,25.2190407171576,-6.14085781902943
28.2335,24.2560272706881,-6.76968726162725
28.234,20.5424192272425,-7.33090873455622
28.2345,10.9779441106395,-9.51366862112299
28.235,4.31933303511242,-11.0695001090837
28.2355,10.8256743965429,-9.50729882516468
28.236,26.0472952446643,-6.81134562115889
28.2365,36.6637495768047,-6.83951921922697
28.237,39.4539310306624,-9.38659592046005
28.2375,42.6937496124825,-10.7776843055873
28.238,50.2730820353264,-9.89230224989848
28.2385,56.9625397822126,-9.45943809425629
28.239,60.4606633932124,-10.7498288987277
28.2395,65.8324107366938,-10.9579646688451
28.24,73.980369650095,-7.7123456785279
28.2405,76.0598703390282,-3.15387966946517
28.241,65.2593375357752,-1.09200455373445
28.2415,46.6785568627268,-2.04541046478307
28.242,29.648180300793,-3.43290663246621
28.2425,15.8406339578451,-3.33207562420522
28.243,0.6076302046053,-1.76911384751888
28.2435,-17.9694385690186,0.846396576578795
28.244,-36.7271168043981,4.23139530527146
28.2445,-51.944867394601,7.31225035828762
28.245,-62.1355093063185,8.75681460163699
28.2455,-66.9288240401772,8.81287292889163
28.246,-65.2182040999564,9.28216055677793
28.2465,-54.9176521278246,11.1673517879261
28.247,-35.9774484330439,13.1843397824609
28.2475,-14.0678567236862,13.0117672816549
28.248,3.75184791426847,9.54943154523786
28.2485,20.5265874415366,3.89153414605831
28.249,48.1356297377552,-1.35665697532218
28.2495,83.7250094814349,-3.70149689253955
28.25,94.3697662077005,-2.4675312737067
28.2505,44.6596065954063,0.657388598611808
28.251,-56.9425522900238,3.10539238142859
28.2515,-156.657288531754,3.86073279320782
28.252,-208.884432475967,4.42148303921421
28.2525,-217.075220251043,7.25042491049882
28.253,-212.069572069372,13.3131875147914
28.2535,-207.115075453357,21.164649329405
28.254,-193.34263639494,28.3856457309624
28.2545,-168.225170235034,33.8388194277306
28.255,-142.271271815015,38.4054986625064
28.2555,-116.498102827834,43.390249311721
28.256,-76.6939612416388,48.3122098793458
28.2565,-19.4839134037198,50.6475152612895
28.257,33.3718208745876,47.9647935791444
28.2575,60.9604409502738,40.0039868579012
28.258,73.2857888582374,28.168006300762
28.2585,99.4041132732581,13.1360524795676
28.259,147.82812336892,-5.94418890344169
28.2595,192.506327287519,-28.9260840229194
28.26,202.154109118739,-51.83826472563
28.2605,175.0086542889,-68.3531092454803
28.261,138.216007145713,-75.0102651875955
28.2615,116.864251731848,-73.8999652267726
28.262,111.258081119368,-69.0583689545909
28.2625,105.71391554829,-61.5255316720398
28.263,91.9994004761861,-50.1258485873146
28.2635,76.1181323636812,-36.2447545500825
28.264,64.3372156186875,-24.3558349594734
28.2645,53.5561831109837,-16.8558313991798
28.265,40.152352151662,-11.4904108114393
28.2655,29.0547249042173,-5.84918926051808
28.266,24.8178201997676,-1.6102925623918
28.2665,19.9791901927541,-1.29972600974722
28.267,4.58078462658119,-2.85241519237787
28.2675,-15.2101611605585,-1.24191470162054
28.268,-22.1456449643524,5.10507231992875
28.2685,-13.9002990119089,12.9812380020394
28.269,-10.0227363006634,19.1918844643383
28.2695,-25.3101103487678,23.1371746756339
28.27,-47.2528583140188,24.5759993918215
28.2705,-51.3700438060898,22.8238982531001
28.271,-33.2672005349625,19.1960862938044
28.2715,-13.9125665340172,16.4511816832623
28.272,-14.2131596924329,14.2582702881772
28.2725,-33.352916437223,9.05815748805732
28.273,-53.0104964068467,0.709359503479305
28.2735,-56.2885910638848,-4.61152021623469
28.274,-41.1713614962122,-1.6395103458299
28.2745,-20.2324001237255,6.85532765011729
28.275,-8.71624350468977,14.0214862037636
28.2755,-10.4664237178151,17.2751037350815
28.276,-15.6828334819549,18.0364960572591
28.2765,-13.9264410847106,15.4959702434595
28.277,-6.43590767552438,7.11433934996984
28.2775,-2.43070810105278,-4.51775918530718
28.278,-6.80024069141587,-11.5731767333738
28.2785,-16.2987121136807,-10.0313072829372
28.279,-24.652015206973,-4.30284215855594
28.2795,-25.4362513310254,-0.364470011817868
28.28,-13.0818196941321,1.66012928563046
28.2805,10.7595223796369,5.00115274536095
28.281,32.7323754722195,9.886703359045
28.2815,38.076390077483,13.6489933023091
28.282,26.5641000059282,14.9543791778376
28.2825,11.2057074560908,14.098507921879
28.283,0.573720655837449,10.663235441334
28.2835,-9.24556475650828,4.71769947661936
28.284,-23.2429689129985,-0.719441574213354
28.2845,-37.6483440984686,-2.4556056141105
28.285,-46.8647562707429,-2.04921211271015
28.2855,-52.4196424801006,-4.03464442111011
28.286,-57.4010003614518,-9.00252477879483
28.2865,-56.7319003960922,-12.431286804427
28.287,-41.1056376693908,-11.3755678988051
28.2875,-9.60801110871867,-8.40651295022624
28.288,26.7344723234309,-7.07196324315188
28.2885,53.1689938714716,-7.03830200212124
28.289,60.0485584391126,-6.46782047558149
28.2895,46.8919500741898,-6.2367386558462
28.29,23.1318284537704,-8.1946338216355
28.2905,3.51824596484615,-11.0370072326484
28.291,-2.40609984318223,-11.6819038235819
28.2915,2.82936717177299,-9.99388597092232
28.292,9.87792875057428,-8.64970431796184
28.2925,12.7613505867721,-8.54292387312947
28.293,11.3456992960552,-7.80636659749407
28.2935,6.85929924467831,-5.81465370288071
28.294,0.0900739341124196,-4.69786100348047
28.2945,-6.64534669334733,-5.56652238547704
28.295,-10.2731858086534,-6.21840637850696
28.2955,-10.5635224805353,-4.56987283735452
28.296,-10.4636980996764,-2.02793214763521
28.2965,-12.5644783252504,-1.05719492872505
28.297,-16.8194377688943,-1.05828399702778
28.2975,-21.2012505235939,0.596034711609411
28.298,-23.188476510213,4.16647774365756
28.2985,-21.6556121407191,6.87824595377706
28.299,-18.6087507879061,6.84088335607845
28.2995,-17.6159355966603,5.49590903354006
28.3,-19.4169732925857,5.353245645994
28.3005,-21.0663322162544,6.6655053475195
28.301,-20.3111604221299,7.39466764881598
28.3015,-17.9136580490201,6.00451641069973
28.302,-14.5343011408609,3.5439112366966
28.3025,-9.26671705743015,2.74609641431075
28.303,-3.23325037431999,5.02787094149658
28.3035,-0.0814054145590206,8.64191425271674
28.304,0.163813888227362,10.4654868878014
28.3045,3.09279957769551,9.63122570507411
28.305,11.710892191527,8.32302475684617
28.3055,20.7081065958063,8.58010621439745
28.306,23.8911606450968,9.67261791155976
28.3065,23.3996796916448,9.68390672937948
28.307,25.8877088101157,8.46359171269826
28.3075,32.6655007251211,7.41022397518316
28.308,39.2637528814695,7.01918741051088
28.3085,41.9810674521641,6.32782574142949
28.309,39.3441413542404,4.57145085210356
28.3095,30.1901470701305,2.02728244157681
28.31,16.5804082547739,-0.566155448241844
28.3105,5.99289978635463,-2.25667523751071
28.311,4.07436681969215,-2.04986914611425
28.3115,7.25531795379237,-0.228406094184085
28.312,8.50791196144027,1.0675447532484
28.3125,7.44283964616731,0.245367323539384
28.313,7.78151921094134,-1.28454472631091
28.3135,8.14706797019499,-1.02503767208266
28.314,4.13458329307986,0.68741017967645
28.3145,-2.30261305798318,1.13212016602582
28.315,-4.6196268900363,-0.437678516188061
28.3155,-2.19902446504638,-1.66267551434652
28.316,-0.554901330723327,-0.9695462766219
28.3165,-1.4663372816493,0.140281285493086
28.317,-1.43604282205819,-0.0526275572915759
28.3175,0.38947951209942,-0.863974140824904
28.318,1.6519369625756,-1.1841117978215
28.3185,3.92024267068964,-1.84345539993449
28.319,10.9002810481827,-3.75602774645328
28.3195,19.1658475072484,-5.41551922870247
28.32,20.6998767268467,-4.8383709509319
28.3205,15.9100325965916,-3.01452073704715
28.321,14.0108134694753,-2.83423546650112
28.3215,18.6306746818831,-4.91876427100768
28.322,23.3309442590677,-6.86643418735955
28.3225,23.8124123791897,-6.7851948111149
28.323,23.8587061134951,-5.53100866684938
28.3235,25.7388304270598,-4.85084750794386
28.324,25.3663922367205,-4.86532972990354
28.3245,21.3231829092922,-4.32585029250689
28.325,18.4567544011447,-2.59521235446418
28.3255,17.9113300586424,-0.589329310291489
28.326,13.9947433172857,0.146545181454711
