time_s,EMG_ch1_uV,EMG_ch2_uV
4.0365,-21.9441203276948,5.44761337035574
4.037,-35.7659621008511,17.4670319317651
4.0375,-59.9575303864723,31.6116568234668
4.038,-92.390964947394,29.6081356701568
4.0385,-111.003875391398,8.36018276719526
4.039,-107.153797230875,-15.3584114974907
4.0395,-100.283892508811,-25.7912880602318
4.04,-108.300105407858,-25.8051439821143
4.0405,-121.738264594138,-26.3748926273046
4.041,-123.495911663192,-26.8958611919929
4.0415,-119.620398261317,-18.5577352516579
4.042,-129.054800325549,-3.6763128596673
4.0425,-149.275297824439,2.83211332551722
4.043,-154.216858784753,-6.18989044115866
4.0435,-128.615023021937,-19.8590697833412
4.044,-87.2713317674881,-24.3015248273617
4.0445,-53.9475644665903,-18.9776484255497
4.045,-33.6424409017854,-11.9687366462357
4.0455,-14.6408034333182,-6.59562950139827
4.046,9.4141278985191,-0.77292887076667
4.0465,30.1307375808328,4.84974047408533
4.047,37.3409642898462,6.55228397681132
4.0475,34.9055823896316,4.09383419600215
4.048,38.5031645097523,0.996457916039788
4.0485,56.8901961728732,-1.39510043119047
4.049,78.8682793085664,-4.46335909746336
4.0495,83.7187207545963,-6.83895492125211
4.05,64.2617488885623,-4.32277318523482
4.0505,33.7867247565871,2.70058677698627
4.051,8.70217071494451,6.61570209114871
4.0515,-8.61610195750789,0.889057840319207
4.052,-25.5219687791179,-11.7167844077016
4.0525,-44.8326058063522,-22.8098881806369
4.053,-62.7127592771222,-28.6845190472763
4.0535,-76.918394143122,-33.0575672763294
4.054,-88.4468274750943,-39.4731416825462
4.0545,-95.2309892549591,-44.8949350849704
4.055,-91.0713143823286,-43.197823204876
4.0555,-72.68977225046,-33.0379536589705
4.056,-44.442686889243,-19.4367751330698
4.0565,-15.2941399836319,-8.02594562915435
4.057,7.06672603766532,-0.248523554083893
4.0575,19.7782878483202,5.40068012600177
4.058,24.0367470079858,9.82634644337728
4.0585,20.3689122873153,12.562231385737
4.059,6.36105124844594,13.2682398013782
4.0595,-16.5620218502135,12.3855949338844
4.06,-36.0864251940846,10.488081403626
4.0605,-38.0373894817803,7.68448811508097
4.061,-24.5702964804241,3.59863470042453
4.0615,-13.3166220727083,-1.83670168502966
4.062,-13.8192707980969,-6.88353526458904
4.0625,-15.5356514129355,-8.07451404675101
4.063,-6.22119142236592,-3.66544897445243
4.0635,9.53775282904155,3.34322932485117
4.064,20.9909903306964,8.21743231551855
4.0645,29.473593149473,10.6945213565144
4.065,41.3909380643409,14.9795255460235
4.0655,51.2283641389327,22.5501157117444
4.066,48.5360815915687,28.6258472196957
4.0665,37.1857976343383,28.2467897442394
4.067,30.7739036186324,22.9663308457292
4.0675,31.9072308216253,18.5365847010784
4.068,33.2209415358417,18.1266678905826
4.0685,36.3148953061151,20.8020824612552
4.069,49.8633203598943,24.8204902474004
4.0695,68.6125095132855,29.1553971201586
4.07,75.3820795507937,32.6473733134549
4.0705,67.7546136610713,33.8241020953345
4.071,61.7618941257343,30.468172737843
4.0715,62.8385338654311,18.7571324954291
4.072,55.4023438636038,-3.18417799787272
4.0725,32.5599114884866,-28.3425927592605
4.073,15.4195608711836,-42.3388423456285
4.0735,26.7222065337158,-37.1462236805997
4.074,60.8083064498939,-20.1340684823726
4.0745,95.4629057329101,-4.35237705326098
4.075,119.271589617375,6.36849471679507
4.0755,130.746521571632,15.8218294105358
4.076,124.752298378608,22.735048445233
4.0765,100.724338407683,19.9457635784229
4.077,75.1391740540572,6.80437688342439
4.0775,65.6023999920167,-6.78129885082896
4.078,68.7057132670103,-11.5735726367216
4.0785,70.5795702230869,-7.56743545917628
4.079,69.556240070348,0.685158206322507
4.0795,67.0767494311338,10.1384969289289
4.08,45.8462441739,17.6557025852769
4.0805,-14.0958557313615,19.1153708717381
4.081,-98.478119441179,14.0711198179524
4.0815,-165.73113903227,6.07124003613015
4.082,-194.941702341208,-4.28722494065205
4.0825,-201.598096919857,-20.050425282386
4.083,-200.447664889578,-38.2471994803092
4.0835,-181.796997479817,-47.2729892918815
4.084,-139.123961924052,-40.1929059808595
4.0845,-94.6349823634967,-24.8862637833088
4.085,-74.6364645052537,-14.2365666131738
4.0855,-74.516665541157,-10.8929780413875
4.086,-69.7852405587563,-8.58934228088341
4.0865,-52.6506259828755,-4.15535574767445
4.087,-38.1579940077496,0.056811544157221
4.0875,-39.8698904598909,3.25673593297331
4.088,-57.3263456296802,7.37927914855911
4.0885,-84.7872077134909,11.5228222741615
4.089,-116.50235749388,12.1462471912853
4.0895,-143.068143644148,9.12155730490154
4.09,-154.285207212685,5.82750903122115
4.0905,-146.38885094202,3.03561313615724
4.091,-120.239877242145,-1.80181921159279
4.0915,-77.7370679865592,-8.68739250311899
4.092,-28.6754628006593,-13.7094644619434
4.0925,6.96414000096485,-14.6969005107662
4.093,17.8681596417037,-14.1878753648828
4.0935,18.5442651083083,-15.858764563315
4.094,33.7315374318928,-21.2212972199838
4.0945,68.4054455054461,-29.8415429412432
4.095,106.778636712525,-39.2246772515524
4.0955,137.076125296394,-44.3972037237332
4.096,159.338900260697,-41.1403255377576
4.0965,168.674208404911,-30.1707790911191
4.097,151.261156085952,-16.0348903717132
4.0975,105.14310725337,-3.00715643349233
4.098,50.4783121208784,5.69809564140761
4.0985,10.0431741557207,7.82459168822561
4.099,-10.5487649821557,5.69460964568626
4.0995,-17.8885879857543,6.89727020478227
4.1,-18.8090174867478,15.2587525359979
4.1005,-21.1492635876421,23.5335563497406
4.101,-33.426934896818,22.4775678286031
4.1015,-51.6776979490158,15.4586989860023
4.102,-55.6533446584582,14.8394956763166
4.1025,-31.0577674474317,23.6328517993265
4.103,9.77314797894151,31.1287379095965
4.1035,41.1538004561987,29.8299250032427
4.104,54.7337995277198,26.5364575475275
4.1045,66.3651671766779,30.4653047613238
4.105,93.963455315091,38.7205268080291
4.1055,137.479161233254,41.7326516316265
4.106,180.333956551568,37.467505169646
4.1065,203.950432552348,31.6087725179858
4.107,201.728904998878,27.1118505020953
4.1075,183.718072712368,22.2299635393973
4.108,165.491969047723,17.6401599979521
4.1085,149.167659892502,17.5699926860871
4.109,121.232058812406,22.9251195724995
4.1095,74.213254017765,28.9552074332896
4.11,21.6205726711335,30.7259027707084
4.1105,-18.9713526487664,26.7255227785933
4.111,-50.2220907161169,16.9706496025108
4.1115,-87.9540473935131,1.98403900124007
4.112,-133.210516722251,-15.7242067236964
4.1125,-167.601462804646,-32.8684780535744
4.113,-178.458810002875,-48.5626322180903
4.1135,-174.095157688051,-63.238961615416
4.114,-168.305434282384,-74.846283405416
4.1145,-160.916925940511,-79.8163177699959
4.115,-141.659131118901,-77.407668359885
4.1155,-107.178024439276,-69.0887662504526
4.116,-67.7449810339587,-54.3782360968679
4.1165,-39.1394355977733,-32.8102516107762
4.117,-29.1918987760293,-10.4242590530207
4.1175,-29.6052409383365,2.28462809205706
4.118,-23.5976918252158,1.90003384651525
4.1185,-7.20052211478754,-3.47186327836267
4.119,2.19695895430241,-4.64144941582135
4.1195,-10.9111128517536,-1.41266806431126
4.12,-33.5760907081436,1.97213376314934
4.1205,-38.0127002953668,6.47788923523971
4.121,-21.1824385671462,16.5031877505879
4.1215,-9.89577330126993,30.7077994766123
4.122,-19.8841560590574,41.762613700025
4.1225,-30.926902437207,45.404018286437
4.123,-16.8929141920038,43.7914756148089
4.1235,16.6320202851448,39.279225579471
4.124,43.7178117269248,31.1647513165852
4.1245,55.278388178035,20.8121364167204
4.125,63.4339330582887,14.0869336950455
4.1255,74.6011423762298,14.6798206085784
4.126,80.2108564833236,19.03138570942
4.1265,74.8120913173511,21.6409381310001
4.127,64.2330319283675,21.7203880260806
4.1275,51.1610473847602,20.8133146855113
4.128,28.5060405047945,18.2628943440955
4.1285,-5.20539546615175,14.541674815523
4.129,-34.8730534862353,14.8761537415664
4.1295,-41.6671578652888,21.6916956050824
4.13,-21.8049462301507,25.8782778873347
4.1305,10.9864220161929,15.3611190991978
4.131,36.317242258402,-6.81985699183661
4.1315,39.1475795099284,-22.8679429417653
4.132,19.0171463619875,-22.518777533628
4.1325,-8.25863901484297,-16.3028334028235
4.133,-22.5505203138049,-20.4584219393029
4.1335,-15.8145679126107,-35.6966560095239
4.134,5.47022770544847,-49.0242489231364
4.1345,31.3774606403519,-52.0356362213781
4.135,55.0748159605929,-48.3294657245828
4.1355,70.1275541484222,-44.3531916478686
4.136,71.0254117439955,-41.310589488389
4.1365,58.5860878973916,-37.1931998710711
4.137,38.235751498369,-30.8272575010295
4.1375,12.7645501968561,-22.3936759253816
4.138,-15.870190765971,-13.7221426955811
4.1385,-39.1051983788004,-8.19286496604694
4.139,-47.3871209113515,-6.93445831656579
4.1395,-44.6006530689983,-6.12039445435681
4.14,-45.2033925946883,-1.87023246174059
4.1405,-53.7754459506134,3.90162641482865
4.141,-59.5974151185022,7.15404431417592
4.1415,-56.6646734826538,8.97926068490125
4.142,-55.7002841609911,13.1682526683864
4.1425,-66.5966367937174,18.4247933197571
4.143,-80.1616271297249,20.3499937835803
4.1435,-80.7085741033303,20.2642629998082
4.144,-70.2605678850816,23.7484242302324
4.1445,-66.0638320227642,29.9026233569401
4.145,-75.7208111736167,30.6552820572272
4.1455,-87.1388566252968,22.62493368809
4.146,-84.8590706152451,11.4300065068849
4.1465,-67.1755493955242,1.87733143526395
4.147,-44.1066096484591,-7.39508351333292
4.1475,-24.9128766674651,-16.1197871833043
4.148,-11.3881583215518,-18.5822628031362
4.1485,-0.342559361466806,-13.1135464047555
4.149,10.3246352036249,-7.13797223650609
4.1495,18.5059148330369,-6.26635346304934
4.15,21.7146841356923,-5.81519530313656
4.1505,23.4691897117008,-0.288304395489924
4.151,31.3782343739115,5.98662667603446
4.1515,46.3260990301739,6.22654349254818
4.152,58.0623146247873,2.89710089253927
4.1525,56.2976522325954,2.3722536495181
4.153,43.4542672943635,2.80793022962704
4.1535,31.5155404002519,-2.11893462779188
4.154,27.7277478454776,-10.5342225021826
4.1545,27.9907456320645,-14.2980643563515
4.155,24.5367412873938,-12.3537786645774
4.1555,17.7488330921928,-11.696941317862
4.156,20.079914305605,-14.6544163074092
4.1565,47.04519565617,-14.8176000007654
4.157,100.376234571425,-7.39223816688907
4.1575,160.80389337774,4.53923061019942
4.158,205.188345304034,16.1789892200202
4.1585,233.136816589118,26.4461310248641
4.159,266.991906795772,35.1700050962103
4.1595,318.530717033361,40.9586976780475
4.16,364.97796438852,44.0138186820609
4.1605,370.635987678163,46.5014365554668
4.161,328.34909217643,49.4134750189953
4.1615,265.770126841044,53.1790450182378
4.162,209.67851614815,59.735328277223
4.1625,157.41085203029,67.6927662742437
4.163,89.8552116942461,67.5148713411201
4.1635,2.81771652608059,50.7206891906737
4.164,-85.4158397772133,24.2863039796295
4.1645,-156.019440303015,6.24625179329498
4.165,-210.617970239664,4.24831685239195
4.1655,-266.532659245459,6.78806271045332
4.166,-333.329112451151,-1.20305585901426
4.1665,-397.910046565496,-22.1722020811444
4.167,-435.344362694149,-48.7848523641338
4.1675,-433.95269914499,-74.0958252185548
4.168,-406.793987704843,-92.7992671694119
4.1685,-377.600269079144,-99.1768716938858
4.169,-358.904594045758,-91.4268943074619
4.1695,-346.317941422652,-75.3215071759737
4.17,-330.338059202399,-58.8496256420144
4.1705,-308.165247045912,-45.5106322856205
4.171,-283.835627824547,-35.2475025429851
4.1715,-260.720987553441,-27.8222175582683
4.172,-236.337673304647,-22.1838748640486
4.1725,-205.196553416448,-16.3495673721954
4.173,-166.996533215836,-10.7551054148359
4.1735,-129.249407038878,-8.37523505923622
4.174,-97.0517184403885,-10.0111846752882
4.1745,-61.5917470707476,-13.6023002446526
4.175,-7.38230380130484,-18.7885972120532
4.1755,65.6103813966347,-26.3276514179337
4.176,135.356862372945,-32.1309923667625
4.1765,180.916128235792,-29.1561611821047
4.177,207.308034342248,-17.2974875611775
4.1775,238.457259639684,-4.04391130438413
4.178,286.450253309793,6.76489336464107
4.1785,335.161579648371,18.3752473523468
4.179,356.427595163409,30.7720858948552
4.1795,340.221757293528,37.1454719625763
4.18,308.846464473659,35.6983804309471
4.1805,299.774461572463,34.9456358122488
4.181,328.124497164786,40.4911886025618
4.1815,365.458168950116,45.776110759794
4.182,366.249216015073,43.7213107873623
4.1825,320.279696089018,38.9787694214058
4.183,265.683914861621,40.060874246785
4.1835,238.824880371276,46.7883729603318
4.184,224.777897979739,53.5135824929534
4.1845,178.544513533152,56.9379278344777
4.185,90.0919100506931,53.3960518842266
4.1855,3.43711294766236,38.903557417024
4.186,-35.0715565408914,21.7220437053463
4.1865,-28.2347441162182,22.9797223087898
4.187,-17.5087533548824,50.7165736540779
4.1875,-35.2174532539821,83.1948911274033
4.188,-79.3505310436607,93.5873055694019
4.1885,-126.200855109682,81.6898980288277
4.189,-153.992910406591,63.0044575594723
4.1895,-155.591786724276,36.4739451558757
4.19,-136.49374358546,-11.2300611012054
4.1905,-102.542647396399,-71.8001109608482
4.191,-51.366993001747,-112.711384057023
4.1915,17.9229540776748,-114.485147103754
4.192,88.1286164124619,-89.6045839869552
4.1925,130.100347235813,-58.8497882198126
4.193,131.095185466354,-30.2025820979156
4.1935,105.723192500436,-9.07965719123877
4.194,70.7227099586295,-6.79730987215885
4.1945,20.2630433283604,-23.9015913956837
4.195,-60.7313861334157,-41.5920287279537
4.1955,-165.472254775678,-45.1919120877206
4.196,-261.861362872278,-43.4718087097537
4.1965,-319.335098719274,-50.553174662251
4.197,-329.533809413502,-61.2698472412949
4.1975,-302.493835189272,-61.0114468466019
4.198,-253.758437368981,-50.2943921225137
4.1985,-197.328613946602,-41.8350670444628
4.199,-143.245142739183,-38.948135241386
4.1995,-97.8783895618737,-33.3735773547038
4.2,-67.1421672195276,-21.2633028013163
4.2005,-55.5091698322433,-6.24920417951175
4.201,-57.6968500436134,11.436281030543
4.2015,-57.5668424714388,34.6169566409913
4.202,-44.394791769065,58.3604777416685
4.2025,-26.880918865269,72.568806554027
4.203,-21.5761106247957,76.1251892924543
4.2035,-30.76919205127,76.7705467291319
4.204,-44.0335176031738,75.9618694170872
4.2045,-60.118016275191,65.8188179180105
4.205,-90.8891651925108,44.0212218159237
4.2055,-137.397235762632,20.5718697445791
4.206,-175.992747383849,4.30034752868905
4.2065,-180.677614346121,-8.86452383387999
4.207,-153.194440678663,-27.3938814145867
4.2075,-119.689611092924,-49.0769484647351
4.208,-99.5129195469481,-61.4823634172139
4.2085,-86.7916657652286,-56.9413889323581
4.209,-63.6775178662585,-43.0321657764512
4.2095,-24.4476705917998,-36.2625951179979
4.21,16.7224646774266,-45.1493936769906
4.2105,38.799163115042,-60.880369124183
4.211,33.4531957189279,-67.5460320894269
4.2115,14.4092080481377,-61.1599393014692
4.212,8.28185032674992,-53.1171661534903
4.2125,33.6166743710716,-52.9639899778063
4.213,86.8767313100663,-54.6528101560708
4.2135,147.758227199793,-45.2227443030799
4.214,195.257838168043,-21.54681719885
4.2145,217.192182376442,8.40662114232364
4.215,210.559350430841,36.6226345535198
4.2155,183.05870582355,59.302165166088
4.216,155.579914007258,72.7307490177879
4.2165,152.307541108239,73.8302163916168
4.217,179.439974785972,65.9148847380734
4.2175,217.850580533754,58.2043339843539
4.218,244.339229904417,58.2303889642585
4.2185,255.95539431792,67.1294281995169
4.219,263.33756830759,80.84583990484
4.2195,263.673318254122,92.9181585491487
4.22,237.043923162842,97.8568785617282
4.2205,175.77690881052,93.7056643610465
4.221,103.772215629615,78.6010698102007
4.2215,54.8923568200776,46.2138693583969
4.222,39.05557141747,-5.5968308829241
4.2225,38.8857769024391,-58.9688898888161
4.223,32.001333201992,-82.7549245468085
4.2235,6.08958315167087,-65.5787363228784
4.224,-38.2766871474148,-31.6352743491547
4.2245,-83.1502388140342,-10.8426183544758
4.225,-97.6791137522566,-3.17466617645709
4.2255,-67.0754038042281,11.0298406762568
4.226,-16.1024275151833,34.142531787713
4.2265,16.2339982696054,47.4059990453617
4.227,26.364149441583,42.7947505233766
4.2275,48.2592111670823,35.3581601377683
4.228,100.875813390646,37.3574943275466
4.2285,157.461297713615,39.4491718267054
4.229,177.953189352659,28.2496887542216
4.2295,148.663794674163,8.45627821612839
4.23,75.5488146167626,-4.66226033688964
4.2305,-34.7902598494188,-6.45113693700061
4.231,-159.801845725062,-6.73243967826644
4.2315,-246.261903663397,-17.2619303062911
4.232,-248.724189679158,-40.6105092661968
4.2325,-183.00740865013,-66.5380161182826
4.233,-114.926725495974,-77.5971519551921
4.2335,-93.3288154936458,-65.8862197947768
4.234,-113.412540797654,-44.8246935792462
4.2345,-142.184021574675,-34.1198998424619
4.235,-154.158128790082,-33.3202067319389
4.2355,-140.643890128213,-25.2409689022893
4.236,-110.684398523817,-7.96220703163883
4.2365,-90.3950801815425,-3.9628087945574
4.237,-99.6358859106691,-27.5722482659337
4.2375,-123.277661727232,-60.6396481651981
4.238,-127.691579504998,-75.0464117604498
4.2385,-110.622178479823,-66.2840865520799
4.239,-107.030244788355,-49.3125417514342
4.2395,-134.598455557269,-32.5223887853026
4.24,-163.539722232905,-13.6938663179681
4.2405,-161.002602512689,5.69714361751585
4.241,-139.615650487487,20.3515771886346
4.2415,-134.691891235899,31.7368409426808
4.242,-151.790035088872,43.2312388165565
4.2425,-166.334638671034,48.0087350931021
4.243,-162.464597265125,37.1329877694742
4.2435,-141.700172311082,17.3285319580068
4.244,-101.090335609186,5.28404885656656
4.2445,-35.4817156839255,5.26077967922441
4.245,38.2912443854797,6.99944312120059
4.2455,88.8926554538472,4.9698923604482
4.246,107.156134882204,4.1845088418567
4.2465,111.210124503084,6.30182306061321
4.247,111.663843962208,5.73453769476783
4.2475,98.5960539116238,1.99781348438119
4.248,71.5385579359542,0.854948115272337
4.2485,54.7861480931853,0.136403088500599
4.249,65.3857493163179,-9.80943903415629
4.2495,85.6198353522917,-26.5956552407512
4.25,86.6381647256485,-32.9270188214165
4.2505,66.0304052617784,-21.3318320230017
4.251,43.9709309988956,-6.99164845706239
4.2515,33.0763894114833,-5.40614721597574
4.252,31.1707015285913,-10.3381597033573
4.2525,36.8081187702238,-7.05517674084165
4.253,52.0979594036834,2.73521111495218
4.2535,71.2665899598577,4.36798767375988
4.254,82.9929951084627,-7.04881106171426
4.2545,86.3125618427409,-21.9016856137195
4.255,92.2430483568605,-31.8080890035469
4.2555,107.779556524659,-37.037114918227
4.256,128.043982984685,-37.9579199599144
4.2565,145.295894223939,-30.6887274585268
4.257,156.222629974856,-14.6151192996695
4.2575,158.893012512391,3.55044392045161
4.258,151.773087670874,16.9129816236236
4.2585,138.607304016725,25.1375862545973
4.259,126.801753864935,32.0593078477038
4.2595,118.355459804562,40.0321131253264
4.26,109.055206569153,47.95467174467
4.2605,98.7801863641324,52.667546308091
4.261,95.1604733770667,52.3720692039907
4.2615,102.769123380731,50.4275100293313
4.262,113.86346961814,53.8159209864728
4.2625,113.862957262786,64.627586215153
4.263,92.8743659249882,75.0335743127184
4.2635,50.6947811435905,75.0200315214196
4.264,-3.65522217504621,64.1923164065281
4.2645,-54.2534455640713,51.7730696720624
4.265,-86.1715729336725,45.430878582445
4.2655,-96.9370612614637,44.2859398934811
4.266,-98.0857955320622,43.0389670498728
4.2665,-102.438838244766,38.8225086364505
4.267,-112.954252709351,32.5529763695551
4.2675,-126.115980761338,26.2352780797132
4.268,-140.151013606035,20.5259854739845
4.2685,-153.903233105689,13.9685202018462
4.269,-161.737269868644,4.43757858219818
4.2695,-157.283564388975,-7.85594531012572
4.27,-141.593902939779,-19.6382734658836
4.2705,-121.85817294837,-28.1914796773302
4.271,-102.610420118216,-34.6771569483846
4.2715,-83.6432587790334,-42.2875671433149
4.272,-66.1037606982925,-52.2310505807821
4.2725,-54.2663683595683,-63.273153819744
4.273,-49.6242531151541,-73.9324108292067
4.2735,-48.0737829905684,-82.9847370768519
4.274,-45.0491261180718,-88.8540718856419
4.2745,-40.1621674894931,-90.7724835164827
4.275,-35.7221688331048,-89.8677047071596
4.2755,-34.1132322057573,-87.1868442299986
4.276,-37.6259730824237,-81.4789528551469
4.2765,-47.6258169592455,-70.8956642064141
4.277,-62.8657891205769,-56.1258597999106
4.2775,-80.7030510824582,-39.9674918262357
4.278,-98.8778263836461,-24.5287033955578
4.2785,-113.160729690814,-10.6199329871302
4.279,-116.721573734097,0.83892180611165
4.2795,-108.348904423075,8.52710102186786
4.28,-98.1080767431416,11.3136720756027
4.2805,-94.8751287005762,8.26258553889448
4.281,-89.5424933712632,-0.327144674768484
4.2815,-63.4109662356924,-10.4987206244977
4.282,-14.8425328898631,-15.4590092766134
4.2825,37.7473440163864,-11.4344689145696
4.283,85.1333659394766,-1.48578371480791
4.2835,141.957721626293,8.73061582300585
4.284,219.140062159665,17.5597276479193
4.2845,296.638882706239,27.2024193990916
4.285,342.745161616151,38.5077184299143
4.2855,351.450851092626,49.3548749517245
4.286,340.83815294551,57.9784072022515
4.2865,321.540138693111,64.8222583844544
4.287,290.582706916312,70.3979935835219
4.2875,253.964703720126,73.4785673360322
4.288,227.735346497711,72.8188719309117
4.2885,210.19861263861,70.3329772851824
4.289,177.962817404388,71.6408313784064
4.2895,121.019171722854,81.5177155260025
4.29,59.1446823199027,96.7606202171671
4.2905,7.97364010351692,105.171746948915
4.291,-49.5780817720345,95.9808611087565
4.2915,-134.785569175224,71.2428591586234
4.292,-230.665303653953,41.6427956861606
4.2925,-295.352538705288,10.6461027850161
4.293,-312.97682053882,-28.7666568689793
4.2935,-306.260023988167,-77.2691571434166
4.294,-298.198733281785,-118.37452887172
4.2945,-285.057756016738,-134.639359793956
4.295,-254.16543170685,-129.861108068961
4.2955,-208.781369363646,-123.497873459449
4.296,-163.332353161134,-124.349559599102
4.2965,-125.976006990322,-121.968380351715
4.297,-97.1654408688799,-106.308726138691
4.2975,-78.1496380579201,-83.8603032741622
4.298,-70.9562160357598,-67.6278782779001
4.2985,-73.2879978014679,-59.6236279211656
4.299,-80.1133512800959,-51.6527172459135
4.2995,-88.3682973900802,-38.5788061140009
4.3,-96.2931750813884,-22.7175063175608
4.3005,-100.490926430826,-7.26066818750241
4.301,-96.5381553913697,7.6750022908776
4.3015,-81.2024707626368,22.737502042931
4.302,-54.1116813618484,38.2029949897179
4.3025,-20.1943488788146,55.3060341173556
4.303,10.8399577949183,74.8815475462953
4.3035,32.8251609262934,94.502374234042
4.304,51.0887291768393,109.889686048615
4.3045,77.4187343513967,119.164909515815
4.305,117.900698501905,123.483161411332
4.3055,170.654804917452,124.151856197748
4.306,232.414184542811,121.737985778482
4.3065,298.228049776314,117.562819749784
4.307,355.730209963566,113.171749246115
4.3075,390.440082124063,107.737843994158
4.308,398.216967731362,98.0553262972311
4.3085,383.061768745868,82.2163148101189
4.309,344.032854605033,62.4951165265047
4.3095,280.549573614951,43.5752176499349
4.31,214.138789555266,27.3249019246415
4.3105,183.107712047785,9.62661548101302
4.311,197.991070837503,-15.449981110746
4.3115,214.77939317214,-46.4964610659296
4.312,174.164711950815,-72.3145850259029
4.3125,65.4958884125921,-83.3241780167294
4.313,-64.4257033371185,-84.9438590059375
4.3135,-163.89413795718,-93.9555715915554
4.314,-219.246072406451,-120.010243110204
4.3145,-244.708595664596,-155.95285753568
4.315,-252.938737866949,-188.361324050931
4.3155,-250.190382957378,-210.961275839179
4.316,-246.429425693807,-223.10850124977
4.3165,-250.305454462831,-221.800932106538
4.317,-256.159167007264,-203.753768247006
4.3175,-250.889829282116,-172.802100494953
4.318,-234.887392024307,-137.223244776095
4.3185,-222.884796151868,-100.143304042075
4.319,-219.611999116321,-59.2312910559059
4.3195,-207.789960329318,-15.5064681975181
4.32,-171.935982667958,24.855717750717
4.3205,-126.829535794367,58.8389879983375
4.321,-106.717704433412,90.0639554465644
4.3215,-124.797867973068,121.167487451686
4.322,-156.930088108348,147.834145477008
4.3225,-171.938414528271,163.716575832438
4.323,-166.505862472333,167.754063861249
4.3235,-158.977504953542,163.724558456052
4.324,-157.255174014256,155.076216402512
4.3245,-148.9757512567,142.357645160558
4.325,-121.484244642607,123.781649253298
4.3255,-75.14156253883,97.1731713872377
4.326,-14.8676275892898,63.5614072716592
4.3265,54.1093751674947,29.4790827409909
4.327,115.579650006089,3.15371984829323
4.3275,146.568183837546,-12.278898013015
4.328,147.745243050877,-20.1196826868372
4.3285,155.533499041014,-26.0812611008106
4.329,202.845689567561,-35.8011131665152
4.3295,274.927066644278,-52.9822512654832
4.33,327.257079785634,-73.1087603059755
4.3305,345.611978836758,-80.7415705887823
4.331,362.030259517954,-62.7588243267343
4.3315,402.698762134072,-26.3951143350903
4.332,444.160375862838,4.90587024113521
4.3325,440.972264084489,17.3756054336428
4.333,384.300594042086,20.0200288928349
4.3335,312.140140950312,27.241184853724
4.334,264.04423123567,38.5756803892318
4.3345,241.35812470258,44.8332867643164
4.335,212.521567601052,46.6404421013923
4.3355,145.70052098375,54.8624287703621
4.336,35.939472271854,75.5165637120576
4.3365,-87.9920709139619,104.777171779787
4.337,-181.486243089807,137.774921029475
4.3375,-221.300759925788,172.672781595989
4.338,-232.802975069097,205.458416090886
4.3385,-272.603288214911,228.472574925797
4.339,-373.212878233208,234.957059532667
4.3395,-503.61858957174,219.696066081552
4.34,-590.22223395186,177.674253109901
4.3405,-580.961177118246,110.665267061913
4.341,-489.622610628064,34.121670474174
4.3415,-376.845841312909,-32.1900844498839
4.342,-289.349706546453,-82.078395605429
4.3425,-222.862374932727,-124.224406769959
4.343,-147.077945260159,-165.892724113522
4.3435,-57.4653495801514,-204.520639911803
4.344,13.6467558381663,-236.255245107551
4.3445,39.149345182288,-262.139173417584
4.345,32.7989589267288,-281.932900992866
4.3455,31.0763668897579,-290.758756831796
4.346,51.5010606395037,-286.648412366427
4.3465,84.1030159086484,-274.347216435361
4.347,114.689458465738,-257.939944168332
4.3475,136.0037300163,-236.744996866919
4.348,139.687533271357,-211.34812460427
4.3485,121.509971647852,-185.52933056645
4.349,99.5800451136519,-159.319283403907
4.3495,104.622611189373,-129.806286821427
4.35,140.029648329839,-102.501815505992
4.3505,169.597649848569,-90.1284856633165
4.351,160.384800014937,-93.4331550333413
4.3515,123.217443368707,-94.9257423242838
4.352,92.501876008699,-80.7674966166899
4.3525,78.2867879799515,-57.7434128155804
4.353,63.0851433717201,-37.6608252902945
4.3535,42.3295100609179,-16.5572508173005
4.354,40.3898218931596,15.5616466435751
4.3545,76.9155064578969,53.6437219151114
4.355,136.014078358886,84.4665771892063
4.3555,182.440590483946,109.101243967478
4.356,197.887546871678,138.989458796692
4.3565,189.373405157412,171.613504482699
4.357,170.249675310905,191.161149204879
4.3575,147.931637727914,196.834083600092
4.358,128.730663771775,210.26893502745
4.3585,120.636338221077,245.548001718086
4.359,124.95924411741,287.299453586564
4.3595,130.581608717771,309.870586212151
4.36,120.716115712031,307.141936498869
4.3605,83.4888304149856,292.246539490892
4.361,16.5062456256504,276.385740282338
4.3615,-71.8792671432871,259.624276508909
4.362,-161.48787838709,237.823743383696
4.3625,-226.57344514885,208.66533202295
4.363,-252.258904778332,172.834119586687
4.3635,-245.39989142606,135.443601385303
4.364,-224.217411729438,103.352505152656
4.3645,-198.888562347469,76.7870584115276
4.365,-169.762645103277,48.5506084831344
4.3655,-142.211550373139,15.596629969226
4.366,-128.219300782666,-16.0357218741353
4.3665,-126.734468739464,-43.855931387166
4.367,-116.559495443881,-77.1899082029993
4.3675,-82.4264914656121,-121.728698424121
4.368,-38.7489668536882,-162.46499273531
4.3685,-10.7773671220334,-176.781683082269
4.369,1.73105389306429,-163.760613606375
4.3695,21.753359718699,-146.821105450781
4.37,56.922082951236,-144.516986141861
4.3705,86.4327915673161,-150.80475533264
4.371,91.6465476764429,-149.120010623687
4.3715,79.2449379898127,-133.652849321202
4.372,64.1606727209413,-106.407375397228
4.3725,48.5960557223404,-62.6188624827569
4.373,31.5590395460863,3.71519081554045
4.3735,21.36768221945,78.6124727438675
4.374,19.8506913872563,128.339923741705
4.3745,7.59419276693915,131.96153576784
4.375,-33.2339492671078,106.510568933639
4.3755,-89.7121631466503,87.161758273354
4.376,-134.546502480086,83.865923551229
4.3765,-167.344024479691,70.2527927802587
4.377,-214.774601228835,17.9192602015924
4.3775,-285.76724594203,-71.7331247815792
4.378,-347.773189215567,-177.199102007172
4.3785,-357.747090006274,-284.510558427664
4.379,-304.524163553447,-389.353813992879
4.3795,-213.746316615086,-479.024322031901
4.38,-122.148340668405,-532.711081455985
4.3805,-53.8555928570442,-542.782723963645
4.381,-10.862175128937,-520.561583888166
4.3815,24.5990173965866,-476.430472934866
4.382,74.5829799646319,-408.488454233827
4.3825,143.480734810758,-317.483832669819
4.383,210.556928203597,-218.197513888645
4.3835,248.058302303142,-123.962707932621
4.384,247.735942587385,-30.3437128802718
4.3845,227.620736805704,71.5762241367341
4.385,210.280377371364,171.641716650007
4.3855,194.873921798494,245.46691503307
4.386,157.786509745858,282.942471194027
4.3865,87.8430893483232,300.379142242292
4.387,13.2378835348054,320.975152570453
4.3875,-23.1919476537508,349.916744696846
4.388,-14.8505712147566,372.3057146368
4.3885,2.30812860760784,373.36986430457
4.389,-1.24525986126047,358.906418095761
4.3895,-16.2732515569845,353.550883004179
4.39,-21.4875011352477,374.539482849761
4.3905,-15.9729662959488,408.585730619579
4.391,-4.67751669960163,423.489346019898
4.3915,23.7854749532721,404.153670569027
4.392,75.3808184230844,365.946898420493
4.3925,124.584425851569,328.224527858593
4.393,142.868856531149,289.254902532731
4.3935,140.096846137629,238.467815292513
4.394,143.150029995692,180.265814049723
4.3945,146.116358895247,127.819082089098
4.395,124.532403801573,79.4398208256227
4.3955,94.2685893187586,19.07369452827
4.396,108.133425383187,-60.6568675585911
4.3965,185.315752602798,-149.830299404365
4.397,285.381922954629,-233.640598139672
4.3975,362.520543711787,-299.337736670554
4.398,404.950676455515,-333.401167685821
4.3985,409.392410536487,-329.305730652728
4.399,363.901982117318,-300.519371734614
4.3995,280.79682851513,-271.13310659616
4.4,206.145940794182,-250.637084306703
4.4005,166.392657233643,-230.175087808143
4.401,136.923846171069,-202.721335837978
4.4015,87.4055027572231,-169.829909687962
4.402,19.9550856159349,-128.11210301414
4.4025,-66.9045110462069,-72.2194686624843
4.403,-206.014119505205,-19.8420286232376
4.4035,-403.467945601333,-10.6356616370101
4.404,-585.933973510675,-61.6863854497337
4.4045,-665.044249330246,-137.512814709669
4.405,-639.701716792552,-182.95071345284
4.4055,-582.489291388958,-178.56346960635
4.406,-537.085985132484,-148.606165602554
4.4065,-485.030146118914,-122.494844338484
4.407,-409.072197652719,-107.79356841366
4.4075,-328.067908902823,-100.299989976784
4.408,-255.867607416277,-102.465577054692
4.4085,-176.723840057242,-122.570643774286
4.409,-83.1288012371408,-160.17925590371
4.4095,0.171675181304899,-196.518671141113
4.41,50.245306770942,-201.55488680444
4.4105,72.8258854966203,-157.198859200473
4.411,78.4420504682132,-76.765854747906
4.4115,62.157537810644,5.56738760060858
4.412,24.8602616656459,68.7106724620017
4.4125,-13.5152842102504,119.628228288128
4.413,-41.3324893977295,170.378932998746
4.4135,-71.5372071047556,214.167864731981
4.414,-112.952323125619,236.322766971376
4.4145,-149.053410792051,238.369749313465
4.415,-163.439261235972,235.532966112809
4.4155,-162.878469112967,236.250304421912
4.416,-155.089829628311,238.635831174969
4.4165,-127.027935169204,241.721998197336
4.417,-69.7724230853281,244.22765616688
4.4175,-5.33201562480404,236.059721327251
4.418,39.4329677519801,208.831962542265
4.4185,72.3541666415613,174.606525780202
4.419,121.171440462511,157.045230389583
4.4195,187.080566010777,161.29354439158
4.42,241.581978151862,167.66602692583
4.4205,269.611741941196,158.33701580633
4.421,290.439523149953,135.581268234564
4.4215,327.365484773087,109.224706716462
4.422,372.982960476897,80.9883224682983
4.4225,396.301556754187,49.2356485995426
4.423,379.890779251453,17.8823673119295
4.4235,342.938401669291,-8.29084551590614
4.424,324.561131895549,-30.6673929515738
4.4245,342.732222142118,-53.8612257629762
4.425,372.834126579435,-80.7529679709921
4.4255,373.589989903146,-110.821338474485
4.426,332.395205077937,-135.825792138704
4.4265,275.058229566686,-139.923290284107
4.427,231.199895729154,-117.137369482334
4.4275,202.836074815521,-86.7247119733351
4.428,169.522494434974,-73.4478828541583
4.4285,111.401850424195,-72.5637508472107
4.429,23.0642234071302,-58.1637256772286
4.4295,-83.2945660056807,-32.478687401702
4.43,-185.096605952666,-37.9961707005154
4.4305,-271.302465425792,-101.377849778604
4.431,-355.70068930828,-189.318889433786
4.4315,-449.942372501122,-247.767483026578
4.432,-525.105050033217,-268.361169920405
4.4325,-530.668660177931,-282.368309776295
4.433,-463.682384345464,-296.281137608169
4.4335,-388.857959599566,-272.699138384355
4.434,-365.65911241935,-185.391830000892
4.4345,-377.174803394439,-63.1403938782257
4.435,-360.508511219604,40.4748561388322
4.4355,-293.284572738842,103.773376679908
4.436,-216.180912598617,145.870244557643
4.4365,-172.088021033273,190.523633498348
4.437,-154.792857121838,239.283866310645
4.4375,-127.769581571809,276.334003043717
4.438,-72.0695477167657,284.207996387279
4.4385,-0.27071586433025,252.762641153805
4.439,67.6819285248668,183.644646465979
4.4395,127.967003780028,92.8035458942208
4.44,189.001824220372,6.4444642417735
4.4405,249.418379530375,-50.8990455387294
4.441,289.913394563615,-70.0204876017085
4.4415,296.267881891903,-62.629986449239
4.442,286.421617741277,-51.2805802809254
4.4425,299.132485115572,-49.2203896486594
4.443,351.168734883606,-51.2615654336515
4.4435,417.795038413134,-48.1248560896141
4.444,459.390486039737,-45.7021063123891
4.4445,453.46325974742,-61.8054754405571
4.445,396.715841758646,-104.58694789628
4.4455,295.237468860379,-161.952364273508
4.446,164.934801918627,-212.291740328654
4.4465,27.5531570940125,-238.776546859158
4.447,-104.494156086102,-235.523524338863
4.4475,-226.540596935978,-210.93431163599
4.448,-319.971643470711,-185.654961387575
4.4485,-355.84767665699,-174.995523731916
4.449,-334.899795553034,-169.567808465951
4.4495,-300.567047536785,-144.409438251633
4.45,-290.091844377836,-92.0682787460415
4.4505,-290.818826989148,-35.5666838156021
4.451,-268.365619284083,-2.34685494349157
4.4515,-221.168474005579,3.50886094531701
4.452,-180.096835911904,-4.85623881299782
4.4525,-166.723796262155,-19.0644884438951
4.453,-178.927611112595,-38.328855372192
4.4535,-206.364745540573,-57.5618912693823
4.454,-231.755853127385,-67.4526417257608
4.4545,-227.098528871814,-66.026340669657
4.455,-180.64545212975,-60.5738397781029
4.4555,-122.989871441084,-58.2211781977587
4.456,-96.2982204666283,-60.5099370894283
4.4565,-101.083977197472,-63.5722147017793
4.457,-102.933492138564,-55.2970083298432
4.4575,-86.9138855715577,-15.2048803890404
4.458,-69.4871304432402,72.6781571179262
4.4585,-54.6852395690238,205.007070024263
4.459,-15.7638821894507,361.739868978936
4.4595,67.8329988338079,521.481596347845
4.46,183.496261938019,668.259015203309
4.4605,304.98531430997,785.800573932139
4.461,412.615428438193,854.438436206713
4.4615,487.156177030493,858.22470816999
4.462,515.533385225913,795.731839393358
4.4625,517.460802028043,686.685270821559
4.463,537.601640706799,566.931938084873
4.4635,590.694521816712,466.546944295769
4.464,636.051421973511,385.961012115048
4.4645,627.007598295656,300.334616960886
4.465,568.086693026841,192.893679084532
4.4655,501.148486545822,74.2876920745986
4.466,445.149331023348,-38.2564932263906
4.4665,369.539573404978,-146.573730760436
4.467,227.380890061319,-260.113722080151
4.4675,9.87603164348891,-369.136389325145
4.468,-226.732141735214,-450.566787190585
4.4685,-392.354644940322,-497.711803775023
4.469,-439.362031761036,-524.912188579252
4.4695,-409.677587963818,-543.605811285735
4.47,-386.405823551289,-552.741447866565
4.4705,-398.637531293117,-552.764822795161
4.471,-402.073236990123,-547.631966948431
4.4715,-357.978062233436,-528.379088930164
4.472,-292.357385463729,-474.494504161927
4.4725,-254.146541292469,-378.66172381432
4.473,-246.947447363749,-253.662940570819
4.4735,-236.894232462163,-110.920922752996
4.474,-210.732036322331,46.7515616203989
4.4745,-190.896726302984,204.384060814856
4.475,-197.420731369322,331.851564857887
4.4755,-222.092726118489,416.300887856463
4.476,-241.372944195438,475.449911533568
4.4765,-237.292099158695,519.264264874808
4.477,-206.83037000136,517.594530176306
4.4775,-163.884200260512,430.631082913393
4.478,-128.410001754549,259.899481966098
4.4785,-104.049924961822,45.7881427103346
4.479,-74.9138395769641,-175.870527017452
4.4795,-33.6095614688084,-389.551585772823
4.48,1.95420193791809,-578.634576352797
4.4805,13.6866343136411,-717.492533200341
4.481,9.30407704507711,-791.957665420601
4.4815,4.24307920701143,-810.827407096868
4.482,-7.06206373550885,-792.933754040825
4.4825,-36.8952852276851,-755.13759527923
4.483,-72.1004993127982,-711.641603084861
4.4835,-85.5642500449787,-668.309783767691
4.484,-78.3488625440484,-614.718494589778
4.4845,-84.6846442388024,-535.158285457583
4.485,-131.192504966747,-430.230047161841
4.4855,-209.266665478515,-317.804601182146
4.486,-287.554948292548,-214.416972373291
4.4865,-332.087936684032,-126.932688070333
4.487,-314.955727239802,-57.5206403540304
4.4875,-229.063980524881,-0.354971902879137
4.488,-105.360131140566,63.674764912867
4.4885,1.90188528115721,149.779272018813
4.489,61.501986814729,245.901507871854
4.4895,91.9954970716821,324.162580380467
4.49,137.197657900664,376.220272362352
4.4905,220.256459427969,418.302688554443
4.491,323.93625677152,460.555334185696
4.4915,411.253290818067,494.811800453632
4.492,465.061793709483,518.330484694166
4.4925,508.685774776117,544.603237455477
4.493,579.744758695718,577.716167928464
4.4935,677.927967296115,597.120660516162
4.494,751.562782416236,584.615005299979
4.4945,750.45947012572,550.684544904313
4.495,682.19011075651,517.69641552621
4.4955,597.869845048113,490.81809074849
4.496,530.059258903791,463.066864911824
4.4965,466.693918012013,437.190208402703
4.497,382.03848901182,422.082642376812
4.4975,267.938089803397,413.469561118172
4.498,132.112609809066,396.973794356365
4.4985,-10.4964420388958,368.703766014849
4.499,-138.180739135096,337.549918885748
4.4995,-235.274846542914,307.059000185151
4.5,-311.624340622695,267.450742950737
4.5005,-388.760982651491,207.148106865886
4.501,-459.122180638514,124.69573111204
4.5015,-483.280098517323,30.8922306679213
4.502,-443.291678439556,-53.8644788574102
4.5025,-377.818735397048,-108.312978371937
4.503,-342.14975733396,-126.211607624088
4.5035,-346.13052237393,-123.028744057303
4.504,-353.537453974474,-120.595352686391
4.5045,-333.87528236375,-127.152950437448
4.505,-290.397679857801,-137.417082632208
4.5055,-238.585670092825,-146.967207905648
4.506,-181.455980518125,-157.785812105773
4.5065,-115.740691206494,-171.232820038612
4.507,-48.5596151668661,-182.159924560896
4.5075,2.8105047619545,-179.537042104911
4.508,23.4196504691175,-150.636399995523
4.5085,9.97953132256155,-89.2395704500103
4.509,-25.323115513488,-3.28197585136453
4.5095,-57.0679161720127,90.6149117805867
4.51,-60.7391752563475,182.74601987069
4.5105,-32.3041095841865,273.350975582435
4.511,8.42094534320307,357.618538852575
4.5115,38.212625910306,418.015837962016
4.512,52.0230990365399,437.036499540685
4.5125,60.9186673502964,407.617936722867
4.513,73.1248295801479,325.914480288485
4.5135,85.6399231810769,188.061735102426
4.514,95.0335876748111,5.31413627955556
4.5145,106.83012082301,-189.939523834687
4.515,126.881699476346,-368.796273781236
4.5155,148.265566339039,-530.824924379223
4.516,155.930209293459,-693.264717217266
4.5165,144.06467015121,-861.860989118986
4.517,121.216261057443,-1022.44395894035
4.5175,97.93761280372,-1152.6465182262
4.518,78.1045076277834,-1230.24756770813
4.5185,64.0095766171369,-1239.936114318
4.519,58.5500090373839,-1187.86241963777
4.5195,55.3621480703202,-1104.07478920881
4.52,36.4804800518163,-1016.83386596494
4.5205,-9.25300192604101,-929.409730495378
4.521,-70.4404040521933,-832.304526224818
4.5215,-125.626958551663,-726.559552216761
4.522,-167.629865099028,-617.825973398198
4.5225,-205.811430705169,-497.206281635026
4.523,-248.108424835165,-349.292687631703
4.5235,-291.632342648236,-175.050956906877
4.524,-327.657949142103,11.2794240158022
4.5245,-343.906272838731,201.905862637499
4.525,-326.324538952594,392.425908742451
4.5255,-276.35026944762,566.441908654151
4.526,-226.148589624359,707.784875724719
4.5265,-213.558436068625,823.965774332695
4.527,-231.148849949862,930.196273993972
4.5275,-220.209832630723,1010.67903802037
4.528,-135.061608987716,1026.54835815669
4.5285,-2.0833140373992,969.785488923089
4.529,106.741529773722,881.339959905334
4.5295,153.27582507332,803.586521852825
4.53,162.227034910915,738.91040519545
4.5305,170.696622675206,669.373253890768
4.531,178.396660899355,594.14902219112
4.5315,164.599967803189,526.980426111294
4.532,132.116086008724,471.177183525615
4.5325,105.287329046139,416.779677855205
4.533,90.5860552404691,355.142650868128
4.5335,68.5554192203099,283.158794708115
4.534,30.6121243686024,200.49153427294
4.5345,-1.78133733089929,112.968439089052
4.535,-9.06913217938857,30.7603664983751
4.5355,-4.2038604074544,-45.2272442011154
4.536,-9.09172187786408,-125.803367219438
4.5365,-11.8960471188478,-213.926926408625
4.537,26.3536381909037,-291.847247106306
4.5375,122.309124402459,-335.821706000751
4.538,247.438193176588,-336.223203802354
4.5385,357.751744524913,-299.757833667916
4.539,429.91609105179,-244.128772556663
4.5395,464.237656504332,-194.660678503215
4.54,468.481618619488,-170.200153887997
4.5405,447.390192262902,-164.014779971942
4.541,399.431148771782,-152.191071144744
4.5415,320.944198149241,-126.172869023277
4.542,221.396515611131,-98.7052805691667
4.5425,128.864654811593,-71.448211391479
4.543,62.1596774199656,-22.7669017735845
4.5435,1.51595917130965,55.8762802693339
4.544,-86.3600441320191,136.024680687391
4.5445,-192.219395010375,189.155915986684
4.545,-266.053801419831,228.546459970029
4.5455,-285.010801545883,285.830406654028
4.546,-281.810323312035,359.122039460508
4.5465,-283.241917623207,415.537103916179
4.547,-260.500024208668,438.305727830128
4.5475,-181.731240912601,439.189468588671
4.548,-83.2244108403482,423.795106770531
4.5485,-31.9824401242076,375.471387416867
4.549,-28.9805182687707,282.746166959659
4.5495,-9.47720924152071,160.438831434931
4.55,53.8015016846062,33.7957403668349
4.5505,104.297686476081,-81.9470167419539
4.551,81.0922727595676,-179.540782053276
4.5515,-0.266839666546735,-254.09620260308
4.552,-75.7055835241087,-309.07420500093
4.5525,-104.954918905816,-356.368747800595
4.553,-83.4318409500389,-402.424931218314
4.5535,-16.2159184876238,-441.749670490987
4.554,73.4775727830096,-467.433158785108
4.5545,127.903941967451,-479.653380328023
4.555,97.8896179576752,-481.800442267455
4.5555,6.26501482422391,-475.76650198038
4.556,-68.8500935452651,-459.536679221451
4.5565,-81.8357643258294,-420.545281487087
4.557,-59.9987189981182,-337.968847761134
4.5575,-48.3950584920826,-208.960260765103
4.558,-49.3324209268481,-70.031672075559
4.5585,-40.7188290958853,29.0938101301307
4.559,-30.3409354865928,77.2792774626002
4.5595,-55.6158170881433,109.385575737402
4.56,-128.35790952151,157.656342406297
4.5605,-204.658629812825,215.477435316341
4.561,-221.604063574349,255.604031726517
4.5615,-155.5733260998,260.91105141081
4.562,-38.8627057821566,223.580892085481
4.5625,73.1245757380578,136.565414485576
4.563,143.934306181665,8.96528676482925
4.5635,172.042874481734,-123.122196939118
4.564,177.518685896807,-224.39603211529
4.5645,177.278991526252,-292.673048951962
4.565,169.431463547534,-344.344697930255
4.5655,138.716655701078,-376.130596146245
4.566,77.8255978183131,-367.569358289024
4.5665,1.9749163494144,-322.263464719852
4.567,-61.8623866034847,-280.423603892774
4.5675,-100.721176820815,-278.593245169811
4.568,-126.431036149296,-312.573111278692
4.5685,-159.99002505875,-350.662344385172
4.569,-210.09634911098,-369.994079207536
4.5695,-267.93627027016,-366.952593935166
4.57,-316.316301802646,-341.696663744563
4.5705,-340.937575029646,-288.514768168241
4.571,-339.349953356457,-201.002877312786
4.5715,-322.911605693456,-78.7004915548085
4.572,-304.494376594911,68.2142140060813
4.5725,-282.76945208184,213.765285245185
4.573,-247.807954011218,323.050961211931
4.5735,-203.598834256798,378.829007920448
4.574,-168.926209279621,400.906371450626
4.5745,-147.152524509868,426.059535197084
4.575,-112.252356752204,466.789449631697
4.5755,-41.6481852389064,502.362785085487
4.576,49.1048989501643,512.682544118238
4.5765,122.793318816707,503.662875672832
4.577,162.164422657515,488.56901780796
4.5775,176.938508363043,459.519993596592
4.578,181.304355971324,396.593766719091
4.5785,188.882402094508,300.354055244255
4.579,220.085470114229,198.484006572672
4.5795,282.64988168114,120.205818351965
4.58,346.268620621817,76.5761008867839
4.5805,368.150800455073,63.9701267207144
4.581,346.874259742628,71.7206301855784
4.5815,320.319321046427,84.9940647637925
4.582,307.491109438011,94.9832029111102
4.5825,290.060261215938,110.360848517312
4.583,261.497447712913,146.799558104349
4.5835,249.581866866114,203.101620161443
4.584,261.579693097715,260.778925169669
4.5845,244.569897559938,307.49188686382
4.585,144.227553946134,341.747581760118
4.5855,-13.4507180231532,349.627469527445
4.586,-139.289041925077,300.699371200268
4.5865,-175.389479902163,183.421028661632
4.587,-141.541587207356,28.3392288664594
4.5875,-90.4356841005127,-122.025838662289
4.588,-47.5572273610737,-254.361071144299
4.5885,-2.91210812122916,-377.38774793757
4.589,57.1525079235106,-484.599008582929
4.5895,120.548279489626,-548.327956852524
4.59,151.280894884016,-551.622784515343
4.5905,128.763417025044,-509.825624550131
4.591,87.064091613866,-458.205684454157
4.5915,90.9710146225123,-426.714389465151
4.592,156.085276348918,-422.33169144386
4.5925,217.37932872741,-424.465998025983
4.593,204.867141050337,-400.729614934677
4.5935,129.206007955105,-336.534885944607
4.594,56.7476311073837,-243.513931905586
4.5945,17.6814918868291,-131.543993416803
4.595,-15.085608668865,11.8414600597532
4.5955,-63.7475786582103,194.065444906165
4.596,-115.43687545161,380.01394913588
4.5965,-162.026909972363,509.478965992227
4.597,-219.679222751188,555.109562678959
4.5975,-287.240509875066,543.807135175608
4.598,-326.312899961162,517.516999423917
4.5985,-311.672867306366,490.123847100341
4.599,-272.165624906156,448.293792025819
4.5995,-253.850919474131,381.830267377998
4.6,-266.202782459861,307.401115275494
4.6005,-289.839449564095,265.864634151145
4.601,-312.432999422609,288.227967634694
4.6015,-325.786774654694,353.243250150647
4.602,-307.462866985216,391.071177064707
4.6025,-242.466288505153,349.66242006094
4.603,-155.645902027532,249.198641727952
4.6035,-90.4804838511316,148.187375056417
4.604,-57.1511415385733,66.5249313934741
4.6045,-27.0117853090689,-24.8332726094404
4.605,23.282714619192,-142.747567202094
4.6055,86.2975465477613,-262.628604072097
4.606,142.27874646253,-360.847865539401
4.6065,180.613588001392,-448.875857490444
4.607,200.343217486299,-545.051509771221
4.6075,207.613149377678,-640.590858188207
4.608,214.467933760578,-714.385105975752
4.6085,224.526392020152,-757.831059921106
4.609,221.096737407156,-765.005067143283
4.6095,187.096166358478,-722.130508810613
4.61,135.405741833545,-632.071233332054
4.6105,99.4291015906274,-532.340444901607
4.611,92.5815403923557,-464.274955214806
4.6115,97.739928551867,-434.352758821234
4.612,98.7027169776171,-421.508518511726
4.6125,97.8351521664604,-406.824619171156
4.613,95.244319371662,-380.056794387436
4.6135,76.7649964892096,-337.263666808564
4.614,40.097495719045,-293.044734799791
4.6145,12.3454382429226,-274.944549068788
4.615,16.7485710872634,-281.363493527485
4.6155,31.6968713661103,-265.18842568109
4.616,8.67223735728824,-187.99335686317
4.6165,-67.5877087829445,-71.9721628843477
4.617,-157.379479331039,34.2953822540635
4.6175,-212.339615111638,123.01174373142
4.618,-228.74765842425,219.2917266386
4.6185,-241.150523328202,319.220592034801
4.619,-269.318515487492,385.211818846636
4.6195,-289.247484780877,404.734827146719
4.62,-264.889205543348,406.802157513943
4.6205,-197.966472975421,409.1767147825
4.621,-129.649842919232,392.608659094979
4.6215,-91.8217330299602,346.727403965271
4.622,-73.3842577068596,303.511884137806
4.6225,-44.1835278299904,297.975326922795
4.623,2.78690404313248,322.65701122091
4.6235,50.7789645012851,347.731959875122
4.624,91.5474865594467,364.41797332643
4.6245,134.781159223435,380.895384518687
4.625,184.580900554936,391.870281269308
4.6255,227.677840677113,381.645198150068
4.626,250.973611434555,350.463242408887
4.6265,253.20906184918,315.211185136277
4.627,233.325383048993,289.390888997263
4.6275,187.446485915929,280.239063890013
4.628,129.042503313917,296.795747539226
4.6285,92.5142304891762,339.439228844419
4.629,97.1125748929472,387.14755709433
4.6295,118.529348620673,417.451922193012
4.63,115.679265404955,437.342365373872
4.6305,78.936167928397,472.960596693412
4.631,33.7638940581758,526.954511748108
4.6315,2.28765211008605,566.494464981535
4.632,-17.2443642358925,559.904525863868
4.6325,-32.0132746633214,509.487847366874
4.633,-37.3318399089544,442.156252059312
4.6335,-28.8166159078826,382.817244803846
4.634,-20.1311007786753,344.584925256709
4.6345,-34.6314832710022,328.8987541255
4.635,-77.7252348705299,319.849733857581
4.6355,-123.07325471395,286.422466876012
4.636,-133.616529825821,205.569192260856
4.6365,-102.314683398357,81.1766592334271
4.637,-66.8189824241548,-70.275861952947
4.6375,-68.859545895247,-248.235005666692
4.638,-99.0430311784845,-465.953827451653
4.6385,-105.125693661267,-717.134743301563
4.639,-65.78759935158,-960.683101360332
4.6395,-28.3566154885435,-1149.91864707173
4.64,-45.8475066853137,-1268.66989760894
4.6405,-98.3281339149528,-1327.95387229634
4.641,-118.263492708371,-1335.36228748801
4.6415,-86.4985833828804,-1284.77392679641
4.642,-55.6834786350355,-1175.90360506932
4.6425,-69.5766087181286,-1026.80226480023
4.643,-105.377573010182,-859.767059709763
4.6435,-120.323029895928,-686.123506302488
4.644,-115.678300207792,-511.52007605191
4.6445,-115.496139797425,-344.536047288232
4.645,-106.188509807535,-190.438719312184
4.6455,-43.1681970398704,-47.1417776209865
4.646,84.7112219561766,79.7260181351649
4.6465,231.156261903266,167.020198459128
4.647,336.001797169718,198.227562395828
4.6475,368.98085955875,196.276798306373
4.648,332.135519121556,212.664212570498
4.6485,248.993782605905,273.326317343912
4.649,160.933402877175,342.745359306946
4.6495,110.719902925156,350.819587962004
4.65,112.285462520909,257.063674639758
4.6505,143.614606989123,90.0009703083254
4.651,174.59450489,-73.6339495068171
4.6515,192.482969082559,-170.709922447627
4.652,197.375596290574,-197.853408035321
4.6525,185.917016456342,-197.237056090907
4.653,148.334909621153,-199.712170571355
4.6535,76.9641356821507,-193.536698360362
4.654,-24.1313263588408,-153.7033688332
4.6545,-132.211392532187,-84.2367690022784
4.655,-210.652520876667,-11.3142948419735
4.6555,-232.225878846074,57.7576035897317
4.656,-201.529564782792,145.087931361769
4.6565,-149.438491296822,270.458995639395
4.657,-106.740336536721,430.030580474583
4.6575,-87.4564419213183,612.803424273604
4.658,-88.6526352398721,819.562748869548
4.6585,-92.9863186561918,1053.08826698509
4.659,-77.8953597205671,1298.26641878592
4.6595,-39.1215195748907,1518.32871822213
4.66,-1.04537421130019,1663.44257719432
4.6605,13.5602735927958,1684.78462927173
4.661,17.0776516662932,1560.53312066451
4.6615,35.3178430628593,1319.57311069761
4.662,56.3184596884397,1026.53174983084
4.6625,36.2046264350266,730.676186710693
4.663,-33.5124786190246,436.126212664091
4.6635,-99.0033761191405,127.542019809403
4.664,-108.385401643636,-188.868402122379
4.6645,-78.4552599072912,-480.8917437026
4.665,-68.0415213201836,-714.432973401081
4.6655,-99.7114331565908,-869.209736425402
4.666,-139.801062693233,-941.870340782498
4.6665,-152.608470277495,-950.012697740684
4.667,-144.587693059211,-926.277411653549
4.6675,-145.86150404814,-892.333249007781
4.668,-166.089301866972,-842.362541475083
4.6685,-181.861211227766,-765.520697752861
4.669,-164.678279697144,-678.304403434757
4.6695,-116.250102336723,-616.266271077623
4.67,-72.4344405544163,-594.540383960465
4.6705,-65.6862703622109,-594.041050863608
4.671,-84.1505774689839,-589.122661382053
4.6715,-81.0589336965101,-572.993290364405
4.672,-30.0468579343338,-551.812466432811
4.6725,43.8680388843219,-530.470592881904
4.673,98.7210665053152,-514.03292441904
4.6735,125.122691727616,-510.811488420138
4.674,143.975010402653,-521.016858073859
4.6745,166.141116089907,-527.937793122718
4.675,177.159521987441,-510.574163160629
4.6755,161.789633630665,-461.470413149298
4.676,126.77784648396,-384.074587477247
4.6765,94.0871184832172,-278.080795430522
4.677,76.6094687649671,-140.461757464276
4.6775,58.6060072837363,18.8195441953337
4.678,0.255030854394244,175.406389695204
4.6785,-122.750764140756,310.985387302535
4.679,-274.143061081595,425.592670183802
4.6795,-368.992584441063,521.552383692629
4.68,-350.020930267606,584.86730155008
4.6805,-241.682455175336,598.23161662642
4.681,-112.055763816457,570.406361993514
4.6815,2.39931336810133,534.581973578643
4.682,108.193426856992,510.837434090229
4.6825,206.499375931413,485.020332796555
4.683,274.272104206354,435.837439823921
4.6835,298.948993178837,369.638787859499
4.684,299.756012123723,311.316402839647
4.6845,301.244070958714,268.86616956073
4.685,306.495605055157,227.774194381643
4.6855,306.231699867142,179.607768220738
4.686,295.506156859746,136.154945954656
4.6865,271.633047883405,111.145589445213
4.687,231.764443122475,105.464837043147
4.6875,181.618466550733,116.532822976862
4.688,133.982748811796,145.433988658147
4.6885,93.9408703352126,185.466221132913
4.689,59.214292587096,218.034754677577
4.6895,36.2586363699239,230.494885435506
4.69,37.1596501078803,226.136152370371
4.6905,56.3845499420549,207.721126078412
4.691,69.6731546489591,166.657234118056
4.6915,61.5657295643452,102.582400556691
4.692,36.285812413854,39.5460577627085
4.6925,-1.26823588777129,3.29740425978672
4.693,-52.2070820354716,-9.27111643020019
4.6935,-105.073915432186,-18.5741175446325
4.694,-135.624880468683,-26.1134410979775
4.6945,-137.196122177212,-12.4784662109637
4.695,-130.809643504923,26.6664565389697
4.6955,-134.510816026696,63.6489192481472
4.696,-142.840702123584,68.229265418198
4.6965,-144.945919013069,42.6639689876417
4.697,-139.032452327903,17.4736997879408
4.6975,-120.630972431046,16.7348401029062
4.698,-87.178542321773,33.585357037506
4.6985,-67.38026465454,38.6009335200141
4.699,-108.302905996805,9.7447700271604
4.6995,-206.528796767728,-46.3637959805464
4.7,-286.276785723703,-103.850727696635
4.7005,-282.982739224734,-146.167265571685
4.701,-223.506582269523,-178.173762575612
4.7015,-184.004995619275,-209.064294503849
4.702,-190.073245030353,-235.809808705823
4.7025,-205.037886223557,-252.313551050797
4.703,-202.914519976548,-264.886684384252
4.7035,-198.566216490342,-286.252926805713
4.704,-202.131564379645,-321.106685949248
4.7045,-192.511136008021,-370.473679455754
4.705,-152.513724666063,-443.355377126163
4.7055,-95.1628176327573,-545.736881015222
4.706,-38.2819523774177,-656.863410645243
4.7065,19.8332320093128,-731.388593682598
4.707,84.736920554432,-732.037546349059
4.7075,149.539788172984,-656.624379795023
4.708,208.626738578781,-534.95508573307
4.7085,268.373584172393,-404.189338091653
4.709,331.807901737844,-280.605683175888
4.7095,388.439880411133,-145.961004292224
4.71,427.946277968422,32.8098001352636
4.7105,448.639074943131,261.047644712091
4.711,447.238229509951,501.025637169476
4.7115,417.898466991301,708.53380457567
4.712,366.132077531055,870.742539825495
4.7125,305.158263315707,990.331477382602
4.713,234.867304685474,1049.08604818925
4.7135,145.118504858683,1020.21143554128
4.714,42.7859531598887,912.937738721363
4.7145,-49.2195169548155,770.577690748356
4.715,-124.686006555616,619.679280671155
4.7155,-197.776716142367,454.694500136191
4.716,-266.207763930558,282.895853103476
4.7165,-303.085880578936,145.881242760545
4.717,-300.757179287078,67.8434137416465
4.7175,-290.417102143412,6.42951619353529
4.718,-295.190574536684,-110.81075187678
4.7185,-293.20007157333,-306.308201753035
4.719,-256.861890857681,-529.485813813264
4.7195,-204.190516718338,-706.677034886744
4.72,-174.853011956498,-795.2171326732
4.7205,-170.483030707482,-796.346603124294
4.721,-156.00969870335,-739.856143049416
4.7215,-113.426635964966,-661.891545647515
4.722,-59.1725924574071,-584.593059738108
4.7225,-9.48225614016431,-509.396953633457
4.723,37.7296530408146,-428.00494544547
4.7235,81.3300059831493,-332.777094982018
4.724,108.009365421777,-215.713989567848
4.7245,117.22560293704,-72.4673785344416
4.725,132.584040424318,83.9470873382961
4.7255,173.352367775803,227.813430689441
4.726,227.989136930245,350.299794898141
4.7265,267.697926972147,469.14775611975
4.727,277.148966149296,593.84495407583
4.7275,262.585116407338,696.330628714416
4.728,235.611033843786,736.883583947874
4.7285,196.823289345857,709.065057235548
4.729,135.603220181324,639.034615396226
4.7295,46.5283964886097,549.723112870841
4.73,-53.462938532404,446.664232566055
4.7305,-132.159556365068,328.770822327822
4.731,-173.518596908294,186.065877562871
4.7315,-193.450782689408,-7.18961272181038
4.732,-212.927318222888,-264.704586015653
4.7325,-224.735927281241,-547.849498267476
4.733,-204.928799829933,-779.010327075197
4.7335,-152.425440912022,-905.266986437126
4.734,-95.8736871726557,-933.14726220023
4.7345,-59.3193571087569,-900.193634842286
4.735,-40.7768768440438,-836.781428855689
4.7355,-30.3601514474549,-761.76475045185
4.736,-30.8218979890558,-688.229226345254
4.7365,-48.5813325869025,-615.803437309477
4.737,-76.4620254327484,-531.690254599427
4.7375,-97.3174539008864,-430.61306852549
4.738,-99.7341987949034,-320.588215803514
4.7385,-84.4884578333443,-203.216479651803
4.739,-61.9048303753622,-68.2303273756473
4.7395,-47.1281976710536,82.2881991781227
4.74,-50.56965045495,225.91203255816
4.7405,-68.0219562281116,351.887252452126
4.741,-85.7748802642894,482.176612926634
4.7415,-97.6047387897016,640.998551248
4.742,-108.799765537209,817.508039274679
4.7425,-120.602833749192,977.684527819141
4.743,-119.540596010315,1100.10151624753
4.7435,-86.8539683550008,1179.3672469524
4.744,-12.0180419443448,1206.09371087434
4.7445,104.607495356197,1168.46139169723
4.745,251.513243115404,1070.09609928907
4.7455,402.00534499197,927.571654823736
4.746,519.597240418944,755.127367631602
4.7465,577.958504800821,568.484855246228
4.747,575.404991103895,393.239181442052
4.7475,528.026476802885,244.987785069127
4.748,453.394761008736,107.370148783217
4.7485,363.675330379701,-43.0122852152892
4.749,269.320890264725,-192.208740116748
4.7495,184.001346944126,-298.409732844195
4.75,123.170419651162,-347.449831043051
4.7505,91.6053941274829,-368.330103105832
4.751,68.7104331724659,-387.546217633396
4.7515,17.9494320520573,-401.189895653678
4.752,-73.5863658439868,-404.745130260143
4.7525,-171.159173410864,-413.161551954732
4.753,-226.776410869599,-423.896098255975
4.7535,-233.777718762112,-390.840959505997
4.754,-223.65857973447,-275.399241813004
4.7545,-210.7989739186,-109.907007823324
4.755,-175.776319950651,27.4112726234316
4.7555,-116.765121639855,93.9571436676858
4.756,-80.4605569115052,103.256902388418
4.7565,-109.419046229214,70.9456966480258
4.757,-181.490603164173,-10.0212970828183
4.7575,-239.229086050193,-125.652829023491
4.758,-266.595673772468,-218.372883749684
4.7585,-294.137155190835,-243.741726569449
4.759,-329.170567210275,-225.746392559209
4.7595,-327.674609081287,-222.534933849696
4.76,-256.305217424445,-254.41992076952
4.7605,-149.107059182691,-301.192067126959
4.761,-71.1778459423549,-359.320437671322
4.7615,-41.1028130880929,-459.226647764156
4.762,-19.7152371393943,-620.648275934416
4.7625,26.6231517964723,-825.915455775713
4.763,79.3668335382937,-1046.77679040074
4.7635,97.1201700359241,-1262.01261819427
4.764,76.6902237924339,-1428.84953830663
4.7645,62.2875857631502,-1470.44507220226
4.765,85.738024845896,-1330.32970009012
4.7655,112.234361986873,-1033.47653782449
4.766,71.4712774094496,-670.790420961424
4.7665,-49.9263970959089,-329.140192713966
4.767,-172.747478708424,-51.6960305377237
4.7675,-208.430557892602,152.258345698914
4.768,-164.763587359546,294.620250390841
4.7685,-133.496415509048,406.566616458773
4.769,-173.020124196608,519.742087299669
4.7695,-243.069446576815,638.94143159691
4.77,-270.97238083482,747.712589527932
4.7705,-243.663596077592,839.22983076463
4.771,-200.366025879747,920.464937915031
4.7715,-160.469275601705,987.624186517435
4.772,-104.271801221199,1026.04349422511
4.7725,-19.8272308973581,1040.31874923431
4.773,73.4657199999395,1054.87535826312
4.7735,157.265262649055,1071.16741379149
4.774,238.172696921448,1051.46414527485
4.7745,324.804128139676,964.912205107298
4.775,404.586310484197,828.932669722944
4.7755,458.366982229789,685.524318820076
4.776,479.823436449259,556.720879082536
4.7765,467.4054467338,445.484084787008
4.777,415.865518125336,359.858540031138
4.7775,331.389767017975,305.033711070969
4.778,237.533209507797,261.892544321041
4.7785,148.278871862906,203.698183919396
4.779,52.7716757402427,130.997958542943
4.7795,-51.1586222343878,65.8043046741231
4.78,-127.054110389589,15.2988383522477
4.7805,-137.135297115538,-34.8410659745462
4.781,-100.331635953036,-95.4652675867495
4.7815,-72.8063063903588,-167.80192526756
4.782,-66.6353738342835,-258.562379501687
4.7825,-29.6465767122356,-371.962607005638
4.783,74.5599103546192,-484.994426729859
4.7835,202.864712680608,-560.384949977
4.784,281.385642263656,-592.650240680497
4.7845,293.782346343343,-616.584367409379
4.785,281.954676723437,-660.058453299234
4.7855,271.317351144454,-708.67525140253
4.786,240.205228437042,-724.220797159642
4.7865,168.793411458189,-676.742148426722
4.787,77.8510770363128,-553.072905394373
4.7875,-1.68058052313278,-362.39961201414
4.788,-70.675397963737,-149.566695634945
4.7885,-149.127325607734,20.0675936095772
4.789,-237.848719816778,109.542095778932
4.7895,-316.466530981853,132.090724853523
4.79,-371.183582382333,114.876126770567
4.7905,-404.29349676024,62.5346866721971
4.791,-420.383866440472,-26.9027210713126
4.7915,-420.010016498083,-130.816062677262
4.792,-404.900334194282,-210.975619081644
4.7925,-376.524392623958,-245.01607430595
4.793,-333.823097267556,-235.368464150064
4.7935,-285.091352102888,-201.57156053077
4.794,-254.28880479361,-177.567892055792
4.7945,-255.252163154929,-195.043487184713
4.795,-260.004262544985,-244.817173932348
4.7955,-212.643318025527,-270.129883353338
4.796,-82.8702985408526,-224.970986156637
4.7965,102.675751016597,-128.276352407739
4.797,282.936567409829,-35.3031683436585
4.7975,407.223932971115,31.3241436614317
4.798,462.061420150567,90.237934621816
4.7985,469.710983638968,151.313518501481
4.799,462.979907017213,197.42479122347
4.7995,453.139206686493,219.887327555042
4.8,426.818973194894,235.887492061001
4.8005,381.046852061934,260.161101534321
4.801,339.932965905635,292.06826686674
4.8015,308.760104576189,345.910781390062
4.802,232.041105498421,460.637096462118
4.8025,51.1298238012668,649.132563881269
4.803,-191.576985930989,854.709658508929
4.8035,-364.524336336048,988.536233130536
4.804,-393.33597899436,1008.17472664413
4.8045,-348.448441351082,939.883930875483
4.805,-344.877700633628,827.172810241114
4.8055,-394.45738473282,679.966031497397
4.806,-414.694288516842,481.581276434852
4.8065,-359.007000839772,230.242447618767
4.807,-268.775716927739,-41.4364010116632
4.8075,-196.812404017383,-288.027739623379
4.808,-145.564719649636,-483.769876474712
4.8085,-100.661430523904,-629.003400796015
4.809,-71.0539186516462,-729.902859613514
4.8095,-64.4973061776945,-783.578458806686
4.81,-62.6763429762979,-786.600731195634
4.8105,-53.5214942880488,-745.677958469957
4.811,-58.6006564144012,-668.186676260967
4.8115,-97.7194698590492,-550.646318068548
4.812,-152.565703319098,-392.764838188822
4.8125,-196.275103693773,-219.4557748965
4.813,-231.838170384267,-70.8292718320724
4.8135,-261.6844881804,32.1490362817091
4.814,-240.987958803597,96.697816376208
4.8145,-113.351499501011,129.656310726235
4.815,106.637625332573,115.965537800948
4.8155,330.10552819591,33.63254625359
4.816,483.854085691209,-120.646278851235
4.8165,571.292659310677,-325.447499993489
4.817,633.757379483926,-541.223182535272
4.8175,685.409379365361,-718.084989223566
4.818,709.762507515999,-815.184195331518
4.8185,699.379908565884,-828.112952730118
4.819,670.551993914725,-789.484630722834
4.8195,639.735275185814,-731.496521058203
4.82,598.287868675044,-656.113321630951
4.8205,510.687177090562,-552.647892832347
4.821,338.084636900295,-433.105615778628
4.8215,78.0404889336193,-330.164394857769
4.822,-209.650365949285,-260.278820072687
4.8225,-429.502114672994,-203.470277900192
4.823,-520.735898990219,-122.184257138527
4.8235,-503.836148857801,10.6104348108523
4.824,-452.539415816939,202.869551544367
4.8245,-422.59561446514,447.365347916226
4.825,-410.912106762414,721.65180034275
4.8255,-375.887969132663,987.964173476178
4.826,-286.956846187549,1204.60846238246
4.8265,-155.188774836707,1344.66242451691
4.827,-22.6833995331429,1406.47303720248
4.8275,75.6176286288441,1409.12879934071
4.828,139.319546810199,1379.43931097572
4.8285,189.718705165736,1338.11408480387
4.829,233.315843240725,1287.87341728296
4.8295,250.291204277919,1209.79856031959
4.83,223.689571986234,1079.15196281566
4.8305,166.685349103651,895.300811873944
4.831,107.858523205647,692.149120968435
4.8315,56.4921761459013,505.801335463256
4.832,-2.74758080613054,333.922041369424
4.8325,-83.2466868847377,146.169453663564
4.833,-180.116849707634,-61.3001264350659
4.8335,-282.23123582307,-246.561093981943
4.834,-384.629929091287,-372.956124182781
4.8345,-479.958027647855,-456.626056110515
4.835,-548.792568418722,-536.519794281512
4.8355,-572.585459148323,-613.338327643823
4.836,-554.788836837882,-653.512294468332
4.8365,-519.007691748367,-648.583675556814
4.837,-483.395433674846,-632.661961073349
4.8375,-441.37502032074,-634.995294708703
4.838,-369.336894500081,-650.792852857128
4.8385,-251.434785819062,-672.696012499896
4.839,-97.9298866177839,-717.20521863668
4.8395,57.7266029996916,-794.484570335312
4.84,181.962381431323,-873.798851144789
4.8405,267.568665613622,-905.869525547411
4.841,338.582028784224,-869.384872733089
4.8415,423.103161800436,-777.490529856362
4.842,518.118914141497,-651.050088033091
4.8425,586.673772637123,-505.896550455003
4.843,595.293609245332,-359.447898914732
4.8435,549.03130998802,-233.352474829329
4.844,479.176075788406,-151.606842277145
4.8445,397.691721879743,-137.955812195621
4.845,280.868053423056,-196.713569688425
4.8455,111.595700472813,-286.895734078615
4.846,-71.8576355634405,-338.552593900574
4.8465,-193.409148933391,-312.199850100735
4.847,-214.834546899409,-221.928974196681
4.8475,-178.052603778459,-85.4264085005703
4.848,-155.678982302363,113.955916729556
4.8485,-168.496697005732,379.879162895719
4.849,-173.221047007957,646.092119332752
4.8495,-130.831343625656,818.901623699634
4.85,-61.1064291306428,870.799964669363
4.8505,-16.0164360822632,848.061040324745
4.851,-17.3411981536358,789.715349011165
4.8515,-40.0695097511603,687.812037586379
4.852,-46.587597117797,531.565647729164
4.8525,-15.5884708931436,336.742637053409
4.853,56.4445381423054,111.905853595619
4.8535,155.226498791309,-154.845885909537
4.854,244.410418374108,-443.374958537233
4.8545,283.731216172803,-676.189591317798
4.855,263.972911378806,-787.09158732487
4.8555,211.346396630173,-789.496647284514
4.856,151.424114056806,-737.490466532333
4.8565,87.7453407334563,-642.645916184273
4.857,26.4793698119558,-477.542808275669
4.8575,-3.45114061288332,-249.421130034152
4.858,15.9392579582486,-14.9254958823216
4.8585,48.7174926102711,187.207158292091
4.859,28.8886662351833,371.233393106307
4.8595,-67.0535211515858,552.556015549175
4.86,-193.608170588126,701.78981600495
4.8605,-286.872234572012,785.246532778059
4.861,-317.675538956732,825.983243216484
4.8615,-285.31143557982,881.58300003158
4.862,-189.403206114723,964.504281508672
4.8625,-40.9523556724214,1020.98197516316
4.863,108.753412918082,997.984922340541
4.8635,188.49967813083,901.59299188154
4.864,172.598913714051,771.232731194432
4.8645,108.017132359038,620.152336900023
4.865,60.0553477614516,432.730336641629
4.8655,41.9049751741798,214.498501828982
4.866,14.5515142169331,12.1837737919774
4.8665,-52.7512090733372,-128.124600711386
4.867,-146.56034282499,-203.763208425969
4.8675,-234.94190445328,-243.860878278337
4.868,-301.896687928147,-271.125679393547
4.8685,-341.387255438409,-292.891316788076
4.869,-339.319916656202,-319.519099646285
4.8695,-287.480422851268,-368.159452368265
4.87,-204.805490262713,-443.788404922345
4.8705,-117.421787969714,-527.861895914423
4.871,-22.1710957596414,-588.200080366493
4.8715,99.8658801801276,-594.758335947569
4.872,231.823226470474,-532.353635746584
4.8725,317.014258362329,-412.503396636294
4.873,320.146984290282,-273.361360085249
4.8735,264.351383721817,-156.515065483224
4.874,190.359558283035,-80.6647180477957
4.8745,108.007537920642,-40.9074974918369
4.875,14.0777904794284,-24.7689751253529
4.8755,-67.8849337255437,-17.4403000123891
4.876,-103.121673212063,-2.47914494805078
4.8765,-89.5682409349355,20.2876869779849
4.877,-52.3319103638345,20.6328611104045
4.8775,-1.50997994250757,-33.7484225685848
4.878,70.5592059710456,-129.920247772407
4.8785,153.391408308686,-211.140084951667
4.879,216.186960216218,-232.145365659581
4.8795,247.468880351497,-195.78432932589
4.88,266.728380357933,-131.914166898836
4.8805,289.454393326606,-64.3681111688751
4.881,307.733985828075,-9.04965640907142
4.8815,311.181561129264,20.0527384417828
4.882,296.713110085071,22.5448150321571
4.8825,247.768985113493,14.4360197271124
4.883,136.197118912557,3.91256505741741
4.8835,-35.6544014827215,-20.4104134530919
4.884,-217.63783809262,-61.8372882545151
4.8845,-354.170089290117,-94.577700651807
4.885,-425.758272795027,-93.2226240772686
4.8855,-438.851441318983,-71.9161800643673
4.886,-403.613114651658,-72.2783534099231
4.8865,-341.918620312915,-120.569081867339
4.887,-290.19915141304,-215.913371599594
4.8875,-265.67527117581,-348.362317807177
4.888,-247.074239509524,-500.468438086222
4.8885,-213.769559448595,-635.067266479224
4.889,-185.466639486,-710.052150118206
4.8895,-194.216895924188,-710.180092497323
4.89,-233.518109468263,-645.786828790508
4.8905,-268.949067585313,-523.317260262168
4.891,-288.417363070199,-344.491277456172
4.8915,-305.128875989587,-137.844680368766
4.892,-315.036192792373,41.1344175461928
4.8925,-290.7135724777,160.807803514125
4.893,-224.036614271568,246.754909257361
4.8935,-140.142211078485,346.642356111679
4.894,-56.0480079767945,472.597709887993
4.8945,43.9640642072465,592.456096612543
4.895,172.119601605976,668.356931115033
4.8955,300.604449340885,689.544513606434
4.896,387.665069219209,673.813577662488
4.8965,428.853837021426,651.103135826439
4.897,457.720026524781,643.605983430138
4.8975,498.075576174362,650.946917398844
4.898,537.227034309693,654.314919861196
4.8985,552.175643789458,640.183350074247
4.899,544.89101172743,616.763997199192
4.8995,535.332661708502,602.358802079955
4.9,523.535883624502,602.724648523784
4.9005,477.265199403641,605.708355466694
4.901,369.626762011159,592.223964922332
4.9015,221.498033731469,545.79170787172
4.902,90.4825508725688,458.828606822669
4.9025,16.2548706232295,340.85533036119
4.903,-9.68750976242092,217.128822321239
4.9035,-18.3152138004234,108.423926225703
4.904,-26.356649786268,13.4546868572941
4.9045,-35.4707134042278,-80.226418227729
4.905,-49.5195897056587,-172.374862619536
4.9055,-72.6313977303291,-250.844340079637
4.906,-98.5976582548844,-315.612632704165
4.9065,-120.535173628722,-385.817057609303
4.907,-145.698979688479,-476.591150056598
4.9075,-183.110760187632,-581.283776877743
4.908,-220.530193607928,-683.446797190546
4.9085,-233.024646480166,-772.311762460611
4.909,-215.136584244605,-834.006274548661
4.9095,-187.583787098769,-841.451163489769
4.91,-169.260527912639,-777.179696904336
4.9105,-157.915365111838,-666.579597412691
4.911,-143.85596477302,-565.845088127656
4.9115,-130.181866138091,-503.896600047476
4.912,-130.699284521563,-446.466742318382
4.9125,-151.635250469819,-330.215766072833
4.913,-178.587359142942,-129.907998343824
4.9135,-181.455126501102,114.919973091695
4.914,-138.170224898689,336.598372740267
4.9145,-59.1550535939756,495.208041644708
4.915,18.2719619511184,598.34196027513
4.9155,66.3348959003385,671.537265688221
4.916,88.3735702824677,715.739880249827
4.9165,96.3848346474381,700.402337197246
4.917,83.8428834685918,599.056053349457
4.9175,41.1355575373213,420.1108203142
4.918,-13.719631522858,193.192397991717
4.9185,-48.0770842164272,-61.0794640791062
4.919,-58.5264824344498,-325.535669554351
4.9195,-77.6565559598833,-559.800262064757
4.92,-132.702638424289,-715.509617080687
4.9205,-216.742662182367,-788.673279005975
4.921,-303.180390014069,-825.490886053849
4.9215,-367.341219890154,-857.933962264321
4.922,-390.135249925968,-862.545717052915
4.9225,-366.299038140001,-806.63839333382
4.923,-321.938181425897,-703.582930087679
4.9235,-302.534474880561,-583.980127716257
4.924,-324.851935660691,-435.343789536622
4.9245,-352.963517583166,-218.778857865458
4.925,-338.268849195863,63.1660632763398
4.9255,-274.640549522801,361.237363833805
4.926,-198.806170661529,636.906047618313
4.9265,-141.875556039008,876.098423760096
4.927,-95.7230767759429,1047.28899612701
4.9275,-27.3548503650344,1105.83292098722
4.928,84.7671461985222,1056.77043953836
4.9285,232.278813516434,958.400477995395
4.929,387.908127275862,838.263080109791
4.9295,527.665812559726,658.764808725783
4.93,640.116294139973,400.12995388007
4.9305,719.375207038356,123.885963650423
4.931,760.549361936954,-95.7253975176848
4.9315,767.012570466678,-259.359841720589
4.932,753.327405551922,-402.72018989318
4.9325,733.689416533486,-505.369420723364
4.933,713.900904221158,-511.676228348972
4.9335,696.602604707252,-424.767075381758
4.934,676.917697881966,-302.490094733474
4.9345,623.577995343112,-158.987997640891
4.935,489.60683023187,52.5783797779402
4.9355,269.320349848567,337.677048464246
4.936,31.3077545306314,610.021947228139
4.9365,-134.205263435789,785.078148128096
4.937,-193.615835010068,875.560550738887
4.9375,-173.771685125188,946.852082872441
4.938,-109.910602702315,1009.51479517434
4.9385,-33.3872754121432,1005.79405465647
4.939,2.6953550419788,888.651279063069
4.9395,-51.2725797659978,668.999549802827
4.94,-174.031924812101,383.856670529397
4.9405,-281.268993071945,53.9710159968452
4.941,-325.46114271893,-313.211676137001
4.9415,-347.628144456266,-697.780397894266
4.942,-405.816560212706,-1061.22587761073
4.9425,-495.125097085016,-1365.47047923679
4.943,-572.40675078952,-1592.97652953205
4.9435,-621.303038352709,-1744.97442104887
4.944,-649.434761777322,-1820.5810187071
4.9445,-650.744461443454,-1806.97677758472
4.945,-619.322476359683,-1697.86730629758
4.9455,-582.304887336,-1510.02058982356
4.946,-570.142509125318,-1264.15121984295
4.9465,-562.386437608404,-958.454713534067
4.947,-508.450437008118,-586.725564523949
4.9475,-401.236761020068,-180.351830004997
4.948,-289.431837983132,198.2420042652
4.9485,-212.714382511254,511.440023102581
4.949,-159.599433063308,768.516969276368
4.9495,-94.6987989313655,983.005862098625
4.95,4.0113600309673,1140.08124558772
4.9505,141.406786910365,1227.38181680986
4.951,307.40028570779,1271.42487537275
4.9515,469.82030034141,1312.21011275074
4.952,586.795982951352,1353.4968334987
4.9525,638.814214445469,1364.70128708804
4.953,638.098344393659,1324.63330846604
4.9535,607.380406772813,1237.38433249245
4.954,565.858395343645,1105.84608364295
4.9545,531.203078303722,914.170354804334
4.955,509.788764312135,647.51701041871
4.9555,481.038408801867,319.886979149374
4.956,412.280274006283,-25.1057767448572
4.9565,293.366949354742,-339.912808620737
4.957,140.967746682749,-598.48070376841
4.9575,-26.6927358710135,-796.42014460802
4.958,-194.01094209176,-928.650751304818
4.9585,-327.466886966685,-979.668734554305
4.959,-382.522275504027,-948.673149246153
4.9595,-345.626884749002,-873.006330884861
4.96,-252.177703451831,-800.570291425551
4.9605,-152.875110383284,-737.841995585977
4.961,-74.4570987071161,-649.834052099574
4.9615,-15.396618557701,-514.237919238362
4.962,38.259718717888,-345.64468906996
4.9625,99.1736847968401,-157.667152168231
4.963,165.70986933405,61.9739803573493
4.9635,216.759713984603,312.706772795754
4.964,229.605103080632,543.107465576695
4.9645,201.907713750259,681.6798153265
4.965,145.201257161015,693.419675188032
4.9655,65.8708258388513,589.348832055976
4.966,-27.7197360333773,404.193203458916
4.9665,-109.534786962379,189.635874775222
4.967,-156.707974477343,3.45599050700223
4.9675,-182.342738617472,-132.057382393929
4.968,-215.656544819636,-246.241252615676
4.9685,-249.441530869206,-361.848018832146
4.969,-243.555277498341,-440.29153815828
4.9695,-188.975910281461,-428.501772138463
4.97,-132.655985766262,-346.381322447031
4.9705,-121.660912647499,-273.894392545444
4.971,-150.747286516648,-250.55502769581
4.9715,-182.689028551219,-241.579663056999
4.972,-195.010774506029,-214.809027837477
4.9725,-186.957262812046,-195.005151289233
4.973,-161.503741544395,-211.449669121335
4.9735,-121.893250059294,-235.001562420878
4.974,-73.1184715701488,-207.358288238573
4.9745,-12.3968838032441,-107.277196578353
4.975,69.8045081051746,47.6191440216289
4.9755,170.597888069238,243.374525071445
4.976,271.302961764221,473.926314529982
4.9765,359.041395780521,711.174313637178
4.977,434.105320455411,906.959637615443
4.9775,492.231084549849,1029.25530662031
4.978,521.154946859497,1076.39338269479
4.9785,517.52191831097,1057.8416582353
4.979,481.817270708501,981.118627275089
4.9795,396.856851719419,856.514111860486
4.98,248.206279947028,696.852929970026
4.9805,72.386627235069,512.787921625198
4.981,-60.2529844364049,320.249527256564
4.9815,-130.785581173394,143.136466149196
4.982,-197.895960844285,-11.9840967047603
4.9825,-311.839321123621,-176.878826405058
4.983,-442.101656467785,-390.700895369097
4.9835,-525.405571101176,-646.869428431382
4.984,-549.71868434784,-896.003745216903
4.9845,-547.823552231155,-1105.59759379402
4.985,-535.063599013504,-1287.55093335793
4.9855,-501.198110690241,-1452.30451010216
4.986,-449.042278811351,-1563.45101013858
4.9865,-397.047701492714,-1566.68059943492
4.987,-348.950592728071,-1452.38672319241
4.9875,-294.289302674698,-1262.2331067496
4.988,-232.779940464958,-1036.56930720332
4.9885,-171.871030390352,-781.6768914788
4.989,-112.019509240046,-494.308293223532
4.9895,-58.6725951733836,-193.208517094539
4.99,-29.3785173649236,92.8715053325705
4.9905,-19.8074694440144,357.50670339671
4.991,14.120636162578,616.51216010387
4.9915,102.721652743565,872.768046230305
4.992,210.625955727188,1092.10084297563
4.9925,278.745775162251,1220.87684681717
4.993,301.288741518471,1227.75602852463
4.9935,318.84172052303,1130.00449233032
4.994,351.608157547621,981.239752836658
4.9945,388.409422000549,830.768978023458
4.995,432.145430313015,690.842541097821
4.9955,504.783915335227,542.884209462904
4.996,605.432504559437,371.905181633026
4.9965,702.113590836995,184.925445280799
4.997,760.599398096913,-4.88586899540234
4.9975,748.590440632848,-193.386119880562
4.998,635.520124781122,-369.744229769417
4.9985,443.016241627906,-500.402734478248
4.999,275.038912984738,-554.690385146959
4.9995,224.047052010096,-542.752492720244
5,247.652545912035,-500.326634012268
5.0005,210.813422853123,-432.894219120805
5.001,57.5921201055656,-306.852814523768
5.0015,-133.762593165272,-111.439434435359
5.002,-278.648222513227,100.009387257489
5.0025,-381.147427840716,258.540005990252
5.003,-466.778390369278,352.55761575013
5.0035,-508.171528116163,424.737037614758
5.004,-482.369163700147,508.211277059271
5.0045,-438.392921353084,596.148057447885
5.005,-433.956722260436,668.8611212963
5.0055,-446.082200230815,718.579806464165
5.006,-414.757415994777,743.286804305098
5.0065,-346.019472645395,742.266102787944
5.007,-303.197236291768,723.017643504997
5.0075,-314.604461444878,688.555796022432
5.008,-355.239179958704,613.104257812022
5.0085,-407.949616996292,458.269664606646
5.009,-474.876105940089,226.505716056126
5.0095,-525.177405904817,-23.6747664031947
5.01,-494.70499789133,-231.148303803323
5.0105,-359.899058146142,-385.606675239927
5.011,-172.577931551684,-518.878633487631
5.0115,-3.47421755599902,-663.324403911313
5.012,120.473433682802,-830.232325371939
5.0125,212.372713859766,-1006.25882466408
5.013,288.384725601062,-1153.2841534831
5.0135,351.110261132273,-1232.06652348606
5.014,394.401349169922,-1246.2850960711
5.0145,414.536491806804,-1243.4634207717
5.015,421.60572070322,-1248.56550174108
5.0155,432.306693098154,-1216.74700617217
5.016,438.159187463012,-1083.50951904632
5.0165,394.665745042336,-846.817075035776
5.017,267.896938956178,-562.145794515522
5.0175,86.3535941110262,-264.808859787521
5.018,-78.738137208957,57.0458148995856
5.0185,-182.553867318275,404.685342166136
5.019,-233.51766254821,727.91860727644
5.0195,-255.609464214082,966.941532453115
5.02,-252.61262734306,1108.42698900313
5.0205,-216.388147942368,1175.04763895493
5.021,-150.343402325901,1178.305108861
5.0215,-75.0486541358987,1109.45705200542
5.022,-17.1637581871818,969.456889283574
5.0225,10.4450400535052,783.123202469552
5.023,26.0042695583117,580.18005170882
5.0235,65.8785116416375,374.599146174623
5.024,140.170284841409,165.56334827567
5.0245,212.805962130311,-45.5065171328132
5.025,243.146637718651,-238.232038310049
5.0255,234.702379879878,-375.75922068603
5.026,222.029164651731,-434.122948314891
5.0265,223.278392269268,-429.310686251288
5.027,231.128602220394,-400.181967666313
5.0275,237.240273889107,-362.212329855567
5.028,234.278985828638,-298.904506980463
5.0285,203.23149777624,-206.472489999987
5.029,134.380685216802,-119.391176478903
5.0295,57.2640337686911,-69.1826314915861
5.03,12.9730177598223,-38.3683279771732
5.0305,-4.10022308901959,15.6466065072686
5.031,-37.6340175334311,103.024333839165
5.0315,-95.0555468110587,196.136764556261
5.032,-123.589004840579,270.041083953759
5.0325,-82.3133068919462,313.868746857145
5.033,-5.56076855670063,308.823364547809
5.0335,35.6876616468757,237.296985162406
5.034,16.7525883837064,119.99511297221
5.0345,-26.7592287535953,3.1625322705146
5.035,-59.7549684324383,-104.974649055028
5.0355,-91.6960311535606,-244.682448794033
5.036,-150.812688730004,-430.15450252136
5.0365,-233.187542091117,-605.62949223278
5.037,-298.497420500025,-709.908089974424
5.0375,-319.556476238639,-746.71406401612
5.038,-319.725960246184,-741.899798531009
5.0385,-342.837553071073,-660.328771493335
5.039,-391.534991056744,-435.311673283625
5.0395,-421.181200390123,-82.2739994832487
5.04,-400.201826539805,281.618316495434
5.0405,-347.197489598507,553.572346794598
5.041,-292.262623063717,730.662886216957
5.0415,-231.958138072217,853.19051327024
5.042,-151.301817214211,916.239423556145
5.0425,-65.4982850145968,890.655866291856
5.043,-1.82629005554734,802.641067706507
5.0435,45.9318283646147,729.14682828418
5.044,107.254941411374,709.981586286298
5.0445,187.37713574388,708.74569586288
5.045,265.052031050729,671.628139392531
5.0455,329.839999389012,587.940036971301
5.046,386.057305641341,473.051358507506
5.0465,428.084955135656,320.103985154209
5.047,450.504850427246,100.968734160361
5.0475,474.182640441449,-187.61279060699
5.048,517.385462529761,-497.900591669015
5.0485,546.25387778326,-756.758881717677
5.049,505.21651484169,-913.941285297785
5.0495,398.932722719503,-967.63228377616
5.05,290.759911163383,-948.830325236965
5.0505,211.571291232262,-883.824687968477
5.051,126.550558160557,-772.439038628533
5.0515,10.3547287296451,-600.988193647112
5.052,-100.700983134414,-371.565116061475
5.0525,-160.766258667875,-116.85748761495
5.053,-173.297817875722,110.477142604411
5.0535,-169.568984285355,265.988166715984
5.054,-170.558154957016,342.529346440267
5.0545,-196.196455660332,371.312757081044
5.055,-265.990076847729,376.768284018529
5.0555,-358.051962028019,327.695470107691
5.056,-412.863069836621,163.07268216131
5.0565,-414.167466174566,-112.11974096899
5.057,-420.591734125645,-383.933692586612
5.0575,-475.232378377781,-522.165005808153
5.058,-531.004745034755,-508.807717102695
5.0585,-518.55932784849,-438.550928027412
5.059,-445.920032769757,-396.958258368638
5.0595,-367.524329848821,-382.413026182201
5.06,-287.44701567808,-355.024448803447
5.0605,-165.300560502894,-310.92414751437
5.061,-1.00661138528594,-274.296755143157
5.0615,158.138110909332,-246.707135970573
5.062,292.451623095994,-202.669624586596
5.0625,428.555213192807,-122.874575677287
5.063,578.763508789488,-3.40324084363107
5.0635,716.743796899542,156.973923978012
5.064,820.169815778918,350.630352732719
5.0645,889.653440207235,547.693365422737
5.065,920.707141551805,712.705308407352
5.0655,901.742247684033,831.689305976303
5.066,840.358431198915,903.753333912692
5.0665,744.9033354118,912.754720553796
5.067,584.520439965505,831.945720222879
5.0675,327.234002929362,658.956130250368
5.068,22.8415850418025,429.600641905986
5.0685,-218.704446098105,196.164642887551
5.069,-354.17181262411,2.4512235627644
5.0695,-453.430696759847,-129.443844579539
5.07,-588.644520021128,-209.54529120117
5.0705,-730.963617450631,-276.336974423666
5.071,-799.28476592149,-364.41017829932
5.0715,-771.055791793177,-474.02362031811
5.072,-697.83325259661,-582.107303051485
5.0725,-634.309777228952,-671.21837571892
5.073,-592.432435684185,-725.866255922176
5.0735,-553.452707406095,-712.151459642169
5.074,-495.201545961413,-597.996189577384
5.0745,-413.624439597409,-400.491441844699
5.075,-331.829838282504,-183.318890147312
5.0755,-275.16212558437,5.97075997532448
5.076,-232.322650510469,174.201712765097
5.0765,-167.16724794539,348.356819400954
5.077,-75.2343525020794,528.190621557397
5.0775,8.78381212810981,688.705737335785
5.078,73.5285987548615,806.448368327346
5.0785,154.874993377185,861.148029064212
5.079,268.188769190255,830.300237649254
5.0795,360.682772487034,712.452146705451
5.08,375.594649874374,550.294267979035
5.0805,332.564774198212,403.664735909413
5.081,295.865031251651,296.507768718827
5.0815,284.416667230733,208.267913171807
5.082,264.028366548039,115.531869643901
5.0825,217.28023101651,16.3985919028007
5.083,169.823429497242,-93.0373903226817
5.0835,145.389657378027,-235.038738102709
5.084,136.510318768822,-412.95445458679
5.0845,126.693977350237,-570.259371540148
5.085,108.968003241566,-625.84016194691
5.0855,76.6543432483068,-563.062866688516
5.086,24.6646321787661,-455.433044168726
5.0865,-32.7573818905229,-379.550014590103
5.087,-67.3790060408517,-323.153614541208
5.0875,-63.2708243029031,-215.988559022959
5.088,-20.7018520015998,-44.5367530230611
5.0885,58.4732229370348,110.291366546539
5.089,161.622692452067,165.486947937551
5.0895,246.052666069842,127.217796959506
5.09,264.217987611976,62.4620255771182
5.0905,217.248292573886,11.7773133310907
5.091,156.995603897847,-30.6315049478954
5.0915,125.555590790633,-72.1325603411055
5.092,115.723309409839,-106.937620975125
5.0925,99.5629004862984,-143.771249741508
5.093,70.3564006595561,-202.970733895014
5.0935,39.0282589535767,-275.668088170445
5.094,5.81402988048889,-320.335013986617
5.0945,-45.0860324557591,-311.905049325065
5.095,-126.089857087996,-266.673986988909
5.0955,-228.832899030878,-211.334484111273
5.096,-321.831056323813,-159.388943353715
5.0965,-365.606205325758,-128.178845921607
5.097,-341.901136170201,-141.654881355199
5.0975,-272.180471570587,-193.873687379444
5.098,-198.458653210203,-240.785019330714
5.0985,-143.417041412183,-256.18788726805
5.099,-97.1616670938318,-272.356413803126
5.0995,-41.6382478177465,-335.623970001109
5.1,24.7086967969066,-438.584117205631
5.1005,88.8052318781676,-524.858961526575
5.101,138.410416972958,-548.444852810912
5.1015,172.230776247782,-501.399396946573
5.102,201.342699330177,-394.153356420741
5.1025,239.607838637185,-239.262590791982
5.103,284.429388203579,-53.845250431362
5.1035,308.908320091059,144.394081970594
5.104,282.190387867094,343.925325891795
5.1045,196.876570105016,528.097630137629
5.105,72.3463658692243,666.548610200076
5.1055,-59.0057605602241,740.86934979975
5.106,-158.531497239599,776.412855589423
5.1065,-188.745288200107,826.973332971017
5.107,-137.986199640271,923.314173982324
5.1075,-37.9376236255158,1046.70883481681
5.108,58.7662920827356,1148.83204086642
5.1085,117.714295211041,1185.98591479583
5.109,131.310943486426,1142.32740173802
5.1095,103.05199347155,1036.87907254124
5.11,45.655606229172,903.168100420608
5.1105,-15.1816240573661,747.73881677407
5.111,-63.2336578534194,538.834888704488
5.1115,-114.112507320292,257.838712292994
5.112,-187.866320596198,-45.5708054466706
5.1125,-264.420361947437,-280.51779748759
5.113,-301.588952359326,-407.51089098776
5.1135,-299.040444036582,-484.864164306656
5.114,-304.041078010471,-606.2200427467
5.1145,-341.140558758046,-792.593470823113
5.115,-375.532057555865,-951.245111512372
5.1155,-368.059777669401,-946.629190539263
5.116,-329.883389526915,-722.856734308311
5.1165,-290.293850809613,-362.63934740707
5.117,-239.999330479663,-21.0779798166458
5.1175,-148.839345204034,196.148882997492
5.118,-25.358722646931,278.066917291127
5.1185,83.5875072050172,250.653376662723
5.119,150.496592411684,126.513166554623
5.1195,187.93594862134,-67.2565928826883
5.12,208.747025013373,-262.107364997341
5.1205,202.095875173607,-401.01512221481
5.121,164.340793259095,-494.082697460688
5.1215,125.982631087595,-571.306669909924
5.122,124.054114537247,-601.985496274322
5.1225,159.185028927554,-526.779737305056
5.123,198.554977753068,-367.073873775883
5.1235,216.22775305722,-231.940277314097
5.124,215.869027990163,-195.250347164871
5.1245,214.636812173752,-223.440440897401
5.125,216.476816676877,-252.152347121653
5.1255,205.903567315343,-276.779765959022
5.126,165.641142294396,-322.003373672282
5.1265,100.627259046252,-367.531070693476
5.127,44.9723080559095,-366.15661600539
5.1275,38.0948159672548,-318.069998541889
5.128,85.5100420595567,-271.56589658708
5.1285,146.083897517803,-249.73364369299
5.129,169.134808638738,-218.789833471227
5.1295,146.068303462957,-135.405245535313
5.13,114.00023628075,6.78621958122874
5.1305,103.329831555386,184.879567565674
5.131,96.9738557548856,372.846912778846
5.1315,57.5001652189811,548.231418239025
5.132,-16.543485510658,692.042540716111
5.1325,-88.0644400764383,795.081101394989
5.133,-136.014429348442,856.215230432007
5.1335,-182.075469018173,869.661531590486
5.134,-246.690993294632,822.706546052182
5.1345,-303.892244922828,710.512694210956
5.135,-309.187373547334,547.863082939137
5.1355,-261.489241073344,363.187849754597
5.136,-206.93748342074,180.682464771454
5.1365,-180.604251005597,4.16401456291587
5.137,-169.608938512477,-181.645825058046
5.1375,-139.946080454206,-385.016021905643
5.138,-79.6149572544782,-580.836552291435
5.1385,-6.08210477446929,-722.629561585877
5.139,55.2689118577029,-782.582704761235
5.1395,92.6064449429743,-761.417880766701
5.14,116.950100702007,-657.061764016274
5.1405,152.225605833002,-459.265284859069
5.141,205.775039398257,-199.081389091494
5.1415,250.885285985633,31.3315653829679
5.142,254.41640011006,157.443384544261
5.1425,220.398617428364,209.641819280795
5.143,185.323720474857,280.177364454592
5.1435,167.89423148633,388.822736892625
5.144,149.227005045792,446.865165802698
5.1445,114.055097940852,382.44794752661
5.145,85.6567226226068,255.281928739117
5.1455,95.65717347207,196.490241947926
5.146,131.678897115662,254.539669032046
5.1465,140.161843686921,353.398823730394
5.147,82.4842888616064,402.852401019491
5.1475,-25.1169064998119,398.208180740536
5.148,-128.589120779794,389.810592232972
5.1485,-185.840477606354,397.05577336263
5.149,-201.443867172757,394.140570832934
5.1495,-216.91390689572,358.981515139314
5.15,-264.182922312126,287.062984364037
5.1505,-328.423297109399,158.434685282905
5.151,-364.824782947092,-56.5401815969815
5.1515,-351.973934711408,-333.915973427705
5.152,-314.149230058886,-578.140024025109
5.1525,-285.740893935932,-708.934073410466
5.153,-270.527293410714,-748.13761212193
5.1535,-248.561530415111,-778.167200390735
5.154,-209.714654925415,-822.601184809334
5.1545,-162.97879695705,-815.920451405295
5.155,-118.660906638859,-699.324470575235
5.1555,-76.9285861250652,-498.83363346831
5.156,-32.1140638921973,-283.499711727071
5.1565,23.4542256970655,-86.4851918296862
5.157,98.1441856392211,92.5325906239585
5.1575,191.689951242366,234.031211691835
5.158,284.9457497568,302.144150909682
5.1585,346.737314498152,302.919505333907
5.159,356.12749959822,294.410233247394
5.1595,319.696344075157,319.81443477177
5.16,269.155703531469,357.728690252288
5.1605,239.543536760434,360.758024526784
5.161,241.964908713555,327.067462736147
5.1615,256.318824857283,307.379128853831
5.162,256.847465814219,340.655013614245
5.1625,242.440355744984,402.845114509095
5.163,230.161142820802,432.746417509573
5.1635,220.224599824059,402.831720980485
5.164,185.82747052646,348.544621339228
5.1645,106.173180790583,321.563961058589
5.165,-3.24219654273196,328.930105923334
5.1655,-102.436036220565,334.923547679477
5.166,-161.006097914448,311.498785988628
5.1665,-177.840753110483,257.802868831053
5.167,-180.289669316632,171.144141076925
5.1675,-206.853979490936,37.9769830481304
5.168,-272.683143515618,-127.610587552556
5.1685,-345.385727271395,-272.385401649439
5.169,-374.880218828241,-366.20700001402
5.1695,-356.401426482603,-451.703757901538
5.17,-339.337225539394,-586.7018638881
5.1705,-356.582629305862,-745.690918530262
5.171,-371.124169263841,-827.226252209501
5.1715,-321.891488000062,-770.24272484489
5.172,-205.035316129875,-625.321881110856
5.1725,-74.9091570064835,-492.123824592652
5.173,27.7362972961062,-414.143200624018
5.1735,111.910019562771,-357.523002504159
5.174,198.673585550346,-276.237517355361
5.1745,282.643112007638,-175.742194591083
5.175,346.510375205261,-115.486894251979
5.1755,390.544770834662,-154.86978544639
5.176,427.668494485281,-287.276075030643
5.1765,457.425747055703,-424.600674240192
5.177,456.992340441775,-461.318453528959
5.1775,397.053248942667,-359.264118800657
5.178,268.735770356972,-160.568259462931
5.1785,105.210719237158,71.5755679060311
5.179,-26.3448081674312,293.187176654621
5.1795,-73.9590768412597,463.469296459136
5.18,-51.0254705680521,539.277447722058
5.1805,-25.2952088397413,517.122802140647
5.181,-49.6801718403732,451.413349702699
5.1815,-113.792564174352,396.723331604365
5.182,-170.331705750752,350.335492210654
5.1825,-194.576247441005,283.073554815828
5.183,-200.604372385547,207.996465353515
5.1835,-204.746304362481,177.943132453602
5.184,-195.668780609173,220.239871924575
5.1845,-152.312230252009,309.054487244634
5.185,-80.556072960244,400.516450601704
5.1855,-14.3425355447818,462.397151414825
5.186,22.0457114914795,471.553268631533
5.1865,38.0296177253408,420.963219763933
5.187,53.6997714333943,336.99206488055
5.1875,66.3486826531069,255.636017454394
5.188,59.9245224215869,173.807219048668
5.1885,43.1649820673997,61.908578409555
5.189,53.1146735952368,-62.5087537818895
5.1895,111.837580752297,-119.516501675477
5.19,196.858322678766,-58.5583295066407
5.1905,263.895088885466,68.5582289697471
5.191,283.764742158884,169.228400256245
5.1915,249.406061263201,223.919615247603
5.192,168.164375137962,291.689151850787
5.1925,65.2603628389847,409.127328257867
5.193,-20.5056140893574,530.900823966737
5.1935,-65.5904472229206,579.86583664113
5.194,-79.3958592073992,520.659608949685
5.1945,-81.5913430692532,372.23478078391
5.195,-78.05454920624,180.097163718381
5.1955,-77.0015075744854,-6.06836447579246
5.196,-107.918255419814,-153.895785283899
5.1965,-190.738297421233,-272.349126324812
5.197,-293.352563225393,-402.920601085453
5.1975,-354.531128211196,-571.036416710168
5.198,-353.832781199242,-753.39228771871
5.1985,-331.440465925833,-897.724523071243
5.199,-331.359263347889,-959.396954639661
5.1995,-349.558810182412,-918.869338986402
5.2,-350.601313762395,-796.658580252867
5.2005,-316.694326748113,-666.342842213778
5.201,-263.584464944537,-612.876598872205
5.2015,-214.948783171602,-637.36658047395
5.202,-173.282631176082,-626.042886873905
5.2025,-119.092501060476,-464.378072250317
5.203,-39.6268152167234,-181.189215929445
5.2035,45.0016529650955,64.5380650297811
5.204,98.5156618493717,149.988296268922
5.2045,117.475710993647,104.938428475388
5.205,143.780755533909,47.3099029786583
5.2055,210.060446017769,38.7622488433429
5.206,290.265207707779,38.338639127981
5.2065,331.368966564034,-12.1366374117091
5.207,321.99936042793,-89.8776108686477
5.2075,298.666535128836,-96.2818024674821
5.208,292.059846458347,37.2212660360651
5.2085,302.955967810983,255.035266650037
5.209,329.7089681193,408.768675939408
5.2095,379.985865395805,398.526236049028
5.21,444.564294260605,270.385308887829
5.2105,490.788237220776,154.612730723417
5.211,494.293532823243,125.329848955897
5.2115,453.321784099684,154.074504816829
5.212,368.690446894814,184.878332648338
5.2125,243.888695131087,200.855444190296
5.213,113.736375792326,210.440358182999
5.2135,32.2588354204331,220.21943955177
5.214,8.24654510385611,241.066938429448
5.2145,-16.4320499144851,276.69755416417
5.215,-97.9884348743973,286.750804280177
5.2155,-223.100708745228,212.120313169645
5.216,-332.341317209285,67.1073898112783
5.2165,-387.692609735329,-46.598499210901
5.217,-393.467293987703,-62.455038905323
5.2175,-374.104391541437,-37.1804379865854
5.218,-359.530024720553,-59.4255245412883
5.2185,-373.497432730362,-112.692787755026
5.219,-407.155905403281,-102.509553191978
5.2195,-418.141972567061,4.39300941475824
5.22,-381.135838799041,147.277165903885
5.2205,-323.269748949207,270.587033208397
5.221,-283.471967114284,376.666734790509
5.2215,-256.557570386392,468.719387003058
5.222,-212.158818303406,513.496629432986
5.2225,-153.596872078803,488.055606146742
5.223,-115.590484370906,411.918158067248
5.2235,-106.275253521452,310.60138018091
5.224,-91.49251036161,191.716520156215
5.2245,-44.2097265462476,71.886069751042
5.225,21.3224250357424,-21.1502444154195
5.2255,74.5055500571951,-89.7261330687679
5.226,104.674527392834,-162.877584950367
5.2265,125.349492879471,-240.90865065699
5.227,159.991482820482,-297.592598167213
5.2275,224.342310190331,-346.368518909639
5.228,303.453935935191,-431.826803091556
5.2285,349.300426813485,-530.780387418717
5.229,326.91100274402,-543.965660351976
5.2295,262.321792364642,-435.175215315675
5.23,215.247877789688,-302.565560533835
5.2305,201.397102855485,-245.874708987248
5.231,176.535708909425,-231.49834113307
5.2315,108.865697590279,-170.997044512925
5.232,29.9291650231356,-72.5024917008515
5.2325,-12.4731865626558,-8.78139349855674
5.233,-23.2754502901568,29.108070267393
5.2335,-45.7483589114793,127.170291212279
5.234,-91.4373821597887,296.37040035699
5.2345,-122.282730969866,432.037595746359
5.235,-105.567315787121,450.356534070519
5.2355,-56.2995432503912,380.187162899846
5.236,-11.299129904816,290.005607753404
5.2365,19.6307906760359,201.709655468963
5.237,58.5691419508259,116.335228558657
5.2375,123.500926063314,57.6209342114198
5.238,204.678172710861,38.5015715168874
5.2385,277.440095730013,28.3679888952001
5.239,324.424474609445,-2.61261164642154
5.2395,339.492304176709,-38.556087167154
5.24,323.41975345799,-48.5081981701551
5.2405,289.764012386842,-30.5906391530258
5.241,265.310371614645,-2.48897544867848
5.2415,261.084828621138,15.4041922359736
5.242,241.011942487299,-13.1303408447486
5.2425,145.976457079158,-124.299565792279
5.243,-34.3780838126774,-296.738634315295
5.2435,-232.056409040885,-454.921534856242
5.244,-364.250824113627,-560.623983254747
5.2445,-415.038647851884,-650.197759242966
5.245,-431.115054792291,-742.197125108671
5.2455,-445.677120745294,-767.680499221968
5.246,-438.029640353779,-657.488471951672
5.2465,-374.427966650012,-455.161097571588
5.247,-262.846645960571,-266.061204367453
5.2475,-151.389865848018,-119.961623202542
5.248,-84.6890563000372,34.423765079327
5.2485,-73.0438296482927,209.005947685387
5.249,-95.1594975304564,339.37443784058
5.2495,-119.830579583074,385.725001039683
5.25,-128.333755447789,394.327320043741
5.2505,-123.432863207081,421.298469159438
5.251,-118.408518519439,450.073225532758
5.2515,-119.348841063802,426.764255512964
5.252,-121.911611145902,339.639125583898
5.2525,-122.195898558716,221.718435598019
5.253,-123.128055512449,99.1012783488726
5.2535,-129.606749606449,-22.6928418544917
5.254,-140.659802697224,-129.916363347034
5.2545,-143.328849935669,-189.212246882026
5.255,-112.93796322601,-168.617753337575
5.2555,-30.8614879922992,-61.6439509986649
5.256,88.7310681732732,101.387338483228
5.2565,200.444852238798,261.280142107992
5.257,268.907850613645,365.645303167576
5.2575,299.735766460369,405.901851807532
5.258,316.832372163901,405.297346650025
5.2585,322.631459444302,368.741163860616
5.259,302.951243368497,270.508381673516
5.2595,262.622225352713,101.55495622705
5.26,229.291410776433,-99.2655410054682
5.2605,220.734611364532,-278.148880620399
5.261,228.398213990966,-404.293637287969
5.2615,232.084911894533,-457.877857104255
5.262,211.989039603241,-416.909932679118
5.2625,152.622185598348,-294.107275559478
5.263,61.3725652788447,-160.762465675814
5.2635,-20.0742393598801,-83.4040709556501
5.264,-53.5641276351395,-44.1244495739945
5.2645,-55.3825854551219,27.8798543295854
5.265,-78.2376318094528,144.991203292097
5.2655,-139.837934850807,234.665179073496
5.266,-205.73065699042,242.287492036727
5.2665,-250.586199246166,211.595971599753
5.267,-293.06445738133,225.616243862171
5.2675,-348.216518756365,299.641894809247
5.268,-385.872976726978,376.778369058856
5.2685,-371.138562007176,412.996183061621
5.269,-317.60596612449,419.803239925257
5.2695,-262.007845038758,421.985487064263
5.27,-204.762642136385,414.985579224536
5.2705,-114.781396445197,380.504141026975
5.271,15.1041231828568,318.280165931164
5.2715,152.138262396487,244.744237507916
5.272,261.59367292348,174.185860586093
5.2725,334.74327085736,110.93172970124
5.273,380.697596097322,46.1203500558466
5.2735,411.442101192496,-43.6084519130438
5.274,431.970916529734,-175.2365625416
5.2745,429.372140466357,-327.824949422446
5.275,381.432900746757,-450.911320416964
5.2755,292.853376892565,-514.612317085605
5.276,205.669016590785,-529.698700933318
5.2765,148.256413387487,-507.326335511474
5.277,92.3348314108547,-432.662245326369
5.2775,-3.31120223129409,-307.190012731084
5.278,-119.212270720171,-186.166056815317
5.2785,-190.428695432706,-127.480357338186
5.279,-195.032980117306,-117.968398734521
5.2795,-181.001247390175,-99.4919292134248
5.28,-192.718957548593,-60.3240841164342
5.2805,-213.420180908279,-42.1411174645294
5.281,-204.001786135143,-49.1089331696427
5.2815,-164.554749328011,-15.2338234403216
5.282,-125.892547750189,104.175379903746
5.2825,-101.685512829692,258.024102760354
5.283,-81.23625969695,357.539181499161
5.2835,-58.9961718316725,369.277695792429
5.284,-42.1077095964843,305.910553981824
5.2845,-30.9104614593375,164.61253576758
5.285,-15.5787211744319,-59.5720150197819
5.2855,4.57982382253949,-315.055306894878
5.286,15.9312763361464,-515.396498947434
5.2865,11.6387632113756,-626.080818713345
5.287,7.74024554413716,-679.485167811295
5.2875,28.8742286081193,-699.919795104837
5.288,77.7343174503271,-670.396157754406
5.2885,122.509304082702,-592.705558859575
5.289,120.441835929211,-528.56618012303
5.2895,58.8631199422877,-543.0403021098
5.29,-29.2492973269637,-630.894152322531
5.2905,-95.3567673264707,-722.985496103632
5.291,-117.248280806536,-744.568049305509
5.2915,-105.13736221427,-650.663215321192
5.292,-75.6039294029151,-431.657936741235
5.2925,-37.1424207058911,-113.568977105518
5.293,0.20448179870714,252.38339728418
5.2935,22.7167861214118,608.022162888065
5.294,30.4173672285672,888.673898650058
5.2945,42.5558677315165,1025.38155348656
5.295,73.7012444241801,995.944750508256
5.2955,111.437076874953,877.993444481608
5.296,126.874209742489,793.006924649792
5.2965,104.047882379639,771.773926212061
5.297,55.3398752138111,728.074130153032
5.2975,12.129751302937,597.730917412773
5.298,0.00353535337392126,442.630829466993
5.2985,14.9691395180248,362.094095852977
5.299,23.4371627221371,356.681956828791
5.2995,-6.0855387924715,357.124435914602
5.3,-72.210802792786,349.122978825187
5.3005,-149.533902912643,374.676013800645
5.301,-220.38115354691,422.251412954199
5.3015,-279.179704331031,416.259154424657
5.302,-310.467315840211,335.456388705507
5.3025,-291.949434083093,258.342387549346
5.303,-228.541821743091,257.765150013209
5.3035,-158.165905110891,316.758247164597
5.304,-108.43023878423,380.751281943154
5.3045,-67.4749270454438,428.408060571902
5.305,-13.8744193125035,450.258895565942
5.3055,44.1382245983266,414.5079763478
5.306,80.2222622776971,300.968908774208
5.3065,85.8218110204804,125.404010792968
5.307,72.7504373914408,-105.269590927549
5.3075,52.1608154342717,-407.968014151284
5.308,34.7368671998007,-750.559078454777
5.3085,43.1813367774766,-1023.71653915397
5.309,97.4193067250425,-1147.34727125618
5.3095,185.832057248003,-1158.97642731677
5.31,270.107525980892,-1135.70682632796
5.3105,320.047891599847,-1080.37520526682
5.311,330.112558521507,-962.958215677721
5.3115,306.78613945001,-827.374847165016
5.312,259.697902609171,-754.562022817862
5.3125,205.369275977688,-737.276385125397
5.313,160.711144219811,-689.985331505455
5.3135,128.071170767048,-577.261581871559
5.314,98.1951368331481,-434.399236253507
5.3145,66.4639516253782,-261.214212167018
5.315,32.6800182655751,-9.53581920468455
5.3155,-10.3935207354864,294.348165433124
5.316,-68.1026346980798,523.291670850769
5.3165,-124.030343853633,601.037683126769
5.317,-151.048700108814,595.68288261536
5.3175,-146.667927277906,604.458805144178
5.318,-136.932211677251,624.45489494313
5.3185,-138.566265296216,605.015695340238
5.319,-138.02331757166,555.864591718485
5.3195,-119.032302605131,519.163576825754
5.32,-91.8416678980018,485.300955932081
5.3205,-78.8798715351046,421.358013229076
5.321,-83.7995205293601,347.004853983857
5.3215,-90.5858086871707,299.300004327848
5.322,-85.4233238809044,248.366833280694
5.3225,-65.5740939618613,131.736214245607
5.323,-32.3195473381662,-38.8738338305564
5.3235,11.7346843146916,-179.75458728838
5.324,59.7885405283019,-238.149662215382
5.3245,103.043220781518,-227.156609844955
5.325,133.723643298546,-168.976254836549
5.3255,143.468723349306,-77.1620941153642
5.326,127.649862285381,6.46341039423025
5.3265,97.0601980257513,33.4507140015215
5.327,74.2062092573471,19.7355144184441
5.3275,67.6343759198938,29.0899618995292
5.328,59.260981650689,71.9598857070174
5.3285,29.5915127151336,85.769326225093
5.329,-12.8188033169184,36.4932308411449
5.3295,-42.9895410362172,-22.1091237625045
5.33,-55.9528196765062,-21.1265378174078
5.3305,-73.0272968938018,40.1398231032457
5.331,-109.331774804145,110.00388844989
5.3315,-151.88949385201,137.953616662122
5.332,-179.293408165925,86.1232689706413
5.3325,-192.303812866807,-64.9159625818646
5.333,-211.587428295517,-280.43180575861
5.3335,-246.134204653514,-466.521401072077
5.334,-274.241406682568,-532.629707050281
5.3345,-262.023805791594,-450.870761354667
5.335,-198.532182457002,-253.857544485495
5.3355,-107.046236407241,-8.47843522120824
5.336,-20.9150192114509,201.052853156124
5.3365,45.1092237884907,307.909067788697
5.337,95.0206374414551,305.008510260786
5.3375,131.625617392488,230.767270527704
5.338,149.929069939303,112.119442335812
5.3385,149.612389816409,-39.3456416499692
5.339,139.937372213227,-177.568791527796
5.3395,126.994071009119,-232.194221303268
5.34,105.971812351042,-193.06245511836
5.3405,70.5785840617548,-132.968492244659
5.341,21.0891641265086,-119.971823595109
5.3415,-38.6532926317323,-155.31835267661
5.342,-98.681806858104,-219.19372976818
5.3425,-135.022588836538,-312.0074707713
5.343,-125.382205108832,-405.891639992309
5.3435,-83.9358121455526,-415.220034917263
5.344,-58.5199288199121,-279.924198691792
5.3445,-71.9493372291521,-45.3723582228405
5.345,-82.433959570336,191.740523112325
5.3455,-29.0542639763,382.757083887947
5.346,92.1205285206332,521.705232518443
5.3465,223.465713419699,581.525181169397
5.347,311.1502105556,528.350257060197
5.3475,347.786758807417,387.741882348566
5.348,354.79225990843,238.421258928558
5.3485,355.185995057797,143.028942817374
5.349,366.86882051456,122.809224379806
5.3495,390.071451176521,177.969500329733
5.35,392.83186200264,279.225828095236
5.3505,339.827719678538,352.988319085974
5.351,245.096027126141,332.867599628155
5.3515,160.790406471609,229.329595228203
5.352,99.0405358659265,110.507268210714
5.3525,8.29842608486864,21.9558170437513
5.353,-141.352046408503,-37.5850594059935
5.3535,-290.740825846789,-78.4573059949034
5.354,-360.145114468975,-107.952207335062
5.3545,-359.300661578353,-147.983552223103
5.355,-367.978040381734,-218.260066352719
5.3555,-414.250290132317,-304.519396773153
5.356,-437.346934206051,-378.75416499956
5.3565,-386.410188791769,-436.738152654604
5.357,-297.521116251771,-477.050601827221
5.3575,-239.030705556278,-466.258258485939
5.358,-222.71271239868,-375.936832896886
5.3585,-209.561753036012,-234.568480085966
5.359,-175.228658933193,-89.0973561413551
5.3595,-127.068390427191,60.5453514636704
5.36,-73.0689553001378,223.784098297392
5.3605,-16.329901224038,342.770458415676
5.361,25.5281350943529,339.604408043397
5.3615,34.5679726160266,233.582401504684
5.362,28.8061957392733,125.332684816211
5.3625,51.1286238546199,64.7476857658377
5.363,114.111503288044,27.2075353077172
5.3635,182.17196460692,23.6236512053315
5.364,216.652998942488,115.300222123593
5.3645,214.849675829966,278.217806337185
5.365,195.873198017838,366.896568341913
5.3655,172.720432597065,291.145346869925
5.366,152.913465021946,145.205529069318
5.3665,146.708133074207,75.3664427902358
5.367,156.923372564259,82.7265783547883
5.3675,172.947478209203,48.7611672145402
5.368,186.94853830483,-86.3565403728671
5.3685,201.153048789475,-262.177513306687
5.369,206.724134267967,-391.287336478573
5.3695,175.86979308506,-433.647413998495
5.37,98.6855217377267,-392.251063262329
5.3705,15.0016465524648,-309.047472875966
5.371,-18.7498035419545,-259.726863872572
5.3715,7.5021358322626,-286.746710914513
5.372,50.3079317137364,-337.787821882613
5.3725,67.1175372472907,-325.566404205567
5.373,54.0141523385791,-242.729914295351
5.3735,27.4421939809571,-160.862338502991
5.374,-4.09807899964609,-122.300816156436
5.3745,-37.3737097252584,-97.6974717188831
5.375,-64.6161971807946,-56.646586463307
5.3755,-84.1514474112884,-17.0495602368002
5.376,-108.145193428572,-2.83296520299799
5.3765,-144.064243597729,0.833094731866992
5.377,-178.966409630755,28.5931176124609
5.3775,-198.215453639684,103.168448510126
5.378,-210.077379398784,229.708487131444
5.3785,-231.932594133456,383.181301714982
5.379,-257.173767080101,493.507207255361
5.3795,-257.980801983656,487.892403495719
5.38,-223.026126469108,369.931689167187
5.3805,-172.477980762729,227.44261891111
5.381,-129.758156889358,146.083391379401
5.3815,-97.7971796945882,138.995243103181
5.382,-74.3762679610538,166.482074769872
5.3825,-72.5082912552828,189.667130109218
5.383,-104.680101884575,189.239983963982
5.3835,-154.58543315538,159.3490115546
5.384,-186.053935308726,100.015560696343
5.3845,-181.312269788806,1.88509646368647
5.385,-153.831003255023,-155.28289663188
5.3855,-120.999442362014,-356.656607196133
5.386,-82.8505804257498,-511.439739633511
5.3865,-37.4922860757271,-510.08146959564
5.387,-0.90599244900997,-339.484448763206
5.3875,7.3883801861871,-101.451581683838
5.388,-7.39182473570869,96.8879521560363
5.3885,-18.5222607529485,225.893928923417
5.389,-8.45296071016539,293.284999144722
5.3895,19.1935845735621,287.263839856025
5.39,58.9484045086432,209.724278707759
5.3905,115.870961950518,120.573391843885
5.391,189.787742700669,84.344546320141
5.3915,263.674461499626,89.9103180615345
5.392,323.496843708583,76.8905117586863
5.3925,379.161486462376,30.5792960739264
5.393,446.882970953012,-2.08969326336583
5.3935,515.838865350805,12.3678600549965
5.394,554.023125818269,55.8661915390421
5.3945,549.555005176092,103.974388006194
5.395,524.584348850491,161.295333854782
5.3955,498.026303230497,231.462547735929
5.396,453.022589012206,287.492209594584
5.3965,359.588831617611,296.537978498062
5.397,220.300104574564,252.205549445635
5.3975,74.5984647064361,165.33586176543
5.398,-40.6376681907161,46.3895581498188
5.3985,-120.075065067789,-82.1991143514669
5.399,-180.16831334907,-178.211377576596
5.3995,-235.292127140121,-215.04943851788
5.4,-286.52895480009,-218.750356879311
5.4005,-321.436249248467,-243.819750989046
5.401,-320.140569011179,-309.80956294946
5.4015,-272.998336624886,-380.150639824681
5.402,-199.125747306217,-407.767930096153
5.4025,-138.37946409535,-385.558540346845
5.403,-116.763312549645,-343.870537506818
5.4035,-125.353227063534,-311.638737175406
5.404,-138.902434440254,-294.342462015838
5.4045,-146.968318791332,-284.261900675175
5.405,-157.36574179956,-274.256020582358
5.4055,-175.279235647688,-255.484240415528
5.406,-191.982452723541,-214.651297745807
5.4065,-195.207334102488,-146.224767615527
5.407,-182.570649837718,-62.4735873907133
5.4075,-162.979480064288,20.3528069699185
5.408,-148.951233414752,102.883161239146
5.4085,-146.548255545453,196.094387511656
5.409,-148.9258773476,294.028556479969
5.4095,-142.781213083909,369.19778942463
5.41,-125.930360845581,400.840647425701
5.4105,-113.220917770237,392.418193452851
5.411,-116.89220931514,351.496053164987
5.4115,-126.363582860099,268.557272781916
5.412,-119.594853065924,135.151026984149
5.4125,-91.786335834424,-23.6879203057113
5.413,-58.4414098739659,-155.670908623507
5.4135,-30.3038705525354,-223.312772515886
5.414,-3.19928804849151,-228.902644206826
5.4145,21.8298969893398,-199.071687093806
5.415,28.016555731245,-159.525637710876
5.4155,7.77578434224559,-127.97895680477
5.416,-14.6825498721953,-115.780926044695
5.4165,-4.94166813591888,-123.130779751779
5.417,41.2579093024768,-135.97987983366
5.4175,95.0083753097345,-135.374816366466
5.418,130.282989045983,-110.272427801476
5.4185,148.844906913563,-60.5701850109438
5.419,168.643402688738,7.50684338745678
5.4195,200.497878296461,84.9399540734287
5.42,239.226968104369,161.371893132018
5.4205,267.931714684082,226.948828147801
5.421,269.296059497836,273.77840032942
5.4215,242.141083106868,297.178452896909
5.422,207.409533152444,298.083385445893
5.4225,187.151098256899,282.497214361019
5.423,177.752661904286,254.091327828839
5.4235,157.836775640779,209.123059521114
5.424,124.054416241619,145.740080979506
5.4245,100.707272372906,77.2480522506856
5.425,105.452370705074,24.1662798991095
5.4255,122.460141752167,-12.1079520026797
5.426,123.453580601373,-54.3267049548495
5.4265,102.375789034002,-113.378749361631
5.427,73.0749185849523,-155.404316169726
5.4275,43.0538947193405,-128.527930051089
5.428,9.19672825479476,-28.7131960106754
5.4285,-25.3744374893417,81.7782411376538
5.429,-50.5614209874959,137.764576506454
5.4295,-66.6319953250229,138.98477576313
5.43,-85.8958717968857,134.726947152866
5.4305,-114.334834743105,153.189410934889
5.431,-145.167038044585,177.815543075849
5.4315,-172.290279745446,193.489515510992
5.432,-195.559568246728,216.640388830508
5.4325,-210.355917948991,257.218498637153
5.433,-208.587857265216,279.7060300405
5.4335,-196.336081717021,236.706123697381
5.434,-194.310682224004,129.852711922923
5.4345,-210.3160346804,5.48537943692019
5.435,-224.155170867734,-105.467418138503
5.4355,-211.701270260318,-212.028612898993
5.436,-173.598289588092,-326.521237402239
5.4365,-128.109953607275,-433.189976726463
5.437,-85.4605214310926,-500.551105165957
5.4375,-43.9135139197827,-501.99603849937
5.438,-4.16290131047346,-423.123931753361
5.4385,28.7458800980556,-280.842849735606
5.439,55.1078736317082,-142.788429470793
5.4395,77.5280793769268,-88.2708615461793
5.44,89.5729034270576,-124.517258639988
5.4405,81.9709862281415,-170.482971705492
5.441,60.8274776462348,-152.531810475637
5.4415,45.5257469197978,-91.5623319327745
5.442,45.3394973543593,-62.1210593423448
5.4425,50.457713801856,-87.9149040103006
5.443,49.8990682810537,-122.767876342193
5.4435,45.9966122809906,-125.431785725703
5.444,45.5838386697874,-103.346649639069
5.4445,48.444316503316,-74.6151253605181
5.445,52.1753756278807,-31.8922304002144
5.4455,58.6956876635988,33.1252654468554
5.446,67.1101162623293,100.596522302471
5.4465,68.3711022905983,145.027648854039
5.447,56.9665455760044,168.625504789478
5.4475,41.6553679603736,189.202288417772
5.448,34.4238809382701,208.899264163954
5.4485,34.0205093679634,217.814276329338
5.449,31.8378093213377,218.690373970313
5.4495,30.34123189092,223.372499379102
5.45,41.435166006748,227.622970166313
5.4505,64.5437563693925,212.995443738885
5.451,78.7257175820237,178.223922522227
5.4515,63.5599751757119,149.241917950791
5.452,21.8229937209253,147.526600829103
5.4525,-24.0064049086902,161.310445029523
5.453,-53.9956977456854,160.433793949806
5.4535,-65.1221079674328,130.651838675495
5.454,-65.8748462282761,77.1755771113334
5.4545,-61.2078579754042,-1.47039742271936
5.455,-45.4517000468598,-118.498980359489
5.4555,-12.2638172880558,-263.283545615549
5.456,29.0610548537396,-376.973366297111
5.4565,54.8780485624457,-392.207250514116
5.457,51.9456857641314,-303.920422585076
5.4575,35.4436607644194,-183.576913288375
5.458,30.8019267712851,-113.502977519219
5.4585,40.0052279523348,-117.994449179221
5.459,41.2814374008351,-163.262236058387
5.4595,24.6588215607713,-203.40713307351
5.46,9.09388425716158,-207.563466547949
5.4605,12.6790686490474,-159.021614077781
5.461,22.0163910303854,-60.3767166255087
5.4615,11.1564588254923,56.6866104010943
5.462,-17.2558366315017,149.416586710151
5.4625,-32.8207078596545,200.311007246668
5.463,-19.6922183993639,222.489964881851
5.4635,3.39872154962677,227.632326969752
5.464,11.6125833518799,208.472925563774
5.4645,3.50366118253901,161.754614582985
5.465,-8.77374987101138,109.803635626547
5.4655,-22.8037465228655,81.9506801170147
5.466,-44.0470840816737,82.0172531386378
5.4665,-70.6806815755035,87.8165782822596
5.467,-96.0996929337184,78.8372360988958
5.4675,-120.495285017403,53.4017267099599
5.468,-144.730983989911,21.46645729382
5.4685,-156.707040791876,-7.64293732631788
5.469,-140.207934313925,-27.8624248609591
5.4695,-97.8626326728287,-34.5424053539652
5.47,-51.4743940443796,-25.6538514570516
5.4705,-17.6579286510566,-4.44069545039633
5.471,4.94452817926165,21.6558545108362
5.4715,23.4584568279991,47.2273811360323
5.472,40.0164569226684,74.5218271332871
5.4725,56.8628235395499,109.135828527495
5.473,77.9070939970812,146.98560693034
5.4735,97.7372828746352,169.546245549065
5.474,100.524167792003,158.136389008247
5.4745,78.4803551349735,111.937052891441
5.475,42.842469984005,48.1751047016882
5.4755,9.54977928939285,-12.3013954478556
5.476,-16.6050064778791,-55.8298276120533
5.4765,-36.2358095821595,-79.6783630546956
5.477,-44.9885638344482,-94.4610990401182
5.4775,-40.060789721794,-118.005805254821
5.478,-28.2375299324604,-156.006956546593
5.4785,-15.1795789745035,-191.797318327131
5.479,5.82360744587614,-205.449290556687
5.4795,41.0783601860493,-198.520818407165
5.48,78.8994479327861,-187.488993393873
5.4805,99.9747827341978,-177.493106810598
5.481,101.509125244957,-158.796509396648
5.4815,96.0525989078547,-127.999353303707
5.482,89.710869188867,-97.0976628664674
5.4825,78.7387215360349,-81.5305228136568
5.483,66.445171230619,-92.1128608504771
5.4835,63.4030724544723,-132.469491281038
5.484,66.7675338738711,-184.527519214243
5.4845,58.4461243984793,-203.426825510398
5.485,31.7803267245267,-156.305234031181
5.4855,2.92354997403264,-66.8663374277933
5.486,-14.7321139286796,10.1114005013598
5.4865,-31.2549628408707,62.3253355492599
5.487,-60.8055780354067,130.006074867376
5.4875,-94.2958057452568,230.889647283301
5.488,-109.094821726409,319.858526303847
5.4885,-99.5965313065161,352.121000185348
5.489,-82.2416027681286,346.921318457128
5.4895,-73.7923612424772,346.982084360651
5.49,-78.6915015172089,346.08798302054
5.4905,-94.4173019722579,309.796445095736
5.491,-113.377674872895,249.914253258927
5.4915,-119.234485285859,217.315081920364
5.492,-97.0904652393839,217.747665606047
5.4925,-52.7964620505418,190.453261557691
5.493,-11.596480069134,90.0187461321752
5.4935,7.99184814233298,-50.734446889739
5.494,12.1167947911764,-160.806030071804
5.4945,20.3808742793339,-202.818493223322
5.495,43.452514831473,-186.232275023721
5.4955,74.4270259927977,-139.966725668136
5.496,95.8962451207448,-97.2413691942105
5.4965,93.0850932592042,-85.3092328348236
5.497,66.3825983336987,-103.608636164568
5.4975,33.7006129582933,-123.549186691138
5.498,14.9188033557528,-126.801299758723
5.4985,12.0712105233232,-129.329108972517
5.499,10.834442039834,-151.868455575376
5.4995,2.59836308304487,-184.230173252697
5.5,-3.84453869257322,-199.262909008164
5.5005,2.89245739849174,-187.991352101408
5.501,18.3295393464181,-159.450261538348
5.5015,26.196574372638,-117.522146629042
5.502,17.400911928809,-61.6401564562832
5.5025,-1.28575372565759,-4.2293667261141
5.503,-15.8009118664455,34.7089502944628
5.5035,-18.0222230070884,49.1826631609281
5.504,-12.2231832789262,47.396396283464
5.5045,-10.8521011118516,33.925181041142
5.505,-20.9657893781545,7.77840613889276
5.5055,-32.9066999234503,-24.468086788589
5.506,-27.4532412081034,-49.5057510747619
5.5065,1.95289537085687,-61.4667240990243
5.507,39.2047840028637,-64.0678682061153
5.5075,62.9920289941865,-60.9631504333171
5.508,69.3057657961948,-54.1380088535419
5.5085,69.3719620227862,-47.012267319186
5.509,69.6555332308092,-37.6567958473928
5.5095,64.9613998449362,-14.6182544680951
5.51,51.8828306605603,27.6818518978575
5.5105,37.8922569781065,75.1021460059986
5.511,30.8739886407858,108.932306902833
5.5115,26.1623600648689,128.521976361856
5.512,11.5507725137577,143.363688196459
5.5125,-16.6794115206993,149.77404613335
5.513,-48.0570739777543,135.925039379894
5.5135,-67.7545612031181,107.144572657045
5.514,-68.9333106774634,83.5932337202965
5.5145,-56.8765972939537,70.1790779481328
5.515,-44.8504826390176,50.8464261745445
5.5155,-45.1214438279295,21.0163652957908
5.516,-60.0843464602286,6.5241857350821
5.5165,-81.9429964932339,35.5806021174302
5.517,-103.056515051199,100.998647277615
5.5175,-123.496236556232,161.979735936359
5.518,-143.227702217422,179.937028829799
5.5185,-151.083582239376,147.247217429578
5.519,-133.460981695366,86.195725261463
5.5195,-95.8535100433828,26.4419542626127
5.52,-62.1292674707953,-17.2618125749572
5.5205,-43.9219550895667,-48.0780743160832
5.521,-22.7518899081332,-71.0267483199828
5.5215,23.2539569169699,-81.3678492928417
5.522,83.2235879038303,-74.1971482043068
5.5225,123.011077299582,-58.3847434232479
5.523,129.088352675413,-50.8154944914491
5.5235,123.749830207611,-59.7476259639078
5.524,133.335248650481,-81.7158184852937
5.5245,159.654009170079,-109.653596358146
5.525,189.244710520275,-134.285178747043
5.5255,212.180675653287,-143.294207050731
5.526,220.774600757407,-131.629435009582
5.5265,206.905452339016,-109.254071758809
5.527,175.026536899249,-87.8647320428797
5.5275,142.601701387979,-65.4966613480207
5.528,111.784119200518,-36.8963892181681
5.5285,57.643136808387,-12.483393271713
5.529,-32.6391190940108,-10.6575759938293
5.5295,-123.14088413519,-34.3212411207815
5.53,-162.234972412906,-68.8866398382417
5.5305,-147.116399983421,-98.7005796052449
5.531,-124.344681968812,-112.181900213413
5.5315,-125.377154961847,-100.357876351856
5.532,-133.61878279656,-68.6474092545381
5.5325,-122.507968727755,-39.8133361141349
5.533,-92.9651767495856,-22.9652849111505
5.5335,-56.1506530887835,8.99781338693897
5.534,-8.30484350146269,82.9285166580493
5.5345,51.6452638012859,176.965863192581
5.535,99.4290356002911,243.121384729891
5.5355,109.113448814093,270.878035463926
5.536,89.8848792743569,287.920431287528
5.5365,74.6268421793797,302.000091636251
5.537,77.4306966678677,291.700373274594
5.5375,83.8008647701331,259.777048374554
5.538,77.4841992772368,240.199183488798
5.5385,53.4205699853903,235.924629183999
5.539,5.14217741751799,207.656967308892
5.5395,-75.976063149769,151.414146505889
5.54,-180.819555750563,123.874714147806
5.5405,-277.85856878704,142.71118950691
5.541,-336.424863535638,120.121739575013
5.5415,-345.771926119216,-32.1407246210187
5.542,-310.76625090269,-265.470143963213
5.5425,-244.141461194446,-438.15162386109
5.543,-168.233657874889,-479.990306772728
5.5435,-108.736049582978,-438.918030755327
5.544,-74.2151329179024,-371.914520099093
5.5445,-48.5512643596812,-276.747135090491
5.545,-13.1350573081021,-154.453949540642
5.5455,28.0659591073838,-61.7552495217507
5.546,54.541039288394,-50.4321771330173
5.5465,58.4415269393828,-97.8945066922053
5.547,58.5405755578086,-142.446968918786
5.5475,80.3641770657124,-158.227165142502
5.548,125.545565238659,-157.724813201163
5.5485,167.443020868234,-146.630087735051
5.549,180.433025457389,-118.681386980071
5.5495,168.447177531317,-82.8761501768826
5.55,156.284908423886,-59.0176180774629
5.5505,155.560131540766,-48.7847087859757
5.551,153.622432908368,-36.2168806100805
5.5515,140.432373021689,-12.851301195408
5.552,129.462948290805,18.2544839171159
5.5525,137.093464203994,57.1750069428319
5.553,151.917268702449,103.988476517472
5.5535,143.961349163211,144.136056048225
5.554,102.130487039837,156.78434714982
5.5545,45.6906371419333,138.247314083678
5.555,-1.4528501856981,103.281872186909
5.5555,-30.9950526786286,66.0775286671384
5.556,-41.7380392541768,34.2290539703537
5.5565,-28.8981520312655,17.5698894435721
5.557,6.33007237835645,25.3778411552863
5.5575,45.4450518601068,53.5090051042232
5.558,62.5195930811721,88.6214911824086
5.5585,45.1645915691136,127.173318780444
5.559,2.75842886725509,176.664565467747
5.5595,-43.2657951761595,233.800436713895
5.56,-75.6197704295089,274.078084942528
5.5605,-91.1407653066314,272.779496777486
5.561,-96.8443480971533,231.990834136272
5.5615,-97.1845599634935,179.910097037687
5.562,-91.0383868688378,143.712091916497
5.5625,-84.1082311055345,125.926912806915
5.563,-92.9569578733545,107.357725886022
5.5635,-123.991748554887,71.6426525189567
5.564,-155.720674850075,26.1707275845985
5.5645,-159.124754318802,-1.56805715810623
5.565,-133.853048251425,10.6348558059869
5.5655,-106.837404127849,54.4974768285499
5.566,-94.2626833844559,87.3583158318754
5.5665,-83.7659580587835,57.9287302933666
5.567,-59.4579557886828,-48.7717741568361
5.5675,-26.2791006804149,-183.44058239464
5.568,0.350529301338539,-262.705940639001
5.5685,14.9611501088058,-246.099739693161
5.569,21.7625764384715,-179.31106635133
5.5695,25.4521112572917,-143.766563339999
5.57,31.9039187515451,-167.280732844333
5.5705,47.7268837595098,-207.063714352746
5.571,70.4015103071119,-218.826627938264
5.5715,88.9377622718491,-207.800990165779
5.572,101.535431939954,-196.077685656733
5.5725,119.386101710004,-173.133072268909
5.573,143.326499599223,-113.121912578601
5.5735,152.077646989679,-24.8618393616438
5.574,129.190765757832,52.6844657172311
5.5745,89.6200766475247,101.365055544605
5.575,61.4384132448555,135.098153799593
5.5755,49.7737977440343,155.220222084578
5.576,38.1523617985741,130.714774194974
5.5765,19.7786025426554,44.6142948821764
5.577,6.15408917823813,-62.8196438447833
5.5775,4.91010048541216,-125.582757851497
5.578,8.79540391191281,-120.816625657154
5.5785,10.652980303288,-85.7655260148136
5.579,13.2192231381575,-67.7274602334997
5.5795,18.5557684123857,-75.5787912900156
5.58,21.1366617075427,-84.9090429571629
5.5805,17.972112902339,-75.4647787009697
5.581,15.0699535900016,-51.3471776359428
5.5815,17.0306989363389,-28.680964723424
5.582,17.8085300933331,-14.2160790321318
5.5825,8.0258918971079,-0.824002435508131
5.583,-12.788373380679,18.5434608208213
5.5835,-34.6833037427385,38.3602532464454
5.584,-45.7634421525142,46.4872942584508
5.5845,-43.7155099116068,41.3056428408123
5.585,-42.9645964341539,36.7523700346726
5.5855,-65.0119823897529,47.4214519666316
5.586,-112.474065103845,72.8185801484393
5.5865,-157.732031208675,99.5562772939635
5.587,-170.683664019582,114.69399900162
5.5875,-154.931844826237,112.412330776836
5.588,-140.320829167174,92.1766977919765
5.5885,-140.2146759861,57.7063930194828
5.589,-136.367588735167,16.4422508372052
5.5895,-111.4590486616,-25.4138782052193
5.59,-75.2389175165782,-65.0134406127487
5.5905,-45.4851769917064,-95.1897661401578
5.591,-20.9757128903109,-101.623174207805
5.5915,8.56029571836991,-79.5048393705204
5.592,38.5956712168857,-48.2307162880857
5.5925,56.9935409959007,-32.0259672592009
5.593,67.5430599118414,-25.5650133166254
5.5935,83.7944287026152,0.290065615220004
5.594,100.962145198005,52.5008100154181
5.5945,96.4802401610783,100.674852421709
5.595,63.612611851626,124.960384602784
5.5955,25.1183049871147,155.212674472011
5.596,3.91250793402467,231.141232023507
5.5965,-4.2660442588175,334.895772142096
5.597,-16.2250862676837,399.257812636706
5.5975,-31.0246721934386,384.611393926777
5.598,-29.9677326691645,315.50082565385
5.5985,-1.62835240818729,233.521827507597
5.599,47.5238132479037,147.255338632398
5.5995,105.316251539558,47.4439249351415
5.6,161.69654981903,-55.0240206225068
5.6005,201.988490995858,-133.365509336474
5.601,207.509191036832,-174.605267354252
5.6015,173.920246605883,-184.560900782791
5.602,122.674032276539,-173.780741901262
5.6025,83.8466283962736,-156.667635985185
5.603,68.508046166859,-153.450078591212
5.6035,64.1351157869917,-172.478261677357
5.604,54.2490004890959,-197.222304803816
5.6045,33.3685503839559,-207.792246435656
5.605,3.15197806633391,-206.580600773385
5.6055,-33.9447122022854,-204.628513734683
5.606,-70.5356732747481,-194.040587421123
5.6065,-92.8080300034242,-159.33928073879
5.607,-93.6033215271037,-111.223294133256
5.6075,-82.9094780521271,-82.4527796922661
5.608,-74.9844857935236,-88.070468739013
5.6085,-67.914375519792,-110.934946940879
5.609,-49.3330121996304,-128.148177059611
5.6095,-23.3903386546309,-130.970552159939
5.61,-15.3156598533605,-116.807732029246
5.6105,-39.1402793833749,-84.0483461320562
5.611,-73.6495268628245,-41.1197229970879
5.6115,-86.2562954067814,-1.66904736149868
5.612,-74.5355953873108,35.6007854768792
5.6125,-66.3069026180754,85.2185781145771
5.613,-78.9480302787587,147.682061140257
5.6135,-97.3043938226685,200.739587800506
5.614,-98.6702862591062,223.8814982659
5.6145,-83.7022650969489,217.458754878094
5.615,-70.1807022315451,195.616943691094
5.6155,-66.8696051218186,176.352402799811
5.616,-68.4090158538885,176.492538238003
5.6165,-70.1836349792072,192.762750838489
5.617,-72.0365656960462,186.915694090996
5.6175,-67.755100356355,118.578064869336
5.618,-46.4637146999776,-0.52484898834755
5.6185,-9.43423257239932,-114.415450862656
5.619,26.0558591440618,-191.70397519689
5.6195,46.2894155799829,-249.579297768321
5.62,56.0637784684904,-295.209092490963
5.6205,67.6595970704532,-290.129176194768
5.621,83.17130303539,-209.161257491297
5.6215,97.0073999586719,-97.1921424955507
5.622,110.095661406915,-17.6449080215518
5.6225,129.450979557782,32.435823580982
5.623,153.322908549614,101.209552379051
5.6235,167.060152268011,187.444764917828
5.624,159.034143832699,227.985968333434
5.6245,136.136333011497,189.186117268857
5.625,117.872640882111,118.370473962357
5.6255,114.266357832153,82.0967916147139
5.626,111.82666552149,93.0666961726336
5.6265,85.0440520738029,122.708678823049
5.627,25.1792405890875,150.78193385066
5.6275,-44.1675110161143,170.115468621381
5.628,-86.98847219705,166.975729587374
5.6285,-92.0298809899223,133.08839691353
5.629,-82.0683142918216,87.2700183649098
5.6295,-81.6491996414123,56.3456998491438
5.63,-86.1847383857021,39.2385812869587
5.6305,-75.3490131398225,12.2376594629125
5.631,-49.8298569939611,-35.0876116505388
5.6315,-35.0756404375937,-90.3892950145624
5.632,-45.0733691734817,-141.0890100376
5.6325,-60.5836732157993,-185.008926212646
5.633,-55.5026352159472,-218.528941533748
5.6335,-33.3478145213857,-233.503454820139
5.634,-21.6063850566779,-228.842132332227
5.6345,-33.4366508776205,-209.520054506181
5.635,-50.2129989300365,-172.803260100068
5.6355,-45.3533980065602,-113.483209321958
5.636,-15.0154727073477,-47.6348825497556
5.6365,20.7302086378558,-11.5561874697621
5.637,41.3835123031719,-22.9838341345844
5.6375,44.5266874848982,-54.7251776202323
5.638,42.7548963425478,-62.6402231447977
5.6385,46.9364704462623,-36.1229169097092
5.639,54.6767511386862,-8.19958594935378
5.6395,55.7788843056546,-16.801840160333
5.64,47.8329976040801,-67.8789962290114
5.6405,41.8489356311902,-137.689281209439
5.641,48.9121903827971,-197.025136250476
5.6415,64.8292648656081,-223.083871027783
5.642,74.2845379585075,-197.314927504063
5.6425,68.6888975782745,-111.331143640217
5.643,52.1372677852289,17.603688277673
5.6435,29.3063693622097,147.518806549032
5.644,-2.14653221231805,240.086621281258
5.6445,-40.7507224890507,287.34689156047
5.645,-70.7785176379279,304.923698834235
5.6455,-73.8109736723234,304.304635602916
5.646,-50.0601584749488,284.05678183051
5.6465,-20.0665497455703,247.726801480791
5.647,-4.54081353500066,214.164031950606
5.6475,-8.94782757744657,200.251334125488
5.648,-27.145225958041,202.529750962521
5.6485,-49.8126915251295,206.34051370057
5.649,-65.3725289581383,205.752720384317
5.6495,-63.1698575422504,201.318292804436
5.65,-45.6545195925731,183.477989926899
5.6505,-32.1023587270723,136.984975433716
5.651,-39.9477665924293,65.3094328500788
5.6515,-64.7721410155616,-6.91487047115398
5.652,-88.2472376130583,-65.886205230745
5.6525,-103.002433519584,-128.03636216052
5.653,-116.359818572215,-210.374113814911
5.6535,-128.874725056985,-291.147390730015
5.654,-125.983463858417,-324.76874942558
5.6545,-99.9443758833744,-299.34847430895
5.655,-66.6978125658949,-256.734728871558
5.6555,-46.8568448947122,-241.832732617241
5.656,-37.9778561881649,-248.349142126604
5.6565,-21.5078722548172,-234.428728399728
5.657,6.41259195600916,-182.814378807227
5.6575,28.1092710016884,-121.035980263324
5.658,30.0033571446426,-80.3999683544263
5.6585,19.6486124491804,-58.0689755270661
5.659,11.4953854049407,-31.0306149658932
5.6595,8.41901069878952,8.61636687849443
5.66,5.74791425378228,47.8533642980713
5.6605,3.962454326692,73.5267441029348
5.661,7.14031854273697,84.2028270849592
5.6615,13.8802278293093,84.9353783566807
5.662,18.5881729592306,82.1736070963383
5.6625,19.5327980478519,82.0166192977122
5.663,19.9801391170679,84.0753485658279
5.6635,23.9620558689571,79.8695308069589
5.664,34.7765667667445,66.8349898424237
5.6645,53.4282408480658,59.8305672097095
5.665,74.7617474983301,75.6666159851835
5.6655,90.8404991840817,106.989501277474
5.666,102.791714281043,125.23543234065
5.6665,122.442310526269,112.192130522105
5.667,156.062313934683,76.4408977650709
5.6675,194.156059178367,34.7238657730229
5.668,225.419387740006,-9.51272218758887
5.6685,251.676349378222,-59.236399820649
5.669,275.944778644125,-103.592315754002
5.6695,283.143928822529,-116.314853925255
5.67,252.100573900695,-75.8044122436893
5.6705,188.35401625176,14.3491730589683
5.671,127.691568506209,120.143972296327
5.6715,99.1523352445905,190.979314210922
5.672,94.8905653350016,188.822312547565
5.6725,82.8654769773693,115.667199497847
5.673,40.3057257120656,14.445843624156
5.6735,-30.6875048186021,-61.4605192084485
5.674,-110.189807342811,-84.4293676028457
5.6745,-173.979478015692,-66.0068269916162
5.675,-207.140403595537,-42.6415313636965
5.6755,-213.974056123916,-47.2116068950522
5.676,-212.046903434747,-84.5053165849605
5.6765,-211.694199969538,-129.278284480171
5.677,-206.460736021459,-152.224138421772
5.6775,-188.156140818841,-148.851504433037
5.678,-162.847215814742,-137.088553019811
5.6785,-142.879089093652,-127.634403408457
5.679,-129.584207246175,-108.826455409152
5.6795,-115.419351919265,-66.2901566799109
5.68,-99.733361476876,-7.07225913511522
5.6805,-89.8190702434773,45.2494223991608
5.681,-86.2215575889194,74.1400042921142
5.6815,-79.0265124424975,81.4599999793696
5.682,-62.3218553607418,80.1649525641789
5.6825,-42.9264988688102,82.76993558592
5.683,-29.8446765943542,93.1858471072942
5.6835,-22.3454397762554,103.589130222731
5.684,-14.128772285938,102.059456231102
5.6845,-4.04456212664345,86.8505735214277
5.685,3.04099766209385,67.896897662416
5.6855,2.67638797109163,51.100105604625
5.686,-6.46645890168871,30.126451540728
5.6865,-22.9340820419548,0.546807445580178
5.687,-40.5723945641664,-27.4707792146939
5.6875,-49.1657460946272,-41.6104101717089
5.688,-43.0626073628336,-45.9863789484344
5.6885,-28.4046278679715,-54.9202669122512
5.689,-16.6235622875159,-71.3566635743852
5.6895,-11.1190762002897,-82.5832818846269
5.69,-5.67816993347236,-75.6506957190315
5.6905,3.80562469516424,-47.665253360173
5.691,12.8350759932619,-3.37227464537519
5.6915,16.630111751288,47.5721877977772
5.692,19.207598104394,92.6363582156674
5.6925,28.709282196009,124.156834394849
5.693,46.9586675052882,141.885758118773
5.6935,69.1354979039197,140.46491187039
5.694,90.7559264121232,103.508965529745
5.6945,107.443304091153,25.9840539130831
5.695,109.423660042356,-62.5190402404076
5.6955,87.170745288605,-115.965343166541
5.696,46.813387849985,-114.674135682046
5.6965,10.9894914988973,-75.8832709168875
5.697,-3.16253266441144,-25.8900991033631
5.6975,-0.735470117510109,16.4726206330995
5.698,4.54626503081333,30.6062721198118
5.6985,14.7954495250485,1.63605581228929
5.699,46.0813314028232,-47.3795013985354
5.6995,102.562401451798,-57.9906540829192
5.7,165.24125463432,2.5499953292668
5.7005,210.491186287478,96.6904160584823
5.701,229.299577419746,156.594301857022
5.7015,222.65438633702,157.500718934464
5.702,189.139460188389,126.192003544401
5.7025,129.22552130824,86.6877653258349
5.703,57.4943886891282,32.9075354134578
5.7035,-1.8764777645685,-38.8248133627838
5.704,-34.688445540927,-102.319478694988
5.7045,-46.5841766066923,-127.159448304047
5.705,-53.274315936865,-115.447433480575
5.7055,-65.8152793931062,-93.4692538332393
5.706,-84.7232731109884,-75.0013410158149
5.7065,-102.057865249353,-50.9474512816054
5.707,-107.59931158534,-14.3939800782794
5.7075,-98.0996324165617,18.4400692860674
5.708,-82.9646503459976,18.2476752163892
5.7085,-76.9281290144519,-30.0192114798204
5.709,-84.2906643971711,-111.546395787392
5.7095,-93.4621268774627,-192.420525125932
5.71,-90.560982073711,-246.392156347298
5.7105,-76.4595960722509,-269.637373551226
5.711,-65.9236390641624,-267.213012526117
5.7115,-69.6011532896745,-233.198954041317
5.712,-81.7052875525742,-159.203800653431
5.7125,-89.3703199841244,-61.1073139125485
5.713,-90.9784434588651,25.3029981012239
5.7135,-97.25050235325,87.2393518221797
5.714,-111.698201096295,153.186420936197
5.7145,-118.212270199572,246.091684268305
5.715,-97.2387231412221,332.566556092419
5.7155,-51.6573099842315,350.595920055424
5.716,-6.42311612224128,286.419377113685
5.7165,18.9494938547117,190.430462020882
5.717,28.3020214553009,107.538821970269
5.7175,36.0780509650971,26.3414303171327
5.718,46.6842777213661,-78.8524163581383
5.7185,54.2355728776842,-185.196904258368
5.719,55.7003156429884,-240.893873705935
5.7195,53.920322648769,-235.933390281792
5.72,49.6919499168122,-208.527983536306
5.7205,39.6489723995457,-175.465533497786
5.721,22.7650025821667,-100.991388731404
5.7215,3.75247644667129,38.0597571537957
5.722,-9.67603376153209,188.52943360465
5.7225,-9.33847677751343,264.95387609912
5.723,10.2777756905892,249.742948870659
5.7235,44.8126635995164,210.988412332287
5.724,77.7963732453089,213.803342140962
5.7245,93.0076338653275,247.03015248474
5.725,89.5081525544676,256.413594881985
5.7255,79.1497442754055,224.054688127614
5.726,70.4586720664652,182.095616920329
5.7265,61.8566600793411,155.705063488686
5.727,49.9232666904793,129.345094011273
5.7275,35.2326981000221,84.0346570265913
5.728,17.5659880615218,42.5100844992518
5.7285,-6.12963612897568,48.2740529579925
5.729,-33.4857845872969,103.994133176021
5.7295,-52.2893336390797,156.636075316622
5.73,-51.6779297895409,152.491055909437
5.7305,-36.4447354754739,89.2341928988176
5.731,-24.3162783581187,1.12209543404769
5.7315,-26.9042247309014,-90.7126630461447
5.732,-35.5082125717413,-189.75497096753
5.7325,-28.3964848095267,-291.80380125413
5.733,6.85560299290384,-370.37654370917
5.7335,59.6958140774338,-406.91255577508
5.734,107.3846541486,-416.972377848512
5.7345,137.618617034229,-427.708767652638
5.735,154.931894091183,-437.880332719643
5.7355,164.945735716959,-419.55111629161
5.736,162.227776745353,-358.535728025494
5.7365,140.339408417718,-274.918320114956
5.737,106.121483974065,-196.606458243913
5.7375,73.7088185155573,-126.020855642491
5.738,48.2033210068373,-46.0885320700123
5.7385,25.1902538031404,45.0300172584187
5.739,3.15269813769963,119.267530403712
5.7395,-15.2165173237183,145.785457171175
5.74,-32.5008903260037,127.883093053993
5.7405,-54.3057837900015,103.031021683116
5.741,-76.0863156363176,102.002735928826
5.7415,-84.8652172179249,114.749923036139
5.742,-77.7506925742248,106.697500946507
5.7425,-67.3454069244958,66.9359179869567
5.743,-64.493696219298,26.292912376543
5.7435,-67.1518587970403,21.1163939100237
5.744,-71.4606883633459,50.6700903242848
5.7445,-80.8555125886328,81.9783899312067
5.745,-95.3196728519,89.176480522525
5.7455,-103.265610879397,73.85782366781
5.746,-96.4401050862271,50.8625657164246
5.7465,-85.3613603398378,31.3042227665613
5.747,-87.6059995349747,22.0195002546943
5.7475,-105.287033766557,26.4591478607789
5.748,-124.635365592913,39.6021138740701
5.7485,-133.571768574538,53.0114724820806
5.749,-129.597151173493,70.3430297146932
5.7495,-115.081717653352,106.417546168433
5.75,-96.3435527112621,164.249187689099
5.7505,-83.9014723711947,224.67970858167
5.751,-81.3378411433147,267.764421685579
5.7515,-76.0135789361227,293.471760515085
5.752,-53.532380396726,309.884783394518
5.7525,-20.4944196109214,310.381973743008
5.753,0.69929401095366,276.406315255977
5.7535,0.778849867388609,198.388833912437
5.754,-6.59648760586172,85.2983298747771
5.7545,-7.48870756068342,-37.2198722898077
5.755,-6.32482979624251,-128.842807276365
5.7555,-14.8213923891921,-153.0610291632
5.756,-33.1825220954311,-117.856568641728
5.7565,-50.4814887298616,-86.1845076206771
5.757,-55.7210509903008,-113.96706422478
5.7575,-42.0983121663532,-179.952675156987
5.758,-9.715922954544,-211.258778483032
5.7585,27.6253087653405,-182.323379634363
5.759,47.8084155215411,-148.5946144809
5.7595,44.197303725519,-164.818617339289
5.76,37.7572254875469,-209.133140155922
5.7605,53.4823549832992,-221.029968674918
5.761,89.4135969666733,-185.81323520733
5.7615,121.409484477522,-139.945679016838
5.762,134.341758010346,-108.757844176911
5.7625,133.493570183912,-83.5125935904164
5.763,127.175723151811,-57.5370132240384
5.7635,117.065534380077,-43.8234080967368
5.764,110.45223823453,-49.2060426454203
5.7645,123.307421634999,-63.0267243174764
5.765,159.028214794322,-78.9316665205761
5.7655,197.22403122219,-98.9738498384469
5.766,217.912515473941,-109.742798832518
5.7665,227.629402434391,-86.1880283265735
5.767,245.953846357794,-30.8411362793497
5.7675,272.552053893403,20.4308000216545
5.768,285.380677552351,46.1367869888419
5.7685,269.602155801404,64.8792551327868
5.769,230.122575240738,98.4023192900227
5.7695,174.168502764251,138.649423819429
5.77,101.534254853255,171.874128669592
5.7705,19.9720743015702,206.248925910678
5.771,-48.6936671376317,248.036510687129
5.7715,-93.2665707558859,274.440871823311
5.772,-131.77051913312,262.118117215569
5.7725,-187.408961807454,226.430688100198
5.773,-251.600012485725,201.820452861371
5.7735,-288.371527952282,195.530805710986
5.774,-275.271796876263,189.715655674384
5.7745,-225.770875941047,178.364229514289
5.775,-170.066459159836,171.618087247883
5.7755,-127.31775506641,168.83783698823
5.776,-100.512005379195,153.54847616135
5.7765,-85.9556713745246,112.060121828092
5.777,-79.0790967879646,40.1846812536573
5.7775,-76.4223068589854,-54.8824600731208
5.778,-78.1072332515585,-139.778890509492
5.7785,-86.404655486418,-165.766080994759
5.779,-100.425603367037,-127.891955763915
5.7795,-115.191242075517,-93.3039621320068
5.78,-125.097052667995,-129.446314647418
5.7805,-124.387759679575,-220.108473737025
5.781,-108.151865424139,-299.080778791622
5.7815,-80.6162539384765,-350.061354330073
5.782,-57.8370829507001,-409.636669896656
5.7825,-49.8005783455056,-473.717316367607
5.783,-42.6492428820653,-476.725120487348
5.7835,-14.9518837305423,-389.754205002841
5.784,27.7551570208122,-274.949414457658
5.7845,54.1951179789925,-201.284200646861
5.785,49.2237362748517,-157.497577458939
5.7855,34.0295613959208,-98.2950369966795
5.786,32.2655855413275,-37.3033140017768
5.7865,35.7173590488087,-32.8412427277082
5.787,23.464912044598,-95.7070895983158
5.7875,0.552602863465696,-164.969236536149
5.788,-7.71854244320246,-178.636939401509
5.7885,5.98098565117587,-131.857594311278
5.789,23.4939545883747,-60.2601973179578
5.7895,32.2219336581935,5.40123081942962
5.79,40.6082908227678,57.5713889777118
5.7905,56.9082893206246,101.035577675839
5.791,72.1600663287448,135.569416181928
5.7915,74.6336203132291,152.897899936139
5.792,68.2639668771112,154.81818167541
5.7925,66.8621738877419,165.394847784493
5.793,77.926945892557,205.904550670749
5.7935,98.0856865774829,263.436960222885
5.794,116.834427713867,312.36097472317
5.7945,120.859908892378,361.198333894841
5.795,103.380359180893,435.652713676399
5.7955,72.893458413908,513.622178232113
5.796,43.9837952697773,535.264827223583
5.7965,17.5662855164487,498.633427486729
5.797,-18.0737173888867,483.353070102562
5.7975,-63.7076877039633,538.520679952937
5.798,-101.42428741803,603.626168375103
5.7985,-117.69083914452,594.431256498051
5.799,-120.159932215942,514.617215289723
5.7995,-121.621375992154,414.792081179266
5.8,-120.480122586493,290.996570765615
5.8005,-109.91457475961,116.007687989573
5.801,-94.5794279519359,-59.321591904428
5.8015,-82.3367475049058,-146.648844751501
5.802,-68.1248648651342,-165.007285741872
5.8025,-43.5251663220838,-236.483374672451
5.803,-16.7084552917213,-404.649027757954
5.8035,-4.36708096949054,-552.458293857591
5.804,-6.25084300835509,-555.537091782124
5.8045,-6.68698165906136,-442.85051010486
5.805,-1.97836677724704,-340.184904183471
5.8055,-6.13598283836674,-309.275774462613
5.806,-23.4740811777437,-312.737900545376
5.8065,-34.5268992685895,-301.318363665157
5.807,-21.4499257823968,-264.106545198098
5.8075,5.81958882269555,-207.436663429937
5.808,22.9468793315069,-145.143628853677
5.8085,22.7234802995904,-108.202403492454
5.809,19.3138527082552,-120.188808268551
5.8095,25.5406913320149,-165.546280771758
5.81,40.4953271294512,-214.383616380568
5.8105,60.609409546738,-265.381331393585
5.811,90.0384439512135,-327.092395002126
5.8115,132.653300599439,-373.201655013504
5.812,179.029218405446,-364.939186495628
5.8125,208.73928236243,-313.128941066786
5.813,207.516481346514,-269.7460894944
5.8135,181.810932168415,-254.343351619785
5.814,156.028397648067,-234.532052141719
5.8145,152.955483306112,-188.008856382092
5.815,173.434118385611,-136.192201431569
5.8155,194.903874988777,-95.0097944971602
5.816,191.973727489395,-35.5455786715766
5.8165,158.46611590114,69.3345064088787
5.817,107.721399935104,184.812556046638
5.8175,53.5499563189461,242.304022977884
5.818,-2.45155755702205,223.179989887823
5.8185,-61.6256380101096,182.433101275097
5.819,-112.833851635304,183.809335647415
5.8195,-136.621073838142,233.827303461794
5.82,-127.236925328749,289.335656924725
5.8205,-102.573617300389,313.244415956982
5.821,-85.172627714871,306.006712045051
5.8215,-77.5262826783427,287.97536983522
5.822,-64.9878838772572,270.548946147608
5.8225,-41.576422221121,253.85983888665
5.823,-21.3261182124551,239.917298007215
5.8235,-19.8476741477172,229.066965128829
5.824,-35.1265549941528,204.761905668704
5.8245,-55.6325750982099,143.277332323826
5.825,-80.0276203031902,49.534426547341
5.8255,-115.660432477969,-32.4532358618293
5.826,-158.570871036345,-62.0933255113736
5.8265,-188.020040077585,-47.3464747560653
5.827,-186.516657369289,-30.4435299268036
5.8275,-158.658482150731,-33.1265454963577
5.828,-125.736843632462,-35.2259338664536
5.8285,-106.705314945061,-9.7241788733037
5.829,-108.044845682853,38.3543390096178
5.8295,-126.387895386409,76.3483793303259
5.83,-153.663626661932,76.5059484877277
5.8305,-180.210222689348,36.5750941714557
5.831,-197.812234011978,-22.9146933234809
5.8315,-201.58096812751,-71.4340714516873
5.832,-188.57955177143,-83.1649300497026
5.8325,-156.508039920286,-52.0318467957204
5.833,-106.696569855918,2.6731093083734
5.8335,-48.7542939954888,51.4161533985557
5.834,0.461721135848346,81.0685623070295
5.8345,26.9578454878067,103.138917091261
5.835,32.7359530351384,128.794619102352
5.8355,38.1109057767289,141.701245485555
5.836,64.3818838646533,114.244479476832
5.8365,109.990669208931,55.1820330272904
5.837,149.137286770997,16.3702468880767
5.8375,160.580696673304,30.3351632331149
5.838,152.978645954549,60.4704992939368
5.8385,151.800682962624,48.2436616870466
5.839,164.516628684682,0.412419993560233
5.8395,173.382530317642,-17.1351467306995
5.84,164.746904187682,20.310944204005
5.8405,148.467215561347,53.3506201232606
5.841,138.166875368815,24.7031554663588
5.8415,126.913841558983,-35.567723140564
5.842,100.031903139886,-57.5833755970249
5.8425,64.4089475407479,-35.9330117210398
5.843,44.2854911835751,-30.2669271818469
5.8435,47.1806300476142,-71.3778779821389
5.844,53.4314678881296,-123.739763599763
5.8445,46.6873365442811,-149.415589709245
5.845,38.4039591044311,-157.889036809264
5.8455,49.676494369007,-170.562598323397
5.846,79.8492907773957,-176.819761993679
5.8465,107.816432111116,-157.274090954323
5.847,118.496050746613,-125.250639325018
5.8475,113.271757282633,-112.660212276388
5.848,97.0440178108075,-126.298326341085
5.8485,71.5230074500085,-143.061627347078
5.849,44.9159538150849,-141.200743454337
5.8495,33.7218775984035,-116.15854132338
5.85,45.2161241626404,-71.6564399044445
5.8505,65.0689669559812,-15.5759137146213
5.851,70.2400355628227,35.3093181299887
5.8515,50.5119385369282,63.0208078633244
5.852,12.8725415145264,66.3272094251883
5.8525,-29.7282241177823,62.7927563291637
5.853,-68.0190529822443,67.2446264231558
5.8535,-99.5093088671197,70.206717245875
5.854,-127.954458035442,43.4417003299781
5.8545,-156.26984136268,-26.5254194494184
5.855,-176.826177029686,-111.385924078574
5.8555,-176.725532282365,-161.087246277688
5.856,-158.698731515509,-158.976884550362
5.8565,-145.801054534085,-141.513399796886
5.857,-152.875687840085,-147.209384864502
5.8575,-162.632862298466,-163.970932994687
5.858,-148.024762265142,-155.976812571206
5.8585,-113.12962973336,-128.673780109787
5.859,-89.4986349642352,-123.282487431882
5.8595,-90.7288657561902,-145.090579458994
5.86,-94.6530227623262,-145.169791466845
5.8605,-78.9176060699379,-91.8062619458543
5.861,-51.1951795195492,-17.2447255390387
5.8615,-29.0613828188996,35.8062771765348
5.862,-9.9535608593157,77.2598880490437
5.8625,17.4084161321439,140.247953195843
5.863,45.5195148268403,215.686896349275
5.8635,56.811397345345,261.828593849812
5.864,53.79999415672,266.406968688361
5.8645,56.962597425598,256.358997395399
5.865,73.2930840314633,249.969319168111
5.8655,87.6604352616613,239.328438336302
5.866,87.0842489656701,223.082229520549
5.8665,74.9958645797758,220.094386072779
5.867,58.9437758557557,239.051959613142
5.8675,42.6773527670671,259.329785037228
5.868,34.894297714875,252.455162332424
5.8685,47.3785618457405,207.577353413625
5.869,76.4017860124762,135.568561317187
5.8695,101.420303570929,65.6663237246326
5.87,111.113222164321,33.8349705530436
5.8705,117.408898277541,50.9349219690472
5.871,135.039458192991,84.0888928367366
5.8715,159.867974615743,92.5986771735126
5.872,176.541710216189,77.5630158598827
5.8725,175.419618581786,67.862245391807
5.873,152.600044137633,63.0335384459118
5.8735,106.352681675138,29.527081309231
5.874,45.7955620366793,-41.1890620973775
5.8745,-8.274549523369,-111.860960352457
5.875,-44.9788692425307,-152.259771777251
5.8755,-76.6852756525474,-176.117960835628
5.876,-117.526168807926,-204.269579480714
5.8765,-158.52264251284,-224.859881000328
5.877,-180.623059690386,-219.124723269767
5.8775,-184.733319446367,-200.432135073397
5.878,-189.161061275748,-194.494774003196
5.8785,-200.23200767176,-196.998781022409
5.879,-205.645966948213,-182.183596847395
5.8795,-198.938092918084,-144.3207796242
5.88,-191.506535378764,-103.874395392231
5.8805,-193.283866995475,-78.4410234671453
5.881,-196.25445769631,-70.0019412332091
5.8815,-186.504693880777,-75.0683246650803
5.882,-162.275825934284,-86.3262121585513
5.8825,-130.844644837859,-88.6773610696505
5.883,-95.6337507738744,-72.8593071487663
5.8835,-57.1507318773852,-50.2053817516306
5.884,-22.7985330272225,-38.9071990659345
5.8845,-4.78303044501193,-40.6073580992116
5.885,-5.91292438667057,-43.7276995994785
5.8855,-13.3050034266001,-41.5205973306121
5.886,-9.9956031511567,-32.1667673467306
5.8865,8.85222632184909,-10.9832049803782
5.887,34.3226729331774,20.4113631790055
5.8875,58.0625746074145,46.4692494049745
5.888,83.4681489193876,56.8487518898052
5.8885,118.173758053845,63.8530996816944
5.889,158.842910070861,82.7315874770913
5.8895,192.161776711801,104.819586300738
5.89,211.74758804702,110.115069375717
5.8905,224.485895865513,96.6169893442989
5.891,236.311816847376,76.9776321915148
5.8915,241.786681106555,58.2792970886085
5.892,234.775678547636,48.5173349752803
5.8925,220.176906248587,68.7701759938617
5.893,205.656653618109,128.564037334613
5.8935,189.644694551769,200.379153684569
5.894,167.986039366917,252.025658249009
5.8945,144.829196718392,292.579713504449
5.895,124.846671218738,343.99490093131
5.8955,102.543947175116,374.895405394273
5.896,74.265374452275,318.02129961342
5.8965,53.1964824076612,165.242366927002
5.897,52.473444639671,-5.27183471061182
5.8975,57.2292808285421,-117.632647067137
5.898,37.3477465153848,-168.693081754753
5.8985,-8.80600609129169,-186.621913902216
5.899,-46.8335271479523,-171.731861392219
5.8995,-51.4069380003411,-124.073769355488
5.9,-38.2313782808223,-89.8931178760659
5.9005,-38.2355954191212,-119.032990013373
5.901,-57.8595428180332,-189.08047157555
5.9015,-81.3928887690311,-225.646755159399
5.902,-98.675417017793,-197.458350017657
5.9025,-111.209810745597,-146.402189787857
5.903,-119.200651698638,-120.118228808379
5.9035,-121.744310095634,-118.093180238897
5.904,-126.750778908154,-115.819750726962
5.9045,-144.366853375387,-104.030300654372
5.905,-171.178425985819,-84.8893314490614
5.9055,-193.995320527356,-57.9929482158138
5.906,-208.233135056288,-30.907926157492
5.9065,-219.773100811063,-22.6826340597067
5.907,-228.768313361731,-37.586110025228
5.9075,-224.537074495244,-52.0253193784317
5.908,-199.526052076858,-45.8777268940515
5.9085,-159.188330724668,-32.5512752632566
5.909,-115.893065968735,-38.5339130424324
5.9095,-80.2615264909396,-63.916485000109
5.91,-58.4111685370073,-84.2923172204278
5.9105,-49.2129359751111,-86.8317192893715
5.911,-43.4318677421644,-83.8252365957966
5.9115,-33.0161178174451,-88.723812980878
5.912,-20.9098627054424,-95.7563329542637
5.9125,-13.8558768836053,-90.8399073952989
5.913,-7.50921031010388,-73.3890959202103
5.9135,9.82053869184311,-59.2390779894448
5.914,38.0418605253535,-63.7151925359301
5.9145,62.8054257343141,-84.1236226812689
5.915,76.6521729589931,-97.386706219287
5.9155,91.2845182690599,-75.9211951320402
5.916,121.678913990938,-10.6418002930273
5.9165,166.589200047537,80.2805258926625
5.917,212.354742026148,168.681544921634
5.9175,248.906613344991,242.478997399211
5.918,273.506690517611,309.069492813512
5.9185,283.754486432996,371.436790609816
5.919,276.331790065734,411.505732307052
5.9195,251.536099755264,409.841464365188
5.92,212.450330401659,378.190053621487
5.9205,160.109547798688,353.817670692843
5.921,94.3754756593242,353.406541180724
5.9215,19.3627187346752,348.401259272865
5.922,-55.2728079513171,301.277267494308
5.9225,-118.205666483325,213.25669332269
5.923,-161.258089713468,114.607510153582
5.9235,-184.399715958896,19.6274400644321
5.924,-197.636753987616,-73.8064761335353
5.9245,-211.653930828482,-140.953099429327
5.925,-221.706360726684,-134.464125872292
5.9255,-206.807994254424,-58.7056486981011
5.926,-152.918456914983,-2.20723803737805
5.9265,-73.9165859645081,-50.2005526651432
5.927,-1.66700437479553,-179.254002960442
5.9275,43.0072767089287,-281.960771604229
5.928,62.2033049809682,-291.35874270449
5.9285,67.224730271442,-238.560769958915
5.929,64.9989422412808,-186.518972741385
5.9295,59.8113277512148,-155.714703622699
5.93,56.2839282995727,-133.792017336661
5.9305,53.3732810573626,-116.062557448616
5.931,43.105552763771,-103.797470899227
5.9315,22.6735965039507,-88.7077280432858
5.932,1.63335751589913,-71.0044924245142
5.9325,-10.9273810843906,-74.451692318383
5.933,-20.877515580596,-113.065667445374
5.9335,-40.5656883873331,-157.33594208727
5.934,-68.8163204126955,-165.045980378737
5.9345,-90.3892236139138,-136.492046504923
5.935,-94.9381961274576,-108.141598011005
5.9355,-85.1989367118233,-97.2227820984184
5.936,-64.791511131127,-84.9069803748843
5.9365,-30.7824555260869,-54.3312928871728
5.937,14.9378818586517,-13.5577731114503
5.9375,57.1760706993697,24.5154848806671
5.938,79.9729103317516,55.5608752996965
5.9385,82.082292668928,68.8255856724034
5.939,73.2014504316508,48.657071321374
5.9395,62.4916202323951,6.35125362643582
5.94,59.6842463010592,-15.6441715106304
5.9405,78.1244633124782,7.76230783580914
5.941,120.661599127241,51.4267116714111
5.9415,165.148613384193,77.4672264264027
5.942,179.84960897034,87.2539510437998
5.9425,155.478725533004,107.519369586985
5.943,110.323772332902,136.491103213848
5.9435,64.2967358666854,139.416123301113
5.944,23.3926801449975,101.220912928295
5.9445,-8.77631163075973,52.504533151095
5.945,-24.4448210071912,28.9651458946794
5.9455,-27.2644920366415,27.525304438475
5.946,-38.1857445179297,21.9503573233343
5.9465,-70.6513950220403,6.59806188039654
5.947,-109.532520618719,0.32124384660177
5.9475,-128.194135900637,11.5282307621244
5.948,-118.705994089739,23.7847462603431
5.9485,-92.977662322958,22.4587445210515
5.949,-63.0848252916417,16.9155039144732
5.9495,-35.530967888128,23.4809444569237
5.95,-17.5106938375595,38.0474960361769
5.9505,-11.4205540322419,40.9182497538199
5.951,-7.12625873435139,23.9457397970315
5.9515,3.60852264289997,-0.82093616150284
5.952,8.67035294546659,-16.6976317953665
5.9525,-9.53133481600076,-13.0365462353968
5.953,-41.9693358362186,16.4957287567622
5.9535,-57.1625094183511,67.5552927040208
5.954,-42.3773425640915,114.458966203595
5.9545,-22.104200349733,126.631219758619
5.955,-27.4295955566923,105.32861989117
5.9555,-61.7291861339846,84.9646621083236
5.956,-104.248481254347,84.4159892481658
5.9565,-133.672093189683,77.4092914435037
5.957,-140.022570177083,33.3128816978829
5.9575,-126.806894189769,-30.3832373307926
5.958,-111.001867912712,-68.2380583787536
5.9585,-109.224404677869,-71.2624633525708
5.959,-114.880184285879,-74.8735252837799
5.9595,-100.762527747074,-100.471661750277
5.96,-53.4251527041683,-126.943996358276
5.9605,7.76092327970296,-134.101381722217
5.961,56.052771454416,-139.10543741601
5.9615,87.4372202800107,-163.713149893423
5.962,111.555546932881,-191.31720802029
5.9625,127.716998526747,-189.187189631255
5.963,131.235103736096,-158.866781692712
5.9635,135.035630324125,-131.490582638783
5.964,160.521757760717,-118.992741535577
5.9645,205.660944475845,-101.537765390395
5.965,240.76868698545,-64.6063576574887
5.9655,239.854152853418,-19.729592441795
5.966,202.56560663948,18.9177301782018
5.9665,143.167247832588,53.9366273834247
5.967,72.3407442686444,89.0421903613379
5.9675,-4.61759522881283,113.385504359459
5.968,-82.0604283240894,116.051295855879
5.9685,-152.308275144213,103.487015645797
5.969,-204.825445489347,89.3300621368809
5.9695,-228.194200469035,76.2267162826071
5.97,-221.812959021055,59.6140574299468
5.9705,-204.244724433328,41.5665847998529
5.971,-197.588964250444,28.0215287612284
5.9715,-201.064527869121,16.8353725519557
5.972,-190.94747158763,1.13958682193468
5.9725,-150.520445339434,-16.3693249987143
5.973,-91.0325688657904,-23.6896573252327
5.9735,-39.2492820927158,-17.2876782192679
5.974,-12.0217453236174,-12.1431468224376
5.9745,-6.01679948630308,-27.1786390929674
5.975,-4.71179913536951,-60.0435994248352
5.9755,7.94044241110571,-80.1431948051534
5.976,35.0509547818434,-52.8070502235794
5.9765,66.7815919217639,25.4898597899242
5.977,97.7198814143237,118.712209442376
5.9775,139.706027264975,182.795906041552
5.978,205.090489696709,203.014500405696
5.9785,279.610969367396,194.957351824238
5.979,329.475234865098,175.900092454686
5.9795,339.730077591039,151.315981763333
5.98,329.068220005594,130.421299294956
5.9805,319.276988039257,134.305227935969
5.981,307.343369394015,172.916041894647
5.9815,280.700113839468,222.784951132212
5.982,244.433958396895,243.781232327085
5.9825,213.071390182309,217.757220220449
5.983,182.371251670002,160.834422612369
5.9835,130.654934563003,98.7930666473853
5.984,50.5737636283156,40.8057913826181
5.9845,-36.0840124110228,-20.4791875595717
5.985,-101.49657415117,-90.8386035080497
5.9855,-140.412636549519,-161.141038908288
5.986,-169.686185649906,-210.903251042011
5.9865,-204.399074714948,-226.336135530087
5.987,-239.794207080825,-216.878841151803
5.9875,-256.41836102863,-209.223117475728
5.988,-241.490865716605,-219.540617698243
5.9885,-203.848447506964,-236.23398886403
5.989,-165.365905851086,-237.498207398571
5.9895,-138.697492998167,-220.430202517422
5.99,-119.975759044886,-200.83255545856
5.9905,-105.031708073122,-187.27906161559
5.991,-102.733016113165,-171.699485316364
5.9915,-123.152325098044,-148.977668671119
5.992,-157.905505462419,-129.019019396189
5.9925,-183.375910177449,-118.865707469443
5.993,-184.052020777667,-106.006699049033
5.9935,-165.861293813618,-75.1140685352423
5.994,-146.288105880275,-34.7458816180309
5.9945,-137.187229918559,-10.9869708991128
5.995,-137.669266169478,-15.9965666306472
5.9955,-138.653350046869,-38.2010151029588
5.996,-132.678059209891,-64.7419541258713
5.9965,-120.679072317996,-96.2534751452844
5.997,-107.360264510467,-131.000687017497
5.9975,-88.5333362703894,-149.035794259444
5.998,-49.1128362892175,-128.127793096628
5.9985,19.0614892183779,-71.2590492738524
5.999,99.6898398141175,-5.3936226400623
5.9995,159.888390566109,46.6795452514604
6,177.070403660323,83.3855600815888
6.0005,155.000200269388,113.852859744509
6.001,115.136224593261,142.039574123741
6.0015,77.3994915262652,166.034141211144
6.002,49.2776395319036,185.632455276609
6.0025,28.7445321962879,204.704376447874
6.003,14.4662365940374,228.533836844872
6.0035,11.0066064046193,259.934209283082
6.004,21.6045631632166,293.386202966384
6.0045,39.1298151313872,313.038779807945
6.005,53.2311961385473,304.501326818822
6.0055,67.0262782996841,271.237367024707
6.006,94.1180337260167,231.259524369523
6.0065,133.208057542004,194.872084632028
6.007,159.445106633638,156.910753195928
6.0075,152.969261874221,116.969568448623
6.008,124.602211526751,92.1500395804462
6.0085,97.7340912074387,93.6939641238563
6.009,75.0262370273566,101.032881048329
6.0095,44.2398841992861,81.6012115522672
6.01,11.1943669549258,36.046004163604
6.0105,0.250230741760889,2.00016259035558
6.011,17.9557876604576,6.38303179452899
6.0115,40.9318911695492,31.9502320213691
6.012,50.9412750998755,40.7824658863246
6.0125,61.3134713504029,15.8396029761301
6.013,92.5232995747002,-31.429178905594
6.0135,136.984511036353,-79.584777924704
6.014,167.778417352866,-109.033376369152
6.0145,174.78874709906,-109.423703316478
6.015,173.835463724882,-94.5775494289605
6.0155,181.651891585436,-101.246188393068
6.016,196.336168747513,-152.120878284581
6.0165,203.652509520356,-223.876279612076
6.017,191.630405994935,-271.098642996011
6.0175,156.264154463382,-278.519779023095
6.018,100.200184381364,-268.741589004464
6.0185,29.3945078235377,-261.29763328153
6.019,-50.708348369699,-251.170506658317
6.0195,-135.394300111253,-232.339260725555
6.02,-217.502077195273,-213.925965661832
6.0205,-289.534894249957,-199.677042226981
6.021,-350.997998197988,-176.680135427617
6.0215,-406.687962317299,-142.980672271692
6.022,-454.21801827509,-123.67749950332
6.0225,-481.468653865294,-134.573499362775
6.023,-481.403507001485,-147.011223204854
6.0235,-459.847074178277,-118.650262545631
6.024,-421.465755372109,-50.028924039164
6.0245,-359.28017909838,19.3445071308984
6.025,-270.115249853854,66.3433662970494
6.0255,-171.681128017593,103.344184991898
6.026,-89.7038309725224,140.119266294736
6.0265,-32.9737022117514,160.692911066987
6.027,6.3826585669618,152.033271541155
6.0275,35.4871497750049,129.522734483994
6.028,60.7034465183288,115.377743003445
6.0285,98.6942681597606,110.18776195173
6.029,163.862308801975,104.137422759352
6.0295,241.837285271552,101.770249524418
6.03,296.375369464418,115.79067865466
6.0305,309.816998201964,144.95772219743
6.031,299.465314127774,175.695617815346
6.0315,287.288882396628,200.537596778431
6.032,273.430594397073,220.791405168558
6.0325,251.907596898537,235.349356448108
6.033,232.970622238029,238.978937352882
6.0335,229.455662549969,227.312443405126
6.034,232.62471630246,193.660751978212
6.0345,223.642147024418,128.477995480207
6.035,203.970187176272,35.2443775583781
6.0355,192.947127760483,-58.3305169340519
6.036,195.088335994394,-118.352094135721
6.0365,190.28007397002,-132.122097692858
6.037,162.797637128361,-109.941001499083
6.0375,124.097993761445,-67.8152429385401
6.038,96.7721236042662,-19.7738223637153
6.0385,85.4368737939947,21.7652074797293
6.039,72.5091134993521,53.1519922000517
6.0395,36.9306610413913,79.972209667734
6.04,-28.8963240043425,95.7601830589204
6.0405,-113.427184770212,71.4870570647799
6.041,-189.2065236449,-10.2982195564305
6.0415,-228.120729500368,-116.418514117701
6.042,-224.517959520716,-185.507266275958
6.0425,-202.416416172387,-192.939092810855
6.043,-191.867895698914,-171.323134827328
6.0435,-198.948052034778,-163.955807855001
6.044,-206.876749140759,-182.362215319835
6.0445,-205.299966333889,-214.612766528917
6.045,-205.899884655896,-245.866147271041
6.0455,-223.190102082934,-254.809529944664
6.046,-249.832382035576,-215.255956035442
6.0465,-262.005446255755,-126.061739027807
6.047,-245.95268903131,-26.0989772463804
6.0475,-209.839864552182,42.5055874541123
6.048,-171.153183421991,78.0234213521432
6.0485,-142.351564786936,107.943611949625
6.049,-128.705655307583,142.673247142552
6.0495,-127.991623569565,162.534853789398
6.05,-127.375466107673,151.281686826436
6.0505,-110.940528597331,124.496989045558
6.051,-77.9208442942442,116.491025112427
6.0515,-45.5525439707817,143.962107128117
6.052,-26.091510191786,185.486856060084
6.0525,-9.96911470964251,198.032795179287
6.053,16.8131910089362,158.845618406829
6.0535,46.6770746414104,90.3186800845045
6.054,58.7125494320335,33.9356670010343
6.0545,50.5934959396245,1.53834122161955
6.055,43.9527348362581,-29.3232820228664
6.0555,54.0993462239278,-69.0374327755549
6.056,71.2336233667665,-92.3741745396329
6.0565,80.6930088137767,-78.5813787978814
6.057,88.3624798001936,-51.1870782037703
6.0575,113.12646965984,-49.7097459664715
6.058,161.346853070124,-75.630498269687
6.0585,220.522900056093,-97.0826579321688
6.059,274.611870550287,-100.101969737818
6.0595,316.568678999756,-102.200804016995
6.06,348.668851468225,-113.072933460832
6.0605,378.069070847617,-113.245479962234
6.061,409.238815095203,-83.4534663612712
6.0615,434.447172911299,-32.9793224637582
6.062,436.005736255418,13.9366488844943
6.0625,405.149441612883,44.1985766754019
6.063,353.780211966732,58.5102377593286
6.0635,298.354866757799,62.2722740902356
6.064,236.639951382797,63.9278896297431
6.0645,152.847358330676,71.5279485681529
6.065,45.5682702375815,83.2558716197792
6.0655,-61.6638956151303,90.4771037278094
6.066,-142.040383823208,93.0866746364223
6.0665,-190.349182511438,97.76444293173
6.067,-223.330671315363,96.0425050274141
6.0675,-261.903214366927,61.4271907097782
6.068,-315.552831299605,-18.8664471404394
6.0685,-376.673116127084,-119.242486900479
6.069,-424.26034306401,-194.012929250062
6.0695,-436.664731657702,-215.41889608556
6.07,-406.287561154345,-189.448425491606
6.0705,-342.810083780434,-144.316376695991
6.071,-262.888468946936,-110.371237402618
6.0715,-180.186925359258,-101.94494407389
6.072,-105.457640630818,-109.678347669251
6.0725,-49.6479372849069,-113.418498648514
6.073,-20.5303985370098,-103.067970189402
6.0735,-16.4990691642688,-79.6429186348419
6.074,-27.4242963988101,-40.721283579908
6.0745,-43.050114098222,16.9617826897979
6.075,-58.9880649850643,79.381027134512
6.0755,-73.328597158379,121.800207319012
6.076,-80.1850511688679,141.37979140353
6.0765,-72.8529890363812,161.907401570082
6.077,-56.0024009331103,194.579123762658
6.0775,-47.8153846891676,216.22509002858
6.078,-60.9479739510965,203.930118132325
6.0785,-83.8185304661666,171.481894254976
6.079,-91.5629572412301,149.205750693182
6.0795,-75.8484394911214,142.826358498223
6.08,-51.2875214878994,135.950993489132
6.0805,-29.1488931754073,120.336820243913
6.081,0.0577927385427329,97.068541373011
6.0815,48.3773887239143,57.2642406376136
6.082,108.320782944562,-7.87552041330516
6.0825,162.944196397335,-79.1102860643065
6.083,208.112099435939,-118.926729981017
6.0835,248.732636407991,-112.985859337463
6.084,279.983619527408,-80.5567196438647
6.0845,290.629994604115,-43.5831949962338
6.085,282.629290138543,-9.60287184605227
6.0855,270.197902194979,12.942409244299
6.086,259.050749399639,11.0540090291241
6.0865,241.67694672052,-10.5075176439856
6.087,213.536698055814,-26.4605382692057
6.0875,178.885179474843,-23.3373448756758
6.088,139.648029079404,-15.630692685381
6.0885,93.2843160913021,-18.2997473570826
6.089,42.2014996281081,-23.4905465975336
6.0895,-9.84454148526502,-19.7756637329795
6.09,-68.9931819309244,-15.5439407811517
6.0905,-138.561218092155,-23.1690126741278
6.091,-194.523282761581,-33.6942152476738
6.0915,-199.96758332341,-29.1926814324329
6.092,-154.011530968625,-12.1930873821658
6.0925,-102.920307760725,-1.52590754263658
6.093,-87.5799751328893,-2.40998001871696
6.0935,-99.0806653639479,-0.1534480751083
6.094,-102.333673672799,16.2010260982575
6.0945,-84.9143823515683,40.533119550528
6.095,-61.9400056964886,61.8232996770668
6.0955,-47.2803735168413,75.1094024898632
6.096,-43.6865031628184,76.4650485332288
6.0965,-54.0072024149826,59.2700588174818
6.097,-81.1422798125541,21.7270259635289
6.0975,-119.889342084636,-28.5606853752068
6.098,-163.29815904384,-80.5880941897561
6.0985,-210.388897959326,-125.206319211204
6.099,-253.804329149463,-155.249419955029
6.0995,-271.185455671395,-170.057178643472
6.1,-248.799903788697,-181.634098478434
6.1005,-205.991004710648,-205.002176456063
6.101,-175.419450927664,-235.412680454349
6.1015,-164.415540796566,-243.473699809365
6.102,-155.151468832016,-203.597331046798
6.1025,-135.268241443856,-125.332155235407
6.103,-104.594821599888,-47.5001297565177
6.1035,-57.1426960066408,0.0886405749216006
6.104,16.1165582313664,22.15927826064
6.1045,106.381983128668,42.7851780647883
6.105,194.104993247133,72.5176895629937
6.1055,277.62665764925,99.4682505412197
6.106,369.315274077984,111.133543875754
6.1065,462.828021167343,114.228929467604
6.107,533.896669209518,127.143646271236
6.1075,577.877200349765,158.8813599512
6.108,613.702713809108,202.262842297644
6.1085,640.056284581362,242.869611042064
6.109,621.496648709977,264.805766630138
6.1095,537.04951547886,250.198932631648
6.11,413.292011850922,187.945996930988
6.1105,286.649101911113,91.3426291823404
6.111,159.438058864949,-0.721034463998496
6.1115,19.8410663035883,-51.8336850576369
6.112,-118.607265208683,-59.8580828633577
6.1125,-230.212536841412,-56.9457617177276
6.113,-313.393835081702,-76.3084633680933
6.1135,-380.784221511457,-120.289907732675
6.114,-425.017220478516,-161.997573911079
6.1145,-428.819954156037,-177.023422703032
6.115,-402.746835754874,-169.585751383748
6.1155,-377.90615729619,-163.114319054681
6.116,-361.289315424033,-167.255678228212
6.1165,-331.00800906548,-163.864325765003
6.117,-279.402341983735,-130.325359200422
6.1175,-228.994367461653,-68.1254867858085
6.118,-197.061371648703,0.224596150840097
6.1185,-173.309456259195,55.9028856851788
6.119,-144.885584726921,95.061738309789
6.1195,-117.836147118231,121.619644880574
6.12,-99.0479610563693,142.202993548434
6.1205,-80.0544360319802,164.898079687363
6.121,-56.7103471161536,189.206827747576
6.1215,-45.5992003307584,199.675581300353
6.122,-60.0934687667525,183.654936070303
6.1225,-83.7074854023139,151.299536015479
6.123,-88.1362416625786,119.867212660011
6.1235,-69.3200865073478,83.2342707426225
6.124,-46.6182370003057,23.9754889526628
6.1245,-31.7921778341195,-43.0675998155936
6.125,-17.0117261911624,-73.3544275234242
6.1255,8.07388750651037,-53.0507595452683
6.126,42.8332899542039,-25.2700718436582
6.1265,79.8225845266637,-32.345947060248
6.127,110.423422666662,-58.9711052697665
6.1275,125.622573116905,-64.1084316674912
6.128,121.755248150494,-47.7723140966032
6.1285,107.51157492056,-45.4673260449044
6.129,97.3960556497814,-65.3368738566289
6.1295,96.3078932537481,-73.9434909432341
6.13,96.1720083199354,-49.8267769972367
6.1305,88.6423770149304,-14.7260738376704
6.131,76.1545843545077,1.35240743607862
6.1315,69.0531470313843,-2.38594684211745
6.132,74.5608390725996,-9.8055195242412
6.1325,89.5439134042213,-13.7202728295118
6.133,104.480447823463,-12.3716445237884
6.1335,116.140915153116,1.06796664370192
6.134,133.495183702697,26.7207974365032
6.1345,164.207325517763,48.2735691904015
6.135,197.040241998278,51.6148822639641
6.1355,209.444704342855,43.9582295527225
6.136,195.319693006038,39.9110260385379
6.1365,172.064577128855,36.7181248405044
6.137,154.261878411633,18.8882538320101
6.1375,136.104086522692,-15.9023203874339
6.138,111.869745753511,-48.3168190761312
6.1385,97.4630283011701,-55.3831981940963
6.139,109.615020970916,-30.9309674385188
6.1395,131.779392421115,10.3422805583171
6.14,126.431509667937,45.5076327281053
6.1405,83.2710476184337,62.8542296289157
6.141,32.5967597812344,69.7539196482475
6.1415,3.43217681616454,76.7634742877445
6.142,-11.5513765218971,77.4841757996813
6.1425,-36.5868496956345,56.5273699938779
6.143,-74.3453014953355,16.6010052036636
6.1435,-105.755537625542,-20.0849520204981
6.144,-122.222863549848,-42.8037294476686
6.1445,-139.968896832938,-66.3211474407883
6.145,-178.802302526603,-103.368950375853
6.1455,-236.659260823294,-140.372977319685
6.146,-289.961223275454,-156.268946913334
6.1465,-315.010008354543,-152.279926069919
6.147,-306.965950282929,-145.319907952959
6.1475,-281.297509748023,-141.364687310849
6.148,-259.20708458931,-133.544992471832
6.1485,-250.342880836836,-119.922537197972
6.149,-247.370190244797,-104.967338226529
6.1495,-235.356404396371,-87.7678521321714
6.15,-204.700707746074,-66.3716688080719
6.1505,-155.403971050641,-50.5524601276898
6.151,-92.499680354639,-51.8467774803198
6.1515,-21.6955435830081,-61.5932639676362
6.152,48.8568773148696,-56.8541137296046
6.1525,105.056846420171,-29.81714161026
6.153,131.40373223314,5.17264944564928
6.1535,124.607105708,35.8926337397694
6.154,100.740096725001,66.2728127492801
6.1545,80.7535373705036,101.492756748806
6.155,66.4530097891719,135.560954118258
6.1555,38.9915000815042,161.50048223676
6.156,-13.1097432485485,180.535465494071
6.1565,-72.1442383680132,193.116841646317
6.157,-106.741291986649,192.538612855064
6.1575,-104.450092922723,175.802951701547
6.158,-78.5251542987347,150.834639886864
6.1585,-45.7521052452671,125.542151929667
6.159,-10.8605228840008,99.6029402671597
6.1595,25.623874089402,73.2743434924621
6.16,57.1639042806877,51.2484238786082
6.1605,76.6081035575105,28.2293742491195
6.161,86.4856111536045,-14.5283089294323
6.1615,99.1175931367344,-81.3632235959837
6.162,128.388224993353,-140.111502483619
6.1625,180.134467679249,-147.745028474067
6.163,244.801418983169,-96.7551273787515
6.1635,300.922160639241,-20.7439209522864
6.164,333.721336586821,43.8930076068393
6.1645,349.600345385571,84.440020435276
6.165,363.774518749705,100.971772367751
6.1655,375.62702089531,93.0165819834987
6.166,368.620333451031,69.3573236380058
6.1665,334.662663715457,54.276794387541
6.167,283.661651771577,65.5977412131786
6.1675,225.353766453836,92.3357461822874
6.168,157.325334617465,108.18414529264
6.1685,78.371278806201,102.595770470582
6.169,-0.774427160791435,83.7909551914293
6.1695,-69.7002596770369,53.618263187633
6.17,-128.707218705177,-1.54738357940909
6.1705,-177.849550458064,-87.2433933705577
6.171,-210.494921931395,-180.892630340665
6.1715,-230.406226795214,-246.628146513394
6.172,-259.178881190706,-266.201050213758
6.1725,-307.205000171873,-249.740088094794
6.173,-348.74374183036,-221.957870873128
6.1735,-348.850804264755,-204.211123115012
6.174,-309.462438276456,-203.302139600409
6.1745,-265.783770121342,-207.161806081001
6.175,-238.974520533961,-193.137665539529
6.1755,-216.210771308436,-149.184760583036
6.176,-180.42517190651,-86.6266794075818
6.1765,-136.26845897124,-25.797023567718
6.177,-97.5286094511785,27.6935234255697
6.1775,-68.0192333273619,82.6136095461537
6.178,-47.2964712644788,139.91530819109
6.1785,-41.0625753341982,184.652333198471
6.179,-52.0636543389887,205.612568569277
6.1795,-69.0200954659001,213.139521141561
6.18,-76.3533362643513,228.602672158376
6.1805,-70.654261374187,259.445520928988
6.181,-60.4807159146542,289.762646603663
6.1815,-54.8809869374126,293.37898063778
6.182,-57.4471605236143,254.538177792775
6.1825,-65.4968181831077,180.64692278232
6.183,-69.1412869890581,97.676886554746
6.1835,-55.9860079560994,28.8916316742652
6.184,-21.6153951463234,-23.7717978319389
6.1845,27.720581437243,-72.646504757988
6.185,82.9916203156137,-119.264420551275
6.1855,135.724223509146,-146.35426863931
6.186,173.883258276524,-139.466491617165
6.1865,186.717020855303,-107.616246097881
6.187,178.659936148918,-75.3082157974185
6.1875,168.163397720818,-60.7054090583339
6.188,166.994606019108,-67.9012821182804
6.1885,169.757091059016,-91.9345250038231
6.189,168.06982140721,-120.351881932283
6.1895,162.788438722344,-134.614821930464
6.19,154.788997810459,-122.167839949869
6.1905,136.816640215866,-88.4081336212288
6.191,107.198675101129,-51.3354030535744
6.1915,83.0871563500229,-26.580439877329
6.192,86.2607436791084,-21.7376275660908
6.1925,118.515751158228,-37.7935000905395
6.193,159.711867905537,-65.5784709579105
6.1935,186.342617843446,-85.0815616701412
6.194,185.849338953184,-80.433110301184
6.1945,159.934910939076,-55.5745850274411
6.195,123.082132038606,-26.6603323489634
6.1955,93.122754707406,-1.56219270332539
6.196,75.9075724276328,22.3664754095836
6.1965,63.2933084132406,42.2630605854403
6.197,48.1030384042272,45.5470075017058
6.1975,29.0901624486643,25.3327578766141
6.198,-3.2920725996699,-10.2081403495091
6.1985,-66.3806894874652,-47.7133260443392
6.199,-154.907973879301,-79.4456631887622
6.1995,-227.495418877499,-101.400455153434
6.2,-246.265771970372,-109.82454698921
6.2005,-221.481688055182,-104.719439847785
6.201,-195.470547374967,-90.4507577663651
6.2015,-189.992432771825,-68.9810211427015
6.202,-193.821163095887,-37.7844768759136
6.2025,-196.676396724153,3.5931946927704
6.203,-204.806359437603,51.2620883256484
6.2035,-218.273444448879,102.285435488241
6.204,-220.780622379543,153.654400861765
6.2045,-204.342885968325,193.886344323431
6.205,-183.679200607609,206.651050343081
6.2055,-173.324653001201,189.628883726584
6.206,-166.375183317486,161.898977657322
6.2065,-147.896113933422,145.355403245463
6.207,-116.124342753841,144.973132100692
6.2075,-79.3968326635191,153.485731616065
6.208,-43.4630368605242,166.665971197183
6.2085,-11.2117457463565,182.672486292287
6.209,15.8668898864261,191.954838041093
6.2095,43.6643848452923,182.812263516315
6.21,81.0221719840086,158.396561924082
6.2105,122.25492693696,134.940361915765
6.211,147.891358306363,116.879475172571
6.2115,151.058004415993,84.8917093446636
6.212,147.967621417502,21.0651733623155
6.2125,152.129333267401,-58.7330712417762
6.213,154.840589675485,-113.491901088662
6.2135,145.15460401613,-122.949993850894
6.214,132.981509118377,-111.725175740816
6.2145,134.268399115386,-116.354729851957
6.215,146.216834718347,-138.341198832797
6.2155,156.609903700884,-148.352809643434
6.216,166.349083682127,-133.354471462861
6.2165,181.145068920259,-114.867250567384
6.217,190.416916396532,-112.423029195967
6.2175,179.75989393045,-113.158429653918
6.218,159.890747267723,-97.0424300242686
6.2185,156.506021484632,-74.1683515809736
6.219,169.683427505044,-70.2390882253473
6.2195,168.434158347109,-84.7730471909013
6.22,132.520552565212,-93.831769568495
6.2205,78.705267950859,-92.3187266435815
6.221,36.2690086709324,-101.465639862664
6.2215,13.5747521321555,-127.180677783504
6.222,-1.88914654302433,-142.240895717635
6.2225,-25.779560319662,-126.972317979368
6.223,-69.0281164389479,-102.524581125556
6.2235,-132.988697437811,-100.45612591741
6.224,-200.443834885561,-116.254463774525
6.2245,-243.072605299554,-118.33931821294
6.225,-250.215061007699,-93.6575511734439
6.2255,-241.324931847951,-59.7117590709805
6.226,-239.063578211999,-34.6425138906597
6.2265,-239.956805697862,-17.3416499462631
6.227,-225.434253350101,1.4808263532832
6.2275,-194.176351923824,26.3096832712038
6.228,-166.400155973572,58.1950902294088
6.2285,-156.807941265524,95.6539421446383
6.229,-157.287567254105,131.541931868485
6.2295,-149.090525499483,159.542878159439
6.23,-122.308228696144,184.125531278625
6.2305,-80.6802075410562,213.703843312488
6.231,-35.5732664155703,245.229853412543
6.2315,0.729056999050212,267.454525648588
6.232,21.4511903314414,277.946150128477
6.2325,29.5970774865118,282.800433185387
6.233,34.009571909569,279.248644921267
6.2335,39.8486234266991,253.681829111024
6.234,44.8698246986941,199.443701515317
6.2345,44.8635114603052,122.115158206061
6.235,39.5420855457322,25.2794484822951
6.2355,32.5246240578471,-90.0649156697187
6.236,28.3486926585621,-204.423708542842
6.2365,30.3323855141962,-278.018164926865
6.237,39.2847435186924,-286.644120681097
6.2375,53.692401200313,-248.330483423055
6.238,72.608531332434,-199.942442721677
6.2385,98.1051457423041,-158.148917034093
6.239,132.842817398512,-120.339381697426
6.2395,175.059954504827,-92.6359877514504
6.24,217.785098156553,-89.543985756655
6.2405,253.327674738639,-103.922966516803
6.241,276.996345601533,-103.229630162192
6.2415,286.16825182267,-69.2076263199217
6.242,277.924047896151,-25.360155309976
6.2425,249.952141523165,-9.22717972880126
6.243,204.279359195979,-26.2079021963616
6.2435,148.909379214233,-45.4980675174603
6.244,94.0370018265589,-36.2392505197576
6.2445,45.6003426030543,6.86412406920572
6.245,2.50192160395514,69.9713944355905
6.2455,-40.1557521312748,133.702486374617
6.246,-85.965605739631,176.3031298517
6.2465,-134.271482368568,179.591396161268
6.247,-178.912686429568,143.906356752149
6.2475,-209.208758174124,91.3939927433845
6.248,-217.062480601444,46.6399599524718
6.2485,-206.95739363164,17.4980010113038
6.249,-194.984388617251,-2.13883699950712
6.2495,-191.954431787922,-19.5210531716564
6.25,-189.539963503633,-39.3316566093445
6.2505,-169.919349382615,-62.5488342789587
6.251,-128.636555146298,-78.2768085180416
6.2515,-81.0743325722877,-65.7724737600207
6.252,-46.2279696951706,-19.7163417007508
6.2525,-31.8748732210489,31.9553207232099
6.253,-36.8636302656266,52.7276713339437
6.2535,-58.0571913312424,38.448672026754
6.254,-89.2468270825529,16.2922627985438
6.2545,-120.521065069163,3.82293503251211
6.255,-145.804749460489,-8.3536296406598
6.2555,-166.347427948884,-27.1836806713981
6.256,-181.162996088934,-35.0531245032732
6.2565,-180.216338711552,-13.9988602022348
6.257,-155.387864495627,24.9344940896028
6.2575,-113.791813580689,56.3907444322946
6.258,-70.7645702040249,73.899931778508
6.2585,-31.9143660188399,89.0857668925532
6.259,8.55082296799464,106.480093602332
6.2595,53.149470318403,120.601177265715
6.26,95.5384980529772,133.308351455063
6.2605,131.362091811778,151.100053197522
6.261,165.688317060728,164.701734745588
6.2615,206.609448622979,153.619581648617
6.262,257.740466150903,116.306202096006
6.2625,316.806168673479,76.1349255603261
6.263,371.683808944975,49.1158930395699
6.2635,397.092992747026,23.0557289901861
6.264,370.367383603385,-19.9767614319266
6.2645,299.752455124554,-74.5793591225585
6.265,225.887851001635,-118.833284974542
6.2655,183.004366738157,-141.244754501297
6.266,165.811659361219,-149.19285253833
6.2665,145.985652551996,-157.102507372247
6.267,111.663178867199,-175.964338074348
6.2675,72.081306871927,-208.089469943757
6.268,28.5375416716626,-242.19948907227
6.2685,-33.080826510737,-258.49334231809
6.269,-112.583800080354,-247.221713059009
6.2695,-180.105846936126,-217.925876660148
6.27,-207.725107265729,-184.167798909177
6.2705,-204.239902585562,-147.420705419571
6.271,-200.442949445894,-105.422638231603
6.2715,-207.186569089892,-67.3040221982426
6.272,-208.171054586102,-46.0155525866384
6.2725,-193.19627350505,-40.3161253152585
6.273,-177.005022694711,-37.9860640169584
6.2735,-175.786176152933,-33.2026613906607
6.274,-179.51120113076,-26.4105081318919
6.2745,-162.183843702363,-11.1157469517578
6.275,-115.595044589565,20.2272184376212
6.2755,-61.7111409267889,56.6378606236649
6.276,-29.9696268769942,75.1927734404906
6.2765,-28.0016312179568,72.3586089614061
6.277,-37.2298809852599,68.4006280143006
6.2775,-34.845575473807,71.3342602709381
6.278,-16.5745894487783,58.7507933423538
6.2785,4.30784601766913,14.209460140248
6.279,17.7672246679016,-35.629881330352
6.2795,28.7740879419041,-45.9460481990795
6.28,44.5671955409237,-7.98360027455169
6.2805,59.0710614757679,46.8519861213734
6.281,60.820427420136,93.175097295
6.2815,51.7709734592284,133.809869662976
6.282,44.6997899372785,173.586952154625
6.2825,43.0192754936728,202.819113663432
6.283,38.7324913992899,221.728747693407
6.2835,33.1018151990876,253.776137400794
6.284,41.4629583529567,309.187126263959
6.2845,67.7821495613609,352.582731242786
6.285,89.9777166553607,336.866696108624
6.2855,85.810738680821,263.614692584445
6.286,63.2705318024921,183.293465530003
6.2865,48.525280276417,136.618397318414
6.287,49.7903275178344,120.332893341196
6.2875,50.7143797267676,111.394657662765
6.288,37.6206426131264,96.1047030572813
6.2885,15.8352494191421,65.9787689530133
6.289,-3.66962219599574,12.2173447696011
6.2895,-19.0806167204912,-57.1183988978909
6.29,-34.0744420272375,-113.604153358705
6.2905,-50.7607570050917,-141.57388003356
6.291,-71.5180094932022,-159.169286628809
6.2915,-98.2418654401711,-186.211601531281
6.292,-124.410716521475,-207.37524047068
6.2925,-136.320745961685,-195.435174088282
6.293,-128.119152637254,-161.24980965265
6.2935,-109.131160009641,-146.259438387336
6.294,-91.1233790138971,-163.17118095499
6.2945,-74.1403561489127,-177.261364719396
6.295,-50.0987261473024,-158.677519282328
6.2955,-15.5511124053867,-124.467826058805
6.296,24.294867075126,-108.418676276208
6.2965,61.2263997298645,-111.260954823975
6.297,90.0585386004548,-107.324290728126
6.2975,111.243416147662,-87.8390942587061
6.298,129.057515798892,-68.4301378965993
6.2985,144.657412468553,-56.1697957218095
6.299,151.288997100152,-37.3983132677563
6.2995,140.637340799657,-6.00484096529692
6.3,113.179982434373,18.6187540597964
6.3005,77.0327191663323,16.8679801420638
6.301,38.3234656505863,-1.15066479258044
6.3015,0.294835307448097,-8.15826886856978
6.302,-29.575963747814,2.06600684686924
6.3025,-42.309793996474,3.89665044986878
6.303,-39.6035910852939,-29.9175536489321
6.3035,-34.3726804474222,-95.896961773724
6.304,-36.6020807581806,-161.34421015937
6.3045,-46.2483499527434,-193.105752342108
6.305,-60.1234382853303,-181.895677781243
6.3055,-75.0997964173433,-142.669338660152
6.306,-83.9065580205919,-96.4423036739206
6.3065,-80.7702082302111,-51.8834819632832
6.307,-72.5717734528442,-1.94199427266293
6.3075,-68.2342616442637,62.6220455747941
6.308,-54.4391862940295,136.588729633781
6.3085,-4.67573681725633,199.131819916703
6.309,76.2894015193856,231.607949599219
6.3095,140.814135847098,234.997606333391
6.31,152.789787642545,225.635215841118
6.3105,135.413784714945,214.018101714926
6.311,137.135404581051,194.3477057138
6.3115,162.790721315516,158.97132211783
6.312,173.382813003608,117.182894656339
6.3125,152.279973638515,90.1090381721158
6.313,133.149709065323,85.8548113932809
6.3135,147.654974321035,87.5977750200666
6.314,175.390261099409,71.7646109388781
6.3145,169.671917502342,34.5407808098748
6.315,115.788936618803,-5.46255092453748
6.3155,39.8537488244914,-30.1939211755092
6.316,-29.8196860224564,-41.397283542689
6.3165,-85.5634335891089,-52.9704187138398
6.317,-128.14487122893,-68.1109424700605
6.3175,-157.140441624573,-72.8128740615021
6.318,-180.844738678068,-55.958108691464
6.3185,-216.806557616729,-29.0209326254489
6.319,-268.722959729048,-16.0263027411166
6.3195,-313.020278198716,-25.0293143389222
6.32,-323.407505728101,-40.5158135504437
6.3205,-305.291430425974,-47.164316733063
6.321,-290.875314565804,-48.9507082066025
6.3215,-297.17056382957,-55.3473339519857
6.322,-302.187084906953,-58.6820416511454
6.3225,-271.91340637834,-41.2348463066052
6.323,-201.641538987579,-3.22432036649461
6.3235,-117.247197175136,30.8318947799836
6.324,-40.7652935760751,36.9796161398186
6.3245,26.8107812711058,12.8601040579457
6.325,85.6450550682275,-28.2177098181454
6.3255,120.734135592669,-72.5594475003386
6.326,120.827347932215,-109.846911406305
6.3265,101.652758093608,-131.534351665651
6.327,91.4227070819071,-134.457472531405
6.3275,98.1845861098284,-122.644323428293
6.328,110.619476835871,-101.320586108953
6.3285,129.500873089432,-72.8872760045
6.329,174.285425671138,-39.9548172108322
6.3295,248.583357903408,-4.93297440991707
6.33,319.073717477212,35.4983195933644
6.3305,347.798949320815,85.6213492771866
6.331,335.895326957669,135.753971157291
6.3315,315.885651840544,163.469000614284
6.332,304.537331767264,159.206992848991
6.3325,285.049866841209,142.149514917367
6.333,240.982120340254,138.967080839974
6.3335,187.505279864705,151.640775981429
6.334,153.109061222019,157.634560393991
6.3345,140.495253930391,139.775610558168
6.335,123.597271018378,106.243821493441
6.3355,81.2908079726785,81.3324001416462
6.336,17.7330585024778,82.4642058584267
6.3365,-52.7730466042031,103.250395162447
6.337,-124.572782812361,113.187077838777
6.3375,-196.548054308913,79.8800197759476
6.338,-263.440931577366,1.27389361076065
6.3385,-323.347214026191,-87.4762677576539
6.339,-382.675660815706,-147.394629789092
6.3395,-438.654322578305,-170.677934453824
6.34,-466.280091823291,-173.491598945592
6.3405,-443.075090137479,-164.167954374572
6.341,-383.697399381361,-138.064511692003
6.3415,-327.786123965964,-101.09994341776
6.342,-290.112163521027,-74.8606823329388
6.3425,-243.803716476827,-69.7197120484117
6.343,-160.890809660029,-69.0272215344222
6.3435,-50.0740256732074,-50.2796193989371
6.344,57.2273974260055,-10.6489729716638
6.3445,140.316135845738,36.9119051879122
6.345,193.107754724748,80.993699273137
6.3455,210.29872317003,113.898855148957
6.346,191.056795349771,125.134185958769
6.3465,150.261856029511,104.503456045912
6.347,108.950082130297,48.279852525925
6.3475,77.4706325368974,-41.7661031382636
6.348,60.056406806067,-154.215187730604
6.3485,65.3984847377983,-254.959319712658
6.349,92.7969771238778,-295.423927131558
6.3495,114.615545660259,-256.533978496225
6.35,97.5543828497992,-180.075847715884
6.3505,44.9559717301226,-133.768507342903
6.351,-0.831932481295223,-140.659481462428
6.3515,-2.66133215264063,-159.367767765542
6.352,40.2657548165238,-138.218148034385
6.3525,106.059981392003,-70.8343727152296
6.353,172.645516444971,11.0371873153342
6.3535,218.183772742336,81.577859607749
6.354,222.645233174062,138.538638091944
6.3545,191.178454898548,185.093512290967
6.355,165.483810100627,215.402894505915
6.3555,187.400749046297,222.312142195886
6.356,247.723646532237,207.529650465416
6.3565,287.918840924546,180.470418869117
6.357,261.233717399327,154.578358343647
6.3575,181.875386018413,143.573532468589
6.358,103.133383569188,148.030921043181
6.3585,53.9280235967111,142.88157606926
6.359,13.6527709189894,94.7103069448843
6.3595,-47.8475403009443,2.99636702105543
6.36,-123.887889288391,-87.5951865184228
6.3605,-179.851693240855,-130.673892662623
6.361,-198.926477106902,-125.650102361789
6.3615,-199.989158570507,-105.997061294965
6.362,-211.929940025852,-89.4895271753679
6.3625,-247.498170287585,-66.1505663284836
6.363,-301.198739346819,-35.4558011766767
6.3635,-351.996484800562,-22.881391558938
6.364,-365.612648577282,-42.0995114242898
6.3645,-318.584979631338,-65.3459270487626
6.365,-229.85174539491,-57.5616752747177
6.3655,-147.368514573319,-24.979874945997
6.366,-94.0447305188003,-0.258274306992179
6.3665,-51.069668705884,12.4362779905322
6.367,-5.45368021281616,42.7180629247407
6.3675,19.3284099896574,100.834559640173
6.368,4.95164539630106,153.923329433478
6.3685,-20.2916700865428,172.694574975598
6.369,-18.751207748234,175.868945558154
6.3695,-2.25854091605991,203.092282986303
6.37,-13.2481840704223,257.815675929066
6.3705,-57.7814287283165,302.263472291295
6.371,-97.3939673705274,303.598424845826
6.3715,-104.55329188862,262.787686490939
6.372,-90.5297912582983,198.092466944131
6.3725,-78.4886220857618,120.368384407417
6.373,-80.1485045147044,31.6281900062751
6.3735,-96.4973241723268,-63.5583177136464
6.374,-110.257861479214,-151.487457593311
6.3745,-82.6117374204637,-210.232449397356
6.375,7.51688056362665,-221.039768646245
6.3755,124.748995500039,-189.979009623649
6.376,213.585078164803,-156.14119825329
6.3765,266.308080349281,-163.186572919039
6.377,312.676535334427,-218.025290089294
6.3775,352.285677920887,-287.059222639973
6.378,355.701082287771,-333.698033941902
6.3785,334.081047968808,-345.852509152321
6.379,338.631001416126,-324.842692196736
6.3795,370.234704614756,-268.734156120664
6.38,357.590726758589,-182.391572598253
6.3805,263.155456370884,-90.9834023829025
6.381,151.268525798356,-23.4729092338255
6.3815,100.350987489121,14.4858852047018
6.382,94.0397523303105,36.9481300706906
6.3825,55.9225329450387,51.0494246963695
6.383,-41.4630980216991,50.5952830904082
6.3835,-158.25500878381,34.7552602280588
6.384,-251.155509244567,13.2894650824578
6.3845,-299.07800076879,-12.4481978492561
6.385,-284.700833398099,-55.5626296917368
6.3855,-209.759622405355,-119.739474153207
6.386,-121.999984704255,-183.465981766686
6.3865,-74.5308710858831,-220.910616390616
6.387,-59.429253697005,-226.20778255106
6.3875,-26.2277022958252,-202.222442155367
6.388,37.9756887072888,-139.074644832248
6.3885,95.0789350198426,-28.8747180684468
6.389,123.1867889269,102.267835553398
6.3895,146.155873768127,204.545752759619
6.39,181.776487630801,254.379852505258
6.3905,201.946374439447,274.33265084894
6.391,166.186083394477,295.74647709227
6.3915,69.5018103115383,321.326803700064
6.392,-57.8342364623655,334.913074754207
6.3925,-178.096700468565,327.393482532038
6.393,-264.536988299514,297.209228959053
6.3935,-311.548573190215,245.036971395888
6.394,-336.054841053345,189.644503019404
6.3945,-357.223209370193,171.385217271531
6.395,-374.037988649377,209.933216756211
6.3955,-373.647067906511,267.065130663099
6.396,-352.588457004308,283.08675065846
6.3965,-311.250080010978,249.109036474031
6.397,-239.128407685689,212.804574481664
6.3975,-132.804323601026,210.752413480963
6.398,-22.2523215151434,229.014477660267
6.3985,49.4493992473699,239.358423738685
6.399,71.9065080673915,236.476979805259
6.3995,70.0973374652467,216.381549210223
6.4,66.2248079933264,151.863676136622
6.4005,63.3457720772446,28.5285166285907
6.401,61.7495531118223,-110.536536549522
6.4015,66.293089174008,-196.706598042548
6.402,80.6327798087188,-213.153646575865
6.4025,112.251951860473,-209.479755712623
6.403,168.206979042346,-235.229923170829
6.4035,222.56580268352,-287.042708338503
6.404,214.528733431199,-330.879026346441
6.4045,122.01774667828,-350.327310665148
6.405,18.4934992584946,-355.045660781117
6.4055,3.4963565439506,-358.711605668947
6.406,83.5694932740514,-369.203886478618
6.4065,174.657782489471,-391.825865430039
6.407,217.472762128688,-421.870475934155
6.4075,229.572646470326,-434.854733314262
6.408,239.081736441246,-402.161378118936
6.4085,235.954790093887,-324.170358245055
6.409,214.50139416453,-238.730655234742
6.4095,205.354927129624,-187.71769214066
6.41,227.630124705408,-176.86983615099
6.4105,250.051917391789,-173.771322778553
6.411,232.012821868551,-144.324358364873
6.4115,169.59481795688,-85.5935116207381
6.412,76.296577197814,-21.8918156634721
6.4125,-43.1974529926072,24.0594348055959
6.413,-170.736753042658,49.0445988745522
6.4135,-262.809984279129,62.5077151745793
6.414,-295.207891374778,72.94661538944
6.4145,-293.532224319643,84.9568603083813
6.415,-293.244588536275,102.264777523568
6.4155,-296.904244648814,126.38742987957
6.416,-292.614764792934,153.401492483849
6.4165,-280.159759924532,175.716924507878
6.417,-252.155891576235,187.823922713206
6.4175,-185.216165825682,191.956485870027
6.418,-82.4538224365939,200.399468037265
6.4185,7.17197496786257,227.43447882827
6.419,45.9572146725068,270.825911350899
6.4195,56.0941489865001,305.012738575021
6.42,80.4852778403207,305.688573751966
6.4205,124.447421305451,280.249379105307
6.421,166.884569976022,256.905481020598
6.4215,196.244476757463,241.295583843131
6.422,200.758999638831,207.412045848715
6.4225,158.01710916073,144.369818675871
6.423,75.9573526002508,87.9972788409477
6.4235,12.949802105927,79.3022937046259
6.424,12.3275979972759,104.994016166069
6.4245,44.1919867647783,110.81279248547
6.425,55.5228117834534,72.0171856221484
6.4255,46.8175986914161,20.6992244124661
6.426,48.2496468038261,-2.98037904813979
6.4265,50.2848012361692,0.533453783968126
6.427,20.2211339592965,3.90990069081447
6.4275,-30.8025157375829,-6.24869903265781
6.428,-60.2237001269428,-22.6649158942777
6.4285,-63.8475920496427,-40.5966564664209
6.429,-74.4240631301442,-66.5363450867747
6.4295,-97.6432350687081,-101.991901914953
6.43,-108.426582828727,-131.513927464703
6.4305,-107.398817103279,-135.044037499035
6.431,-121.143601634445,-111.977725254651
6.4315,-144.52016792495,-88.5504642118878
6.432,-142.27523454936,-94.0445265910695
6.4325,-115.903199525155,-127.116965567198
6.433,-112.654223168391,-154.85850886238
6.4335,-156.212682365285,-152.320841477695
6.434,-219.55618284218,-131.504861668612
6.4345,-276.280195184582,-117.826399147604
6.435,-324.767715780885,-110.671020182464
6.4355,-348.464847347283,-90.9308534577485
6.436,-310.243969628786,-61.0844268722879
6.4365,-211.246129151119,-47.719660518844
6.437,-106.019779088693,-60.8221228136768
6.4375,-31.8391545612748,-80.1245935967447
6.438,34.3486977660251,-91.8150701073832
6.4385,123.374471079892,-109.818884698582
6.439,221.237517570379,-143.464704046735
6.4395,298.334159522422,-169.683929137014
6.44,352.907889587312,-161.034766779536
6.4405,393.518552028034,-123.222124712415
6.441,410.302433097802,-80.9026673988495
6.4415,395.811275710663,-40.488433360905
6.442,370.058571019936,9.08934811760224
6.4425,357.780786016434,70.792185314136
6.443,360.666615371566,139.660135562622
6.4435,369.128240248131,218.858630211302
6.444,374.557712505143,309.096709504559
6.4445,353.324482841289,387.816306133755
6.445,273.306371353142,425.151684315254
6.4455,143.355914418445,418.832863958586
6.446,28.1279235989838,390.859613985459
6.4465,-15.2021131110252,354.101012956871
6.447,5.02342866011744,307.609347808942
6.4475,40.5686305281233,260.163993608162
6.448,61.2872471310356,225.394619142796
6.4485,62.86593272561,189.357557835032
6.449,40.6309249247355,116.370202216436
6.4495,-12.9634896329083,0.854280499662807
6.45,-92.0552910077364,-113.284087310905
6.4505,-174.824789684775,-181.418426507656
6.451,-231.670425295104,-204.792426497739
6.4515,-239.001253174575,-212.214545774129
6.452,-207.953130781702,-216.380282497939
6.4525,-195.000167261861,-210.624547914749
6.453,-247.683997085134,-196.123450224839
6.4535,-339.315698592894,-189.727243182402
6.454,-400.585797486929,-207.40887068967
6.4545,-416.717961451907,-251.627137682896
6.455,-436.741355542415,-309.081252436
6.4555,-478.210907177204,-352.359317514484
6.456,-494.155818249778,-353.929828898287
6.4565,-462.140148532308,-309.935879841162
6.457,-430.498717601625,-243.374213048489
6.4575,-427.165596734081,-178.017434885102
6.458,-392.404153516297,-121.545557460023
6.4585,-268.92976830668,-79.4039677398814
6.459,-101.888785313371,-63.1267821854706
6.4595,27.9639375265418,-68.1051436611381
6.46,126.591053717955,-62.3895874614321
6.4605,257.839652817964,-21.9923321574353
6.461,421.161687410448,33.6537402637692
6.4615,544.791617739153,64.5154805309453
6.462,589.388431656793,59.4200314748615
6.4625,579.735330421228,39.4926062542774
6.463,537.800548123871,20.811003402035
6.4635,458.323830545095,1.95624285304151
6.464,352.1409094872,-13.3548914384463
6.4645,244.951766639272,-10.9787099330149
6.465,128.63013922928,9.34473670298878
6.4655,-23.5208729889052,27.3875682383715
6.466,-191.823434054137,28.7810609212547
6.4665,-323.990627641504,20.1469482238802
6.467,-412.973344181018,11.496705390926
6.4675,-492.391443635604,1.43091794070517
6.468,-553.097641224295,-12.042758295671
6.4685,-540.484741692212,-21.2067233251438
6.469,-444.76166621277,-16.8758998619489
6.4695,-315.334696617835,5.26881585238198
6.47,-168.855087636431,49.590577580734
6.4705,33.078353012102,115.872085748781
6.471,285.464184427863,186.626002568236
6.4715,504.493667487455,238.355615937462
6.472,636.51378264593,272.191311467984
6.4725,727.111109610346,314.251795606987
6.473,828.956516773073,377.348044171514
6.4735,911.608736273158,441.463997292081
6.474,924.41953988299,480.604095249769
6.4745,882.416651449711,487.343382688588
6.475,814.95567561335,461.097810027958
6.4755,685.342536781359,399.439573826858
6.476,448.814039053989,318.591404429971
6.4765,152.794909461109,253.748876694895
6.477,-109.925272514098,211.885850515174
6.4775,-324.091796595001,150.202656003465
6.478,-537.018122679841,37.8441358945417
6.4785,-732.124087507711,-81.2002690569949
6.479,-816.181775463813,-132.969809274251
6.4795,-751.380312369221,-113.855238624393
6.48,-617.105188073282,-97.3380090376534
6.4805,-505.739934355207,-135.442721805199
6.481,-421.039476098888,-200.67137730644
6.4815,-318.840797010354,-241.859993542417
6.482,-195.748585049999,-253.104060266995
6.4825,-89.1062865046735,-259.130352824442
6.483,-20.4135096488242,-269.013484585425
6.4835,17.4237837073827,-281.875007327986
6.484,33.3123003182117,-313.333231499674
6.4845,32.9574471241435,-374.247973336892
6.485,31.0429173872178,-435.161121867875
6.4855,42.0774284365661,-451.411076325357
6.486,63.756410850444,-420.171474747931
6.4865,84.874984986206,-377.559130342797
6.487,99.8992544127024,-340.321899581657
6.4875,101.103860203894,-287.804406075855
6.488,69.5358505549235,-208.919117126187
6.4885,-5.09975352094862,-130.875904486097
6.489,-100.945767990647,-84.0678561982066
6.4895,-179.411456063268,-65.7163728321463
6.49,-224.955117502155,-56.4313517777974
6.4905,-257.046120551374,-48.0859711627401
6.491,-301.644147742201,-33.7802977498744
6.4915,-360.458152897179,7.33240224759089
6.492,-409.608458074059,86.7816742701315
6.4925,-420.329557333717,181.13812648871
6.493,-378.203941039057,255.621708338152
6.4935,-288.753524361409,304.023537860581
6.494,-170.519763098944,341.513433265877
6.4945,-42.6246061204321,369.903555902488
6.495,84.0015571980546,380.490101346523
6.4955,204.934227143107,382.741621002109
6.496,312.514534415383,392.44075928831
6.4965,390.47777896545,390.829171435028
6.497,423.345751723661,336.481102711234
6.4975,412.466144357093,229.437724937981
6.498,376.382106020323,124.381749835887
6.4985,330.073039498781,59.5167156677313
6.499,269.311031738261,8.82877857477477
6.4995,182.449744208507,-65.9415762773856
6.5,71.0804962066517,-149.521941019335
6.5005,-51.1004112425151,-199.57866737114
6.501,-171.674503232717,-213.96502095639
6.5015,-274.937385463804,-222.790940347522
6.502,-330.604422893362,-226.922228420053
6.5025,-313.35389830204,-199.726497106903
6.503,-239.072438348512,-152.502507280538
6.5035,-157.766255196957,-142.126851348445
6.504,-98.4282997761511,-192.383057412045
6.5045,-39.9919924993464,-252.048530618131
6.505,49.9734508702002,-259.489952725216
6.5055,166.400016398793,-213.191949228005
6.506,274.135120871884,-146.483633853558
6.5065,350.438295812405,-65.4845457331536
6.507,400.91878145272,43.5039678571727
6.5075,439.495625731565,162.547061574683
6.508,466.173328137794,244.81311038754
6.5085,460.925972946342,268.626293891814
6.509,395.547605441191,253.494442573466
6.5095,264.004722659039,220.168845467956
6.51,104.632825406962,167.497634600486
6.5105,-28.5668394953379,95.8590264029233
6.511,-125.208305487951,23.1843882170992
6.5115,-223.085978237186,-36.9385513027284
6.512,-338.29455943563,-91.793431364314
6.5125,-421.836623931802,-148.997644869014
6.513,-415.153435024226,-194.1311706863
6.5135,-324.203262243403,-203.155985825815
6.514,-202.402982846055,-169.368072993119
6.5145,-79.8045203989313,-109.491241157775
6.515,46.8504635001681,-49.4906795665187
6.5155,165.313549178257,-7.80805401445439
6.516,242.297329076469,17.1374196546184
6.5165,275.272494435991,47.0345981564198
6.517,304.487944809567,102.175042772623
6.5175,352.957515986333,176.968551634897
6.518,387.493957160082,245.761412077483
6.5185,363.385095390031,291.979877501471
6.519,284.850352090987,317.391950313793
6.5195,195.841520501831,323.124571551551
6.52,122.241658071482,302.712505951937
6.5205,44.1758968863546,261.395678594749
6.521,-75.3564618395939,221.025658633731
6.5215,-242.82503044181,190.430216442588
6.522,-413.805873365561,146.433689701877
6.5225,-522.174625318398,62.7595487018089
6.523,-538.970144066177,-51.1351595718474
6.5235,-499.310170753659,-156.715885072309
6.524,-458.338948708238,-225.585038664598
6.5245,-427.060124125851,-256.349264059024
6.525,-372.959523776336,-257.124909767781
6.5255,-279.948126654998,-229.782466994871
6.526,-176.7294319265,-176.5900432377
6.5265,-96.6457591459277,-112.640325935765
6.527,-36.9788694912554,-64.4123661303207
6.5275,24.5519591056701,-53.2182269329437
6.528,92.5013046689864,-75.4018893468219
6.5285,151.949769118898,-99.8440638656654
6.529,191.301780220426,-95.498442028426
6.5295,209.893977338246,-64.2280255638341
6.53,211.519041677404,-34.4581329666381
6.5305,204.696266597726,-20.1482291065416
6.531,203.152727238716,-6.22315583304804
6.5315,214.098989203675,15.4358057931599
6.532,229.869524825457,20.6973499792267
6.5325,238.411418325419,-11.9483799003653
6.533,235.885886387713,-59.6204980449843
6.5335,221.89954520468,-80.5365127546978
6.534,189.35406101268,-72.7150039910738
6.5345,129.214022472741,-72.7986164632344
6.535,45.71548780083,-97.9765386588549
6.5355,-36.7614866937877,-126.335906725417
6.536,-85.7782569056982,-141.781439413552
6.5365,-89.3476751678177,-158.237757297652
6.537,-77.8777296970797,-178.548001022736
6.5375,-102.769001692321,-166.436000220631
6.538,-175.183552477666,-97.0160965186331
6.5385,-238.115802761573,-14.7376413215138
6.539,-226.492205213744,2.16874000110123
6.5395,-149.132956384012,-66.4358772253377
6.54,-77.3866271014271,-161.296547213693
6.5405,-50.7180221747181,-218.569789830239
6.541,-33.7143967923054,-231.571889156319
6.5415,17.1140902775987,-223.247302411111
6.542,82.181819648462,-189.375449662909
6.5425,105.819633356514,-102.937573162437
6.543,70.4164004533535,34.4851210220714
6.5435,9.92534734607813,177.545011563709
6.544,-38.2568787205256,280.49053127121
6.5445,-65.1287975288895,336.821554138146
6.545,-80.9663928231675,368.308322428452
6.5455,-101.622631541164,391.938789514213
6.546,-142.226019959316,410.906637744296
6.5465,-202.930919914344,424.801140331832
6.547,-261.380580574807,429.022127259054
6.5475,-295.567888304168,409.078440365382
6.548,-309.877512183611,356.245519005506
6.5485,-321.232934029873,290.693540214404
6.549,-325.644625935798,248.706812429469
6.5495,-301.686822472057,239.024631264721
6.55,-248.486488107376,230.094362402893
6.5505,-198.638796503191,192.258798134224
6.551,-183.719167550687,134.235587110239
6.5515,-197.111452177285,79.5661956443969
6.552,-196.740900745423,23.6188397934483
6.5525,-139.84279724366,-57.3373080796739
6.553,-16.7140227535005,-159.139970778729
6.5535,140.872413013401,-241.262107802313
6.554,282.899034953283,-271.729266850415
6.5545,376.735486282959,-259.37052996801
6.555,419.728619924884,-234.518421455871
6.5555,420.513199939241,-216.35737287197
6.556,383.491250752553,-206.804142292344
6.5565,319.441360485499,-198.599548595628
6.557,255.230765535973,-179.796991300955
6.5575,216.001293600362,-145.198593861555
6.558,204.862795795122,-110.589939152954
6.5585,211.873271748589,-98.6926281491921
6.559,232.132430393675,-104.082059818925
6.5595,260.994976682718,-93.9814009828467
6.56,285.085445335144,-56.2585839062068
6.5605,299.170119480133,-23.1254039330259
6.561,322.779298325046,-27.745714808286
6.5615,376.860525975077,-58.6325942700709
6.562,448.876943759272,-81.9796045444857
6.5625,503.81071190027,-90.463909843499
6.563,526.399050967818,-98.2132950598285
6.5635,528.515122600849,-100.0782402931
6.564,515.816239210368,-73.7922285724128
6.5645,473.54612152428,-22.0725772205925
6.565,390.996461262805,22.1065002292407
6.5655,277.402312392201,38.4891547798561
6.566,146.053983740872,37.754076272608
6.5665,2.71221467924606,28.6822955894967
6.567,-142.015314626801,-1.89824409067634
6.5675,-268.399780549501,-59.7121990023635
6.568,-367.438112537851,-118.149328845996
6.5685,-450.070988493168,-143.958335431599
6.569,-525.423692348522,-133.044822776183
6.5695,-582.126383190571,-103.899442844648
6.57,-602.024881589038,-69.24246853472
6.5705,-583.31408926376,-31.7146689374501
6.571,-542.189020673865,3.11379231368787
6.5715,-500.565613064542,27.2441581436274
6.572,-477.766659479799,37.9037467887571
6.5725,-481.742154945061,32.8478096682537
6.573,-497.311031909512,7.82858848501215
6.5735,-489.891578946711,-27.6500337347065
6.574,-431.534940425179,-43.9552490672076
6.5745,-324.394841083577,-20.9845589534049
6.575,-199.184445389748,21.5551821353691
6.5755,-94.7677257965553,44.537553617393
6.576,-34.2186994088115,39.3470224422492
6.5765,-8.05863936621333,36.7787445454893
6.577,19.0769482466663,61.353708041602
6.5775,72.5010229569217,96.0954124389565
6.578,136.665792968032,106.168146203087
6.5785,171.527465327247,87.5992967339873
6.579,158.376385242009,76.9594253916275
6.5795,114.466689180307,110.9729970029
6.58,63.3766973345045,184.509186647456
6.5805,11.4629165961816,252.995309043891
6.581,-40.9173819762205,273.706195539797
6.5815,-83.8707837847259,240.675166403835
6.582,-102.738080260888,181.526142155449
6.5825,-85.0709440667227,130.657891722536
6.583,-20.1218952654801,111.7098098332
6.5835,88.9373767571313,134.092457860306
6.584,206.640812798991,186.897442855714
6.5845,282.581703240724,236.12153537957
6.585,300.2777460081,247.82720144969
6.5855,290.265683293815,221.91617031631
6.586,283.87573583268,187.617411079655
6.5865,277.214758019309,158.372003934335
6.587,257.033388491259,110.50743480626
6.5875,235.626490526318,20.5318232960782
6.588,229.776913905504,-94.9398264500827
6.5885,219.754640855634,-196.913701072751
6.589,163.545532190246,-267.401721826554
6.5895,53.4804706343009,-311.405867885026
6.59,-64.2641251612746,-327.211567831904
6.5905,-131.975398981683,-304.868927598617
6.591,-130.761516570951,-252.231035125131
6.5915,-89.7213355565879,-194.01049366657
6.592,-55.2081505570186,-142.026213718619
6.5925,-49.8695475393719,-92.7183945173136
6.593,-57.5860052073555,-57.9830388807135
6.5935,-53.4729014054609,-67.319366550114
6.594,-44.0001221543426,-124.599182570376
6.5945,-55.5561415155933,-187.702023084896
6.595,-81.8219269235916,-210.361761896103
6.5955,-78.2252063050325,-187.08569959436
6.596,-27.6740063169131,-141.35751365884
6.5965,23.8617198865598,-90.2485519444322
6.597,29.197006191355,-42.815992853179
6.5975,4.38266746691541,-15.1888761087237
6.598,-12.7771950603806,-16.1792845367411
6.5985,-40.4376797626693,-23.3655436671223
6.599,-128.311052101119,-1.57141053896969
6.5995,-265.823965057356,52.1348646499863
6.6,-379.770697197622,102.18296260811
6.6005,-430.794327976251,115.104108698777
6.601,-450.713315495988,87.803950240055
6.6015,-466.52707344625,34.1055353855406
6.602,-449.960200638472,-34.1186889052333
6.6025,-377.684106677417,-101.729824106197
6.603,-288.61737243025,-143.219799086462
6.6035,-233.32289856126,-138.112164930664
6.604,-203.516467821614,-91.5293758129391
6.6045,-161.055628762661,-32.7067168278523
6.605,-107.456355485008,5.4192266800162
6.6055,-69.9170859169606,5.45603265035976
6.606,-36.5940334709909,-26.537372868287
6.6065,35.7914778265325,-66.3078735233384
6.607,153.217600011,-88.2772619295304
6.6075,278.105259001583,-81.8510392970451
6.608,399.411055337284,-52.6182542752449
6.6085,557.228564967139,-11.8359335381912
6.609,774.209331553682,31.4323386143653
6.6095,1000.18312581917,73.8117147600341
6.61,1155.68135391798,121.000878127613
6.6105,1211.38311082552,181.462449308547
6.611,1200.97440865725,246.513398918891
6.6115,1168.86537235039,285.139928395376
6.612,1127.04072781539,276.803941919232
6.6125,1057.88645197085,245.958583100482
6.613,940.979998059171,241.240639430056
6.6135,770.897786237424,275.390339185056
6.614,551.307251741278,306.388037634519
6.6145,277.773794238435,287.680521324018
6.615,-56.4436755834194,219.096483147129
6.6155,-422.921165004024,135.544742808565
6.616,-742.220283297644,61.2418890251783
6.6165,-938.042584188749,-7.92381243041091
6.617,-1009.17859931197,-85.3967949776883
6.6175,-1018.54226684003,-172.205409730068
6.618,-1006.38655847667,-250.725952768866
6.6185,-950.347061407728,-294.237142676244
6.619,-827.765135878566,-291.69909822802
6.6195,-678.751855091337,-266.155223807446
6.62,-569.366789547899,-250.109731873012
6.6205,-512.284555499112,-233.656917072422
6.621,-464.953581263866,-162.080008290801
6.6215,-400.037278979145,-7.63527660977174
6.622,-337.736976634353,175.723554364253
6.6225,-302.350020318975,299.14933633415
6.623,-281.985410751133,329.77246974804
6.6235,-249.237799974053,306.060639915351
6.624,-199.632305729586,273.074140708874
6.6245,-150.494551914936,239.28501268623
6.625,-115.007456620863,197.099100687583
6.6255,-94.7495955874222,147.64297878474
6.626,-89.9736318754982,93.5781265017462
6.6265,-100.573966960039,36.619056006561
6.627,-117.974811547017,-7.22502476096969
6.6275,-128.132743565585,-18.6879664685612
6.628,-125.344925624684,-13.3080845211642
6.6285,-117.359923158957,-38.2311715500427
6.629,-114.808154279218,-114.335919267328
6.6295,-117.621075227365,-209.740324933491
6.63,-112.265008736909,-288.393276402136
6.6305,-82.0954805014849,-352.151704805243
6.631,-20.8706315630325,-408.119646321406
6.6315,65.2571631108093,-428.169294254847
6.632,168.488079616352,-383.330314093823
6.6325,283.521792732054,-298.290395289503
6.633,394.169503906028,-225.802273928999
6.6335,467.138312520546,-175.504976396127
6.634,479.698476849432,-112.65856836686
6.6345,454.288439455719,-25.6067232949172
6.635,443.963474841442,51.6319332567754
6.6355,472.821540062004,92.555620881765
6.636,507.404471685247,111.373906307
6.6365,500.84558787962,126.296921331035
6.637,449.671429253024,127.183846335348
6.6375,386.156857042639,104.336010814918
6.638,325.426882272077,80.0929096339405
6.6385,249.78117201182,81.7148355747365
6.639,149.81196227637,100.201758711642
6.6395,54.7233499698618,103.392326908122
6.64,3.98209499622349,79.722135125228
6.6405,0.560282598923862,45.9803379296169
6.641,8.82658653168053,18.8380811359766
6.6415,-6.02231623070611,-0.587388505559926
6.642,-51.7905916416031,-17.2456887142695
6.6425,-122.075070647014,-33.6963705565339
6.643,-216.837864778242,-49.5113134770512
6.6435,-335.138875663596,-58.643597467991
6.644,-452.161325879929,-52.2923085828994
6.6445,-522.903248834083,-32.8931177651364
6.645,-521.836634208924,-16.1849590166515
6.6455,-471.691187231433,-8.80911440121405
6.646,-417.481918750617,5.30707369479068
6.6465,-373.572650949556,42.3843279834454
6.647,-314.774869145384,92.3419774406104
6.6475,-224.045639477966,130.387936505097
6.648,-126.445288129319,146.472814109339
6.6485,-59.463290881279,146.0857660237
6.649,-26.8184848570588,128.73864040998
6.6495,-3.80038018841337,85.4648069424434
6.65,23.9271634893283,16.6674684636464
6.6505,53.0522464424379,-63.0324848190199
6.651,85.5987239973012,-136.820571425293
6.6515,128.195394087202,-190.462108717081
6.652,170.686517486619,-210.190213983619
6.6525,198.704421004653,-191.455767728674
6.653,229.081153373393,-147.296374991506
6.6535,293.344610844636,-94.7717005609462
6.654,376.115198613768,-38.0902711680223
6.6545,415.678592526437,21.2337471851241
6.655,391.157821500947,67.6670159077196
6.6555,363.73667938624,87.4354879463472
6.656,388.033449566444,95.7614269560631
6.6565,419.561026059103,123.102850237664
6.657,370.806884605935,173.049009705051
6.6575,241.58241257278,215.664904018925
6.658,126.457534148031,224.039915406726
6.6585,89.3811153256346,197.634032778989
6.659,95.0666492814924,152.179266543754
6.6595,84.5358397356307,110.773044013109
6.66,60.5152443948928,100.31122363921
6.6605,61.8675641226817,123.346100101006
6.661,96.4028914138237,133.526141222847
6.6615,140.125903640434,80.3779809235421
6.662,172.645162712418,-12.2303290457035
6.6625,174.458873947436,-58.604262182583
6.663,117.260900008686,-23.8640572920698
6.6635,2.15280879870077,22.9511818924594
6.664,-111.833018831619,4.82681627106432
6.6645,-164.715123793894,-56.20623746347
6.665,-170.758463018578,-78.9011529461692
6.6655,-192.056371692963,-39.1370683925026
6.666,-246.095321235411,15.3748116453015
6.6665,-291.038257961993,52.9011086927513
6.667,-303.081550254025,93.2484748235101
6.6675,-311.30978802401,147.909850266922
6.668,-338.157980977164,184.524665381733
6.6685,-356.767727813989,175.22285489452
6.669,-338.885128603298,137.204715677194
6.6695,-306.147112975059,99.2169905408529
6.67,-296.805757014042,60.3754431022696
6.6705,-308.286552512869,5.28182202384485
6.671,-309.414103761147,-69.2186885219951
6.6715,-291.297843789113,-163.733467219543
6.672,-271.588150157098,-283.026713704251
6.6725,-261.049734455951,-409.079999361117
6.673,-257.668543007995,-495.897003920299
6.6735,-263.838764700884,-518.520134560096
6.674,-279.064437369938,-502.054755720147
6.6745,-283.619184745252,-475.175112861251
6.675,-258.300562622251,-424.590337765982
6.6755,-212.518555951092,-332.265626242527
6.676,-164.33287878008,-229.473853360124
6.6765,-103.965794758252,-162.402878618285
6.677,-13.1753175717337,-116.770820873183
6.6775,87.3307373435772,-30.708073746729
6.678,154.073364316519,115.515635486676
6.6785,186.34777936953,270.998339592047
6.679,229.456816323936,382.256351199095
6.6795,300.052166982363,441.383372475327
6.68,352.702415179925,452.051028783952
6.6805,343.555563904235,399.242639704119
6.681,289.564149599089,286.39561241434
6.6815,237.291817973928,164.269711952859
6.682,206.411184879912,80.4559331231
6.6825,195.135085133068,22.2252118568006
6.683,209.604261465044,-50.4720357371241
6.6835,246.963438052799,-130.914002584703
6.684,270.9302714209,-168.403704507502
6.6845,248.300497954488,-142.370848935325
6.685,199.745330069282,-92.4520519956265
6.6855,175.330131981273,-64.6315862428043
6.686,186.370817570018,-58.6379755337679
6.6865,198.281679515228,-43.467075986847
6.687,183.870265751157,-1.5201833444005
6.6875,142.994084557437,60.1298027219786
6.688,72.8766933565866,126.111878048938
6.6885,-33.8491961428405,181.512632813988
6.689,-152.597544087858,211.856586376027
6.6895,-232.438265435784,210.574125677355
6.69,-256.635102187033,187.279570618796
6.6905,-262.220141170304,162.010520276663
6.691,-280.661694929131,151.448676384919
6.6915,-293.864139768449,160.670895357073
6.692,-272.920514936858,180.70575154256
6.6925,-227.748854453578,190.554210014485
6.693,-186.029618824815,169.732522048095
6.6935,-146.394137271145,115.218964586943
6.694,-86.5659204407636,41.0504569250497
6.6945,-2.65277313701914,-42.3948975404261
6.695,91.6519289403684,-140.47816573924
6.6955,193.626540910114,-258.688063717724
6.696,307.509319971587,-381.971462341419
6.6965,418.371662957048,-479.915012355774
6.697,499.705323147161,-531.218460610715
6.6975,544.163361975967,-536.517750814241
6.698,560.336420812447,-509.059163444145
6.6985,543.685889441484,-460.014332255834
6.699,482.182104929349,-393.258915364099
6.6995,392.096099352946,-308.467295005424
6.7,313.985025787978,-206.027680912267
6.7005,260.276327320567,-89.4457238372719
6.701,194.172897893965,36.7325019435896
6.7015,79.3264072203163,169.362877534913
6.702,-68.3082852010825,302.367253676889
6.7025,-197.697322509094,419.828508975051
6.703,-279.220279102705,500.824360260872
6.7035,-324.635507549821,535.73785306397
6.704,-358.443433278769,533.036505453412
6.7045,-390.421242189341,506.541789097624
6.705,-417.646662621623,462.77793064548
6.7055,-435.334435830499,406.04239633334
6.706,-435.602094597834,346.980679636754
6.7065,-405.8171494779,294.672995734688
6.707,-343.016423104796,244.152573358639
6.7075,-270.220493167702,183.797049454944
6.708,-224.466310444551,115.216301703233
6.7085,-218.892416279305,56.0500919117661
6.709,-224.724815384814,21.8268030240318
6.7095,-204.558076199477,12.4591342890566
6.71,-159.454789088173,15.3951083319153
6.7105,-125.176192399278,11.7525638822844
6.711,-121.021864613711,-20.445694207511
6.7115,-125.673455880119,-94.0366295499046
6.712,-114.821219380907,-194.441478306589
6.7125,-99.9109693758654,-281.699465102479
6.713,-107.000714230005,-321.591917755095
6.7135,-131.321742585363,-314.702700128381
6.714,-140.179638272856,-290.870031323137
6.7145,-117.550256399763,-277.32600322516
6.715,-81.6205829428687,-275.965550612848
6.7155,-55.6363714995135,-269.818723502077
6.716,-39.9890886512302,-247.428337543061
6.7165,-16.6885552452812,-218.286914019612
6.717,31.4266161326255,-201.98810807544
6.7175,103.823050369003,-202.934493299257
6.718,170.486163663525,-204.391179330559
6.7185,185.442808567295,-194.025409556435
6.719,136.945061591589,-184.495022403699
6.7195,81.2800067171833,-191.866026490777
6.72,96.1700795403018,-199.698191145331
6.7205,193.844887880994,-170.405144239697
6.721,307.672965307409,-98.3245947236619
6.7215,373.223696143712,-25.3418559390176
6.722,392.193649377579,12.5937040410161
6.7225,402.129358902288,31.2218628159652
6.723,417.243852069276,64.3706139909149
6.7235,427.486325483913,102.475888771245
6.724,430.013594623618,102.979548926
6.7245,425.660991027929,61.61462670638
6.725,399.401490764726,34.0420273665835
6.7255,340.262828344546,67.9858278037684
6.726,270.517288136518,140.521569291641
6.7265,216.219286582423,188.845629025521
6.727,153.872514696912,189.189841384772
6.7275,34.1175802895913,177.20502700085
6.728,-129.362909000077,192.69409857108
6.7285,-241.589871293624,231.08708057688
6.729,-231.372316326852,260.12778452428
6.7295,-147.297454547953,266.677412108733
6.73,-108.200272057878,268.637007497845
6.7305,-166.393545812313,284.329396944849
6.731,-257.247139076232,305.953321371534
6.7315,-289.078569043428,309.342736278249
6.732,-250.725183844514,281.757724535685
6.7325,-211.363682266831,232.025365456779
6.733,-231.79769574562,177.294855906164
6.7335,-299.795892604981,129.169005473917
6.734,-352.621977008004,91.7825274871192
6.7345,-346.901863212923,61.5632920069168
6.735,-297.012440139581,24.5192614178936
6.7355,-249.31416364079,-34.358608003076
6.736,-229.397104220402,-109.286824715563
6.7365,-222.328031134265,-170.592958627662
6.737,-201.826873518761,-196.733829656927
6.7375,-165.427939933204,-203.495417822535
6.738,-131.330914360574,-226.091075435085
6.7385,-108.943832972408,-275.504363822184
6.739,-89.1016545854554,-329.685519777326
6.7395,-64.1579131684178,-366.753710172901
6.74,-41.223440548573,-385.298424703207
6.7405,-27.8742649086716,-386.432938560298
6.741,-18.7199309402351,-359.551049873867
6.7415,-8.75868983683449,-302.314889217732
6.742,-9.44312115126993,-238.029438475937
6.7425,-33.8966482536006,-192.051885642481
6.743,-69.5959609342945,-159.230208412673
6.7435,-83.0169819044885,-114.36110159177
6.744,-53.3923421749234,-50.0452973964487
6.7445,11.4319476423952,15.9225397671867
6.745,92.7098422597238,69.7284705464776
6.7455,177.052063461012,117.095543699554
6.746,251.713439599949,164.390408898263
6.7465,305.399511595761,202.360043456112
6.747,347.202612036451,219.664735235473
6.7475,406.681895192489,221.057355128002
6.748,494.749645262741,220.569655676058
6.7485,576.647403823563,223.603985524311
6.749,608.797041194346,226.670877650159
6.7495,596.680012894396,230.710905765124
6.75,585.542443268065,242.723010314259
6.7505,587.462308649178,262.370070051397
6.751,549.472689581789,276.023439479165
6.7515,418.717494409996,270.921759937906
6.752,221.941230067973,252.450671654812
6.7525,48.0892161288142,239.038749543095
6.753,-49.6947569364847,235.582325553774
6.7535,-108.369847949993,218.512417801042
6.754,-198.642699177993,159.171759354548
6.7545,-332.488047335629,63.0383093383533
6.755,-448.978874347478,-28.5456600194456
6.7555,-489.232154110048,-85.3025384238122
6.756,-464.214075096663,-125.470412477259
6.7565,-437.362873027178,-191.423469688283
6.757,-450.591232391265,-294.818855414553
6.7575,-481.831287376853,-404.658961111416
6.758,-475.091333022607,-487.947249877995
6.7585,-401.342703478121,-540.354709786501
6.759,-285.395367726558,-570.708328007392
6.7595,-179.285394305598,-576.429197482408
6.76,-115.396776202168,-549.310806434183
6.7605,-84.5167394144818,-492.307801322897
6.761,-55.7358064382641,-414.525696940968
6.7615,-14.9618123652706,-317.494406097024
6.762,19.0134086394404,-201.049876286825
6.7625,17.9615264351658,-77.0748957222269
6.763,-19.8315075725706,37.1569184163917
6.7635,-61.9789353391234,136.477923395196
6.764,-70.7425921878053,226.485171141372
6.7645,-37.9602299175851,308.179018962215
6.765,6.55849136566298,376.725497182343
6.7655,20.8453858300145,432.389725453023
6.766,-8.5564467403233,478.17862622333
6.7665,-48.2599248360932,507.511356124835
6.767,-49.5120115095586,509.03431786779
6.7675,-4.94356541647972,484.270490665413
6.768,38.2688600162872,444.81243089888
6.7685,35.4524001768676,389.524524238183
6.769,2.37275151541295,302.196400095437
6.7695,-5.07031174235806,179.690156433344
6.77,39.4645324191096,47.2516076665328
6.7705,110.469560117565,-64.5637308240715
6.771,174.567853932128,-145.455460897595
6.7715,224.184623501001,-197.059688288031
6.772,261.802655650101,-213.668342759092
6.7725,283.558146435369,-190.190622874706
6.773,291.612133833212,-142.96363988732
6.7735,293.646118745809,-102.818687246298
6.774,276.492731266823,-84.7565412801529
6.7745,212.722041516462,-76.2842907227138
6.775,111.241471016807,-56.5244449148485
6.7755,23.7699126648503,-16.3342364490801
6.776,-27.1412368259209,39.4075302725205
6.7765,-87.4963751437941,95.3598866966988
6.777,-197.266880693285,127.961649732523
6.7775,-310.193751036865,117.384538283844
6.778,-344.867685292079,66.6829435666998
6.7785,-297.769350901756,3.92240731196851
6.779,-243.980103349775,-40.7362703313778
6.7795,-227.970575793426,-58.0276768511466
6.78,-213.354324474528,-59.7591102819144
6.7805,-151.863290021571,-63.0765971420156
6.781,-49.6168233332418,-77.0277139099655
6.7815,54.7795829998867,-98.0284163000802
6.782,136.611277070106,-114.620423931096
6.7825,189.469247397531,-120.391423833359
6.783,215.951672367448,-122.478905663487
6.7835,228.928683237205,-131.461598513917
6.784,234.85346017094,-144.751676554688
6.7845,214.174035339755,-151.452580241416
6.785,156.215425638075,-154.68837955621
6.7855,109.430069912417,-173.477965910049
6.786,136.976894687997,-214.811002911753
6.7865,210.094402122487,-259.08619249221
6.787,214.738948784683,-286.283324422184
6.7875,98.7461109386793,-302.210617206967
6.788,-50.6087446563436,-317.828169557769
6.7885,-122.72568509264,-311.278077865322
6.789,-118.855826685536,-240.021000421888
6.7895,-110.545039004122,-98.7938518021865
6.79,-113.688644127168,57.028266480052
6.7905,-82.9199510556497,162.930179141546
6.791,-5.5364712493366,209.813452599637
6.7915,76.2977663198244,242.378392483191
6.792,128.006310149231,299.169861865943
6.7925,140.986208773101,370.050858892131
6.793,99.0992788847861,414.383443429271
6.7935,-0.372026301412184,408.047090362906
6.794,-92.2611154931062,363.831329988805
6.7945,-86.7316104360752,310.22796179136
6.795,13.7522418333526,260.732838657635
6.7955,104.454404156819,210.111230089737
6.796,108.002000591734,156.944813067218
6.7965,54.9525812455055,117.413640847653
6.797,9.02216311334788,107.351392326178
6.7975,-26.4038512272473,116.079256333363
6.798,-83.6444243611628,112.372829396525
6.7985,-160.004849629624,80.6140805002071
6.799,-223.431975945847,41.3294630276383
6.7995,-262.445097753812,29.9370835978008
6.8,-286.807390135848,61.9862025448846
6.8005,-296.085910760037,123.821782106117
6.801,-283.829643852061,188.241536845411
6.8015,-259.075764728068,231.37739997843
6.802,-232.912671337262,243.285853996463
6.8025,-196.423399262444,234.948127445934
6.803,-139.168524225459,230.928910781225
6.8035,-76.7306592519699,242.145987275212
6.804,-33.8458451762071,246.274501311217
6.8045,-11.4620102447144,205.987874719688
6.805,6.24372298049718,106.689668041054
6.8055,24.9946753898679,-33.5047740722899
6.806,44.5523429439608,-188.533006892007
6.8065,76.7753334822934,-343.721272133489
6.807,132.591710715978,-488.713114079485
6.8075,198.237010037702,-609.48251858321
6.808,247.902438833852,-698.336003006164
6.8085,273.84226790864,-760.431973632186
6.809,283.039371063628,-799.854465311329
6.8095,271.560215625006,-809.098061343427
6.81,225.794440665042,-782.93225655826
6.8105,147.887410819614,-731.388849141921
6.811,62.2894685017035,-664.069748779579
6.8115,-3.04172939318939,-571.579316693481
6.812,-33.3320853171753,-443.139267237342
6.8125,-33.5235898287183,-298.178152581248
6.813,-27.4844840202956,-176.74803807993
6.8135,-37.2911845686454,-95.3618729338279
6.814,-52.776363271298,-34.0999964389826
6.8145,-40.5062271773115,26.1027309297347
6.815,3.29667477709416,77.3144579713369
6.8155,35.1454832206275,110.403519118899
6.816,24.4970935559811,145.601932983952
6.8165,5.38813543843751,213.215304782475
6.817,30.7893759957478,314.292230274562
6.8175,93.6401240465574,423.314374183395
6.818,137.328991692482,523.173188951159
6.8185,135.675990453163,613.205548304281
6.819,113.843370764761,685.74161601682
6.8195,87.8923758846756,723.005537819568
6.82,35.8988356427663,723.691844464428
6.8205,-50.5014714612631,707.682513138478
6.821,-129.187902547804,682.968998929356
6.8215,-156.340972523247,629.830313686495
6.822,-147.854697553867,532.988848195215
6.8225,-158.429789487531,409.83936482335
6.823,-209.520403431182,287.612844917655
6.8235,-265.370449328976,169.844919081058
6.824,-278.984364553637,50.0316872268789
6.8245,-242.256600943215,-54.4425648436883
6.825,-187.936849243117,-112.900522478838
6.8255,-154.125587568543,-123.075384708717
6.826,-150.867111751826,-112.628870665092
6.8265,-156.417750915956,-96.050122238755
6.827,-142.587405170248,-60.0006301828604
6.8275,-101.487648991848,-1.93067036805776
6.828,-46.3038769671107,46.314791672602
6.8285,7.69008984332508,55.239778948045
6.829,54.0276299414387,38.0455822357291
6.8295,91.1599740791133,28.866926863102
6.83,120.408302017214,31.9582372082151
6.8305,149.086595120693,17.8532372313089
6.831,186.060164141347,-34.6715705908688
6.8315,233.070065715589,-116.753419774252
6.832,287.663293319994,-208.490288991872
6.8325,351.282140452226,-294.510172589488
6.833,422.208938339673,-353.742018298296
6.8335,481.146840137009,-357.299375653271
6.834,497.245436741505,-295.286353030925
6.8345,453.044262152212,-197.697287132348
6.835,357.998702117721,-115.182972081389
6.8355,240.189830169635,-80.6237535189887
6.836,132.656465603501,-93.5238437539739
6.8365,60.4752481973631,-132.815684942524
6.837,24.5425360024407,-174.354418118837
6.8375,-2.17337632652505,-200.919647002042
6.838,-49.6324818274901,-207.883484034721
6.8385,-122.43358753433,-202.779431956959
6.839,-205.885050892303,-196.20896933705
6.8395,-292.144666734831,-194.550341500473
6.84,-382.182495014761,-203.726097805904
6.8405,-466.46873547185,-233.037158045864
6.841,-525.503635978332,-285.450204211778
6.8415,-550.400123003764,-345.928836138919
6.842,-544.303313118751,-389.581781314618
6.8425,-504.957586265452,-403.507000831725
6.843,-428.446364530208,-392.834767513351
6.8435,-330.753413996216,-363.194175840298
6.844,-239.564588796739,-307.294958985299
6.8445,-158.555185048309,-216.945576933228
6.845,-64.3909390121918,-102.807561174063
6.8455,52.7247125837019,7.7877454757092
6.846,170.381893528081,92.7473461602494
6.8465,266.344098236051,148.744335051219
6.847,343.858329052504,185.139941445889
6.8475,409.135608434645,215.393940631645
6.848,447.900266037091,257.300067814519
6.8485,446.24185595911,328.015789524366
6.849,417.611283807796,424.243657571844
6.8495,386.5913289535,510.845852057391
6.85,356.43594873157,545.178611281813
6.8505,310.564766851111,518.934851065023
6.851,235.729674137075,466.486547734125
6.8515,127.611038582912,425.577830713125
6.852,-13.4695392311017,398.917035079101
6.8525,-171.009561510536,363.85385524079
6.853,-303.634604712211,311.060557370425
6.8535,-369.159120293807,256.946975646913
6.854,-358.835115438534,218.189727546346
6.8545,-298.329630786988,191.117111081167
6.855,-220.723877495239,164.278027262797
6.8555,-148.873678311782,139.026174106834
6.856,-94.7554814518349,125.005780328371
6.8565,-58.8109130753506,121.033229922534
6.857,-30.3858683267919,113.836520992654
6.8575,0.932844381886865,96.1568670140146
6.858,34.7311777101124,75.4458393985139
6.8585,63.6597617944372,60.7962365212341
6.859,81.0185269364049,48.5088504071334
6.8595,81.1052153085711,25.8788262119153
6.86,62.0476948253504,-14.4940046194489
6.8605,31.5418971747038,-68.6080004565626
6.861,-3.0004587244727,-126.788818725999
6.8615,-51.0559299788367,-181.347105465623
6.862,-124.221993716494,-230.19151546971
6.8625,-198.216316714971,-278.006541549427
6.863,-216.927558224616,-334.982790682642
6.8635,-152.717974506677,-409.77982406322
6.864,-41.6767962735413,-498.65240708367
6.8645,59.3882640914861,-580.703043958594
6.865,128.294125479104,-627.068180673067
6.8655,169.014779537827,-618.843778091107
6.866,177.13820218592,-558.663250402485
6.8665,150.899149175097,-466.016645027647
6.867,118.432965977837,-361.911792930287
6.8675,111.164009862867,-257.740292979376
6.868,115.138699059338,-156.781576173256
6.8685,87.3086062744293,-62.6362666600704
6.869,19.8809008317067,17.6421716543127
6.8695,-47.5926547818736,80.5843500598725
6.87,-82.5816032452767,134.975996085677
6.8705,-90.2387146295489,198.867728639402
6.871,-83.9666489264446,283.522467713626
6.8715,-62.1390662086084,380.384390961114
6.872,-27.8555362047978,466.676774956237
6.8725,0.237658248329587,522.441216699909
6.873,15.797858256978,537.310613844803
6.8735,38.7628655809467,504.145615692641
6.874,82.5950491713122,421.353779735497
6.8745,127.733347396912,310.707329090338
6.875,146.557641603272,220.060219811095
6.8755,138.887385875354,187.849580772043
6.876,124.608968890636,203.369118904515
6.8765,112.702193186334,217.115399879023
6.877,93.4468865340039,193.650985711258
6.8775,54.1711694669168,140.267809893505
6.878,-6.45498766950605,80.73743181108
6.8785,-71.0107189075468,21.7291338658598
6.879,-106.172053622849,-40.3714128442491
6.8795,-88.9661891725157,-95.878922922385
6.88,-37.7278267284681,-127.610821360606
6.8805,0.62135641529853,-134.817024589333
6.881,4.45114887324188,-131.946894465641
6.8815,0.854006063532728,-126.322279923575
6.882,22.7860741459694,-116.503018116456
6.8825,61.5113346301341,-112.623109873495
6.883,79.8102248725096,-136.524787491455
6.8835,58.361414931212,-194.136735041224
6.884,9.52308203408879,-263.878825161501
6.8845,-44.7561392100777,-320.462011043545
6.885,-89.2754896771545,-357.08972635153
6.8855,-116.664221815557,-379.139887642506
6.886,-130.777357524402,-393.308152661884
6.8865,-146.483003509374,-411.939446889676
6.887,-172.193871613845,-448.84863010509
6.8875,-195.783875030615,-494.726321038806
6.888,-199.16002316806,-511.801471339308
6.8885,-181.08899436796,-472.294839672094
6.889,-153.432990183784,-391.653052754662
6.8895,-122.115529421596,-304.526351713947
6.89,-88.190017126388,-218.764888270932
6.8905,-64.1065383861877,-118.323595231169
6.891,-69.9919769166672,-6.13870269601594
6.8915,-107.377559449089,86.1752269633674
6.892,-145.557149951316,138.398748188467
6.8925,-140.666573777573,168.326812023227
6.893,-71.0523392522977,207.490407447177
6.8935,39.5604064721517,266.90417583712
6.894,132.153815918852,336.887614482541
6.8945,157.318762069042,406.202066028933
6.895,119.847860393429,469.843102890548
6.8955,72.8757593813331,527.936844118776
6.896,63.5235578535736,585.634810566413
6.8965,95.6120855465014,645.251262444994
6.897,149.530770528124,693.699394045016
6.8975,215.376742895133,710.752008285461
6.898,286.789952650673,696.054540679218
6.8985,340.523474172723,672.196558183799
6.899,351.967626871918,651.305161490462
6.8995,325.236306710984,615.990415487204
6.9,281.765614007119,548.668883438158
6.9005,223.892510376189,463.299507066511
6.901,140.472423187801,385.493574203463
6.9015,50.1688108765078,310.750995937838
6.902,3.24744176054589,208.094009400067
6.9025,22.0670991988706,65.3157346759073
6.903,64.1174080611024,-90.2707872071883
6.9035,66.4389132342284,-220.446005315237
6.904,11.8000386755115,-310.432387813659
6.9045,-69.6527123274783,-371.400105027999
6.905,-150.453715228886,-421.841057482768
6.9055,-228.851118235388,-470.816612600511
6.906,-302.987086283581,-511.319290040082
6.9065,-350.303017985926,-529.540926021292
6.907,-347.970118251836,-527.168515231405
6.9075,-301.825216751265,-528.06609070543
6.908,-241.116220376959,-550.182876250293
6.9085,-189.306820598804,-578.342878935962
6.909,-151.30821430756,-584.390784018873
6.9095,-125.812703112856,-570.131790634971
6.91,-113.775172082913,-565.620494812351
6.9105,-108.10977807155,-582.614684510411
6.911,-88.3491155320146,-595.986894736243
6.9115,-40.4307514404438,-580.160075960645
6.912,22.2753303250605,-538.760382748378
6.9125,71.16574204812,-484.018115573231
6.913,93.912794210305,-411.04344073897
6.9135,100.029463550832,-314.151142169338
6.914,97.0441321359205,-210.374561563422
6.9145,81.1753391964307,-121.386905143411
6.915,56.3017522461245,-43.4811661757577
6.9155,39.6279403090647,39.3447770339752
6.916,35.2000064418969,120.303795741283
6.9165,21.8334902007724,174.775403416447
6.917,-13.1355277205904,198.677619899028
6.9175,-44.2727738311617,216.37158485139
6.918,-36.7540980478186,247.074255418601
6.9185,5.32094669711339,286.288725070245
6.919,45.6651917957036,326.531921951337
6.9195,66.8515599412586,373.909490306689
6.92,88.754352366972,431.695394948928
6.9205,134.565063678031,484.264314669368
6.921,200.949472734564,513.028355806023
6.9215,266.293164710897,520.729901143062
6.922,311.227431691486,529.736661991548
6.9225,329.050171943428,562.007518693349
6.923,330.274661283278,625.318995318915
6.9235,331.782680870287,707.716831630071
6.924,322.881755209337,776.515244112826
6.9245,254.553233347329,793.571484111998
6.925,96.690660406225,744.9833598947
6.9255,-99.0193657750349,651.648400623683
6.926,-237.26560093508,541.914729373519
6.9265,-287.555550749115,420.208276943543
6.927,-308.54306926548,272.594497782405
6.9275,-348.073290379691,96.2372438309025
6.928,-372.721082752834,-90.8708258967124
6.9285,-335.093419691909,-267.09771819055
6.929,-264.109251057426,-420.262830710204
6.9295,-228.309683799027,-543.071396118646
6.93,-233.588491823139,-629.487035181617
6.9305,-221.521181392622,-681.445151970042
6.931,-163.884777505263,-709.5364161636
6.9315,-96.983946334635,-719.750306645156
6.932,-53.0645026328216,-705.382410957432
6.9325,-15.9756895335276,-659.151851817277
6.933,31.0168681248374,-590.017767258111
6.9335,63.0708601257478,-520.578912966856
6.934,55.731999551795,-466.82227414124
6.9345,33.023891079084,-424.61280136092
6.935,31.2960192535536,-378.317486321645
6.9355,37.5164945435256,-320.820892475715
6.936,9.06838869797187,-261.882122998272
6.9365,-52.086251740623,-215.739045858463
6.937,-88.336398787363,-183.45993276399
6.9375,-58.1422169448422,-151.769535833628
6.938,12.9469131327526,-108.284623525288
6.9385,68.2723649879406,-51.8444485700908
6.939,85.6910373038703,12.6861502042978
6.9395,88.9912724754481,80.2302089028539
6.94,105.523686788088,140.34006738193
6.9405,132.322042355854,176.732564718674
6.941,146.26031784204,185.829339111127
6.9415,136.758692592719,191.478383473106
6.942,120.248775976191,224.555987467218
6.9425,120.388026381829,285.485118541607
6.943,137.121437866438,342.586481869333
6.9435,144.631867089121,373.955592559137
6.944,128.147286936108,394.887122506489
6.9445,116.207604890087,430.431935860049
6.945,157.638014763463,473.484652444395
6.9455,258.524536930456,491.018935581865
6.946,357.231966770192,469.953026991701
6.9465,380.049663788797,437.098313661276
6.947,316.233363686849,427.020608975029
6.9475,217.963079597766,443.193852352108
6.948,127.002314152969,459.289554419963
6.9485,30.505103690632,449.839485204431
6.949,-94.2421302900951,410.114357847174
6.9495,-219.270162558837,350.492192371819
6.95,-289.404439047876,280.709592042408
6.9505,-301.740067083969,200.943669605976
6.951,-320.889108180233,105.392861833187
6.9515,-399.87594956033,-5.51666005006543
6.952,-516.009117850778,-117.77196444629
6.9525,-606.325219937587,-213.333323064575
6.953,-640.657348161542,-286.877151330932
6.9535,-630.395304432182,-346.115026190724
6.954,-584.365246628027,-395.281163646656
6.9545,-494.635253748554,-429.684145607163
6.955,-362.468835558949,-451.534525647068
6.9555,-203.925732201544,-477.546168518062
6.956,-25.7488875112838,-517.573149708749
6.9565,174.265975974717,-554.099445736109
6.957,375.302320380561,-559.439857314297
6.9575,530.440528191489,-530.749981640668
6.958,610.143835515392,-492.069755566106
6.9585,629.522127155985,-461.402174839749
6.959,621.539870566193,-432.562446488321
6.9595,602.586677608126,-393.87564643208
6.96,574.95472610708,-347.350768847671
6.9605,540.73448399545,-298.282067510048
6.961,495.779913733333,-239.299965523055
6.9615,426.329721504836,-160.692418926624
6.962,327.407578757135,-70.9924882492262
6.9625,209.267123180287,7.05230588686997
6.963,72.8685557388107,59.7149629941595
6.9635,-97.3658946812487,89.9028359928515
6.964,-291.883607299646,102.108094726601
6.9645,-447.006357320844,92.5066050118676
6.965,-493.778901418215,59.2715319856839
6.9655,-434.280696180526,14.9997515895748
6.966,-342.527223380581,-17.7233970177016
6.9665,-288.654646133805,-21.6700935784505
6.967,-284.16553325736,4.59827219230903
6.9675,-299.965512553051,46.3351058848496
6.968,-309.817660317473,80.315636048763
6.9685,-306.729073169894,89.7214961551147
6.969,-297.594502460497,79.8999883699028
6.9695,-293.860256689173,80.1979710476769
6.97,-294.927274882003,124.218644137138
6.9705,-274.660433590794,222.735946420175
6.971,-199.692980532475,354.348754751703
6.9715,-70.6941633396864,482.284119548566
6.972,66.0890215297291,578.685002236339
6.9725,157.892184887597,632.832541726797
6.973,189.165935536124,643.759611327043
6.9735,183.089191345648,617.5186258948
6.974,171.947080762122,574.505432952651
6.9745,174.401307072821,545.188191729087
6.975,192.50579596663,542.785536749602
6.9755,218.827148580469,542.786797083301
6.976,244.551925068845,504.442152925403
6.9765,260.875569107027,415.755241603904
6.977,252.304741749229,305.875357718708
6.9775,199.770585219232,210.25316177456
6.978,106.400273945016,137.419252720239
6.9785,15.3104666817627,76.7226288461224
6.979,-21.9658529670701,22.7085960990084
6.9795,-1.65059827148793,-24.556530556793
6.98,27.1688827291603,-74.9929916957626
6.9805,23.0608906328419,-144.998315405752
6.981,-1.39183534345203,-236.456233967127
6.9815,-7.22047082280305,-331.438710738522
6.982,16.5920028299638,-410.740914557019
6.9825,48.7064810771382,-469.811936228137
6.983,73.6895805644614,-515.708229415771
6.9835,98.9618094711449,-556.517284226761
6.984,133.669535735028,-594.942188909052
6.9845,169.43996650476,-624.712380296192
6.985,185.847623967813,-631.744663287382
6.9855,165.675860812945,-605.752247537208
6.986,108.876121329265,-553.080813509988
6.9865,43.5067030058039,-493.324712089657
6.987,15.5713911942575,-442.136155705173
6.9875,48.3743442492306,-400.908633272241
6.988,112.489407706595,-361.779258157105
6.9885,153.764846648663,-316.891039995878
6.989,150.700012508934,-263.22994092421
6.9895,124.241763258282,-204.179086132418
6.99,90.7931696680227,-147.046164869601
6.9905,34.604706786484,-96.0958353161255
6.991,-58.0057984994974,-50.1181532286625
6.9915,-160.13830003176,-9.44381039070472
6.992,-225.833653921721,20.7768620245551
6.9925,-242.563617470708,40.2909488303648
6.993,-241.043693280741,59.7590319801151
6.9935,-254.16987634913,88.0815486031883
6.994,-283.568530589875,120.301528279484
6.9945,-309.103880111966,149.309728933152
6.995,-316.927992187451,183.083788284436
6.9955,-310.841148113251,235.533414308739
6.996,-302.690495350668,303.564421813882
6.9965,-297.680681745866,367.847949324139
6.997,-288.984323367687,413.122265332549
6.9975,-267.322434394822,431.745898657536
6.998,-236.201989079169,411.526995132792
6.9985,-212.276841998984,342.966788221158
6.999,-206.178031206344,242.267308888927
6.9995,-208.2916444583,146.624613212016
7,-199.811827997794,80.0004038646259
7.0005,-173.121894577226,40.5015974384054
7.001,-134.545631494289,24.4742621006356
7.0015,-92.8537377918081,38.8423831459899
7.002,-54.0331204418921,78.9847218060549
7.0025,-21.6218953377559,118.252438236956
7.003,9.00134414228839,137.898204572901
7.0035,51.2332235091315,150.836496899485
7.004,108.164322581058,177.632276519197
7.0045,157.468241880441,213.249438037753
7.005,173.955256474644,237.286019961905
7.0055,167.439028446704,246.464251558938
7.006,177.589404920804,256.788182078634
7.0065,225.158166751998,279.272322376714
7.007,288.37955963783,309.873968036345
7.0075,338.760080246027,338.090626150317
7.008,380.966837071232,351.480766109992
7.0085,438.403058234398,337.909783549256
7.009,510.97809975339,296.387535990342
7.0095,568.361112562999,238.888730286209
7.01,582.773205391019,170.85130565226
7.0105,553.457893436497,81.8592994058273
7.011,499.90414729964,-30.6352209070512
7.0115,442.181902723266,-143.702142655939
7.012,385.520703711297,-235.258067674037
7.0125,314.765114371951,-314.309388047341
7.013,209.303497204118,-400.025766003276
7.0135,74.1410271575265,-481.708576844497
7.014,-51.5509042254087,-529.599372001476
7.0145,-131.591763909912,-540.554903311332
7.015,-171.800908875451,-541.272328577291
7.0155,-204.481834954311,-545.167275390578
7.016,-240.26336515503,-537.584401417159
7.0165,-258.231829067321,-509.899405010919
7.017,-242.534305593352,-476.809747956328
7.0175,-202.934803769532,-446.091231761175
7.018,-154.182094048715,-398.000790469819
7.0185,-101.518793710483,-314.088355944544
7.019,-58.128689726674,-208.261482770783
7.0195,-51.2024392559245,-110.178935330044
7.02,-90.2164934099085,-29.3497908577088
7.0205,-146.678850009285,48.011294768284
7.021,-187.160116496266,132.741233479995
7.0215,-214.611561417476,213.963017811928
7.022,-256.186838300689,262.936217127248
7.0225,-319.932382033273,255.188400783434
7.023,-385.926122578263,200.291638750129
7.0235,-434.402395086789,148.139021034068
7.024,-459.974039629311,145.017177004098
7.0245,-460.288985727072,178.598551668342
7.025,-433.640267395968,189.15286493101
7.0255,-391.154933871101,144.513776300869
7.026,-352.202540617824,79.2849045822244
7.0265,-322.084941392038,44.571679982391
7.027,-288.27062063569,44.2173099321531
7.0275,-240.715444450642,44.93713556696
7.028,-180.315860883713,29.2254765959649
7.0285,-105.947729374733,7.16548063377206
7.029,-12.8154474876448,-13.0253836874854
7.0295,90.0765528322569,-33.1455541791906
7.03,179.585200002972,-45.2560737164093
7.0305,244.728921412601,-34.0819640396344
7.031,296.280533181965,-5.78271350850617
7.0315,340.611319340531,9.54514282686987
7.032,364.283774387747,-4.85689629101595
7.0325,361.649633857266,-28.7303794906389
7.033,359.796714230661,-29.5479338392861
7.0335,390.485550940095,-1.40070884290018
7.034,444.261973975608,29.1159412209803
7.0345,476.468662767403,30.2311860181871
7.035,458.45103843671,-5.86702542673664
7.0355,402.930161981714,-55.6870961397416
7.036,337.680465868159,-83.2907289632267
7.0365,274.159222097492,-70.1639656754966
7.037,207.955080608783,-27.1711911129675
7.0375,133.630271558038,23.0665823724136
7.038,51.0022972759213,67.2485518982541
7.0385,-30.9710538197795,99.0491585013021
7.039,-90.4633604188383,108.646462315842
7.0395,-106.641768162083,91.4119509653219
7.04,-86.4334615231215,60.8049436142339
7.0405,-66.0575568033455,34.1900847791163
7.041,-75.3649210975816,9.54516303691687
7.0415,-108.949596308353,-22.6553702607962
7.042,-140.560561194882,-46.3821884263963
7.0425,-154.178715407937,-27.6249322300699
7.043,-148.58614181499,35.2230799125606
7.0435,-124.248670286251,95.7083627046152
7.044,-87.0649508453127,114.387797342635
7.0445,-60.2533998663242,110.07825044844
7.045,-67.8516685372955,130.533930253676
7.0455,-100.019921861301,183.606382480422
7.046,-114.126824884514,226.682246348459
7.0465,-82.6079003873604,223.183844101867
7.047,-27.7326316734613,182.152642282605
7.0475,3.70963384890717,135.553068130952
7.048,-7.68649888200351,101.206424279798
7.0485,-39.769247589736,82.1968872400398
7.049,-61.1439725484266,83.3802456780646
7.0495,-63.4845601890475,107.060771810789
7.05,-60.7595729495069,140.136426833527
7.0505,-67.968491789203,164.195365453145
7.051,-87.3359356453927,176.11147465215
7.0515,-111.926527343464,184.071343912967
7.052,-137.143971441817,186.066034722367
7.0525,-164.975127772841,169.701275456308
7.053,-195.355387689321,135.365816834112
7.0535,-217.842982781855,102.572157753522
7.054,-220.431351801571,86.0529191320903
7.0545,-205.685455023191,78.4789093985823
7.055,-184.993567779798,64.446853776099
7.0555,-153.133498687999,39.392317214874
7.056,-87.1599462414612,6.28198639084841
7.0565,14.5888235307294,-32.7128036607759
7.057,109.542348915674,-68.8448025037106
7.0575,154.075729766226,-84.8142803880382
7.058,163.267463891236,-78.3442803607713
7.0585,195.917344241383,-77.4165893497409
7.059,275.170160291012,-108.990763798307
7.0595,355.782654136473,-157.309338237113
7.06,385.599254312593,-179.400800862729
7.0605,370.704617949798,-164.285545222007
7.061,353.988343226127,-150.314704231389
7.0615,350.666154701433,-174.687130679707
7.062,338.442603256368,-230.72639868483
7.0625,301.556182040398,-290.20056312032
7.063,250.15003343487,-344.770521395787
7.0635,196.142980232311,-402.359974073047
7.064,140.899574471319,-459.180656038852
7.0645,91.055036415574,-503.763539261255
7.065,55.6792172259808,-541.846621818564
7.0655,16.9552703858168,-589.110435660305
7.066,-66.5138411743479,-637.868737257225
7.0665,-206.409821616745,-655.676143206821
7.067,-354.298656224059,-623.724987324938
7.0675,-445.636971926994,-556.290648596769
7.068,-461.699322063505,-473.11197461118
7.0685,-431.360738041463,-371.972478848221
7.069,-386.740831986296,-244.951075425792
7.0695,-339.17119938378,-109.657283052162
7.07,-288.847373940441,-3.14527522300313
7.0705,-233.707295496712,57.3290022829152
7.071,-170.212422699066,94.9219156243931
7.0715,-102.585446971285,148.222652024045
7.072,-47.7930423185084,229.943698692953
7.0725,-15.8110395564453,315.800772698055
7.073,7.39639577599223,374.187441007751
7.0735,36.6666807681268,400.427275886804
7.074,54.7342949301038,414.100204216368
7.0745,30.5888557165426,425.133867384763
7.075,-28.2667864324923,418.275878746477
7.0755,-71.2983147450049,381.273931072052
7.076,-63.0251799256369,335.383630786665
7.0765,-21.542032999027,317.472583632505
7.077,14.5691891986484,334.641348254179
7.0775,36.1430185209757,358.17721508571
7.078,61.180587988774,366.579828847701
7.0785,98.1005306524032,372.155398701057
7.079,133.795955727289,392.046870266927
7.0795,154.069683075073,412.354452314818
7.08,160.056414802816,403.787291990168
7.0805,165.06937746836,364.912786056791
7.081,183.468459883928,326.484186042495
7.0815,218.522011837774,311.565522546208
7.082,254.877913755308,310.730794761208
7.0825,269.463030376714,302.424392211373
7.083,254.871423924726,280.46375296291
7.0835,222.37532106758,249.76470131214
7.084,177.935068070828,207.890146817243
7.0845,112.915328896177,148.943593804541
7.085,30.6908607101507,83.392288719575
7.0855,-36.3986340594892,37.2625979599293
7.086,-59.0305212213042,25.196712341997
7.0865,-49.8194164276525,34.0785062129907
7.087,-48.2434495912905,40.8178560279243
7.0875,-73.059825544916,37.9356674474404
7.088,-110.630173713613,29.2211533018193
7.0885,-143.041719063136,4.58184955484634
7.089,-160.964389843051,-60.9481867231176
7.0895,-150.648627895676,-172.885324562067
7.09,-99.016687198242,-294.871873385839
7.0905,-20.456581700898,-377.679863128614
7.091,46.4027335021261,-407.939426453958
7.0915,80.1850211052845,-413.702559283741
7.092,93.8983575787218,-423.430682387885
7.0925,100.083516202101,-437.885324515286
7.093,84.9505039224354,-446.499255819823
7.0935,39.3100820395223,-449.489171344816
7.094,-4.81632166311829,-447.536488364187
7.0945,-1.09825736113472,-424.947886516434
7.095,48.9709689142477,-366.373219115299
7.0955,85.5245869430697,-286.080568348472
7.096,48.9350085555718,-219.541915115425
7.0965,-63.4763034165712,-184.293270499602
7.097,-201.003933958743,-166.201021524874
7.0975,-305.657657494701,-146.101325802425
7.098,-349.104148829507,-121.047874416493
7.0985,-336.092322840153,-93.5778780036369
7.099,-285.616519516328,-59.5889921347197
7.0995,-213.192892913843,-18.8544978781469
7.1,-129.21598558483,17.7342527751454
7.1005,-48.4037721804965,45.1776201345354
7.101,8.21536434402915,75.6497027170341
7.1015,25.7348498471386,117.262560145674
7.102,7.37288050525355,152.807788776402
7.1025,-27.4565120295843,158.290317766312
7.103,-53.0019229402294,135.505870243675
7.1035,-45.8530120252466,107.374716857648
7.104,4.5210808463471,86.2939091333555
7.1045,84.9905220124052,67.4150393627372
7.105,164.549790813881,49.4217652189798
7.1055,220.566399499032,37.8444465707479
7.106,257.135407183237,26.6547930532667
7.1065,290.056689265214,2.66461803552261
7.107,316.571326798028,-24.3832690021652
7.1075,310.347518587006,-22.132467304971
7.108,250.256289153774,19.5623501196839
7.1085,149.759025412942,66.6904476873526
7.109,53.1533568716747,83.320515807192
7.1095,-0.525248042572187,77.4175953549862
7.11,-12.6106839276309,81.9624039000784
7.1105,-22.4673600435719,105.96220245835
7.111,-65.6428492580337,132.515971979569
7.1115,-135.856115081854,156.550306740316
7.112,-194.388703382615,191.321407753471
7.1125,-213.146882433654,234.359573770084
7.113,-196.755386700054,256.492225876579
7.1135,-164.910295548809,236.585076730068
7.114,-131.877649118126,186.761966575618
7.1145,-108.566798435782,132.251285896967
7.115,-105.099503108866,85.2813454486543
7.1155,-118.333039028111,51.8936101180892
7.116,-130.303233745711,45.2169380194186
7.1165,-130.07602509601,70.5622447155981
7.117,-123.286460365584,107.511872343871
7.1175,-111.353847452727,128.836454227567
7.118,-83.5999848305921,134.429794431197
7.1185,-47.4181013578092,146.538755839581
7.119,-41.5482361560649,169.135376106569
7.1195,-89.6781777760116,170.791909573435
7.12,-158.389964292086,117.757320263269
7.1205,-195.307164567384,12.7591642398705
7.121,-195.296771011707,-109.940965867108
7.1215,-188.607605843665,-220.654483261095
7.122,-172.286116582658,-311.823029513335
7.1225,-103.668752602688,-381.048861205543
7.123,31.0506995670579,-413.125105079108
7.1235,189.042941659332,-391.326955908471
7.124,326.909793918907,-322.515597949227
7.1245,440.512923435402,-239.339220411373
7.125,528.753420996219,-174.236799494565
7.1255,564.318340951571,-136.977751226719
7.126,534.933178356946,-118.437811226118
7.1265,476.563632588922,-107.100880172894
7.127,426.795962960782,-96.739219713755
7.1275,376.676995654216,-86.779923418882
7.128,309.230362612135,-84.3574538805119
7.1285,250.629025885574,-100.142725974967
7.129,225.89289602116,-131.541982159223
7.1295,188.502815763744,-153.882179337695
7.13,66.8447755353802,-140.682672754005
7.1305,-118.7030982534,-93.1415601548774
7.131,-254.594272040457,-39.7195837701239
7.1315,-269.450123815484,-5.99516495078182
7.132,-212.448106574022,6.35676084764181
7.1325,-169.510865839765,12.3254584804173
7.133,-156.026957895394,27.9293055084096
7.1335,-135.633845272661,63.4215009679433
7.134,-103.738455983661,119.281554993435
7.1345,-95.4371810982188,183.32617101627
7.135,-123.656617621001,239.298568996111
7.1355,-155.112328178953,279.520572382271
7.136,-148.82333277206,300.177765665585
7.1365,-92.4231505640274,287.885533681927
7.137,-6.9887465989678,230.534537563489
7.1375,60.1060053761388,145.782065805431
7.138,58.5490217953813,76.7220647513508
7.1385,-19.2039659473801,45.7150923407549
7.139,-121.762489680709,30.1563425431454
7.1395,-194.103008512821,0.862802584661794
7.14,-238.687601134701,-32.1700208164337
7.1405,-290.517133941585,-36.360060828102
7.141,-343.736696716962,-8.77142040618162
7.1415,-349.457783629721,16.8961392563049
7.142,-290.981698463799,16.4980829254241
7.1425,-214.312525844452,3.35681824273318
7.143,-164.162256992684,2.64239074117061
7.1435,-128.509109749272,19.0182271945118
7.144,-74.5791442208475,42.1152424673246
7.1445,-7.79453902200005,68.2464946010596
7.145,41.718595602881,100.141433784466
7.1455,71.1431150329222,132.228766182497
7.146,104.043086526153,150.874652929809
7.1465,145.826563712341,148.808167705636
7.147,177.383668252346,131.05758997334
7.1475,192.873403540002,107.758658346767
7.148,208.412033640891,87.7187451394796
7.1485,225.256612518691,77.5023918130012
7.149,216.771551451817,79.1091043273366
7.1495,169.175381581725,86.3816861441834
7.15,111.174722724143,88.1260083384355
7.1505,81.9049905806248,77.6149095128713
7.151,85.2002201923662,57.9033465017429
7.1515,96.6161279410607,37.1347606373105
7.152,103.950134667799,20.137644905783
7.1525,116.809780794568,5.53969036086085
7.153,140.124465441809,-10.4277281718536
7.1535,161.763570411538,-29.8541993684938
7.154,170.875710369785,-53.4081165961836
7.1545,171.091690171096,-82.0057658311368
7.155,168.278225470111,-115.398516565202
7.1555,157.332967748275,-150.073248082435
7.156,128.320058569294,-181.661537230569
7.1565,77.2062150411511,-209.258234024735
7.157,5.5310494144426,-234.655085305842
7.1575,-81.7697106944053,-258.34485569842
7.158,-172.725075222835,-279.999113516821
7.1585,-250.899364247627,-300.852592463429
7.159,-307.955568741209,-318.936025461614
7.1595,-347.013498572292,-322.806926179867
7.16,-369.311367973915,-299.541697580393
7.1605,-367.697771181637,-251.968976267135
7.161,-341.392850001926,-199.370358841242
7.1615,-307.375335783813,-156.856486013798
7.162,-284.900879341124,-122.624089422081
7.1625,-274.08561734413,-90.5908176724379
7.163,-260.923499374532,-65.0548243988931
7.1635,-238.358663414008,-53.2743665266503
7.164,-209.641428429417,-51.4764180481102
7.1645,-174.191796625668,-49.3875797777381
7.165,-124.864561749861,-43.3904264043946
7.1655,-61.1652173905135,-34.6375343985833
7.166,5.22757863417788,-19.1841951218976
7.1665,59.5435933440747,8.06358873719334
7.167,91.1493032922813,42.8690093211186
7.1675,95.1593434684706,77.2665483792745
7.168,78.4716138170737,113.720596637775
7.1685,61.8226684361683,161.368521400476
7.169,62.2824506447708,218.144243771327
7.1695,74.6979038430957,267.899526447409
7.17,84.6512286080496,296.242819004722
7.1705,97.8030079357176,299.728546000373
7.171,137.364279241302,280.313587679494
7.1715,209.948206821809,242.900305846447
7.172,292.978371563279,200.138135853904
7.1725,360.419016107862,167.851309711064
7.173,402.068664488132,150.853714735161
7.1735,414.45110755054,140.448891300178
7.174,397.96987545731,127.65653797387
7.1745,370.743378295421,111.528316892385
7.175,355.075088435509,94.6886845390811
7.1755,335.647093643246,80.2257904821161
7.176,266.836780558191,73.2204852642572
7.1765,149.830816441118,74.6925771559739
7.177,66.8452922945949,73.0671844183711
7.1775,90.9236305111453,53.1539671002194
7.178,181.981280107568,15.6204067153947
7.1785,228.475367689355,-24.4799735139826
7.179,188.187952483314,-61.4976875617773
7.1795,129.11379999504,-107.829685002392
7.18,119.654300087574,-171.462423485335
7.1805,139.128676282378,-235.406116286693
7.181,132.334642063685,-268.98128392838
7.1815,105.15394435343,-255.444829173107
7.182,110.938252125379,-204.416084466693
7.1825,159.316501750686,-141.995833651928
7.183,189.025356156671,-90.7480186396521
7.1835,136.560361442212,-54.0160394532755
7.184,0.850461400112167,-19.2411099115745
7.1845,-166.680073069001,19.7115955497248
7.185,-313.863340596202,50.4355802211577
7.1855,-420.969291487827,62.1778538020364
7.186,-495.077198352916,68.1977416536256
7.1865,-539.963774301324,88.6274643994813
7.187,-535.594517360431,118.371894293489
7.1875,-461.124789054599,139.101300119687
7.188,-343.812694522255,160.338156063065
7.1885,-261.074578658555,211.973861715244
7.189,-268.035857196929,285.584291221139
7.1895,-334.106301124637,321.336058132058
7.19,-378.355213315567,278.318131695224
7.1905,-361.636219366678,188.522064091174
7.191,-315.242432315157,111.264456880581
7.1915,-281.62680706371,59.576724913046
7.192,-262.451422418053,8.54042674077369
7.1925,-236.41604036633,-43.5678308634608
7.193,-198.150643912822,-69.862187595452
7.1935,-158.539344815667,-67.3565846530322
7.194,-125.263753880063,-70.767318605037
7.1945,-103.792254670973,-104.677910672674
7.195,-105.428516822415,-156.225143288563
7.1955,-134.043183045501,-206.455174834019
7.196,-170.72295195716,-257.174133735088
7.1965,-188.786602649331,-309.956176225998
7.197,-181.58392607602,-344.347683796176
7.1975,-161.526539118347,-338.391729835762
7.198,-133.868335736043,-296.34882105027
7.1985,-87.193660541568,-240.717505024086
7.199,-14.1078075811526,-188.917383618429
7.1995,70.6553342340097,-148.711297512625
7.2,142.509687481762,-121.947972526509
7.2005,194.275653362756,-100.045299992932
7.201,242.604994838594,-68.4038790114202
7.2015,303.701209666528,-26.915384731302
7.202,368.211960026024,6.51705361232201
7.2025,410.26502270317,23.6024427687822
7.203,423.45707475251,41.9635189734919
7.2035,436.086352449341,80.2529079943015
7.204,479.620240870202,131.215027381721
7.2045,548.167140029063,175.310562411675
7.205,601.72679448602,207.176797624744
7.2055,605.873204113443,228.67568300006
7.206,555.166762331111,227.310587300498
7.2065,462.723466202115,187.251115610679
7.207,347.910046375005,119.567011843841
7.2075,237.631020425323,58.4468710871684
7.208,158.591357329944,23.9434722753056
7.2085,116.774169047164,6.16141662177268
7.209,96.6658062794194,-10.272237932408
7.2095,85.7168362332431,-23.6279087502492
7.21,82.0899984555546,-24.2249261984122
7.2105,71.7840119229333,-12.4217738811836
7.211,23.6024063147646,2.09591367836672
7.2115,-72.4402132842997,11.5057016863691
7.212,-179.049368292202,13.7929674428796
7.2125,-248.377342067637,10.8940719624973
7.213,-274.742158258911,6.71733222618239
7.2135,-287.603972664828,2.16292593436627
7.214,-300.833815720426,-8.85363067054664
7.2145,-296.804499073892,-31.4537831004792
7.215,-260.528388070454,-57.3572619970214
7.2155,-203.94106514263,-69.8498690173162
7.216,-150.695659621188,-64.0312822920329
7.2165,-116.656729477186,-52.8299859172375
7.217,-110.318256549103,-48.8489833404999
7.2175,-132.669611763084,-49.7462126547801
7.218,-167.998910220393,-47.3784779265982
7.2185,-190.482679198229,-41.8208551452778
7.219,-189.045430817017,-37.3139350575502
7.2195,-174.892504272484,-31.3508232946535
7.22,-160.528690733088,-18.6041899641306
7.2205,-145.546619371549,-2.6316910185696
7.221,-127.984114853936,6.16712469029429
7.2215,-113.221086598904,4.1461667054598
7.222,-102.622123217449,-0.846732063701181
7.2225,-87.513031982756,2.04138512527757
7.223,-64.6260762084158,18.5966031030659
7.2235,-45.4590772398068,47.8139163894423
7.224,-39.9779291959782,81.6966741104805
7.2245,-41.3840408795109,108.34585657832
7.225,-36.499858089797,122.597231518625
7.2255,-21.4972412201614,133.341480635274
7.226,0.694086523810238,153.204482380328
7.2265,26.9625988453546,180.725124574813
7.227,48.9865384173714,200.170691382863
7.2275,54.777773820351,200.21638205669
7.228,47.0248414601837,185.345889060838
7.2285,47.2281667538533,166.633882743195
7.229,67.5086610863953,148.821365719433
7.2295,90.302012802693,129.704911662434
7.23,93.0393946757323,104.429758546417
7.2305,82.6428710287362,65.402012429573
7.231,84.6875453140125,5.897052359066
7.2315,103.583136248186,-67.7580652944626
7.232,115.426778214538,-132.113039586421
7.2325,101.827471693252,-163.936708978394
7.233,73.2976075350434,-161.325939482544
7.2335,55.4521021186367,-141.848977752024
7.234,64.8029952170936,-121.446477396631
7.2345,99.547867738079,-102.140666373504
7.235,141.327496512995,-80.4378260240744
7.2355,164.362161641296,-59.7884381124145
7.236,155.605645082043,-49.4033473203919
7.2365,128.962841238006,-52.5634280780236
7.237,109.123662469988,-60.4172975699353
7.2375,100.147801033959,-60.7697872741436
7.238,82.3659912368134,-53.9715598704956
7.2385,43.6674421280667,-55.81386145912
7.239,1.61172522317179,-78.64446133822
7.2395,-13.1732605945066,-112.117222067739
7.24,9.62232532222237,-132.4433340763
7.2405,46.5880375099441,-131.095613869488
7.241,57.3419725657905,-121.658130899389
7.2415,17.0076348551248,-114.382659900979
7.242,-60.4783054842369,-100.231754605248
7.2425,-132.453752988465,-71.6296010343409
7.243,-167.662335393693,-43.8998418953683
7.2435,-174.138641468221,-37.1126611850669
7.244,-181.82905723609,-45.4657335073485
7.2445,-206.002464999939,-45.5189612838997
7.245,-239.553573693512,-30.4693447138557
7.2455,-271.770915676713,-14.9673897029035
7.246,-294.560903562964,-7.60281235400234
7.2465,-293.89374384216,-1.68124258847908
7.247,-258.562505233424,4.06709421747849
7.2475,-201.377483991472,-0.875892355571492
7.248,-151.526020080229,-16.908112762546
7.2485,-119.733727995281,-27.0628814502989
7.249,-88.9256507837268,-21.7668469559012
7.2495,-45.584529119004,-12.3662393712913
7.25,-1.36100311309904,-9.34032849089506
7.2505,26.0441032647438,-4.86187948530616
7.251,36.9070170398201,11.2185512856848
7.2515,43.9717651001603,35.3037655571738
7.252,57.1935827245764,62.18678953153
7.2525,83.1555959164067,94.9053527360702
7.253,125.195168907737,128.198423529765
7.2535,174.613471136865,141.761013502721
7.254,215.564202463914,128.764848682633
7.2545,246.621238342987,112.915543591768
7.255,281.35063965144,114.930828796241
7.2555,318.821533006111,118.64157514011
7.256,332.68603215738,96.714126449806
7.2565,302.86709339857,56.928692663028
7.257,242.07635315466,33.2737231474383
7.2575,179.453970978082,38.6966393150575
7.258,135.541068988026,56.3001983983252
7.2585,122.614427631371,73.5169176709456
7.259,143.016786288628,95.5777725146633
7.2595,168.629841206636,124.986152737694
7.26,149.389319480148,154.155752591742
7.2605,69.7134670544687,178.356425348533
7.261,-24.6924915631465,190.299123004474
7.2615,-83.4081874938171,165.167275453237
7.262,-111.279693863988,83.9012633493616
7.2625,-139.902235648792,-25.9577554624646
7.263,-165.904227968962,-106.805379246237
7.2635,-163.808472139024,-135.774932657972
7.264,-142.441895403338,-139.627899947131
7.2645,-134.227672168757,-137.139597712846
7.265,-134.721541820337,-108.189748656581
7.2655,-109.938919936114,-41.4452356805659
7.266,-67.3956023979956,26.1714857144706
7.2665,-59.9932843230882,50.976131475092
7.267,-102.11637959224,35.554662741126
7.2675,-138.190883883393,5.84185717955836
7.268,-122.829602859324,-39.8307478206582
7.2685,-82.5495105064465,-116.116173797532
7.269,-62.5487554902673,-199.430516044778
7.2695,-56.6497283056501,-238.078263962917
7.27,-34.3980328659905,-215.412603134557
7.2705,-3.16573883448694,-165.727879942161
7.271,6.53764095352926,-122.401613130603
7.2715,-3.77227708698052,-84.6707990495228
7.272,-7.00923028135086,-44.5943526651821
7.2725,1.44398864266359,-12.3169606727634
7.273,4.06979162842285,4.60981954136233
7.2735,-2.15159461355325,21.0207576333501
7.274,-9.99729214327687,49.6131909504073
7.2745,-31.126691190009,73.3192140331684
7.275,-76.183631199885,66.744281052823
7.2755,-112.315120991152,37.0664827606606
7.276,-88.5602136355191,19.732939083186
7.2765,-7.1197034862473,32.225876764908
7.277,73.6782253718189,51.1794576681721
7.2775,113.399415676942,43.9145572941552
7.278,124.665790795028,11.3273707631999
7.2785,127.146539539694,-12.7742593031425
7.279,113.560677762953,-2.46717478278533
7.2795,81.4682159426909,32.0221805541261
7.28,57.5570155876949,61.5351522216888
7.2805,61.2403859429515,73.1930267738918
7.281,72.8896642007023,75.5895005093225
7.2815,64.3283063817422,73.551973462572
7.282,35.7709881167922,57.1196624365863
7.2825,-2.06567193228471,21.4315073465201
7.283,-56.4660143142344,-20.9269976789601
7.2835,-133.085292933694,-60.2385046034326
7.284,-207.644419612073,-105.535752560986
7.2845,-248.493983704392,-160.540430796349
7.285,-254.168643079866,-197.140566813941
7.2855,-241.434349875517,-180.923265333193
7.286,-211.03855032136,-120.647236213164
7.2865,-156.478609593572,-64.538423729099
7.287,-95.0804136204061,-42.1118121166826
7.2875,-54.9152452044037,-34.3429946807314
7.288,-33.664329201118,-10.7253163770536
7.2885,-2.67647959027913,28.2991543474624
7.289,47.270772750702,61.9223511475403
7.2895,94.5969332587895,82.2264075080237
7.29,124.672650611304,95.2233403478182
7.2905,148.758594492555,99.9096635945027
7.291,176.595046464853,88.4606922594783
7.2915,197.567360687936,64.386163485281
7.292,202.554821424134,42.9818643356386
7.2925,201.937067783703,33.0249405764626
7.293,206.237049749479,30.1741955013726
7.2935,206.556010921699,28.2190022568762
7.294,190.153262181725,26.1418859619132
7.2945,161.585331998203,24.0705264324296
7.295,133.245814413351,21.4119796418623
7.2955,106.936083517033,19.2825749783622
7.296,80.6785293337463,18.5192659065342
7.2965,64.2037633828099,17.8456853964685
7.297,69.6754426492132,19.8700829832537
7.2975,89.6962092990386,32.270194720939
7.298,98.4587497126973,53.2480250620557
7.2985,75.8742874084765,63.4426126421286
7.299,24.1253001243177,47.3532982041805
7.2995,-36.3464133107925,18.2673942924945
7.3,-80.6820423873327,4.30096949337284
7.3005,-94.6122878124269,11.1636057920896
7.301,-85.0356848270231,18.3516222653249
7.3015,-74.8262232048533,13.7901348717358
7.302,-82.2481863438581,9.46102109275345
7.3025,-107.150655680043,14.9040589348262
7.303,-137.595602424433,18.7969100454568
7.3035,-161.444136805559,12.3810175109168
7.304,-168.412957112832,10.4791031514495
7.3045,-153.087505696596,26.9204975408534
7.305,-124.700167842869,44.2539695287421
7.3055,-103.714028012316,35.0137985317715
7.306,-98.834199305212,5.2032625360796
7.3065,-97.2275167053182,-12.40732091567
7.307,-87.2749844762887,-7.40522417575173
7.3075,-77.2383780832534,-4.87180297859013
7.308,-75.8090369849803,-23.2179927005039
7.3085,-68.6368182484374,-46.2999254078447
7.309,-38.2949553953214,-50.4685302326359
7.3095,1.32132203904705,-36.7849926448432
7.31,19.2549072706267,-20.8166547673518
7.3105,13.4573429484752,-10.5027748224825
7.311,10.9020796923235,-12.2399486233303
7.3115,18.4530808772932,-39.3816555904023
7.312,10.0977056584848,-89.8487025081326
7.3125,-21.5370146086399,-129.077018960873
7.313,-37.7402757376893,-124.19468706994
7.3135,-9.20929307005462,-89.8537220764971
7.314,27.2781888219703,-72.8845135754209
7.3145,9.76159308688389,-92.5716696571056
7.315,-60.9460450509055,-122.070474193985
7.3155,-117.244811895471,-129.780216176758
7.316,-113.920679214932,-111.599830815298
7.3165,-82.719315941917,-77.7770609113386
7.317,-79.7155514086335,-37.7507730213658
7.3175,-106.978282866331,-9.42644854274774
7.318,-113.751973768361,-13.8025300356007
7.3185,-62.7330627598835,-40.5863104404399
7.319,29.3145614921063,-43.8542760184973
7.3195,114.604567858315,3.2544372832723
7.32,160.711937220793,68.6852560534035
7.3205,172.688888226995,103.302647487333
7.321,180.245191698507,106.12604825316
7.3215,206.069393567027,114.95568927159
7.322,243.057190368882,141.879468349778
7.3225,263.758837917333,157.088590661912
7.323,252.561262171573,140.299842860008
7.3235,221.060386709766,111.563521896562
7.324,189.205465729716,95.7156629995065
7.3245,163.092253872486,84.6430112582725
7.325,139.083612403342,56.9853542774009
7.3255,117.41513874005,17.8472165266745
7.326,98.6374698876234,-4.35274797531248
7.3265,76.3934889305158,5.46019510296966
7.327,49.3735102420696,31.7319788962318
7.3275,32.2343437807899,45.5920144044933
7.328,35.6311702797473,30.7960519062211
7.3285,41.1118892056006,-3.40299013996938
7.329,19.297520219293,-29.4372887143457
7.3295,-26.5514978720033,-26.9943881418509
7.33,-59.5443442213866,-3.80166381156563
7.3305,-57.8292454930937,18.4568653566681
7.331,-40.8481885351191,37.5914560640483
7.3315,-37.2848686156449,69.2106350232082
7.332,-51.8968652804304,105.370412598152
7.3325,-81.417155636872,104.369113204787
7.333,-138.239103809563,45.9572124559296
7.3335,-227.663436654593,-25.8663225648282
7.334,-314.544409335766,-50.90651985313
7.3345,-347.399676033389,-33.5711230296733
7.335,-317.337462126757,-36.0725494662567
7.3355,-265.782154540484,-89.0086070581249
7.336,-229.376521475218,-149.28398290756
7.3365,-203.012722560363,-163.077496547204
7.337,-165.447499531045,-135.776669446116
7.3375,-115.03120794148,-111.766747304765
7.338,-63.1571927027203,-108.713274988261
7.3385,-12.5617305580274,-105.84732542108
7.339,35.9694810008983,-87.4077512435794
7.3395,67.2445754541645,-64.9181378178265
7.34,64.540735988953,-54.1180760440745
7.3405,35.5008659562611,-53.7535905020484
7.341,8.52210729329272,-52.504143207838
7.3415,5.22927095085996,-39.3308057124951
7.342,28.7221201669951,-3.2854714768206
7.3425,72.3971948333632,59.2704058602648
7.343,122.366357287614,130.37615969205
7.3435,154.215651589596,177.782483673449
7.344,149.111279044777,184.782182212377
7.3445,118.623309884442,163.063137114283
7.345,96.5469102944791,131.77646012542
7.3455,98.7337337150371,96.7559970824424
7.346,105.979454731778,57.1852903161976
7.3465,95.3230781882953,19.3506923598568
7.347,72.5114872560985,-7.82632679823185
7.3475,58.6240376343458,-22.9933994592664
7.348,56.0340953115484,-29.052272719976
7.3485,47.5730332629588,-27.7560348916883
7.349,26.6507821679926,-26.2527916962232
7.3495,8.37670447431352,-38.7703348905064
7.35,4.58074815283471,-68.4178418825699
7.3505,1.84380235005584,-93.8489657455313
7.351,-24.6439221649135,-88.5225741278998
7.3515,-81.2493892985609,-51.1793428684693
7.352,-148.807067557495,-6.77468086408228
7.3525,-201.653086403828,18.0496111027094
7.353,-224.0805288836,9.22794885109266
7.3535,-208.896986604284,-35.0027375216057
7.354,-153.185563062095,-96.0407778985429
7.3545,-65.7203392158287,-128.429506126978
7.355,26.8742698825971,-89.9549016369847
7.3555,94.4690798370534,7.48294248495688
7.356,127.040153052559,95.3420225909137
7.3565,135.705280957405,114.592326052567
7.357,128.520218885254,74.7814083825198
7.3575,98.637400322484,32.9176635303
7.358,46.5224908418811,24.6317249532833
7.3585,1.88416175497601,36.4457670315826
7.359,3.25438072287624,40.4953728331265
7.3595,54.716035871104,30.6044691067786
7.36,117.993712444472,15.5727715119378
7.3605,151.06847409768,-3.40309475151863
7.361,143.101009221531,-30.9615077603393
7.3615,110.964390016282,-60.5513990193117
7.362,79.0756265834706,-76.0297761487034
7.3625,69.0292282241288,-72.4909446239378
7.363,90.199846188555,-64.2838462984831
7.3635,126.299532614916,-65.8919059484979
7.364,144.369887199294,-70.9399336335551
7.3645,131.704112690134,-59.103918967473
7.365,112.024584447127,-23.7336845345484
7.3655,109.768085378924,16.5160539513982
7.366,112.429970889164,40.2479374225717
7.3665,90.1786269472065,52.5175509015345
7.367,40.6961608468425,80.4414329834861
7.3675,-14.8128102136159,137.140577884767
7.368,-74.0301361763025,199.472164601162
7.3685,-155.302534240877,228.976804261241
7.369,-250.727284831757,209.572919572507
7.3695,-314.396360564559,156.520628905233
7.37,-317.736352442998,92.8366617128938
7.3705,-288.75592938698,29.4948102807003
7.371,-271.00116341037,-29.209863224532
7.3715,-265.153141402171,-73.4251177601002
7.372,-240.951851407379,-91.6440033471931
7.3725,-191.496143334077,-84.2347741020806
7.373,-141.004179815699,-65.2706681954521
7.3735,-103.857316330138,-49.4175683523677
7.374,-70.2032468746082,-40.4168103966667
7.3745,-35.8896716871411,-33.0255231422285
7.375,-15.4336626799838,-22.977810122673
7.3755,-14.1089636941863,-12.8756169298142
7.376,-12.7580027091884,-9.40370095009424
7.3765,4.1499660296336,-16.659409567249
7.377,24.7192803045353,-32.3363046467016
7.3775,30.2119299896521,-48.8172122899034
7.378,23.7912328981336,-56.9464738512511
7.3785,21.0934146623249,-50.7154918550796
7.379,24.5670804898586,-32.1869712871504
7.3795,27.4444267963109,-12.8813763486797
7.38,36.2837865044365,-6.55328637677318
7.3805,67.8601270621721,-16.8820632446087
7.381,122.190164721678,-33.2124998833322
7.3815,175.895590888756,-40.9538735592742
7.382,208.864794123079,-35.3245703147932
7.3825,227.00728750692,-22.9036850359193
7.383,251.542901142007,-11.7054449398127
7.3835,291.007486184596,-3.49615083050815
7.384,329.691029907971,4.85125606814842
7.3845,342.865645680006,16.424713559072
7.385,320.59396207551,31.3222877228397
7.3855,274.777667498861,45.9964781801295
7.386,222.054577939603,55.7600627579978
7.3865,163.531561176541,60.6542438062847
7.387,88.2545324864541,67.4295377148053
7.3875,-4.29079322281135,80.6101069086866
7.388,-95.8008279539038,91.2115853123404
7.3885,-167.367499715128,80.3356143910866
7.389,-216.234945623711,37.6229080099036
7.3895,-248.128130729333,-26.6708156441671
7.39,-263.002805629972,-89.8681348323078
7.3905,-258.032643965889,-133.454065497058
7.391,-236.596514965575,-149.858791943239
7.3915,-203.586509744741,-139.705747725415
7.392,-159.071001321283,-110.640936747588
7.3925,-108.125809189801,-77.7334647951824
7.393,-68.7974862944635,-56.6748339417903
7.3935,-54.57617874792,-52.1414805617648
7.394,-53.8506730803824,-55.225131201188
7.3945,-44.0045754448633,-54.1820316472204
7.395,-24.2468553172612,-45.6164517389593
7.3955,-17.0889087053177,-34.5701246112264
7.396,-36.312221820748,-27.7361286279363
7.3965,-70.152107904788,-29.0250183690087
7.397,-98.5756084193436,-37.3329157601173
7.3975,-110.876270136018,-43.6403268033139
7.398,-103.473515985474,-33.8509285933056
7.3985,-78.8865595314832,-2.73394942757789
7.399,-53.6492201173529,34.7577076876893
7.3995,-50.0467385966725,54.8765681820641
7.4,-70.98516812755,51.3977471201564
7.4005,-97.567656916515,42.6864297344966
7.401,-118.522817394427,47.4294356553854
7.4015,-144.213515650508,62.9921180288828
7.402,-181.782232877797,78.0554983659189
7.4025,-216.701866468938,96.6440091874971
7.403,-234.795767164109,129.241451948617
7.4035,-243.922816503203,160.360948901913
7.404,-252.617909051286,149.011522767218
7.4045,-241.236298864507,76.1107467579926
7.405,-178.214585691973,-21.6094752458091
7.4055,-57.599829845603,-81.4185131340251
7.406,98.2480010101654,-73.568829136659
7.4065,261.012363304494,-20.1276615684859
7.407,398.260123784505,36.7371562918354
7.4075,468.875631835547,70.3003272714048
7.408,455.839949976139,78.7416549562843
7.4085,404.36438607405,78.0282123335452
7.409,389.699073439685,88.1612556367527
7.4095,434.073569533341,113.237954516081
7.41,483.480205185683,132.430675545797
7.4105,478.92756130741,121.54980995938
7.411,422.408903857806,83.8158319225543
7.4115,355.993154221835,46.4086186854832
7.412,304.514200983962,26.4027388502231
7.4125,265.123644537223,16.5754772532387
7.413,232.422553436632,8.11666014719759
7.4135,202.484767944202,7.86130535170048
7.414,161.681535772638,22.7808931186781
7.4145,99.6072226630182,44.1606280116673
7.415,29.3257511661068,61.3793858485295
7.4155,-27.947824476908,78.4624612553769
7.416,-73.6601957080573,101.404497839113
7.4165,-124.253858190805,119.701573762775
7.417,-177.106985894355,117.944898196969
7.4175,-211.643264725181,98.3173167677554
7.418,-226.544603082143,73.421743227395
7.4185,-247.867057792541,41.8668499915126
7.419,-289.860014643354,-9.25187040422541
7.4195,-330.76154867619,-78.5772807213356
7.42,-341.85621396727,-146.798539670197
7.4205,-322.853554036906,-201.918884776335
7.421,-293.080811484723,-250.87617377109
7.4215,-262.727217814033,-300.361274919627
7.422,-231.403630688807,-341.600526960652
7.4225,-204.948441225533,-362.609084435388
7.423,-192.473242689198,-363.75363264144
7.4235,-188.714881078554,-352.602113634392
7.424,-177.3053574744,-332.448914706877
7.4245,-154.542498488519,-303.628865875321
7.425,-136.378920145919,-268.691515812651
7.4255,-136.623245955574,-229.851216365385
7.426,-148.036920562516,-188.095588801207
7.4265,-151.7028267485,-149.114988900822
7.427,-139.217909580663,-120.901432976966
7.4275,-118.727014780988,-99.8084745683807
7.428,-101.366449992527,-69.2485897786949
7.4285,-88.3864953960344,-20.5050001103668
7.429,-73.5762163640395,34.1677938973947
7.4295,-54.1519334310802,78.4432323196366
7.43,-33.9310403475214,113.357461947771
7.4305,-15.5337154000954,150.736848391626
7.431,4.63558308454931,192.300219381444
7.4315,29.4603840962714,228.583568931252
7.432,54.091899758925,255.131398496573
7.4325,73.0267174637743,276.48495941032
7.433,90.7803303427292,294.070534409421
7.4335,115.382732858186,301.463918797741
7.434,141.731200321016,294.297739875987
7.4345,153.308240280766,277.420746188066
7.435,143.974290425312,259.9966770249
7.4355,127.292767655509,247.674478798162
7.436,119.536041455092,239.045434973446
7.4365,124.973120653117,226.341911269304
7.437,144.531804819382,202.604521487951
7.4375,184.905928470617,171.756279964655
7.438,245.240103214003,145.625566186983
7.4385,304.304565965007,125.485900324182
7.439,337.633687077688,95.2518909127426
7.4395,344.056271651991,43.097457115338
7.44,341.791380383876,-18.2502069114453
7.4405,342.355221889609,-66.3292828171699
7.441,343.003469416188,-97.5682851477538
7.4415,341.009726671051,-124.833540976781
7.442,336.987971367418,-150.8721566158
7.4425,323.584629380989,-163.587835032772
7.443,289.315747843143,-157.610133103724
7.4435,237.076045993738,-141.034860452985
7.444,180.775601598767,-118.309480999533
7.4445,118.513985125253,-86.3768859190819
7.445,29.5494322826765,-52.4495640941936
7.4455,-90.5934550359816,-34.4314506741924
7.446,-209.944088067479,-35.3868823918789
7.4465,-291.150185470246,-38.38061633887
7.447,-330.288610250647,-37.225300013556
7.4475,-349.135158831263,-49.8063266494808
7.448,-360.982015519392,-84.5738492874797
7.4485,-364.031615077617,-115.365583653004
7.449,-360.998563452053,-112.860628938822
7.4495,-362.118089629959,-85.9404349453716
7.45,-367.23291363661,-67.0855233656937
7.4505,-362.201869501733,-67.504580181149
7.451,-336.125869478139,-71.7366450660452
7.4515,-289.584697605421,-68.1779852215304
7.452,-226.877953317908,-57.549729162272
7.4525,-156.420821429047,-34.9740286696673
7.453,-99.8941157639371,7.96521851666673
7.4535,-81.5514676764138,60.2224910860528
7.454,-100.063803166895,93.360357525749
7.4545,-125.612177065007,90.9215054076833
7.455,-133.974144175152,58.9978950730737
7.4555,-130.223475848138,11.0286147315391
7.456,-128.265009825246,-35.2772247845915
7.4565,-121.028645919055,-50.7311973182836
7.457,-89.1608315922222,-17.2042804381476
7.4575,-34.5188350317193,36.7409350248428
7.458,12.1004850699427,53.9490346327513
7.4585,19.981014419663,14.5650375253226
7.459,-13.129753902343,-41.9841249175534
7.4595,-62.1344669185581,-70.7973401068268
7.46,-96.7592948460874,-68.0159643074394
7.4605,-102.854198444419,-51.009625455849
7.461,-89.3735387553517,-27.0818007891721
7.4615,-75.927955612875,-5.96631973755455
7.462,-68.1577565016783,-11.7831660276055
7.4625,-44.7640965894085,-48.6096428627104
7.463,25.5053313649121,-75.6982145587641
7.4635,151.359241627644,-51.9696636800597
7.464,304.539976319002,9.27166225647878
7.4645,435.938266173544,61.2235594729439
7.465,504.255161847665,82.6301452024915
7.4655,496.786330046177,81.0952002538643
7.466,436.112834673512,55.719556829628
7.4665,370.038942463552,4.38084324982683
7.467,342.858504435272,-38.150228230538
7.4675,362.547910992967,-23.479869324189
7.468,393.224530937626,37.6938529065889
7.4685,385.131464257835,73.6379003585647
7.469,317.570946803304,44.2611160158289
7.4695,216.457955233757,-2.78082701154469
7.47,132.027942656688,3.81218930766769
7.4705,96.350958892249,68.5846591285405
7.471,95.6837659407064,133.374520874684
7.4715,82.3052029744784,150.219138413024
7.472,19.6177228527715,119.152657665744
7.4725,-79.4711040710472,67.1397575828686
7.473,-162.803902933182,20.5615450356632
7.4735,-192.52115357295,-4.69920093579929
7.474,-183.796793690654,-10.1537857519559
7.4745,-182.063343307138,-14.7984994038465
7.475,-205.792874559783,-36.174080182794
7.4755,-226.666519470165,-72.6088646305753
7.476,-210.694128067599,-109.553121373855
7.4765,-163.733962087849,-132.57752960318
7.477,-122.286820569274,-126.373730165223
7.4775,-107.203491591727,-78.9871027242502
7.478,-104.280025963726,-4.52139607682832
7.4785,-90.9452529981058,53.3775878281918
7.479,-65.3284951373789,63.2398702397735
7.4795,-41.986109864626,42.3527424426212
7.48,-31.6081641356854,31.3230157572111
7.4805,-35.5036947035278,41.3891996448951
7.481,-52.6658938087351,50.6141637739665
7.4815,-81.5920817393283,45.5210488726315
7.482,-118.070543368761,38.5137044525417
7.4825,-158.002736906963,42.5173171386958
7.483,-198.384305501162,52.5831722862783
7.4835,-230.031986878774,57.3280194626094
7.484,-237.134450890891,49.1198010015214
7.4845,-214.06378215819,21.0215095478314
7.485,-176.441851046549,-24.552457271282
7.4855,-143.076937172781,-60.8955536135459
7.486,-111.160576088738,-55.6792545073673
7.4865,-63.834930245943,-14.2124034166203
7.487,-0.598217895797432,17.9720091130628
7.4875,56.3884074168277,8.30151227002449
7.488,89.2318333906364,-25.9825416410702
7.4885,102.339306054251,-46.8134321355929
7.489,108.191340958747,-41.4933898716556
7.4895,109.49407248506,-23.2732398018583
7.49,103.828188170602,-3.94645732599498
7.4905,94.0515150156396,12.0560004542798
7.491,84.3322258949253,17.9131661020808
7.4915,74.9865643890281,11.0294837798288
7.492,69.1690878369428,2.45536024222444
7.4925,73.7646811091557,0.261869163209154
7.493,84.0322807221692,-8.570660578361
7.4935,79.8068146873888,-37.7006440137192
7.494,51.3270289407742,-69.9241081448904
7.4945,18.7426704098256,-73.6969434386457
7.495,8.3861580604096,-51.075053012136
7.4955,16.1000445563264,-40.1430737177748
7.496,12.8558432488386,-61.9551961657293
7.4965,-16.9191565768464,-92.3494921163254
7.497,-62.1437213786848,-100.778140484471
7.4975,-107.234978162841,-92.4604249106084
7.498,-143.047221303604,-90.3980961390228
7.4985,-152.653562919793,-94.2546574911777
7.499,-114.382985845234,-84.2551461738022
7.4995,-34.3852454628474,-56.0377485405095
7.5,45.4696876026689,-22.9514363194947
7.5005,93.1447101556449,14.7816085057724
7.501,124.855590078137,74.6130821480476
7.5015,174.322184639,156.249577421971
7.502,233.900048613292,222.70520468309
7.5025,255.743256183107,231.56446072225
7.503,213.652886262177,176.517679505329
7.5035,138.048121215209,90.7196064344309
7.504,79.6447072794297,18.5315247117463
7.5045,57.9123927088764,-11.113180532334
7.505,57.8060934559427,2.50270438848165
7.5055,59.7940829043162,32.9786011308225
7.506,53.3162608144721,47.1227919938783
7.5065,29.5137813520319,33.6049295980587
7.507,-16.4831716584986,8.01377679103217
7.5075,-72.257948268104,-12.1000205017431
7.508,-112.094736429693,-25.1570202877101
7.5085,-122.066428218934,-33.9418721581135
7.509,-114.263335046552,-34.0542379145306
7.5095,-110.801122915846,-27.6180549853332
7.51,-118.464136776118,-32.1381967731521
7.5105,-123.752591393007,-55.2366979192435
7.511,-109.986462688831,-72.7400552649065
7.5115,-75.1713389147076,-56.8661171521923
7.512,-34.0164760284939,-18.8255641221521
7.5125,-5.38602148831121,4.73731691097803
7.513,1.30809292917969,4.60447227858191
7.5135,-11.5037556445062,5.6383545356955
7.514,-36.8271458399218,16.6791385083911
7.5145,-66.9918595872754,11.1515320048477
7.515,-89.8688661320164,-24.2854616687672
7.5155,-90.6977064397325,-54.7165334773578
7.516,-66.3740382749376,-40.6897879715587
7.5165,-32.6631902151032,3.99051508600073
7.517,-5.98372062143153,31.0450042801058
7.5175,19.4263432060878,22.6064605216544
7.518,62.1799695654878,4.6263135499587
7.5185,120.170258042284,0.384516177578278
7.519,162.806421510342,3.64789893649078
7.5195,165.933945521157,1.85434662476945
7.52,141.786904770956,-3.07842248763888
7.5205,121.631328246673,-6.55135605458345
7.521,118.24724024766,-10.3574341938018
7.5215,120.767712056306,-8.55878830327778
7.522,119.408668640601,15.7106577925789
7.5225,114.802933954764,65.394027475114
7.523,101.91133742351,116.181101167766
7.5235,65.8196628696511,141.286840277653
7.524,5.1222583073874,138.463075955268
7.5245,-53.1026059561331,121.67731802221
7.525,-76.2096241466656,98.0210793867311
7.5255,-60.6509407517997,66.1157837701268
7.526,-33.9775158849443,28.7029527030374
7.5265,-23.6627839562408,-6.65472664295245
7.527,-32.1160977957874,-35.4139034363748
7.5275,-42.8250559854145,-56.107668246883
7.528,-42.6045422420479,-67.4599760034826
7.5285,-31.7141016799761,-71.040128291441
7.529,-15.2762549508439,-69.5209543267548
7.5295,6.24850032384638,-58.466278975621
7.53,32.2425260262214,-31.7621973188536
7.5305,52.0824985773727,-0.666446026146437
7.531,50.6462277299628,8.80843685478306
7.5315,25.7826721734193,-12.5026653182577
7.532,-10.3448652997527,-46.186282586992
7.5325,-52.7222769297638,-80.9822738714958
7.533,-112.137734550135,-134.374654491078
7.5335,-187.412177876469,-211.789240305108
7.534,-240.314361237531,-263.734901329367
7.5345,-224.080765844743,-226.385802823579
7.535,-139.983640397042,-104.88876235499
7.5355,-43.7794011423709,22.6631030721469
7.536,11.7166316203113,92.5856559436232
7.5365,21.0733050771456,109.810228006988
7.537,5.57795825524535,101.028990090196
7.5375,-24.8209359884527,57.8041616114273
7.538,-64.6196416330475,-33.880955313408
7.5385,-85.4446468361875,-131.659192449314
7.539,-50.7380041832531,-155.093126414453
7.5395,37.5917702351394,-72.8601586149648
7.54,128.463725023257,59.2308689092501
7.5405,164.490840994483,157.678193729263
7.541,124.697768835369,187.685257618397
7.5415,27.7314975868948,171.68322485136
7.542,-87.5815056656692,143.868658507322
7.5425,-180.868319024849,116.722372097794
7.543,-228.576367351176,85.9603865337302
7.5435,-235.606987509781,50.1309738152171
7.544,-221.949228793733,18.0332648878272
7.5445,-197.012986986645,0.71237478093946
7.545,-159.673673591026,0.784891540287236
7.5455,-121.62293499062,11.3805634594807
7.546,-106.891436343096,24.0991762808347
7.5465,-118.662953866496,34.0848979411031
7.547,-128.131209945021,37.0056415272795
7.5475,-111.915080784342,27.5233742561263
7.548,-82.2694045016992,5.13210891534423
7.5485,-60.9368271748657,-22.9239612951289
7.549,-39.9337395651123,-48.4340540224679
7.5495,5.12862073891151,-67.2956549042226
7.55,72.3676658951368,-75.8622045960107
7.5505,134.245415588335,-72.0992849198432
7.551,180.417801895997,-66.3999468595471
7.5515,231.814450217848,-78.2113476467497
7.552,305.21562548055,-107.559150766608
7.5525,387.094555040551,-119.180638545415
7.553,452.35984827727,-74.9714102498797
7.5535,489.987765033669,18.3313241921172
7.554,501.019785310961,110.316267785562
7.5545,490.728303780527,156.619047617606
7.555,473.78012870371,152.865678922828
7.5555,466.295806954969,120.744900053464
7.556,456.735595928039,81.9290001433227
7.5565,404.574826269735,52.2366899830663
7.557,290.047726232292,40.4450755891964
7.5575,149.632237348066,38.0414038487622
7.558,36.2743583946851,23.5063521417032
7.5585,-43.635507437639,-9.04532213792291
7.559,-122.729107455301,-36.8178880580619
7.5595,-208.603390675276,-39.4274409792601
7.56,-265.195431724546,-33.3446780330629
7.5605,-266.972897615102,-54.9198071097673
7.561,-238.851762221323,-110.122318710566
7.5615,-222.871999546448,-159.185759077909
7.562,-227.375583965522,-156.840806764675
7.5625,-229.71226721775,-97.4253308559974
7.563,-213.350246467331,-16.3518842140499
7.5635,-182.219317116278,43.8760683003639
7.564,-150.729696557432,64.7247885153188
7.5645,-139.307495684867,57.9565693139038
7.565,-168.368005241293,50.0174798943643
7.5655,-233.49233795477,58.2867139052767
7.566,-292.923315125464,76.7546520675681
7.5665,-303.862068767207,83.7352725845327
7.567,-271.050143249915,65.0778744927553
7.5675,-238.737805198104,28.7689244764833
7.568,-233.602996285898,-5.99600959615237
7.5685,-236.379229588045,-33.233149496492
7.569,-213.950414577523,-66.6036795722423
7.5695,-159.487850820098,-114.1101083581
7.57,-93.0337899431484,-150.436976513925
7.5705,-39.0467152214076,-131.499663174819
7.571,-11.9090552345911,-47.6279435751194
7.5715,-8.55548346722492,49.4114721305539
7.572,-5.60800429758845,92.2247280056224
7.5725,23.4518547919716,69.5998623355846
7.573,78.466653161777,34.1759636606338
7.5735,130.158127888818,35.732045584289
7.574,153.765175208249,67.3310405018171
7.5745,151.842515580193,87.64398257961
7.575,137.541133508795,76.6918773688776
7.5755,114.793192991101,49.7290212486551
7.576,89.2589127652273,27.1238871896105
7.5765,80.1891145751268,13.1286923432409
7.577,98.9362311306591,3.31257695373457
7.5775,126.241809047683,-5.00354185796302
7.578,132.910590472926,-13.1730799945621
7.5785,116.118585979587,-20.5125836122648
7.579,94.4179677815261,-21.449070882872
7.5795,74.487506803876,-13.0089099656046
7.58,48.3657487492104,-5.14036895134834
7.5805,19.9061209215532,-12.8408814223676
7.581,4.44982206294187,-36.5112968355537
7.5815,-1.72329168208349,-59.8758135283563
7.582,-22.281467837058,-69.4835913429324
7.5825,-60.2481397750904,-67.3568226328368
7.583,-83.9005225622024,-61.9197556915818
7.5835,-71.8993683765665,-55.3304165892937
7.584,-50.3744531856214,-44.495593968491
7.5845,-59.2168713052672,-28.5710793022289
7.585,-93.1290371793215,-10.2529109003268
7.5855,-103.111200392771,8.23030209925932
7.586,-55.6619101363717,27.2795927270593
7.5865,30.7614690281823,46.7796071585634
7.587,111.655275140556,59.1425704311054
7.5875,160.971890752286,48.5817046132269
7.588,181.443662982827,8.06057465604995
7.5885,183.472452747942,-38.8218167358018
7.589,168.825222348015,-46.6431437577524
7.5895,136.324874945412,5.97636865656859
7.59,94.2115438545923,84.3114174273374
7.5905,57.6280934992414,125.959340076898
7.591,32.6762651474816,101.320949429553
7.5915,10.6304359251809,36.5546234599974
7.592,-16.3220629109874,-19.55188844612
7.5925,-40.942275752786,-39.6745701086665
7.593,-52.9743982511058,-33.3801507457458
7.5935,-58.9654066907954,-33.45384634032
7.594,-73.5123600148784,-65.4865887491874
7.5945,-92.0705293076789,-117.831824989303
7.595,-92.0328618538979,-144.923483631458
7.5955,-65.0763235174607,-115.412276308195
7.596,-28.2984087512995,-52.2868948337007
7.5965,5.05649704790222,-5.86234572960987
7.597,43.8996163262771,8.38171626069791
7.5975,92.707089689902,18.6052114887367
7.598,126.626174972439,43.300227475553
7.5985,116.922495885839,62.6930227221723
7.599,70.7026030206689,56.2669908419569
7.5995,22.9477746989643,38.2551461255007
7.6,-3.91183379665237,33.1596736364769
7.6005,-11.2865212426999,38.3831808711679
7.601,-2.87387279288632,36.703729140262
7.6015,21.5077768653281,29.1979886757732
7.602,49.866919548214,28.3546319300302
7.6025,60.7116434704639,29.7278322900031
7.603,49.3328157280559,19.0238926906505
7.6035,33.9528883812306,2.33839385416219
7.604,29.3067169097377,1.8421793818343
7.6045,29.1679851153201,20.7905130184603
7.605,20.7330570771169,37.0291502011799
7.6055,1.91968546044629,35.2816812274601
7.606,-22.0157931386138,25.1308794499126
7.6065,-46.2294986755791,20.9278541362852
7.607,-64.1740313863083,21.6181026281833
7.6075,-69.2883157719337,18.5911662921884
7.608,-65.792456315245,10.2806763195769
7.6085,-68.7612743125772,0.887977022808065
7.609,-87.3334142443741,-6.9678959513294
7.6095,-114.126710919812,-13.332627848323
7.61,-134.072228224267,-20.3085483424382
7.6105,-137.654674271687,-30.2892757328509
7.611,-125.841517061018,-38.2009283605662
7.6115,-109.4933043716,-30.0415271823005
7.612,-101.401711589329,-0.699069502188952
7.6125,-99.9454513243436,31.0797838459807
7.613,-86.2555120027361,40.8559041394962
7.6135,-50.5124415461646,29.9119150094242
7.614,-13.7447680534257,22.033026234437
7.6145,-4.65623650649228,29.0985306382644
7.615,-20.3337744526544,38.0240589136989
7.6155,-33.5955158763913,34.3680717082705
7.616,-36.8977402192037,19.7650398010746
7.6165,-50.5893880117321,0.0640576351866196
7.617,-83.8736809246974,-25.0201878001853
7.6175,-117.44545491295,-50.9157724453777
7.618,-135.170204792213,-63.4297111488828
7.6185,-145.140860700036,-57.2835391170308
7.619,-155.470127906671,-47.6191331392628
7.6195,-156.047693734641,-52.0444050827725
7.62,-142.030373708642,-69.958292794006
7.6205,-129.785706308294,-86.3558996175671
7.621,-126.202966508365,-85.0906049285866
7.6215,-102.505152872932,-53.4010067388193
7.622,-24.902491453006,10.3251634031555
7.6225,99.7316761966644,83.0924257401277
7.623,227.799350203064,126.831390481366
7.6235,317.212098866336,124.241755617021
7.624,348.913030998484,93.6409739890828
7.6245,330.810679252592,59.7047411030502
7.625,300.21937294782,26.588250583215
7.6255,302.690982475511,-9.08906543440909
7.626,344.251871212866,-41.6397636638482
7.6265,380.095185008052,-71.730527474044
7.627,371.527083776338,-113.608532588782
7.6275,333.373021171912,-157.564519399983
7.628,298.880338438511,-148.693911353952
7.6285,260.661176710463,-48.5342939863469
7.629,182.571872956613,90.2482468730567
7.6295,55.5131675712515,161.538527778597
7.63,-93.566503822318,127.421657411602
7.6305,-234.41489637361,56.7625139697359
7.631,-340.156481949809,24.9179534368775
7.6315,-380.334512446465,21.7707220443404
7.632,-354.014578232053,-5.87391099626771
7.6325,-315.925059105655,-60.0466870985507
7.633,-313.311179538306,-94.0545643855852
7.6335,-301.626578103388,-93.2963564959426
7.634,-189.267751187934,-95.9909883211476
7.6345,20.3116579536506,-125.183749531709
7.635,197.983991537772,-148.496630739665
7.6355,235.583930077644,-129.197837840765
7.636,171.538856665029,-81.9191979925745
7.6365,126.889371400542,-45.0227205134392
7.637,156.046881396196,-19.6343993694994
7.6375,211.838206246859,25.3496773760315
7.638,233.487971680687,93.1779993628182
7.6385,212.913755989841,142.00666137682
7.639,174.014037250072,139.719049255301
7.6395,128.78243787897,109.884720120867
7.64,69.0512610462802,102.619027335767
7.6405,-14.5545008640089,132.008290133249
7.641,-112.673293330122,162.505905585811
7.6415,-194.813934933819,154.054558571379
7.642,-236.6609084476,103.001517642126
7.6425,-252.342581049516,35.278970193063
7.643,-279.700344677922,-25.4385637987337
7.6435,-326.144127140853,-71.4484961390955
7.644,-355.336243687392,-100.364296327673
7.6445,-341.61086385704,-106.610613551958
7.645,-307.676586393631,-90.5911153780152
7.6455,-285.593753388645,-69.4874961813889
7.646,-269.374529242435,-66.1830202544537
7.6465,-235.918618307985,-81.3494941954337
7.647,-185.856474588428,-83.7913343641126
7.6475,-127.025587286649,-41.2508420483074
7.648,-41.2766868407905,37.1316294783748
7.6485,86.8543072572515,100.258653567729
7.649,222.36022539214,104.30088388152
7.6495,308.253162431964,55.5620904062477
7.65,337.023007341978,-2.07213922689181
7.6505,348.422858096772,-32.3174280051078
7.651,357.803212993445,-27.1253440620481
7.6515,336.34931490119,7.05199987404274
7.652,271.413440606506,59.5310610527529
7.6525,197.568002169759,108.557755291136
7.653,146.282998141421,126.20288653633
7.6535,104.22612505476,104.502856885266
7.654,47.5525656231304,66.4994053277983
7.6545,-14.5398667653066,40.0884486190047
7.655,-59.768790051324,28.7263578680532
7.6555,-91.6634948891994,17.365838065276
7.656,-127.158165478621,-1.92037152818087
7.6565,-160.185247558516,-23.1557326733194
7.657,-166.397238949657,-39.3771176709187
7.6575,-137.393903059902,-48.9382379363967
7.658,-88.6086502738582,-51.1345366360008
7.6585,-38.5484045866338,-46.6792114395319
7.659,2.29962974816774,-41.1932812933919
7.6595,27.532732074015,-38.9152437796033
7.66,36.2544480992614,-35.5089461211586
7.6605,35.6576629168145,-27.0125714345368
7.661,31.3907168747249,-22.3097349897894
7.6615,20.9143820287284,-33.3134546910697
7.662,5.00652737562744,-53.1156635903051
7.6625,-4.52219470367093,-58.2472362938504
7.663,-0.703455334602015,-36.8418961408759
7.6635,5.48686717282413,-3.38264061656065
7.664,2.59477785745877,19.2040262310122
7.6645,-0.203625539597652,22.3183454045152
7.665,13.0131673735127,12.250143732235
7.6655,36.2106341800565,-0.955040686014362
7.666,45.4233840193218,-7.64739864462148
7.6665,29.5984381052907,-1.07264878991254
7.667,0.505887406502887,13.6683637306918
7.6675,-27.6242114508436,18.3485086987514
7.668,-51.3771132098797,-0.27040099734176
7.6685,-69.0520887913511,-32.9702124103052
7.669,-75.1798237585688,-57.2495227334871
7.6695,-70.5662827562192,-62.483798235524
7.67,-64.5383477877252,-57.1480557890289
7.6705,-59.5722869487259,-51.6944219869089
7.671,-45.0180850049889,-45.705219355564
7.6715,-15.3109126252273,-36.5167237458638
7.672,15.4206956397449,-29.7351202742976
7.6725,29.3403886847028,-30.4931617910206
7.673,29.5392333689825,-30.1241630934984
7.6735,34.1932526919659,-15.396482805983
7.674,47.3436531521622,9.05998382112643
7.6745,52.0865096995361,22.7314295005418
7.675,39.4395092443795,19.8773103606209
7.6755,28.7601699902922,23.1210729546457
7.676,43.7779537433803,51.865798721642
7.6765,75.9621206640011,87.4803779482316
7.677,91.426469597679,91.2460181752161
7.6775,74.8772323933379,55.9816103795502
7.678,46.7898770025393,17.8583595926158
7.6785,30.0316926975014,9.53288918713838
7.679,19.8526848831346,20.5569901284089
7.6795,2.52729059829157,18.1539155586271
7.68,-13.1410070975536,-5.91024792114521
7.6805,-6.87952187872098,-26.3940227667171
7.681,17.3312295684966,-17.481776352041
7.6815,30.5281290725768,18.9726509651112
7.682,14.6786641061535,56.7410933930092
7.6825,-19.3825543650096,68.4891659236398
7.683,-51.0766808330009,48.5792903034963
7.6835,-69.8199444476635,18.2337927014994
7.684,-75.2026737754085,2.48826016604784
7.6845,-75.9656199961968,-1.58035222734073
7.685,-89.5197747764395,-21.8037821227337
7.6855,-121.55648885919,-68.6942115826551
7.686,-143.906948836565,-112.515836925004
7.6865,-117.157747773978,-118.254866727735
7.687,-42.1791385746624,-88.6422146897445
7.6875,36.1112390665178,-49.7190679097224
7.688,86.4757078545625,-5.39909898956311
7.6885,124.865852771137,61.2943209762753
7.689,173.278133204053,140.841308532896
7.6895,214.1301366282,184.545398072969
7.69,214.78558919139,156.352994620762
7.6905,178.329586691092,78.5956840117331
7.691,137.170726023201,8.64332977544505
7.6915,106.109309209564,-20.6039346565538
7.692,73.5495620292914,-23.7028130697075
7.6925,35.2257904880141,-32.1750011167542
7.693,4.76557062644034,-53.6494455384051
7.6935,-13.924208920519,-64.9032911735471
7.694,-38.6038084561834,-44.2300528925438
7.6945,-82.9717845522022,-5.97583669919498
7.695,-135.211221506803,10.3422186320656
7.6955,-169.28066387368,-7.80702985681823
7.696,-166.723769157236,-22.9694343652466
7.6965,-126.604117288085,2.05986937837402
7.697,-67.3612318327055,45.7802266684576
7.6975,-20.0407458875068,52.8542550896973
7.698,-7.08848506319183,12.3950637787068
7.6985,-26.5676343314154,-28.3362571825395
7.699,-64.9909455339637,-35.0907569142202
7.6995,-116.927209718707,-28.6513934148861
7.7,-175.739470184378,-34.8014808504694
7.7005,-214.975026216197,-32.6810907222786
7.701,-205.924225660617,8.91248167055209
7.7015,-154.752172660369,68.2370293081354
7.702,-99.4357201411793,86.6697107510878
7.7025,-67.8094686759371,41.5931651961866
7.703,-59.3516791661438,-29.4352081026034
7.7035,-65.3828841443397,-73.5938078180508
7.704,-76.5378270112949,-64.9592256365632
7.7045,-66.8650121474399,-9.68782056686225
7.705,-8.22094702837841,57.6047352914039
7.7055,81.49320790316,83.6768214041894
7.706,136.612683351759,37.8238559894738
7.7065,116.843515751787,-47.0139091337192
7.707,59.6300889681301,-100.102560705727
7.7075,32.8286211820776,-89.1375698025682
7.708,54.9776998583666,-48.3591524798729
7.7085,93.2543436209296,-24.2450838699104
7.709,124.081739873355,-21.1282065573322
7.7095,156.059894700514,-16.3391282460508
7.71,194.68929541264,-4.40734428875653
7.7105,222.256142569169,-0.567175586429891
7.711,224.295539628384,-11.2795060869391
7.7115,209.299800093114,-23.9902256903783
7.712,187.807325299231,-24.6213519708495
7.7125,151.449505054086,-11.4283335290506
7.713,88.7324638807143,6.98784165475816
7.7135,9.48465025118824,18.0787603368297
7.714,-60.5170263590654,13.0211426277794
7.7145,-101.705340804697,-3.53203676523682
7.715,-106.936273974624,-14.6076985709551
7.7155,-75.107309659043,-9.33386730324579
7.716,-16.0267878705685,3.03324008580427
7.7165,37.8255961784575,4.85887095586665
7.717,41.2944594736777,-6.31754260272984
7.7175,-26.1979781029489,-13.3025131929016
7.718,-131.314484455723,0.395694256488021
7.7185,-203.642339764539,28.9676564449623
7.719,-192.312150367109,45.7578629503433
7.7195,-109.474094639855,30.0185226988531
7.72,-15.0877952149705,-6.06340888991488
7.7205,40.7646156089917,-24.679469964802
7.721,55.5294456299426,-5.51907735212161
7.7215,57.7388930695006,25.4827540449525
7.722,68.1357240811384,25.8867911252348
7.7225,85.6050641079107,-7.64045627986363
7.723,100.166653013959,-32.9612244074575
7.7235,104.535198997228,-15.2191383523937
7.724,95.2769488433413,33.3366929039551
7.7245,74.7906721787004,74.081709532706
7.725,51.9002954268145,84.1897576825188
7.7255,30.6767229703154,66.8974683991061
7.726,0.387842513655087,37.2492727623254
7.7265,-51.0436202480108,13.4907190407178
7.727,-112.493702538353,9.43099167656583
7.7275,-151.906102976798,18.6378059989834
7.728,-149.398872011078,16.1831969540896
7.7285,-119.267796263235,-8.94316209050525
7.729,-92.8529669738488,-34.4345836451791
7.7295,-86.5830285628205,-34.4042557697296
7.73,-92.8800022376776,-16.396564212743
7.7305,-95.4643269514265,-7.14951775134879
7.731,-84.6926844568677,-10.9144932295842
7.7315,-60.6993636335657,-8.42623279595212
7.732,-29.643599808299,5.31161764001569
7.7325,2.05346853429254,9.99525492360634
7.733,33.2087641820018,-7.32412307457186
7.7335,66.7179293209415,-31.0469685276952
7.734,100.144229422851,-38.2206011637205
7.7345,120.545213678386,-24.8982337239212
7.735,114.811701756322,-2.78814082279832
7.7355,85.6749984177776,17.0596986831066
7.736,52.6850195211741,28.8978914621548
7.7365,34.9986963815076,30.8829797122117
7.737,35.2271511760686,26.1104443281563
7.7375,41.2877773518694,18.6649250536844
7.738,41.6657849167979,7.20778010650385
7.7385,36.3532992768397,-9.50493154530199
7.739,33.160163947269,-23.0027131890146
7.7395,35.3743901137225,-23.4114994053314
7.74,35.2408402015626,-15.5855958001968
7.7405,21.3086973698431,-12.4560794012657
7.741,-8.07580225735385,-14.1612632833928
7.7415,-41.6721629312214,-10.8014112002835
7.742,-67.7157884457131,-4.03058404195457
7.7425,-85.8295374307234,-4.83915157752578
7.743,-101.610220340463,-9.78998582528159
7.7435,-112.843441091865,-4.56907447274381
7.744,-111.925958127539,4.7173342035946
7.7445,-103.874068215211,-7.61972271755316
7.745,-107.273328311297,-43.1865536254974
7.7455,-125.263974489405,-63.6614219591244
7.746,-127.324878807309,-36.4590962315209
7.7465,-82.1323174455672,23.9893315344031
7.747,-7.81414947725503,76.1304800799581
7.7475,35.1169480831134,92.4201054970079
7.748,12.1315757318684,66.990390260359
7.7485,-42.7921631831934,8.11926315098818
7.749,-68.8277490975981,-56.0485189152184
7.7495,-47.4519511391214,-88.1090857392578
7.75,-9.71753084150741,-82.1552011864108
7.7505,14.4103469286642,-72.7315997337579
7.751,27.3954631864133,-80.0354101043663
7.7515,45.2734783059692,-74.2000946404137
7.752,71.7911589947305,-27.3878558724845
7.7525,98.6167025077929,27.0958347366969
7.753,114.732549159111,35.5081439925101
7.7535,109.948547429823,5.98819330682189
7.754,84.2474124676063,-3.95930384498745
7.7545,58.2486777024251,23.3672891473037
7.755,57.3663015139173,45.6529783974186
7.7555,78.1731165376092,35.5287923383542
7.756,86.80583835002,19.5981228778049
7.7565,60.145537661201,24.0172923104089
7.757,13.6817455488235,32.5802862514875
7.7575,-21.0591502252855,28.5643289872582
7.758,-30.8384965327497,34.5978026972004
7.7585,-21.0214600339322,71.9399395804743
7.759,0.705213352653261,111.601673567465
7.7595,23.4503388951398,108.834073706719
7.76,30.2628333938544,67.9554815402768
7.7605,17.7148187379425,32.5865370195155
7.761,10.2830140565007,21.1835137269158
7.7615,34.2026892773801,10.5352284572508
7.762,80.8950633875182,-17.4408840493122
7.7625,115.351796459558,-46.8530841216228
7.763,118.423490285106,-55.1101143032922
7.7635,102.325505321174,-45.4122246962631
7.764,85.1194630625877,-38.490819847675
7.7645,69.1092550692202,-43.410026424774
7.765,48.1400302659525,-48.2117553054022
7.7655,20.1618245678995,-38.0941911084227
7.766,-13.3989982479774,-16.8831248707623
7.7665,-49.4343476939197,-4.63526098912884
7.767,-80.2366519139344,-11.170023039699
7.7675,-98.2497496858149,-20.9034236019945
7.768,-105.817546825695,-16.3284026103489
7.7685,-110.823170762994,-8.03676845492069
7.769,-111.592717075009,-18.416896668197
7.7695,-96.3191420455893,-37.8323846160445
7.77,-59.6731707349662,-28.1702338223917
7.7705,-11.9248487972889,20.2040595272458
7.771,29.0369816871315,65.4636836789827
7.7715,48.1982236860565,67.0103800101629
7.772,39.968446607855,35.553787398549
7.7725,14.773054555495,8.15916955158042
7.773,-4.7509455295968,-2.97452374703503
7.7735,-6.45672129808805,-8.70657832183123
7.774,-3.65047586193874,-9.82532082320851
7.7745,-14.1997849522193,-0.631955350865161
7.775,-31.980203232823,4.06452658565389
7.7755,-39.102693687434,-19.2641127503227
7.776,-40.5910379875374,-63.0360850441792
7.7765,-58.3118797636091,-88.0878106204541
7.777,-87.5543762881855,-67.8333362321312
7.7775,-91.3533264947769,-14.351903242078
7.778,-52.7230619582973,39.7371133948232
7.7785,-6.45698759346082,67.7839166000784
7.779,2.24293475846735,59.5843938800984
7.7795,-26.6940602397996,24.989996692979
7.78,-53.8694526241961,-11.1808806178515
7.7805,-47.0220280000784,-31.302167910051
7.781,-2.7587018455401,-39.3401175645808
7.7815,63.6509331860948,-42.1654488575781
7.782,126.716354741383,-29.2817053541162
7.7825,158.063430823198,6.90498109214543
7.783,148.722671749377,41.2305596968146
7.7835,120.621029451286,37.0429267070061
7.784,98.6940015349491,-2.10097481924712
7.7845,79.3847916592406,-30.2211134075509
7.785,46.2705866847538,-15.3445040989586
7.7855,6.54470969013104,24.2018842220403
7.786,-15.7112835233171,48.0357160934693
7.7865,-19.1688843403851,39.8415325021856
7.787,-29.4730835270957,16.2748366923111
7.7875,-61.6573148177407,3.00161725144618
7.788,-104.846594271352,9.46075147774875
7.7885,-147.254989491612,20.8739821553948
7.789,-186.684393781088,15.4237250413146
7.7895,-208.817633277933,-5.24587432220667
7.79,-188.859768608939,-12.4762042199511
7.7905,-133.31611778829,10.4647740690564
7.791,-90.5569218544813,39.9600052392375
7.7915,-93.2371157808901,42.8195392832387
7.792,-112.145510111767,21.9177589424939
7.7925,-96.7505582919761,4.6434959922076
7.793,-44.6379301333034,-1.74524399152337
7.7935,2.51793138957717,-9.83246688102107
7.794,20.6412159047976,-16.3036548332638
7.7945,23.025868383384,-7.1045275902037
7.795,20.6418473314488,3.58654790523641
7.7955,3.04956517021735,-15.4412150773648
7.796,-28.6934298159234,-54.7920180399748
7.7965,-42.5292151926519,-63.3542313901638
7.797,-10.0061520234871,-21.2306740577788
7.7975,57.7005287218905,28.340793041046
7.798,123.916316739664,42.280471321722
7.7985,161.538695478598,33.5102531294878
7.799,163.243444031456,34.9366073491671
7.7995,136.534651644836,42.2306172620916
7.8,103.977159597736,27.0010086374505
7.8005,89.2428510012145,-17.8853422989621
7.801,84.5010787293207,-77.3635183759489
7.8015,51.1111510354706,-135.582658584949
7.802,-23.4632778426712,-169.225865570881
7.8025,-88.4826483200378,-146.569746970967
7.803,-83.3749560312318,-70.465834298567
7.8035,-18.1704370674171,-0.149348438886858
7.804,37.8951138978222,11.6676178980348
7.8045,48.0557082495429,-11.4778836442995
7.805,47.9794930625485,-4.82871210343427
7.8055,82.5248122791603,44.4639318705696
7.806,141.210391925824,84.9546922973988
7.8065,182.730107221139,78.266313216052
7.807,196.66364857706,42.9645651642972
7.8075,207.813293743146,15.2613846579102
7.808,231.132818402643,7.34114244074615
7.8085,251.714257882978,17.0241869325141
7.809,246.920873354876,42.7925427777424
7.8095,207.332080995362,71.5043299655806
7.81,138.745776998968,78.6475257722041
7.8105,62.454607254541,58.9480271890878
7.811,10.0240580577973,37.3189072142185
7.8115,-3.42470989156569,36.1957308834552
7.812,-2.12617471110811,49.2697738422541
7.8125,-27.5876681813591,56.8592764529997
7.813,-90.3619572446646,48.6023208372566
7.8135,-158.866252335587,22.4886048468791
7.814,-197.560696902364,-17.7355337185539
7.8145,-199.267102231391,-53.1549362314224
7.815,-176.685570309772,-57.9856375725042
7.8155,-141.830653065655,-31.1531635015549
7.816,-104.597519847473,-2.94519079248055
7.8165,-77.3523210692458,2.52875764313868
7.817,-67.7418019754261,-4.85770943847824
7.8175,-73.3308649808479,-3.78509094662155
7.818,-89.7218086977242,5.84839497875013
7.8185,-114.860540131869,10.0882247223632
7.819,-139.821804493718,6.4796846831843
7.8195,-148.518688869696,2.37559847873493
7.82,-137.412062940876,-3.76062288537363
7.8205,-124.5996527008,-19.6209044473047
7.821,-125.978182646278,-40.5237218680908
7.8215,-130.700981853764,-50.2099300686617
7.822,-115.551351394974,-41.3487723047648
7.8225,-78.6791151595342,-24.0554760141013
7.823,-42.6970442129364,-12.5336017148474
7.8235,-24.9433154364009,-10.8155015809813
7.824,-19.9367458571299,-12.5397605582714
7.8245,-13.7701169325428,-9.54669900958841
7.825,-2.00103691684561,-0.0433579600067879
7.8255,11.937900647775,9.24237726310007
7.826,23.9837819087771,9.64769000797821
7.8265,27.5510853255822,-0.119904165992806
7.827,14.7875158460686,-13.2141060265436
7.8275,-9.43949392192654,-22.1738556533498
7.828,-21.3597785372131,-23.9079086863331
7.8285,0.34724057725619,-19.5882920406011
7.829,46.4149837997565,-14.2598949640982
7.8295,80.9651407560506,-13.0492237437014
7.83,78.0976518090252,-13.1033960534152
7.8305,47.349080468518,-7.07759320960234
7.831,17.1223742931535,-1.92030085854836
7.8315,-0.353888368705671,-19.5634978016814
7.832,-15.9161311403576,-60.46119102359
7.8325,-35.3026541483646,-80.5222553008386
7.833,-38.6719050911366,-36.3386934121162
7.8335,-1.99070738440522,48.686805993112
7.834,63.9449866899796,98.4338503679424
7.8345,111.270439043125,72.943449582554
7.835,100.931431025291,11.1757478936338
7.8355,44.9524306488511,-28.0114298965884
7.836,-5.5965201230607,-33.6206656268785
7.8365,-12.1271518530653,-28.861936526232
7.837,19.8374899462099,-21.9707623736555
7.8375,57.4725906711961,-6.08977162815914
7.838,75.5131614879475,10.2693355453801
7.8385,68.8390166339937,9.38446769473265
7.839,42.4865603362923,-5.68259560802345
7.8395,4.5955550381591,-16.1693784030829
7.84,-30.7651483997614,-16.4510481171443
7.8405,-47.0467170749554,-11.2115549839417
7.841,-39.8395242184255,7.48426409461734
7.8415,-23.7537434807988,48.0429995523703
7.842,-18.3655577253393,87.7598861317627
7.8425,-28.4618317131965,88.5495546899123
7.843,-41.6870931644874,49.743768850966
7.8435,-43.3954574144985,14.0022157627917
7.844,-29.5247100768309,10.9034216404225
7.8445,-6.80563722179449,22.7147920454882
7.845,14.345624436874,19.1311161980021
7.8455,27.3932147851918,0.0945985408094849
7.846,34.6887100260145,-13.9461295466279
7.8465,44.741308013399,-14.4341025915801
7.847,60.6934796594449,-7.49832809274742
7.8475,73.5434838875105,2.27911170101166
7.848,73.0351073282525,12.7113215995411
7.8485,63.6613944112042,17.231099551156
7.849,61.1162215527497,11.9630066208087
7.8495,72.2146619936707,3.22281382474152
7.85,87.9987272670219,-2.29283974544119
7.8505,99.2643533163712,-6.44519183393228
7.851,108.193561507969,-9.6860740226466
7.8515,119.327975205825,-3.63591559199547
7.852,129.596642008859,13.8733907946021
7.8525,134.850758849718,27.0267958721085
7.853,136.301044856785,21.1043800534614
7.8535,131.690197576411,6.57191055050066
7.854,111.321145632813,7.81694714769282
7.8545,75.2952753062736,30.2477265886906
7.855,43.4729667312674,52.509078770922
7.8555,30.7927324560415,51.5300489598634
7.856,21.2595618464629,25.3123065543734
7.8565,-11.6803412855752,-8.41774591130626
7.857,-63.3281978041645,-28.4144959603365
7.8575,-101.661026714776,-27.3692210336158
7.858,-113.840862327048,-19.9074076153383
7.8585,-119.935144525091,-27.7018305426254
7.859,-131.164945794233,-49.7365674774064
7.8595,-125.236847050677,-58.287418635671
7.86,-85.7845372584484,-37.9679483445129
7.8605,-42.9277975316502,-16.6725695176334
7.861,-41.9869630400558,-33.9340919631664
7.8615,-80.7899761152878,-82.6763063742551
7.862,-110.142699027597,-110.576602789835
7.8625,-97.9560315862518,-85.3210571001736
7.863,-64.0657880673287,-31.9294272275241
7.8635,-42.6173352315655,7.80195651428207
7.864,-36.2811569172732,27.5785941921836
7.8645,-27.1535528022739,46.1205992587302
7.865,-16.0818484412416,64.5070268944771
7.8655,-24.5689892922886,65.8178726946728
7.866,-58.4057205967725,50.3867423361179
7.8665,-91.2252239238926,38.7603607560094
7.867,-94.4799552961258,35.3755459376596
7.8675,-72.6865483898794,18.7767141326065
7.868,-56.6999237669265,-19.4552649359899
7.8685,-65.7587378586883,-50.9812901796949
7.869,-88.4005426390629,-45.877908503704
7.8695,-103.210044370093,-14.6351006323087
7.87,-106.92032734954,7.53226377463477
7.8705,-112.404079078732,7.65194545278774
7.871,-124.857320250423,2.12224488286552
7.8715,-133.22018424336,2.26470277620139
7.872,-126.957794966239,-0.260632878707454
