time_s,EMG_ch1_uV,EMG_ch2_uV
20.2535,-123.067357603778,-160.805858955436
20.254,-126.01278963412,-153.133599078395
20.2545,-118.580889739976,-128.21874443969
20.255,-122.748403366585,-94.0566732346875
20.2555,-138.251752761488,-61.4762511983617
20.256,-147.156440731793,-30.1481725140641
20.2565,-139.818075582797,8.80295710146713
20.257,-121.01226329402,59.6734901750901
20.2575,-95.2730764768303,115.633047589171
20.258,-62.9379108331629,163.010541390059
20.2585,-30.0670733249871,190.225269106177
20.259,-6.84410517971288,195.608240922272
20.2595,6.15337675677022,188.257279507751
20.26,17.9210249522777,178.613129126865
20.2605,32.3216912568402,167.817648466074
20.261,46.0597141984461,149.944729112977
20.2615,61.9867960183488,123.981267259267
20.262,88.7331874840522,96.9253101536578
20.2625,122.128588977794,73.2388868273467
20.263,142.120640203225,48.3183257703138
20.2635,137.205573731724,16.8420349652584
20.264,120.16075665025,-17.8418869592361
20.2645,109.603891925104,-47.9861585504728
20.265,105.966455547014,-71.235617116041
20.2655,96.9479772395794,-90.6806976732141
20.266,78.6693596532611,-107.5560000751
20.2665,58.6281843709114,-118.996667702558
20.267,42.2870136387978,-122.149974135274
20.2675,28.8208645296573,-117.198203383943
20.268,17.8253082629861,-107.552228667369
20.2685,9.29111490514434,-99.0006384793315
20.269,-1.99906359039474,-95.4607203941501
20.2695,-21.8134620034876,-92.7481874081225
20.27,-45.9584984394526,-80.8782130080877
20.2705,-63.1920479999239,-57.2947192771991
20.271,-68.8717146771907,-33.8887676703712
20.2715,-67.4102257285919,-24.4593271353879
20.272,-61.6027887787076,-27.5574082189504
20.2725,-49.9110055570732,-28.4382253876381
20.273,-36.3266856158115,-16.4630558246892
20.2735,-31.7919742652144,6.55729508917777
20.274,-39.6337899678991,34.1910508150806
20.2745,-47.7683818409171,62.5054893430731
20.275,-43.1235490939368,87.2612158220434
20.2755,-28.615507941775,102.117225631751
20.276,-17.935924582138,104.499239535591
20.2765,-16.440362372423,98.7299099624673
20.277,-15.1127307077973,90.1334891012265
20.2775,-3.25173903449745,80.6213212218447
20.278,19.3072957677367,72.7589674483387
20.2785,43.8052019075946,71.9571440887998
20.279,61.289492769656,79.3431854562237
20.2795,67.5408703069821,87.2543363206382
20.28,63.0768179179972,88.056704538597
20.2805,51.8207544646133,83.9283314821657
20.281,39.0536862223263,81.0633586179846
20.2815,28.4854079372463,76.8998752618602
20.282,20.6673240021792,61.8751087473859
20.2825,14.3057245975007,34.637454718982
20.283,8.65491851978679,7.58837723177191
20.2835,4.3561999461942,-6.28271972867419
20.284,2.36125356045461,-6.87643703886898
20.2845,2.39219599007669,-3.60734702576011
20.285,2.3840423446501,-2.68937940267334
20.2855,-0.529478207731828,-2.38816034219158
20.286,-8.08115154568556,1.2764186365828
20.2865,-19.3845401340269,8.95285520996868
20.287,-30.9933263359706,18.4117598446712
20.2875,-38.629840817572,27.4495856652814
20.288,-39.8115161254544,34.9564278503884
20.2885,-35.639774008895,40.0454183665607
20.289,-29.8209795572601,40.9346633924831
20.2895,-25.3788593218844,35.1359354461298
20.29,-22.6794776386007,21.5174521664719
20.2905,-21.1845382142698,2.15137614893896
20.291,-22.0339146834663,-18.9694938218725
20.2915,-26.9426340061731,-38.9800040429162
20.292,-34.4023053426653,-56.4332985495052
20.2925,-38.784089761904,-69.0559216905265
20.293,-34.3246560336094,-74.5506539565458
20.2935,-19.6403050098787,-75.1828081909274
20.294,1.40580639200355,-78.6172414595632
20.2945,21.826806900782,-91.2360717357968
20.295,34.5189243802576,-112.037070364397
20.2955,35.7607916658134,-135.509530140968
20.296,27.8483284168914,-158.65289269555
20.2965,17.541764413285,-181.635020927956
20.297,10.4181971660783,-202.597087011386
20.2975,6.96513180621469,-216.258979704328
20.298,4.60762544682373,-218.660511325007
20.2985,1.89422571251466,-210.159118294069
20.299,-1.10665301590864,-192.773995088194
20.2995,-5.31151702707127,-167.657977564221
20.3,-12.8174329420682,-136.780698649859
20.3005,-24.4354816226401,-104.388990955045
20.301,-38.8541114872009,-74.4055979507497
20.3015,-53.9154292638839,-47.5231114874331
20.302,-66.1779628220851,-21.9402839097851
20.3025,-69.4211644105659,4.63893979963474
20.303,-57.9870927021476,34.2090444267308
20.3035,-34.5628993455579,66.6114375520078
20.304,-11.9404550449918,96.9370147355807
20.3045,-2.87143543722606,118.350784379901
20.305,-8.42998870145543,130.588444092851
20.3055,-19.1224117060897,142.523323778336
20.306,-26.5186578374554,161.944681274433
20.3065,-29.8495404686289,184.870455273724
20.307,-31.111680720671,199.955997074865
20.3075,-28.7646804924008,202.183588265866
20.308,-19.3269385719256,196.328846067377
20.3085,-2.41203412776366,186.923390687233
20.309,18.8128249289482,171.705124944465
20.3095,40.3371128749472,147.879906429643
20.31,57.9614548186574,119.331853737586
20.3105,67.4359177273455,93.167445661076
20.311,67.5991084781709,72.5171091984855
20.3115,62.6938227148346,56.8793401111727
20.312,58.5949075793811,46.6376129480744
20.3125,57.039862262178,42.3418274770383
20.313,55.6356438239487,41.0245297430101
20.3135,52.2169383311287,38.0707628754322
20.314,46.497154415507,32.7821358300867
20.3145,39.1507198491346,28.6035555622998
20.315,32.9110419886999,27.8662658363408
20.3155,32.7401744857962,29.2214810528156
20.316,39.8409685556343,29.8483383960161
20.3165,46.6465039370447,27.0914940056499
20.317,44.1641899723207,18.3410306648432
20.3175,34.5196006270968,2.82461795780169
20.318,28.8261707340466,-16.185353180505
20.3185,30.6595886494538,-33.8698649367954
20.319,30.1403024716735,-48.4696401490158
20.3195,19.7740749805302,-60.4184800498752
20.32,8.61423433337616,-67.7974699318268
20.3205,11.8219752918728,-67.4807006249921
20.321,29.9111258338149,-61.4463902900824
20.3215,47.5174978769067,-56.8932475287505
20.322,51.7456416285325,-57.9615364104946
20.3225,43.2143550656279,-61.4722415265579
20.323,28.432228921997,-62.9925164578593
20.3235,10.3184395293351,-62.6716456851029
20.324,-9.37511811909322,-62.3071803224621
20.3245,-24.5792575417486,-61.709594511323
20.325,-28.4652628414971,-62.6166917286674
20.3255,-21.393440945346,-71.5486815048136
20.326,-11.68789873104,-91.5965682665247
20.3265,-8.4077700038125,-113.222516030066
20.327,-14.4926156178898,-120.802716979894
20.3275,-26.2222037771339,-109.515467147532
20.328,-38.3549710967774,-90.3737730732345
20.3285,-49.6833565157374,-77.4527325406324
20.329,-62.7717551515334,-75.2973754994809
20.3295,-77.825219045148,-79.9109715001503
20.33,-89.3858157685169,-85.0140227809101
20.3305,-91.6557782504629,-82.604119542273
20.331,-84.8114809610645,-63.1536041479274
20.3315,-72.695768449308,-23.9100741968524
20.332,-57.3078883145013,23.0305125615967
20.3325,-41.2858434017377,57.7488778783601
20.333,-33.3571948512572,70.3860540117319
20.3335,-42.4609643668647,68.121120905437
20.334,-64.9411464198674,62.1310056201269
20.3345,-85.4267280947136,52.7622307218117
20.335,-93.4061934083631,33.9303724289169
20.3355,-91.7317850199261,10.0520862231021
20.336,-85.4359184285709,-0.832367031014707
20.3365,-71.3184778913459,14.104210405406
20.337,-46.2907159222788,45.8113833244256
20.3375,-18.8957302439094,72.5453544484606
20.338,-1.65610245101512,83.6060945961598
20.3385,5.55614961994488,86.5185851078274
20.339,14.5629040929454,91.0855055128635
20.3395,31.6941136583881,95.900044116308
20.34,50.9293390956052,95.0578412781285
20.3405,65.5603047409941,90.0363900849724
20.341,77.5595158581568,86.5267173720526
20.3415,91.2365250306602,83.5952455671423
20.342,104.616673112664,75.1560894406085
20.3425,112.526554405399,61.7115809834366
20.343,113.477783361292,52.5944949637969
20.3435,107.998826530836,54.4936712383494
20.344,93.5847983427139,63.0967084723941
20.3445,67.6789411667358,68.0878265189801
20.345,35.2650263622702,62.7204813188685
20.3455,8.6965195885952,47.7284434638032
20.346,-1.63287649482717,29.7027650691066
20.3465,4.53179064137551,16.1031520404505
20.347,17.2707453610238,8.05950414190876
20.3475,23.0101123494679,-1.5985654317457
20.348,13.3816504119733,-18.6249432387715
20.3485,-8.51674670840791,-36.6903743159475
20.349,-30.3884536438848,-43.1167916923006
20.3495,-41.3522543202661,-35.7743802551482
20.35,-40.3182148577993,-26.8819122782325
20.3505,-33.0305756641154,-27.9781358387134
20.351,-23.5078249509202,-38.4603658304759
20.3515,-12.2122605103933,-51.9399457923397
20.352,-1.00358211253173,-66.1691762862293
20.3525,6.13374653701403,-82.0030626540744
20.353,8.99510550231519,-99.3945848475376
20.3535,12.886915239967,-119.440099643781
20.354,21.2439980626294,-143.545887221695
20.3545,30.1113244725389,-165.214984733265
20.355,33.6643959171234,-170.697752961775
20.3555,31.901713160281,-155.535315669392
20.356,27.8154157390901,-133.056604067261
20.3565,19.5555434839227,-117.102052553253
20.357,2.68680504913312,-103.320707114378
20.3575,-19.5989625368852,-79.1678809198169
20.358,-36.4348281686587,-46.2651514748832
20.3585,-42.8196942125328,-17.8540480371414
20.359,-46.406650137228,3.2301055493008
20.3595,-55.1395209445879,27.2686356026937
20.36,-63.6629648984216,56.6039388173793
20.3605,-60.2020314944902,78.4166372101439
20.361,-44.159370403671,85.1115596172213
20.3615,-27.450021105073,88.2430856218835
20.362,-17.9256247517546,102.53723843418
20.3625,-10.7135419607591,125.589150197894
20.363,0.885432615065794,143.21641547448
20.3635,14.5930895070115,148.085892663353
20.364,25.2663645455254,143.448243702278
20.3645,34.9115501937547,133.201144042994
20.365,48.015358843738,117.636103702142
20.3655,60.3934599085895,96.8859956732919
20.366,61.9876956488037,71.160090733912
20.3665,50.8812199055076,38.6648021607296
20.367,36.7020336534581,-1.28455590908398
20.3675,28.1788992527348,-44.2374667142206
20.368,23.8398109871538,-83.3106863342883
20.3685,18.2278193415075,-113.527680285816
20.369,11.9098248911842,-130.724537168208
20.3695,10.4075447568926,-130.91710728576
20.37,15.7517478407205,-115.807892532884
20.3705,23.2969482777262,-95.1572475821736
20.371,26.0100116712992,-78.2575892469339
20.3715,19.3451004825797,-65.6532625472009
20.372,3.36611574035105,-53.2168416099399
20.3725,-16.7407493019229,-40.1388705253525
20.373,-32.6550553438655,-27.739536827266
20.3735,-38.3994982326324,-14.6525187484565
20.374,-34.9217648363561,0.726982991946285
20.3745,-28.3979067459854,16.5666485925396
20.375,-24.1570205248928,32.2566217775427
20.3755,-23.0927000683175,52.8200109542156
20.376,-23.1015078428153,82.0959847351521
20.3765,-22.1374043974386,115.134552119456
20.377,-19.9050473268493,143.9418552441
20.3775,-18.3118608836043,166.37724490119
20.378,-20.6639894532197,181.678188804138
20.3785,-28.7777585438105,182.603622921117
20.379,-39.8056834000235,163.235863456183
20.3795,-47.0188421060936,131.642917052543
20.38,-45.4297901648374,102.334355668182
20.3805,-36.7952447444778,76.538084586744
20.381,-27.840022839605,42.5616594112237
20.3815,-22.9238103895598,-2.63456879661341
20.382,-19.5329128633281,-45.005698218501
20.3825,-12.3511356571575,-70.8968287334853
20.383,-1.13599452430089,-81.7345854152496
20.3835,7.74999873731601,-85.7223446845103
20.384,8.48940416851634,-85.5223921859674
20.3845,2.45161678354309,-82.0947644869166
20.385,-4.30246310521355,-82.1486929135293
20.3855,-8.99388137821674,-91.789081773322
20.386,-14.9098680176809,-107.016425603995
20.3865,-25.8734471042877,-118.607303002683
20.387,-40.0716702204983,-123.678643871651
20.3875,-50.7993614270011,-126.050182481504
20.388,-52.8916427059639,-127.845905005302
20.3885,-47.8972499795041,-126.864219584223
20.389,-42.8513421424502,-120.727187216733
20.3895,-43.2990873493166,-109.031969713489
20.39,-46.9593579661958,-93.0651661265773
20.3905,-45.3681423994066,-76.8080361773054
20.391,-33.0475812244166,-65.4458235255908
20.3915,-13.8409373781424,-59.1298234296259
20.392,3.71844323346585,-51.0074112669719
20.3925,15.9914428080913,-34.9969698141146
20.393,26.4373861961991,-12.5091215107784
20.3935,39.5124498451314,11.6419264310065
20.394,56.4595914082224,35.5921119576212
20.3945,76.7798675588852,58.2564964655375
20.395,98.3588703622395,75.3199350883172
20.3955,114.294051319135,83.3927992675355
20.396,115.398828261767,85.1289096165258
20.3965,100.781074218532,84.495797530859
20.397,82.6325546550929,79.9139677652653
20.3975,74.9938482950626,68.3956626038723
20.398,78.8946439835233,54.0332633599327
20.3985,83.2169598164179,45.1965404834956
20.399,79.5384683444414,44.0797536005298
20.3995,71.364661293123,45.4555563864717
20.4,68.2930982305814,45.47367512964
20.4005,75.1644595004524,45.6330538004019
20.401,87.8170343219779,48.1685540765997
20.4015,96.0135494594277,53.7070153333915
20.402,89.8368613030865,63.9617101263143
20.4025,67.0916693432981,80.435325332583
20.403,36.1504192297324,98.9003589812402
20.4035,8.69268794780352,110.934275555681
20.404,-11.4732175646767,113.471129875767
20.4045,-29.2427331877505,112.485703579629
20.405,-47.059826229176,115.167255702971
20.4055,-57.7212679176377,122.734171225703
20.406,-52.0138333935507,133.197898077188
20.4065,-30.8689568174645,146.559112019052
20.407,-6.13646249763366,163.174507178611
20.4075,9.57720523545593,179.439641614733
20.408,11.3503093790401,188.875188380544
20.4085,2.27668380167302,186.786496719966
20.409,-10.9022154455821,171.787263326345
20.4095,-22.9102644469059,143.909980938431
20.41,-33.5215486959453,103.654960281914
20.4105,-46.1583694749558,53.0001872927416
20.411,-61.5715450984599,-4.01754927938
20.4115,-74.3227130492915,-62.4897297878641
20.412,-77.8513885931083,-118.833011258227
20.4125,-71.9095833018222,-171.962658503025
20.413,-62.5804323774102,-221.499172514776
20.4135,-55.9981065222822,-264.765679031365
20.414,-54.3559799306661,-297.932260876385
20.4145,-56.5701359425229,-321.623588335096
20.415,-59.8191179492224,-342.214278448614
20.4155,-61.5654413973734,-363.677379243337
20.416,-63.0789641919558,-380.301444201151
20.4165,-69.5863691205601,-383.055088959922
20.417,-83.7259075484668,-373.049086710593
20.4175,-101.018188553732,-362.466588018365
20.418,-116.171412927181,-359.321758129765
20.4185,-130.96439032923,-355.594414767068
20.419,-148.723848227333,-334.19873082104
20.4195,-162.623117688404,-285.400929415643
20.42,-159.548420636833,-213.527412780966
20.4205,-138.102699247931,-130.265196223358
20.421,-112.98797756311,-46.1131098440837
20.4215,-95.7121960499132,31.8722208276919
20.422,-79.2194867839353,98.8441812986292
20.4225,-49.9604720222852,152.215182676264
20.423,-9.22352405539351,192.307295591405
20.4235,27.5385350631519,220.867301326073
20.424,49.8646901800319,238.387557999904
20.4245,61.2393623325309,244.011554000044
20.425,69.9878933461244,238.957929465407
20.4255,80.7830555770226,229.140753879467
20.426,96.3796857606482,222.595368457683
20.4265,119.013394117798,223.748864344562
20.427,146.27628819318,230.739443305404
20.4275,170.756874691186,237.594187390111
20.428,186.067709432431,237.452048096006
20.4285,189.469899324416,225.00223183237
20.429,179.581893034471,199.794283987936
20.4295,158.751317654288,168.029088795039
20.43,137.652072231675,137.373940614143
20.4305,127.602925740022,108.703339917796
20.431,124.847677980834,77.3034004387906
20.4315,112.016230691488,44.2417846992796
20.432,81.0179037495624,20.592645489606
20.4325,45.7238200378567,15.1206662574854
20.433,24.1797504376881,22.2309302973664
20.4335,16.3173039431982,28.9068871404689
20.434,9.75747415130727,30.8634331977003
20.4345,1.58928102998664,34.7949543381184
20.435,0.989613985267521,46.8179436805926
20.4355,11.412647881409,66.8928250515951
20.436,22.696961030683,93.5510385264674
20.4365,23.3838163286549,124.192342935727
20.437,11.7867486738819,148.989140153357
20.4375,-7.0297637376832,154.720651661312
20.438,-26.0318809810549,139.93365659276
20.4385,-35.2117190658032,118.617223750936
20.439,-25.7120808170689,102.8082135502
20.4395,-1.2626551647743,87.9865493533538
20.44,20.8714512448164,62.5739188197819
20.4405,26.3063002314056,26.3560910886477
20.441,16.5945968691471,-9.17789331423513
20.4415,2.05149383062797,-35.9454941191583
20.442,-12.2502485218073,-55.9527455815885
20.4425,-27.2534335125139,-73.2253577912084
20.443,-41.8822448271925,-86.9364756238747
20.4435,-52.3581576845559,-94.6772122222217
20.444,-58.0798607115141,-97.3295074249993
20.4445,-61.8395900498935,-98.25780720154
20.445,-64.3393216908425,-100.490525229888
20.4455,-63.0844592336736,-105.458066461599
20.446,-56.9292402992571,-111.730512543032
20.4465,-48.9167943231148,-114.956862202226
20.447,-44.8975236461232,-112.285559216669
20.4475,-49.946384027448,-107.003473715234
20.448,-62.7047143490048,-105.627232787335
20.4485,-71.7673707870116,-110.55664842099
20.449,-63.6482064125946,-119.357891578568
20.4495,-39.0254312155624,-131.228696790896
20.45,-15.3816575420453,-149.106392936072
20.4505,-6.57328173981561,-173.528618739602
20.451,-4.74826240420303,-199.019396783364
20.4515,8.10796231332674,-219.99150096564
20.452,33.8375961635702,-237.003102157035
20.4525,54.9173918985069,-252.890752737902
20.453,58.1058848351613,-264.234113873038
20.4535,49.5384434069092,-261.349132802636
20.454,41.6773274839314,-237.896773497853
20.4545,34.8527502437885,-197.811813636378
20.455,19.3393166003948,-151.245887591732
20.4555,-9.62938389718294,-105.684091001407
20.456,-46.0686026154676,-63.684385127217
20.4565,-79.8241467417869,-28.6815992223157
20.457,-103.617936207595,-8.45213434035715
20.4575,-115.412827822863,-8.31239766269845
20.458,-118.315862038001,-21.1814129252902
20.4585,-117.627094133955,-28.9688655975572
20.459,-115.888658018,-16.6268562580096
20.4595,-112.497108315512,16.9096481924373
20.46,-109.131172441763,62.5394390900169
20.4605,-111.231333746344,111.209179000913
20.461,-120.535738982955,156.677028581699
20.4615,-129.198192699801,192.848049108995
20.462,-125.482574086354,216.208072403071
20.4625,-104.196411510107,230.307512990717
20.463,-69.3442738477441,240.188511243932
20.4635,-28.5821363017587,240.947414211704
20.464,12.8361529963879,219.866515554837
20.4645,54.7843890727851,174.639205008568
20.465,100.142585610718,123.419065305495
20.4655,146.695327225153,90.0917803078477
20.466,181.176305575339,82.3731461461452
20.4665,188.744768628314,89.819415603279
20.467,171.980150201656,100.158848030139
20.4675,152.564179254026,109.850408710555
20.468,147.255391249201,119.00797383665
20.4685,149.063074527314,124.868488725023
20.469,141.147794099663,125.928563459717
20.4695,122.694057703765,129.118261968302
20.47,107.824105048643,146.103086974105
20.4705,101.989917190337,178.833419678961
20.471,95.3512727411457,209.958043004181
20.4715,82.1230118936897,213.232049990596
20.472,71.1801480063136,179.551695828089
20.4725,69.8485866823519,131.416863207022
20.473,69.5530798735542,102.862375871492
20.4735,58.4648671462128,101.824164410026
20.474,40.0578373248827,101.605956894608
20.4745,27.2351318308176,76.3519000903697
20.475,23.1345610402769,34.0281773014813
20.4755,19.7637713249318,-0.138643862899459
20.476,13.1069465516469,-25.0808018654753
20.4765,7.43988032818353,-66.0908941268219
20.477,4.45260621455446,-132.664770599749
20.4775,-0.407390270552455,-196.87806528451
20.478,-8.22483641874824,-226.899929498271
20.4785,-13.8016074758189,-225.334444377449
20.479,-17.1427746546677,-217.016418750395
20.4795,-28.2670728425434,-211.187656404774
20.48,-53.2864430985065,-197.427760129062
20.4805,-82.2792983552656,-173.116802484949
20.481,-99.0790114993095,-151.196288988489
20.4815,-99.2736995443418,-138.582140625572
20.482,-91.5019645066333,-127.341167142761
20.4825,-84.6817634631417,-112.667725093708
20.483,-82.1212732973264,-100.927347290843
20.4835,-85.5343980359936,-92.0930454045509
20.484,-94.5399635637032,-72.7822823113145
20.4845,-100.977949069743,-39.0214157874373
20.485,-93.2105793525449,-9.48635596124483
20.4855,-70.4294539899816,0.22766254519483
20.486,-46.0409633498468,3.46327998422973
20.4865,-32.1185880577325,23.2810008545161
20.487,-25.8646290873124,56.5007788160775
20.4875,-16.5640792511666,78.8456343826344
20.488,-0.939966793041787,81.8167228355854
20.4885,15.3292665945625,80.898152816036
20.489,28.4389154632247,84.953993342398
20.4895,40.6884913636179,80.5020824320026
20.49,53.0194935313704,55.3444456680224
20.4905,59.5681682863806,19.1793471820927
20.491,53.1634663559443,-11.659400919053
20.4915,34.3306789657481,-35.955636554354
20.492,12.7417121786027,-60.8573173440215
20.4925,-0.968208898747871,-84.3311904239746
20.493,-6.0661245328635,-98.5820490380311
20.4935,-13.9025445067017,-103.722143125454
20.494,-35.0280619927131,-104.852233923787
20.4945,-62.7182625298835,-101.18263608053
20.495,-75.6934201879832,-90.8109174119882
20.4955,-62.1912452567497,-81.5303062299812
20.496,-34.9472963890472,-83.3920843735998
20.4965,-14.163631081554,-92.9754733019988
20.497,-1.75288598969162,-97.0395021158379
20.4975,14.6141698050708,-88.966157645442
20.498,34.7568227637406,-69.5751409153985
20.4985,40.6603102937621,-36.5254798311588
20.499,23.0623609153866,10.1036262924971
20.4995,-1.70741872646586,53.4330585695781
20.5,-11.6814215248173,71.2627185699914
20.5005,-5.55816054658077,66.15663009214
20.501,1.83795055251521,64.8273174402792
20.5015,1.61528143414844,79.9155827803718
20.502,-4.29948699541868,91.827890789716
20.5025,-13.68075700012,81.071590999811
20.503,-24.8115600552067,59.9213086053925
20.5035,-29.8719210989749,52.4151291846702
20.504,-22.353824249639,56.1522128750487
20.5045,-11.0810899749655,47.8886389504667
20.505,-12.5189342521736,21.5335772832711
20.5055,-26.5494604576814,-3.70410660921755
20.506,-33.5717813647178,-14.2684285591716
20.5065,-20.9994090380476,-19.1791419139942
20.507,-0.441077261161818,-29.6541845782795
20.5075,9.171271127307,-40.7529633843183
20.508,5.67940000012488,-43.6180069109051
20.5085,1.75456801446704,-41.2115303811446
20.509,5.98167075306211,-39.3541393553302
20.5095,15.6223036352957,-32.6918842589331
20.51,24.417642669891,-12.8566103404225
20.5105,29.2820052092021,16.348724765361
20.511,31.0481666409096,45.0959519454876
20.5115,34.2684955062934,74.6526607237051
20.512,43.9072736050827,114.635335983683
20.5125,57.7793379008547,163.137303245948
20.513,65.9491945819101,201.947375774628
20.5135,62.0512412207241,215.435116572284
20.514,50.2229560062667,205.165856542279
20.5145,35.9650805507574,180.873587230136
20.515,17.8160912417892,145.398270527038
20.5155,-3.00061133608037,98.244255380363
20.516,-12.3237559920717,50.9801856262683
20.5165,3.02059771605632,26.8489550905034
20.517,33.2358199193461,38.5130003650178
20.5175,52.6753974992972,71.7370465211887
20.518,50.9110977449705,99.2883194960036
20.5185,42.2822084206925,109.375344105986
20.519,40.2227131461148,111.86940409948
20.5195,38.3771958117644,116.493097311576
20.52,28.3805191896123,116.897132426718
20.5205,22.5417128528176,102.7657654846
20.521,39.896809439005,77.0489150949712
20.5215,73.810534249072,49.5855899313149
20.522,92.52423678463,19.8761168019189
20.5225,76.6314046701326,-20.9531332615293
20.523,42.6768295324399,-73.7202452619898
20.5235,22.3343191796205,-127.67907113801
20.524,27.7266277322314,-169.817650738662
20.5245,45.6598646153063,-187.099924969065
20.525,58.5613392272379,-168.983918203913
20.5255,59.7459373955726,-128.952280114239
20.526,50.4024510871403,-118.452409673307
20.5265,32.8660310085204,-188.567378720257
20.527,10.1288385788263,-327.64650082207
20.5275,-14.6182606552207,-461.256808901012
20.528,-41.3987668070936,-527.084146625244
20.5285,-72.3777607726314,-528.111930496909
20.529,-105.553882760559,-499.644879024571
20.5295,-134.038080146314,-454.172060193774
20.53,-153.613105659929,-385.779252672871
20.5305,-165.944533273598,-303.714939748494
20.531,-171.65521926886,-222.672467563518
20.5315,-166.537697250769,-131.228061307022
20.532,-149.705459732518,-8.72054816142097
20.5325,-129.097671974834,129.945277300457
20.533,-110.722559796074,243.985214972519
20.5335,-87.7593836024045,322.84696674913
20.534,-52.3927023797852,394.870054273816
20.5345,-16.5286606524083,473.083068571667
20.535,-4.85638453724775,531.996422861556
20.5355,-21.4559089877107,554.668309742089
20.536,-37.5423607204857,565.769142052935
20.5365,-24.8743946070206,591.898440608135
20.537,7.92910994952458,617.631289781407
20.5375,28.8486129726831,609.756406274247
20.538,29.0658919382072,562.313306850808
20.5385,36.6580755071885,486.818375890414
20.539,76.0172366935236,376.464406730261
20.5395,127.709451809378,215.41485525331
20.54,143.618054283211,15.7308015017458
20.5405,98.8804269915194,-184.80282830051
20.541,17.3589542526081,-356.054993585418
20.5415,-54.3651669226778,-481.831911111034
20.542,-87.4223107140525,-544.737611079561
20.5425,-82.0501456233919,-539.144503210504
20.543,-51.1102618048439,-494.861082877903
20.5435,-6.18384659918099,-451.905488599138
20.544,40.6653340142666,-409.805354327351
20.5445,74.3073025582866,-337.175642844096
20.545,84.8174093588794,-236.384693898846
20.5455,75.3401416762001,-158.428275100247
20.546,55.6585968446897,-136.62809234441
20.5465,29.9723964345309,-141.392716873447
20.547,-2.3222565577709,-126.343761055895
20.5475,-34.5607698517017,-90.7283966535855
20.548,-50.6892037719773,-65.1504745657686
20.5485,-40.2907594297475,-56.2575938418687
20.549,-10.8487715795881,-40.7649083622582
20.5495,20.0782793232678,-4.55718578649392
20.55,41.3800539263311,45.1170934784864
20.5505,51.786626904035,103.140477921578
20.551,50.2903334150539,170.841376028797
20.5515,31.7921531441189,232.228214351769
20.552,-5.83542745121503,252.38620437239
20.5525,-55.9513901207021,211.519025968842
20.553,-107.343350892738,126.154589431643
20.5535,-150.896346202924,30.0084801451896
20.554,-179.850064322206,-53.0415425494791
20.5545,-187.057970031495,-112.706239238516
20.555,-166.947953223712,-145.268298950705
20.5555,-121.3745004911,-153.579584393982
20.556,-61.9725750746464,-145.606913084839
20.5565,-5.14281958677589,-125.074281484257
20.557,36.8573880565735,-88.9952312975367
20.5575,61.7910812950354,-38.4219950227122
20.558,76.0752860688001,15.4363326041862
20.5585,88.5719681731987,60.2124180055268
20.559,105.637394700103,91.6950421455073
20.5595,129.653637154007,111.600064345773
20.56,158.455153599114,123.243519622064
20.5605,185.677188320725,132.705529911876
20.561,205.287453793478,146.521258763301
20.5615,217.061871669203,162.265191462729
20.562,223.885459527904,165.604000317957
20.5625,222.560666025525,141.483358386046
20.563,203.345813656491,87.5786877713117
20.5635,162.488420774281,17.9848157534156
20.564,108.931715470034,-42.1883012496648
20.5645,52.0810331012367,-69.4137388883948
20.565,-10.9800225041407,-59.1908844434124
20.5655,-85.5934268246379,-32.281791611072
20.566,-159.589722101929,-14.8801864890961
20.5665,-205.753683485396,-11.2436009034036
20.567,-207.270829796791,-4.91780339952779
20.5675,-172.609157087631,12.657580908697
20.568,-123.704470100567,27.5582480018357
20.5685,-78.7021602555616,21.8418998195843
20.569,-48.1517629451968,-4.32613072156452
20.5695,-35.3112968332388,-33.3615768180364
20.57,-31.4805733241473,-41.7737943017863
20.5705,-19.365253005197,-8.09083062184849
20.571,8.95970853183857,72.8988682725213
20.5715,41.5614857122544,172.550064849676
20.572,61.2386258323676,240.45734310649
20.5725,65.5331311734929,250.898144879055
20.573,64.6561288301071,228.665195545401
20.5735,65.6852494463513,215.766316332826
20.574,69.8729525317906,224.445059267822
20.5745,81.5729840392297,239.465921471434
20.575,105.139665334134,250.880876165589
20.5755,130.261870518091,254.399802427692
20.576,133.132389501198,224.687330361818
20.5765,100.689756444029,125.744779217682
20.577,48.0533475102064,-37.0428607241041
20.5775,4.49391974034629,-199.349613323607
20.578,-16.0723280119332,-292.191034929013
20.5785,-25.520189732539,-303.090764504817
20.579,-43.1742202138387,-272.253944371861
20.5795,-71.9067778700243,-242.856582505688
20.58,-95.6495682576887,-231.466713961878
20.5805,-99.7201222028982,-236.524755063328
20.581,-89.1253396541717,-253.987032073566
20.5815,-82.7557957086777,-281.457000408968
20.582,-92.3612592389617,-316.857246059128
20.5825,-114.858654504934,-354.388712733109
20.583,-144.628523964255,-378.56276260062
20.5835,-180.625042490621,-369.320250852319
20.584,-214.49865773481,-321.75445453791
20.5845,-224.557210270537,-255.140524426725
20.585,-197.369474623486,-192.718287340348
20.5855,-150.51304737786,-137.286900143449
20.586,-117.193489037216,-76.8896173917151
20.5865,-107.584079964198,-9.36963866475971
20.587,-100.348622263372,52.3065252755382
20.5875,-75.6001393132778,98.2234218340986
20.588,-41.5836853827502,132.697624789766
20.5885,-21.942716132366,165.950356576064
20.589,-28.5717083102483,204.147306986881
20.5895,-54.7488730840593,247.747570216099
20.59,-84.0268423017086,289.428520156741
20.5905,-96.592656913769,313.485162106267
20.591,-77.1283841094225,309.798350396309
20.5915,-29.2435144479189,291.971408052418
20.592,22.7210342092875,289.612281085263
20.5925,56.4454914334761,315.650798636863
20.593,72.4167929540433,350.621951468118
20.5935,84.6736332347549,368.066020681305
20.594,98.4046713960613,368.98948236882
20.5945,108.309446744475,380.311648473203
20.595,113.291267396611,419.148676781241
20.5955,118.234152372547,465.916168288742
20.596,122.848138196545,477.199528489134
20.5965,122.734485330539,426.325642324764
20.597,122.645792689187,330.788224206603
20.5975,135.983724112876,235.116228016717
20.598,167.790310486221,161.913154125921
20.5985,207.956734788573,84.5124683009984
20.599,243.144766041637,-41.6679433807991
20.5995,265.08743666063,-221.504476273389
20.6,265.616363843874,-406.364409909036
20.6005,237.229991606398,-541.770799861962
20.601,185.92656746141,-617.361579030412
20.6015,133.533661451336,-663.230505464777
20.602,98.6601674726545,-709.371535662492
20.6025,80.7873613371771,-761.728879481545
20.603,67.6246468794238,-810.786017954338
20.6035,49.5723985126717,-847.09882618962
20.604,20.6801344761351,-866.004622812513
20.6045,-24.4435779338814,-866.741670754693
20.605,-83.0449617484845,-849.832147993275
20.6055,-139.086002572873,-810.408336152289
20.606,-177.516840407661,-735.524359509789
20.6065,-201.612243747137,-615.81503643591
20.607,-225.650710124386,-460.626638403658
20.6075,-250.924255752908,-294.927283297667
20.608,-259.521096930384,-139.291990820933
20.6085,-235.133098047314,2.99379016077259
20.609,-183.520976817458,139.344218534308
20.6095,-129.427256436749,273.794058728212
20.61,-96.9951529397474,400.049804349236
20.6105,-93.1693412289888,504.577381316163
20.611,-103.733607552769,577.294855185498
20.6115,-102.114735243644,623.116416076818
20.612,-66.4512241986115,660.349556528151
20.6125,5.59339081593177,701.279213285812
20.613,95.2736310133582,735.423886041244
20.6135,174.755938577725,737.91038334876
20.614,222.857871035958,692.927474950047
20.6145,234.809575482571,603.903898919019
20.615,220.75361039848,486.994817021435
20.6155,193.574961688509,367.270985130881
20.616,157.15020148171,277.951581992977
20.6165,109.405449028082,243.638524437626
20.617,56.2884126587717,255.65856713018
20.6175,13.7160275727429,277.356326006717
20.618,-10.263555916091,284.524125545938
20.6185,-27.6078162473914,289.958649788363
20.619,-54.625664590525,314.870363534573
20.6195,-88.1116875683316,344.970635829328
20.62,-107.865037282165,335.729422378817
20.6205,-101.799585513422,265.80401955065
20.621,-78.075728786736,170.328850698533
20.6215,-52.134634248114,108.537123721347
20.622,-32.8783475641596,101.573271848665
20.6225,-24.0296995355976,113.359329441023
20.623,-27.1330457364677,97.0374072538562
20.6235,-36.1474112803082,51.4056636349041
20.624,-37.6587744447247,17.4931407965829
20.6245,-25.3047916487614,17.6652546751345
20.625,-9.70719999347715,15.4783886707888
20.6255,-6.872606486963,-47.5714760277678
20.626,-19.3604048883942,-183.151106827994
20.6265,-34.7127569389098,-343.613819374094
20.627,-40.2980050751119,-476.043746012178
20.6275,-34.1821643598805,-565.699052062335
20.628,-22.2480637350074,-622.087711738937
20.6285,-9.04520059677639,-650.004515362779
20.629,7.82950932064216,-651.691256512395
20.6295,35.0345730228218,-636.179053082468
20.63,73.0913572729716,-603.247350789992
20.6305,108.402065248511,-532.88374874139
20.631,120.955537125499,-414.877958612497
20.6315,103.69279125255,-276.099190245119
20.632,70.4864774572244,-150.195957034259
20.6325,41.0141266582098,-29.7798783034199
20.633,20.9513232968844,117.988470718269
20.6335,1.06228707354241,292.107876433965
20.634,-27.2984141224387,451.38629922711
20.6345,-60.5094847543445,570.305143265871
20.635,-84.9226980925293,659.296838471343
20.6355,-87.9805489158074,715.137644018817
20.636,-69.646314323278,695.608061214927
20.6365,-44.6159681055803,576.561042303556
20.637,-28.4787929821425,402.390032147902
20.6375,-19.1554822839367,239.433319665398
20.638,0.766085508245126,99.2459187761671
20.6385,37.7158242370887,-49.7898754197576
20.639,71.0732916967524,-208.367940999026
20.6395,73.1954213817662,-333.859820254984
20.64,40.4717894548537,-405.275488971426
20.6405,-6.45333422845284,-454.55029730848
20.641,-49.4095404647528,-516.025112930954
20.6415,-86.0635405610065,-579.616893187222
20.642,-117.79809475793,-615.061739159545
20.6425,-140.806139380082,-615.212537871891
20.643,-155.261228781324,-592.927355713465
20.6435,-170.308288888906,-557.639454294763
20.644,-190.679086957893,-518.379184746235
20.6445,-206.953426524679,-489.750905523847
20.645,-207.909392286412,-467.818292037213
20.6455,-195.441835572422,-416.127939344532
20.646,-178.109104766527,-306.84932857874
20.6465,-156.135855211443,-167.017681167274
20.647,-123.643084937428,-52.5724086739546
20.6475,-82.0888340014503,19.3672524552434
20.648,-40.1025213818375,79.1306512235383
20.6485,-0.509997706881023,144.104967369057
20.649,42.3831312262067,187.003373166672
20.6495,91.5203527683821,179.772356761824
20.65,142.059385770983,138.420792171177
20.6505,189.619401890056,99.8821179243207
20.651,235.089618880776,75.3191818037499
20.6515,277.370330865673,53.9842736677982
20.652,308.228086073819,39.9066866644491
20.6525,319.774668084335,52.8979502510928
20.653,313.521336662295,94.0376633986732
20.6535,298.391080834768,138.066975358457
20.654,282.459439960217,167.479057248615
20.6545,268.381792184015,192.718743407047
20.655,252.780309883612,227.498505129518
20.6555,227.670886319165,261.592418078925
20.656,186.529262261306,275.000588842977
20.6565,131.580685053407,270.408588266403
20.657,71.8192804688424,273.605375488151
20.6575,13.5865403474635,300.501371010835
20.658,-39.9870675998702,336.680761910659
20.6585,-79.0314833719061,356.871683813553
20.659,-88.7382419935652,359.153824252446
20.6595,-70.7564720939896,370.063239918636
20.66,-53.5929027786047,411.157073313305
20.6605,-66.40603270737,465.130599708515
20.661,-104.360018068833,485.623712070351
20.6615,-134.055063958389,445.510889726999
20.662,-133.843391889115,367.540011708631
20.6625,-113.585858389357,298.067861638183
20.663,-90.2695340822864,256.538149851771
20.6635,-61.3478886434312,224.392958681815
20.664,-15.8384006693647,181.006570596725
20.6645,38.7036657057142,131.482304037798
20.665,77.5559554558895,92.2805184776048
20.6655,85.2058783201747,66.4396232190576
20.666,66.5532816944523,46.9683549425808
20.6665,31.3909427651443,33.8023458629533
20.667,-18.5238558272265,30.9006395779293
20.6675,-81.4621026051315,32.0516021109776
20.668,-145.014194933684,26.8383009446565
20.6685,-192.165210855228,20.7150262601442
20.669,-214.742606473207,33.3858527484872
20.6695,-216.138127446193,72.6195774237954
20.67,-204.606766335305,121.676881833356
20.6705,-189.029972746014,158.339813695701
20.671,-177.997740403356,175.181213199202
20.6715,-175.652795085599,171.810802872375
20.672,-176.384286419894,135.879784207128
20.6725,-167.124670217716,46.9614396576438
20.673,-138.275809472238,-98.6439656254642
20.6735,-93.525348541847,-277.235460692091
20.674,-48.2482127491432,-457.625228958641
20.6745,-15.8601864748653,-624.602296204222
20.675,5.86204194196137,-772.739284478546
20.6755,32.7524176096166,-881.047964267795
20.676,76.0189156220872,-913.28365485285
20.6765,128.571259889592,-857.09594971826
20.677,172.949658996133,-752.134222776272
20.6775,198.193787841454,-658.059140080777
20.678,201.16883229436,-594.032619359888
20.6785,176.177471331841,-529.327889431429
20.679,119.404512035647,-437.541283001913
20.6795,48.0750076011531,-335.867951639527
20.68,-1.08077365881097,-256.388403025359
20.6805,-6.48447093448442,-200.781969560455
20.681,12.9813357074534,-147.731461243096
20.6815,20.8475029138115,-89.878926949523
20.682,5.91774006771229,-33.4381852035308
20.6825,-12.4552910482618,31.002296935957
20.683,-18.3566629468682,121.911391337414
20.6835,-19.4632541493546,226.046714438738
20.684,-28.9028969044486,296.52734511624
20.6845,-43.9893923058895,307.952245845769
20.685,-52.8664029429053,293.010860160075
20.6855,-50.0012712121223,308.409374867512
20.686,-33.9547999390133,377.36352534374
20.6865,-0.174447921031057,475.255766234862
20.687,49.7698088911821,556.927629844917
20.6875,97.7424759060911,588.972899398516
20.688,122.46086010045,571.588389297622
20.6885,121.495478782572,538.047020189127
20.689,107.884831523891,514.969430886786
20.6895,87.9741104333214,475.38851679263
20.69,58.0931599201577,356.697612435128
20.6905,23.4897731219737,140.015913441151
20.691,2.3418498363244,-117.056866362055
20.6915,2.99089347270016,-349.728572032951
20.692,11.0438533009069,-556.053364636645
20.6925,9.48304156163582,-760.133237846232
20.693,0.869154422342221,-933.478993639652
20.6935,-2.03550292423385,-1010.79981252496
20.694,1.14237626495305,-979.873519787709
20.6945,-0.753761513908124,-898.760215676017
20.695,-11.37336222991,-811.72842594137
20.6955,-21.7610557338419,-699.329312386804
20.696,-22.6496629884979,-533.572439977242
20.6965,-11.6700297907406,-334.036636331192
20.697,8.13543122884311,-134.253015773829
20.6975,25.3707028150063,67.7064039354657
20.698,20.4706939464672,280.504292978066
20.6985,-15.0150611816557,471.757528086187
20.699,-60.4247099897462,603.948136513173
20.6995,-85.2814452461107,705.09469692938
20.7,-88.8928892131706,845.83855083497
20.7005,-100.96069259552,1039.15278996659
20.701,-135.75535329314,1211.38949440482
20.7015,-166.361640019816,1289.76815491072
20.702,-158.284347757093,1278.24969459747
20.7025,-111.337731963437,1224.36454609281
20.703,-50.9273185499607,1147.35203219256
20.7035,6.64294875154345,1032.58079825732
20.704,57.5416088174437,873.491066157101
20.7045,90.9452936668648,681.874025104041
20.705,95.5670749229469,465.964166919515
20.7055,85.051837166178,230.372499881017
20.706,89.7065926981726,-4.68204899292817
20.7065,115.843838326997,-211.279744921648
20.707,134.81300378403,-382.657029711757
20.7075,121.42114630154,-532.846255158329
20.708,84.4397900726364,-666.909270223212
20.7085,48.1704182031953,-771.987299786673
20.709,21.0553759259416,-838.102349041365
20.7095,-3.10160541445774,-865.468849511928
20.71,-26.2860450925475,-849.491387659279
20.7105,-45.2365998134302,-784.579465416627
20.711,-61.387178882278,-690.442347635378
20.7115,-77.2894907927686,-607.578941532683
20.712,-88.2329532143492,-550.974376162688
20.7125,-89.6029776783039,-490.522336328979
20.713,-87.6875136816334,-396.213769146514
20.7135,-91.2915600377576,-283.33468837464
20.714,-96.6562011677736,-191.190767991341
20.7145,-92.5418439144298,-135.198144876484
20.715,-77.7239635128927,-107.430033127697
20.7155,-62.461867087734,-109.574662913895
20.716,-54.1003408826169,-148.288327170767
20.7165,-50.6682701928249,-198.669929220704
20.717,-46.7385777326491,-207.768884641561
20.7175,-36.2295664812842,-146.55503651629
20.718,-11.430441411569,-36.5148762592519
20.7185,30.829730849574,82.4893398205256
20.719,82.6996365573052,187.679973762627
20.7195,133.352399244686,268.403981377199
20.72,181.962896496366,312.499655230606
20.7205,234.085080829981,317.599109121351
20.721,286.759494984983,301.929481820653
20.7215,326.174488141497,288.636729426435
20.722,339.299025562044,289.763209191824
20.7225,320.702911228501,312.697916446569
20.723,271.802799430661,361.486012933605
20.7235,203.764752151774,415.955850626691
20.724,138.298407940102,430.555843679796
20.7245,93.2462321338636,379.495604806205
20.725,66.8447791849578,292.442651533989
20.7255,45.1610802992939,222.639865681147
20.726,22.265366351509,188.214888272891
20.7265,1.70991366092319,167.159754439943
20.727,-18.1357254048965,140.343038810916
20.7275,-44.4766761315766,110.313364588656
20.728,-76.1492600304122,79.1543014218358
20.7285,-105.164338344212,35.827228393049
20.729,-133.139648061913,-30.0773835468275
20.7295,-169.111335966088,-124.470691198473
20.73,-208.261090711818,-259.499845503405
20.7305,-231.885779871513,-439.752977021949
20.731,-235.496971968765,-629.997942561332
20.7315,-238.93378592746,-765.68010439042
20.732,-258.854692684441,-812.391880071099
20.7325,-287.533707119101,-793.516907611965
20.733,-309.565397593178,-743.523213495668
20.7335,-322.822457651277,-658.933203830007
20.734,-329.475362316512,-521.081739843272
20.7345,-322.869742733629,-347.386430508622
20.735,-301.230399349404,-183.538003256112
20.7355,-281.2527642161,-47.8368148064801
20.736,-277.767560969815,83.8532328105857
20.7365,-278.467405849943,229.954916363896
20.737,-258.439121723767,366.019078815222
20.7375,-213.499408579559,451.129626032041
20.738,-160.202819626822,476.42306750145
20.7385,-108.463928639134,471.537556319098
20.739,-54.2357607129685,469.459870802644
20.7395,4.81056046649617,477.637643720671
20.74,67.8761132877958,481.82629087938
20.7405,143.288200955529,468.374643700718
20.741,238.660251721643,439.667158815291
20.7415,336.069778324599,410.438703925171
20.742,399.579935498733,389.6087664457
20.7425,414.211001849327,365.546053974859
20.743,398.5274376527,312.544543426332
20.7435,373.544042482126,216.558439435981
20.744,341.915201448642,96.2479105419989
20.7445,307.622553423082,-3.8154338993235
20.745,290.617148163042,-46.1141598729526
20.7455,300.326174526984,-30.8895710096692
20.746,311.271987387051,7.47438090287737
20.7465,290.377620153028,39.1732884314345
20.747,241.725750437563,69.9243109503094
20.7475,201.533324671022,120.765052666237
20.748,190.560654649164,176.830425254911
20.7485,192.300185686541,178.517683308073
20.749,180.7099517668,82.838752364047
20.7495,150.561388759133,-77.5742937620038
20.75,113.068999056062,-219.994046361291
20.7505,76.7296610992941,-292.923756557196
20.751,43.964754983548,-309.230758537819
20.7515,17.9969214379186,-301.672974340436
20.752,1.08612297418769,-281.494034332047
20.7525,-11.8802953071902,-256.909452786943
20.753,-30.3740742281953,-258.405004853501
20.7535,-59.8698186896969,-308.401849870893
20.754,-101.366227415488,-378.10282743172
20.7545,-155.874167495123,-411.003101091865
20.755,-220.858307510221,-390.551908571365
20.7555,-281.545522863356,-355.236067239638
20.756,-314.851721004317,-343.05233624499
20.7565,-308.959453796594,-351.6453288642
20.757,-276.466957742128,-364.216952706586
20.7575,-243.027008887097,-383.953595609854
20.758,-224.447091214681,-418.994959281911
20.7585,-219.295727138006,-452.783605594138
20.759,-220.691777324173,-456.002859382394
20.7595,-225.787597324036,-419.331898149679
20.76,-231.521229955097,-353.529921401604
20.7605,-230.456097409408,-265.887953624468
20.761,-217.990293139074,-159.523661104588
20.7615,-198.674807686801,-50.471278974987
20.762,-178.480325879118,39.985220101989
20.7625,-154.20196582633,112.354971471886
20.763,-117.196696981743,188.417872923747
20.7635,-65.1595935261717,281.314201847585
20.764,-4.16724595389626,384.410957307497
20.7645,58.0684996166138,490.902223611688
20.765,114.519329869013,602.097951384029
20.7655,157.893525517356,709.163520577876
20.766,185.381169000362,786.520333955404
20.7665,201.709070135273,813.669519250665
20.767,209.343617932366,789.203885288204
20.7675,199.853274601206,719.130196396787
20.768,167.244926448798,613.815104620274
20.7685,128.093165770535,506.75015173056
20.769,112.794047312745,449.971639176817
20.7695,132.032017304659,466.786499838211
20.77,164.104839461396,522.63481162615
20.7705,181.441188177465,563.235473218981
20.771,178.817775124398,569.840498464771
20.7715,168.519143097191,558.594829965205
20.772,158.872351201517,542.382219674181
20.7725,149.085409138465,520.965432796468
20.773,139.42367723088,496.125826890925
20.7735,134.794614521864,461.51289070453
20.774,137.61417251318,381.367474496929
20.7745,141.912601020127,218.858450059228
20.775,134.029340895256,-4.16179994355478
20.7755,99.3794213002753,-209.389034158775
20.776,35.4067937028667,-342.588788005557
20.7765,-39.3019613849598,-427.582364140036
20.777,-96.4964355636497,-522.222847786049
20.7775,-124.018453227006,-645.413879911281
20.778,-134.574872040493,-773.078580654003
20.7785,-146.370224342302,-885.969545263774
20.779,-164.114869954455,-985.29609468455
20.7795,-183.585077047936,-1064.86306862399
20.78,-203.347299127069,-1102.29145115954
20.7805,-222.529678091326,-1090.04455571326
20.781,-235.86788935909,-1054.81257538368
20.7815,-241.556422542734,-1031.40315491017
20.782,-247.119810218171,-1025.63565661931
20.7825,-257.091355584304,-1011.27470729635
20.783,-261.185882524496,-957.354119020034
20.7835,-245.560669180508,-853.168182345229
20.784,-210.649926866384,-712.844957258927
20.7845,-168.011298347811,-561.643139917081
20.785,-125.684018160302,-414.779847534095
20.7855,-86.5974876316512,-266.599605318127
20.786,-52.7297991555891,-103.650506738705
20.7865,-17.3996534609681,70.8828693867543
20.787,37.2470466919572,232.03907770007
20.7875,116.235602297491,355.894824219362
20.788,190.642276287426,443.066687401225
20.7885,221.494779388486,516.121701100577
20.789,203.987682239335,597.344557962938
20.7895,168.385490299522,691.155693389467
20.79,138.541118358114,782.094971640058
20.7905,113.898995616393,844.471901567373
20.791,95.3419285752779,859.410858812013
20.7915,98.9307736651909,831.7551220621
20.792,128.362130556984,789.748615608246
20.7925,157.497333352267,760.087817910276
20.793,162.624366709621,741.896836045024
20.7935,157.506042968338,712.158769350997
20.794,173.866000748999,657.874315438156
20.7945,215.56396846058,592.951811310228
20.795,253.151176327839,537.536890027199
20.7955,259.358608105583,490.374738125562
20.796,231.187136831353,432.964918893429
20.7965,180.3888904828,354.65317599188
20.797,122.192861122856,258.101809041996
20.7975,74.1873845970602,142.22233411941
20.798,47.0704893636627,1.16046388752736
20.7985,30.6487744305708,-150.535798064849
20.799,3.03487721587008,-270.96641106214
20.7995,-41.0515450486032,-329.321092275462
20.8,-83.7238931387163,-343.093613015736
20.8005,-110.563988440684,-355.925045552989
20.801,-130.312182422866,-380.094700374722
20.8015,-159.200769988384,-382.98581244847
20.802,-196.006860781433,-336.272710683347
20.8025,-223.512512064762,-257.341863964483
20.803,-229.471827292284,-186.593327308436
20.8035,-217.464266243901,-136.794471171603
20.804,-200.037638974288,-84.4839361432533
20.8045,-186.962655091316,-8.80552842198376
20.805,-176.904989847678,77.9934970659463
20.8055,-156.782896275097,143.210020401644
20.806,-115.129020162581,166.815342830575
20.8065,-61.0230047863112,156.497143481603
20.807,-22.2172070045073,134.909879626331
20.8075,-16.0108187904651,116.816265867651
20.808,-27.7828757035257,97.0149555013568
20.8085,-28.2474001320898,57.1030214934458
20.809,-7.33532010801689,-17.3966818248008
20.8095,20.4553706809107,-125.441228104898
20.81,40.4221252528114,-250.876541696679
20.8105,51.7130928109857,-368.703403412404
20.811,55.5887032652663,-453.779450321462
20.8115,46.3297655734837,-495.317298531335
20.812,23.0175669691298,-509.194506634439
20.8125,-0.878760446577068,-527.204098532349
20.813,-11.1793463941715,-563.004592662641
20.8135,-10.1215366651759,-591.186995132414
20.814,-9.49985131790666,-569.861204323018
20.8145,-11.2453831293663,-484.70670288496
20.815,-6.25311686693373,-364.174996730561
20.8155,8.26287879660046,-251.937948490344
20.816,20.6262739555852,-171.607520050728
20.8165,16.9075360421586,-117.198692273599
20.817,-4.04039486059951,-66.7990953910312
20.8175,-28.792979596496,-0.861999230467393
20.818,-38.8137392460959,83.3841569950812
20.8185,-23.4291875757182,165.86667285486
20.819,10.7676252138273,215.597992838266
20.8195,44.1482039164082,219.49148116631
20.82,62.7122667297091,202.712073167769
20.8205,70.7406320337248,213.169437919439
20.821,79.9980194987849,277.122061452563
20.8215,91.7230469929541,369.272912780153
20.822,99.306710244095,433.922534241802
20.8225,104.443337031275,441.267589159843
20.823,115.612137836578,417.96584860474
20.8235,129.815236966283,412.91787051805
20.824,131.717252821113,435.824327100455
20.8245,115.992970760816,445.351705231698
20.825,95.7361621424384,403.728481891734
20.8255,81.317164809861,325.923251281598
20.826,65.8690170932626,258.797398087278
20.8265,42.6218913806384,224.361533612348
20.827,22.2132317647209,208.697992586207
20.8275,17.1251396411441,203.248739766649
20.828,19.7314144923199,224.200261419897
20.8285,14.1430929429482,275.495177470922
20.829,3.31855009999817,317.533169260285
20.8295,4.95472793315892,301.100366610814
20.83,22.3516691865767,225.265912479503
20.8305,37.6273541894444,136.212657950006
20.831,35.1792497303685,66.9965322480658
20.8315,16.0246068526783,0.39343059660374
20.832,-12.8357799822838,-100.386180908785
20.8325,-47.2889022034273,-241.939954765971
20.833,-80.7226466149846,-395.450390165153
20.8335,-104.979302754805,-529.649384511531
20.834,-122.212637049651,-630.98180849398
20.8345,-142.630715196244,-692.729083580866
20.835,-165.178986651461,-701.57050307088
20.8355,-173.864559959938,-645.631954374908
20.836,-160.066230033554,-532.677915539259
20.8365,-136.443926113877,-394.734029375436
20.837,-121.919208457321,-273.713653251748
20.8375,-124.337623421228,-200.251122698256
20.838,-143.433661686303,-179.013400644055
20.8385,-175.852280840776,-188.09639384889
20.839,-207.461426169338,-193.910263867705
20.8395,-215.242012720842,-172.197324195016
20.84,-190.667977068386,-117.573886683107
20.8405,-150.782071532327,-34.7565825128469
20.841,-113.233267137943,72.0945142542446
20.8415,-71.3028746827333,193.178702087848
20.842,-9.04789023576358,300.472473406102
20.8425,68.277696351359,357.883668292843
20.843,136.739403591574,353.689499934206
20.8435,180.403703730332,313.777116816254
20.844,197.855487027385,270.78872183956
20.8445,187.839144496651,226.855370728383
20.845,150.167432888411,163.085865721607
20.8455,101.763110009381,83.3632346855964
20.846,71.3115291734383,25.9762178351816
20.8465,71.1028295670242,19.9507470909908
20.847,87.6918849117194,44.2414605285253
20.8475,104.593660655857,46.9101553748841
20.848,120.341001872645,0.384770744998247
20.8485,138.830959314777,-74.1814370286341
20.849,155.073918238082,-133.329498362898
20.8495,158.19614524434,-149.498594404123
20.85,140.175755309533,-125.136509055096
20.8505,98.6770410945014,-82.9905781458072
20.851,42.3495986480743,-47.0509077506787
20.8515,-4.50123003867411,-25.5589766401031
20.852,-18.3104189925331,-8.84302172562378
20.8525,-5.06018149983435,14.0355318531409
20.853,1.11932081529941,39.8027314092636
20.8535,-22.3405716244808,57.9716059144923
20.854,-60.7525464702287,67.8925020635095
20.8545,-86.0890121898695,76.9283758249835
20.855,-91.7460627160276,82.6318928657881
20.8555,-88.1180173629449,69.8393411904635
20.856,-77.157894597594,29.9305708387866
20.8565,-54.2232108704443,-24.8467476728888
20.857,-29.6398063374638,-68.4205438169364
20.8575,-23.0816537316622,-76.107977973926
20.858,-31.8950624768426,-36.1764366527939
20.8585,-25.67068275943,40.8379881615726
20.859,17.5200696643446,123.885953329404
20.8595,83.59938095162,185.228132402061
20.86,141.177474831132,222.560854144538
20.8605,175.337456228247,243.947043237434
20.861,189.979775416573,237.429711774263
20.8615,186.375529643757,185.853509018295
20.862,157.992122271374,117.493115520311
20.8625,107.250683891173,102.726744967924
20.863,52.0447822441493,171.093594258146
20.8635,8.22947942167976,258.371882546032
20.864,-25.5707006933747,274.978103860258
20.8645,-57.2894209476129,213.446527552355
20.865,-81.4060586290693,147.055219896671
20.8655,-81.6177117749754,126.986386631394
20.866,-55.2658165332852,127.025923628456
20.8665,-24.722856067466,100.076425276461
20.867,-16.2888861898359,45.7536987645274
20.8675,-32.2221832206747,-3.04772119293285
20.868,-52.4259493276062,-28.8115188649674
20.8685,-61.6269782639532,-34.0915372804294
20.869,-63.2548609654315,-19.3739735631076
20.8695,-63.2986894896021,10.1994962640625
20.87,-53.0259275303625,25.9309117979223
20.8705,-19.7230094759791,-5.53030724169998
20.871,29.9520018042499,-82.9781595719604
20.8715,69.987932027769,-168.839954300234
20.872,80.6873399017495,-224.530933867612
20.8725,66.5667854533453,-233.736344085005
20.873,45.9680722057109,-200.937051717921
20.8735,29.0309014209669,-151.150637776515
20.874,9.88752881796728,-129.057882677786
20.8745,-22.852702959847,-173.590931512006
20.875,-71.3756643282779,-284.724310094055
20.8755,-123.302856559264,-425.250636870814
20.876,-160.352716176594,-552.422517414786
20.8765,-174.072730985885,-634.58168962072
20.877,-172.283252455716,-646.96650114379
20.8775,-167.545873065187,-580.729059446389
20.878,-162.207609458676,-461.606747137494
20.8785,-151.019871537178,-335.628403841539
20.879,-136.545269164253,-226.137827969412
20.8795,-131.762366463629,-122.353943434082
20.88,-143.864222778298,-16.4295026624138
20.8805,-163.694793985407,70.5838131321247
20.881,-176.471243221398,112.441767638843
20.8815,-175.971100661236,108.484533131647
20.882,-162.414904456339,75.6145400807118
20.8825,-134.849651009703,25.4558757805382
20.883,-96.2991504193337,-33.1158680702083
20.8835,-61.2372558388925,-80.3587989655279
20.884,-44.2143190022855,-93.2180416726262
20.8845,-40.2189219064861,-63.2890672279597
20.885,-28.2430256267291,0.403539168266047
20.8855,1.65691161628194,75.8674488321623
20.886,34.8351753119241,128.168549008465
20.8865,51.7277785133696,125.501164153274
20.887,52.9022543719048,76.3875441018419
20.8875,55.5975569354348,38.1589487648678
20.888,69.6776290588614,63.9015880682238
20.8885,87.1538046357659,145.419430218327
20.889,96.4782919388434,228.445987329364
20.8895,99.3499360881486,277.512999166034
20.89,108.541915815897,301.254531692984
20.8905,131.880111441307,316.280341493044
20.891,163.107084584142,316.258749034435
20.8915,189.918282721551,289.406903892265
20.892,208.414907427814,248.188713554636
20.8925,225.518635121226,225.92540293125
20.893,246.286658688643,248.447683249221
20.8935,264.035420113973,314.237330046
20.894,268.066436925636,398.303304779654
20.8945,257.432037862471,475.052673109428
20.895,239.43251805093,539.835102539821
20.8955,217.44977094077,599.835276599931
20.896,192.375460674306,637.285278952646
20.8965,176.564638252365,600.550257687814
20.897,188.768398180361,457.097431916058
20.8975,224.183426146722,246.639597729113
20.898,244.085919740993,51.1394612219368
20.8985,214.50097635596,-87.6299272492173
20.899,149.221130068204,-189.808629444556
20.8995,94.5014476406478,-275.459452990388
20.9,72.7036593653407,-322.272245370772
20.9005,63.1709203200614,-305.95686763339
20.901,42.3662310920406,-249.573512679896
20.9015,16.8426891010759,-200.307664821654
20.902,0.793413447794537,-174.520401330147
20.9025,-17.3700119900002,-154.297960485501
20.903,-59.4179727582648,-125.454867186636
20.9035,-117.262330799084,-90.0655213366516
20.904,-156.489267581801,-49.1103578026772
20.9045,-162.636005011493,-1.70018781527062
20.905,-161.20796840212,38.8816783183519
20.9055,-182.911008494994,51.9517078422918
20.906,-226.078453981636,33.9594961178725
20.9065,-264.686870727691,-1.96065710459939
20.907,-280.333656169666,-49.7175684416582
20.9075,-273.052319991908,-114.484267632129
20.908,-250.186721875581,-194.402383591459
20.9085,-220.851808821431,-278.835323861037
20.909,-199.074179812828,-366.071231497553
20.9095,-198.317056825497,-461.144249457675
20.91,-219.439059302693,-550.811209353887
20.9105,-250.980693618069,-600.954771773384
20.911,-281.824689242941,-588.676762661352
20.9115,-306.767934124437,-523.645658957194
20.912,-320.139926952712,-432.994731346552
20.9125,-313.904157524886,-342.232548755427
20.913,-287.315109228342,-277.479210107961
20.9135,-252.68032866891,-263.489422312117
20.914,-224.609402613586,-297.425172618922
20.9145,-203.516355156032,-331.998245941566
20.915,-172.92396142972,-304.468696272534
20.9155,-114.384555367046,-188.370380096891
20.916,-25.5477329475747,-13.965506931492
20.9165,75.4029660089617,159.573058343327
20.917,162.738497494786,290.89832372424
20.9175,220.883171592189,383.888487130191
20.918,249.995591339877,473.648214709615
20.9185,257.88522318705,578.112988124656
20.919,253.266382630317,660.128357922574
20.9195,248.262702172626,650.234327498276
20.92,257.558178465509,519.154478399432
20.9205,284.303422067952,321.144930846755
20.921,309.672591350249,152.296023441136
20.9215,307.838872367058,66.6111972728025
20.922,273.718432369791,42.1647849356115
20.9225,227.725103266661,26.5642869239712
20.923,191.27243566446,-0.921006388739515
20.9235,167.352156699863,-21.760363916146
20.924,149.352315469008,-21.8815290116281
20.9245,137.104113662071,-22.913247912201
20.925,133.078399029745,-60.5133095619252
20.9255,130.089508150983,-142.176345163989
20.926,117.468472150163,-243.035737324022
20.9265,98.85121123445,-340.524734744185
20.927,90.1247623835766,-429.366600579939
20.9275,94.9049422761819,-491.79353046733
20.928,92.213981172876,-479.21942669987
20.9285,56.5227911322605,-355.613075636997
20.929,-14.4586215814165,-152.199286600033
20.9295,-97.5631611478299,53.3969042409765
20.93,-165.518941845609,216.825611534652
20.9305,-204.831911344673,357.151167578917
20.931,-217.099046873723,499.250882711292
20.9315,-213.006062010667,619.008091734746
20.932,-207.859789914472,670.393988493638
20.9325,-215.903798472818,646.92351431229
20.933,-241.046945859604,588.234934571183
20.9335,-270.620553184823,533.660086358317
20.934,-279.886811339751,490.379272739718
20.9345,-246.715093689442,439.622730568309
20.935,-167.786539928178,353.329508226007
20.9355,-64.7847070184958,211.876100609705
20.936,26.9627576554318,29.3144626585717
20.9365,81.943256055862,-140.967609879571
20.937,100.714422194212,-248.521034934653
20.9375,103.011968674776,-295.748340253207
20.938,105.133209557963,-327.674107321446
20.9385,106.696811549509,-374.587102916517
20.939,99.7727445309148,-428.911291527345
20.9395,85.1446586342028,-479.05642936866
20.94,73.0783337067754,-532.956371005624
20.9405,69.0835515725941,-591.046961728534
20.941,66.2652522960256,-621.376011941893
20.9415,55.5767017717278,-588.669804520854
20.942,39.3057275370234,-498.879064682822
20.9425,29.1701404238019,-393.505896020416
20.943,32.8387012339436,-303.645094841224
20.9435,47.270837864605,-225.902701228654
20.944,64.1897363694231,-139.379559178448
20.9445,75.9916057914547,-28.8233904642204
20.945,75.9095546165728,108.483088215754
20.9455,60.1488799590411,261.319807184427
20.946,34.3606918025116,404.441022201874
20.9465,12.3120748827287,511.523931366893
20.947,2.16700070997894,574.593864636226
20.9475,-1.82841801635306,604.799291098499
20.948,-7.50630603662392,613.4405963581
20.9485,-8.88502312915513,602.362642936324
20.949,7.83984935827821,575.246949304833
20.9495,42.7131301950725,544.042926477552
20.95,77.0702317650027,512.994242012786
20.9505,94.1182679043007,465.131624629164
20.951,96.170126763041,379.678853197219
20.9515,96.0191915733716,261.009062995024
20.952,98.5751608720583,135.723098549425
20.9525,98.8659561889939,19.1474234591221
20.953,93.0715335145864,-97.6525977677181
20.9535,81.4779083765399,-215.943973075713
20.954,61.1529549108607,-299.930078594094
20.9545,24.9246098587383,-304.198315580371
20.955,-28.7841792565403,-231.33145634637
20.9555,-89.8456821640072,-139.238080749572
20.956,-143.305696056824,-80.5702194428742
20.9565,-180.29384478226,-53.4170071881329
20.957,-201.028902645616,-28.7199464744953
20.9575,-209.530599538821,-10.2397817430902
20.958,-207.024871849399,-39.266045587777
20.9585,-190.013632070506,-141.773354769662
20.959,-155.701668749096,-296.413531937437
20.9595,-111.289040210864,-458.868055398245
20.96,-76.1211425615627,-592.771388411248
20.9605,-69.0610890235688,-667.894373814734
20.961,-90.2995474003798,-658.896804036539
20.9615,-117.392126077812,-575.613185371699
20.962,-123.131439695509,-481.375791368358
20.9625,-99.8915702485868,-448.870454315091
20.963,-66.7649651215448,-493.266242059845
20.9635,-51.2964085940587,-566.685089434759
20.964,-62.9573078365531,-616.705277686808
20.9645,-86.0731276959216,-626.300354264191
20.965,-100.323671414338,-591.981831627758
20.9655,-103.759366135973,-492.598276457171
20.966,-108.642841730911,-305.6655188032
20.9665,-117.35645244776,-46.8948140089251
20.967,-115.211294100662,226.70525274854
20.9675,-91.7487279093513,455.978147709883
20.968,-56.7143880620473,615.379895953796
20.9685,-24.2348186945557,715.351437194552
20.969,9.27186192475069,780.613155214188
20.9695,56.027948230943,824.490762452353
20.97,110.310542266897,834.938341560614
20.9705,148.996131580575,786.573909606469
20.971,161.856259972961,674.502698985495
20.9715,166.833421697379,533.093249189781
20.972,188.805107367086,409.250048478854
20.9725,233.535046831287,317.068999988401
20.973,287.841632386731,231.77469981229
20.9735,334.283087325086,130.211673892768
20.974,357.693955460038,21.0133924599257
20.9745,347.091487976434,-73.0504523772292
20.975,302.99389721451,-144.703310075343
20.9755,240.351773957009,-195.841773998375
20.976,177.839439120599,-213.362849189208
20.9765,127.04263949356,-178.377498979642
20.977,94.3140669521458,-102.444021109242
20.9775,84.0511308345521,-30.2445241369676
20.978,92.4108192322919,7.76885043125574
20.9785,104.430085442665,30.5871718545955
20.979,105.276305956471,79.5630788882661
20.9795,89.1265733817747,166.230717148487
20.98,51.9793538338898,261.866172578588
20.9805,-13.113982947346,329.166383571543
20.981,-101.887974624837,344.848850400653
20.9815,-188.931395248642,297.846707954255
20.982,-247.591386242668,193.124056439551
20.9825,-275.803350105741,64.4507171232839
20.983,-288.056919350696,-40.2780660773917
20.9835,-286.793622697311,-102.942646369148
20.984,-260.616135117101,-152.708378528887
20.9845,-211.060901042382,-228.979502111776
20.985,-161.657538929311,-340.186092277746
20.9855,-134.151921638234,-468.606230142668
20.986,-130.306533510804,-592.740319728295
20.9865,-142.326342182499,-680.140266242281
20.987,-165.407439591877,-678.360375412462
20.9875,-191.790426191045,-557.432490069059
20.988,-207.316220054225,-366.039367056464
20.9885,-205.098328048858,-205.71941098638
20.989,-190.911912863513,-128.609242287617
20.9895,-164.72390840136,-87.2648649639941
20.99,-110.531490490907,-7.04365318596003
20.9905,-19.9989034606452,117.975967744043
20.991,83.7740406115525,231.91574886946
20.9915,163.771578813841,298.909409429582
20.992,205.344744249911,334.492351122781
20.9925,219.718541767501,358.54348083868
20.993,217.78212976044,362.830466817644
20.9935,200.893989781084,342.247479260606
20.994,177.041094092173,321.958530839621
20.9945,163.83507394137,323.036582515784
20.995,167.282065672,321.061122436653
20.9955,173.592702540627,271.749420791534
20.996,171.318801317367,172.090655970579
20.9965,167.730415924977,68.191125288553
20.997,171.52868821627,0.662280258117639
20.9975,170.799681105454,-34.980391739153
20.998,143.798562039815,-67.8905629976416
20.9985,86.9745160817941,-111.310277340691
20.999,18.3140905749493,-152.2855911461
20.9995,-45.5447398355683,-168.507253587094
21,-101.911509940752,-145.320218078927
21.0005,-150.03334042552,-85.3533316784576
21.001,-180.407364898359,-9.63024170346436
21.0015,-185.268742250864,59.6120121300981
21.002,-172.702183139342,124.707710029308
21.0025,-159.421726432791,209.371707440697
21.003,-149.842134506522,316.143135270639
21.0035,-131.065636655942,396.482037296484
21.004,-92.2755589650541,384.868967228687
21.0045,-42.7331860051818,266.194515383506
21.005,-3.15829729929362,94.0307584713125
21.0055,18.9429808048955,-63.7362160519104
21.006,36.7443655744644,-184.160446981695
21.0065,63.8354419479011,-286.936104109946
21.007,94.0525692705133,-388.567742893321
21.0075,109.440709098164,-477.547863699535
21.008,104.8992957507,-531.343648571086
21.0085,94.6107436623321,-539.93644647919
21.009,91.4164629430326,-508.383096915715
21.0095,88.1666420096162,-450.299085093749
21.01,66.5060562780974,-386.92340577916
21.0105,21.0699160039841,-341.072959530016
21.011,-31.7415303241387,-318.548490730523
21.0115,-69.8483412796527,-299.158875305941
21.012,-86.4000445795356,-257.238882551331
21.0125,-93.0434918709125,-189.84535253092
21.013,-104.734694797083,-115.551923422462
21.0135,-123.989018246601,-48.3068900239872
21.014,-140.350738627632,13.5786731805192
21.0145,-143.002554696954,70.2856368967794
21.015,-131.275233318695,107.383978013524
21.0155,-113.696628209002,109.181398106274
21.016,-100.926499925944,75.991117872114
21.0165,-100.015031302294,19.8028529417974
21.017,-108.479330003155,-46.7225890803042
21.0175,-108.97479724608,-103.644598733697
21.018,-77.5377732842093,-114.574239027747
21.0185,-9.53556989321284,-46.134487113962
21.019,63.8380618629721,95.1029815365452
21.0195,99.2118090320988,254.290896193807
21.02,87.2150994950048,364.770578645513
21.0205,64.6100312846293,394.438326944682
21.021,72.2211324598922,362.524673826451
21.0215,109.564186006774,319.633630669351
21.022,141.910000849015,307.23393491178
21.0225,144.833627667161,323.671989302171
21.023,126.262970551445,329.662107298942
21.0235,106.407722018849,298.746673315377
21.024,93.8568042590418,259.42894832922
21.0245,87.9106162997373,267.414437040115
21.025,89.4089923013222,332.163750024154
21.0255,95.8967958130953,395.716651536126
21.026,93.8639534395146,401.124654752647
21.0265,70.9726418194333,361.662661805086
21.027,35.6893499283559,334.85574052758
21.0275,12.5461990720021,337.031446967916
21.028,14.7218314049167,316.270517799727
21.0285,30.7129440219237,217.9796854473
21.029,42.6142059078989,53.6642173226583
21.0295,48.6428472812974,-109.592090817949
21.03,59.3850246502486,-212.869016027483
21.0305,77.5522586937166,-243.607802763756
21.031,92.3872655921396,-222.487324694671
21.0315,93.9208832011942,-175.6837819512
21.032,83.4346902392723,-124.654448231331
21.0325,67.2449862589636,-87.4201859721486
21.033,48.2283885095731,-75.574083202445
21.0335,28.5682095236926,-90.8572536811268
21.034,14.2797694395977,-132.825705281112
21.0345,8.71674642730192,-209.028328671365
21.035,3.72409977693407,-323.700027084999
21.0355,-14.6382711178751,-446.783255627723
21.036,-49.8594198210397,-508.830319803964
21.0365,-89.8804622778349,-455.413660517071
21.037,-121.076362576635,-313.427527598181
21.0375,-144.092116706267,-178.264353466371
21.038,-172.283216427956,-117.127843344655
21.0385,-214.565107330003,-104.288549463921
21.039,-261.434709565606,-75.3240451332854
21.0395,-289.642974724065,-24.4416559548796
21.04,-282.826754795698,-5.33216201635587
21.0405,-247.599633147715,-38.7141463711041
21.041,-205.425320512712,-70.7368089762784
21.0415,-166.702547519687,-48.2226062050056
21.042,-118.902191822183,2.80662221701981
21.0425,-47.179829502882,13.4417672531081
21.043,37.7429746262114,-32.192617502107
21.0435,103.942209046738,-79.2261695398675
21.044,132.331708196879,-76.8410032897398
21.0445,135.541946160516,-31.7626963103258
21.045,137.042974252109,21.7235150352351
21.0455,140.933757068323,70.225924741553
21.046,132.915616719229,115.968254622333
21.0465,106.226597116734,143.188580171668
21.047,73.421552951225,120.797647855729
21.0475,49.9159009056215,41.5749081905558
21.048,35.4532788548266,-58.4862700185353
21.0485,17.9917341076116,-129.482636891313
21.049,-9.15386253857598,-152.817526581414
21.0495,-41.1375133673474,-152.997158891058
21.05,-71.343681750729,-165.318685889683
21.0505,-99.9977308189012,-196.093564672475
21.051,-128.660709006875,-218.939533347927
21.0515,-149.728831442938,-208.048656325397
21.052,-149.430917856704,-165.174174381673
21.0525,-124.735561327786,-109.00530719995
21.053,-91.412310749481,-48.4456623559482
21.0535,-67.4248159938614,21.555841908011
21.054,-49.9165768263905,103.758959372432
21.0545,-17.8970058225749,193.362964600875
21.055,39.6488568765764,288.012664404519
21.0555,106.452152384764,388.086235473432
21.056,154.486339677132,483.404638402653
21.0565,169.909595480563,550.991039977072
21.057,158.101601729959,569.972576395819
21.0575,131.459304624057,531.465768703952
21.058,103.267616653343,437.553140725555
21.0585,88.8563607791859,307.113800486371
21.059,97.7477825411277,182.890439106838
21.0595,120.617996848724,110.037256914593
21.06,133.951840972994,96.7024382077224
21.0605,123.823469385807,112.567524348136
21.061,100.258662313959,135.249656176875
21.0615,84.5376144607012,175.072290148372
21.062,87.0661859665305,236.907053200799
21.0625,100.910457462619,284.762849513831
21.063,112.035491574188,279.891181814511
21.0635,111.397509919018,239.498433915298
21.064,100.033765570163,212.358374088885
21.0645,85.8310360091374,193.373448500073
21.065,73.2674345787911,110.30219744549
21.0655,55.200406394062,-79.7027395173293
21.066,19.3142430430009,-315.994712930484
21.0665,-34.9368551418525,-493.840692907617
21.067,-90.9233130699188,-578.778321031175
21.0675,-129.965582229557,-622.52854694189
21.068,-147.119998512682,-673.182179238898
21.0685,-148.299400409482,-713.935578679996
21.069,-138.527557495762,-702.321092730088
21.0695,-120.849761071747,-633.511722510825
21.07,-102.451218227438,-539.700963153873
21.0705,-91.8258050130148,-448.874073245192
21.071,-89.9085792196133,-371.67405400546
21.0715,-91.4718833089881,-316.385197040825
21.072,-94.5368244459997,-287.520505951088
21.0725,-99.692849574854,-271.450316723167
21.073,-100.118736164169,-248.473246680901
21.0735,-83.9423803311006,-221.24658325104
21.074,-51.7540080396946,-207.387795396532
21.0745,-21.8546725172106,-198.863785825461
21.075,-9.14951416695664,-157.18751965076
21.0755,-4.93615758524831,-67.6966833538107
21.076,12.6989459740332,23.3055218005654
21.0765,52.070595408871,55.7616337920271
21.077,101.200171919922,35.1663884863082
21.0775,144.920691637524,36.8721163444338
21.078,176.109826199453,123.505178983461
21.0785,188.950309737699,275.639743676651
21.079,175.590215259002,414.716772548102
21.0795,138.441599922832,483.904873969295
21.08,96.678746569506,495.75304821559
21.0805,69.2198027773596,505.157133262215
21.081,55.0115455224134,545.459621859945
21.0815,39.6409871491669,594.271703302505
21.082,18.0673672307213,600.409063326421
21.0825,-0.992613621341319,540.05307168177
21.083,-13.6003903832729,439.180085709151
21.0835,-31.2877169416169,340.69860686058
21.084,-67.6621573014931,263.98580491096
21.0845,-121.868924241987,206.564365595967
21.085,-180.283120071625,168.190761026637
21.0855,-227.887479002345,147.802144274168
21.086,-252.894590247815,123.830686370001
21.0865,-247.715741723876,71.0864576218811
21.087,-214.321968794491,5.67284475087627
21.0875,-165.750205260771,-17.6995601100072
21.088,-115.844776545355,25.6178319556751
21.0885,-70.6171593355187,84.8264946263778
21.089,-34.7538798005842,83.4592796438403
21.0895,-19.2779985216002,6.55557377525236
21.09,-31.163093372179,-83.7629423437433
21.0905,-58.6141988151825,-116.355752869655
21.091,-80.1357872507442,-76.5656003658289
21.0915,-89.4134944197528,-6.98471354949014
21.092,-98.9933899303501,35.7738602106458
21.0925,-116.733330238251,18.3347961855345
21.093,-131.969028727297,-59.720909060447
21.0935,-131.222166158736,-175.300259002102
21.094,-114.749855217712,-292.808056479211
21.0945,-87.6721743311195,-369.91231058136
21.095,-46.533640599303,-372.321447175706
21.0955,10.4020632080486,-304.60296423385
21.096,67.2349242490283,-219.439605699583
21.0965,103.998644040441,-166.358726127785
21.097,126.572608837714,-129.065006488531
21.0975,165.030606544747,-51.0816114512634
21.098,234.552820177501,63.9572234849504
21.0985,310.642997064382,126.332996437788
21.099,353.699040326496,72.5482840481609
21.0995,350.880433331985,-37.8119472356379
21.1,323.417685054566,-96.0759183726845
21.1005,297.216545193732,-90.1402723694763
21.101,277.807279850077,-103.882250687519
21.1015,254.129667720871,-174.350934890495
21.102,215.803816441085,-228.545412951481
21.1025,161.150521892975,-189.202506569769
21.103,95.0727224282701,-77.8996137803423
21.1035,27.6475897056393,30.4162870766446
21.104,-25.5882254067747,106.449160819308
21.1045,-49.1960727545642,169.890973984645
21.105,-38.8276983249829,228.476960562126
21.1055,-6.06829809059761,266.195353509269
21.106,30.3340359046367,271.027907633111
21.1065,58.5170989563494,226.327249516046
21.107,77.9234506989766,93.4851063685367
21.1075,91.139336102554,-140.892468326616
21.108,95.0229842985599,-404.352076392844
21.1085,81.7755759179653,-579.101331294921
21.109,47.2703358603484,-615.525157651104
21.1095,-3.10294034605126,-567.913887581476
21.11,-56.1281711668843,-510.58951883052
21.1105,-98.3635458947057,-460.299073906727
21.111,-124.598972341703,-396.011230663531
21.1115,-140.213483305299,-310.171721260702
21.112,-153.90954818748,-203.104522898022
21.1125,-168.040375848021,-50.7119679045888
21.113,-178.037058606726,177.256972997527
21.1135,-180.04941791578,458.276773495467
21.114,-174.638137726224,697.116173869561
21.1145,-163.757771435662,780.425685083714
21.115,-150.911708150305,659.08854582059
21.1155,-144.571793756576,386.682883820786
21.116,-151.929791502531,81.2550363773855
21.1165,-166.469947518485,-158.176847657502
21.117,-173.562645185153,-306.199338663782
21.1175,-174.705358309317,-389.178033595863
21.118,-191.725415979249,-422.468060336831
21.1185,-233.493568697435,-385.333908353244
21.119,-271.769182011649,-258.212954228246
21.1195,-271.136190780679,-68.6007255223433
21.12,-235.42559622847,112.218547446418
21.1205,-199.51826538966,220.477362572075
21.121,-177.066800236371,252.653034699487
21.1215,-145.151905035816,270.834068161978
21.122,-87.1478724042093,344.408175290258
21.1225,-21.0417525474603,472.014091688852
21.123,30.8902989601558,568.839950911483
21.1235,74.3039889497965,550.16204892163
21.124,121.112054619459,423.389324398511
21.1245,157.115484035526,274.995026443025
21.125,163.360614762875,167.315531538359
21.1255,158.900372559739,78.4478581262202
21.126,186.265933593486,-42.2838485404748
21.1265,250.65957984951,-186.103324601606
21.127,303.476508902215,-281.254562452162
21.1275,299.146620897618,-272.500198556724
21.128,249.547027846679,-181.769584750953
21.1285,209.155697996937,-84.1436677126052
21.129,217.739224822173,-35.3859284149685
21.1295,266.842203524288,-31.0944955877964
21.13,312.876696214851,-32.6952050928321
21.1305,313.918421584054,-21.3218641739074
21.131,259.723513498407,-13.9021392371717
21.1315,174.440876244066,-26.0907487226738
21.132,92.6615857968809,-37.0999790270781
21.1325,36.4842975496791,-9.07565520734844
21.133,15.5664356820045,63.2130121806545
21.1335,31.9942854062761,140.162981551879
21.134,67.1307704235961,178.981589186881
21.1345,76.8564364629532,177.410761315337
21.135,29.9880224790374,174.187418355561
21.1355,-49.3243945781188,213.479141925949
21.136,-107.784644472682,305.299202263855
21.1365,-135.543151461001,409.345034147799
21.137,-177.632401624048,461.490186151953
21.1375,-258.959113895535,431.506749047295
21.138,-335.568072187761,354.225610432437
21.1385,-351.104166615633,290.294510207626
21.139,-313.464785023477,259.687334092447
21.1395,-275.142458562986,229.993191811881
21.14,-253.347356719088,161.782976669426
21.1405,-214.485233665655,36.6263520124913
21.141,-136.190232038076,-157.380964490366
21.1415,-41.3958647923819,-424.8951991954
21.142,40.6249470638919,-724.954580947944
21.1425,111.288049472324,-963.864373800489
21.143,181.699303067023,-1062.53433885536
21.1435,241.649419449084,-1024.51374982674
21.144,272.900282065931,-915.480142876425
21.1445,276.448345321509,-784.208899651048
21.145,264.63588354953,-627.119683083817
21.1455,237.394869880862,-425.940511046151
21.146,187.256021559217,-195.406107020767
21.1465,121.678168665372,12.4694976560914
21.147,60.8776923612476,140.372369911454
21.1475,14.4672773841248,165.535712929578
21.148,-24.6357991131564,123.718189431849
21.1485,-63.0209911077911,90.3514475641481
21.149,-97.141449097664,116.263798764682
21.1495,-123.098517281031,176.432958853214
21.15,-144.300109496285,199.903326556103
21.1505,-163.957303730923,157.699972184728
21.151,-177.300282279833,101.574348371325
21.1515,-177.281951196668,99.5186743082299
21.152,-165.038505095235,149.505466234165
21.1525,-150.336643438038,186.407459345846
21.153,-142.067475122261,173.365580131401
21.1535,-140.61669340275,152.944597422408
21.154,-140.274240313031,187.968510666474
21.1545,-137.341072460929,273.747793257174
21.155,-131.770675646001,338.56845433209
21.1555,-118.62531847594,321.777248728062
21.156,-83.645659719201,221.307184341268
21.1565,-17.2778141740554,71.5813278968677
21.157,65.3052749691655,-82.9897439344655
21.1575,127.636514101019,-186.908606793799
21.158,142.879082283523,-198.35164426714
21.1585,118.773902748241,-145.998299046529
21.159,87.9322196969048,-119.678096491587
21.1595,76.2254858806664,-162.313537493628
21.16,83.2534216022316,-204.687553796581
21.1605,88.4433904283269,-157.638223408214
21.161,70.1128871814655,-38.2600539630889
21.1615,21.3498079258964,62.5685088362148
21.162,-45.3372654146977,120.462944316733
21.1625,-106.472425756034,201.559817186033
21.163,-142.854302294403,335.024320204955
21.1635,-148.815849155766,442.417014527408
21.164,-130.166500836668,432.554410761373
21.1645,-97.9568440143813,307.923547133936
21.165,-63.2583667208926,136.50804742834
21.1655,-30.0391389513266,-30.5998074440134
21.166,10.1641371233424,-168.869171155291
21.1665,69.5128358676189,-255.602430355866
21.167,144.694817425847,-292.082786330696
21.1675,212.377348184015,-320.735672678525
21.168,249.626275597617,-368.909154579918
21.1685,253.496790326013,-397.834714859999
21.169,234.669942245604,-353.067500993304
21.1695,199.714647902106,-243.938287737667
21.17,150.852463668983,-128.707104785716
21.1705,98.3278478150295,-42.7063466758946
21.171,58.1304172916638,14.8438578921659
21.1715,35.2310186708335,48.1449221671145
21.172,20.0147736877785,69.5781481323999
21.1725,4.07231356462665,112.713857345374
21.173,-10.73648997076,183.243444774939
21.1735,-22.1563437651746,218.026563997711
21.174,-34.3549360948456,158.460576931193
21.1745,-46.931174519588,51.1114284773915
21.175,-47.1342220919308,4.23954846078692
21.1755,-25.1995400832098,49.0934856001388
21.176,7.15410390979794,119.528197105638
21.1765,25.8363523326239,171.120662427372
21.177,21.7360096249717,232.69041076037
21.1775,8.81757656216562,314.430659112706
21.178,3.95852070230788,352.970773049253
21.1785,9.23405931942972,304.263785109737
21.179,18.4257580699982,229.149744858574
21.1795,31.1426236408468,220.466948682007
21.18,50.8925592161875,279.392378590151
21.1805,72.8187249213996,321.766702226146
21.181,82.5748722224857,287.321023491055
21.1815,69.2056162520164,194.729120222158
21.182,35.7607687115033,99.8128796003333
21.1825,-2.41005182445531,38.2081124562856
21.183,-27.7579941972231,6.16513773383778
21.1835,-32.7317480759714,-25.3067012783179
21.184,-27.3576096534164,-73.9984999979367
21.1845,-31.5378901058514,-120.218294276912
21.185,-52.4925105538595,-136.357081952334
21.1855,-72.6163557866678,-137.029189150469
21.186,-70.4073115567042,-153.141768820389
21.1865,-53.3235482534063,-150.77093337449
21.187,-55.9367098573118,-45.4762703942375
21.1875,-99.487875910053,165.184844174363
21.188,-165.926560780261,348.254116428805
21.1885,-221.620986890548,372.880703696598
21.189,-254.242153237736,250.934701121094
21.1895,-270.612710565967,79.4846917428286
21.19,-268.088729154713,-98.7698009372861
21.1905,-232.615651469946,-287.756410775277
21.191,-168.454759887504,-436.71015620743
21.1915,-109.192431716165,-470.746013900028
21.192,-87.781229215495,-424.111188232322
21.1925,-105.804254092406,-423.283369154475
21.193,-138.297649468511,-503.262317880343
21.1935,-156.405920150258,-548.042023534376
21.194,-138.639802870437,-471.125310006939
21.1945,-77.1095397408493,-357.263513488019
21.195,10.3367860961873,-335.434959126072
21.1955,84.2546934901473,-381.538916023249
21.196,119.392495189715,-360.928645963745
21.1965,133.404223815229,-240.341687151007
21.197,163.098625495049,-142.554219685626
21.1975,214.06963696422,-173.148754497999
21.198,253.011518758834,-285.86194385664
21.1985,252.912167598885,-362.048493111933
21.199,226.177970974761,-354.360230074211
21.1995,203.404749194563,-292.775826364737
21.2,196.027101650401,-193.758355742915
21.2005,194.926310963811,-40.6524789657397
21.201,193.918120057777,145.728201795448
21.2015,194.314868865444,279.649266624036
21.202,189.004655660408,286.984610690779
21.2025,162.079669395126,185.892763508259
21.203,111.072200755584,65.1675356881501
21.2035,56.6695250534237,-5.82632601920761
21.204,21.1137050002619,-21.0819542365812
21.2045,4.27026359217959,0.0576895892277794
21.205,-10.6194542159549,56.4892934253676
21.2055,-33.7317252654442,149.666416683721
21.206,-62.0291956790564,248.125704186067
21.2065,-92.5840086109485,304.866367945494
21.207,-128.15221803686,312.572679361212
21.2075,-164.288129120891,314.207926593496
21.208,-182.524825681563,349.652542058026
21.2085,-168.510432913337,413.1794885338
21.209,-133.282151310261,472.231213980881
21.2095,-104.369981267301,502.710472364187
21.21,-94.2240950469514,490.123832736636
21.2105,-87.8388536001346,424.607993810139
21.211,-65.532045008088,325.667116360086
21.2115,-27.020721131844,252.212479620164
21.212,15.9926379095117,248.079236082857
21.2125,61.8394946018026,282.390521782574
21.213,117.947407642088,281.18132677995
21.2135,179.129500650302,218.939837512993
21.214,222.70741736381,141.390863577417
21.2145,231.973278093055,93.9471173552598
21.215,214.126933916111,73.3967735620708
21.2155,186.902021720679,67.7982132526481
21.216,155.548651448495,94.4821771665759
21.2165,113.176446548422,157.955545184822
21.217,58.630832773316,206.602522578845
21.2175,2.01927737257594,186.446567708443
21.218,-47.2599022677781,122.158452256522
21.2185,-88.3073723434259,87.0896704774464
21.219,-123.298861726285,91.807754952897
21.2195,-152.259342213727,60.1040182159515
21.22,-174.666759799865,-62.7362993165687
21.2205,-189.116227777441,-224.639144316715
21.221,-191.305295346062,-325.311945260139
21.2215,-182.129957680292,-330.960601782503
21.222,-179.256224857377,-291.396795160657
21.2225,-207.15441213087,-258.066341506112
21.223,-267.229189855768,-228.377763461214
21.2235,-327.942590933858,-178.846170516559
21.224,-355.15782646481,-121.143184563686
21.2245,-344.501355981149,-99.2329828147095
21.225,-312.377725578746,-134.709485226884
21.2255,-263.87486889321,-193.810820772724
21.226,-187.970607572429,-221.458897945457
21.2265,-83.1636828783292,-203.500525823647
21.227,30.6076827781794,-178.253077842172
21.2275,130.601124132199,-183.374217531144
21.228,208.353167828788,-217.547833302513
21.2285,264.397758196445,-274.105361408488
21.229,301.365040240227,-380.600646082708
21.2295,329.938794143183,-554.160627387544
21.23,366.388416211307,-725.579183627341
21.2305,410.564086561601,-770.173218771011
21.231,435.71357698598,-638.934657184053
21.2315,414.376022985018,-416.8014836165
21.232,350.290097015062,-225.020587230851
21.2325,274.265115531455,-104.96793610907
21.233,213.115149047335,-27.332073873314
21.2335,172.36406185825,28.9440902543133
21.234,143.296244978763,57.7939759881955
21.2345,113.149199497241,61.4787822637936
21.235,69.3590722557196,56.3568279547
21.2355,6.06864310431088,55.1747059220415
21.236,-69.6610802751829,78.8643954825087
21.2365,-142.18124541418,164.447249699562
21.237,-197.2135603298,318.636305372244
21.2375,-227.096191795776,483.480227875631
21.238,-234.609101767576,594.309040415617
21.2385,-235.323563590727,651.194627698163
21.239,-243.392160906394,680.277461644438
21.2395,-247.394454254702,649.093591110681
21.24,-217.671345248519,497.12082011346
21.2405,-152.701534016043,249.402515316708
21.241,-98.0682934370908,21.3563530268912
21.2415,-91.7781596241262,-108.968149595315
21.242,-104.862711404094,-167.046052870859
21.2425,-72.9310739623926,-199.150150642548
21.243,16.5340098136065,-194.597724286546
21.2435,107.057632077715,-131.458344115009
21.244,147.906803623822,-41.5819538399368
21.2445,145.213191222497,23.2868867515866
21.245,124.595259025842,56.6018286502014
21.2455,85.9052037748992,86.7166119724624
21.246,26.0882810387681,128.706212976552
21.2465,-25.3825925942679,176.284933233065
21.247,-34.3488205811845,209.137584097513
21.2475,-9.38820660115864,182.110188237336
21.248,13.7178472499476,52.0826780474031
21.2485,23.227487114102,-143.065884387237
21.249,32.5201374425586,-271.710436885111
21.2495,38.8715989167252,-226.626647474237
21.25,20.5388668485982,-36.5625750087971
21.2505,-22.4605348102703,174.13579910426
21.251,-59.313134902039,306.446822183262
21.2515,-69.0361357181275,330.782956612835
21.252,-62.6212086436013,254.128917530498
21.2525,-56.2042680842515,108.06859536048
21.253,-49.062453165225,-45.7398129658415
21.2535,-40.1844952468452,-153.419796602505
21.254,-41.3512928624263,-209.394397970326
21.2545,-55.8334950305392,-228.048428926402
21.255,-62.4338217161694,-202.050542079616
21.2555,-40.3513204337498,-134.631092321893
21.256,0.141125747671085,-82.1697316785797
21.2565,27.4500426477875,-97.4687403056965
21.257,23.1922248584971,-141.481516146643
21.2575,-3.21156760780584,-117.060755132848
21.258,-28.4618731585374,7.48610944623603
21.2585,-36.3039655233147,164.147137199883
21.259,-29.7453446224812,274.029868579581
21.2595,-25.687010209539,312.445382156866
21.26,-30.855841090942,283.233491994821
21.2605,-25.7955822138757,194.903439367928
21.261,12.231643722023,83.6374375696852
21.2615,71.8643731140584,3.29974128123796
21.262,115.365531718039,-38.9811436181358
21.2625,127.543834774999,-95.3537931064047
21.263,129.930133588459,-194.075648771729
21.2635,135.191508353809,-277.005886355852
21.264,119.156064296908,-255.426533545252
21.2645,63.3230660442936,-113.476001603181
21.265,-1.49668020919109,69.2151084940264
21.2655,-30.4505044247672,194.528175168915
21.266,-28.4681882463655,235.342953638518
21.2665,-38.9148095427089,247.720305005337
21.267,-73.8922685832958,289.119355619201
21.2675,-98.5083817586844,329.14796150516
21.268,-91.462646922598,274.868019247099
21.2685,-80.217171552762,99.4445599834325
21.269,-95.6324262090106,-103.530481711898
21.2695,-123.42719545907,-236.841799901402
21.27,-128.015298339213,-321.369568232592
21.2705,-103.22531992818,-432.419812333574
21.271,-70.3627957509566,-556.681944224429
21.2715,-39.654762269178,-611.200585095042
21.272,-4.28711475446631,-590.316890108506
21.2725,32.0530089594262,-582.455557296775
21.273,51.0210027637851,-623.484534884331
21.2735,47.2176787901814,-639.907731514517
21.274,38.0111749458066,-577.252680340429
21.2745,40.0563313401345,-487.050341214058
21.275,53.8484436497977,-429.169744273127
21.2755,76.0106938128649,-373.239248053696
21.276,106.864258104877,-266.676600740986
21.2765,137.169578876957,-129.955217407813
21.277,147.938802057063,-9.77095266076959
21.2775,139.371223804303,102.235620057903
21.278,143.928454989284,226.331905401272
21.2785,189.252867002347,325.177801442928
21.279,255.965676232885,364.916186606154
21.2795,293.409216780977,403.998068402823
21.28,274.975846930211,526.559696381071
21.2805,219.181253035231,709.069038502077
21.281,157.645817574321,841.763826212928
21.2815,104.113528871972,871.246024666316
21.282,59.0271442096435,839.540900049849
21.2825,21.4395586765424,790.650491420842
21.283,-16.8144784772646,724.837921922518
21.2835,-71.668679018172,648.453125646918
21.284,-144.841063204601,584.000956136803
21.2845,-211.981122095358,514.906729148123
21.285,-248.831291361223,396.38453539456
21.2855,-261.817753655673,240.043227796768
21.286,-277.28793010744,112.623520931018
21.2865,-306.45664812615,25.8490701977893
21.287,-337.350074163588,-93.4480780113172
21.2875,-357.095569919203,-281.482462516709
21.288,-363.289967348039,-460.904964352807
21.2885,-352.183830164026,-550.63786348985
21.289,-312.956816006552,-594.744369956917
21.2895,-239.630199992782,-695.747531858888
21.29,-137.895388609559,-841.861551012696
21.2905,-18.3116228394346,-891.59950522866
21.291,104.990866503082,-752.682199983792
21.2915,208.162101906502,-509.676065800847
21.292,267.760816316908,-323.705714037268
21.2925,285.371356182275,-236.858108803025
21.293,288.783959331498,-137.111904502878
21.2935,298.153934146315,76.6204913741623
21.294,300.247623548344,352.572614276986
21.2945,266.489281366453,552.926748796856
21.295,190.133997801953,626.373970013831
21.2955,96.5248151545258,641.875570236044
21.296,20.6854470977022,651.359959328941
21.2965,-18.9316888567473,605.089734061137
21.297,-29.0597883868253,450.155686641894
21.2975,-29.8599980832733,243.974805238439
21.298,-31.7228027152227,91.1418693885485
21.2985,-22.7924873618727,2.1593839174404
21.299,13.8623642092624,-103.42604532617
21.2995,71.6344832932177,-266.933744552822
21.3,121.51433016893,-441.975337841798
21.3005,143.642233470629,-573.282093963342
21.301,141.159051374959,-645.479474475841
21.3015,116.955054859153,-644.961883539004
21.302,58.8753024211012,-555.040341952543
21.3025,-33.8373123383513,-416.952201616776
21.303,-125.886847492382,-323.483791829709
21.3035,-173.113646360198,-311.31890036032
21.304,-169.261475327467,-314.780889805724
21.3045,-144.787737910786,-262.158723162386
21.305,-123.425041120919,-164.712095604295
21.3055,-102.676097801956,-74.5698152958421
21.306,-76.4960785524859,-9.5873732629223
21.3065,-51.5811124415265,39.7715751493976
21.307,-33.632586574079,84.8761064677875
21.3075,-19.42411200982,164.000516832117
21.308,-13.9846031022858,328.6874321933
21.3085,-35.9376744496049,544.184278479389
21.309,-88.6220982454747,666.507333921567
21.3095,-140.278203625721,601.482685505752
21.31,-154.769021249903,439.442140176314
21.3105,-137.124120141444,340.419692309441
21.311,-128.39914315638,326.280587632158
21.3115,-153.682091694964,298.107632323618
21.312,-192.627687229423,234.900513525877
21.3125,-208.725356800974,234.169653459187
21.313,-194.185780857895,330.264287033805
21.3135,-173.075890952804,407.41874727899
21.314,-166.190405947591,362.360674789427
21.3145,-167.718966117436,248.612005407565
21.315,-159.607864886383,173.366857677755
21.3155,-137.483273023834,135.968464113927
21.316,-112.838092992387,71.7831539802414
21.3165,-93.8325987459984,-7.68830173788878
21.317,-74.0774859059078,-41.2276778628446
21.3175,-41.6582150849207,-53.6220702167675
21.318,8.17210152339978,-135.858155818017
21.3185,71.7836592473178,-283.607962223781
21.319,142.143448145964,-376.408193409965
21.3195,211.505001114957,-353.901206210123
21.32,274.86889006043,-307.840648723699
21.3205,334.79033199454,-342.348812260131
21.321,397.165918647403,-432.445794110831
21.3215,457.626355603758,-495.998061238198
21.322,498.474074639017,-533.599001643746
21.3225,506.362485924187,-603.098373397239
21.323,488.16397077466,-697.585379552671
21.3235,460.461038080377,-745.515882713317
21.324,426.018934938344,-718.143013415182
21.3245,370.794186837726,-653.011373929459
21.325,285.764925652731,-574.361482593936
21.3255,184.075082947782,-468.016019584167
21.326,92.9520593406007,-340.346057986651
21.3265,32.3371474135299,-229.03728223606
21.327,3.58850719589568,-141.756646741255
21.3275,-3.78049138701813,-48.3578750581785
21.328,1.88324772286844,54.7571226768967
21.3285,18.9263399293602,139.963819606012
21.329,42.5787739395044,222.749428346136
21.3295,56.7247739610448,366.748684245335
21.33,45.2263427123276,584.570132583081
21.3305,11.6635346573153,798.778939022094
21.331,-23.6525508172032,933.282694645903
21.3315,-51.219522583558,980.397797674402
21.332,-85.6384124884414,949.095372329876
21.3325,-142.455188160519,826.676056470507
21.333,-211.044646579674,642.82171708943
21.3335,-262.866544139612,496.044254214464
21.334,-282.375013961819,446.691080053896
21.3345,-279.56270091886,440.200474255335
21.335,-275.238164202539,399.986911858016
21.3355,-282.286519337091,334.096254042255
21.336,-297.035955142627,276.947321792609
21.3365,-300.937377725154,194.351200605535
21.337,-276.404204493222,47.1345031339881
21.3375,-229.662446636087,-100.684809526844
21.338,-191.110490709067,-150.121219099957
21.3385,-183.688875823938,-116.964779700866
21.339,-199.332066144316,-104.824649145583
21.3395,-216.633374832065,-145.705692089118
21.34,-228.049528084926,-177.195341413892
21.3405,-231.841284805551,-170.912682356795
21.341,-210.6109249297,-170.233748805794
21.3415,-146.359759471817,-192.814135056394
21.342,-55.4977599743928,-204.457366759669
21.3425,16.4818869564018,-205.956863564963
21.343,39.1131976114288,-241.651221055421
21.3435,17.470387920138,-302.351091297453
21.344,-28.3837020904797,-325.477715363647
21.3445,-78.4792572444499,-316.875144184835
21.345,-106.172773571694,-362.787454947423
21.3455,-87.5989756528324,-482.502971851182
21.346,-31.8005155203765,-574.002048028991
21.3465,19.9926387421504,-552.248748142465
21.347,37.5694447971098,-444.409076522168
21.3475,26.855796296048,-304.737088744297
21.348,5.532914552891,-137.591207129045
21.3485,-21.7675923312209,47.2436086313595
21.349,-51.6800085034719,209.509857359163
21.3495,-70.1000328086135,358.368175432405
21.35,-68.7523436655063,538.161540395871
21.3505,-52.3875900421605,679.150327326793
21.351,-13.5735164406541,611.838268584677
21.3515,73.830917131193,328.268698620102
21.352,211.380519239605,76.9799920959056
21.3525,347.879475066122,50.864871351594
21.353,424.983823785959,108.290018507759
21.3535,438.444394821003,-14.3864577993997
21.354,427.359158511249,-309.321894026113
21.3545,416.346801207905,-525.143529584848
21.355,400.174790404659,-536.919584332767
21.3555,376.87244464458,-467.12418686212
21.356,359.343144404517,-434.661574845441
21.3565,349.697300915736,-394.267076801638
21.357,330.060477914405,-281.623700700884
21.3575,286.525375047307,-148.416758368301
21.358,223.046519932827,-73.671884583451
21.3585,148.640560830913,-61.0100051523786
21.359,69.1684933271541,-86.3389102831593
21.3595,-7.36067326589016,-141.846037230513
21.36,-76.4352249786298,-180.730652004928
21.3605,-148.097970631686,-122.232913589851
21.361,-231.893779057283,34.3038732475637
21.3615,-310.190579662582,193.419798342068
21.362,-349.059156516688,303.525024892011
21.3625,-339.768016117031,412.283062053268
21.363,-308.435717232262,541.83079777741
21.3635,-279.84743147094,627.24577878497
21.364,-253.389128855517,642.692959618387
21.3645,-221.903782081914,670.266606277341
21.365,-192.513482792647,754.327321615826
21.3655,-176.32717360812,790.758080448853
21.366,-172.741252136405,668.03090845472
21.3665,-174.068303863729,439.29060764693
21.367,-173.215238622169,244.865264929489
21.3675,-160.663773008295,126.677414647124
21.368,-128.5993332869,30.4812799454783
21.3685,-84.2419822183769,-59.2383061597669
21.369,-43.550819735681,-109.548219788861
21.3695,-5.69233104021195,-143.586837936483
21.37,48.8526480195809,-242.251289928459
21.3705,127.326624183055,-434.363954688591
21.371,210.483176967899,-663.918359652061
21.3715,278.96447791597,-864.989109227196
21.372,334.403493310994,-998.799781854163
21.3725,380.921833093222,-1024.94607171341
21.373,404.531636864581,-914.440307885448
21.3735,389.698786024789,-701.394774524717
21.374,343.510643981264,-462.453264721247
21.3745,285.080536690471,-237.761459410751
21.375,220.377689034739,-19.097092110041
21.3755,144.617976997264,189.453868337963
21.376,62.0937553480376,352.770269860486
21.3765,-13.0307441399436,446.596882921593
21.377,-71.6560466343552,472.839714663645
21.3775,-113.555304169125,439.031829291181
21.378,-142.821769249472,367.746709832877
21.3785,-171.370907379608,315.646443067688
21.379,-218.537432791794,330.424136929942
21.3795,-291.618425897643,389.76541865504
21.38,-370.683827053383,425.108231855666
21.3805,-425.396419695798,398.465950841576
21.381,-443.627471897853,317.491832838815
21.3815,-434.321237653735,196.156367164956
21.382,-410.123004292936,52.0912214272716
21.3825,-379.926496109731,-79.1446389742329
21.383,-350.499756346929,-188.782638513745
21.3835,-318.478176320113,-332.329154377004
21.384,-263.479217771601,-546.15742906339
21.3845,-164.210709849059,-738.810557810248
21.385,-22.1242533640596,-757.603423717851
21.3855,138.858103102519,-578.872499565294
21.386,289.876417030978,-348.325338805221
21.3865,404.285436177871,-204.002314903009
21.387,459.48690457357,-135.316997950852
21.3875,453.489167585573,-53.8491684581058
21.388,416.926623742766,72.8007943710792
21.3885,387.278745669287,216.980575115654
21.389,368.110397906252,363.883848021839
21.3895,330.782613577151,516.422492427971
21.39,258.129464987908,649.884110167526
21.3905,166.448698382959,719.512503877646
21.391,77.8500194182719,710.614546292118
21.3915,-8.53122533993214,649.775968383953
21.392,-102.686447383177,573.588225376726
21.3925,-194.305197667953,504.407242537168
21.393,-256.109938818847,440.187423414242
21.3935,-275.167555273101,352.249811946189
21.394,-268.238976081748,213.632402556162
21.3945,-263.020153356162,40.8385836206438
21.395,-270.160657278373,-121.373305125895
21.3955,-276.109428175676,-265.26461575888
21.396,-259.868830413566,-424.147706458419
21.3965,-212.885945509365,-588.064457707844
21.397,-141.689224147702,-670.844515872562
21.3975,-54.9647445327586,-614.680153703565
21.398,44.3965190147486,-492.56526966858
21.3985,151.597465409817,-441.335221181206
21.399,251.278457337284,-498.589200770541
21.3995,323.866717934171,-558.018263012341
21.4,358.21536403176,-492.502960849422
21.4005,353.418684560038,-285.663208796869
21.401,313.16512318062,-38.1173146918179
21.4015,246.450106538021,126.196974644072
21.402,171.612817370155,158.171992299329
21.4025,111.149942955072,117.978301513684
21.403,80.2737142307069,117.779449019457
21.4035,81.4805243632509,209.672939727832
21.404,105.498325297394,330.166982317826
21.4045,134.171084768437,373.716008069559
21.405,149.856390717601,312.571139451114
21.4055,148.485415463407,216.055329937016
21.406,136.175444005801,157.765992419961
21.4065,107.129996597007,142.411829833891
21.407,38.1121069583357,133.688754832959
21.4075,-80.4914666723941,117.947574093048
21.408,-217.972867549939,113.266913402834
21.4085,-327.011473967502,132.734117239113
21.409,-390.342082241166,166.598405310187
21.4095,-425.831645037515,200.878868534235
21.41,-448.487217094572,234.890379242058
21.4105,-449.17585616311,268.966242008782
21.411,-413.902186113161,278.26910708306
21.4115,-344.708148055152,213.024404167687
21.412,-255.929865662716,41.9070989066199
21.4125,-166.114719920216,-200.926172976846
21.413,-97.3693966806797,-427.309829382632
21.4135,-63.1471419960907,-565.844918585807
21.414,-48.1039094793283,-612.564516018407
21.4145,-17.1332695674367,-602.457854462195
21.415,45.2382037712644,-549.263137668772
21.4155,118.105502110513,-440.426885052049
21.416,174.082787231126,-286.363081305846
21.4165,208.949985729448,-141.370303187806
21.417,231.355441825261,-58.2570657340138
21.4175,241.579514634345,-36.4863318583657
21.418,236.985791063489,-32.49596951307
21.4185,224.786176202276,-18.6750688422033
21.419,211.876604596596,-19.2263957513264
21.4195,192.420570414348,-80.7175428068083
21.42,162.282006144523,-208.628052911177
21.4205,135.779320024711,-340.022829972807
21.421,129.306395052672,-387.209631399272
21.4215,135.607247794641,-310.782656257965
21.422,133.865068467359,-148.106580590299
21.4225,120.813493838732,23.48302259426
21.423,112.243527760565,140.80381237637
21.4235,115.702648415668,181.51428623479
21.424,121.177782063838,165.874084922089
21.4245,119.193307976475,144.103187442116
21.425,108.859621828858,162.119813610274
21.4255,85.3277504682137,222.982996678864
21.426,39.3960377030149,292.169006064437
21.4265,-22.5181263016482,346.335160357209
21.427,-75.4254608705342,394.296077602924
21.4275,-104.593979454763,438.956082337333
21.428,-124.389092310128,452.761490664688
21.4285,-154.593883531805,422.664142092941
21.429,-187.297996959274,392.852117137972
21.4295,-195.204358825429,417.802736434633
21.43,-172.795442734874,484.577616403759
21.4305,-152.835871805456,528.690919560554
21.431,-171.254483425699,524.679489076927
21.4315,-221.206124061983,510.060538237865
21.432,-254.093760048955,508.35945356066
21.4325,-229.498065138113,479.719426507924
21.433,-154.867929466367,379.283581543576
21.4335,-67.9150389355151,229.917011033436
21.434,10.406114763705,98.8089440603404
21.4345,86.3143937167367,17.491502192501
21.435,157.720519866783,-43.7396179064321
21.4355,194.538192571662,-128.406927418356
21.436,170.977042911539,-244.386426098264
21.4365,100.962310472875,-361.042649374854
21.437,20.7825333195889,-443.688464204884
21.4375,-52.1457805110126,-492.304577256968
21.438,-119.472100783266,-543.785438956956
21.4385,-169.281253289514,-618.40710985262
21.439,-174.966225444046,-666.512608233309
21.4395,-132.053537216562,-605.536427329935
21.44,-69.6780500347062,-429.55236155356
21.4405,-14.9817027778039,-247.966792722994
21.441,31.3997847189059,-179.454915172709
21.4415,72.860479999715,-224.88175408463
21.442,94.8690987186473,-277.543962953957
21.4425,86.6598561772367,-244.291739961151
21.443,66.3892683357828,-123.88895494857
21.4435,58.3869522647144,17.2443760871174
21.444,55.4329892665598,102.415487163575
21.4445,30.4597025863407,84.0932913312557
21.445,-18.5261169397989,-24.296680548986
21.4455,-63.1110106726558,-144.307428168611
21.446,-87.0225699369835,-196.329728194277
21.4465,-107.254155122319,-177.494908566816
21.447,-141.69721248486,-144.217013906133
21.4475,-177.75977133659,-118.016013639133
21.448,-190.381427230752,-62.4877392749985
21.4485,-176.582381848253,26.5360988127551
21.449,-153.196608366452,68.4354684727306
21.4495,-129.543397323452,-11.734184623167
21.45,-102.395129196371,-174.755926252797
21.4505,-73.1313454919867,-308.011234043219
21.451,-46.5762009116413,-358.647608006816
21.4515,-8.83226062944791,-367.288492120903
21.452,71.516633358403,-372.596784133613
21.4525,205.835650911862,-347.182483908685
21.453,361.632164978363,-252.126819629266
21.4535,490.534227202137,-106.273476209436
21.454,570.969766370913,36.1002675388597
21.4545,608.2625297338,149.712049840182
21.455,602.815527868087,247.647156112379
21.4555,544.340334089137,345.2907363237
21.456,440.730107160351,446.470469239179
21.4565,326.607284918621,552.903027126638
21.457,226.540769872462,655.331648430948
21.4575,125.565108186875,720.028508719844
21.458,-3.42628907067693,714.722566096549
21.4585,-150.65084238612,651.245351203032
21.459,-269.101042931422,576.779371054666
21.4595,-323.948254509482,514.895469713871
21.46,-324.862750612519,437.423756494161
21.4605,-304.393316180585,309.818902151948
21.461,-279.15925762532,151.606278220229
21.4615,-242.674917449787,33.0621835003045
21.462,-188.522932288447,8.11888424310113
21.4625,-128.387866335508,57.2910669986072
21.463,-84.4781440081157,106.434566078634
21.4635,-67.8305289123969,108.922954974364
21.464,-68.9025545271478,99.8722844578688
21.4645,-73.672593350947,143.579510678985
21.465,-85.0543940016281,223.403700271103
21.4655,-114.518517339308,225.655295245286
21.466,-148.154696305468,70.7611510977401
21.4665,-141.195327169086,-168.929633814594
21.467,-67.0716292125385,-342.270284438221
21.4675,39.30512952499,-402.295092634635
21.468,113.727746563942,-442.526949209909
21.4685,134.634714288659,-531.28412601146
21.469,134.13718745449,-593.260414041365
21.4695,136.279964952854,-523.009888293597
21.47,121.162633071453,-358.774929046543
21.4705,67.2792291723723,-245.197548666591
21.471,-4.23488018232233,-233.619773793878
21.4715,-58.8670977261516,-215.304615362041
21.472,-101.201035136693,-79.8936338696685
21.4725,-162.915446792618,135.057264875965
21.473,-248.925205274755,297.335968389945
21.4735,-331.505730214616,329.399247035197
21.474,-395.870704292192,257.045818354375
21.4745,-453.845644049805,152.362403889409
21.475,-501.658147413033,83.4380397186945
21.4755,-497.20142939086,90.2077912230212
21.476,-403.296494184789,146.824853158862
21.4765,-237.950775630201,157.129231845638
21.477,-61.4576259238266,43.4588884536445
21.4775,78.2353128884505,-158.458474542101
21.478,172.173304282409,-337.786328101845
21.4785,231.465896118218,-436.305479661671
21.479,262.840255284191,-482.830251373713
21.4795,267.429066146073,-500.144336874064
21.48,251.371009116572,-453.871444624248
21.4805,227.7632762028,-332.399370932794
21.481,207.93240726932,-214.349383766219
21.4815,193.80182445114,-188.059958236491
21.482,180.676746397296,-231.851947454713
21.4825,166.767209565214,-242.259356055147
21.483,156.234522493818,-172.861390033352
21.4835,151.373417775366,-75.3047433299408
21.484,147.10007715013,9.92535342732283
21.4845,137.668788290029,129.496079265237
21.485,124.000523167281,331.825452911218
21.4855,109.138804950912,551.114982292575
21.486,93.0281264771581,650.835050660159
21.4865,79.8316761981636,581.14087311632
21.487,82.9495197995622,428.881804871425
21.4875,110.306929132642,288.692720782734
21.488,149.778587332685,140.401714386041
21.4885,183.527369902228,-94.669939421112
21.489,213.011427326011,-406.853395672569
21.4895,252.901466630942,-674.850375941614
21.49,301.48339549214,-793.609388398051
21.4905,335.823127199766,-767.74828451045
21.491,338.393666393796,-656.311903196022
21.4915,310.041569165785,-480.921296027513
21.492,253.808516060262,-238.305594523859
21.4925,167.848605527428,30.660519064041
21.493,62.5045455878346,249.259659673356
21.4935,-37.3170472627338,381.280978135756
21.494,-119.820888732537,452.799688448006
21.4945,-197.81074539647,498.83348461571
21.495,-278.980958799773,534.704361591941
21.4955,-344.760578135997,579.732847895858
21.496,-377.458290955438,650.143048747298
21.4965,-389.775765698093,710.896548787631
21.497,-402.247624635444,692.867458491369
21.4975,-404.341491855339,590.039062881193
21.498,-366.682021753636,485.842322557363
21.4985,-287.337278079857,439.701005474742
21.499,-200.104051811529,399.891623086072
21.4995,-137.810725353289,290.651026000322
21.5,-109.93591399862,143.133967906309
21.5005,-113.795179972907,58.9178792147832
21.501,-140.52966495769,62.8799598339472
21.5015,-166.712262386399,79.1756263684948
21.502,-167.774837031458,55.8802960075804
21.5025,-150.28730641951,26.7440288225393
21.503,-147.903000660719,24.3440409049378
21.5035,-172.364577362343,11.0263672397477
21.504,-189.158238356242,-57.7312145600575
21.5045,-158.714217086943,-159.071227663206
21.505,-86.5910808514157,-240.717914674089
21.5055,-15.268971114968,-289.803371579201
21.506,23.0630480558649,-319.794759290127
21.5065,29.6039423855,-329.606176007359
21.507,25.6256910324178,-321.667659294502
21.5075,35.5785505015097,-323.328245990838
21.508,78.1778875700398,-342.862300659398
21.5085,153.650663610799,-340.367548814284
21.509,236.149349352761,-291.909030981526
21.5095,292.153123066917,-241.976300331943
21.51,311.288361111049,-230.336106449982
21.5105,311.115421341027,-206.456034764991
21.511,309.464555955125,-98.7816710445858
21.5115,300.960038879471,52.9264713164079
21.512,266.434355934846,126.421092632281
21.5125,200.724221860886,79.4474711806427
21.513,123.904132323457,-3.11275686274864
21.5135,62.7166044747688,-40.0517231314048
21.514,24.2828713054195,-53.0846553290182
21.5145,-5.44374547345631,-113.274426947229
21.515,-36.2335692497826,-261.526012242296
21.5155,-57.970318437812,-503.119223465231
21.516,-61.7989672218937,-796.834684357616
21.5165,-67.0031381889216,-1013.72869277232
21.517,-102.528034605807,-1000.69703741518
21.5175,-157.440408025428,-757.274744660608
21.518,-174.491654398699,-482.720864430365
21.5185,-110.339138750219,-370.036268989255
21.519,12.3340578835324,-401.027855673767
21.5195,129.882454809144,-412.020151804723
21.52,202.261034575697,-300.48083691785
21.5205,233.249011728064,-75.6215721453611
21.521,238.803294054095,236.638831862544
21.5215,224.115116317114,606.060459990974
21.522,191.909474918288,926.862004631555
21.5225,147.084062453108,1068.85569995609
21.523,85.9903139644328,1032.57205847475
21.5235,1.92472663648868,946.00316313149
21.524,-90.8960309009403,868.320406760152
21.5245,-159.233520405355,710.81244804649
21.525,-188.188673371169,425.438164798356
21.5255,-198.596434099234,164.138088942558
21.526,-213.044367238348,121.403412940139
21.5265,-221.580858642609,264.598294151321
21.527,-200.975487851081,359.165180585649
21.5275,-156.617729559483,272.961892711136
21.528,-122.281897193509,133.091638426715
21.5285,-120.890460848334,125.087400648441
21.529,-144.039256002806,234.068559131753
21.5295,-169.438148347782,285.790649151354
21.53,-181.09146428642,200.865454017287
21.5305,-171.094630557606,90.5139574221577
21.531,-138.453020858202,79.3114320440314
21.5315,-90.6074073321439,129.410312996597
21.532,-33.6093915618613,105.991878900234
21.5325,39.4340777476975,-38.6219219978531
21.533,132.867923941636,-224.104889883397
21.5335,219.788698567597,-358.08556319235
21.534,253.305848735563,-409.851385347606
21.5345,219.973289513158,-371.113169832559
21.535,162.121216679119,-229.827413768767
21.5355,128.578580412258,-12.1708189493527
21.536,120.311599666351,211.924632452545
21.5365,108.451930551743,389.192942257277
21.537,89.9575622196694,489.022972054855
21.5375,88.5856196575038,445.045224526077
21.538,102.297393566386,201.964820583705
21.5385,90.5164901336106,-129.561854661
21.539,30.978862105261,-294.291337556486
21.5395,-41.4122688527405,-185.494709286081
21.54,-77.7292075763087,-19.7256280618097
21.5405,-75.2613214623084,-69.4272066205092
21.541,-64.3833766744805,-293.043691890834
21.5415,-48.9903545614212,-418.246847688609
21.542,1.94424671487594,-359.05849157589
21.5425,98.0414028408974,-320.989941332165
21.543,192.929831651813,-448.860556010458
21.5435,223.804315756858,-602.366302292276
21.544,173.713917933013,-609.087816954267
21.5445,83.4592736250378,-551.68122914724
21.545,9.05566924639987,-615.923618047142
21.5455,-25.5607833715899,-770.261481554084
21.546,-39.6599945011522,-803.098585385087
21.5465,-65.7313009929526,-634.512315026964
21.547,-107.855721942507,-404.635930106718
21.5475,-134.307302971542,-251.430432068095
21.548,-117.92362471718,-158.331703513187
21.5485,-74.2701078948203,-50.7891759036153
21.549,-42.6529418468762,82.1492909457508
21.5495,-35.4946091928623,204.564689081978
21.55,-31.7454573099849,282.874425354572
21.5505,-21.9603613125454,290.139494237005
21.551,-29.5432314534394,233.303150402725
21.5515,-73.4992274110326,185.181199786612
21.552,-137.725546784558,216.157559682692
21.5525,-200.692814606783,299.428857973347
21.553,-273.603629292958,369.231825882101
21.5535,-375.792126965519,455.723916755361
21.554,-480.604233935493,641.290478781877
21.5545,-520.696053853433,876.43266298403
21.555,-455.77820161761,978.608534358296
21.5555,-314.779733548492,861.045038456739
21.556,-163.486125630083,637.894491115877
21.5565,-46.0176675770371,441.094205358064
21.557,35.2836248087205,259.633655748877
21.5575,97.8711288976763,53.3922442616002
21.558,151.396484162935,-87.242536252156
21.5585,189.924706195306,-29.3703684081979
21.559,204.997764724548,209.668908244104
21.5595,202.995390551488,471.501859772783
21.56,204.160476669345,624.376206895248
21.5605,221.22591704256,627.421820000512
21.561,246.110386776101,470.237737265555
21.5615,264.016629932892,166.306730591794
21.562,271.983359162295,-193.101811573842
21.5625,273.761202237543,-471.198063664126
21.563,265.913538271157,-592.834378743975
21.5635,244.033254021061,-577.958156509503
21.564,216.95479956388,-491.134293973504
21.5645,198.497019908485,-413.887495317935
21.565,187.112884918698,-430.299167476067
21.5655,167.726846350134,-555.095183870261
21.566,132.042734754924,-687.577581436048
21.5665,85.3816127649736,-710.626184264539
21.567,38.4613610900486,-623.462285084729
21.5675,5.50235233858117,-507.875007166607
21.568,2.22011572988121,-389.207549713309
21.5685,27.3456970601819,-221.807619322998
21.569,52.9526515582241,-0.131944842611321
21.5695,53.8679485888264,213.05842034029
21.57,39.8234443376007,370.34783510629
21.5705,34.2161961571317,457.23207131469
21.571,29.4109013507987,425.835521533612
21.5715,-2.02295870257275,222.656994041475
21.572,-51.0290669449357,-90.604355922508
21.5725,-65.8975632767912,-346.353994544387
21.573,-15.2560795614002,-440.87477580766
21.5735,74.3268414176474,-409.121975856986
21.574,156.124597202831,-307.483660359078
21.5745,204.610546961217,-137.854968745794
21.575,203.082107479642,58.2888457660816
21.5755,131.552702262279,152.769147778192
21.576,2.57327508345216,78.7172759003359
21.5765,-119.163116787554,-53.7200259657283
21.577,-174.891231486603,-87.9893699505441
21.5775,-176.599571582049,-7.33685212094248
21.578,-179.468037713939,97.408598248898
21.5785,-202.684543513439,178.091352955218
21.579,-216.881902383591,237.54523734943
21.5795,-205.334461771693,240.056394695292
21.58,-196.458675469775,143.18404055166
21.5805,-226.770753520502,6.07705636975971
21.581,-301.714756404838,-50.0032580476029
21.5815,-402.468464886095,2.90918443368784
21.582,-504.64835961582,77.5193370900239
21.5825,-577.316486019736,107.059353684005
21.583,-585.998615831608,105.97761286425
21.5835,-516.485120963079,87.0061458080309
21.584,-389.222536394212,26.8297260164428
21.5845,-241.380116627917,-46.8053576148207
21.585,-98.9348706852547,-30.455087155299
21.5855,33.7437908535086,126.336693756851
21.586,166.720720613302,328.512265480461
21.5865,307.335285701227,436.25338625685
21.587,440.495947658082,423.475641109429
21.5875,529.109818149701,384.560869069877
21.588,547.49535076105,407.704071370227
21.5885,510.931808653333,487.255981626654
21.589,454.950837160555,550.769029818286
21.5895,388.344184266524,535.07753075804
21.59,290.727235316253,427.251285408962
21.5905,161.32157916355,244.022222082234
21.591,43.0876129193979,-9.41121329721805
21.5915,-20.3163240293662,-327.130022694849
21.592,-35.3247284411944,-635.687135821516
21.5925,-43.7081928255874,-791.14027743965
21.593,-62.418361454149,-709.769267109166
21.5935,-59.951843222585,-489.185041142525
21.594,1.06054041963758,-333.06448980859
21.5945,111.797522498268,-348.210208370606
21.595,220.20957532067,-464.645328303436
21.5955,281.322676219969,-548.752897350574
21.596,290.449105361762,-529.485494211534
21.5965,263.311347160355,-410.75855702055
21.597,200.584416789501,-234.151534033434
21.5975,90.6062369810391,-53.053421151463
21.598,-60.3793023950251,110.394291211841
21.5985,-225.11007612846,291.269635621266
21.599,-384.356618291926,507.471609582917
21.5995,-534.182509084505,671.180318428946
21.6,-657.011278100778,669.079741057834
21.6005,-714.281005274183,536.599053184263
21.601,-686.789049512273,434.017056579299
21.6015,-599.456286973134,412.757904080766
21.602,-485.056790063684,333.687591827276
21.6025,-347.373496325254,91.2861766020078
21.603,-187.964728512128,-202.393378956508
21.6035,-44.3719523679691,-364.403861333794
21.604,41.3501728817311,-372.197127765589
21.6045,82.7053392939354,-325.967924797169
21.605,134.835468821606,-266.866302131841
21.6055,220.179802681791,-180.531883987907
21.606,306.58932150717,-120.686932846606
21.6065,365.200716992293,-160.921083361499
21.607,414.005324172159,-244.407060055955
21.6075,490.707663464412,-245.324781325562
21.608,607.356987180284,-180.509947054431
21.6085,739.276521676832,-192.754864777198
21.609,834.979298754455,-297.935509328026
21.6095,835.343542120261,-324.118650783047
21.61,715.669790405335,-171.902119413125
21.6105,520.107927087436,24.8690840616372
21.611,329.118416037281,105.100263354087
21.6115,184.285165822778,114.432008656919
21.612,67.1716343033444,197.736397371863
21.6125,-49.6973117199002,354.316072939271
21.613,-166.97282351558,457.669463144615
21.6135,-278.555458113718,472.343033994064
21.614,-387.275451132719,492.764612276945
21.6145,-486.860515366273,562.78562220093
21.615,-564.692322068588,593.353158304742
21.6155,-635.617755751412,502.169415042711
21.616,-732.044876599853,339.280778511562
21.6165,-841.453716367908,219.256098368332
21.617,-896.181027806657,184.126456396126
21.6175,-850.849517767117,172.885227997519
21.618,-728.690404116968,86.1884109553541
21.6185,-562.228430351818,-143.226605633945
21.619,-335.327957466414,-498.04209331206
21.6195,-30.7613673899694,-860.033471347989
21.62,299.76831024869,-1080.47196473973
21.6205,566.532212406046,-1102.84225880943
21.621,724.983422196795,-1001.15265052076
21.6215,787.633777242328,-885.136796282377
21.622,777.597974561674,-799.621495553542
21.6225,718.870250823551,-731.115605175784
21.623,653.926845267919,-659.885673438713
21.6235,616.176533214563,-556.625795876995
21.624,587.418722830016,-367.705616133926
21.6245,523.741925386867,-78.4174922822449
21.625,417.66522478488,217.047403894599
21.6255,297.224359655244,388.363754030486
21.626,175.226487907805,434.402729861423
21.6265,42.2247642161297,502.513368134034
21.627,-98.7630330466019,694.834849517852
21.6275,-232.688284549867,921.175931849671
21.628,-358.594730390333,1024.0993853892
21.6285,-474.487274895886,1005.24360949974
21.629,-552.030420299855,1015.48793649646
21.6295,-576.745828514147,1119.496842118
21.63,-597.643502196061,1188.90811577656
21.6305,-673.584162418197,1081.27984624074
21.631,-775.787093062955,831.895634582254
21.6315,-812.544624428328,590.7022189998
21.632,-755.773639847137,432.587232073295
21.6325,-671.034412745031,310.260492072856
21.633,-605.530136762749,143.63332862653
21.6335,-519.663090343349,-130.096927000787
21.634,-361.446141819014,-548.245886314226
21.6345,-143.195483844312,-1058.20958960376
21.635,96.0544906293234,-1484.2877272192
21.6355,346.204719686922,-1668.39531098953
21.636,596.868499272156,-1641.01087768398
21.6365,801.282430529222,-1550.22434525872
21.637,920.92956160896,-1426.14313523866
21.6375,970.55703129218,-1140.79435815269
21.638,974.42862748274,-628.104190984812
21.6385,914.138450861869,-20.3261161950818
21.639,767.15854604608,489.408745228764
21.6395,565.542344406448,819.92883849723
21.64,368.782095942509,985.742188243397
21.6405,204.732861245907,1015.61452880173
21.641,78.4375406165363,962.03403744489
21.6415,4.33430102985982,902.130064916239
21.642,-22.3786567905788,852.71651730354
21.6425,-56.5218831285134,763.29890439514
21.643,-148.060498968246,651.696471574661
21.6435,-278.276777844059,631.097752287639
21.644,-403.0435432842,710.739062268643
21.6445,-530.588646719365,700.912537991988
21.645,-689.661641700973,464.891012997903
21.6455,-842.520365465235,159.232976510519
21.646,-909.308314306818,33.7529497852029
21.6465,-876.250259398505,58.026504491925
21.647,-802.404082222138,-35.5685365170119
21.6475,-711.33887105039,-348.933762419216
21.648,-555.154791476653,-682.722055006923
21.6485,-310.360925249825,-847.155123604922
21.649,-36.3490919538562,-897.121624032839
21.6495,201.704374536638,-958.883802241576
21.65,409.819334562485,-997.196536596932
21.6505,619.104075293414,-896.474105024136
21.651,809.320031881296,-667.193038976191
21.6515,930.632704416859,-441.25092682165
21.652,972.061246692031,-325.01320964601
21.6525,959.320733351538,-347.410317648296
21.653,902.607445698295,-478.26300120967
21.6535,792.024422974676,-603.579439219019
21.654,638.922501386179,-558.094468034013
21.6545,484.287762272509,-293.471622678634
21.655,360.994561997679,33.2835772787651
21.6555,267.483301072113,230.56349912858
21.656,179.221166096208,277.008479658186
21.6565,73.6693048601182,265.467677308943
21.657,-53.1269350834299,214.546257197305
21.6575,-186.582643619935,67.3796789909377
21.658,-312.726243562297,-158.097906853101
21.6585,-433.194108963533,-353.680108525822
21.659,-546.982589363982,-454.209423107795
21.6595,-626.740477838024,-476.219020250243
21.66,-645.475281289338,-427.724497476643
21.6605,-626.74896646599,-289.978436987987
21.661,-626.434760920157,-92.3939025783403
21.6615,-651.291781065713,101.651819080366
21.662,-639.237241007122,288.040302485201
21.6625,-545.211875455075,489.454797787493
21.663,-403.519909251975,629.620326602498
21.6635,-267.19290510964,585.548904093341
21.664,-123.822491714638,407.876576144778
21.6645,74.6110710122531,341.448243694806
21.665,317.863255689762,533.567072851106
21.6655,528.834650672108,831.918110048791
21.666,646.414728985663,977.935238409837
21.6665,671.030311888613,915.596157349695
21.667,625.240534242336,797.971592351436
21.6675,513.539115864508,760.841803428126
21.668,336.681890662591,818.624794665173
21.6685,115.566190473347,936.714942763749
21.669,-115.611982393659,1063.73478555091
21.6695,-323.257047340361,1101.18151816961
21.67,-476.881619924508,977.726687900422
21.6705,-559.224293702418,774.886790304444
21.671,-582.43321734138,658.784968003387
21.6715,-579.75616858528,651.833207415226
21.672,-577.006620138134,588.089650778752
21.6725,-581.7453097239,351.302662556449
21.673,-591.916342879866,42.8062364028675
21.6735,-593.732755102109,-181.431100305544
21.674,-557.345010604253,-349.752944096609
21.6745,-463.248558973489,-619.471567291755
21.675,-335.338241826535,-1021.44423941491
21.6755,-221.513947724594,-1399.74373326112
21.676,-135.268121949209,-1625.18371588408
21.6765,-38.2096755464563,-1752.06961644168
21.677,114.801948168437,-1902.48867298239
21.6775,333.044122871957,-2071.4329541179
21.678,590.885573503865,-2123.55247264139
21.6785,841.973735122885,-1951.16275430127
21.679,1027.47769853741,-1572.48346738285
21.6795,1103.34204985954,-1087.55995161462
21.68,1077.08037189777,-594.904387205691
21.6805,996.710040386381,-159.174056304937
21.681,892.587118153795,184.00220898212
21.6815,755.885807533947,424.422134136583
21.682,587.949235967182,579.491486693897
21.6825,438.827345868945,692.098786167816
21.683,366.462445953418,811.946298285155
21.6835,372.875603282626,954.661434482209
21.684,406.112598568265,1073.41104633282
21.6845,414.563281173701,1095.99831426576
21.685,377.423203294792,1002.82523229824
21.6855,292.674798308584,843.690788239237
21.686,162.550179024303,667.445311740837
21.6865,-5.50471858732435,474.653195897329
21.687,-195.599980190455,262.889968254224
21.6875,-381.261507741795,66.9970325285245
21.688,-526.109525736305,-97.0050008128856
21.6885,-603.713494290334,-284.585370581793
21.689,-626.769290556097,-547.860400617472
21.6895,-638.71897730353,-835.823855759848
21.69,-664.44608166052,-1049.33813898353
21.6905,-690.565080151953,-1171.63860750388
21.691,-706.482070494362,-1237.25761397725
21.6915,-727.720183279003,-1174.98317551693
21.692,-743.801723316147,-827.806677369551
21.6925,-677.999916357109,-200.322156215159
21.693,-461.388205473444,431.093756619144
21.6935,-143.017109385246,771.337289299266
21.694,132.318297807769,809.269675103953
21.6945,270.838778734306,764.008036931671
21.695,308.613510843244,785.512981469016
21.6955,328.707940403065,841.213494487181
21.696,350.670718577866,881.80498572663
21.6965,336.722884411869,966.253029442655
21.697,267.993801696112,1159.89894265969
21.6975,166.216733240878,1398.34213855841
21.698,56.8104734087845,1525.39318560332
21.6985,-45.4702067564963,1434.43271126635
21.699,-118.550920926778,1143.54068029323
21.6995,-139.574946089795,770.269499562876
21.7,-117.444937718596,452.602329488267
21.7005,-95.3560374709415,251.829051242436
21.701,-115.400061325226,114.917753074555
21.7015,-195.525719236102,-30.219281331601
21.702,-335.17739766265,-151.48580599938
21.7025,-515.457058197992,-163.435601082945
21.703,-687.983539454842,-111.318576242937
21.7035,-790.174991007795,-189.361763544533
21.704,-790.639373841005,-497.764108706076
21.7045,-711.952040698804,-865.88257296286
21.705,-600.523346236682,-1028.89288245171
21.7055,-481.5106668918,-940.804219856883
21.706,-347.577524630136,-797.787299420047
21.7065,-181.685849426491,-761.434524830923
21.707,15.955943819331,-782.211900284177
21.7075,217.129205603553,-736.457313768742
21.708,379.118574783184,-637.201965294107
21.7085,479.584122947362,-626.100308395085
21.709,544.366142441724,-794.992283034745
21.7095,631.246838795713,-1081.25781162203
21.71,775.48253139526,-1326.04953298567
21.7105,952.307965889256,-1388.90648684625
21.711,1096.37551277572,-1217.39088498045
21.7115,1154.18485777339,-861.667904312913
21.712,1115.5856468851,-446.977018439558
21.7125,1003.74045269816,-109.07408623357
21.713,847.738505890834,76.7761945631135
21.7135,668.87409480188,127.369977401684
21.714,485.850127094177,128.542322764278
21.7145,320.261052893478,175.789559208318
21.715,187.257544321257,308.567458377261
21.7155,82.8371092329259,481.634776298967
21.716,-9.01011247353575,610.549561394616
21.7165,-94.8576067658443,660.025009849879
21.717,-170.81338248834,676.803112234595
21.7175,-248.100911421838,720.523714150774
21.718,-358.554544062227,779.192114355565
21.7185,-511.394129636677,784.283514505328
21.719,-653.927875354985,706.862078823166
21.7195,-703.704585819816,603.693927190162
21.72,-624.220839141755,551.331118955155
21.7205,-450.094215331966,554.709537642037
21.721,-239.550659029988,540.791892080739
21.7215,-32.2409025279623,436.395840369547
21.722,137.833629291109,243.853797144536
21.7225,225.372083663009,49.1998163162566
21.723,205.093522899717,-39.8300455094655
21.7235,108.336292453713,18.6284967953768
21.724,-1.60605862965631,162.556412361735
21.7245,-90.3232179594777,288.059516837359
21.725,-168.78071309357,353.245389317127
21.7255,-253.455173144326,393.289288473932
21.726,-336.050508675661,424.413003985081
21.7265,-399.223166625368,386.410545030404
21.727,-440.4691633964,230.801030823657
21.7275,-465.796471704547,28.9547051617952
21.728,-472.218195013625,-81.3633639878584
21.7285,-453.349783574932,-47.5882636861378
21.729,-419.08050049733,72.2678699507358
21.7295,-393.999491831066,228.299035280014
21.73,-389.685159495754,420.818794159639
21.7305,-386.519787819199,594.117564372727
21.731,-353.156786602905,601.688043188689
21.7315,-282.589093237876,368.153008078622
21.732,-196.766839232018,16.8305227674931
21.7325,-110.946175097916,-265.048543828213
21.733,-9.65783138303691,-445.051815751142
21.7335,123.657270386434,-625.208144565331
21.734,263.598230464936,-834.139961240159
21.7345,359.952316596617,-965.997850983472
21.735,403.526924912154,-939.783552836953
21.7355,444.121890563478,-807.877097781524
21.736,523.140813680464,-670.303811150863
21.7365,612.418551290143,-573.318733450822
21.737,649.179419575167,-531.648482694552
21.7375,617.220275509271,-558.907053481825
21.738,559.166573959734,-619.569835735561
21.7385,512.028333784841,-630.844435968089
21.739,466.875353755637,-576.977013530362
21.7395,402.079910247177,-551.076418862761
21.74,325.71682237071,-614.72318021235
21.7405,263.833515142287,-688.894658256741
21.741,223.215508362938,-673.917290347924
21.7415,186.231315075416,-614.734029374542
21.742,135.950777143578,-629.286867347148
21.7425,71.7263553707369,-700.039380299753
21.743,3.15416414617086,-663.10977445713
21.7435,-60.9052624183042,-425.915007539351
21.744,-118.210262635509,-99.5100339237975
21.7445,-172.518891065081,126.256487113052
21.745,-223.101147865296,180.143952141826
21.7455,-252.580846049794,153.659183713
21.746,-234.598895188555,195.639064424827
21.7465,-162.296128006882,384.718903004686
21.747,-65.5110344643105,665.98582758328
21.7475,6.49729022498852,894.113350938504
21.748,18.1635234516381,966.035497965487
21.7485,-35.7959223738246,917.571369803352
21.749,-136.556651064595,871.897167217414
21.7495,-255.818796147439,915.708538292709
21.75,-368.261040338902,1059.10105294833
21.7505,-456.755624974624,1269.72158132787
21.751,-508.41589517334,1468.32813747374
21.7515,-511.718734278383,1522.60462688137
21.752,-467.487457448207,1353.74962434744
21.7525,-401.274685489027,1056.03002470361
21.753,-349.672062839159,813.770683952317
21.7535,-327.288207133082,689.297466250767
21.754,-318.4475105876,595.553538532878
21.7545,-308.564303758948,486.423653559896
21.755,-309.354391158723,432.095425587956
21.7555,-337.772694154538,451.343820486488
21.756,-379.110435928298,418.057819864321
21.7565,-390.768376527305,244.837959951365
21.757,-342.675305412085,42.1943564861337
21.7575,-237.782746825993,-41.1018038974555
21.758,-91.5161516424332,-46.0438235906607
21.7585,87.1122493713893,-117.474597795622
21.759,279.066923476544,-258.651917077488
21.7595,436.289978461638,-356.307660671599
21.76,509.621885288856,-428.514804794821
21.7605,504.980803542806,-645.792731685044
21.761,491.822846003441,-1057.33065908022
21.7615,535.484200925719,-1466.73470561322
21.762,626.786246383069,-1669.05065493402
21.7625,696.662924319716,-1683.92405386403
21.763,697.325845006031,-1653.62886848713
21.7635,645.880151251705,-1613.97586906713
21.764,583.896567735192,-1489.71947428905
21.7645,522.987390115827,-1257.52865460241
21.765,450.644927013125,-988.86964234341
21.7655,368.498145426476,-743.903122002632
21.766,294.929474490591,-519.289046307129
21.7665,237.325749732533,-307.388491857044
21.767,187.114187354388,-133.56806932402
21.7675,137.626098430945,-15.9202510377602
21.768,84.3273809156884,64.7530371405619
21.7685,15.3655041102942,135.082180311392
21.769,-70.44983262951,191.682512167425
21.7695,-143.639893125781,202.235420746205
21.77,-175.649833367399,139.700675239388
21.7705,-185.882244317946,28.1558979235456
21.771,-217.48078190117,-44.2757848875063
21.7715,-267.622133742171,5.98497877726606
21.772,-291.957240854949,156.845220009277
21.7725,-286.774918484905,282.33844320946
21.773,-306.376695797201,282.979401442921
21.7735,-370.486247058342,188.903089992996
21.774,-414.421320144867,118.070657682446
21.7745,-379.996599930312,171.613521409847
21.775,-305.850119459307,384.305973192156
21.7755,-264.552880272599,710.369647175131
21.776,-248.629114330769,1010.58265360532
21.7765,-195.64973500091,1119.00189430365
21.777,-105.923111283424,1001.95334482008
21.7775,-50.7407044214615,817.408363348998
21.778,-61.1783178796487,746.403569335286
21.7785,-88.8843279839656,797.957956046851
21.779,-96.4590644169341,852.26271695191
21.7795,-113.815742735947,850.69385489182
21.78,-172.47254444793,833.209924879048
21.7805,-246.661131895855,806.651591490888
21.781,-299.628291228014,708.865218945926
21.7815,-334.043311606942,533.673021915121
21.782,-350.455327259617,371.238137396199
21.7825,-303.530041765388,258.232063138499
21.783,-155.598784898927,81.7204667474275
21.7835,57.2806946536035,-276.118241626248
21.784,263.681840953921,-745.951774540732
21.7845,434.567615816588,-1105.31504900938
21.785,572.854274811511,-1184.71315806886
21.7855,653.183665479739,-989.107114612575
21.786,635.916997314856,-650.964618232719
21.7865,533.524451069355,-330.232188815297
21.787,405.892826151279,-140.701747957457
21.7875,287.404797693439,-102.755409383008
21.788,165.790497250962,-156.660463375364
21.7885,33.8010343477923,-255.410054708052
21.789,-86.3891431367281,-426.309609607068
21.7895,-175.444534457645,-689.725424638033
21.79,-228.024672564038,-938.202824600686
21.7905,-226.278651729994,-986.219023764309
21.791,-151.243236193883,-778.314808423868
21.7915,-33.2150090597759,-488.431204918912
21.792,58.2791614272676,-346.243728907536
21.7925,95.6523713236101,-372.185202962657
21.793,119.898111643147,-334.742541433898
21.7935,162.217132143421,5.56757256743743
21.794,185.559432553908,625.361368272604
21.7945,141.067043795401,1232.2284217863
21.795,44.2132284949162,1530.12319290681
21.7955,-51.3267600377034,1473.97508850758
21.796,-129.916894495579,1253.67904604331
21.7965,-215.139409638564,1059.29762350665
21.797,-308.29767661773,913.709018873083
21.7975,-375.234787300091,733.542024562683
21.798,-397.687528357943,477.001357051175
21.7985,-400.732623697993,170.565576745032
21.799,-421.179556209654,-168.530143838173
21.7995,-472.918735584463,-547.395431665696
21.8,-542.715823657755,-922.596903090829
21.8005,-590.879449428318,-1179.90533184951
21.801,-553.99143283653,-1231.85348992265
21.8015,-382.893364190016,-1104.57281072785
21.802,-99.0613757334732,-897.933915985871
21.8025,203.704026585741,-688.284339811754
21.803,431.17716841773,-502.176080565455
21.8035,556.640636705218,-355.727038746535
21.804,613.630869922205,-268.102710031806
21.8045,637.646217334022,-238.946800732716
21.805,630.353815764271,-251.784022984687
21.8055,576.389821654023,-298.417356570868
21.806,480.969421973291,-359.690293995471
21.8065,381.355954700729,-363.618013835246
21.807,317.062852413618,-222.934250302616
21.8075,291.712827578472,54.4870872323139
21.808,275.431292081865,339.981627623995
21.8085,247.586365939334,515.001067203237
21.809,219.365649929271,593.127474734034
21.8095,200.989846738013,658.803472274038
21.81,167.650617607967,721.398827859018
21.8105,89.6524702594972,715.180835872956
21.811,-9.75517926290212,634.156172363574
21.8115,-63.1961273111315,560.545600741722
21.812,-37.5646698936736,525.747883964044
21.8125,21.2989647242523,446.744054429305
21.813,36.1362667821628,273.728348846609
21.8135,-27.6228988969206,111.683537271555
21.814,-144.195873872008,82.7836928478348
21.8145,-259.18178744699,123.062480825798
21.815,-320.828605892291,53.4998771920897
21.8155,-301.96269557456,-155.149876099871
21.816,-219.851552061129,-326.728666949587
21.8165,-127.942468878136,-319.420584836568
21.817,-67.4942244620131,-197.069801081656
21.8175,-33.5999435854126,-105.500760136288
21.818,-4.96283892719527,-91.0176729907264
21.8185,8.87075614017473,-122.381153762066
21.819,-18.8622507845565,-192.097025536822
21.8195,-78.2492525579782,-281.655229185171
21.82,-121.40593892958,-291.294038095194
21.8205,-125.081209754835,-132.237707123573
21.821,-121.842849403696,132.463802940707
21.8215,-151.317571758759,347.140180680925
21.822,-209.074026460572,453.168642697053
21.8225,-268.694389219147,519.59022820515
21.823,-329.128817695489,592.339508656461
21.8235,-403.575843783634,626.143697407785
21.824,-475.022280840396,586.275058471307
21.8245,-506.170098703965,509.386509499811
21.825,-495.900463118842,414.760641541254
21.8255,-483.912253559837,243.070630083002
21.826,-483.583299016836,-48.5477573682236
21.8265,-448.624626303215,-383.387589147475
21.827,-337.313931482213,-619.470444912448
21.8275,-183.403969874749,-683.011056171482
21.828,-62.2950092163002,-614.893919924397
21.8285,5.27107235737473,-513.78514038842
21.829,77.5368732395508,-456.94900431993
21.8295,215.434826954363,-444.611840659693
21.83,412.084709919032,-405.637702590953
21.8305,605.948983862833,-293.503090900342
21.831,736.142293264162,-176.315188655995
21.8315,772.23216425337,-167.415067997668
21.832,717.256430479874,-257.999938438927
21.8325,607.262352851262,-311.08984613763
21.833,496.479730935909,-266.406318269352
21.8335,420.930195380042,-255.939296536006
21.834,377.853867332415,-428.674453350394
21.8345,348.955131946495,-724.214381602354
21.835,332.420937179163,-921.752346850242
21.8355,338.71043214197,-883.860399183996
21.836,365.967275477156,-661.921177337209
21.8365,397.345149827352,-381.804664482133
21.837,416.919900739647,-120.502850504172
21.8375,412.824054631027,101.857174023328
21.838,370.309041156379,291.434282457494
21.8385,279.252885383276,463.797781021172
21.839,148.890714182923,608.100617955816
21.8395,3.87267143328074,669.221791158107
21.84,-133.437844021338,616.301836362771
21.8405,-251.553729608167,514.619020864774
21.841,-350.538642098863,464.785910324569
21.8415,-442.501713213848,484.15753291083
21.842,-536.834423172795,522.557017362485
21.8425,-613.280474729427,577.86944150771
21.843,-632.524206400606,691.410894732569
21.8435,-597.360373022009,817.667833690894
21.844,-577.270132122596,816.104312693468
21.8445,-628.100444532825,630.460096349307
21.845,-700.326680852211,390.028169431762
21.8455,-683.033427577162,263.584383166405
21.846,-545.811861745035,272.777901414712
21.8465,-380.983607727377,310.984213670862
21.847,-281.99204325107,288.090377162772
21.8475,-232.915310305051,186.512692132986
21.848,-158.678556127046,23.3194092461048
21.8485,-40.4269665382221,-160.002642338203
21.849,77.2664271571838,-292.184071908163
21.8495,170.682697855234,-327.570419399114
21.85,263.247902463426,-297.254105911193
21.8505,364.826475609971,-254.270812973158
21.851,439.785341729704,-192.83450669023
21.8515,454.65175780949,-84.2690696469454
21.852,419.347900152259,29.3566009012072
21.8525,360.468653406753,55.4625222030061
21.853,285.002731346899,-34.2602729818591
21.8535,195.592577579696,-177.858321121816
21.854,117.564497228336,-318.475881749112
21.8545,78.7209076352903,-455.922292462439
21.855,69.8155682377766,-584.59250413749
21.8555,50.5302231552296,-652.656632969194
21.856,-4.42858355335146,-629.164988591367
21.8565,-81.3868388303801,-560.64198724089
21.857,-149.344271109806,-503.620021846446
21.8575,-188.811835532101,-430.157156406196
21.858,-193.280084617776,-263.964655144371
21.8585,-155.1772703235,-9.13347230779285
21.859,-65.6287858437611,214.071202035197
21.8595,67.9763685222257,288.134971734372
21.86,209.981826822386,223.043978097355
21.8605,310.497808158467,135.593428814705
21.861,338.079216981077,125.661125258936
21.8615,301.61216009353,207.389156613436
21.862,240.420073558119,347.511932489651
21.8625,191.466778613336,511.460059975026
21.863,162.070434347181,647.148181337422
21.8635,130.238181190854,678.729104745093
21.864,72.4245664733507,578.541520893552
21.8645,-5.85033121598826,421.954713886193
21.865,-70.1303873816806,303.163124121518
21.8655,-93.6885930750446,204.236420642394
21.866,-88.7396699804376,25.9780775761133
21.8665,-88.8878816663609,-239.969912176674
21.867,-104.76630165687,-461.507859384038
21.8675,-116.942415532586,-535.528984985945
21.868,-114.380667616504,-524.239175391756
21.8685,-113.806836623639,-545.654642724727
21.869,-127.920403044419,-592.350696059479
21.8695,-139.36504785334,-561.679217676639
21.87,-129.537016629712,-435.699156139193
21.8705,-115.142314058568,-320.283812030214
21.871,-127.556612085955,-297.493407523769
21.8715,-165.177372685975,-331.387085814766
21.872,-193.51210820078,-342.431778229439
21.8725,-187.574578086721,-296.336349626242
21.873,-149.977136758824,-191.318993846647
21.8735,-94.2333790072304,-32.9106302172372
21.874,-38.7562290315128,135.899545884295
21.8745,-11.9670623099797,239.725095966471
21.875,-28.3913998555299,252.176184282272
21.8755,-56.2199258037456,226.291965995613
21.876,-41.9414719371312,206.67087590011
21.8765,24.8508365314428,163.452910546253
21.877,102.638341530127,59.6810911064558
21.8775,162.120383674175,-67.9240818525509
21.878,222.087935283794,-157.135811041752
21.8785,302.612300784519,-209.929280063976
21.879,378.14952371177,-265.342536910467
21.8795,408.591702545601,-309.491964095237
21.88,393.840736222836,-289.085723869797
21.8805,365.225160860733,-207.493305464633
21.881,337.806826802637,-132.168311848562
21.8815,302.678680698515,-95.4809090818608
21.882,257.360332589869,-56.3084817859764
21.8825,212.307288452645,15.3634110278803
21.883,167.461049045652,78.2064711249414
21.8835,107.652045959442,86.624982525458
21.884,26.5556774224592,72.1604540786695
21.8845,-59.3567072306622,103.720849328909
21.885,-122.1659054963,190.950641883849
21.8855,-139.542678041456,282.590389365719
21.886,-108.865880808064,352.704635011081
21.8865,-58.6012006865338,430.685573653178
21.887,-37.1862233720431,533.696992014699
21.8875,-71.7402574418929,625.069561493875
21.888,-139.829552518152,675.643706427058
21.8885,-195.439148304115,721.874379577037
21.889,-217.683149074449,802.435007246513
21.8895,-220.525041039296,856.985446180014
21.89,-223.14592720981,766.72484724054
21.8905,-230.256548658631,518.086499519788
21.891,-238.748106676337,260.013941575708
21.8915,-246.358327078282,150.999616810476
21.892,-253.898290897259,197.328408683808
21.8925,-270.116456996753,299.623177068784
21.893,-307.936393577372,408.760476128616
21.8935,-362.585097256636,535.755423190161
21.894,-404.072403871509,617.821622947081
21.8945,-411.374292560148,501.447110021965
21.895,-405.44501320829,132.37782240416
21.8955,-423.505183557324,-302.752359732804
21.896,-464.402541061609,-514.295578120969
21.8965,-486.295600719687,-388.970951708813
21.897,-460.655591795757,-90.5350729199276
21.8975,-403.33728762225,111.30900365416
21.898,-345.736614616487,82.1193696271589
21.8985,-297.099016215143,-95.1339643983681
21.899,-243.570874864241,-244.006839930143
21.8995,-165.325348950299,-289.664225240234
21.9,-45.723351117481,-326.227198076483
21.9005,118.04130028619,-476.873382732665
21.901,299.826478308093,-713.072120331084
21.9015,450.86081267388,-880.968368134506
21.902,533.779532676751,-913.529896845501
21.9025,550.304393306123,-919.997233595048
21.903,537.398875193,-1003.77008410208
21.9035,542.366017464523,-1077.51075587262
21.904,592.463249394547,-968.454939643787
21.9045,670.135213432604,-666.977357508375
21.905,720.081558322735,-351.92937801116
21.9055,699.880911724161,-171.363330433725
21.906,624.47797185429,-106.29181951957
21.9065,544.382113989887,-68.5224958830524
21.907,484.698634959977,-27.5689343903002
21.9075,429.514811068898,3.89131363433944
21.908,363.182485484194,23.9486116406365
21.9085,294.196695503999,21.114743980471
21.909,230.438802731044,-40.7847725004187
21.9095,162.037491078776,-165.700097445314
21.91,84.425714305625,-301.174595738215
21.9105,14.1832396967971,-409.357809782158
21.911,-33.2811803692637,-504.23777294791
21.9115,-60.5057656760403,-575.568379646503
21.912,-69.9194286009151,-547.262982441828
21.9125,-53.264287168864,-382.994724753072
21.913,-14.1191419049722,-176.471300654342
21.9135,24.0826181570095,-47.4548674616502
21.914,50.4163261020963,20.2893892523795
21.9145,81.3470615709568,145.582799469516
21.915,122.572224375387,363.89407768456
21.9155,143.456273322451,561.109642302503
21.916,117.628301847134,605.953989659013
21.9165,65.0028711489106,483.63561884956
21.917,20.3310694563228,284.776649628848
21.9175,-20.1947117803207,119.285237859543
21.918,-84.014141623983,58.2437075878023
21.9185,-169.358887866037,111.09640711554
21.919,-248.586251074936,236.207097876096
21.9195,-316.56570079088,400.269856862778
21.92,-393.449983092509,625.06830097332
21.9205,-479.160733690395,933.615825395165
21.921,-545.964769980282,1254.59420121393
21.9215,-583.449785852076,1443.67260369836
21.922,-613.922525164583,1427.08558232702
21.9225,-651.332341756362,1284.46212409316
21.923,-677.450015247982,1163.63205658373
21.9235,-673.312456383182,1136.86678988361
21.924,-645.819297360597,1148.93371023931
21.9245,-607.609777958226,1074.55319526131
21.925,-556.694979943147,819.161889626087
21.9255,-492.877248182113,399.059485974773
21.926,-429.204186639964,-63.4991465159142
21.9265,-366.241921064273,-447.217932197768
21.927,-276.347618921481,-730.253032647387
21.9275,-138.352360006723,-954.321734302497
21.928,25.1731480352716,-1118.53364738667
21.9285,167.048456521718,-1178.73590696516
21.929,262.708874068634,-1144.42971447571
21.9295,320.978411756837,-1083.73688486716
21.93,358.947008684917,-1006.19627078761
21.9305,386.701742249418,-833.367850622503
21.931,410.355728583349,-542.062727708603
21.9315,430.129014202427,-258.500474590121
21.932,436.716994342824,-132.411928424179
21.9325,423.408341533318,-168.899603174694
21.933,398.015988159682,-258.663921502164
21.9335,370.249524286459,-326.32206342129
21.934,334.898689060857,-362.396808217684
21.9345,285.097027458308,-345.996965369628
21.935,236.325403218294,-243.195930660985
21.9355,213.919911130095,-85.6258032716304
21.936,213.907843975117,36.7433693052962
21.9365,198.181105738493,78.5800438984535
21.937,139.506638248539,70.6086959483099
21.9375,56.9235890159801,45.078756356437
21.938,-5.08345822380828,7.16355497290767
21.9385,-21.4552705750454,-5.10279441302521
21.939,1.81417922244565,78.1966899786847
21.9395,49.9845553350919,246.923167878227
21.94,112.345268676669,365.026009152634
21.9405,171.231655832791,305.50358494807
21.941,198.582720968822,103.616379392952
21.9415,179.103245558549,-80.4154248611667
21.942,131.868686759188,-139.25090900806
21.9425,97.0155794480193,-112.73623683364
21.943,100.622484098276,-106.288895728483
21.9435,138.381440569053,-156.437986645523
21.944,188.188905178938,-198.742742548917
21.9445,225.667569579245,-157.183293395699
21.945,229.513984948057,-42.5437616414372
21.9455,191.232685951163,57.5387800516064
21.946,128.470640975882,86.2066118556527
21.9465,73.2842817593627,84.4104787482647
21.947,34.6107637129559,126.711209384552
21.9475,-14.1404195194372,219.40824555728
21.948,-94.1199030775008,308.429109738567
21.9485,-180.83202214085,371.420071801284
21.949,-229.571659858874,438.790929376639
21.9495,-237.515324033611,515.361409827819
21.95,-254.709503425365,543.571651447587
21.9505,-326.498793041232,476.001403173279
21.951,-442.845259323209,342.190691692334
21.9515,-551.484490548783,211.477804648522
21.952,-606.710913879098,119.683878462031
21.9525,-600.056047594161,56.997206944525
21.953,-558.263926001293,-1.230521897758
21.9535,-518.545231380345,-73.2917236768159
21.954,-493.724140163078,-152.059563767627
21.9545,-456.5495559405,-195.373839819986
21.955,-369.887471148328,-178.317626558787
21.9555,-232.93726761853,-168.6024997776
21.956,-80.1086900131334,-284.759879531965
21.9565,66.1747974412532,-536.485763203164
21.957,214.388286418386,-766.792324158385
21.9575,365.580786713071,-817.467242661209
21.958,485.567038956827,-707.837574470665
21.9585,538.805763616349,-577.160317526045
21.959,530.525133114866,-488.039727178479
21.9595,490.714538987289,-380.461299590943
21.96,432.76507495504,-208.687137183012
21.9605,356.114284828863,-21.5045074974257
21.961,276.891016418908,118.958278378695
21.9615,220.640874876134,215.406797216737
21.962,184.661146182363,289.386902227953
21.9625,138.199856544432,318.678049565053
21.963,66.3460143158017,271.816602238969
21.9635,-10.86098253709,167.606821988539
21.964,-69.8319634576484,56.3673175783724
21.9645,-110.292571492481,-32.3893955803044
21.965,-140.554992489374,-89.5849171827182
21.9655,-157.392501313046,-100.945323262089
21.966,-155.530624110529,-59.6746395988465
21.9665,-141.675027161886,11.5045586907478
21.967,-123.363294904847,81.6466366514225
21.9675,-94.6986867557016,141.577859918441
21.968,-48.2878487457687,191.09875992112
21.9685,6.51913048045042,220.328435272927
21.969,52.7161748569286,234.48299857135
21.9695,88.8035175401864,273.173175018508
21.97,127.863319430862,361.511066011709
21.9705,173.58791659833,452.674800771476
21.971,211.348646151303,464.677486365336
21.9715,228.451279933019,377.221066746351
21.972,232.722739664441,253.5010281308
21.9725,240.747474229316,159.940612253274
21.973,251.076096144192,104.70037837537
21.9735,240.008885454168,71.5308109013758
21.974,187.413736281366,73.350828754496
21.9745,98.998025623915,135.99302746158
21.975,-3.01001137392347,250.304920714788
21.9755,-103.660966401279,378.298876368089
21.976,-198.614037694713,496.961070237935
21.9765,-279.494613304479,596.48446391743
21.977,-334.475625903081,636.238538713761
21.9775,-366.362485086274,552.815000809989
21.978,-391.292716030548,340.883059071016
21.9785,-411.262032672871,91.8310508193559
21.979,-407.725626699553,-93.6054918279947
21.9795,-376.575162509755,-221.365764901998
21.98,-347.69754169846,-389.331945867634
21.9805,-343.995966412339,-653.13675194181
21.981,-336.795523133496,-948.088856741029
21.9815,-276.903468700311,-1159.33780578695
21.982,-165.007540107979,-1230.00615109318
21.9825,-52.3348699897593,-1173.92362496265
21.983,34.8546668267283,-1020.86018491606
21.9835,129.789981955608,-798.047432561263
21.984,261.298316444949,-549.551660599113
21.9845,389.768475416064,-322.603610362879
21.985,445.152376866991,-129.37999006773
21.9855,413.522964816663,42.4637347518748
21.986,347.502456939865,179.455362415505
21.9865,293.654879132108,241.544059990348
21.987,246.826881972007,223.492454232505
21.9875,185.585438567266,183.65120177213
21.988,118.427487275383,192.515618292228
21.9885,69.5854431501063,272.775553264873
21.989,38.1502906714123,399.270555282344
21.9895,1.5871458409397,530.665471324586
21.99,-44.0767811930636,625.178290487742
21.9905,-75.6861886534744,651.389245496508
21.991,-82.0178107700344,610.111747066663
21.9915,-87.8934411820039,536.90400021478
21.992,-121.208246784296,468.077808191752
21.9925,-169.685105340389,410.229345472722
21.993,-193.157587456805,345.394121476569
21.9935,-174.383555414765,249.600925721864
21.994,-134.235023426119,104.703127977021
21.9945,-94.7917078131822,-82.3611947726381
21.995,-53.5434127523394,-262.722433150369
21.9955,-5.75774836228962,-372.869074142845
21.996,32.3806092277287,-391.31685551453
21.9965,45.0310163152858,-349.15385467302
21.997,43.9968176300962,-284.619839734446
21.9975,48.792221605667,-223.127132117828
21.998,51.183847097416,-204.583523742154
21.9985,29.9308614010594,-270.453213395715
21.999,-4.10786867491029,-388.97135389492
21.9995,-11.4136572480253,-445.230198500626
22,22.7622032045828,-361.580499119239
22.0005,69.6386024995658,-198.370624505654
22.001,102.154952386878,-82.8018243859198
22.0015,129.322680352438,-64.0244446884674
22.002,168.477047924522,-95.0459309610653
22.0025,209.792608891971,-131.044143874409
22.003,231.891666967659,-168.817337008415
22.0035,233.09925592257,-193.19188860857
22.004,222.086507288195,-165.224921912312
22.0045,193.291471705013,-86.4296748462382
22.005,140.092996502796,-11.8120673869191
22.0055,82.6215361989399,28.6435908730957
22.006,51.8944705223386,67.6050846159388
22.0065,47.0454080106427,131.273022030184
22.007,34.4089606295629,187.130977031744
22.0075,-7.9747078938721,200.387051291963
22.008,-67.2529874957544,196.191231777519
22.0085,-120.611657880251,217.763980982335
22.009,-161.138419035986,257.337709793783
22.0095,-191.698092779002,278.691694432099
22.01,-212.895888067204,281.471932324364
22.0105,-228.111179000324,289.775459085247
22.011,-245.39303971496,294.783504858253
22.0115,-262.764900620553,266.34393518062
22.012,-263.20154500488,217.980146177837
22.0125,-235.566511578738,205.057925866886
22.013,-191.85477661935,247.536846719144
22.0135,-153.172448748317,299.570859709618
22.014,-125.422545469649,311.775088280162
22.0145,-98.7112249641723,283.98398784175
22.015,-65.5221536750793,233.484125377293
22.0155,-29.6487552218767,146.133338920366
22.016,0.665709572130985,-3.25640374394445
22.0165,21.5643375399531,-194.732907047346
22.017,37.4021737158014,-361.490241502178
22.0175,59.6585347807085,-449.553515332737
22.018,97.4083025934917,-462.03095107508
22.0185,143.971391442611,-440.178540839619
22.019,178.474276366652,-414.449640091398
22.0195,187.050762201241,-382.163820809753
22.02,177.4772110655,-324.329419368447
22.0205,165.952681332931,-230.943858630447
22.021,155.844890154319,-108.250952712616
22.0215,140.382766891788,27.1199820774634
22.022,121.573385801496,152.023337122135
22.0225,110.497865190214,242.609264778388
22.023,106.366024977044,291.06659993558
22.0235,90.6570554382704,315.817145626044
22.024,51.0057158120973,340.854674958956
22.0245,-0.406377513377406,363.701416721453
22.025,-44.1795277369773,359.412730976841
22.0255,-80.7135375634477,318.963822035582
22.026,-123.578298503246,263.856072409449
22.0265,-169.116089384091,214.4215082678
22.027,-192.389642403323,165.041973490429
22.0275,-179.691210312577,105.959449321528
22.028,-149.082876646075,49.3802724879783
22.0285,-127.66677776298,10.4249135751809
22.029,-120.675434751427,-25.9093251922271
22.0295,-115.898713096212,-94.8535310176682
22.03,-106.801566765204,-213.907852675365
22.0305,-92.2528760113104,-371.043847157915
22.031,-60.5151443666835,-538.869006873522
22.0315,2.35529734334354,-678.385974411739
22.032,85.8842164314149,-741.378995183437
22.0325,158.551970071986,-702.293785325333
22.033,204.231333737998,-589.519875477539
22.0335,235.085687655345,-459.931848071762
22.034,258.971778877046,-341.481554519088
22.0345,256.573771956628,-224.273902907115
22.035,210.054957250283,-104.314520281887
22.0355,138.258646985271,-1.60186084191062
22.036,79.3153149868935,72.7181794609247
22.0365,45.8188617963693,134.951909740598
22.037,20.2685585249189,200.150662361849
22.0375,-8.69595460648161,260.653149745035
22.038,-30.1728187844063,307.109174425608
22.0385,-34.5015761681563,345.171217767468
22.039,-31.0387110166224,375.057492070017
22.0395,-33.628245842831,379.588504381888
22.04,-44.7815030241616,351.350024048649
22.0405,-63.9652431536871,307.748184620868
22.041,-96.9124268456624,259.574603909021
22.0415,-143.408480577192,192.747715740395
22.042,-185.583984427838,108.676185551171
22.0425,-203.021325297513,53.6149720266479
22.043,-196.042710852383,66.0607968363846
22.0435,-182.431462500026,111.146352369226
22.044,-172.496916006697,111.856558374413
22.0445,-158.18687647317,40.4870497501846
22.045,-129.127463358322,-60.4137247972024
22.0455,-91.4059256379507,-142.418922280294
22.046,-64.952221185925,-190.654222566643
22.0465,-64.07689548381,-198.619732925569
22.047,-83.0476910764824,-158.3680260137
22.0475,-99.9678500979068,-95.6249740157158
22.048,-93.6171732902179,-67.2711936130923
22.0485,-58.359198040996,-91.7825727938571
22.049,-6.69793306442974,-116.485447583897
22.0495,40.9574059309158,-86.0835180817847
22.05,73.0731946276617,-13.2773046819989
22.0505,98.9871342413066,52.9778321681978
22.051,141.627533779352,97.7141334344409
22.0515,209.563288108967,131.595362244692
22.052,276.235972064611,135.289602197013
22.0525,299.635941805178,71.7958972774684
22.053,269.77591420414,-44.9216343864578
22.0535,225.759534372561,-145.590378075153
22.054,213.675239587122,-182.987534745492
22.0545,234.138855022419,-173.103092485169
22.055,244.712744315198,-145.680930502854
22.0555,210.159882212153,-94.971141023159
22.056,136.111005462959,-4.24223603223217
22.0565,55.1756347484939,112.151814302046
22.057,-3.73634108147505,219.682532136404
22.0575,-29.786465364945,296.723803768288
22.058,-30.7455044717261,335.13914255033
22.0585,-28.4316892021894,329.736711174838
22.059,-43.6568934452039,292.504828501325
22.0595,-76.971194645425,259.279653329185
22.06,-109.958252914955,254.710679770046
22.0605,-130.533297682186,262.225323794773
22.061,-149.795791048229,251.339011960855
22.0615,-187.616021810572,219.677633093255
22.062,-246.866425708803,182.092061962531
22.0625,-307.619826082142,134.707408242487
22.063,-343.236911425499,64.0066023452203
22.0635,-338.418560265132,-19.1541450663886
22.064,-295.213231961124,-94.1570231009217
22.0645,-225.295363396011,-176.354331538982
22.065,-136.30046776536,-304.252281045945
22.0655,-28.3691595453841,-469.900234098747
22.066,92.4487691930783,-601.438545964796
22.0665,204.700458151973,-637.712666399209
22.067,287.457671104004,-593.326232799352
22.0675,341.953478762037,-527.414989349884
22.068,381.350276368564,-471.432167918774
22.0685,399.606864841202,-414.647579596944
22.069,371.803248409786,-344.324953489944
22.0695,293.662382419471,-268.144864911614
22.07,200.870416760556,-197.962669595762
22.0705,133.180013820391,-134.365647477744
22.071,92.2964860092485,-72.3898432774572
22.0715,51.9990078168924,-10.560290578634
22.072,-0.185519232502842,48.6007590988734
22.0725,-50.8687924053203,101.16949472286
22.073,-85.6644132290643,146.003470383595
22.0735,-106.629513444553,189.288881517897
22.074,-122.650532201376,239.773081530815
22.0745,-136.778826866075,297.188792657147
22.075,-147.695790296954,353.157595017375
22.0755,-155.050654503412,403.753978255754
22.076,-160.582266872026,447.300121412528
22.0765,-169.626316813612,468.198058572582
22.077,-190.489328544735,444.628846764867
22.0775,-224.830246559704,382.631293638934
22.078,-259.266760738459,320.810565033013
22.0785,-274.199188776025,284.8953365013
22.079,-261.649161854591,258.239609787653
22.0795,-229.076789415195,217.879265864233
22.08,-186.780060515812,177.183438547319
22.0805,-137.249275074805,160.973545028911
22.081,-76.1428777717859,154.022713115158
22.0815,-0.399756447226629,113.124077820741
22.082,80.8926603848191,25.1859522619468
22.0825,141.486502102538,-85.4928492768887
22.083,154.543848472642,-206.630268730946
22.0835,124.002636289267,-347.813973590389
22.084,90.000765531911,-486.788877409074
22.0845,89.0944722761419,-553.042670160451
22.085,116.082720340718,-502.091737186163
22.0855,140.799234260363,-381.024809014447
22.086,153.980019279958,-282.596815635027
22.0865,171.651414245861,-245.430000541925
22.087,194.983230252801,-231.448954185564
22.0875,196.000883613462,-193.774380153008
22.088,156.912573944647,-130.851164113899
22.0885,100.97482091369,-68.704971890374
22.089,64.1989665627294,-21.2829599550009
22.0895,50.5721004556611,14.7158007048137
22.09,36.5430399834757,43.652633931671
22.0905,10.8639888222695,67.7741283010613
22.091,-14.0909074461802,93.4413794881428
22.0915,-30.0141265789872,127.632454461718
22.092,-48.2697629310465,170.064543966243
22.0925,-78.605261442419,215.482526044306
22.093,-108.105866555302,259.353793772012
22.0935,-114.988726580243,292.499661923662
22.094,-96.1598606871373,293.32860361856
22.0945,-68.4220819107431,240.073656269756
22.095,-44.6694763982226,139.52833754892
22.0955,-21.4799601825197,35.627619633802
22.096,5.99727890136085,-24.576028432078
22.0965,27.4695753054572,-33.8882779627696
22.097,26.6045417401623,-21.5216956547259
22.0975,3.92102476017602,-6.53151598755878
22.098,-21.2991754626958,22.7143837103122
22.0985,-36.0655771441013,68.6227023641101
22.099,-50.5416449638759,89.4928052523328
22.0995,-80.0732782228015,41.3978503368791
22.1,-116.375973264074,-52.1625830247677
22.1005,-130.823822577868,-116.045083615213
22.101,-107.95482482901,-120.586596855835
22.1015,-62.8002658945703,-122.397116548786
22.102,-19.023816625168,-181.941866899251
22.1025,17.9992773983283,-274.397855532123
22.103,54.6250528234697,-322.126635208165
22.1035,84.5477019534119,-295.223408844817
22.104,90.3196062089934,-234.543596087371
22.1045,72.1677588852563,-182.292903919972
22.105,58.0236136187043,-136.595290528308
22.1055,72.036731793057,-81.0057040383269
22.106,102.110730936925,-16.0422781047423
22.1065,114.928910570675,55.5091716333893
22.107,101.827804556278,139.319352275568
22.1075,92.3881524976728,223.155185343829
22.108,114.961658256487,268.189898214391
22.1085,157.139326256727,252.980745559981
22.109,178.842557780119,206.659637129912
22.1095,157.785193115903,174.504714436404
22.11,107.990399658114,167.430493308266
22.1105,57.3063543874437,168.494252733548
22.111,22.5696281306274,170.783473003764
22.1115,6.36844496195611,178.916846210099
22.112,-0.415761999888622,185.087189453583
22.1125,-19.1372913211661,175.63383650407
22.113,-69.6343269084607,156.256557911765
22.1135,-144.859315264271,140.761092272835
22.114,-211.131794038908,117.653173021956
22.1145,-243.562111729105,59.7980219971169
22.115,-248.759165294352,-29.5863252172202
22.1155,-241.920501275677,-111.35025990218
22.116,-218.251944833276,-159.332098004876
22.1165,-166.638539700886,-187.757310637515
22.117,-99.2143539638568,-219.518951686414
22.1175,-42.1142681807096,-254.133621555626
22.118,-1.20120526331918,-282.484780502982
22.1185,38.6294252225609,-308.387434518586
22.119,80.7969346377588,-333.754249466265
22.1195,109.214894025056,-340.149138255295
22.12,117.876410518673,-308.490192310916
22.1205,123.863109454913,-246.914573202216
22.121,140.309469535672,-179.517463588784
22.1215,156.256678054278,-115.56239175037
22.122,155.801352530198,-47.4569266268469
22.1225,140.658494386469,27.8000829677324
22.123,120.687589682978,101.855658963525
22.1235,97.0661701097826,164.66763303799
22.124,69.5102900389742,208.606660485967
22.1245,46.9604563945941,231.138695844379
22.125,33.6663962574024,244.134426249012
22.1255,13.2086004983989,265.05149354697
22.126,-35.8061885848935,281.924940642123
22.1265,-110.532737036233,247.10430851428
22.127,-182.992906616659,136.604513840704
22.1275,-226.614033172379,3.87740951135024
22.128,-234.94147573552,-63.3383557529157
22.1285,-217.926625986008,-39.9870894153455
22.129,-188.733187069632,17.4726754350119
22.1295,-152.365569853257,51.8108951419396
22.13,-103.474123291006,63.2037122305279
22.1305,-41.2713102102187,72.1406290013155
22.131,12.8705539746998,68.2136464442347
22.1315,29.0363851572106,32.0352668812555
22.132,9.06904403414656,-18.8612464955173
22.1325,-4.84988126028735,-49.0979862951625
22.133,19.9326761123645,-60.5879940299914
22.1335,61.528008470465,-87.7010446911232
22.134,71.007735039055,-134.780281489175
22.1345,36.8395256063897,-156.514223336892
22.135,-3.11425837975247,-118.644563855544
22.1355,-11.7611479128848,-53.5376522600945
22.136,10.1706740079682,-29.9572355589103
22.1365,40.3762425427327,-74.4205019530358
22.137,64.0279845625555,-141.880049081217
22.1375,77.1841396819152,-165.991990007242
22.138,81.1634791862122,-125.883060568446
22.1385,87.2358434304101,-58.9695140374366
22.139,113.193612096409,-18.1604088103664
22.1395,160.258114145468,-26.1397369699639
22.14,200.465310742004,-65.5209489599929
22.1405,200.176177630196,-96.6655520396925
22.141,155.158226134671,-79.8780799368799
22.1415,95.5146700889747,1.95442893569595
22.142,56.6222676205677,123.542320115647
22.1425,48.0914307914497,226.785936003129
22.143,49.1360675336725,270.870174496155
22.1435,32.2973479114553,273.237155517011
22.144,-8.03112552344106,283.989586346406
22.1445,-52.8632775812858,322.592196354339
22.145,-84.86456344041,363.728907440822
22.1455,-108.273015588257,385.491964371744
22.146,-135.284837563732,396.797586730719
22.1465,-163.792834971315,401.938738822826
22.147,-184.529681463729,372.228757562547
22.1475,-202.205825204562,284.568528672875
22.148,-226.995744356854,167.685559718571
22.1485,-246.678417116317,74.3433018880747
22.149,-233.436368182298,15.5535506627773
22.1495,-185.720792932194,-45.8934644702602
22.15,-139.565010955147,-139.142057065403
22.1505,-125.203126597862,-251.382088279955
22.151,-132.109480128108,-350.859536357426
22.1515,-132.04664583502,-417.516233870883
22.152,-117.854716904087,-447.606049462106
22.1525,-99.064301566362,-451.548694469567
22.153,-73.5082990163756,-452.263565865373
22.1535,-28.0815332798841,-465.951576401648
22.154,37.3338448323164,-481.343231423728
22.1545,107.159481508964,-475.556527988929
22.155,168.907192217289,-447.457291232281
22.1555,217.65677927646,-410.695705671946
22.156,245.257761332498,-356.802191010096
22.1565,244.162010227474,-260.630704057152
22.157,223.076984789388,-131.005404318219
22.1575,202.807302728332,-19.1829626887494
22.158,194.330968961153,44.0466392842579
22.1585,193.439598568078,89.4692028953045
22.159,195.548647595274,160.13499025624
22.1595,199.735659028614,244.685011311653
22.16,197.845119672751,294.364403699813
22.1605,178.309606795631,294.1607004172
22.161,146.449693928881,280.428241560514
22.1615,124.745079044603,286.286899992917
22.162,124.737763613342,300.144671566632
22.1625,131.649615841915,289.556908657788
22.163,124.770080146231,245.602626234837
22.1635,100.72329663583,188.743969481699
22.164,67.9122691235782,141.868800711662
22.1645,30.6992810327129,112.878128056896
22.165,-8.61701658005761,100.999172827419
22.1655,-41.8563002864779,104.536863121759
22.166,-63.5401302301011,112.751734953664
22.1665,-83.0593219294978,97.8196011306932
22.167,-115.790503495449,33.6895777133833
22.1675,-163.330565654687,-68.5245453330375
22.168,-211.037671994966,-157.871433830122
22.1685,-242.285199408636,-192.858605452606
22.169,-246.866765304935,-186.503232734986
22.1695,-219.9801384706,-184.119668511678
22.17,-165.480209672954,-201.286927601064
22.1705,-100.504496173521,-207.101502325867
22.171,-45.7932393913506,-170.1612712447
22.1715,-7.77824819593336,-96.6715099166736
22.172,22.9886579946453,-16.1286449434981
22.1725,54.1236286395592,47.5726867276225
22.173,79.8666576109532,81.1896798391644
22.1735,90.3285835350346,83.0214219074197
22.174,85.4422721690618,75.8270864461281
22.1745,74.4768621433379,99.7467009384806
22.175,64.5087391637435,171.819727047516
22.1755,52.2076257569257,261.730684648993
22.176,24.9691505222033,319.785081674993
22.1765,-29.8221419053657,318.510522371287
22.177,-111.224815006073,262.016330163465
22.1775,-197.819035747311,176.501828552618
22.178,-259.314546752003,102.760470853344
22.1785,-279.802492823714,71.673729602052
22.179,-268.125492381342,67.8244759999601
22.1795,-244.439123281416,42.270562422704
22.18,-221.895367848746,-16.812622197773
22.1805,-204.82578728612,-56.3456111563664
22.181,-196.99236738126,-34.537396257254
22.1815,-200.005142366429,4.25653331142021
22.182,-203.488238550415,-18.8120324757264
22.1825,-188.258684132444,-103.900899081816
22.183,-146.958833264177,-167.080040529081
22.1835,-96.9842501703053,-153.209755191615
22.184,-64.647285880402,-103.12356829774
22.1845,-55.5560206538023,-89.6757539562779
22.185,-45.6874034292909,-128.011845890968
22.1855,-4.10163900994054,-175.728721397433
22.186,77.7976840843065,-192.958861312151
22.1865,180.114159275897,-174.170592241667
22.187,272.957099909019,-138.249437836878
22.1875,337.104229087619,-111.528048347652
22.188,369.002683781067,-111.055966968433
22.1885,372.681431147799,-128.353101174433
22.189,351.660039978155,-137.107154434598
22.1895,308.376372289155,-123.340909259941
22.19,248.944439300809,-92.9437420567006
22.1905,186.48258480381,-45.9464102344295
22.191,137.379290550222,27.6155511916025
22.1915,111.118111686953,108.757116742327
22.192,102.880064949311,136.420408393725
22.1925,98.7871399253133,68.8875464332076
22.193,90.2972525492253,-52.8540075228823
22.1935,81.2523654370217,-136.617516439837
22.194,78.8518902947292,-134.172472880967
22.1945,81.5356175761076,-80.841630837884
22.195,81.3686553440693,-42.2321777080645
22.1955,76.9049611758785,-49.0940967096409
22.196,76.365531531142,-88.7294187594378
22.1965,86.0636585886578,-130.491534829595
22.197,102.135994449407,-142.275311924686
22.1975,117.368092036405,-102.804951611505
22.198,129.505293496676,-21.7019761765106
22.1985,136.16603505749,60.7260945636788
22.199,127.438907318265,113.997760323632
22.1995,94.5241443818367,153.663994639399
22.2,44.4064171348434,217.08400514089
22.2005,-6.07184325527605,304.851433125602
22.201,-53.3237697381034,372.157616361387
22.2015,-111.54806362727,387.483182522432
22.202,-186.475019868495,373.037841025682
22.2025,-256.140769200813,363.190838479067
22.203,-292.030935789898,343.083133510082
22.2035,-293.773140207793,267.657020328862
22.204,-286.200046154691,140.383711263259
22.2045,-281.909053145436,30.6307670988229
22.205,-265.017052295199,-7.29629997931871
22.2055,-220.165521065065,-0.902932886487067
22.206,-161.971604926043,-15.0602639870645
22.2065,-119.965259899011,-60.6783648033244
22.207,-102.027790802821,-84.8564490326676
22.2075,-90.1794374875983,-49.0192804888796
22.208,-71.5271356850837,15.8930327201417
22.2085,-56.0168928177868,41.4625471211864
22.209,-57.3496131990944,-10.4051269325092
22.2095,-69.793663186084,-118.962911979322
22.21,-75.2856768431946,-229.661811420435
22.2105,-67.2707296589662,-301.107452136221
22.211,-56.7164338904401,-334.30785798991
22.2115,-56.1272337381451,-355.867123604562
22.212,-66.014540206898,-370.81454970775
22.2125,-77.5361213760397,-348.918686427341
22.213,-81.955367487327,-273.397124843708
22.2135,-76.0273772551582,-182.8024515363
22.214,-62.8835345273034,-131.760570996108
22.2145,-49.3886539190828,-119.683894528933
22.215,-39.0928304039565,-96.6147516605783
22.2155,-26.1394890716163,-38.728258006065
22.216,0.922670305454149,23.7546517182818
22.2165,46.975050700662,62.0276380947774
22.217,102.76348497411,89.1245233826056
22.2175,150.296934093667,126.107010622609
22.218,175.993850734056,166.344273810068
22.2185,180.541986986354,198.846475579957
22.219,178.260654088276,233.064715422871
22.2195,185.837564874139,270.365946900008
22.22,208.914630143306,281.379734602636
22.2205,239.186140906682,246.696743252737
22.221,264.271934204477,194.182802071712
22.2215,276.683964092,158.090458650875
22.222,271.668837414915,125.345353909512
22.2225,244.128526896722,66.7479037696327
22.223,196.67273064716,0.945314563626299
22.2235,146.278771453999,-27.3012868958671
22.224,109.922756098838,-24.5753572326261
22.2245,82.2558793564061,-46.1389066081397
22.225,40.3813041734194,-108.959393214265
22.2255,-23.8041822996535,-161.790470944848
22.226,-87.7759299485076,-160.067395106111
22.2265,-123.63229461666,-123.541225494919
22.227,-129.547381290361,-95.6163639920421
22.2275,-124.895982175495,-87.3082168491994
22.228,-121.876408381382,-90.0393430323367
22.2285,-116.532223160374,-105.204651259868
22.229,-104.505552556375,-124.518938878032
22.2295,-89.599359366795,-112.206563378942
22.23,-73.9852095482785,-48.8847655259737
22.2305,-52.7878648464202,27.1041444105088
22.231,-23.7225461781264,62.5642917815242
22.2315,6.97679724615731,58.1311382363143
22.232,32.6845555990704,54.2509269525233
22.2325,51.8424236606723,63.7013635789411
22.233,60.3430959723066,66.342733048783
22.2335,47.3015675296942,64.7067450627018
22.234,7.29764253088798,88.7437034291154
22.2345,-46.1826474315453,133.70827332239
22.235,-86.0796476235372,146.546537440333
22.2355,-91.7141362080092,102.230681458057
22.236,-65.1030721446329,50.8722563445373
22.2365,-32.8115811510032,49.6791489470698
22.237,-30.9473808990048,77.9440156532563
22.2375,-78.5904987242589,66.6720609061038
22.238,-160.127810851175,-0.718269826829432
22.2385,-237.506637665299,-65.9704966950101
22.239,-281.771532203286,-78.5074411748434
22.2395,-288.701714109338,-58.4128169781747
22.24,-267.64685032443,-58.3053774854883
22.2405,-229.350393697579,-91.0597053399458
22.241,-187.977340930965,-121.102057138464
22.2415,-159.091408307235,-114.667221720744
22.242,-144.514419949573,-76.3447696247707
22.2425,-128.754681818045,-39.0215636728978
22.243,-98.9197765780521,-33.248496694366
22.2435,-56.9176680029085,-66.0088442400655
22.244,-3.10786567511698,-117.778142514712
22.2445,75.1781809861546,-159.008334477242
22.245,179.651032924676,-177.359663264967
22.2455,277.542705808461,-188.99931229382
22.246,327.110716246444,-215.971261534085
22.2465,324.115481818431,-252.786718663672
22.247,300.791752942168,-264.290323903374
22.2475,279.609218028043,-220.107249052852
22.248,252.664632149067,-125.912884714346
22.2485,211.117848149547,-18.5227925885996
22.249,168.439516913124,64.2512979225501
22.2495,139.812166423711,107.191589430002
22.25,117.722685987697,121.294294832209
22.2505,86.4172919370309,134.255252290009
22.251,49.2166199130005,174.405510496546
22.2515,23.9607958604206,252.142204233567
22.252,17.222655082057,350.464389213021
22.2525,18.0459127797077,435.702730229006
22.253,15.0398819558622,480.97065429885
22.2535,8.10934769820523,481.68775971715
22.254,3.65324167700453,453.454423105767
22.2545,6.08074380829634,419.428671114716
22.255,13.8669811918452,395.559058468209
22.2555,19.6114588911729,378.67428562511
22.256,15.8748916236297,348.072133952808
22.2565,2.97650629979771,286.685902246049
22.257,-13.426088674206,201.355291075261
22.2575,-32.9456156938998,112.812345441684
22.258,-60.1064351278208,26.28585906776
22.2585,-91.8528225060797,-70.5366524044422
22.259,-117.416579287377,-173.979891381454
22.2595,-135.075403260557,-252.350952985245
22.26,-154.833555098901,-289.072735961031
22.2605,-175.810327928277,-318.997442975243
22.261,-175.387979769872,-385.749904262047
22.2615,-134.119137895062,-467.684451437737
22.262,-60.6895418987096,-489.206779337919
22.2625,19.8680278632452,-419.278616234312
22.263,89.5030517855978,-318.818978126344
22.2635,133.721141649416,-261.722744546059
22.264,131.777253334885,-241.189636479678
22.2645,77.0159244339622,-195.939517714975
22.265,0.15717675814473,-108.992822498925
22.2655,-54.5448865324667,-28.0242703403916
22.266,-75.0339782375654,11.9005869322567
22.2665,-78.9571564633543,32.9093554127973
22.267,-69.0445095363223,62.4777324330232
22.2675,-25.2190349049991,80.9805761324406
22.268,49.8271407634017,56.2463201732062
22.2685,111.056083937286,4.30394829206721
22.269,119.587383202169,-25.0787212396358
22.2695,88.7169705016234,-17.3558964339572
22.27,58.3643735801776,-14.7585209927773
22.2705,41.9025161185811,-63.7708550238185
22.271,26.2818164152212,-161.452147974368
22.2715,12.8015313605851,-259.653021395319
22.272,22.6934241758848,-309.49157516516
22.2725,57.7227247723836,-298.286164242949
22.273,83.6810013301754,-252.769419459538
22.2735,68.3696283746296,-209.893813385237
22.274,20.7314334958874,-181.288240800236
22.2745,-22.8109615713719,-149.060294051218
22.275,-42.9575107842273,-97.9396467157519
22.2755,-53.9521763649385,-39.0805784844704
22.276,-76.6530935716179,7.91718907439101
22.2765,-108.290239334085,43.4506005343213
22.277,-127.007671051622,80.9929059574753
22.2775,-122.43303842671,120.793627303942
22.278,-111.725169757815,152.073295189436
22.2785,-119.885483477703,178.405398604067
22.279,-149.025237666268,218.284251548622
22.2795,-175.531488075408,276.548144096764
22.28,-177.291133290964,333.384726587139
22.2805,-155.736934727342,366.937740987332
22.281,-130.014975798674,371.68825653891
22.2815,-118.344758668339,350.949370472442
22.282,-127.858815350793,308.847385285252
22.2825,-152.33227175868,257.339831209024
22.283,-173.082774871932,215.219495541732
22.2835,-170.394028192587,189.683744733125
22.284,-142.039321100546,171.336345451767
22.2845,-104.163522724116,157.749739218226
22.285,-67.7648598850284,169.450960488606
22.2855,-24.6041321209919,226.354851390137
22.286,32.6873971460087,310.810123054354
22.2865,87.0989986630931,365.636349349612
22.287,112.20853481067,333.971992061575
22.2875,107.857611695646,204.969109410749
22.288,102.726593761375,27.7803480144753
22.2885,119.139108126972,-119.107616777091
22.289,152.24623841975,-182.445917170482
22.2895,190.144685908646,-165.841845739535
22.29,237.362809285928,-110.437292849109
22.2905,302.82235310379,-55.7780147031018
22.291,371.191697153879,-30.2276084121701
22.2915,402.122379515723,-62.0023284213326
22.292,363.247395872807,-163.0177182622
22.2925,261.077680601413,-294.689216025146
22.293,139.223176231629,-382.164195320253
22.2935,47.1044768037729,-383.871111595431
22.294,5.90914066607154,-329.469094095667
22.2945,-1.2577179760093,-274.141613853145
22.295,-7.79400745811432,-237.674617981488
22.2955,-30.7243990492996,-210.049987068946
22.296,-57.1263661727364,-193.506361387708
22.2965,-60.364712816408,-201.910307865577
22.297,-27.4463079996408,-224.146785722371
22.2975,28.2518423671766,-222.757933129645
22.298,78.0661597841591,-176.821454788886
22.2985,102.271823524987,-105.183582939954
22.299,106.399894143191,-42.0683438308551
22.2995,113.143219566164,-7.51737778924155
22.3,135.857612186554,-5.44011418599796
22.3005,162.333221471634,-30.8605674260754
22.301,168.43906655069,-68.2340086414848
22.3015,144.752289734309,-94.0890670519822
22.302,104.009919114798,-91.4816047162736
22.3025,65.137975838699,-59.01360497237
22.303,37.9769343517239,-5.27482591983025
22.3035,22.3936848802947,59.0320145816352
22.304,11.9522538755527,123.969043277632
22.3045,-4.92309148894166,182.147731166382
22.305,-39.3339923330887,226.939629664734
22.3055,-91.9507108192141,247.069144475964
22.306,-151.932677339659,233.909578572924
22.3065,-207.123473611536,202.699562957638
22.307,-250.740823785687,191.365481034123
22.3075,-278.603074505035,219.76324093062
22.308,-288.438208384731,261.098615784703
22.3085,-285.046549263733,275.417386658653
22.309,-279.117787069015,260.766409653105
22.3095,-277.975941876608,243.235991189389
22.31,-283.78955166568,224.659082933838
22.3105,-300.919164839405,177.713806275937
22.311,-332.844272730393,95.7116227895249
22.3115,-366.776059943231,8.05991856329927
22.312,-374.21635428541,-66.1508345151902
22.3125,-337.335233944187,-141.123685146733
22.313,-266.178566608891,-218.96306791557
22.3135,-180.020209643048,-258.830166174445
22.314,-82.5024115673623,-228.315340006888
22.3145,28.7010379811226,-160.997280331906
22.315,134.293009342072,-119.431471147296
22.3155,197.049407166302,-110.532483779237
22.316,198.860588177279,-80.4212796128175
22.3165,161.517629304502,3.48251680443645
22.317,125.082686941105,102.706111367648
22.3175,114.251323268624,152.808363496801
22.318,128.583787834374,130.134068478727
22.3185,153.610002729865,58.3360461384612
22.319,172.529177418344,-26.7921570131555
22.3195,173.695808482876,-95.7091296415761
22.32,156.740134088861,-125.08463338067
22.3205,131.93410320586,-112.187277315551
22.321,110.237556758662,-93.9634642328992
22.3215,94.5924904237532,-126.316257452799
22.322,80.9706968493918,-223.420518666178
22.3225,63.8135857032831,-324.412502008394
22.323,39.6160516516635,-343.632717533132
22.3235,10.8476771919369,-265.040148996705
22.324,-11.332956201615,-172.508739166981
22.3245,-14.456661727784,-165.849357165865
22.325,1.03988424605983,-248.315062868635
22.3255,20.7067728570423,-318.116115752885
22.326,34.877813922282,-278.327102067991
22.3265,53.3540130719591,-136.300386026113
22.327,92.6407072706206,18.564923419049
22.3275,150.169069442296,116.142430093673
22.328,200.669658779019,158.807808055271
22.3285,221.112114444666,182.089269923577
22.329,212.200699555332,197.348672937524
22.3295,189.95457349329,191.476621253119
22.33,161.353967144205,166.905411034714
22.3305,117.564121290814,156.460542317205
22.331,52.4643696717527,191.160821864757
22.3315,-19.965542010924,263.238281690835
22.332,-73.1809094443821,332.287123392285
22.3325,-91.3332878700169,368.514480324983
22.333,-81.577247042054,379.104074464367
22.3335,-66.5037475694194,383.457680824511
22.334,-69.9630668105917,372.423747236976
22.3345,-106.268458785268,312.750076682496
22.335,-170.564335632717,195.346396672782
22.3355,-234.481411627193,59.9282738437359
22.336,-260.580305679372,-39.3639103649634
22.3365,-231.169047979211,-79.0019312987309
22.337,-161.604704256605,-67.0485694587572
22.3375,-81.647390264821,-19.1946415160977
22.338,-9.53145441872602,43.1071721493164
22.3385,49.9898652625101,82.0107033648632
22.339,91.2595689035461,61.5014150733303
22.3395,106.270069625148,-15.7534029852704
22.34,97.6247871419872,-104.438805262767
22.3405,81.0788760133253,-154.683578533406
22.341,71.2317938345413,-148.741959089361
22.3415,70.6011834892968,-108.759369388527
22.342,72.6775571350918,-84.2299278212664
22.3425,68.3990978556616,-122.61769797041
22.343,50.8794152783214,-225.099142785922
22.3435,23.7397761772737,-328.484427131371
22.344,4.96334858833378,-355.758772134755
22.3445,11.3894514537886,-293.496729053366
22.345,37.7741171362093,-201.061347019969
22.3455,62.8137308964364,-139.093091959866
22.346,77.5688635327057,-112.917500836838
22.3465,92.7333971321682,-93.7886581486402
22.347,112.10275766104,-64.1609643165178
22.3475,116.503681294056,-19.8562409948261
22.348,88.3752129211684,46.0918676888229
22.3485,40.7495894490629,128.651499883456
22.349,5.352697931553,193.41716182441
22.3495,-2.24200035574525,207.755464436477
22.35,8.30166037413004,185.964456451686
22.3505,21.2569341831308,174.295014301814
22.351,25.9011863234635,191.520094365102
22.3515,11.1433669174591,213.274481639107
22.352,-31.1710531184564,218.365960280729
22.3525,-91.3404312820836,218.719601753062
22.353,-143.196459599258,229.65635642695
22.3535,-168.119126932201,237.065844855823
22.354,-170.489905630782,215.4500454139
22.3545,-164.988427110798,162.15465464964
22.355,-156.519813517759,92.9106658536909
22.3555,-138.998820064486,14.5856547114594
22.356,-109.326499019917,-76.7329218148583
22.3565,-76.7792337123179,-176.200873875136
22.357,-59.2509243364771,-267.407927610868
22.3575,-71.0058086347628,-336.691063260448
22.358,-111.062065246582,-374.902504942792
22.3585,-162.146438531144,-368.87498866743
22.359,-202.529921674181,-310.623604171124
22.3595,-218.908239840977,-217.300610948392
22.36,-208.747211400949,-123.855453507325
22.3605,-176.850437607045,-48.254761534677
22.361,-134.409692003576,22.5413981969079
22.3615,-94.6938112786787,103.394157564139
22.362,-61.208248317854,179.618882653165
22.3625,-24.4854111145515,217.206742021457
22.363,21.2722689974505,199.092737508776
22.3635,64.3426554571132,140.713868606568
22.364,89.2769273844683,71.8978333159175
22.3645,98.5625968841543,12.4828758565136
22.365,105.613871842965,-34.4317661078925
22.3655,109.94220533288,-74.0020362973752
22.366,97.8192823080389,-109.52766199644
22.3665,68.7667016094777,-139.332636684294
22.367,42.4702064573932,-161.98832865871
22.3675,33.7247046318216,-183.417359202877
22.368,36.9426100714065,-214.780952581865
22.3685,41.8002700101987,-259.243100269436
22.369,47.3589112169693,-301.933035196415
22.3695,52.2783128480906,-317.293494257358
22.37,48.5503464900171,-288.251190179591
22.3705,37.5801760696978,-218.283533937184
22.371,37.6391975690349,-127.632320762651
22.3715,60.7456660470106,-42.7765506762881
22.372,93.8405509920329,10.0406869574044
22.3725,116.783093823353,10.0112481266551
22.373,127.67521676924,-45.450057647956
22.3735,136.252219503741,-126.520826097491
22.374,144.709252226345,-178.906099179649
22.3745,152.357960446527,-162.716946878619
22.375,167.789120439231,-88.2076828838594
22.3755,195.762572881005,-2.31581533863818
22.376,220.277229751601,64.3394973004501
22.3765,222.536696408986,122.149107138896
22.377,210.230864097136,184.921504395227
22.3775,206.777493212078,229.066985494435
22.378,215.646169188947,219.744747534657
22.3785,219.305483185892,171.452893094977
22.379,211.347807901276,147.719510284018
22.3795,202.359587516565,189.643772045442
22.38,190.598920101613,270.876024734445
22.3805,154.9360526231,336.986603117375
22.381,87.5445227495461,363.516763269353
22.3815,10.4002124723613,355.727990320495
22.382,-53.1770166530749,318.915653732288
22.3825,-103.199040727708,264.76158332762
22.383,-146.95983085303,233.422815393315
22.3835,-179.612579796918,267.700475313192
22.384,-197.940712315499,358.923295219552
22.3845,-215.7633121942,446.890020456051
22.385,-246.084584037438,481.752888071536
22.3855,-281.878438003616,464.60490866695
22.386,-314.34266529284,422.348990247799
22.3865,-356.447072158538,367.372584826136
22.387,-422.621293724636,293.401839765556
22.3875,-491.023594909584,192.496726111758
22.388,-512.349381694472,66.024603053679
22.3885,-459.982732236019,-65.7298248160319
22.389,-353.924301688568,-161.526755871586
22.3895,-232.743322156051,-192.375498829098
22.39,-118.48995233713,-188.435543190723
22.3905,-13.725698863234,-225.105932216381
22.391,81.9235103706259,-338.639528973062
22.3915,161.926670492912,-473.012880080812
22.392,214.361758165072,-534.342454966343
22.3925,230.183132699838,-486.290080156211
22.393,213.714126498794,-372.776125008192
22.3935,182.765789244444,-264.135287463457
22.394,152.356212923218,-208.257154441184
22.3945,122.617992166482,-218.94013906791
22.395,90.4848793332929,-272.05325522596
22.3955,65.2134468127023,-310.635565979118
22.396,56.9988035541745,-287.745656128921
22.3965,54.2400285744815,-215.404902146713
22.397,31.2839903747803,-148.242139048146
22.3975,-17.7944017249461,-113.207782425613
22.398,-68.5711944381609,-82.6655796741453
22.3985,-93.9988184091608,-26.9390774791538
22.399,-88.9916269374354,36.597359383055
22.3995,-63.0341421574267,68.026366125527
22.4,-24.1405558431023,56.5345019928029
22.4005,20.6388360823055,23.2719557672056
22.401,61.7266905892717,-11.6664798216744
22.4015,95.6662298882869,-39.0909996123855
22.402,128.602263287474,-48.9099795654442
22.4025,161.258758561388,-39.2389896195416
22.403,179.47270242504,-36.4270869910288
22.4035,171.900195266501,-76.3942067120551
22.404,150.479227136499,-155.91284189059
22.4045,138.851920229574,-223.329564657051
22.405,141.54537187132,-230.926403839251
22.4055,136.821831060673,-182.77084368486
22.406,102.604517780446,-118.762259716226
22.4065,41.6168740548191,-64.4458528428612
22.407,-21.6216021277287,-14.1997348676962
22.4075,-63.2362786905461,41.5764698071527
22.408,-77.6435149242568,92.7695779595172
22.4085,-77.757769679791,120.127443979811
22.409,-81.2212325239105,119.344805145176
22.4095,-95.6041618446774,105.631344435026
22.41,-115.205253773071,97.1119295625738
22.4105,-129.524858368091,100.820142858862
22.411,-131.530489949308,116.053861868535
22.4115,-119.292999486592,144.782148306965
22.412,-96.5696164393457,190.820009736985
22.4125,-73.8974932511646,247.886808097405
22.413,-61.8301089075276,296.189654319414
22.4135,-57.9957453588816,318.07021852746
22.414,-46.3835327562978,314.952220052141
22.4145,-15.2722260727293,302.632202677408
22.415,28.5627322770512,291.633671284657
22.4155,68.9530929994329,279.504788443389
22.416,98.2938045303843,259.905440306866
22.4165,119.410972882077,226.503363277261
22.417,135.455430595324,165.96608682136
22.4175,148.908084518224,64.6051876601142
22.418,167.494606833395,-64.648366705252
22.4185,196.624633272188,-173.818168516651
22.419,222.093801813308,-218.443082040214
22.4195,212.836780427068,-203.423004712419
22.42,151.030462386498,-174.763344347648
22.4205,54.7852680041518,-166.188304110121
22.421,-37.0713298633966,-171.108382717479
22.4215,-100.435408361412,-168.960916164653
22.422,-139.923460789441,-156.911664419549
22.4225,-171.201826525798,-143.794514058811
22.423,-200.650693636565,-131.843673852299
22.4235,-226.051727436025,-123.551645479233
22.424,-247.491151038847,-133.762476034607
22.4245,-266.781215054897,-171.037736384126
22.425,-277.903461683245,-211.214527223849
22.4255,-268.31785856207,-214.415282612007
22.426,-233.078890381178,-174.161048124224
22.4265,-180.136412358378,-130.053412113324
22.427,-116.82989079707,-120.566566676964
22.4275,-38.6451125798133,-136.29350831875
22.428,59.4652265527275,-132.908975968952
22.4285,164.404237087676,-82.9357591528372
22.429,248.677494064557,-0.956310040815791
22.4295,294.440425133234,80.8968591075467
22.43,306.329444912662,148.725972244526
22.4305,299.708881838143,210.34423325938
22.431,285.119572560986,269.267887685526
22.4315,267.276314645896,309.191722572158
22.432,250.381265317207,312.781982759087
22.4325,237.901951394777,288.772775634755
22.433,231.559652977566,265.144217985351
22.4335,233.211261427211,253.845891593256
22.434,239.471174559382,238.435872691367
22.4345,229.011244279374,203.647874454544
22.435,166.036610635886,159.226327460881
22.4355,31.8587954266561,120.23516079874
22.436,-145.732949946036,81.8174804346867
22.4365,-304.472876462802,37.0961905551341
22.437,-394.035147963783,6.6173007772366
22.4375,-409.322411914451,17.5230193063739
22.438,-381.071325310937,55.5171999123845
22.4385,-342.569269404388,70.1643774381204
22.439,-309.11821812837,34.8275327524174
22.4395,-282.088151303655,-25.9028511081615
22.44,-260.146784461197,-75.0298719545042
22.4405,-240.012200239234,-99.3462457403195
22.441,-212.026331835586,-96.2556864436246
22.4415,-167.343907067811,-58.7380391912693
22.442,-113.223581909705,2.93134005564496
22.4425,-70.2821011417456,50.3627118304972
22.443,-45.7769179009351,55.761925246904
22.4435,-20.3489885986166,34.5291535022997
22.444,22.8835972064194,15.1640547501983
22.4445,64.0970005691752,-6.38459597504538
22.445,65.8723331486403,-56.0283364664495
22.4455,27.8711595892691,-138.669181039379
22.446,-4.46067611305492,-231.254148113774
22.4465,2.7282566269808,-306.401504620031
22.447,30.2005949983526,-340.216810852649
22.4475,40.3854942541719,-315.20426062196
22.448,32.2013654080577,-247.582725875076
22.4485,34.3884688750786,-196.983838487437
22.449,58.579912117699,-210.300771872052
22.4495,91.230309662317,-261.317543900294
22.45,127.425948786177,-281.520191730387
22.4505,178.791692437224,-245.249270261406
22.451,241.038532573062,-185.80161284529
22.4515,282.079484742435,-131.905158981074
22.452,276.365079296932,-76.332301545804
22.4525,232.329889658963,-15.5372329460939
22.453,174.368180479768,27.6078706223822
22.4535,115.228528511058,42.0489493668202
22.454,59.467281477892,51.972893672334
22.4545,18.1857748783659,77.9510606083603
22.455,2.04154038915266,104.671182575898
22.4555,6.47405162563146,110.627315174332
22.456,17.5882019797583,104.020448139457
22.4565,28.4884566845083,106.68116739586
22.457,39.8665235828788,124.213951283777
22.4575,49.1902661027902,149.724449246043
22.458,49.3189660665514,172.813028930275
22.4585,36.088959674642,169.43827160657
22.459,11.0287206832585,114.407625294968
22.4595,-21.4910049887589,25.454152291629
22.46,-56.098668219941,-38.9330812895969
22.4605,-87.7772318121,-53.6639932347442
22.461,-112.181351455879,-64.4366612529696
22.4615,-121.410769913431,-114.995252227108
22.462,-104.081478065816,-170.808893072255
22.4625,-59.9734401115173,-163.256176076345
22.463,-10.5824741161305,-85.4706858002244
22.4635,21.5492914054206,9.0448571362208
22.464,44.0104289302256,86.7202513304891
22.4645,84.9911038321933,154.376126375273
22.465,148.614379875191,206.603833655915
22.4655,203.393951905745,216.800018741895
22.466,225.65591631167,191.207480422968
22.4665,228.701798527959,174.968413135129
22.467,228.683247677925,184.837685110626
22.4675,204.795331651955,185.585419544313
22.468,125.126855171181,156.636139531546
22.4685,1.83350630751433,134.18220895426
22.469,-111.607589691049,155.130877355763
22.4695,-178.659367047707,200.956057485191
22.47,-209.715885362449,234.831063734112
22.4705,-231.623485370634,257.711736406419
22.471,-251.965739942028,282.721550350883
22.4715,-261.996771978729,284.70144610807
22.472,-256.01414037189,231.295961087031
22.4725,-236.462147846114,149.038797760261
22.473,-210.198676095111,99.056374512221
22.4735,-185.906361081789,85.3907401320447
22.474,-166.576370011949,44.2521731403383
22.4745,-142.736200703044,-58.9202223017224
22.475,-103.84543648935,-172.687444709512
22.4755,-57.2412210677439,-230.914557623365
22.476,-23.3868170748045,-240.707733376148
22.4765,-11.5920300987211,-255.779203527873
22.477,-14.6304368692788,-286.401083186691
22.4775,-28.5834304923525,-287.650536303155
22.478,-60.3778581920229,-235.46341456215
22.4785,-109.414697032816,-167.327161322435
22.479,-157.701990083374,-132.620660153498
22.4795,-187.601541302878,-138.728217315294
22.48,-197.775485796431,-167.623297617166
22.4805,-194.640939583943,-213.294682731702
22.481,-180.712672897169,-268.438203901413
22.4815,-158.823376401523,-294.726159765282
22.482,-134.038860602193,-250.187710068451
22.4825,-101.598506447286,-146.380435599671
22.483,-46.4654020289376,-43.1611562540582
22.4835,32.6780208444963,18.9003039098377
22.484,110.545239180568,49.0227142429359
22.4845,160.392397077199,62.8022341349033
22.485,183.364279271188,47.5823090801036
22.4855,199.701528526565,-5.93589678588352
22.486,220.044360802047,-68.5944844604294
22.4865,241.016637618332,-100.830854136382
22.487,261.11029122937,-97.1259672464502
22.4875,281.307473419211,-74.4892277277944
22.488,292.273856102041,-35.7567745572474
22.4885,279.995649105007,21.5037030463343
22.489,246.56911566824,73.3918887486704
22.4895,209.772668526419,87.0480571730083
22.49,178.91531804129,67.5559447112428
22.4905,146.344072364028,52.0497668108461
22.491,108.126166839683,55.8900435954411
22.4915,78.0506173895205,59.4427414540707
22.492,71.0398462732794,52.613546563601
22.4925,82.6085036335388,55.1777099672605
22.493,94.6076471710752,78.9287722056909
22.4935,94.0301067312462,101.674061865978
22.494,77.4100573521381,98.7473233285876
22.4945,44.9801366083373,77.2212442711014
22.495,3.69929263324358,60.1442795081809
22.4955,-27.5657799960902,55.3363724296063
22.496,-30.5752359100671,56.9351504611148
22.4965,-8.54549190512033,62.6880957281084
22.497,15.6395071251249,74.4116646993402
22.4975,25.3407210100979,92.2472358627371
22.498,24.2611820367914,116.699948187859
22.4985,19.754820100867,143.258512548159
22.499,4.95773992270632,153.571090500944
22.4995,-28.0658503763206,135.446170473999
22.5,-63.946538262955,115.445485667598
22.5005,-73.2608189359971,138.398593256233
22.501,-51.9361273393822,199.662952600821
22.5015,-34.9586274961595,231.806793832494
22.502,-57.6473465847626,183.457815356824
22.5025,-112.818154285257,82.045193557715
22.503,-161.121596714281,-10.4431015328948
22.5035,-177.656891777849,-74.6991610573465
22.504,-170.328425714843,-129.966654882604
22.5045,-153.292411550526,-179.041102988944
22.505,-124.352046388971,-207.366438954106
22.5055,-79.015299000912,-226.191197875338
22.506,-30.524180846125,-264.950229542523
22.5065,1.16279421269768,-316.791859957135
22.507,13.8344232121852,-336.957864872463
22.5075,21.4130615278609,-306.276734278054
22.508,29.9549524343786,-255.668811437773
22.5085,29.0310257419287,-211.447530829529
22.509,9.53643991035543,-155.351543972054
22.5095,-20.2891580455911,-66.2289581162356
22.51,-42.0735696302641,27.887776899028
22.5105,-45.9896266164935,74.2328086330107
22.511,-39.1915963725212,58.900751408569
22.5115,-37.9980973639523,15.8590138732799
22.512,-51.8363698026052,-22.6753979757852
22.5125,-72.0421063930016,-56.873176222602
22.513,-77.7358369124594,-95.2188422097462
22.5135,-56.736230548195,-122.565973134719
22.514,-19.3253372948912,-110.293394233312
22.5145,12.7380760901306,-54.1220705438589
22.515,27.8302297423369,13.5921715134192
22.5155,28.6941986449242,57.7795596722519
22.516,18.9168653872375,79.0600895736579
22.5165,-2.66378528540423,102.583197691185
22.517,-31.3913612307189,129.050684983902
22.5175,-51.9389356554483,121.618923405194
22.518,-51.9151583386384,58.9454545205621
22.5185,-34.5873099483951,-18.5716118431492
22.519,-12.0501008620799,-45.8064478143575
22.5195,8.23105854324528,-9.05850627940205
22.52,23.0675870122953,46.4082042274382
22.5205,26.7739477371133,84.0238443907808
22.521,17.1085227946052,115.148845937498
22.5215,6.53911464974442,161.694149086021
22.522,14.4099586141613,217.365102357425
22.5225,42.8496978344069,269.132283657116
22.523,69.0771860494762,325.918125406014
22.5235,67.9976786578138,393.091823878021
22.524,37.2062037731776,440.747697141712
22.5245,-5.49637275417159,437.865636521556
22.525,-43.5667899701415,409.092306976164
22.5255,-73.2761712352915,415.443152829763
22.526,-97.6089455423356,473.403687928894
22.5265,-117.466350412296,529.637223744135
22.527,-129.313747172586,529.196461895358
22.5275,-126.292701813657,476.859600152734
22.528,-103.625599505412,409.408102445115
22.5285,-70.2332348325363,333.224022292188
22.529,-52.9986586122612,221.424544468928
22.5295,-77.5509760355316,63.1780039369852
22.53,-139.751309266887,-113.008640772616
22.5305,-204.092424626027,-264.687694336732
22.531,-235.654889087664,-362.526961462372
22.5315,-226.831368437592,-395.008308030407
22.532,-188.015323522917,-375.383751316467
22.5325,-123.647030359731,-353.02474700397
22.533,-32.308250396086,-389.564431061372
22.5335,72.9141588743916,-498.976654055803
22.534,161.546124236041,-623.110109471183
22.5345,211.477796147333,-689.292390418998
22.535,230.410648229514,-687.214098239571
22.5355,244.383965805275,-668.86686871003
22.536,267.838477240824,-677.001525720412
22.5365,290.663687834697,-699.32427475781
22.537,294.350482463199,-697.796276945031
22.5375,276.294076901887,-656.704194850858
22.538,255.272198187341,-585.726713688409
22.5385,253.779122761399,-494.944111457492
22.539,278.260752225423,-390.438443588681
22.5395,318.283034403071,-287.397964085698
22.54,359.574384677691,-205.720399962144
22.5405,388.955468035716,-151.066575743319
22.541,388.196205368094,-114.304807810053
22.5415,339.078145451288,-89.666237835246
22.542,246.243512043202,-78.815668034795
22.5425,146.834670651573,-74.2877818538603
22.543,82.6732050830085,-53.8375034851941
22.5435,62.8726715216876,-1.38412050336061
22.544,62.9503103527354,71.8204944470038
22.5445,57.7429320946052,134.115207926966
22.545,42.8827813464862,161.067250685041
22.5455,24.7958657017737,155.085107488124
22.546,4.30995473786086,139.871287554458
22.5465,-25.035849434371,136.712424699777
22.547,-72.7531730345707,146.865505052028
22.5475,-148.200105923032,160.089292441888
22.548,-249.012916341514,178.340809739674
22.5485,-347.748044970924,219.330881619559
22.549,-404.347294778982,290.595367256669
22.5495,-403.573661587955,372.99775152656
22.55,-372.29988369888,444.238568428276
22.5505,-349.839373152928,509.767410845577
22.551,-347.852307906055,590.799308286536
22.5515,-348.920581416604,684.18240610009
22.552,-337.019465159103,755.659126066793
22.5525,-315.71222577207,778.515754950576
22.553,-298.293170302509,761.992260352573
22.5535,-291.991586231632,733.902045590683
22.554,-293.414300930318,710.009734299366
22.5545,-291.580525848622,690.31410164553
22.555,-274.361660738232,672.80237087074
22.5555,-238.098821064385,657.232342956063
22.556,-191.674320556505,639.655290326577
22.5565,-147.178959540872,610.855382825789
22.557,-108.259763564913,557.161053426394
22.5575,-71.8148584744233,462.695236881905
22.558,-36.954918607401,322.620605125731
22.5585,-4.75561131469157,158.721035131443
22.559,27.923275706828,8.22460015164844
22.5595,64.9439228436419,-112.096040490304
22.56,101.672958499378,-219.551951107635
22.5605,129.121136171729,-333.741665561874
22.561,149.878084054854,-442.57706741746
22.5615,180.931794708707,-512.471591679475
22.562,233.931158658014,-524.430668352008
22.5625,296.300956772589,-490.40102180293
22.563,338.053474226079,-444.707342054213
22.5635,338.446605627793,-429.93435030781
22.564,304.918504814435,-474.718331507821
22.5645,266.206783197331,-563.939181409688
22.565,247.176414191367,-640.813029848244
22.5655,249.247850312567,-662.928851637453
22.566,253.348550528694,-651.741554098509
22.5665,238.670469754958,-662.31575987743
22.567,196.598744110786,-707.398869616782
22.5675,131.527515712106,-740.899535543072
22.568,57.7360179583203,-720.171443589081
22.5685,-3.75634161769627,-652.878874850167
22.569,-37.0276095810186,-569.34973756906
22.5695,-48.0499113271052,-479.442548451388
22.57,-62.4457710587961,-381.241486206353
22.5705,-96.987403199807,-289.819514794487
22.571,-137.361335182309,-225.129785760541
22.5715,-153.248245775505,-179.83841209929
22.572,-132.744633182239,-128.047805584194
22.5725,-93.1562617014694,-64.8165056177098
22.573,-59.9473283629504,-12.3151222928762
22.5735,-44.323673331423,15.5196067484117
22.574,-40.5959943103842,31.1778494026227
22.5745,-35.6327303824321,49.0687747997013
22.575,-18.7540416641095,62.5488719399713
22.5755,10.6602219801482,58.0032780796178
22.576,43.1900345658228,39.7680128761398
22.5765,70.5694682707735,28.67085960536
22.577,94.3596220884316,41.8485188629837
22.5775,117.589910136497,82.9055288907069
22.578,132.832922447022,147.62885832053
22.5785,129.937815405483,230.887506980768
22.579,113.352624403724,326.894429966902
22.5795,97.8846840311146,424.730745099562
22.58,86.1471367542944,505.398661222687
22.5805,65.7032275453183,550.334688596427
22.581,34.4080020395728,559.898471158818
22.5815,13.0611139430736,556.692034575926
22.582,20.0690412807244,557.930675120681
22.5825,42.5447803574452,550.066325963761
22.583,46.5628090943675,509.462245724142
22.5835,13.363856613582,446.108299785714
22.584,-44.7562764949354,401.277872659452
22.5845,-101.846598437687,395.113202766811
22.585,-140.980194317816,404.545559786967
22.5855,-160.230814252664,409.467750538976
22.586,-167.209066473785,430.887532570389
22.5865,-172.677836023906,489.348338533574
22.587,-184.44607235605,542.848127083267
22.5875,-202.793881207328,511.003097327437
22.588,-221.523805301548,367.292085483966
22.5885,-232.224758178749,173.142191772898
22.589,-225.839826756471,6.12523262362188
22.5895,-194.157018902644,-119.660234576609
22.59,-137.042059832841,-243.958756783963
22.5905,-68.8965316365318,-393.044815873839
22.591,-11.5803821743491,-547.684627112797
22.5915,22.7410960100326,-670.301710244496
22.592,39.0958614177019,-741.457572729338
22.5925,48.7082019545647,-767.738689780412
22.593,54.8246819601436,-768.317078954566
22.5935,53.2368388397905,-758.290486214519
22.594,43.7845540335966,-737.112476029643
22.5945,35.2054897341028,-689.610778320974
22.595,37.1707877198065,-603.105386028401
22.5955,50.9745856669857,-487.032679630831
22.596,70.0274963934175,-373.724525149691
22.5965,87.586226451355,-295.270918005414
22.597,102.566684852391,-255.352707224114
22.5975,119.316137637307,-224.145284235586
22.598,142.260796197611,-167.14777871615
22.5985,168.310110243845,-81.4042925510776
22.599,184.692573716744,5.18676017953864
22.5995,180.183924218525,75.2005494902991
22.6,161.091852465733,148.501936016318
22.6005,147.654394095216,253.318668727536
22.601,145.920529105949,381.737815991601
22.6015,130.241137809379,495.350428258176
22.602,68.6582709767581,568.980471732475
22.6025,-34.8123929425559,603.926267672241
22.603,-139.016266218496,601.215006171995
22.6035,-210.875785998945,554.338938833826
22.604,-256.14079751551,476.099890449628
22.6045,-297.110286724923,400.466810864432
22.605,-336.319492563873,341.156678747612
22.6055,-357.62466320506,275.088817907286
22.606,-351.019195084952,185.399062065067
22.6065,-316.684623480866,94.4431184387752
22.607,-251.365748815169,31.6851820363135
22.6075,-153.589573822544,-4.52918369793511
22.608,-43.7530736089604,-25.2044949646534
22.6085,41.8720022880032,-18.7570285158655
22.609,85.9309360099413,18.661877124119
22.6095,106.513339325607,41.1823863061018
22.61,132.583617429823,-6.46286474080427
22.6105,173.054270310087,-107.680023062767
22.611,214.891433603889,-180.395749137116
22.6115,240.983060227905,-174.605565867232
22.612,243.646096332832,-124.099938484382
22.6125,229.539879454633,-87.7264867478868
22.613,217.192387366607,-76.8254498376475
22.6135,221.551765900853,-62.575266281408
22.614,235.597611501976,-25.4652867790472
22.6145,235.160458519127,28.6371390282372
22.615,207.025371007381,82.4212041411662
22.6155,164.251847163295,114.652037344501
22.616,128.991224954791,108.901768962001
22.6165,109.555467265724,75.0393429820308
22.617,100.647044017484,50.1300858465042
22.6175,95.724941162452,59.8038344631366
22.618,88.4043701118018,87.5009977338722
22.6185,68.0156885005804,95.7698332895525
22.619,25.9682712704053,68.0915869479842
22.6195,-32.6692643743379,17.5065321264698
22.62,-89.163461706532,-34.3837421209569
22.6205,-123.163570422035,-73.9651754210173
22.621,-126.222772542565,-103.26585944082
22.6215,-110.571481780349,-144.680742040855
22.622,-105.457637086633,-225.374727605986
22.6225,-133.617787762664,-340.506166519668
22.623,-184.380125432882,-441.622972056007
22.6235,-218.110115679763,-478.356540372688
22.624,-205.19484916658,-446.046127062901
22.6245,-155.459058207398,-380.663444794127
22.625,-103.85756681341,-316.799073610262
22.6255,-74.1577908237494,-264.770421734074
22.626,-62.6134003377486,-218.093991426875
22.6265,-49.6097464300974,-164.241418848707
22.627,-19.7469084254146,-93.2420430699193
22.6275,23.5779892495085,-13.4260619372891
22.628,57.3179932759598,43.6610595189385
22.6285,58.9992220942926,49.7463693464537
22.629,32.4166634904868,11.6334447242515
22.6295,3.74981458837653,-34.5046523364645
22.63,-12.5775245119111,-59.7430033934652
22.6305,-29.5491091636021,-64.9606274809864
22.631,-59.2003633370954,-70.465762729879
22.6315,-85.8161370020077,-92.3615357607621
22.632,-87.180434407336,-126.772571612748
22.6325,-71.7034797273206,-151.041341032741
22.633,-69.9715472790436,-144.342274201015
22.6335,-90.8093133250055,-110.877299464023
22.634,-107.607594805938,-75.2148509708617
22.6345,-92.4897602379599,-51.5394924022746
22.635,-46.8180610640068,-28.8067060590838
22.6355,8.35198523340602,9.9501790186763
22.636,57.9631640992963,68.7423793513452
22.6365,100.073273516363,143.75388066673
22.637,134.841479155074,226.828075222014
22.6375,154.299686768268,294.708716139243
22.638,144.012132089535,319.515604699308
22.6385,97.8922623589288,307.290532740264
22.639,33.3950013631854,303.386709850087
22.6395,-17.6474265042356,337.990241729721
22.64,-42.7892573367663,387.099711848321
22.6405,-64.0347410257149,410.305784337075
22.641,-105.083458561092,403.311102221675
22.6415,-152.943461244936,383.594047539939
22.642,-172.770433143959,349.205805711705
22.6425,-156.081720675111,292.737873173562
22.643,-129.963334568623,238.596193377484
22.6435,-117.363822135003,219.094308667928
22.644,-113.697228675997,220.760841915567
22.6445,-109.801570398054,201.429855276612
22.645,-112.838848320826,159.749212347318
22.6455,-129.697422743524,140.797089041792
22.646,-148.72972737271,167.284192974228
22.6465,-154.524731360709,209.460776227974
22.647,-146.282726710317,231.062743177588
22.6475,-125.472554586643,220.923718702702
22.648,-79.1527542551722,170.236946035375
22.6485,4.00855140299862,69.5277290891366
22.649,108.12349222992,-50.4190615625944
22.6495,199.344001956414,-121.981257237901
22.65,258.902905271637,-117.017195550952
22.6505,293.729948701915,-86.2436328439882
22.651,318.150369676998,-96.0425820153255
22.6515,339.470429354847,-158.382995201443
22.652,359.81650584913,-245.969907596971
22.6525,377.947952148023,-335.304960667983
22.653,387.668019145337,-400.048552243608
22.6535,384.796685952902,-400.579213768878
22.654,376.080113888796,-327.310742166454
22.6545,371.130161285991,-231.651693493329
22.655,364.388001698664,-173.191277572981
22.6555,334.05708061253,-156.093936299417
22.656,261.581704710233,-153.069555050741
22.6565,148.025955205712,-163.110082057755
22.657,14.2383930690838,-196.991717265918
22.6575,-107.702082342087,-228.710305356798
22.658,-187.943544221191,-218.966770783731
22.6585,-218.134088413685,-177.444074847285
22.659,-220.633096674622,-147.3256776075
22.6595,-228.04431879816,-133.872813990191
22.66,-248.34012429845,-106.227443022158
22.6605,-257.27347182439,-71.0064213347127
22.661,-229.357981546487,-80.0348409020545
22.6615,-169.24053970471,-146.67984187712
22.662,-106.755063476651,-211.775614414853
22.6625,-66.2240653119646,-222.538885724599
22.663,-47.4868562964811,-198.430712638746
22.6635,-35.1009501558311,-183.025057612016
22.664,-19.567282657155,-169.751700587807
22.6645,-6.98291540267055,-120.638712336296
22.665,-9.26216251447378,-37.6233922935702
22.6655,-26.4005981554936,27.5124940808485
22.666,-40.3435664606277,29.7793348859975
22.6665,-29.5729404391811,-28.9071740417888
22.667,8.25880341162588,-109.315437964485
22.6675,48.9544111230415,-162.661639795491
22.668,59.1000835509244,-157.120560715103
22.6685,23.6778950877272,-99.397921356376
22.669,-40.1028187202364,-28.0025137804664
22.6695,-95.2583011851408,28.1183425785135
22.67,-114.392258038932,76.7790791625329
22.6705,-100.900698135023,137.003767442904
22.671,-82.2067183211132,201.442088572065
22.6715,-81.512327197747,246.399147126863
22.672,-96.9106437730869,271.83934242195
22.6725,-108.005746223355,307.094927126636
22.673,-99.3601649056881,373.504627923089
22.6735,-74.6418300646306,457.063019823829
22.674,-50.8598287574029,522.589228119414
22.6745,-44.0210356004372,544.995847067995
22.675,-60.3931597404172,522.782415509681
22.6755,-96.4042187514614,467.713697668959
22.676,-142.756283252089,388.585314458633
22.6765,-188.575972164431,290.027369838349
22.677,-223.853319129336,187.365501329223
22.6775,-240.860079674914,109.929004597853
22.678,-236.521193788878,73.7120537732292
22.6785,-215.305465295573,56.1751750596771
22.679,-188.673294559127,19.1147558080863
22.6795,-168.639649843643,-43.6605712586324
22.68,-159.211055120613,-104.339090234713
22.6805,-153.461594523302,-146.663338392235
22.681,-140.963425082615,-180.767563173657
22.6815,-120.356967851895,-202.855861965196
22.682,-102.385664950405,-179.390001424332
22.6825,-94.7971771576497,-99.8407469690047
22.683,-84.8480858251314,-14.4816839272316
22.6835,-47.4541097256732,18.9205230219981
22.684,22.377499780361,7.58409817706744
22.6845,94.526115973993,3.19221871538094
22.685,133.582774980114,21.2169014702928
22.6855,138.3166972167,25.2459327355953
22.686,136.502193187916,-8.59940917089939
22.6865,144.640234350785,-55.538271366585
22.687,155.598464699169,-83.5678840199555
22.6875,171.364496566492,-97.9753234427741
22.688,220.638212178081,-127.40181480371
22.6885,320.033841086477,-187.668832510321
22.689,431.478935620459,-271.617842417961
22.6895,487.926373318224,-354.621951014283
22.69,464.544378161345,-400.426875237747
22.6905,403.127206935174,-383.276281138547
22.691,359.183203867258,-316.965853096885
22.6915,343.708403081362,-244.518332008703
22.692,329.707658988404,-189.986431506551
22.6925,300.480841615815,-139.917921965298
22.693,269.17934166273,-80.3302068086966
22.6935,251.906692041997,-26.099175211117
22.694,241.467896048458,2.41863643458626
22.6945,218.105546847144,8.50264781329989
22.695,176.167830508024,4.17384105552926
22.6955,127.036080194391,-13.8660040007307
22.696,77.8653967451931,-49.1293630480914
22.6965,20.6849591797306,-80.5933310694256
22.697,-51.7014590357061,-78.6157852014124
22.6975,-127.370813863725,-39.0095921181264
22.698,-181.394041508512,16.9030729862884
22.6985,-196.711931772727,66.380820221615
22.699,-172.419010772795,92.0375628487241
22.6995,-117.628700201462,79.8928111652198
22.7,-50.2138517286784,36.9689385450332
22.7005,0.243991916146874,1.53220170199746
22.701,6.67952557901327,7.71048301323518
22.7015,-27.9017573270672,43.6636950222249
22.702,-67.1595212527579,70.0931900188625
22.7025,-77.2018065955683,74.7891605181329
22.703,-61.2201150912003,78.9510406289143
22.7035,-50.7948067242374,91.8177683480163
22.704,-69.3007704550237,94.8736646038694
22.7045,-114.109523487161,79.0976303312541
22.705,-168.675912479794,64.0823800821042
22.7055,-216.578995042351,64.3210990009115
22.706,-242.873672893141,65.5903107333077
22.7065,-237.169422332417,55.9827195115328
22.707,-205.104131471431,56.7949704314295
22.7075,-170.84663374889,96.9844070027177
22.708,-159.831056591328,171.833137332653
22.7085,-178.039552851489,250.51349668437
22.709,-208.909889646391,313.28841608995
22.7095,-228.07472759163,358.496232435752
22.71,-221.036553966125,382.889160981196
22.7105,-191.971980973458,382.044786163268
22.711,-160.730294106153,368.185574418895
22.7115,-151.717843638595,361.936635253972
22.712,-181.841809739686,360.129850266509
22.7125,-252.049297550297,330.031648615431
22.713,-342.747585928945,244.456501331178
22.7135,-417.233503646799,112.623588901479
22.714,-440.347365561649,-28.3643827663243
22.7145,-404.133010018066,-143.150424986194
22.715,-333.576406552799,-215.169637651555
22.7155,-260.387425293793,-244.535342509498
22.716,-192.765865171482,-239.884336696569
22.7165,-117.090872586304,-214.470297617504
22.717,-25.7785126205145,-187.255318893358
22.7175,67.8841128239238,-180.287460353573
22.718,145.177558727866,-204.023286477737
22.7185,202.950392441758,-243.073336115412
22.719,252.777726964163,-267.814602710671
22.7195,303.233353277154,-266.185407902084
22.72,348.965899112386,-252.886128798416
22.7205,377.294447010091,-241.007370346455
22.721,381.992623437887,-222.52094943512
22.7215,367.758563092438,-192.956196756682
22.722,340.748901541021,-177.740035716075
22.7225,299.039452943665,-205.411642717674
22.723,239.594318384115,-260.402454531467
22.7235,174.954290328301,-292.240095428076
22.724,133.198772258044,-274.950971701704
22.7245,134.782893163386,-230.873239383594
22.725,175.39505099866,-189.366983279854
22.7255,236.34290295024,-150.478689624063
22.726,301.222652881972,-104.763473313605
22.7265,352.512901711399,-63.8297185905929
22.727,365.413863965796,-45.998106976733
22.7275,327.940075811967,-44.4682737204669
22.728,265.254113523944,-33.9557779408071
22.7285,221.101427153483,-4.40451256186826
22.729,208.729709987178,31.3033602867133
22.7295,198.595238482765,60.7811163435988
22.73,162.549900767807,85.0430042436355
22.7305,111.130080341167,106.787694535017
22.731,73.4192792175209,121.769804256933
22.7315,56.2362104839869,127.180029765879
22.732,42.4453995363688,128.118493804509
22.7325,19.7616593715397,130.529546002047
22.733,-10.047812502665,134.350002556272
22.7335,-47.3109893766711,136.763990335987
22.734,-98.6774950084003,136.638575764797
22.7345,-160.832013880342,134.077179285442
22.735,-215.507028872253,131.709638583738
22.7355,-248.176430132524,138.061385916945
22.736,-262.558953413094,162.178668202209
22.7365,-271.337107802946,200.375663463846
22.737,-280.289952295356,234.399338587864
22.7375,-286.327472559521,249.96245844724
22.738,-283.935864991434,254.262176723612
22.7385,-267.788306396953,266.330070350082
22.739,-234.492186625423,288.421745548086
22.7395,-188.358818572207,296.154317465766
22.74,-143.069948123415,265.073626750584
22.7405,-112.384643478363,202.105312057921
22.741,-99.391775068143,139.511248646236
22.7415,-97.3507700325255,98.5917647052081
22.742,-99.9582980970757,73.2719990373981
22.7425,-107.774134825668,53.3667927410087
22.743,-123.514721601878,46.1430609124229
22.7435,-142.230545575002,59.5848162844166
22.744,-149.450723325361,76.391337735965
22.7445,-133.676352327682,65.8517500066292
22.745,-101.532095652875,18.409480328504
22.7455,-74.8623209064437,-50.2509541617464
22.746,-68.5615026030043,-126.783788243632
22.7465,-75.9603660329974,-209.430416683013
22.747,-81.667556942878,-287.831541842105
22.7475,-83.1186779710774,-338.819132650353
22.748,-89.1499397190397,-353.337593487928
22.7485,-99.480040245754,-347.903360558522
22.749,-98.1901069399939,-336.966812187685
22.7495,-71.2261296673013,-312.007992100343
22.75,-21.6188362023759,-262.571643330309
22.7505,36.0843406696786,-201.156471574074
22.751,87.9136995186634,-149.534407898855
22.7515,122.812440368558,-113.523734746181
22.752,132.318667604064,-88.1754945838108
22.7525,116.294997324418,-73.980423301084
22.753,85.011144753481,-68.1769224645801
22.7535,50.8701531445246,-53.3911463893057
22.754,23.1001874626988,-19.2135512911414
22.7545,13.4418537106299,14.151361799435
22.755,36.7301216156781,19.2553650453089
22.7555,96.0788771998314,1.29313011653843
22.756,173.414374967437,-13.6541642745426
22.7565,244.253365300415,-25.9856010106078
22.757,297.458519059996,-63.990950862266
22.7575,332.319234037191,-131.377704636791
22.758,344.202785501009,-185.665019645736
22.7585,328.021545238391,-185.844625253918
22.759,293.11956225839,-139.425247832612
22.7595,258.929946602657,-85.0420375829743
22.76,234.223337178053,-45.8322067401397
22.7605,214.368535324284,-17.6020335441181
22.761,200.900229454656,10.3249817211312
22.7615,206.838369780238,40.9419928676013
22.762,233.593836091964,69.008434035754
22.7625,255.150996491328,81.2785839689656
22.763,237.896817111489,64.2926687271071
22.7635,172.382768504088,23.137656027128
22.764,79.7871097194862,-14.8981417352776
22.7645,-7.1078475734181,-25.2170300334644
22.765,-65.5267277486382,-6.29548327206364
22.7655,-95.631169291222,32.6262312200466
22.766,-120.2466446834,90.1199895361336
22.7665,-164.073092169568,163.849119011448
22.767,-225.36584447855,235.380683069044
22.7675,-275.660759758005,284.538986856606
22.768,-294.072782585985,314.311689746184
22.7685,-290.841499703737,342.142825361627
22.769,-287.057129837472,368.378036898075
22.7695,-284.038627584179,373.587676320081
22.77,-269.154095384584,350.234580330375
22.7705,-242.43835036475,317.706538569484
22.771,-217.363529196997,296.76902892208
22.7715,-199.415469167883,283.032542384488
22.772,-183.14931723003,257.167894191205
22.7725,-167.722118791327,212.339427326732
22.773,-155.264344881125,158.736120008911
22.7735,-136.144381798496,104.231919623922
22.774,-100.259098233888,43.154330750823
22.7745,-65.5339717275383,-30.9456708439838
22.775,-68.6796441167963,-106.814434557336
22.7755,-118.491631270665,-157.018788216769
22.776,-183.161968751496,-161.637768640536
22.7765,-235.905676450773,-129.869842069539
22.777,-285.433462551277,-94.8128893125851
22.7775,-339.832810421486,-85.1647788382474
22.778,-366.328468630338,-103.599565288611
22.7785,-321.960440707367,-132.287287108589
22.779,-213.823303795929,-153.906044793341
22.7795,-95.12770380641,-164.30051885119
22.78,-2.86838501141844,-170.273792880458
22.7805,70.1506838739808,-180.875314478365
22.781,138.723527965777,-197.86500441912
22.7815,193.757266741629,-209.990777450813
22.782,223.281388379038,-200.49451544957
22.7825,241.772240934923,-166.262430874605
22.783,276.444556804889,-126.153993386794
22.7835,333.362111353965,-103.159400334465
22.784,393.126827364283,-99.9384522653548
22.7845,434.694085652657,-98.1650744869824
22.785,450.179229920181,-79.6455409993284
22.7855,439.742704056048,-40.9048848934316
22.786,406.215479108765,10.5068908762066
22.7865,359.117812075684,63.9808108796998
22.787,316.479297085969,108.432086344653
22.7875,295.072317628474,135.091966661171
22.788,295.460247664931,141.350985396629
22.7885,295.924072641724,127.569744127579
22.789,263.726242792389,89.434430446327
22.7895,177.256646521511,19.4581566480628
22.79,41.0296915007635,-81.2387902367207
22.7905,-116.583777450056,-195.740929113216
22.791,-254.806144381975,-296.992632865834
22.7915,-332.966925513881,-360.120147748843
22.792,-328.890930745508,-374.693246647713
22.7925,-258.578791048444,-352.059974054351
22.793,-170.620330444223,-317.963787033622
22.7935,-107.279270235057,-289.922712173738
22.794,-73.6499089028478,-263.018976793608
22.7945,-53.8411626584065,-224.242161695282
22.795,-46.0069528857804,-175.361751572004
22.7955,-60.3472152506099,-129.223633278195
22.796,-87.4722573083968,-86.6099515618636
22.7965,-95.8482122172809,-33.766322684068
22.797,-68.1062113067397,33.8814552901811
22.7975,-20.3839793072905,101.011108761569
22.798,21.1071718975749,151.054398231972
22.7985,43.0827748198864,181.222148873049
22.799,37.6251548206071,192.647411426496
22.7995,-3.8793974388779,182.365723546565
22.8,-71.8763677819486,156.960361986699
22.8005,-131.452934147605,139.4536344024
22.801,-153.86816081431,146.569116065285
22.8015,-144.372717397788,168.843242305345
22.802,-123.427974887572,187.984104706928
22.8025,-94.7145900579068,203.565219376042
22.803,-52.027927900568,225.029899054476
22.8035,-5.94704376308027,246.980476641361
22.804,21.3713930927547,254.994699710677
22.8045,24.3201278340095,251.51957059638
22.805,16.3191819197145,251.698500466063
22.8055,7.52007796010458,252.273154842216
22.806,-0.433438618116022,228.073793723064
22.8065,-1.16709896176347,165.351810251385
22.807,12.7358533081157,78.8013260820466
22.8075,32.8732386474487,-9.40131488230097
22.808,43.2414395979373,-84.4960258183759
22.8085,46.9677932047523,-124.844069026678
22.809,63.1031074457698,-101.382364400352
22.8095,92.7655353389674,-15.3052350746952
22.81,111.308644485661,80.5150532212911
22.8105,103.342736330579,125.627017159341
22.811,85.2394256544573,114.360964490189
22.8115,80.0901032566356,95.1956916847026
22.812,86.6387126197824,111.248428791719
22.8125,87.0184905791404,158.979507897211
22.813,71.9191722088084,203.523755427899
22.8135,42.8516001530112,216.310075071658
22.814,-0.39207770658561,195.036722700568
22.8145,-57.4058917948471,161.076772234818
22.815,-115.548201277492,140.888283670496
22.8155,-154.030156608518,140.082175466441
22.816,-161.504992376844,135.448320569866
22.8165,-145.771311978921,101.779754269265
22.817,-129.56280744942,43.0627115779067
22.8175,-138.513530076949,-15.1613359820956
22.818,-183.217565914409,-58.6405837361575
22.8185,-245.193651845358,-91.0360860416039
22.819,-287.762122836922,-111.217685606106
22.8195,-289.740840202277,-109.553180813103
22.82,-264.709495510276,-92.8884682360629
22.8205,-241.644277814759,-87.9728001769215
22.821,-231.675860329788,-105.538687357955
22.8215,-218.42244802402,-121.353801726198
22.822,-175.162358873646,-111.79837529602
22.8225,-88.8115704678865,-92.3163414023882
22.823,24.037344835086,-97.8626867082959
22.8235,121.951511576796,-135.165119910218
22.824,172.531029122151,-179.141688811768
22.8245,187.980225547099,-213.826115428287
22.825,212.965891194305,-252.753669439391
22.8255,268.565975840873,-314.096007795982
22.826,325.015838198669,-394.045532384862
22.8265,343.442743748186,-471.337426101509
22.827,325.733165098848,-523.141990154379
22.8275,300.357641122179,-530.179703825127
22.828,273.801777255817,-482.757520957089
22.8285,228.089729473104,-395.603707542359
22.829,163.424013729533,-307.216721307807
22.8295,110.191442790932,-248.430811810698
22.83,88.9995639748708,-212.060546865422
22.8305,83.6258560276018,-164.789019523116
22.831,67.2211681145895,-91.2019717357689
22.8315,37.1451693157698,-16.8516949224498
22.832,9.466477240729,19.0828055323324
22.8325,-7.04534586632548,10.5703570902012
22.833,-15.5835003847374,-3.86288473246542
22.8335,-17.8933099235994,20.0941360371014
22.834,-9.91370444889621,86.4676820344335
22.8345,11.8154696412699,156.96099853764
22.835,46.5149220066752,192.597986839998
22.8355,87.688648706089,189.781219647576
22.836,121.38733002271,175.14801664213
22.8365,134.281360264145,175.942186255937
22.837,129.330022078149,201.831133906714
22.8375,124.38549362737,245.977029241423
22.838,127.600037485704,291.42640220272
22.8385,122.978983851261,319.263059428729
22.839,89.9124267717095,321.751073303228
22.8395,30.2789404161694,309.002156008275
22.84,-33.5071151758774,296.962500456074
22.8405,-82.1728908931415,290.686776633351
22.841,-112.935305264031,285.316176792495
22.8415,-135.227831975123,278.422130110236
22.842,-162.276675777276,270.667389243183
22.8425,-201.506870753925,256.615488253354
22.843,-244.355830768206,226.633650409675
22.8435,-271.606773714418,178.402882530539
22.844,-278.115539058023,117.49125240752
22.8445,-283.91315981759,49.3215250778345
22.845,-307.210165936701,-16.716155122682
22.8455,-333.940888887267,-58.3447816891936
22.846,-332.8915653486,-55.4219130974014
22.8465,-298.427267575616,-19.3514627554114
22.847,-257.04501862953,9.95066238203108
22.8475,-228.388919546753,5.91959944476123
22.848,-201.754217387044,-19.4470522395133
22.8485,-161.790356459287,-39.9178310666425
22.849,-117.889345587296,-46.983243434467
22.8495,-89.5728399769843,-43.9612308667513
22.85,-74.3052466533604,-26.148565962959
22.8505,-50.8811032104844,9.91321608874883
22.851,-10.9317976726264,46.4075243471918
22.8515,33.6540032277963,58.7651908220252
22.852,77.1218382987863,49.4451329645535
22.8525,133.072613763745,44.2344115547853
22.853,209.309756984093,51.065511528585
22.8535,283.38105671468,44.928036989588
22.854,321.297866613223,4.7698215509914
22.8545,317.099945197853,-51.994019573884
22.855,297.020496341154,-87.6701421362253
22.8555,282.648646453809,-87.8658725659161
22.856,268.123164338046,-72.7267412223682
22.8565,244.199139241438,-70.0743817504542
22.857,227.681890557684,-90.8944254785765
22.8575,242.632554654896,-129.189079448532
22.858,274.951189825238,-171.855892082117
22.8585,271.912700395186,-204.666686386154
22.859,199.183551533191,-218.342385207328
22.8595,82.0302998021796,-215.668338546866
22.86,-23.9098344862659,-208.695697916297
22.8605,-88.8592099916547,-204.569463261594
22.861,-118.820658220253,-197.370147807316
22.8615,-123.195305037299,-177.759842145249
22.862,-100.909941184616,-147.021281176361
22.8625,-59.0086844309993,-115.869457093543
22.863,-18.3704124197302,-91.4943748722639
22.8635,9.59326545494966,-72.8563047173518
22.864,33.8408100803238,-58.8126495224282
22.8645,60.9187809467319,-52.3398686209267
22.865,77.2854503316256,-52.5541412943141
22.8655,66.2713320360503,-49.8152018506679
22.866,28.5656957922816,-36.1801830213718
22.8665,-26.627107371089,-16.9755895882042
22.867,-95.3382989104478,-4.81910286176942
22.8675,-165.886791757324,-4.42123571038297
22.868,-205.597495443892,-9.60605058452926
22.8685,-186.06291719331,-12.3764548467395
22.869,-120.141909292676,-7.77506160759801
22.8695,-53.3625145369347,6.27153347703227
22.87,-17.3566111256528,24.2657266667479
22.8705,-8.55861565901569,32.2907598996737
22.871,-11.1549074102948,25.3478942848886
22.8715,-17.7493612746737,23.9318960939351
22.872,-20.9238542249762,56.4300778690319
22.8725,-6.89034950275131,121.619344292035
22.873,26.7055264915823,185.34357142155
22.8735,58.8392083240239,220.457267404143
22.874,64.5494889049467,232.274823381359
22.8745,39.0975456028437,234.969996621093
22.875,-5.36575187046398,223.220408844819
22.8755,-56.3501640898007,186.214379211358
22.876,-103.95468297189,135.073244135539
22.8765,-139.102077051393,92.5830614053723
22.877,-163.549243606979,62.0620024336971
22.8775,-192.965705995778,28.4051226111208
22.878,-233.686095523143,-12.7408621595257
22.8785,-263.061515821118,-47.8578191200287
22.879,-252.530850995894,-67.4795720399263
22.8795,-208.692367100169,-75.2520836850633
22.88,-171.190922795347,-73.1425246027013
22.8805,-165.819972886994,-57.2139389751834
22.881,-177.917505535164,-32.9553973728851
22.8815,-179.255263374865,-16.7469770722196
22.882,-163.154982039109,-14.9973935839329
22.8825,-139.884639392646,-17.0117685698048
22.883,-111.748941203083,-14.4230860041504
22.8835,-71.7226377790747,-11.0803084270542
22.884,-21.2845626723758,-6.1424606360772
22.8845,28.1119601457179,13.8239628073476
22.885,71.6414068513398,51.9629895131305
22.8855,115.044162492208,85.5343780460922
22.886,160.056598214809,91.4337399597684
22.8865,199.262346632202,79.1286131651907
22.887,230.33079058494,80.5117833495711
22.8875,263.246487717895,109.457832912751
22.888,304.660929720973,145.397956260298
22.8885,343.613978919121,156.572360762144
22.889,363.438860237989,128.98513872016
22.8895,363.069703598768,73.8469731495942
22.89,355.16798513397,17.9580016452663
22.8905,344.158505396152,-12.0761123231335
22.891,317.669271475527,-7.19447846888802
22.8915,264.029772338865,16.0467533524228
22.892,190.947781725493,28.7510265572011
22.8925,121.278545869925,15.2683960113993
22.893,73.4619425824626,-15.5140571007267
22.8935,49.129810225821,-45.6941684176565
22.894,36.0859472635016,-72.6893897235666
22.8945,19.4963655576773,-113.285716035802
22.895,-7.01838681176015,-179.838004089936
22.8955,-36.7258652809812,-254.993970024452
22.896,-56.5057382681999,-299.312378920529
22.8965,-60.334929984983,-289.535562965182
22.897,-54.8501963097582,-242.938782618282
22.8975,-50.5887653423772,-196.722775949285
22.898,-51.358438350155,-170.389940491364
22.8985,-54.7678818761098,-158.587109908415
22.899,-58.5586820155239,-152.326874327205
22.8995,-61.2260939518309,-148.872071724405
22.9,-59.8250216725154,-143.004015091357
22.9005,-53.406778219874,-129.239141218425
22.901,-46.015102371594,-116.594614999952
22.9015,-39.2458321764106,-121.859733968353
22.902,-24.8110063897821,-140.839563126923
22.9025,4.75262440710126,-143.846899698098
22.903,37.5026843743372,-109.304147339543
22.9035,46.9967755914635,-46.5093570209447
22.904,22.1646517606728,23.6579953006748
22.9045,-17.7991512143399,93.2764268419251
22.905,-47.2542674270032,161.264805718725
22.9055,-64.011915156469,221.082005726764
22.906,-82.7529203581258,270.887389799506
22.9065,-104.766238913506,321.154655136716
22.907,-112.945714173398,374.573859146957
22.9075,-101.044295214665,410.680964954874
22.908,-91.7833595388481,407.947931999214
22.9085,-113.667886254711,370.050390891047
22.909,-167.204483312846,313.874206517436
22.9095,-225.498296302226,244.901893567375
22.91,-264.45589396617,163.636528088411
22.9105,-281.620200464441,82.383671328843
22.911,-287.726712304564,12.7214530115488
22.9115,-292.820666264717,-50.9389986584642
22.912,-302.942943103499,-110.263199668517
22.9125,-317.928267764532,-139.75658876857
22.913,-325.862987317592,-116.998486603963
22.9135,-309.413206985994,-65.8764349807623
22.914,-265.716391006642,-31.484435762205
22.9145,-212.028877446193,-15.8935623418073
22.915,-163.553483562839,18.2534037303555
22.9155,-115.697051841177,75.8943704269492
22.916,-60.6106054964582,108.172930698446
22.9165,-9.74243748536722,80.9929739837743
22.917,22.4716571723574,23.0273018475457
22.9175,53.1112434142312,-22.6663170840155
22.918,120.06649888405,-60.3670669960506
22.9185,227.974858896084,-119.64808500117
22.919,330.69563328539,-196.246843274125
22.9195,385.312989366557,-254.303486565738
22.92,402.76949427521,-275.559892071136
22.9205,420.976621421387,-270.93789463857
22.921,443.374832985641,-249.212191429185
22.9215,435.747098006137,-207.498314929025
22.922,380.457287653435,-153.117114875037
22.9225,303.336301205619,-105.482881641887
22.923,240.598522654124,-70.9025532888446
22.9235,202.940046593627,-38.1251605126177
22.924,180.553882703115,-3.41470721535618
22.9245,162.256088266273,20.8944012576034
22.925,138.198564009627,28.5310287008743
22.9255,100.902269916564,30.804011891288
22.926,55.9005716629495,38.2365493201943
22.9265,18.3445353151628,46.3699943942254
22.927,-9.73609537943391,47.8224206306751
22.9275,-43.7301269636027,45.3237592639478
22.928,-88.8820546867317,44.8787555269376
22.9285,-126.124508831017,46.8570713276711
22.929,-138.642400859022,50.9679052784956
22.9295,-135.414730817877,60.5265003308483
22.93,-131.83706147515,75.2821580682791
22.9305,-123.498459015612,88.4047962981068
22.931,-100.288306414311,95.794913632314
22.9315,-72.912271383581,99.3887055601385
22.932,-60.2376879126414,96.0505414882096
22.9325,-58.1467533462148,74.1467667945919
22.933,-45.9346608279909,30.9472081779787
22.9335,-19.0702225324371,-13.4686947152396
22.934,8.9414962695283,-30.2494712345088
22.9345,33.906867401094,-8.02381870591604
22.935,63.5936279264204,40.3453927607319
22.9355,93.944208216934,92.9006235492926
22.936,112.298214587059,133.314189765458
22.9365,128.605026153714,153.891194018677
22.937,170.293576565935,153.490766305879
22.9375,230.525598818249,135.40708451968
22.938,250.462281226432,103.799548842734
22.9385,179.297565674242,61.097319442064
22.939,37.7231803221516,10.5294477931841
22.9395,-100.022840061496,-40.7095686235475
22.94,-177.476959972695,-85.469059719245
22.9405,-191.847250207939,-124.211360092571
22.941,-172.177097592508,-163.620813427657
22.9415,-148.660900881694,-204.043144605957
22.942,-142.905756867777,-230.938752324567
22.9425,-164.613975409112,-224.52738508681
22.943,-206.403891703016,-179.758171195968
22.9435,-249.415001602934,-113.266145772074
22.944,-278.641658997004,-48.4418234667069
22.9445,-289.729937974582,2.45466771692864
22.945,-283.827062892517,38.337123988341
22.9455,-263.665665640263,58.4929639216419
22.946,-233.565504404766,62.0623733454153
22.9465,-195.814613895596,56.4778707967436
22.947,-147.044145149619,54.1805935004348
22.9475,-83.5620502376161,57.396405871656
22.948,-9.5374130788721,56.1120976066324
22.9485,64.0084293141624,45.5122145755545
22.949,126.262601330339,35.0444812192223
22.9495,170.079341678017,33.7890237285103
22.95,193.486651551688,36.9641147624052
22.9505,202.097482504368,34.8204180379073
22.951,204.919875032213,24.4657352967993
22.9515,203.939161837314,3.44710763695241
22.952,194.596177015078,-35.7390370036437
22.9525,179.813863566743,-89.3509977311986
22.953,171.80505534087,-130.716148894908
22.9535,171.773091687982,-134.695019169595
22.954,160.909962609091,-109.47923267128
22.9545,125.955569933638,-85.0323805399481
22.955,83.1371614270886,-73.3295798475503
22.9555,57.5881452417742,-61.6695576051805
22.956,44.7841245786507,-44.4106312026226
22.9565,14.3771434079985,-34.8343255876878
22.957,-46.4759070592747,-37.5833798657067
22.9575,-113.624674927443,-33.7111676695166
22.958,-155.147897588026,-8.01996071924526
22.9585,-163.389574153452,27.0340554405543
22.959,-150.899580589962,51.3247773735618
22.9595,-129.796696700214,66.6745180236334
22.96,-105.750453719524,88.6685430011882
22.9605,-82.1518724875305,118.741387751759
22.961,-59.8402124700939,141.761681456673
22.9615,-38.2270890778951,145.282350770724
22.962,-22.3222664286586,126.550188708096
22.9625,-21.2993720854343,86.9086768670399
22.963,-34.7919023124826,35.1177285326273
22.9635,-49.0157515027286,-7.92162753776677
22.964,-53.0211664895187,-23.7537228020137
22.9645,-51.0291252260436,-15.5356016502721
22.965,-51.6779702500209,-1.57470929360467
22.9655,-52.4554783168091,7.50264568790484
22.966,-43.0602261252461,14.11069859953
22.9665,-19.2438106070385,21.0480866172262
22.967,13.3483008797914,27.7591830015962
22.9675,44.5986049695459,37.2164994299634
22.968,64.5850575516683,52.7515147104173
22.9685,69.5338844708892,68.5707731491623
22.969,68.3558079309157,75.5413533142805
22.9695,75.5835268485504,74.7330110050905
22.97,92.3047378494503,72.6245801781465
22.9705,104.134271810269,65.6380797998892
22.971,105.646883847349,44.5639448114407
22.9715,113.359792373461,12.9919891366175
22.972,139.601693982142,-14.8269417733965
22.9725,164.818436148404,-33.9952790361541
22.973,157.914073690035,-49.542441293651
22.9735,120.570842864488,-57.5545792018264
22.974,87.3262998142151,-47.2942072512257
22.9745,77.3891906926342,-25.9466353807507
22.975,69.6815055533487,-17.9514855997575
22.9755,37.7431897593384,-30.7042943056238
22.976,-10.6330777061145,-43.8688163926532
22.9765,-48.4452743318799,-45.8890571736704
22.977,-71.3446166848446,-57.031562146692
22.9775,-98.7900519688393,-94.1963170496615
22.978,-134.249068764837,-131.870175194626
22.9785,-149.672379147849,-127.636287406634
22.979,-122.013143710005,-79.5388401999344
22.9795,-69.2665350308714,-30.9467201403031
22.98,-32.4310311050684,-18.1057569328942
22.9805,-27.1607705500465,-35.0939431587399
22.981,-29.8456292264761,-53.6357832772745
22.9815,-12.1717764606789,-57.6449125738391
22.982,25.8218819476067,-51.1223985538988
22.9825,62.9274163211926,-46.3868564996889
22.983,83.5037266948174,-52.27233703669
22.9835,85.4346775952709,-65.2406987647811
22.984,70.107798815454,-68.1299432246074
22.9845,40.5993242462997,-45.2268792746012
22.985,9.87038916984395,-0.258390118744258
22.9855,-3.22804060062456,47.1626607526125
22.986,7.59675859027852,80.6731209660382
22.9865,28.3903271298681,93.6828554622226
22.987,39.5047771547564,82.0646306375763
22.9875,32.5429061253616,46.4867464909509
22.988,11.628970113336,2.19441659437301
22.9885,-14.0597099914952,-29.9336495105245
22.989,-35.6146692092806,-45.7487064655563
22.9895,-49.9413861093488,-57.1734803450691
22.99,-63.9852462498877,-66.8677649438187
22.9905,-85.7540688400627,-60.9036163287646
22.991,-107.622024444006,-32.8574836601671
22.9915,-109.851297983361,2.7230767258194
22.992,-89.4652682070633,31.7884469072843
22.9925,-75.3138969380513,60.4064981518784
22.993,-99.8779305896352,99.7638770990695
22.9935,-158.887439141885,144.564776251495
22.994,-210.75514663239,181.384620500626
22.9945,-215.66198726288,208.004740823546
22.995,-166.92720224136,228.049929534838
22.9955,-87.3583232366981,234.684115455343
22.996,-7.39989799806062,218.123628315443
22.9965,51.7102494909612,185.456167836422
22.997,84.8210539426437,154.875835899848
22.9975,100.134934445275,130.445991480087
22.998,107.830166663826,99.128880512187
22.9985,111.722485194831,55.11664534475
22.999,113.869220380075,11.9007891254324
22.9995,120.100239653295,-15.0469216263381
23,131.782455822793,-25.7913529193034
23.0005,137.58070701993,-30.8385837079885
23.001,126.064548163542,-38.8360488335011
23.0015,103.922403210149,-55.5131202551615
23.002,88.1833664516539,-86.142241120809
23.0025,81.9148193464084,-130.618618749701
23.003,73.2697562770313,-178.935587361941
23.0035,59.0135026062721,-215.843715770709
23.004,50.2475318890418,-228.832052653836
23.0045,49.2744002891958,-213.533371940625
23.005,39.8813604578548,-179.018772265853
23.0055,12.1130092045938,-148.514106671742
23.006,-18.9783321239146,-144.426158346201
23.0065,-34.0578316491454,-165.659646065146
23.007,-37.3339586103476,-184.871947306131
23.0075,-47.5920489554,-174.080770857474
23.008,-69.2491078109689,-130.434004760259
23.0085,-88.4492549580287,-74.1746774601006
23.009,-93.3581579322423,-26.5004050620199
23.0095,-83.3065362664472,5.81758754912935
23.01,-61.1367582605691,28.3598823782709
23.0105,-32.304044044497,48.5455150049385
23.011,-11.2199171521788,67.4422366660793
23.0115,-12.846035076092,79.3609242990641
23.012,-34.0156873227492,79.5745726635832
23.0125,-54.6564356911715,71.624611472407
23.013,-61.4841076730809,63.4506949585423
23.0135,-60.5468636953365,56.9829308725703
23.014,-62.455543892699,47.8591242358867
23.0145,-65.6567738741695,36.1549628794593
23.015,-61.958000239351,28.3675599783024
23.0155,-52.1499752380436,24.2262160857099
23.016,-46.9265723033559,11.3054442504299
23.0165,-52.1949535781799,-17.1475357476491
23.017,-58.7618134989758,-45.0911598275085
23.0175,-49.936112310871,-47.5186534608777
23.018,-19.460656653704,-21.108396670268
23.0185,21.1316710813747,10.9244839617085
23.019,56.6453816918773,27.4932703082853
23.0195,86.4195869010925,31.5488129842661
23.02,118.747756033771,36.053377193833
23.0205,146.524385282613,37.9912616186413
23.021,143.637846514716,20.5102439241731
23.0215,96.8102763324817,-19.5521247617902
23.022,30.9275500942515,-58.9780458191415
23.0225,-11.8364781258926,-69.5253375251209
23.023,-13.1039813336226,-45.7610927435458
23.0235,13.6566307422844,-5.5935529423611
23.024,48.2845242992116,31.4791047244975
23.0245,79.0293555380414,57.9238763038067
23.025,96.4539940208791,73.3398506062709
23.0255,94.1388829900448,79.1032792622489
23.026,79.5853901053349,82.095798706823
23.0265,66.7027108208625,92.8162838326021
23.027,52.3272845621607,110.508767158364
23.0275,17.1405460511856,117.033167530721
23.028,-43.7104850964472,96.9613578965641
23.0285,-108.130603273263,60.6783570593252
23.029,-153.871197388157,35.317998361352
23.0295,-180.947869354703,32.7625762429275
23.03,-196.319438707649,39.4614771132717
23.0305,-193.722706090276,41.2500011656799
23.031,-165.776188327218,44.4157382674057
23.0315,-123.437819251026,62.5493285302754
23.032,-83.9900307912281,92.4256258014331
23.0325,-46.9194686819522,116.220866613432
23.033,-0.618496160598807,123.687389226506
23.0335,50.1760722283215,119.146623712452
23.034,81.4793580301285,106.478530471437
23.0345,76.4505901132544,80.1321936703499
23.035,43.500878986033,37.3321099600935
23.0355,8.91237507539591,-8.38242051208049
23.036,1.05869525324046,-34.1339827354504
23.0365,37.0879848898256,-27.3603087312689
23.037,109.797718585742,5.22817354300703
23.0375,186.374040640877,46.2904921516996
23.038,232.184840264956,80.0936277360294
23.0385,238.565571812371,95.9509538007096
23.039,220.359138004297,87.4980792345397
23.0395,190.428461230104,58.2834300907969
23.04,150.160168351295,28.6979024209766
23.0405,103.987445872068,25.8918548511929
23.041,66.4351415711996,55.5853237122173
23.0415,47.3281132697105,87.2107214470517
23.042,39.0058182324809,79.343540175086
23.0425,24.166006553058,21.3748873009939
23.043,-7.80876578807776,-61.4098651219913
23.0435,-52.35855453451,-146.128435795707
23.044,-91.1971573930109,-238.855952360446
23.0445,-104.612148993536,-351.612678115455
23.045,-92.0872919807226,-467.267695675509
23.0455,-79.0728945321899,-547.748462869633
23.046,-91.7491266867506,-573.320176235696
23.0465,-125.882029388059,-555.053047000256
23.047,-153.596200355515,-508.712315152286
23.0475,-160.092557771406,-436.650570726228
23.048,-156.498807830353,-341.870301340085
23.0485,-153.325282968234,-240.975721767834
23.049,-141.455830456329,-148.955812701201
23.0495,-110.985371066321,-62.0540016338952
23.05,-72.9779054055538,29.8300056733482
23.0505,-46.4280890778101,119.914477996046
23.051,-32.8003756239899,187.565402165097
23.0515,-18.9175655254224,222.353599155227
23.052,0.538294411616127,232.905302089018
23.0525,18.8320902898992,230.700896414523
23.053,34.030234279844,214.64393069805
23.0535,55.8779135159413,175.563419905584
23.054,91.5950479222188,111.807896752948
23.0545,132.401738430892,38.5249258592605
23.055,158.466354886668,-17.4508477745315
23.0555,155.314661453049,-35.0070608367979
23.056,125.59159087703,-15.2241146302297
23.0565,87.0166228495594,21.4388590814341
23.057,57.9052959872214,56.8322716533857
23.0575,42.9056232771981,89.2345894315191
23.058,33.4481249568404,123.00153715047
23.0585,20.6356881884834,154.474528985262
23.059,3.41657890614606,179.656113051135
23.0595,-14.7122505144264,209.075858794215
23.06,-30.4830916113562,258.313819102246
23.0605,-42.442045689384,322.843107767616
23.061,-54.6955979198493,376.863162868577
23.0615,-77.4982510330659,401.01961365545
23.062,-113.711459098204,398.561447477811
23.0625,-145.398876270046,379.61607538175
23.063,-148.097526159428,344.277753509065
23.0635,-121.418870669537,291.285405666624
23.064,-90.6098630050489,231.260183276315
23.0645,-72.9771746088909,177.005119533454
23.065,-59.7605856492524,126.885279398613
23.0655,-39.2968265387274,71.1785432425754
23.066,-18.987001444195,11.1223243084002
23.0665,-10.1607186205099,-41.7746996912115
23.067,-8.23026055475552,-84.2576615144465
23.0675,-5.42178377435431,-126.200766201592
23.068,-7.78421576159024,-175.438336083967
23.0685,-19.0378004496033,-229.201003701584
23.069,-22.3710136031574,-283.705479090895
23.0695,-4.57810727419872,-341.322582580874
23.07,12.2803530354498,-401.890280402676
23.0705,-5.84797491679997,-453.756553179686
23.071,-53.5362656305522,-479.248051496461
23.0715,-89.1646077350867,-465.674539795946
23.072,-92.3792480896098,-410.234661037869
23.0725,-87.3873403583713,-322.078102083974
23.073,-100.191750157994,-222.844291097115
23.0735,-121.563277005055,-136.281653182083
23.074,-127.589152942196,-70.4322592861073
23.0745,-113.251018802402,-15.3371986787503
23.075,-87.4891763308028,37.3511092917369
23.0755,-53.5876998442245,80.5461094997033
23.076,-13.8156235080947,104.045030232663
23.0765,20.2884901875415,111.596359219413
23.077,41.3725200724623,114.951727599006
23.0775,60.7532777416969,117.521705093448
23.078,93.2337753923179,116.273666420525
23.0785,135.292640959435,113.934061189969
23.079,172.928212098955,112.580573171345
23.0795,203.792765571602,96.9225853868547
23.08,237.116219857609,44.7730090448517
23.0805,277.18689459146,-37.9328652802433
23.081,319.518068408211,-109.04840075739
23.0815,358.381883466668,-130.014396091468
23.082,387.632711251183,-103.759167849172
23.0825,400.39468086032,-61.228112512905
23.083,397.781978882631,-20.3425769588691
23.0835,390.112207981046,24.9415199815068
23.084,379.891376788106,79.7010544201873
23.0845,354.223223894525,132.273037772229
23.085,305.730447830808,168.822108658895
23.0855,248.037776602142,190.24072598595
23.086,194.651946165251,206.34298306386
23.0865,135.925127861867,220.829246199705
23.087,57.9464211423685,229.007936973929
23.0875,-28.1102376336863,225.19741141946
23.088,-103.308348702768,205.955192335464
23.0885,-180.054690117955,169.629909700942
23.089,-288.716065980513,119.40909374553
23.0895,-419.450086377287,66.0533249426574
23.09,-510.359561523417,22.4054639757571
23.0905,-512.17287009723,-6.73426505038243
23.091,-445.100800430397,-28.3903479680148
23.0915,-374.422594443299,-54.8215911708092
23.092,-343.774743069803,-92.1849337544567
23.0925,-347.37096652889,-133.581712517398
23.093,-354.317031982832,-163.633038954359
23.0935,-340.722823024753,-172.635669881428
23.094,-302.566361076862,-166.214597802569
23.0945,-253.020217447322,-158.68929834796
23.095,-209.288852844459,-158.531946561133
23.0955,-176.449245778429,-164.485100778769
23.096,-146.371428590769,-173.310568858379
23.0965,-114.161133814066,-182.702804553019
23.097,-86.644042589022,-185.410794129844
23.0975,-69.3393275993787,-170.203559657397
23.098,-55.2367904963103,-134.52810991187
23.0985,-34.8401613207357,-90.0436198207141
23.099,-8.49450011027461,-50.0555218956352
23.0995,20.252993012254,-16.9206557529947
23.1,54.21664531434,12.646373823487
23.1005,93.4965594377742,36.2488424703649
23.101,123.778716010394,48.2010371131739
23.1015,127.460704451306,49.7233326066468
23.102,104.108898368021,49.084102537876
23.1025,69.233208688883,53.6787290311737
23.103,35.9066606700904,66.9773519413945
23.1035,9.14617199701491,87.5782973461192
23.104,-3.82556206383906,103.477597938455
23.1045,7.92932911484212,94.7835023049502
23.105,45.9815403028667,56.141005548645
23.1055,96.9566853014686,13.4895546610624
23.106,145.190669251245,2.58415199956698
23.1065,186.450596507519,28.8639874824252
23.107,225.95526236385,63.0054381967106
23.1075,265.792303671418,79.6440581107023
23.108,297.307646347162,84.9206939736245
23.1085,307.222421222891,98.5048934623095
23.109,292.995165847669,124.105371027595
23.1095,270.270234021478,151.213719726493
23.11,258.272187776632,175.508661739447
23.1105,256.753509846117,201.755546501509
23.111,246.902050575716,230.275675503384
23.1115,219.362562698266,252.868777473094
23.112,189.342583755806,260.461182610848
23.1125,173.439221999468,246.514728491466
23.113,161.697807920673,207.509590506129
23.1135,128.577858297778,149.791820876595
23.114,67.5104579013371,91.1105328353338
23.1145,-1.31423943062414,44.1259999952436
23.115,-57.4412308647757,2.11373977229714
23.1155,-100.310012627129,-48.069760523579
23.116,-141.147445001647,-104.442876856571
23.1165,-187.253351495019,-155.735494037235
23.117,-237.652489143984,-203.355474210019
23.1175,-284.460770115494,-257.033926574948
23.118,-316.294011624238,-307.556395807449
23.1185,-329.292688926626,-326.190046915927
23.119,-334.958219259447,-300.93962998774
23.1195,-346.224742704892,-256.573843000391
23.12,-355.931076926612,-226.928521399787
23.1205,-342.731279103704,-220.081216278457
23.121,-300.096991018047,-221.415418287799
23.1215,-244.24877911305,-217.237002774809
23.122,-189.474761923775,-201.223187039161
23.1225,-132.735255281246,-169.357821175514
23.123,-70.6064553969932,-126.121712155503
23.1235,-13.7533600234502,-89.241112727842
23.124,29.1195434141839,-72.1706150864675
23.1245,67.6818201884289,-66.5558824772585
23.125,113.997633968782,-57.0019984747411
23.1255,159.92857801428,-47.2854439065434
23.126,186.635283298482,-53.1703120495927
23.1265,188.651643677958,-71.9404669235042
23.127,172.156153838124,-80.3348271279285
23.1275,137.609909314134,-65.7007901752811
23.128,85.3039174886483,-38.8664083809005
23.1285,34.8720805782792,-8.77476902567932
23.129,15.5151313298319,36.3249269387277
23.1295,31.2987208156204,108.671869434305
23.13,54.3941572993362,194.842494660159
23.1305,59.8705041056665,264.839882912826
23.131,51.5051514765119,300.994045556475
23.1315,45.0775949707895,306.662562551615
23.132,41.7149926463818,292.955804641571
23.1325,30.7411484180038,270.056572836693
23.133,8.67098704040447,248.854363545744
23.1335,-18.1085192707709,237.955075810231
23.134,-43.5524918621984,235.915244882229
23.1345,-62.444455216549,233.169164678336
23.135,-63.7660926537788,223.326972598504
23.1355,-35.2980399126845,207.98862778952
23.136,22.9890062686209,189.944992638197
23.1365,94.580547540348,165.988723917312
23.137,154.409695746243,128.111254123561
23.1375,179.866539804905,70.5547851073692
23.138,162.324126029875,-3.98171867887838
23.1385,116.670605861762,-84.3892400531765
23.139,74.1413404499457,-158.171196203311
23.1395,53.8451769896301,-217.594212212773
23.14,41.2874058861102,-257.163941755803
23.1405,4.64426056024544,-269.39560815561
23.141,-65.7909084790616,-251.14345153294
23.1415,-141.725102197394,-212.945928263187
23.142,-182.358574640546,-172.235679897917
23.1425,-170.077800435142,-136.319609370485
23.143,-120.70303528678,-102.75236312167
23.1435,-66.9850983481564,-77.1910414130018
23.144,-35.8496376238101,-74.0005265107505
23.1445,-34.0581998021668,-90.6844931915226
23.145,-47.3096502612706,-97.9846779118942
23.1455,-53.1523816872797,-71.0112354414691
23.146,-38.6584060753487,-19.9332483538985
23.1465,-6.96020897273891,26.2835740263897
23.147,31.6853270808847,57.7008647060258
23.1475,70.7493873006785,85.8573819295941
23.148,108.504629495337,114.36392418966
23.1485,144.256067496387,129.997194750509
23.149,177.924131627037,124.694406007826
23.1495,209.225441916747,105.266677313805
23.15,231.603882869637,75.0968228184181
23.1505,230.064297984531,25.6905533757305
23.151,193.23940319888,-41.898153463334
23.1515,128.969430984257,-101.744210048091
23.152,61.3280679440101,-124.476837269477
23.1525,8.74709185143758,-108.847093945257
23.153,-30.2088881685035,-81.8912539918621
23.1535,-65.5399958873643,-70.5800567502622
23.154,-95.6204342484612,-78.7202587537279
23.1545,-106.184535106409,-87.2187171517545
23.155,-88.7306994449101,-72.2660386020371
23.1555,-52.3932107558599,-27.771170163535
23.156,-15.535874472879,26.6535701653852
23.1565,7.75994164477046,64.3395314945732
23.157,9.95072133838377,78.0450023335673
23.1575,-11.7440807374886,79.0301956703211
23.158,-48.9024224579858,70.7742733865867
23.1585,-77.9246356318629,41.1818348037879
23.159,-76.6144325256945,-10.3957034976047
23.1595,-49.2093383098152,-55.5878890796211
23.16,-25.2887607081307,-64.741372293696
23.1605,-27.3466077287034,-44.0237596478227
23.161,-46.7952693790947,-26.0676036157299
23.1615,-59.8503360796857,-26.1590899670731
23.162,-60.6563163348176,-25.7331403802041
23.1625,-67.2475078401996,-1.64266153448626
23.163,-96.3776457508117,44.3967317384627
23.1635,-143.565282215215,92.1471719819153
23.164,-189.736416875413,125.84640295998
23.1645,-217.869718675933,141.155833588867
23.165,-219.724473817517,137.417619080563
23.1655,-196.186038032218,115.62189834536
23.166,-159.182260431051,84.8140465094991
23.1665,-128.02046533049,62.7647549980134
23.167,-115.10916576134,64.8290803091968
23.1675,-115.611073413025,90.9835498939034
23.168,-115.205367159656,124.359049434626
23.1685,-105.402047776413,144.264236679168
23.169,-86.7611340689468,142.535688546387
23.1695,-61.6453212707492,127.527269523737
23.17,-32.908167919734,113.180076856308
23.1705,-8.98601109580802,107.386104054396
23.171,0.329586927547212,110.77193053987
23.1715,-1.83761865519256,119.436439208909
23.172,3.32234607467574,123.040212791282
23.1725,31.2353385258197,105.652704509455
23.173,75.0209894163654,58.3912194406323
23.1735,112.394457219744,-8.43362167940642
23.174,130.078923902162,-73.3328071457359
23.1745,134.122177385583,-125.560637747825
23.175,135.611301948096,-172.999134539833
23.1755,135.291765233175,-226.200884458526
23.176,128.392044364979,-280.877726053083
23.1765,118.761354384136,-320.728971554512
23.177,119.028304238907,-334.061767949535
23.1775,137.047911113267,-323.404294133428
23.178,168.526498863655,-301.261424012924
23.1785,202.090629970054,-281.431010566505
23.179,224.125697410879,-274.090664797035
23.1795,220.060064716498,-283.444244160286
23.18,184.193794485651,-304.739101091465
23.1805,134.330858476489,-323.29697810738
23.181,104.414959890177,-321.133524445872
23.1815,110.343552971276,-289.741655680851
23.182,130.04315854322,-237.336013886213
23.1825,130.161479351649,-180.855080915824
23.183,106.254976588608,-129.814152454443
23.1835,80.1616073807395,-79.7208973969697
23.184,61.8078327487163,-20.5627959106768
23.1845,36.5228760921296,52.4356768069536
23.185,-5.12930316729337,136.645178267771
23.1855,-48.5387896976193,224.200473807392
23.186,-79.3586560276313,302.850681274623
23.1865,-105.820020510842,360.109279034896
23.187,-135.867453852362,392.320146047891
23.1875,-148.31765941316,406.970027666312
23.188,-116.937725748267,411.430071068524
23.1885,-59.2596774104959,402.204634396492
23.189,-29.3755738494256,370.488431039448
23.1895,-51.9099492357281,316.495300392115
23.19,-86.8730114081976,253.474375583814
23.1905,-76.0083916795079,198.843932897869
23.191,-8.39241683955236,164.765040829093
23.1915,76.3361064778721,153.947854168792
23.192,137.599541564673,158.629185064009
23.1925,166.522930540618,164.959337831884
23.193,174.09783350084,163.483057093443
23.1935,168.305700334984,154.388770632507
23.194,149.812004874778,139.562816107232
23.1945,118.892279657704,114.691822672753
23.195,78.3937756410035,76.6548734779781
23.1955,32.8852394639105,34.9346536113758
23.196,-12.1198119028909,5.34918332394358
23.1965,-52.2566747584111,-8.1167521704531
23.197,-86.6860392818579,-17.0908318107063
23.1975,-117.348738003632,-33.6584882477716
23.198,-147.219724501771,-58.9559365877129
23.1985,-180.104622851155,-87.4395159941378
23.199,-217.52344232489,-113.995556588347
23.1995,-252.329168090686,-134.398680520225
23.2,-271.046700694959,-146.321117022527
23.2005,-269.076456298843,-153.27231534274
23.201,-259.024183919274,-161.62404335715
23.2015,-255.627529854448,-171.34862510815
23.202,-255.88187779236,-175.715056192647
23.2025,-244.412903984446,-172.044792417415
23.203,-217.274042119758,-165.969009282844
23.2035,-188.76444544976,-162.768291784017
23.204,-172.596614843887,-161.781321910621
23.2045,-167.151906737219,-162.018282498791
23.205,-163.386628381051,-165.06896379814
23.2055,-156.926219225252,-168.633508097624
23.206,-145.917865268382,-166.236883210158
23.2065,-125.926765258553,-159.313311310782
23.207,-95.4866283702831,-160.363745536616
23.2075,-60.4146166134858,-174.75639692308
23.208,-24.4381978018388,-186.110513156769
23.2085,18.4731331169081,-171.352892235131
23.209,72.8830637220502,-128.250217297188
23.2095,128.062119122695,-78.2888973742722
23.21,167.306547933347,-42.609437439642
23.2105,189.430176348343,-23.4415004887903
23.211,209.004526015948,-9.65675238623979
23.2115,234.375373597101,8.03326163050181
23.212,257.650571307001,31.0376897560267
23.2125,270.635998472386,56.2280004433873
23.213,279.276902865304,80.1747579264801
23.2135,294.006955552208,101.078516161011
23.214,312.875190416383,118.885816827776
23.2145,322.643804174677,133.862764756581
23.215,312.116792817684,145.004307543269
23.2155,277.196740071145,149.643237666065
23.216,218.089144033082,143.781831471825
23.2165,142.276246717979,123.835991678168
23.217,69.4198431461775,91.2747329923939
23.2175,22.5909134050524,55.8824851499842
23.218,9.79458686750925,30.6964776194447
23.2185,18.0619721641305,22.4906944038601
23.219,27.1281890517417,30.3476289579592
23.2195,25.205922788364,52.9089820483542
23.22,12.409608172275,90.3673542306842
23.2205,-3.63059996971858,137.617092343944
23.221,-12.6827493595906,183.281196604777
23.2215,-8.84083808860277,220.13254265028
23.222,2.66297668930187,249.91270008727
23.2225,8.97071495053636,272.910502578133
23.223,3.18043312346878,280.435021192768
23.2235,-8.67827795126606,265.579285761117
23.224,-15.9860865911012,235.703856893997
23.2245,-13.6113347345906,205.31245790895
23.225,-0.861264408639971,180.337029825812
23.2255,22.1190274667149,157.206057753032
23.226,49.3304453935917,131.944192636773
23.2265,65.054689354947,99.4860726554666
23.227,54.8298815982685,48.3905559238042
23.2275,20.5056461773452,-29.5759234242132
23.228,-22.0456700522919,-123.686794605705
23.2285,-59.4170745155342,-210.130411541646
23.229,-88.2009008811141,-276.245983657333
23.2295,-107.52291996852,-328.698383667569
23.23,-114.044321349283,-375.226080890249
23.2305,-108.417705834307,-409.763770473527
23.231,-100.735934473618,-421.499583436103
23.2315,-105.036851957528,-410.184794057692
23.232,-129.616996622679,-386.513081945123
23.2325,-171.266767551972,-363.432330613677
23.233,-214.446338311433,-350.454701605663
23.2335,-239.286227176576,-348.307723152776
23.234,-239.658894722039,-344.178048381634
23.2345,-232.542189948549,-319.751143729818
23.235,-238.455270737953,-268.481037045025
23.2355,-252.27289079638,-196.343918100541
23.236,-247.881984866019,-101.969599645976
23.2365,-215.592909778586,28.4913575708019
23.237,-177.322732331884,193.312925804289
23.2375,-154.236736019517,354.415490062715
23.238,-136.913462005441,465.920241467575
23.2385,-105.478604794694,520.746258462843
23.239,-65.1920303306844,548.035636804652
23.2395,-37.3156850525063,562.259216539907
23.24,-21.3943597625414,538.54705761472
23.2405,5.34700305054561,451.684793769306
23.241,48.7945506680252,320.881150783914
23.2415,84.7183749980007,193.77530256708
23.242,94.1649611445016,93.9247516573682
23.2425,90.0124747925,7.63512361454538
23.243,95.3669903134899,-76.8129946917587
23.2435,113.796209715903,-141.919048354192
23.244,135.411133055654,-166.114555815912
23.2445,155.77585524644,-159.673131588837
23.245,171.418240147121,-156.477227164646
23.2455,171.04844780313,-175.498243843754
23.246,152.407399662876,-206.20915102059
23.2465,138.327636968135,-229.243801097088
23.247,153.742034810475,-234.854497635169
23.2475,191.295914407299,-220.007033974245
23.248,220.360390019443,-184.965386815422
23.2485,226.680632902063,-140.193494008787
23.249,221.159646752084,-102.677255754541
23.2495,210.665025124896,-75.8597406430293
23.25,185.638947895488,-45.1456693006454
23.2505,143.394036653005,-4.43179193630614
23.251,101.493325659992,24.5910568408773
23.2515,76.3925487409328,15.3669218030167
23.252,65.0141428874736,-28.4408831674814
23.2525,57.9639803944019,-77.2122156399273
23.253,55.4609974240494,-109.677437369281
23.2535,58.0329814773083,-124.342636315445
23.254,55.4756823625336,-118.995531212345
23.2545,39.4131136301271,-82.6409225347282
23.255,16.5353375291817,-17.1135735983699
23.2555,-3.42455469911187,50.6395471020814
23.256,-22.4486339925286,91.8931990373126
23.2565,-43.8628574089103,103.99325678522
23.257,-59.1736129445111,106.255356256959
23.2575,-62.8868252159276,115.982481886824
23.258,-71.0551569982507,136.525109029199
23.2585,-103.347452400733,161.299270258693
23.259,-149.785453593234,180.622990308377
23.2595,-176.618716411583,189.856242458532
23.26,-167.105336202051,197.279567575739
23.2605,-137.921280523335,217.33212845528
23.261,-111.650720006407,249.726171834644
23.2615,-91.364506013276,273.427038151335
23.262,-69.6812323961426,269.573057012757
23.2625,-46.4111235642499,242.953417221348
23.263,-25.2337490293007,212.550410489224
23.2635,-3.39293955655921,189.412705987476
23.264,22.9566861002602,173.888379569977
23.2645,47.6973056860121,164.996245043787
23.265,57.8613068179053,157.866636684889
23.2655,46.525921247116,138.331783143405
23.266,19.5897323387399,96.5707597392893
23.2665,-7.38151967270211,43.9882188829937
23.267,-19.5995358691481,1.91903513767188
23.2675,-17.289978280041,-25.0174969765406
23.268,-18.9743929689055,-50.4072805750808
23.2685,-40.7776446717568,-83.3428335007726
23.269,-72.4504264621802,-120.653458883827
23.2695,-87.2792459054384,-160.973502662398
23.27,-78.5472663802517,-207.308445254878
23.2705,-69.9801491502099,-251.820766486745
23.271,-82.1836248726826,-277.314626908904
23.2715,-104.940941142461,-282.183330046054
23.272,-115.716805399652,-287.085824058972
23.2725,-111.269315731989,-306.25646920916
23.273,-102.942697060977,-327.081453657554
23.2735,-90.5337226454884,-330.40357026524
23.274,-62.6511853645394,-317.229909309625
23.2745,-21.0341301784765,-300.116798163158
23.275,15.4922872592389,-279.495213025843
23.2755,35.1570539415811,-246.472839766576
23.276,46.6215921353647,-201.690608963141
23.2765,63.3849151269596,-152.474821809194
23.277,85.7550020635445,-95.2907879639126
23.2775,102.430981908362,-21.5949566196435
23.278,101.401038134822,57.0050611495134
23.2785,77.3305342346079,108.908431430995
23.279,37.6694795535747,116.564235441979
23.2795,3.8868565548403,97.9521595919888
23.28,-3.05913593135574,85.3259556316408
23.2805,17.058088380925,91.2450122486487
23.281,43.9578682725658,103.793726281626
23.2815,58.1696230912902,107.865758090215
23.282,55.2289116195171,100.04788745038
23.2825,40.5881261139127,83.660642739495
23.283,22.5226059106277,58.3281823430207
23.2835,11.6991271642681,19.722008301536
23.284,14.646295936408,-30.8103994981631
23.2845,22.261462345774,-78.9448715931627
23.285,15.6264729891442,-103.657943507909
23.2855,-11.0082730069879,-93.9276401563395
23.286,-42.9261128117598,-57.8573103234093
23.2865,-65.6273493121469,-13.0570169144758
23.287,-81.1055184663035,28.5934750183198
23.2875,-96.0012561011189,62.8330986712634
23.288,-105.554578115151,86.1615155844342
23.2885,-101.044695161681,98.3144857013579
23.289,-85.2423768912295,110.820185866183
23.2895,-68.8844800638924,140.358521484047
23.29,-57.1993575240075,187.859427390666
23.2905,-49.6281424249537,232.45331298854
23.291,-46.592663130811,252.477271212305
23.2915,-45.4828288966526,246.566657376489
23.292,-35.2866331723506,228.713756535554
23.2925,-7.50440880922502,209.601261028094
23.293,30.3434807438698,190.947484758557
23.2935,62.7367377575706,172.813714118029
23.294,84.5268737090492,155.357501678449
23.2945,100.519618713898,133.47137528095
23.295,110.763721675391,99.0787557398855
23.2955,110.434660700353,52.2161354796737
23.296,104.10062962548,4.78212962427139
23.2965,105.749772458566,-29.5869361043347
23.297,120.508086183735,-46.7563193122798
23.2975,136.892531058558,-52.6440569898156
23.298,141.755770235542,-56.1311823874454
23.2985,135.121736199519,-62.5549742966582
23.299,126.955768178683,-70.980696765223
23.2995,126.100122876822,-76.1288555652555
23.3,134.495619458515,-74.8480455013461
23.3005,145.370615057014,-71.2766840344152
23.301,145.43544568799,-73.0241794966076
23.3015,125.842698912452,-81.0344935773768
23.302,92.3015779726561,-85.6117120109479
23.3025,57.5858571453869,-74.5999274025452
23.303,24.6037317579855,-44.8241402758225
23.3035,-13.2388052468919,-4.75857112034293
23.304,-53.7847195931665,32.4938056538272
23.3045,-80.1973051460858,57.1527959132772
23.305,-79.0422602680374,64.8831611626888
23.3055,-56.0783477909872,54.6810489498971
23.306,-28.8283986523465,28.3139007364713
23.3065,-10.2779589362987,-7.19263815196443
23.307,-3.67041796308978,-39.6413066648602
23.3075,-5.13765629151733,-59.029239201828
23.308,-5.99835238715974,-66.3024090411961
23.3085,0.356444735339538,-71.9699165605933
23.309,8.09423875675959,-84.2106419740604
23.3095,1.65762820192057,-100.911472129914
23.31,-25.8665679408192,-115.909068586286
23.3105,-63.0069165039827,-130.448068547461
23.311,-93.1736222497232,-153.898080157658
23.3115,-111.007920704589,-192.493818676828
23.312,-120.502562555547,-239.608039160784
23.3125,-124.526557652114,-277.91172987576
23.313,-123.818314001996,-291.253610495974
23.3135,-121.180984653937,-276.610148595524
23.314,-119.498616738223,-245.905321456061
23.3145,-118.996457769725,-213.982693525217
23.315,-121.12402967869,-183.489971253767
23.3155,-130.055139320593,-145.320361508177
23.316,-145.339005423574,-96.2494513137912
23.3165,-158.52102222438,-49.7349795494644
23.317,-162.053693911562,-21.4611256527839
23.3175,-155.76772761384,-7.18878326119656
23.318,-140.347540344198,15.589192383163
23.3185,-113.113892284396,63.1659888379449
23.319,-77.5822625473794,130.420798894431
23.3195,-48.7733072679483,200.61672059548
23.32,-38.7644451606163,261.154351119259
23.3205,-41.8753194936365,306.46136566357
23.321,-42.7112607898735,334.601996726537
23.3215,-33.9489530659692,347.850367300198
23.322,-18.4474854006616,350.933558510067
23.3225,-0.156934892652546,343.065535752236
23.323,17.856692383088,317.594524299779
23.3235,32.2678884516844,275.675891430145
23.324,45.539128131086,233.583492110954
23.3245,66.220162254485,207.267641194804
23.325,93.0963281187353,193.810837819133
23.3255,107.664256414272,177.623101813098
23.326,96.5668834427719,151.696700191169
23.3265,74.6697649034995,121.904959953147
23.327,68.7304214727435,92.1215397281508
23.3275,81.3046934849286,58.3303437575315
23.328,88.3874976544934,20.2426449463455
23.3285,73.0431906128091,-13.6129861280107
23.329,45.3239124844518,-39.2988543991994
23.3295,27.0810776773766,-67.170163731686
23.33,31.2959074235333,-109.635051762791
23.3305,57.7038424817669,-163.638103168037
23.331,93.978927385166,-212.000090846531
23.3315,118.543938103475,-239.188899984794
23.332,116.266957413877,-241.028817272247
23.3325,94.9986144846461,-223.129751008901
23.333,75.1926979293621,-196.330320361991
23.3335,63.5607113166482,-171.482308933136
23.334,51.8128114215722,-152.387721459628
23.3345,40.1973946556071,-133.775296106086
23.335,41.446986205469,-109.571430403384
23.3355,56.9642593616003,-81.6648499150875
23.336,70.3066487030686,-57.169779465566
23.3365,73.1615958528504,-38.9429065423688
23.337,78.3359134457749,-22.206639078325
23.3375,95.9903261884918,1.01817442331304
23.338,115.577438571661,35.6836171317594
23.3385,124.506300823191,77.2676230521979
23.339,126.910704265119,108.633270885599
23.3395,128.478625533431,110.777918735508
23.34,120.146086200533,84.5746412948085
23.3405,96.4236600281411,56.3345156543855
23.341,75.3387880796309,51.4845892110972
23.3415,77.178993354654,65.8202361895598
23.342,92.4108608727507,73.9125768605734
23.3425,92.6034620862158,63.2630108132964
23.343,66.282906483391,45.0075531648021
23.3435,22.0875485595357,29.2036565333333
23.344,-37.077260849649,7.73882430920235
23.3445,-116.224426818701,-27.5600450621238
23.345,-203.429727644184,-63.7978136834995
23.3455,-267.885155649229,-80.6939864047991
23.346,-291.149479420708,-80.1205733917405
23.3465,-282.867636405424,-86.4848319552624
23.347,-258.231852048571,-117.532301540332
23.3475,-216.213634209621,-166.77857405645
23.348,-150.583358590355,-216.121101596867
23.3485,-71.6381512804042,-254.297734798856
23.349,-6.67160335963919,-278.997695640101
23.3495,17.7767120071107,-290.832311319141
23.35,-6.67738450926257,-292.167189353906
23.3505,-61.7783089743671,-286.037599048144
23.351,-110.295881151621,-269.986612274492
23.3515,-123.268652137949,-234.768337630882
23.352,-104.589110116441,-174.333397821741
23.3525,-82.6334588534433,-94.3437678817318
23.353,-78.3779879562681,-6.99607878947621
23.3535,-91.0523220397504,78.9205844685372
23.354,-111.91738928814,158.460508069823
23.3545,-135.139766815727,225.690077551554
23.355,-151.407917896918,276.058748999583
23.3555,-147.684603872655,312.126415502701
23.356,-122.8728305815,339.040092446696
23.3565,-92.6424707306939,353.248731599316
23.357,-70.5204465442166,343.571617152247
23.3575,-53.5041732691303,308.212494619232
23.358,-32.279604811676,265.461354768641
23.3585,-3.85132172099249,240.113157064549
23.359,33.8336640258047,238.900513266537
23.3595,86.7270513286901,243.718020879799
23.36,151.508980977376,230.50761395684
23.3605,206.921745500485,192.240064162897
23.361,232.331004570906,142.119200983463
23.3615,230.220926903921,97.1056598087316
23.362,219.095161877213,62.0573844474654
23.3625,209.509218469324,30.5837557616763
23.363,199.485215309023,-1.48763533121889
23.3635,189.039267869428,-27.2010975070352
23.364,183.849347691846,-34.6339153282775
23.3645,183.164669405769,-20.982268635496
23.365,176.539172354431,1.69029357770114
23.3655,156.889635571863,16.0184175843604
23.366,128.77202592308,14.0714808636551
23.3665,100.180793877175,1.81588905948578
23.367,72.5404183248375,-9.73887006875949
23.3675,42.5342700227095,-15.1011556485475
23.368,9.55856504218745,-15.6820358581716
23.3685,-21.8496313211536,-14.3420157836497
23.369,-44.8888552659563,-12.5852931950589
23.3695,-54.8131610542042,-13.0111625852962
23.37,-53.0050504556082,-21.1100827747524
23.3705,-47.8933137444236,-42.5047394587923
23.371,-50.1598835496272,-78.7194393902542
23.3715,-65.9231510143651,-125.410758722141
23.372,-93.6496067781679,-173.396539143811
23.3725,-124.971364570237,-212.237697817443
23.373,-147.611754357549,-236.159171575604
23.3735,-151.587008477358,-247.912172438691
23.374,-136.406974820547,-254.951270069407
23.3745,-111.034410327575,-261.100181338216
23.375,-85.3432089079921,-264.021067555566
23.3755,-64.1410413751773,-260.36314307771
23.376,-49.9357690335579,-248.573304043656
23.3765,-45.2482633215585,-225.397522111997
23.377,-47.7054877484455,-186.486728620265
23.3775,-47.8663616490053,-135.89037609255
23.378,-38.4844980053398,-89.3475626308174
23.3785,-23.9418393755587,-59.317394445
23.379,-15.2235883269202,-38.44326041816
23.3795,-16.8103685216181,-6.70123462765564
23.38,-22.7530524865649,44.175055274584
23.3805,-24.2814012158425,101.084388083236
23.381,-17.4538845853373,145.752582427837
23.3815,-4.64596580645699,172.393115749251
23.382,8.23900173377996,186.011603673947
23.3825,17.3434717961536,191.186397681676
23.383,25.6665763872043,188.47207306555
23.3835,39.6696225190766,176.430442444346
23.384,59.4347381315443,151.418939622013
23.3845,76.670585887308,110.271316286987
23.385,85.1637802634104,59.7200192200765
23.3855,87.8501902793512,19.0461294986258
23.386,89.927725372191,5.45832184836626
23.3865,91.2511277334905,17.9005832181355
23.387,90.5684632819043,40.7368216682071
23.3875,90.3777183964571,60.9219868013682
23.388,90.5978116829508,75.1488494019509
23.3885,84.1090570703795,83.0885199703135
23.389,67.3642302045607,83.3714819892427
23.3895,49.3890234429263,77.8670437263671
23.39,39.6010058714289,72.3105805924271
23.3905,31.3402725679951,69.4242895380321
23.391,9.72531122757756,66.0545631568174
23.3915,-26.2608378941404,58.860589417067
23.392,-61.3440432510682,48.3533642786245
23.3925,-82.5155262959348,36.245655011232
23.393,-88.5927148369288,23.8957460894552
23.3935,-82.6104118722415,14.7226903388202
23.394,-68.1495385871745,12.7287874732078
23.3945,-54.3207054820623,16.6117541605245
23.395,-50.4775780631376,20.4988558433703
23.3955,-52.0770603376288,22.3660677041309
23.396,-44.354013735753,25.5034840611903
23.3965,-24.9993948142509,28.3777796787735
23.397,-11.0192723564113,19.7922309022879
23.3975,-16.4813774191696,-9.47367932895395
23.398,-34.7453401279636,-53.6574375112173
23.3985,-50.9779775535653,-96.1714788200517
23.399,-62.2457003453043,-124.551924900165
23.3995,-75.134973619395,-137.183006174527
23.4,-90.8622324363359,-138.738905833162
23.4005,-103.38698613959,-135.231432465235
23.401,-108.248030895111,-132.131038727651
23.4015,-104.853394701822,-131.112943420874
23.402,-93.5563321742291,-127.91681461357
23.4025,-77.8120711384415,-117.638990621109
23.403,-65.6866625292319,-102.482533637746
23.4035,-61.8029454403075,-90.4787805115455
23.404,-59.9599843523956,-86.2680794371993
23.4045,-49.5917798948361,-86.8318294621688
23.405,-27.469224988616,-86.6972898608711
23.4055,1.13554483073224,-83.3607469032102
23.406,29.2113900836992,-76.3344618087278
23.4065,51.490536756963,-64.7047701371347
23.407,65.4542551261014,-48.3813092103924
23.4075,73.8719449803634,-29.6709502292797
23.408,82.8928314179761,-10.9506332886734
23.4085,94.2798850264712,8.37578077378197
23.409,104.494533049912,30.4808157735284
23.4095,113.800720049915,54.8929371165771
23.41,127.588151020474,77.6700037010504
23.4105,143.681426719806,95.7908970118681
23.411,148.718228516988,111.276071011737
23.4115,135.825326681841,128.959671438851
23.412,116.16566686931,149.566182359276
23.4125,101.842945980301,166.831381573791
23.413,87.1233916361231,173.594680895485
23.4135,62.2210681767049,170.048586061994
23.414,38.9077658480237,163.565610181377
23.4145,42.5943287776505,160.501186003796
23.415,77.7992541282181,160.838436118667
23.4155,117.744058309916,161.097572967539
23.416,132.322191153825,158.891035118032
23.4165,114.505594536211,152.77146505906
23.417,77.3299206716355,140.815826741066
23.4175,38.7285174108813,122.689663319525
23.418,13.8923143751862,101.637396245008
23.4185,9.13193702129399,81.300864369473
23.419,14.8383135380341,60.9319853882288
23.4195,12.7072559312438,36.2372947288743
23.42,-4.09545823853092,5.15395822970394
23.4205,-25.3974656052346,-29.2255226903606
23.421,-42.5348349031012,-62.4909930743882
23.4215,-62.3563019575272,-94.7254817954248
23.422,-95.4142529312366,-130.683644693767
23.4225,-137.774019648947,-172.780437751914
23.423,-172.795988072636,-214.838820579225
23.4235,-186.96170280423,-246.216770573234
23.424,-178.69748272667,-263.214334532219
23.4245,-156.393594719577,-271.778707945192
23.425,-133.086717984783,-275.203877200589
23.4255,-119.178504795496,-264.334474248842
23.426,-115.658431607609,-227.627895520189
23.4265,-116.564477007773,-168.027988613201
23.427,-118.561150405598,-100.324867248975
23.4275,-122.415866612712,-32.9416313844737
23.428,-124.677059615973,35.788720275536
23.4285,-116.761434954247,101.753876452003
23.429,-95.5980837225658,150.505103737244
23.4295,-67.3647064827711,177.182018965493
23.43,-37.7652628757267,198.967274218879
23.4305,-6.98558540903191,234.864458499695
23.431,23.7972401883123,280.001842518641
23.4315,52.4260798444119,312.559642622189
23.432,85.8389065341326,321.235070016938
23.4325,135.758829796486,312.651450135323
23.433,196.594894308113,294.508243660542
23.4335,242.041099477501,265.652705886455
23.434,254.881497340118,223.552474696769
23.4345,246.927062406026,168.852632028194
23.435,236.482025370768,99.656781878488
23.4355,220.737497978427,11.6808059651713
23.436,188.876368557446,-92.7396843364005
23.4365,149.213828187655,-203.970657164423
23.437,117.908644753813,-314.105206955193
23.4375,87.2554909809686,-416.678164985212
23.438,33.8015722119782,-496.798044285527
23.4385,-39.9656816686818,-535.051126267886
23.439,-99.2889277456558,-527.309900909441
23.4395,-121.959661506204,-491.156233120955
23.44,-127.683572876618,-447.630433788874
23.4405,-150.264696737613,-405.56844702167
23.441,-197.403335617346,-366.931779466254
23.4415,-250.569470269094,-333.672296515419
23.442,-289.348527947748,-300.228037342821
23.4425,-301.239660207118,-250.777092377188
23.443,-280.254819926193,-175.968440394381
23.4435,-233.703836114588,-85.0968991249759
23.444,-184.115501922958,8.07028058045681
23.4445,-149.165030423288,102.303188692653
23.445,-122.825043300768,199.042591981232
23.4455,-87.8433331483386,284.381114373737
23.446,-42.2542950682428,338.715135893724
23.4465,-1.05005821385103,361.780431974856
23.447,25.2690485491079,371.007286771001
23.4475,41.0573780557401,374.15034153141
23.448,55.2314354328783,360.237398161644
23.4485,71.7848798776957,322.427906818328
23.449,91.1418028151213,274.733839594336
23.4495,111.689507755481,236.99786695952
23.45,128.812004782362,213.493281929292
23.4505,139.099106083021,195.561709969422
23.451,144.788727296068,177.709879970023
23.4515,147.86726922609,161.118270629773
23.452,143.183245092037,145.588628219359
23.4525,126.482180348548,127.598453976668
23.453,106.360062617727,105.827112714345
23.4535,96.7026616439431,82.6897237308907
23.454,97.6393285626164,61.0785000682545
23.4545,95.8867422236216,43.8061993313617
23.455,85.3726065808207,34.4953611385374
23.4555,75.0899779888557,34.1122255665126
23.456,72.6757467171981,37.3007408574407
23.4565,72.6571034075412,36.3814268144334
23.457,68.2375651564852,28.9915730677537
23.4575,64.2481810948384,18.8200197918591
23.458,68.4051689370501,9.54539435851909
23.4585,76.5722431642293,1.42738254218738
23.459,77.3610693915419,-6.44443812993349
23.4595,68.2351928757375,-14.1576933534454
23.46,57.9905019728923,-22.1212245413941
23.4605,54.6781669224153,-31.559688510419
23.461,58.4814665990929,-42.4803752316195
23.4615,65.0347745344114,-52.5082293298977
23.462,67.7657742750492,-58.7621198924876
23.4625,56.9892024927422,-60.4097154958887
23.463,25.4020158228837,-59.4278943262975
23.4635,-21.5759737888515,-59.7926157506739
23.464,-66.084608840723,-65.6124959184437
23.4645,-92.814045081287,-78.1106727498799
23.465,-101.621990034396,-93.2833837878594
23.4655,-102.847009772587,-103.615283868534
23.466,-102.893544831119,-103.849195476428
23.4665,-98.4863795972714,-95.3655958742502
23.467,-84.61264654153,-84.0559984481925
23.4675,-63.9857334827349,-74.0853482863887
23.468,-46.2066396467346,-65.4987072691197
23.4685,-39.1200220301386,-58.5735515744645
23.469,-43.6286795967155,-57.6763110900831
23.4695,-56.3847727620605,-67.0952054452191
23.47,-73.4690980584189,-83.3189381110123
23.4705,-89.2146895017282,-95.3777602243899
23.471,-95.361783978147,-94.9458951549847
23.4715,-87.3541992843562,-84.4236552177254
23.472,-71.7172761796747,-73.8950537889582
23.4725,-62.1073787299191,-71.7217613160267
23.473,-65.7627661657766,-78.3703351815541
23.4735,-77.0207275538867,-86.4314223117748
23.474,-85.909004237426,-85.6394687565585
23.4745,-89.2497949594442,-71.6013088480556
23.475,-90.0326338202103,-51.7904144672052
23.4755,-89.1090542589496,-39.2684931882334
23.476,-82.7811434397783,-37.7819096833032
23.4765,-68.6289047191214,-37.3646911419875
23.477,-50.0182750544776,-28.7259770511532
23.4775,-33.6074136984468,-17.3115194287314
23.478,-24.0197906990635,-16.6368269522397
23.4785,-21.2578948501912,-30.738767025437
23.479,-21.5926515143506,-50.6559943937305
23.4795,-20.0186782665676,-66.5149144934021
23.48,-12.5630357514464,-74.7108484659037
23.4805,2.54962786380726,-73.3247540949325
23.481,24.4896991251732,-60.1078016129172
23.4815,49.3383456562547,-38.5864656439364
23.482,70.8740860957638,-18.7543924504622
23.4825,84.3645304703007,-6.88976936823492
23.483,90.3737359836672,0.485463301095884
23.4835,93.2861459972033,9.28767034095682
23.484,95.9135650143527,20.2943994580688
23.4845,97.6334533954716,33.0226755348089
23.485,97.7429997374096,51.0532840033236
23.4855,97.1146573337658,76.7834934448458
23.486,95.0946057223413,104.364381288949
23.4865,88.1157691980592,124.613090615548
23.487,73.9327232700588,135.570724639674
23.4875,54.9682004545917,142.707275346424
23.488,35.2116281010471,149.6542599526
23.4885,15.8552437628244,154.137350888515
23.489,-4.10469678772701,153.355922394521
23.4895,-25.3683256103521,148.906268676192
23.49,-48.209941418355,145.03822046608
23.4905,-71.473985429441,144.537652252449
23.491,-89.1121618625673,147.050488516533
23.4915,-91.8183361268653,149.947590867985
23.492,-76.6138078068659,150.761786647637
23.4925,-52.0125072020482,149.43890700981
23.493,-29.3222261886369,147.150392963628
23.4935,-11.9034585011829,142.636402784524
23.494,2.1815183955659,132.439022278285
23.4945,11.5596999201718,115.93794819898
23.495,14.2608270028551,96.7658130604563
23.4955,16.7396613617556,77.2766678041594
23.496,29.4054298613672,55.6514718201043
23.4965,51.4691909479782,31.5593976366267
23.497,70.2393518048639,10.1496816579518
23.4975,79.3951404590316,-4.60046016712711
23.498,88.389151176925,-16.9744727498741
23.4985,107.220201040441,-33.9521230164595
23.499,130.373505177118,-54.7044373797023
23.4995,145.124360514234,-71.3125423782061
23.5,149.43283654676,-77.7616743269729
23.5005,149.849012425853,-71.9454713407737
23.501,144.75105583002,-51.1933223153341
23.5015,123.842061496066,-14.4840983912635
23.502,87.6713829335755,30.7468174784774
23.5025,55.6214157306668,72.529313523744
23.503,45.8124860136973,106.61417062681
23.5035,52.8227595712179,136.228894648184
23.504,53.3457748470132,156.657478356124
23.5045,31.345507414861,149.455330252684
23.505,-8.77205804947541,99.1499061470124
23.5055,-51.639379725342,10.2876171481252
23.506,-85.9866912883003,-98.4091319658938
23.5065,-110.001873803915,-211.831338899472
23.507,-128.81616294688,-323.035219649177
23.5075,-149.822475439104,-423.847418235385
23.508,-176.14316637326,-500.516393679808
23.5085,-201.40056734702,-540.400896681631
23.509,-213.52065858057,-538.517340676377
23.5095,-206.19084464487,-498.52990105773
23.51,-184.485147813288,-433.164798630685
23.5105,-157.904021711065,-362.921925649389
23.511,-131.701260495723,-305.908361958382
23.5115,-107.724653643233,-264.116535802269
23.512,-88.9560544479544,-223.156484841725
23.5125,-77.0904292368607,-168.982309770843
23.513,-67.6102731282915,-103.000314687415
23.5135,-53.468993802872,-39.0153417012222
23.514,-33.2753031413403,11.5406235453816
23.5145,-10.5168687354649,48.1866611002623
23.515,13.9204144639902,77.5809340605518
23.5155,40.5261017531424,105.774275177112
23.516,62.1049361419037,135.474889791982
23.5165,66.5606352543239,168.818227369454
23.517,54.5545350743536,210.131062589654
23.5175,45.6182600214702,263.311873881735
23.518,56.8629093873884,324.417030804583
23.5185,80.0745703629965,378.065281676889
23.519,90.3646773730615,405.959369350834
23.5195,76.0586092711804,402.37295151074
23.52,49.5673951791193,379.69764164318
23.5205,27.9015547701265,355.740310210629
23.521,14.0063730615526,335.880643420408
23.5215,3.22532467155114,309.456940491604
23.522,-1.08763073449057,262.255592826547
23.5225,10.5836493641996,189.875636820344
23.523,37.8871833433741,100.858910844747
23.5235,64.8053468469383,12.3092892361276
23.524,72.7322289863164,-56.7121140528243
23.5245,56.3751453324119,-93.9498053223268
23.525,25.823249961854,-101.846474139355
23.5255,-4.10232747781587,-95.2646536747913
23.526,-24.550358222453,-87.8322566145845
23.5265,-34.5127986635642,-81.6885599054777
23.527,-35.8336914853614,-72.7942705122583
23.5275,-29.716170298134,-62.2550436945521
23.528,-18.8111312379927,-56.1763704929166
23.5285,-9.24221436606091,-56.0045342603565
23.529,-5.98058739158729,-56.6383393809556
23.5295,-6.31416668825132,-55.3292847889912
23.53,-2.38545172817928,-55.3641690778832
23.5305,8.09975686682527,-58.1139400123449
23.531,17.5552482413606,-58.3331013677764
23.5315,17.6203000828032,-52.157223542052
23.532,9.30467414011855,-43.9687928062675
23.5325,0.349515601253925,-39.3070330393312
23.533,-4.89603903915482,-35.896794329546
23.5335,-7.86205484497114,-29.050839910474
23.534,-8.98520015199108,-22.0360646459261
23.5345,-4.71757261920893,-21.8974897978637
23.535,6.2792909329248,-26.4669702910283
23.5355,18.3362297826544,-25.2353613770453
23.536,24.3168846855592,-14.2968613578299
23.5365,24.0562670894853,-1.602327739947
23.537,23.204838229955,5.19856778582576
23.5375,24.3487356925482,7.84668345265398
23.538,23.9840623025982,10.5957524120736
23.5385,19.7404296520422,12.2269190344672
23.539,15.9582647097159,10.7890883027355
23.5395,17.8976366858005,9.94070385733463
23.54,23.2133920708074,13.4312331826494
23.5405,25.0575038662139,17.4347117576777
23.541,23.2560784797359,15.4635115772439
23.5415,25.6763113221667,8.25959824755051
23.542,35.841994676519,2.17686941799561
23.5425,45.2205545159217,-0.347764138167674
23.543,43.0596977818187,-2.05809544939636
23.5435,29.824444968303,-3.70193477487301
23.544,14.5022087552415,-2.48660284999899
23.5445,1.18469443192735,1.67091191538462
23.545,-13.865358242243,4.34173294998164
23.5455,-31.8386769957705,2.87310134051471
23.546,-46.1576640206507,0.15425769090019
23.5465,-50.7112044260099,0.253886581354648
23.547,-47.3957502020516,3.32338030969739
23.5475,-41.5693518540509,6.11587251874129
23.548,-34.4868087318302,5.55469508708591
23.5485,-24.4395827731947,1.95994223546654
23.549,-11.911354842272,0.875176130818886
23.5495,0.886729957795952,9.64617510406745
23.55,13.2167830036444,27.4919266691358
23.5505,24.263681225086,40.2707883005109
23.551,30.159331437831,31.9878232191575
23.5515,26.9883186563681,3.48840014293796
23.552,16.3373349303275,-25.620641820818
23.5525,4.64416303070296,-36.272696154936
23.553,-2.45617051901809,-26.7907993291503
23.5535,-2.75870777471778,-8.43961630216823
23.554,3.64761407763436,9.73367353572157
23.5545,14.1586644733663,26.0277450997688
23.555,23.0947920251105,39.5195183019109
23.5555,25.6912432025752,45.3091907164154
23.556,23.3518742993685,37.5578697652096
23.5565,21.9570480144648,14.5536106662827
23.557,24.9033927393445,-19.1740332622375
23.5575,31.1978593753748,-53.8405582007055
23.558,40.3705049912014,-78.7845775570814
23.5585,54.0972401816738,-89.3266388845311
23.559,69.9785685666595,-90.3574647661092
23.5595,77.4881865016064,-92.2520097910579
23.56,65.5504584722762,-103.245004124352
23.5605,34.9449994128157,-125.115313915275
23.561,0.228746830902272,-152.652207515684
23.5615,-22.8272658930961,-174.489726181185
23.562,-31.6575270156743,-177.215063772581
23.5625,-38.1249083480018,-154.001554481113
23.563,-55.2338704030114,-110.797648160275
23.5635,-83.1699877636666,-62.3736938725785
23.564,-109.291968849873,-22.1688430589679
23.5645,-121.643281489187,3.32531147745918
23.565,-120.730823511421,13.3478966867958
23.5655,-117.041396356577,11.4494583539828
23.566,-118.685530507398,6.06929972878979
23.5665,-123.639323494149,8.03220601048641
23.567,-123.396545048603,23.9920976351919
23.5675,-111.849464682208,52.5543112922883
23.568,-90.4578951177731,86.77384664096
23.5685,-66.8271369785497,118.383325990377
23.569,-48.9194742009755,139.662680207734
23.5695,-39.1496658758875,145.256084220815
23.57,-33.3543836863502,135.408924928425
23.5705,-26.2370152522045,116.259438387169
23.571,-17.5320627007718,94.7584892021277
23.5715,-11.4096000707501,73.7140319737735
23.572,-10.3767897189212,52.3885234227683
23.5725,-12.4680042502491,29.7583197007303
23.573,-15.1645167699092,5.36775902041012
23.5735,-19.3958846592804,-20.6297631235829
23.574,-27.7459806738269,-44.9496706367411
23.5745,-40.2993330054563,-60.0535332276677
23.575,-54.0444594969953,-59.7581400277295
23.5755,-65.0967695104759,-46.5507220761822
23.576,-69.9397302303907,-30.0490603523268
23.5765,-66.4125651124832,-17.2734572287113
23.577,-56.57694157096,-7.55206511780347
23.5775,-47.9130824244162,1.80426203688755
23.578,-47.9000835383858,8.93715503506202
23.5785,-55.737756519304,10.3684750989365
23.579,-61.1868741477236,8.32009711680645
23.5795,-52.9957059785233,10.321395535219
23.58,-27.7373382512978,20.8676314145428
23.5805,9.66260549123994,36.7332299208038
23.581,51.6927005479862,51.954247521257
23.5815,92.7452356730237,65.0825272792152
23.582,129.574709694617,79.3642791119513
23.5825,160.478704566018,96.6940871299877
23.583,185.254264660636,113.577959572869
23.5835,205.347779319946,123.935082535588
23.584,223.716680315859,125.537915751667
23.5845,244.540969466641,123.231702687716
23.585,271.882594771216,125.458575684026
23.5855,306.430200751446,137.276804164757
23.586,342.216320626333,156.386146410067
23.5865,367.172796153298,175.22597231414
23.587,369.278518056329,186.374920904856
23.5875,345.078259200066,186.840832594727
23.588,303.434289227333,178.865420744429
23.5885,259.018906253827,166.327023961121
23.589,219.316165363124,148.327141985333
23.5895,178.434503323959,116.96985303524
23.59,126.700685883959,65.7979966153854
23.5905,66.3282885237011,1.98942213627885
23.591,13.2572487589342,-54.7889064015742
23.5915,-18.8311137893865,-90.0457435507671
23.592,-33.0210790404366,-107.676958704444
23.5925,-45.0702580455553,-120.943648906545
23.593,-68.0943943792164,-134.622693995489
23.5935,-104.316763257549,-144.421209661216
23.594,-147.392161439234,-151.940535089379
23.5945,-186.563278322584,-168.295215013543
23.595,-211.228947230143,-198.334673135673
23.5955,-219.68788080386,-230.268922751506
23.596,-224.160917719735,-248.396621560865
23.5965,-240.172629028999,-250.970517370493
23.597,-268.957934464523,-248.498237755632
23.5975,-295.905436985335,-248.354872462402
23.598,-307.384335369817,-248.705463244316
23.5985,-302.366403552897,-245.407807979932
23.599,-286.343241328613,-236.915045677432
23.5995,-263.480841242925,-221.932533058412
23.6,-239.866648416782,-198.5691267495
23.6005,-224.922554666101,-167.571419163862
23.601,-220.013629478741,-133.002342060693
23.6015,-211.330384051482,-99.993620117555
23.602,-184.430886419918,-75.0288868543312
23.6025,-143.237978442012,-65.6448333198561
23.603,-105.168570707316,-72.8071153729104
23.6035,-79.04939362959,-83.5650683581737
23.604,-57.6531293377973,-78.5324083939211
23.6045,-32.0639424920643,-49.5039082626946
23.605,-3.23614031157382,-5.6410439398994
23.6055,23.2301409176564,38.1876346447059
23.606,44.5171641976706,73.335749834839
23.6065,57.7789044465001,96.8243765303894
23.607,56.8596700004927,107.131595824256
23.6075,38.7668521353275,106.13528964181
23.608,11.32224809891,100.851681228331
23.6085,-10.0553222074624,98.0269334761907
23.609,-13.4028303833839,99.2920938284451
23.6095,1.92913224056713,104.763857448618
23.61,26.0970090286857,117.724263910881
23.6105,47.4529246025848,141.204214811161
23.611,63.0153530770968,172.167697566115
23.6115,79.4708451010103,202.863126051628
23.612,101.210211043903,226.024881790313
23.6125,121.122913727936,236.226783728041
23.613,129.831010776176,230.20634039862
23.6135,131.011963546584,210.90439513054
23.614,137.411568547866,188.269011911688
23.6145,151.282758432386,169.934699151093
23.615,159.787559310953,152.131039873611
23.6155,153.403315121521,125.327447917015
23.616,138.641906519757,88.3743640848493
23.6165,126.725157127432,51.5256982973192
23.617,118.823953925564,25.2213887516318
23.6175,110.107844273995,11.3725355696776
23.618,100.683633816561,6.70731999516044
23.6185,93.3765597825697,8.75330524168601
23.619,86.0784780132938,15.1608571233376
23.6195,75.5775468055171,21.1721073956871
23.62,65.3947997879579,22.0323749866996
23.6205,61.0947503960733,16.7389925943599
23.621,60.3586963885391,7.26858659298879
23.6215,55.9097024218993,-4.35353713232533
23.622,46.4388205365597,-16.2938585079477
23.6225,37.0359125712484,-25.8650743721475
23.623,30.5532090893496,-30.774666701759
23.6235,26.0267085991115,-31.3635915740097
23.624,23.7307754313312,-30.6100253016281
23.6245,23.4711332898081,-32.2649720775316
23.625,18.9626001396287,-39.1154229173742
23.6255,2.9172931690273,-51.6151151350463
23.626,-21.4080287066951,-67.2222150513457
23.6265,-41.4712964578998,-81.8484440988901
23.627,-49.5114357276342,-92.4792109009353
23.6275,-48.8473296916932,-97.8522984717758
23.628,-45.9255627179694,-97.3163081025281
23.6285,-43.5330491884759,-91.1986924724862
23.629,-42.7596708458955,-82.370843426863
23.6295,-43.9319538030616,-74.7805537588735
23.63,-43.8311161524836,-69.3897145257933
23.6305,-39.3116139802371,-63.8298242830114
23.631,-35.3341217508475,-57.1685324962742
23.6315,-41.2737728326608,-52.3146368399886
23.632,-56.5643056137878,-51.6718138422959
23.6325,-68.529495724119,-52.7982825334249
23.633,-68.7762399826752,-51.2139017048902
23.6335,-63.8285962155409,-46.0024858825536
23.634,-64.2119796059401,-39.7508551110195
23.6345,-70.588861601238,-34.0655949536695
23.635,-77.3971398450689,-28.3248013125273
23.6355,-83.2771332106851,-22.2987447041771
23.636,-89.1351456808569,-16.5999458173601
23.6365,-90.3004472410331,-10.4084453503842
23.637,-79.77223124602,-2.21516560211806
23.6375,-57.6593742102228,6.38841914200421
23.638,-30.3492507617506,11.2922977649979
23.6385,-2.35489239195938,12.1028548823673
23.639,23.7052467643729,14.4168717495564
23.6395,41.0645422007952,22.6749117957329
23.64,42.0302348897319,33.0730198444254
23.6405,28.6804569689674,37.649889649563
23.641,12.9584002143772,34.5285112027788
23.6415,3.5865452691348,29.7829613600519
23.642,-1.42939110714182,28.6411922675491
23.6425,-7.11475452734978,29.1328450749467
23.643,-12.3984171575191,26.637174856185
23.6435,-12.7002988211729,21.2534308362449
23.644,-7.6318995387719,17.0264439053024
23.6445,-1.82840931528436,15.5806899818562
23.645,0.0569881121045797,14.4342331890701
23.6455,-3.40881687438251,11.4538380548142
23.646,-10.0574213124982,7.47494829576898
23.6465,-14.5984529855991,3.64384511977149
23.647,-11.8859554524055,-0.856662311079643
23.6475,-2.66006455607391,-6.69247891452997
23.648,5.80328840126507,-12.0724341260236
23.6485,7.75785525701679,-14.6757748467233
23.649,6.032859164946,-14.7999618314075
23.6495,7.67313581187401,-14.7038565970735
23.65,14.1475859633308,-15.3932500785511
23.6505,20.5324599115889,-15.7315650288457
23.651,24.1535476868689,-14.5319840313184
23.6515,28.4853848056481,-12.0822657616242
23.652,36.3666089397666,-9.46006986441785
23.6525,44.3935527827129,-7.32603392324761
23.653,48.2841552990779,-5.47544181095113
23.6535,50.2430326714844,-2.81443441712423
23.654,55.4083283824365,2.22333423769536
23.6545,62.7971856439939,10.53567077027
23.655,66.2221570063324,21.4698063860935
23.6555,64.3539603993561,33.266433539647
23.656,63.0335349639766,44.0556837964527
23.6565,65.0844370692986,52.2575888831974
23.657,64.085616157771,56.8639847764688
23.6575,52.9735432899232,58.0244157303058
23.658,34.4365345535532,56.6654421986784
23.6585,17.4290112839954,52.8564153025633
23.659,6.40108554810049,45.4803809574696
23.6595,-0.704864321170651,34.5245349849173
23.66,-6.4957482536795,22.7285882506501
23.6605,-12.4271193710279,13.5167617587452
23.661,-21.3929461070884,7.88526078926475
23.6615,-35.0924637747298,4.72306055181108
23.662,-48.6512902734742,3.55120066798089
23.6625,-54.0558594608388,5.13633857588185
23.663,-49.883949681548,9.45403393828297
23.6635,-42.2916875645986,14.4414302063481
23.664,-35.8402943300096,16.6884539354919
23.6645,-29.4836144610868,12.5449470348133
23.665,-23.1724093505157,-0.0825661455176182
23.6655,-22.1733276633704,-18.775593943807
23.666,-31.5923643483968,-36.4012885821528
23.6665,-50.6433992045006,-47.0812473733838
23.667,-74.0299913899989,-52.5595388966056
23.6675,-94.6294946507305,-59.5471387502875
23.668,-104.335438446548,-70.1881396029475
23.6685,-99.0704864215538,-78.7211357725009
23.669,-85.4112148513447,-79.1505903601184
23.6695,-75.4599507183657,-72.5052541995325
23.67,-71.8623901673595,-63.4353427299194
23.6705,-65.0102314310048,-52.758849393819
23.671,-49.3422843140875,-38.3249556406657
23.6715,-34.3214492509237,-22.5306980695547
23.672,-31.8388310634034,-13.6843080132912
23.6725,-38.8009221171147,-17.3538435276895
23.673,-40.9566511566787,-28.7631629141105
23.6735,-30.5611221965116,-36.4467494927827
23.674,-12.224822126813,-33.0776286226801
23.6745,6.38109039576965,-21.2556595966456
23.675,21.8783348566289,-8.91616237197845
23.6755,34.2174498304803,-0.809839689267207
23.676,44.6327454286269,4.35664909717477
23.6765,54.029004947833,9.30043439520897
23.677,59.709151746613,13.1931667383302
23.6775,57.2666651861935,12.9297373460094
23.678,50.3923273244491,8.29605994314586
23.6785,52.8211952654481,3.64657466317876
23.679,72.0949409330236,4.16856678491623
23.6795,96.0417872151057,11.9072034184919
23.68,105.762934820354,25.2686489153564
23.6805,99.2063989106987,40.3104420355074
23.681,90.7115593001693,52.3119024047505
23.6815,88.9472541564849,58.7140765454653
23.682,88.0001445609417,61.5676015660766
23.6825,80.7932996761448,64.6110582358536
23.683,67.628222058828,66.6608182709028
23.6835,47.7683613309573,60.9218062927492
23.684,16.1234148965342,43.4637689388539
23.6845,-23.7549363703702,20.1161665571761
23.685,-53.2213589230459,1.82664342851097
23.6855,-54.2980156001531,-5.41425266156642
23.686,-26.9009066905219,-3.28932522680766
23.6865,14.746222208476,4.17183126662352
23.687,56.0571428237221,14.4135236180485
23.6875,87.2422416139203,25.4583383126847
23.688,103.201751845562,35.6917301748427
23.6885,107.322170610044,45.7912487281817
23.689,110.511158386612,58.0569134802672
23.6895,118.730562767687,72.9331834474048
23.69,125.480886539945,88.4511186757385
23.6905,122.979200549037,103.238973214972
23.691,115.114692897348,117.076057889455
23.6915,110.788568046421,127.989970672153
23.692,108.712182470281,132.406298610417
23.6925,98.1185141323612,129.748925562792
23.693,71.81590997482,123.488798424799
23.6935,29.6406304977274,114.935851088138
23.694,-27.8184348039841,98.5574921552906
23.6945,-96.9375418081944,67.2345156673338
23.695,-161.645314478372,21.873552153502
23.6955,-198.156527753937,-26.7523289328744
23.696,-195.504367613852,-66.0987094479766
23.6965,-166.212415547672,-90.5554026007164
23.697,-133.294452280371,-102.711135512349
23.6975,-111.683943955414,-108.559408377588
23.698,-104.714590826547,-113.202213375252
23.6985,-111.351748529293,-120.389996971927
23.699,-129.120808793216,-133.143390102047
23.6995,-151.339608247234,-151.744236273355
23.7,-167.561828018937,-171.368116704692
23.7005,-169.483830809754,-185.43821347241
23.701,-156.2208584394,-193.392608466373
23.7015,-134.312839913935,-201.920449194684
23.702,-113.168515594566,-215.028406630205
23.7025,-99.4393831209005,-225.806469265525
23.703,-94.0426278255051,-223.479094843114
23.7035,-93.1467666794232,-207.116646718742
23.704,-90.9210016113533,-185.602625066448
23.7045,-82.0437188578243,-163.794992093553
23.705,-64.7152114880133,-136.803305990985
23.7055,-43.3329817924613,-101.319950521454
23.706,-26.3428963694347,-64.8304007154814
23.7065,-18.8327894060156,-36.7396867467304
23.707,-17.7917313349419,-15.3365903366695
23.7075,-16.0092175764379,8.375604337775
23.708,-9.30379472751689,36.3157477824451
23.7085,1.39219271724394,61.1941019557372
23.709,13.0449742403955,78.7451402065248
23.7095,23.7477521025236,93.9452784196423
23.71,34.8879937401097,112.24786547183
23.7105,51.5251641365941,131.012006235569
23.711,77.6277276788329,144.173199840656
23.7115,108.95768809767,151.420599428877
23.712,134.575130426834,157.61370910244
23.7125,148.649673550768,164.589131781277
23.713,156.76783706272,168.048979110647
23.7135,166.314290290438,163.154918636146
23.714,175.017440818031,150.531291579994
23.7145,175.16250708608,135.698251538247
23.715,165.538225798914,123.95950230229
23.7155,151.429315536473,116.755130158548
23.716,134.725777612522,112.099787604033
23.7165,112.780426098684,106.999381153715
23.717,87.3958236570759,98.9100850355975
23.7175,66.423575747792,86.2425546515635
23.718,53.8018236108092,69.6048935531372
23.7185,44.4865771680297,52.7156539498318
23.719,32.0415810312329,39.8240148892642
23.7195,15.9357391403107,31.0447579935903
23.72,-0.876524467977625,22.1741361455599
23.7205,-16.1062474366633,10.6451807475544
23.721,-27.185853910528,-0.431900522116408
23.7215,-31.2396296092713,-6.44399188547664
23.722,-28.9445002536645,-7.62798847254861
23.7225,-24.313982952059,-8.35223205037827
23.723,-18.8395749139119,-11.475295081416
23.7235,-10.9012104778919,-16.6926054540289
23.724,-2.79876500668703,-23.3207318473334
23.7245,-1.77945696977808,-30.744334125161
23.725,-10.2354821612991,-36.4780235837268
23.7255,-20.858581146153,-38.0494057206091
23.726,-26.3446963219201,-37.3078328764395
23.7265,-28.556183422744,-38.8305573532221
23.727,-32.7158009953389,-43.2324278036476
23.7275,-37.9140282431946,-46.2745346582547
23.728,-40.3485942833151,-45.9786056164475
23.7285,-41.7656123691015,-46.0937395663701
23.729,-46.4805188275463,-49.9718595399102
23.7295,-52.2073989943229,-55.0894531510396
23.73,-52.118243999385,-57.0641488889328
23.7305,-45.5787739770757,-55.8396657299912
23.731,-39.1924392882176,-54.1324992601349
23.7315,-36.6236269456901,-52.4666898327513
23.732,-34.6902246297408,-49.9121788075503
23.7325,-31.0355535113048,-47.678350284682
23.733,-28.3479302115982,-47.4536717153101
23.7335,-27.7457972015979,-47.3540395286323
23.734,-24.3889418805588,-43.9650585995793
23.7345,-14.4941637561967,-37.8359631238821
23.735,-2.23474321627727,-32.5250163294804
23.7355,5.52180818065819,-28.2263525736598
23.736,8.324258683016,-20.9840791835006
23.7365,10.6873210504178,-9.31000836139529
23.737,13.3883538575947,2.59083093949954
23.7375,12.1221253581841,10.1554960891044
23.738,5.48099486547134,13.822440139114
23.7385,-0.519629605986981,16.9354699604526
23.739,1.56583883767422,20.8513715834681
23.7395,12.2573723752154,24.3961014005894
23.74,24.6176206315202,26.2963706577284
23.7405,30.718738610824,25.9291160283415
23.741,27.3709105179981,22.8700675049279
23.7415,17.0566641440752,17.5109835999657
23.742,5.51302660296462,11.3028712957158
23.7425,-1.89731113400336,5.28211835093117
23.743,-3.75443840024409,-0.505701536748979
23.7435,-3.79687637929897,-5.36355760088662
23.744,-7.64837396517234,-7.69182977074886
23.7445,-17.1939000110329,-7.82459174439217
23.745,-28.6273104743066,-9.08429643000119
23.7455,-37.0059034455757,-13.8258318974319
23.746,-42.0685865391419,-19.9428576024894
23.7465,-47.602893490843,-23.616320818155
23.747,-54.5376341088661,-24.1002632692691
23.7475,-56.819104288264,-23.0229752651957
23.748,-46.7276866892037,-20.2770302068401
23.7485,-24.4825299607869,-14.4555404545293
23.749,-0.591615695077187,-7.24926521088897
23.7495,12.8231606748741,-3.11904141089266
23.75,12.6053565054073,-2.985458193307
23.7505,5.68892356526206,-1.81145272607364
23.751,0.611193534548882,4.81098083263885
23.7515,0.00478769432511544,14.2096879182247
23.752,1.73316387949118,20.1220514422145
23.7525,4.41646665198039,21.1215739258549
23.753,8.71097347450252,21.6737763727081
23.7535,14.0158058380711,24.9381483338503
23.754,17.4813281751623,28.5492173407411
23.7545,17.1060367330427,29.0640171188498
23.755,13.0616425671044,27.1841024515694
23.7555,5.24319145771603,25.549484043054
23.756,-6.70421460468615,23.4061240905576
23.7565,-18.7538055601824,17.4516060456371
23.757,-22.185614378335,7.96586865883181
23.7575,-12.9194307643307,0.395200234191453
23.758,0.782193549839078,-0.875500000209919
23.7585,5.47276958228783,2.0859638635303
23.759,-2.38558924455077,3.76126477348264
23.7595,-12.7958973176678,1.96970362302489
23.76,-14.0637915252874,-0.844322510829181
23.7605,-4.1142431463827,-2.13551144292722
23.761,10.4972594549271,-1.95036173008611
23.7615,22.1528228163436,-0.685416583463113
23.762,27.0413885098031,2.96253423323205
23.7625,26.6130250708166,9.96089047170314
23.763,26.5599536414809,18.2127696799644
23.7635,31.4010938111366,23.5366816891603
23.764,38.6684293931805,22.9529371408526
23.7645,41.9602062184401,16.3891130297025
23.765,40.8128897762982,6.43249035192447
23.7655,42.473352880447,-2.2223674826731
23.766,51.1721803698821,-4.24778909749925
23.7665,60.6771325464591,2.87698266515147
23.767,61.5837886260701,16.0830071208582
23.7675,51.9232302884846,28.4366316970514
23.768,36.5010203219503,34.524167541294
23.7685,20.377976269061,34.2266411313315
23.769,8.37827522180612,31.412372606393
23.7695,6.22001757842736,29.2949604205312
23.77,13.9378986523673,27.0003452076404
23.7705,20.1968480379372,20.6275049339106
23.771,11.6268428797607,8.0542813411575
23.7715,-11.5108037113357,-7.53246093981328
23.772,-35.4884013907664,-20.0336989930044
23.7725,-49.3006735330519,-26.5256604196827
23.773,-53.9615354661919,-29.3957794679806
23.7735,-54.7562142858168,-31.956885877237
23.774,-52.0470917816509,-34.4116021592502
23.7745,-43.9087190577733,-36.0383578206322
23.775,-32.6201772683278,-38.867407517042
23.7755,-23.4787333353329,-45.3834181884112
23.776,-19.0027601932641,-53.2117280205933
23.7765,-16.9438696555748,-55.9187566278643
23.777,-12.7281359164857,-49.8610488474308
23.7775,-3.24072521189536,-37.4672753713091
23.778,9.64164574356608,-23.3135260131693
23.7785,19.6491219655993,-10.2229915766594
23.779,23.377194793874,-0.185774018905187
23.7795,25.6970072887466,4.79206488616989
23.78,32.9918440658967,5.49246062504254
23.7805,42.1861783186373,6.41584606255711
23.781,43.4599534412205,10.7711379612118
23.7815,33.8353356530722,16.281228562325
23.782,19.5868274276934,18.8946145304281
23.7825,3.80142205779435,18.9745433972944
23.783,-17.8149478776191,20.1425041231485
23.7835,-43.6943843057859,22.7171763770133
23.784,-59.6407501843438,22.2975497609454
23.7845,-54.6765675511696,15.6937177127576
23.785,-36.3892204149427,5.36299261212473
23.7855,-20.2008800925116,-3.20989992285032
23.786,-8.83551139514116,-6.47530629836237
23.7865,5.90928633781707,-4.3109358630461
23.787,24.248778277267,1.24144488562546
23.7875,34.5233343990359,7.19661709416357
23.788,29.4402772335709,10.9846862606476
