time_s,EMG_ch1_uV,EMG_ch2_uV
24.042,-115.697919397246,-22.2312229374971
24.0425,-105.858025096953,-7.94586257972066
24.043,-81.6926173465325,4.19983232372939
24.0435,-49.6219849894972,13.1001379554235
24.044,-15.0954797432465,16.7917589700064
24.0445,17.1094549362345,15.6064177950668
24.045,39.6354760677242,14.0082905815216
24.0455,47.1795734424478,15.2717430956931
24.046,43.3390039611365,16.8655765797554
24.0465,37.0087363602987,15.4790098451609
24.047,31.8453946022951,13.9647060282456
24.0475,24.3802916120547,17.3611433402116
24.048,13.0674160351271,23.4768309893893
24.0485,3.17277924849176,24.416006228497
24.049,-0.447846704817983,17.9394873399622
24.0495,-0.665149855567604,10.3747782399015
24.05,-3.38152657155558,6.20257028600092
24.0505,-8.37697797726301,1.35518079452636
24.051,-10.3258635774564,-9.46676657495181
24.0515,-7.99280170964876,-24.2575544919771
24.052,-6.83376724665683,-36.9264921410081
24.0525,-11.3616996039439,-44.6805495480182
24.053,-19.3441410980122,-47.4327506207914
24.0535,-25.2983261757927,-43.6460964092851
24.054,-25.8517420625173,-32.5616791049542
24.0545,-19.3609140204143,-18.6721910492115
24.055,-4.11789254665162,-8.76521179215503
24.0555,18.9933246965681,-5.18461062212672
24.056,44.0372080180043,-5.54400805337592
24.0565,64.4433196972112,-7.25898823440792
24.057,79.7331607340928,-8.25918321182694
24.0575,94.9642735785699,-5.39317727668071
24.058,113.735544801645,2.47693456401758
24.0585,134.613850832177,10.8020995278336
24.059,154.489309643187,14.087343604311
24.0595,171.934679158144,13.6621611173596
24.06,185.293392490429,15.0687594238125
24.0605,189.635256027313,18.0469791395781
24.061,178.892733238224,16.0798155646324
24.0615,152.122243400094,7.63223690528378
24.062,116.598957522039,0.972057293580259
24.0625,82.9041541250149,3.79874209671401
24.063,55.7090262819782,13.2176576693574
24.0635,29.9588258186559,20.775326072519
24.064,-2.20439955373608,23.5783153720089
24.0645,-40.9774152242494,25.0513010662361
24.065,-77.901699515061,27.2763900221518
24.0655,-106.024105039542,28.749239051488
24.066,-127.524986552128,29.3971461169445
24.0665,-148.253191852186,32.0478576080597
24.067,-167.566276255212,36.8627318718138
24.0675,-178.806884384584,38.0574045955891
24.068,-179.429325059827,29.2529427218453
24.0685,-174.911488179358,11.0843348549386
24.069,-170.276717588856,-8.29423627702993
24.0695,-162.323114019893,-20.045690099355
24.07,-144.680107114055,-21.3364479327225
24.0705,-118.34718346604,-15.9850470396697
24.071,-92.2234967639792,-9.87133607221423
24.0715,-72.9562781551703,-6.33557170174522
24.072,-58.4446180875255,-5.54522409816794
24.0725,-43.1305815973908,-6.81933354964714
24.073,-26.4153187313721,-10.0036764122106
24.0735,-12.5191278742895,-14.5264920099779
24.074,-3.2944259537618,-18.5457571620659
24.0745,5.30104469195537,-20.0029390575746
24.075,18.9987650224274,-18.2365417036878
24.0755,39.8101086057413,-14.4182051025713
24.076,65.2133395389511,-10.8682856239962
24.0765,89.7383065022903,-9.48734988510298
24.077,105.790796666234,-9.44028774991809
24.0775,106.518363869389,-6.43601610264967
24.078,92.7111220984165,3.69313860697837
24.0785,76.5204167944303,19.7883158402549
24.079,73.6504820623377,35.3276233359326
24.0795,89.5131480767169,44.7265074139159
24.08,114.882083781676,48.3767849132705
24.0805,135.78649133007,50.4898221729399
24.081,144.6641338405,53.7987749295919
24.0815,140.684279519676,57.9934749901446
24.082,123.938528916275,61.1660899817596
24.0825,94.5907943216607,59.6121017811399
24.083,56.4524799888728,47.4876365954414
24.0835,16.2579547336675,21.4048398711159
24.084,-21.5550280891244,-12.901623497883
24.0845,-55.7662305586461,-41.8394767212992
24.085,-83.3145713411147,-55.2837362203749
24.0855,-97.8475161494559,-56.165066639362
24.086,-96.6822248761514,-56.9165424957416
24.0865,-86.4069631858192,-66.833000526402
24.087,-76.8730259236055,-84.3827225655057
24.0875,-69.9706015899159,-100.913242220846
24.088,-58.8749103850728,-109.024500485072
24.0885,-39.9277979321195,-106.821985756938
24.089,-21.0477483375359,-97.036772320927
24.0895,-14.1916308418007,-84.6995465045638
24.09,-21.1248721650019,-74.8398207197345
24.0905,-31.2885647448143,-69.9520273173613
24.091,-34.1971101786582,-68.9180551756725
24.0915,-29.8082386433793,-69.0228774815103
24.092,-25.1052117596383,-68.6836790811617
24.0925,-24.7048509724399,-67.3989661791435
24.093,-28.4946102347785,-64.090854270534
24.0935,-35.8161641608465,-57.4881367300953
24.094,-47.3119734373128,-47.6560597595846
24.0945,-62.9595447660382,-34.769568489037
24.095,-81.2352267608546,-16.6746450906062
24.0955,-99.3346876781536,8.90585948641684
24.096,-111.584181493133,38.8690820990435
24.0965,-110.064526263459,65.4015441803978
24.097,-91.9189966403325,84.7381539417743
24.0975,-65.1781549022163,101.695566298821
24.098,-41.7293629533745,121.586952621943
24.0985,-24.1579299131845,141.087616600418
24.099,-4.88087095596414,153.752887091011
24.0995,21.4022457597554,163.487741609357
24.1,50.8972261241963,183.805943848788
24.1005,77.5698673324382,219.653049749697
24.101,99.1963629339898,256.185347786179
24.1015,113.438821911589,272.228054705299
24.102,116.196602249868,262.250092638578
24.1025,110.197183016037,238.617690530918
24.103,108.364927545643,213.106279773722
24.1035,119.847775201856,183.422625555257
24.104,136.397341868955,140.177612386552
24.1045,141.21241780919,81.0186932328594
24.105,129.248300101814,13.0603586786666
24.1055,110.561950915786,-54.8774138329135
24.106,95.0021435439152,-116.262531969425
24.1065,82.9144531708156,-164.27861071305
24.107,72.108109742444,-192.325535895071
24.1075,65.1001966901711,-200.508877046928
24.108,64.9560606774354,-198.30090690407
24.1085,68.6537304246574,-197.100591488302
24.109,67.9580318239601,-200.883045490151
24.1095,54.7808527503447,-205.661384641908
24.11,26.1815879507965,-206.158800533519
24.1105,-11.2838009566351,-200.61509411058
24.111,-42.5214803644674,-190.901914768678
24.1115,-55.6028177814911,-181.340931229332
24.112,-54.3855634802791,-176.546448963009
24.1125,-54.5266733170359,-176.728409176501
24.113,-65.7021228777771,-175.109343638004
24.1135,-82.9532377072675,-163.616470158514
24.114,-96.3867508278435,-141.705597880609
24.1145,-102.721011985549,-116.026143729158
24.115,-105.023795380774,-90.7388677219123
24.1155,-107.700944826076,-62.7189083271383
24.116,-114.673146192361,-28.5163266990145
24.1165,-125.684246161763,8.51227328423581
24.117,-130.937806839197,42.1879435996495
24.1175,-117.318889225477,71.7508577041773
24.118,-85.8283229515856,101.411624383688
24.1185,-55.6610246604963,132.551037525885
24.119,-43.2530364784245,159.886287964817
24.1195,-43.0653930198362,175.119468656978
24.12,-37.8709313514196,172.647760719656
24.1205,-22.9113277966631,153.803541297675
24.121,-8.56233246346372,128.066911794003
24.1215,-1.37660282747575,107.3321809456
24.122,4.53133276211273,95.3200944677975
24.1225,14.6592040120645,85.5202876595331
24.123,23.9475572949605,73.7943081999967
24.1235,25.6440216223899,68.45094169846
24.124,22.8526802262857,79.5922358783896
24.1245,23.9965283497028,100.754142978539
24.125,30.890028363454,111.916823748853
24.1255,38.0966647831279,102.820476416215
24.126,42.1673617042244,83.438730623189
24.1265,45.0364493156934,67.0556158186524
24.127,47.7617469228122,52.7443492015155
24.1275,46.2942463670648,32.4991098158977
24.128,36.6359705330537,8.17554946724816
24.1285,22.0320947366561,-9.57105383499889
24.129,11.6756611720474,-16.434103023458
24.1295,11.7408829117801,-18.5224862002424
24.13,19.622104242633,-21.3839363127761
24.1305,28.1783777014252,-23.7077715149806
24.131,33.7724278660746,-23.7136053145708
24.1315,37.3752739635048,-24.3104106178204
24.132,38.8851156432146,-28.2301089044762
24.1325,35.2645493016775,-32.9058440849065
24.133,26.3370483456131,-33.8567168885933
24.1335,18.3212232673372,-30.3324025950027
24.134,17.5855376666448,-25.1126068352538
24.1345,22.9151137427314,-20.9885744109869
24.135,27.7158159448126,-19.253751727185
24.1355,28.4256955289085,-19.6633489584847
24.136,26.791267343937,-20.4981608202171
24.1365,24.5450233113839,-20.2736350407802
24.137,19.9352395518005,-19.9020732758242
24.1375,10.1563056471709,-21.3944870516388
24.138,-5.46455357742713,-24.8013267586594
24.1385,-24.9460513446211,-29.0415676104582
24.139,-44.2471929108209,-34.8537851078412
24.1395,-58.8835780779643,-42.8748000018969
24.14,-67.2310111596775,-49.3401080712655
24.1405,-71.6931586957654,-49.2650480455954
24.141,-74.7802092810948,-44.7927707121356
24.1415,-75.5356159338457,-44.1236611853
24.142,-72.0741429989274,-49.5996321525481
24.1425,-65.3227045352564,-53.2630263716743
24.143,-56.9960939440764,-48.5946047136065
24.1435,-46.4661729833792,-40.5671320782844
24.144,-33.9502653561618,-37.6300353064973
24.1445,-24.1526789434325,-38.5143195104613
24.145,-20.9931445933176,-35.1169360041453
24.1455,-20.4577239557984,-25.8505608608692
24.146,-14.9866738168177,-17.2889583004692
24.1465,-3.75270513961156,-12.8269816865006
24.147,8.20877311599426,-8.2424701592793
24.1475,19.7567031235563,-0.159352991834118
24.148,33.8413600438427,8.79323192585173
24.1485,47.8724123172333,16.2214010624923
24.149,54.1328689756286,24.5482143419985
24.1495,52.666301163293,35.3363708746243
24.15,53.6602439118364,44.6743475131817
24.1505,62.030715877814,48.7144965851163
24.151,69.6070936520204,49.0951242774156
24.1515,70.3102209101991,48.4251642009221
24.152,73.989685807016,45.308405107905
24.1525,93.6955388290837,39.3699018640071
24.153,123.924534241891,36.3478340906903
24.1535,143.473455395955,40.3528182678964
24.154,139.446868635352,43.7517973095672
24.1545,118.988787975946,33.6552388206681
24.155,96.6511646586393,8.84937318791567
24.1555,78.6933811644817,-17.4864208788004
24.156,62.1027677968539,-33.6778966491479
24.1565,42.3375776398656,-41.1559160659143
24.157,18.62925963182,-47.2952902262683
24.1575,-4.67082402203565,-53.2667323874022
24.158,-20.5188388744492,-54.1212737921447
24.1585,-26.6447555004313,-46.9113677788706
24.159,-31.6879443264097,-33.5514529755491
24.1595,-49.9388896071231,-17.8321112455664
24.16,-87.4506160922112,-4.07868415497463
24.1605,-134.330632321155,2.575141067312
24.161,-170.906068854678,-1.14732246853093
24.1615,-181.150378235565,-13.3505174291053
24.162,-163.347817425888,-28.1326323446649
24.1625,-131.608791217141,-39.1644168453201
24.163,-105.514246339476,-40.8943470637605
24.1635,-94.3716905582935,-29.0971154805719
24.164,-92.0439572584958,-3.8327673541214
24.1645,-88.6210899428176,29.2526466458538
24.165,-82.7699312821499,63.2139615720603
24.1655,-78.2880943867287,93.7859214280412
24.166,-74.0565390632756,116.889863943083
24.1665,-66.0037774801064,126.367733550079
24.167,-56.1124180434577,120.632504909184
24.1675,-49.3616802193294,109.993926816731
24.168,-42.111870589673,109.377710015667
24.1685,-24.4021001744596,121.400429827063
24.169,3.46677825795014,132.27876326405
24.1695,26.6952649381176,127.074579201088
24.17,33.873250977227,104.062550888092
24.1705,31.8874479038164,71.8930643417982
24.171,37.0715034240959,39.2170332975713
24.1715,56.7299586541816,11.9243035758418
24.172,84.8088373036041,-5.76113548825075
24.1725,111.297245914771,-15.6667055094395
24.173,129.880160445667,-28.1082827676073
24.1735,138.638123671612,-51.53057115405
24.174,138.207389291796,-80.5814852514831
24.1745,129.28969639123,-102.32973242055
24.175,111.189372666833,-113.896526087318
24.1755,84.9304504168168,-124.61298479152
24.176,56.7329658708025,-138.886660835606
24.1765,32.8041765456671,-147.28860270445
24.177,10.754490110175,-140.421469730835
24.1775,-16.2764206342653,-122.89021815156
24.178,-45.8516617671342,-105.109363115096
24.1785,-66.0559241939658,-88.0720950060773
24.179,-72.3393132050181,-67.1144158488914
24.1795,-73.8276274715832,-46.6833833693195
24.18,-76.6889962829188,-37.962701376665
24.1805,-72.4990163830667,-40.570330978655
24.181,-53.3271439974064,-38.9052393206774
24.1815,-28.8889522391779,-22.0293324101588
24.182,-15.6010463526248,2.09797646431126
24.1825,-15.0447244808843,19.020821960908
24.183,-16.9618640480139,27.0023085795083
24.1835,-17.9879088957413,35.2336380157676
24.184,-20.8487440937255,47.3747864892682
24.1845,-17.6600765328708,56.4110129746285
24.185,6.29505310274826,55.3082397151077
24.1855,47.8464170968901,45.1956486422059
24.186,81.9436532491485,31.8284081579842
24.1865,90.4245108387374,19.3287719780905
24.187,81.7191157976109,8.68748113073261
24.1875,73.6341600853248,-1.42145356265003
24.188,69.3483000362612,-12.9321267628776
24.1885,62.0852680834998,-24.483592479095
24.189,53.3130654532469,-30.2627669555771
24.1895,51.1599996193182,-26.7936271777186
24.19,54.7037484196375,-19.183652607661
24.1905,53.4366128543172,-14.6382609891431
24.191,42.5123350648875,-10.7360589722111
24.1915,28.2860166189896,1.76971961993969
24.192,17.5470846311894,22.797450543363
24.1925,9.61752138524658,38.1622268711511
24.193,1.13320991351773,36.063913382251
24.1935,-8.06629735302393,22.0037217574318
24.194,-16.65915286811,10.9938494493433
24.1945,-25.0660970087567,9.62251397491543
24.195,-34.5632883181512,12.978119441662
24.1955,-45.4909083545939,16.152359813216
24.196,-56.8743547058408,20.2618962635497
24.1965,-65.7307371699018,26.706005866717
24.197,-67.7382461824237,32.4084558816103
24.1975,-61.9600394721407,33.191685316292
24.198,-54.2922135423982,27.8978893695857
24.1985,-52.3203554179858,17.7358708244376
24.199,-56.165562242941,4.93784196439604
24.1995,-57.3395266442455,-6.82697725293941
24.2,-47.5785810238603,-13.8308448171181
24.2005,-27.4999276911264,-15.2769826999392
24.201,-6.97208379222813,-12.7272799070892
24.2015,2.01431216766295,-6.73516915026359
24.202,-5.19549976038548,2.6764977142077
24.2025,-21.1982095281954,12.4021781875935
24.203,-32.7752936756152,17.8677494213647
24.2035,-33.869241505056,19.8606471375604
24.204,-30.1554611751368,25.4468973877421
24.2045,-28.9341893143108,39.3089605821948
24.205,-28.9578339157775,57.3989703466643
24.2055,-24.908815362734,72.1460289159988
24.206,-17.8137552336892,81.2100727964815
24.2065,-13.6515070880369,87.7549905308545
24.207,-13.2092394891023,94.3091411945652
24.2075,-11.1404032546256,100.339922517125
24.208,-5.6146058197172,104.889970400743
24.2085,-1.44864986839377,107.716748272512
24.209,-1.46824284680043,107.618516589929
24.2095,-1.48470727680395,102.686061492236
24.21,2.41739914621523,92.9018370167079
24.2105,6.93149305089839,80.2854469092256
24.211,6.56513965228065,65.9205600756942
24.2115,2.19306848987184,48.8462352206302
24.212,-0.0751223428817102,28.6190042856818
24.2125,3.28957222747327,7.18360697450655
24.213,10.6415717181594,-12.9330013093944
24.2135,19.5232860354483,-31.1926344814819
24.214,29.8055702848155,-48.8694532698525
24.2145,41.6851380525468,-67.2270382261353
24.215,52.997744274977,-87.0801065738851
24.2155,60.4349687988589,-109.827192064746
24.216,63.1233402251611,-137.456292637073
24.2165,63.191514395622,-170.41043502383
24.217,61.4424213789927,-205.388131320499
24.2175,54.2542050141568,-235.942115317311
24.218,38.7260536570989,-255.786605960744
24.2185,20.6466791333749,-261.516582479286
24.219,10.911602187809,-252.620047134118
24.2195,10.7516825851437,-230.759174299786
24.22,7.61448819335174,-200.486208537957
24.2205,-6.74119988823526,-169.125850205692
24.221,-19.5649692005148,-142.986273660534
24.2215,-10.0234471883899,-123.232623295446
24.222,22.0882748540163,-107.199720578945
24.2225,52.5543532751704,-93.3949984343816
24.223,60.8321000318788,-82.6124761822918
24.2235,51.5746905746096,-74.128263420537
24.224,43.0301248342467,-64.071485505657
24.2245,43.4879839244002,-48.4412770823078
24.225,46.7715771173721,-24.7688132388606
24.2255,43.6477924435473,9.58054387013192
24.226,28.6659828844838,56.0696307182712
24.2265,0.632311208585908,109.744794857365
24.227,-34.4463125108182,159.886222034384
24.2275,-64.0069763951885,199.269932743695
24.228,-81.6250760219955,228.590901685999
24.2285,-97.0347870300539,247.920963510057
24.229,-123.619629719175,249.41876932758
24.2295,-155.880617643525,226.124670317772
24.23,-169.905601097829,185.326674068946
24.2305,-150.229597778908,145.09202470722
24.231,-108.09225474536,117.868281609693
24.2315,-67.2272399218676,104.173416068958
24.232,-37.6830536678856,100.937555037658
24.2325,-11.6899709079096,106.335122002408
24.233,17.4958742033317,114.568021968278
24.2335,42.9085782812394,115.748369579596
24.234,54.0514099014439,106.462492767601
24.2345,53.2570381160587,93.8093908728063
24.235,53.9571429165841,83.9762222764703
24.2355,63.3842596497863,73.4632438511676
24.236,74.8214212137451,57.9775440215397
24.2365,80.2694165424849,43.8772599981095
24.237,83.4772909352222,41.7801462853364
24.2375,92.5418957138871,51.3444728495143
24.238,103.76541544648,60.8259456787363
24.2385,103.670335877782,61.4996332992707
24.239,87.6792779119796,55.3541364628633
24.2395,66.3747688968794,47.4205372796332
24.24,49.4013679288017,36.6962649284855
24.2405,32.6486593540751,17.7095855552667
24.241,8.0616309650409,-12.0370323995735
24.2415,-21.1040332204192,-48.4830600933731
24.242,-42.7744986729421,-83.7133606559208
24.2425,-49.147092169803,-111.848106075365
24.243,-40.6676839936497,-133.36335246018
24.2435,-22.2904734872693,-153.368543066622
24.244,-3.78574466593239,-175.205533459565
24.2445,1.03535951184205,-197.233215909366
24.245,-14.3887310641673,-215.979889582747
24.2455,-40.1155895182004,-228.975206603723
24.246,-59.8148665258534,-233.350119676663
24.2465,-68.774045253295,-226.352832947467
24.247,-74.4415778914255,-209.812611445816
24.2475,-81.5431174998596,-188.908029325213
24.248,-85.8676298598828,-162.957495401553
24.2485,-81.9598230423694,-123.579863350427
24.249,-68.229266859594,-67.356058424809
24.2495,-45.2822185233517,-3.71073134399067
24.25,-18.1760948312087,57.0160963226224
24.2505,0.974489864984561,115.583830860021
24.251,3.31696803155018,172.415583043882
24.2515,-3.95764599702927,210.780786380136
24.252,-6.2090243717552,209.088903715985
24.2525,-2.21216540902553,171.531829069646
24.253,-2.49624951332664,130.83435889814
24.2535,-5.52687780862868,114.736730111457
24.254,6.68573677164611,121.462207529808
24.2545,40.9649266715685,133.049548792415
24.255,76.1843733871209,138.98944981953
24.2555,85.8607820879393,137.318284780091
24.256,66.122884493728,124.348795956732
24.2565,30.1748538008426,97.1478480597659
24.257,-11.9397312712687,60.9097435582977
24.2575,-51.9816142053503,22.6459296358422
24.258,-72.7807900788739,-19.0134731870584
24.2585,-60.8341013604094,-68.3490820284023
24.259,-28.1900346005953,-120.047748456466
24.2595,-3.32433001449168,-160.897862122503
24.26,1.73861623432233,-181.598622175771
24.2605,0.350905180523229,-180.102348272926
24.261,6.31995876913695,-158.067190930004
24.2615,16.366195197223,-123.019586376179
24.262,21.506250356444,-89.5271181272217
24.2625,20.3161363847116,-67.0620933203684
24.263,13.7860026111663,-48.7284910622555
24.2635,0.435941319068765,-22.2815258380028
24.264,-14.8023582149993,10.2676058159243
24.2645,-18.4813136931642,36.0261222481089
24.265,-5.38980018415342,52.4579439269975
24.2655,11.7971715406743,70.8198228673335
24.266,19.2505442083948,96.478330333613
24.2665,19.8312572219659,120.084971329769
24.267,24.2206200151078,133.313932846127
24.2675,32.9509194217951,140.218878952315
24.268,39.7259210062962,145.63606040435
24.2685,45.8576627209663,144.073027976606
24.269,57.1186887726323,129.738783312414
24.2695,69.6564531239888,108.311362562879
24.27,72.7957440209124,88.0152590289364
24.2705,64.4277405788468,65.7896649311108
24.271,51.102431872648,33.1487393713457
24.2715,34.6997951030263,-8.96188324969457
24.272,13.2763386116158,-51.4406577854741
24.2725,-5.14480664037835,-89.5079743563929
24.273,-5.85911710024764,-124.065781062083
24.2735,11.7306042968142,-153.915027393647
24.274,31.3400815330232,-177.397608018015
24.2745,42.8838424060102,-200.083158168382
24.275,53.6983125539569,-229.511683389511
24.2755,70.1117549018963,-261.43983631898
24.276,83.4670058573632,-281.366327765088
24.2765,84.8483012619932,-281.930989757447
24.277,79.0213938494118,-270.330339946373
24.2775,70.2730611633292,-256.33807982987
24.278,48.2988517106375,-241.350627638504
24.2785,6.227659315721,-222.297255412645
24.279,-37.9782038557494,-198.394968610881
24.2795,-60.1039598361187,-169.679150495955
24.28,-64.8033913562653,-135.143429616767
24.2805,-79.7248917061418,-96.4021566134806
24.281,-114.864883174101,-57.6454995563875
24.2815,-150.017625966302,-18.465914126026
24.282,-166.607933481766,27.3214623865956
24.2825,-170.234213171489,81.6624885917043
24.283,-172.715509321698,136.837936546808
24.2835,-171.125852395045,184.594524958924
24.284,-158.003987619746,225.269632915812
24.2845,-138.1153127787,262.925626510357
24.285,-120.894814539056,296.780195635358
24.2855,-106.214999478203,323.145307889413
24.286,-89.8600899586547,340.864500480035
24.2865,-73.7429181639333,348.339329774775
24.287,-58.8027437162888,339.628713703342
24.2875,-37.5960634964284,311.053960080976
24.288,-7.81215772349178,268.814896155022
24.2885,15.4709633077155,223.104567974265
24.289,17.0475870871656,177.683147555969
24.2895,5.66337903336504,132.87304136897
24.29,5.02336515789217,95.6083277990186
24.2905,24.0263590505843,76.0697656859024
24.291,50.8248075253781,73.9335960379464
24.2915,73.3209581788507,77.3870139918636
24.292,89.1239609929127,78.0999770045275
24.2925,96.3428415092531,79.2249918816834
24.293,92.3641111509638,85.6326899791517
24.2935,84.6572368192069,93.7834760736298
24.294,86.6376694549841,96.2363300614555
24.2945,97.8556360647631,91.5728062615333
24.295,102.618168557987,85.7558475199169
24.2955,93.8573491210018,86.6445924999498
24.296,84.3240115523342,99.2540256850381
24.2965,86.6427533608476,122.656829310734
24.297,95.307708701381,149.425207087743
24.2975,98.1062378102524,171.328643205755
24.298,94.5462571805667,186.319045700754
24.2985,91.8407140271746,195.791424612954
24.299,90.4926780389173,195.53106475598
24.2995,85.1392407193935,176.703363326943
24.3,74.8066590095979,137.492963791857
24.3005,62.2174436428403,85.5906991310322
24.301,45.5648017722372,25.2371229056506
24.3015,19.360973835635,-50.1035691720771
24.302,-16.7623389318191,-145.984050333522
24.3025,-53.8852631534496,-254.562387686587
24.303,-76.8701134207953,-360.970981477081
24.3035,-72.2975787230725,-456.238649494714
24.304,-41.4766644838436,-536.053609982134
24.3045,-7.3866270577228,-592.910421108681
24.305,2.74439223613687,-621.538882329659
24.3055,-11.9480398723816,-630.817698418168
24.306,-23.3390909234928,-638.242152156837
24.3065,-9.75080985771562,-648.898404796762
24.307,18.133799342399,-648.047398820328
24.3075,37.6843835820344,-619.29287794807
24.308,47.322607280996,-564.949380142255
24.3085,61.0776654187041,-503.571275931272
24.309,78.4951105268643,-449.623693730132
24.3095,81.7854800655963,-399.474084042881
24.31,62.0817778783597,-337.866580042446
24.3105,28.258673031427,-256.930298420983
24.311,-13.6334447890013,-166.854062540937
24.3115,-70.5223111226155,-85.0141206735068
24.312,-143.784124684264,-15.2724850653769
24.3125,-215.645679327698,55.7138802827586
24.313,-264.5365484663,138.841326478761
24.3135,-284.481848765151,226.864007918995
24.314,-282.16527973486,305.440154545239
24.3145,-265.581742427035,372.949827322047
24.315,-243.835512943173,437.298448693637
24.3155,-226.597480397199,495.491264408193
24.316,-211.425545254903,530.49269775685
24.3165,-179.481577180334,532.06419421421
24.317,-116.914911113689,509.903038120259
24.3175,-35.7079806978861,481.090081388719
24.318,39.049985197575,453.83360864698
24.3185,98.4723650345416,429.324246956759
24.319,152.153327495763,409.805602029606
24.3195,202.380891538685,394.995874851515
24.32,233.01298813334,376.451480303842
24.3205,231.471610121197,346.095729930925
24.321,210.579396096912,308.376970880207
24.3215,197.383674505536,275.428360503151
24.322,203.367751309551,251.298712523824
24.3225,213.702937524746,229.081883074596
24.323,206.032794405872,203.561523907325
24.3235,174.456240437718,178.167771625267
24.324,132.648260624993,156.544082494142
24.3245,95.5481185597302,133.929369115426
24.325,61.7786143322852,102.309938962434
24.3255,17.4515231450731,61.8185619047707
24.326,-42.7688046509555,22.6966313441739
24.3265,-103.425337066938,-4.94746760444852
24.327,-141.330052120874,-22.2556370516797
24.3275,-148.239218580207,-41.4155755357245
24.328,-135.8000320384,-72.9493141468353
24.3285,-120.523704267194,-113.149198408958
24.329,-110.585270897875,-146.763103429068
24.3295,-106.018744468946,-163.336773099508
24.33,-102.360952713314,-167.360930595899
24.3305,-90.9882670364996,-169.63613567612
24.331,-64.0988096439443,-173.385621650373
24.3315,-25.2389666209955,-175.449187416413
24.332,10.3959972697514,-178.93260504167
24.3325,31.5606240190348,-195.816884526047
24.333,42.3054566735829,-234.042740593662
24.3335,52.7318020404385,-287.552359327059
24.334,64.2375397031572,-342.621783032368
24.3345,71.6843337415073,-389.902408820728
24.335,75.5540835494571,-426.200194336797
24.3355,81.3380207730266,-447.662187023044
24.336,87.3701029101302,-447.368793310756
24.3365,83.0403650652339,-421.390817580781
24.337,61.2329513068428,-375.045292834912
24.3375,25.4349321365778,-321.365032668176
24.338,-16.4746173142719,-272.694974685236
24.3385,-57.4165694960807,-233.23436315969
24.339,-88.5666619533384,-199.714062364057
24.3395,-101.643485909641,-168.541945600392
24.34,-99.3204750430779,-138.841015744085
24.3405,-95.7552202546486,-105.956614847041
24.341,-100.001856988443,-56.5695195740461
24.3415,-104.36375022514,20.9622841112721
24.342,-95.6194067785618,119.471996902351
24.3425,-72.7493573531077,213.294838304547
24.343,-46.354866420663,280.308030042994
24.3435,-24.5722882124201,319.182025407194
24.344,-7.48572513276963,341.281920226996
24.3445,7.0384770147548,352.941618855914
24.345,20.1952953805003,355.139512152433
24.3455,34.4524789390793,356.994544812579
24.346,51.8470681302685,376.623067399599
24.3465,69.2186271563658,423.834392418738
24.347,80.2317599028225,488.765767875888
24.3475,82.9915406899972,551.653712665826
24.348,82.6931915667928,598.090374385966
24.3485,87.8077312821774,620.381270343914
24.349,106.02736215818,610.22386747071
24.3495,139.984908295204,558.695629682716
24.35,181.947151224555,463.570247452917
24.3505,216.311164956361,332.431947771239
24.351,233.081671133601,179.503581806652
24.3515,235.249221585209,22.7601221657386
24.352,227.513526350034,-118.749671090591
24.3525,204.923517431228,-231.661720897824
24.353,163.062084902794,-313.826037301667
24.3535,112.873728870111,-369.401588398235
24.354,69.6022060448924,-398.663674509625
24.3545,29.0096285981986,-397.563304089736
24.355,-27.1949024119584,-367.963575931511
24.3555,-98.7454639809116,-322.76905570411
24.356,-158.008998545875,-278.73385356321
24.3565,-183.539398409896,-248.873322920463
24.357,-187.902816144641,-243.395478676821
24.3575,-198.986984116786,-269.695979578384
24.358,-223.815587756113,-323.117023142801
24.3585,-245.328186272825,-381.104850589029
24.359,-248.730965975441,-416.112132153137
24.3595,-235.755153638325,-416.70136079239
24.36,-213.933324926639,-391.555692672862
24.3605,-185.068601755532,-353.47587169478
24.361,-147.90224277354,-307.005007946018
24.3615,-104.941166890615,-253.684198136774
24.362,-64.0530441467614,-200.30326627618
24.3625,-36.601255080082,-153.942059062826
24.363,-32.2383004132132,-112.925341100635
24.3635,-50.0993876358205,-70.8684748516694
24.364,-76.2160110439267,-28.1531097967598
24.3645,-94.84998598888,9.12829958052437
24.365,-101.951753331681,42.515930164348
24.3655,-104.24706487393,84.0469003311694
24.366,-108.313437436999,139.583329139993
24.3665,-115.901639850674,194.519739133753
24.367,-126.735298223081,223.940793740011
24.3675,-137.981075326664,216.791307658152
24.368,-140.845322517511,185.465921547875
24.3685,-124.597173909631,152.528754203612
24.369,-86.935811045384,133.38834731478
24.3695,-37.9153645993869,131.856766245849
24.37,7.60053914135098,144.783684328411
24.3705,41.242127398901,164.74627394994
24.371,67.2478849806911,180.511055177584
24.3715,98.6923763694669,181.350491356284
24.372,144.417467958166,163.862924474248
24.3725,197.911093522177,133.477780947394
24.373,242.938804627374,98.8144242238736
24.3735,271.400232367409,66.2457783947889
24.374,289.319263241904,40.6040280126041
24.3745,302.464997300524,28.2656024922311
24.375,304.534958436177,35.1112200060325
24.3755,286.39455150985,59.9703944830144
24.376,250.661987347564,92.855994003098
24.3765,209.641574853876,122.762081944545
24.377,173.947632733245,146.423079167287
24.3775,149.750014229699,166.769448682188
24.378,139.934120236423,184.087718599303
24.3785,138.027354661368,193.670539774695
24.379,127.026132874334,193.109423665921
24.3795,96.7974565184557,186.008120332188
24.38,60.255062650996,174.312565593696
24.3805,40.673403050355,151.770788901086
24.381,43.6984101297033,112.220936981836
24.3815,52.1076493632433,63.2723915970357
24.382,47.4241896187183,24.4608685871677
24.3825,26.4924151657836,9.1271398602733
24.383,-2.80833961160277,11.5570090949463
24.3835,-31.4279338399822,13.1964642128198
24.384,-53.20894340183,-1.57572563632366
24.3845,-67.7000178473434,-35.6241946688302
24.385,-79.8429282185285,-79.2443858957129
24.3855,-90.5046045007888,-117.512812893986
24.386,-90.889696556735,-141.781797324085
24.3865,-76.607079255808,-157.341799006853
24.387,-63.2932762652502,-176.909984964889
24.3875,-73.0009454333204,-203.818424847545
24.388,-104.274460935168,-224.817985391521
24.3885,-131.18422490273,-223.266331686529
24.389,-136.584942447368,-197.522634799158
24.3895,-132.507089612761,-162.950223461824
24.39,-140.530019995433,-137.310860879348
24.3905,-163.244491881518,-127.196781034104
24.391,-183.730941557748,-126.360928630439
24.3915,-185.99704454828,-121.597447648577
24.392,-169.194097298615,-99.262708805309
24.3925,-147.090784569444,-51.4123382434151
24.393,-137.599889954038,18.7841657889052
24.3935,-146.794423292359,96.5508619756401
24.394,-160.124688355222,163.305454797686
24.3945,-155.396630634244,208.74011508635
24.395,-125.948861634576,236.47897980993
24.3955,-84.5896658492587,255.856453773639
24.396,-46.2629064730106,267.063055143648
24.3965,-17.8218167756568,258.064750843838
24.397,-4.0843420158704,220.035601426028
24.3975,-8.28608528126334,162.002804882209
24.398,-21.7703597526115,101.67429804175
24.3985,-27.4799955664546,40.8557318410884
24.399,-20.5071131866298,-40.6666914810388
24.3995,-12.733034540957,-160.140220752315
24.4,-11.2048192443338,-305.639791343692
24.4005,-6.63528509805917,-442.155163122409
24.401,8.18324257619391,-541.943879419082
24.4015,24.4536378340261,-601.920914894515
24.402,34.9867187240421,-631.606191754963
24.4025,52.1892297562982,-633.60285318735
24.403,91.8010190576369,-603.356782014635
24.4035,147.105062718567,-544.493114287415
24.404,195.41772824464,-473.776238059887
24.4045,225.208292480432,-404.848987219344
24.405,242.926590541685,-331.638658650006
24.4055,257.380400421311,-236.457887049536
24.406,270.642396995941,-115.048502512986
24.4065,280.935154375065,14.5459733088967
24.407,281.754708157469,130.726662190852
24.4075,260.372722560098,226.733199713352
24.408,208.726445992619,304.6824748777
24.4085,134.923061687896,362.782970794982
24.409,56.4718365789755,401.925348173345
24.4095,-13.4313469006367,437.220015087221
24.41,-66.6058696869268,484.011974587262
24.4105,-98.7118467460762,533.336844160519
24.411,-121.652721001804,561.423759065149
24.4115,-165.192348420067,568.126170578471
24.412,-241.903158496813,584.419123365278
24.4125,-313.180270824582,628.293819229674
24.413,-317.512259351492,669.609373733694
24.4135,-242.133320331951,657.626116587222
24.414,-145.877284329911,575.998389223672
24.4145,-96.0214816215918,454.549753414104
24.415,-96.2478598617719,332.037119668242
24.4155,-93.73235336332,223.724722129657
24.416,-47.8449401498284,124.409145850833
24.4165,30.033579549256,27.9892367957311
24.417,105.261108231367,-61.0778673840132
24.4175,164.551591631377,-129.935208065348
24.418,215.180452990511,-170.556171084032
24.4185,252.418301359409,-192.63650849235
24.419,254.53638480074,-215.365714267573
24.4195,216.119095457589,-241.024197534709
24.42,163.037517571951,-249.710346161456
24.4205,116.147389386042,-231.997394953047
24.421,57.2742051685626,-211.294781250876
24.4215,-40.6085246910227,-211.924733227421
24.422,-157.269984823974,-216.094211422826
24.4225,-234.860639807657,-182.718232643287
24.423,-250.303353429701,-108.424352100109
24.4235,-244.918368812732,-39.2373962301041
24.424,-266.403039723155,-14.239727620056
24.4245,-311.395721714684,-26.6178560664297
24.425,-346.648304028131,-54.037971847832
24.4255,-356.099207157075,-98.5368454048797
24.426,-334.213451735122,-171.013834454075
24.4265,-258.799645940343,-255.400134009801
24.427,-117.052720643668,-318.770000286949
24.4275,49.4344661689349,-351.360992485589
24.428,170.615454118784,-371.862415242712
24.4285,223.717790209945,-394.389551927681
24.429,247.744985060898,-411.488293312311
24.4295,278.367557173402,-410.644929747287
24.43,306.015385271071,-387.262890159379
24.4305,310.089019929594,-336.586499807103
24.431,298.393092887733,-251.36327886516
24.4315,290.972784157787,-137.821388017686
24.432,290.279483436572,-22.1574513168946
24.4325,288.223854041907,69.5799164455784
24.433,282.687215774371,132.160937810928
24.4335,267.926459816339,174.878401433985
24.434,226.848256163771,200.942331922858
24.4345,152.935614455286,202.163355871849
24.435,66.5143711320989,172.697003121915
24.4355,-6.80513322274254,121.152159068724
24.436,-59.6122948485127,67.0112009329852
24.4365,-90.2391104272759,27.7844764288609
24.437,-86.0226943822037,12.1237817095942
24.4375,-42.0816942083578,25.0853699474098
24.438,14.8429959398069,74.4300748374963
24.4385,44.5462185302545,162.096306799362
24.439,31.3641708456304,266.473794610894
24.4395,-10.3206622022073,344.468408244569
24.44,-59.0289327826911,365.40176453813
24.4405,-98.2754368152626,342.127778130507
24.441,-116.615414402469,316.121012904503
24.4415,-116.866409198539,308.458232680283
24.442,-120.325261966287,296.786752374039
24.4425,-143.546713907711,247.665818494739
24.443,-175.280776777889,161.923496778093
24.4435,-192.817880513408,75.9952961477217
24.444,-194.565098865806,22.1669607287367
24.4445,-197.384979249374,0.42282526124284
24.445,-207.553078149359,-9.06842287803626
24.4455,-216.442036560918,-19.3159843397238
24.446,-222.248257080618,-32.1173579015867
24.4465,-231.805259130835,-52.2705359544671
24.447,-238.267790740766,-90.7643122668426
24.4475,-220.699193463838,-149.917674911873
24.448,-174.816920833102,-214.542255177334
24.4485,-126.004220817148,-264.523963628266
24.449,-100.962165493723,-292.069473852434
24.4495,-98.9984185554218,-302.195343233209
24.45,-99.9060372295642,-301.614126147357
24.4505,-88.6882844204602,-293.785598005443
24.451,-63.8884994234186,-280.612755626189
24.4515,-31.8707548983218,-260.647277072551
24.452,-2.8787301468998,-228.082814545712
24.4525,13.8295831969479,-182.211492146877
24.453,19.1951015023028,-135.714476101573
24.4535,24.1650924882092,-103.010687615829
24.454,34.7879499750939,-81.0110617296459
24.4545,43.2258104254385,-53.5429703775904
24.455,40.2003056145747,-15.8651190727195
24.4555,32.233126435258,19.8478935741879
24.456,39.2679187880491,48.1448204546176
24.4565,75.0488389061388,83.028697600572
24.457,132.780805644294,135.749896707548
24.4575,189.956916432349,193.189417624638
24.458,226.835846231303,234.349312215487
24.4585,241.814857615227,261.000339714501
24.459,249.384846334801,295.801293769428
24.4595,263.439027850045,352.636246275765
24.46,285.58834764588,421.692173500019
24.4605,310.108750801505,480.748964393689
24.461,332.770239689692,508.258114107228
24.4615,349.229146166221,489.469622363163
24.462,351.649368056722,427.350430261747
24.4625,335.063839383927,349.814760032027
24.463,300.862065721155,291.649147970943
24.4635,245.081221975021,264.830005316656
24.464,153.285074947758,255.793746910559
24.4645,25.252288919381,248.913595116539
24.465,-99.6653596621544,235.044601223123
24.4655,-166.104913439635,196.467586777558
24.466,-160.090381029203,108.970274551698
24.4665,-125.890600000736,-25.3684133062456
24.467,-114.91201193949,-163.76619486981
24.4675,-131.569636640105,-260.788820949463
24.468,-142.46098477121,-314.348121027744
24.4685,-126.433104294438,-358.86306476718
24.469,-96.1647399366712,-419.066857577569
24.4695,-73.8192575280689,-487.472733405871
24.47,-64.9152505418492,-544.740668562501
24.4705,-62.2330001083692,-583.413650168643
24.471,-62.0815155793752,-605.894133126433
24.4715,-65.7888467935458,-611.577030181357
24.472,-71.1713441034957,-593.920419062689
24.4725,-74.984428005914,-545.017470896195
24.473,-85.1396093137691,-460.52129235505
24.4735,-118.6670115576,-346.704221363735
24.474,-177.507317056254,-224.79617110221
24.4745,-231.763652526003,-120.592019393584
24.475,-242.044726798129,-45.8750497187366
24.4755,-203.24063693355,3.99494657474107
24.476,-154.888119686043,32.9489437752684
24.4765,-139.470625600108,36.0737179890681
24.477,-158.184100764926,15.8790445458297
24.4775,-176.976221068284,-4.35799408017735
24.478,-167.902436882537,1.36748128368335
24.4785,-131.013033122799,33.0262448683288
24.479,-81.1692211771791,68.0310298937623
24.4795,-31.7005645880948,94.5917936116065
24.48,6.04619587404038,127.30396710181
24.4805,22.8439252424879,184.443283482904
24.481,21.1114660695216,264.246860208596
24.4815,18.3229431565734,353.720947538818
24.482,34.7043506072894,446.390381317126
24.4825,78.5918406333606,532.653380107713
24.483,142.68121382014,581.190314170747
24.4835,210.084311195556,555.924925265477
24.484,265.654856639642,456.836563706202
24.4845,305.240993367278,324.542003767601
24.485,329.503118125592,196.131608812258
24.4855,326.796352181164,73.0444778639938
24.486,277.644147079962,-58.6147655248479
24.4865,189.826149436926,-195.521879047093
24.487,112.927622146258,-321.259886052343
24.4875,91.9177948473759,-427.026900565608
24.488,112.807659675746,-507.216630730619
24.4885,121.587423901755,-545.619309656842
24.489,92.4911900521827,-530.401757254948
24.4895,44.4787653644462,-477.898411186716
24.49,-8.77581232647704,-417.611737654071
24.4905,-79.9818006050094,-354.815353053057
24.491,-162.336528255024,-271.342686034421
24.4915,-206.167842607597,-163.796662652501
24.492,-177.084426017663,-54.8291565800678
24.4925,-110.785112853603,39.9114187935306
24.493,-73.3979539942429,131.118992088165
24.4935,-84.8692030530675,230.956537196115
24.494,-115.789763796409,330.592793622942
24.4945,-143.294435837098,416.395536491287
24.495,-169.775167491854,489.490934844791
24.4955,-194.787258849457,552.710986677702
24.496,-210.366956523366,592.784598304185
24.4965,-224.971202957989,592.284934960681
24.497,-254.431775264912,549.732695040459
24.4975,-285.600134587501,477.197801777397
24.498,-286.218157876166,391.635970132791
24.4985,-258.347145290884,319.034393491626
24.499,-243.878971114209,287.121205219819
24.4995,-262.044625420979,294.058273879709
24.5,-276.23586150039,298.79881047814
24.5005,-243.861583347165,263.210845057803
24.501,-170.396289707153,192.008067718693
24.5015,-91.3066492919215,112.191329102185
24.502,-25.9375038874245,30.0210346704138
24.5025,25.7575781651536,-63.4239832108189
24.503,64.5045378356402,-157.009912079398
24.5035,100.879838211921,-226.733344371145
24.504,167.225761308971,-278.081801204306
24.5045,287.068653939738,-346.992534178082
24.505,436.920755762077,-449.481464065132
24.5055,562.938314910615,-557.135491020128
24.506,631.548641254832,-633.55922056402
24.5065,644.869903760568,-671.774835218868
24.507,617.364902818112,-682.389311355979
24.5075,564.059348941936,-665.924983985498
24.508,505.498397453105,-616.259503944701
24.5085,455.014359123052,-540.640448090456
24.509,400.546900512279,-459.020525676327
24.5095,324.474802847292,-385.495013311438
24.51,241.176090636498,-318.536319120668
24.5105,186.071843749881,-247.640830408464
24.511,162.455648317367,-166.793038010101
24.5115,128.690018896263,-84.3790347710614
24.512,50.1786409652096,-17.9238491375258
24.5125,-61.2050503322069,27.3828353382692
24.513,-173.175423387784,71.036210731442
24.5135,-272.228460037134,138.781765338734
24.514,-355.168422371565,236.117518534099
24.5145,-403.507420804624,349.583573087861
24.515,-397.810930198632,464.488436248623
24.5155,-350.908939943365,564.496253203722
24.516,-299.634780494543,624.376652671493
24.5165,-262.809698359755,630.067608649364
24.517,-229.4375048102,603.288471111936
24.5175,-191.320555016453,578.164291542873
24.518,-164.124364030848,552.162947019312
24.5185,-162.965792685414,490.139997916033
24.519,-171.813861286695,381.929341043847
24.5195,-155.616452915792,262.551412353431
24.52,-101.822633898345,162.881491001423
24.5205,-37.7871518415782,73.2227393410202
24.521,-2.9148634697554,-24.4675184760997
24.5215,-9.78442378595733,-118.123117007454
24.522,-38.0108821597713,-185.465880123918
24.5225,-62.7019363948796,-228.782862332338
24.523,-79.4617622921244,-261.170465852211
24.5235,-97.4705274296577,-275.413265975904
24.524,-116.902897294292,-255.075145887135
24.5245,-126.059917284257,-203.882003946383
24.525,-120.773153296876,-137.451453210582
24.5255,-113.599718628228,-57.4195777440148
24.526,-117.007659756815,38.0272129077621
24.5265,-126.193146790467,125.53943959365
24.527,-127.060887763237,166.917569915512
24.5275,-115.078896932457,147.537059532762
24.528,-96.6115395739016,85.6038206951221
24.5285,-75.5963953876657,9.38886234920932
24.529,-50.2954949995948,-56.0729779476933
24.5295,-23.8450838624299,-91.9245991637792
24.53,-8.06377712695138,-102.774603867879
24.5305,-11.8281595061309,-124.667425498665
24.531,-29.7808692575179,-187.895475241813
24.5315,-45.8658617774886,-275.249857763426
24.532,-46.8812651442007,-344.23511848825
24.5325,-32.7133470263745,-386.57846103159
24.533,-15.581347404334,-433.993893658137
24.5335,-9.11615447599796,-504.004413882669
24.534,-16.5208291787182,-573.444693309443
24.5345,-29.4648629505844,-613.233437478704
24.535,-36.5468599927744,-617.867312203383
24.5355,-27.1494995715474,-587.51108985773
24.536,11.6314887740109,-509.354138789435
24.5365,87.9809241569256,-376.240190006784
24.537,186.499869861716,-205.727076083476
24.5375,268.703332089197,-25.3703697770174
24.538,308.936609209991,146.423827221652
24.5385,323.753731717086,295.754763901337
24.539,347.330887840575,409.844178000917
24.5395,381.683792064575,493.314177842493
24.54,395.385886505562,571.763655223072
24.5405,374.656458267004,662.995507351181
24.541,346.964024483019,753.75786021169
24.5415,337.937635315056,812.500528783861
24.542,329.672278563683,811.595499830421
24.5425,288.391128307909,733.681746737067
24.543,217.569452697538,582.045382045179
24.5435,150.967759312171,400.010833803249
24.544,98.7226046846711,254.971603562102
24.5445,36.5786463081308,177.397607193758
24.545,-43.9133752840022,130.213274461824
24.5455,-107.989089016762,62.4319301765161
24.546,-120.223861336259,-19.8163918766308
24.5465,-91.9143785263936,-62.2547059880615
24.547,-63.7568832354078,-33.5143416241014
24.5475,-57.2798829243991,41.8406892165185
24.548,-66.3943491020388,119.21806157372
24.5485,-83.3558131350126,173.035212009391
24.549,-103.875840134559,192.292740397702
24.5495,-111.390190159282,163.199401333601
24.55,-87.151233958904,76.663188090138
24.5505,-41.76220396398,-53.3426528387582
24.551,-11.8503632346998,-192.477824373031
24.5515,-16.3583222799438,-311.421269183144
24.552,-37.0856160718474,-409.437727666064
24.5525,-51.5398464858649,-511.876043355187
24.553,-61.7051223879163,-637.419303864029
24.5535,-75.1824794955544,-765.329300433373
24.554,-80.9868211748771,-847.161684159739
24.5545,-68.819067621526,-859.428334248418
24.555,-57.2360506000169,-829.948140812517
24.5555,-73.9901378348484,-795.413833110276
24.556,-115.127729468924,-747.172389356466
24.5565,-152.599317861548,-647.284557547971
24.557,-181.821605382664,-494.348194638533
24.5575,-230.880754239458,-340.042496548023
24.558,-312.703356933415,-229.064174804378
24.5585,-394.360976951375,-148.954793804381
24.559,-432.209071061789,-57.8664373335937
24.5595,-421.608851521505,57.1875990877254
24.56,-393.788813187169,172.558671222621
24.5605,-374.073321692484,266.452485921904
24.561,-361.566139399295,339.510476614207
24.5615,-344.64738376898,399.608944021233
24.562,-317.652952912304,451.736881710598
24.5625,-278.88945947569,510.572955543768
24.563,-223.899935497516,601.176400842075
24.5635,-147.316036569609,727.714935491857
24.564,-49.7029770459536,849.37873189372
24.5645,57.6428059245558,907.107044054219
24.565,155.026471492176,877.998006893217
24.5655,227.142388030272,791.402421034434
24.566,276.143491837439,688.04925714905
24.5665,315.016056617658,578.367694780074
24.567,344.710906008124,452.762631034824
24.5675,349.120940961642,319.513159550153
24.568,322.389760696702,207.977069099241
24.5685,290.493829508827,131.932547413959
24.569,287.866149854135,72.0080925934969
24.5695,313.762830744181,7.45174868801154
24.57,328.818113131593,-48.8234310009687
24.5705,301.555790335747,-61.9820435074279
24.571,247.462858058706,-12.6485698999988
24.5715,212.37811404361,92.1144843885295
24.572,221.296193608716,234.836884995804
24.5725,252.878259045532,392.184865877997
24.573,267.256402227885,525.664591072148
24.5735,253.562807091511,593.403178601291
24.574,241.50008733446,583.252586737747
24.5745,262.475328269091,521.477027236778
24.575,306.535102536228,440.147057197472
24.5755,327.944546316501,346.648154388925
24.576,291.477149844902,231.049763348451
24.5765,202.700509411787,87.3997877995159
24.577,94.9030617870131,-86.5831293265524
24.5775,2.39728728296238,-299.117357123766
24.578,-51.9101592437018,-553.022705546746
24.5785,-65.7611498402163,-825.245412064348
24.579,-68.0002155814531,-1073.98459337228
24.5795,-100.895159092167,-1271.56190614068
24.58,-172.959605914248,-1421.1323729
24.5805,-243.567110009445,-1537.17721806136
24.581,-274.715604246898,-1617.86155689166
24.5815,-283.066008028682,-1642.60217646187
24.582,-313.103900987444,-1592.63888731003
24.5825,-369.787911373065,-1469.44091357989
24.583,-413.053498729794,-1295.37829543854
24.5835,-417.697115617207,-1099.33890455319
24.584,-400.74976077182,-898.919260667253
24.5845,-380.301521789943,-692.355606914886
24.585,-344.645626663454,-467.332770980591
24.5855,-284.022711806387,-219.367100810431
24.586,-223.378821514775,37.095684125009
24.5865,-193.208363856363,273.849050659516
24.587,-184.085386893093,464.253988119344
24.5875,-159.345559726331,597.931951216354
24.588,-105.405242973339,687.789923449369
24.5885,-43.9960037247427,763.71081942389
24.589,2.88561560452878,851.313563855655
24.5895,37.2366057721033,949.021114544291
24.59,71.6725532287719,1025.95086155987
24.5905,109.638853626559,1045.3508923676
24.591,145.207946083459,989.713715121904
24.5915,172.670797294997,864.116020294624
24.592,192.044700054313,684.506565370136
24.5925,209.858053145992,472.281537612001
24.593,234.661987170434,255.832920348261
24.5935,268.767306349845,63.5291703298275
24.594,307.179876615058,-88.9005616325278
24.5945,345.097457982837,-196.157425191931
24.595,377.320482519547,-248.622945664607
24.5955,388.383920033097,-233.860512805893
24.596,359.382342772619,-158.511524356058
24.5965,294.466769356952,-52.7850507111915
24.597,225.096046231962,60.5938480003537
24.5975,173.763500665319,189.636183758142
24.598,128.548736881982,347.100662423197
24.5985,71.5362580117397,510.598720355878
24.599,15.1259097002931,633.468227167438
24.5995,-18.8804051564727,695.058434129424
24.6,-45.7341517109892,715.481784314184
24.6005,-105.34940457765,715.346431713259
24.601,-198.484913510138,687.016212791957
24.6015,-270.322118673683,619.526355229472
24.602,-275.093137073572,528.572271108068
24.6025,-232.121072996151,439.3242722405
24.603,-196.583423673443,353.684491725798
24.6035,-192.439703471033,257.629403044366
24.604,-198.057924146599,151.716837245432
24.6045,-188.180129431063,49.7895612698988
24.605,-165.091736263945,-49.232277920906
24.6055,-147.800698831406,-163.736634265397
24.606,-149.28087575183,-299.368910029862
24.6065,-169.590871313048,-434.745844068124
24.607,-198.853296055667,-542.484299549973
24.6075,-220.450875371997,-610.762662772925
24.608,-219.057572287,-640.994326719126
24.6085,-192.915775049734,-638.898145944864
24.609,-156.65734701212,-613.373853508644
24.6095,-128.605797652899,-571.95491826323
24.61,-115.465023198834,-511.383444298549
24.6105,-110.105369980111,-421.608736701153
24.611,-102.763130914659,-302.031245851484
24.6115,-91.8630804356861,-164.847487545668
24.612,-82.1545999875094,-22.8097541886188
24.6125,-73.3962880189476,113.320306710311
24.613,-55.8580402283308,225.492619379406
24.6135,-21.0939503008759,294.600458190825
24.614,25.490489413787,321.104729732337
24.6145,68.627087038067,322.204767138601
24.615,99.5769188746073,301.634016033814
24.6155,123.133156443002,241.841659221234
24.616,147.50385205782,138.877015638766
24.6165,173.135934976838,26.2156984335682
24.617,194.872879256979,-56.5763838352819
24.6175,211.040644484809,-108.003141343752
24.618,225.48514352693,-156.74367558522
24.6185,241.135809382542,-215.731364320043
24.619,255.054288166222,-264.980053728938
24.6195,261.763307220489,-279.40397399862
24.62,260.907639764313,-254.900578843148
24.6205,259.669732716424,-203.960090832053
24.621,266.473465520553,-142.676458024175
24.6215,283.887758791702,-90.2997117302703
24.622,308.511117395949,-70.062090712145
24.6225,332.588463965107,-99.2835616408981
24.623,340.763051938115,-179.232966609674
24.6235,313.285729110022,-295.26757974593
24.624,247.521279790805,-421.873571780857
24.6245,175.203431030165,-528.146838476834
24.625,139.442399464229,-587.76272300108
24.6255,147.086220683153,-589.394121070445
24.626,159.668197008203,-535.37018631163
24.6265,140.327301077801,-431.805971716201
24.627,91.3014276495858,-289.039080483973
24.6275,31.5012724772228,-134.534163222695
24.628,-40.3381288779877,-13.7445989859251
24.6285,-132.731017894682,36.537078412107
24.629,-225.912037133536,20.1385223937814
24.6295,-283.576519890016,-17.3390742941814
24.63,-299.038236307977,-23.5020238160954
24.6305,-299.850796844527,22.4672269324187
24.631,-304.284112291493,102.593053165668
24.6315,-302.949012067277,185.321536681731
24.632,-289.647116003699,254.278883245764
24.6325,-279.297270237269,314.463877981606
24.633,-281.534956125843,376.826121597889
24.6335,-283.160032298748,441.27802807337
24.634,-272.839631497468,493.680113044795
24.6345,-258.487343501675,517.457875039314
24.635,-241.931528100643,509.929762094032
24.6355,-202.097123636029,488.190251081546
24.636,-129.49569625221,474.532033102615
24.6365,-57.4292113176248,473.504489387946
24.637,-28.097672734685,469.076824060237
24.6375,-39.0508882534981,447.606933008677
24.638,-52.3094158353249,413.231665489132
24.6385,-48.2346335011223,371.481461275205
24.639,-39.6301063887115,310.238728928158
24.6395,-35.7945339827421,216.466394697175
24.64,-25.5434594171536,106.048655108468
24.6405,-3.15036879890364,12.9340408970078
24.641,14.840604054204,-53.5605041337338
24.6415,10.4056526172863,-116.851871751286
24.642,-15.0491227614221,-192.00166394427
24.6425,-48.2917389527133,-261.705719958396
24.643,-78.0434957484417,-306.594530119428
24.6435,-95.7399320649992,-334.810441220245
24.644,-98.1219136169577,-359.439009714177
24.6445,-95.6151228501822,-365.381620385562
24.645,-103.700699997601,-326.539951679839
24.6455,-119.276986055306,-247.362339846979
24.646,-119.637201199321,-162.98313328941
24.6465,-92.2439589270031,-103.661364289442
24.647,-51.8662882555788,-80.105081019386
24.6475,-19.7770168807284,-94.4812553634187
24.648,1.25292682450658,-136.786912700172
24.6485,22.2303280366404,-172.452025356446
24.649,51.0246362337708,-164.536480692304
24.6495,91.1487184010011,-115.413952671348
24.65,145.78783172691,-62.2766410856815
24.6505,209.091939812155,-25.3390844923635
24.651,260.672316825987,13.5366003454751
24.6515,282.348374097303,71.2605803947043
24.652,277.216082750098,131.03723784518
24.6525,262.465763627126,169.100777321075
24.653,247.975826428695,192.435129669577
24.6535,232.558096693173,224.381142257719
24.654,217.644002811377,263.218668803215
24.6545,212.650938621851,278.972130858
24.655,225.738327555768,249.735115461229
24.6555,256.321254647738,184.822364162878
24.656,295.753505340019,112.9429924349
24.6565,328.58257489312,60.2569923725325
24.657,334.903029848673,38.4488756202217
24.6575,300.510478286626,41.2237951292303
24.658,228.142580553741,49.3356096224839
24.6585,136.141730626202,45.4873600977835
24.659,46.1651646448303,25.6218646515237
24.6595,-26.9594769324752,-5.99465246160783
24.66,-78.795211279222,-47.3973101624894
24.6605,-115.447352592126,-99.2780801869274
24.661,-148.628786991455,-158.94925167712
24.6615,-185.380734116089,-218.308395590111
24.662,-222.764909985578,-263.529818119773
24.6625,-253.961509648013,-275.922569463774
24.663,-275.313633335684,-244.02863463908
24.6635,-284.784158537947,-180.7920254692
24.664,-280.246837785376,-117.804579544689
24.6645,-265.325866235445,-73.830713282602
24.665,-251.026981447096,-38.3529538773147
24.6655,-243.816291313575,6.19456424836491
24.666,-236.164330004874,59.1682053490022
24.6665,-215.814247953235,110.568982885343
24.667,-179.413070652577,160.582373595697
24.6675,-129.702674366032,211.521689545477
24.668,-67.0149522626092,250.842747086774
24.6685,4.02602132482718,264.961118911838
24.669,65.1442324858185,264.969411639149
24.6695,98.1499006880917,274.796234518322
24.67,107.687116762188,293.923275107169
24.6705,115.236992727719,295.279343484096
24.671,129.553951067087,264.263354692429
24.6715,139.197186948879,218.049775903574
24.672,137.517440313357,179.208915540389
24.6725,136.534767456433,150.368902400862
24.673,146.618627759171,123.65104535774
24.6735,158.163963680063,94.7070526461568
24.674,156.362245499836,54.3161007377166
24.6745,141.934209556124,-16.0800240481807
24.675,123.146356013949,-123.717205247791
24.6755,97.966638076776,-251.026418215616
24.676,61.1636019980876,-375.890918502802
24.6765,22.0385501224776,-492.532631372924
24.677,-3.71713689967645,-599.259441028629
24.6775,-17.7190207159172,-682.378390066938
24.678,-37.0865358034517,-732.965529704404
24.6785,-68.7614373987679,-766.415723282006
24.679,-102.249834606429,-800.294112220956
24.6795,-129.461596754111,-820.901826672662
24.68,-153.419285543754,-798.775497684201
24.6805,-171.277134328926,-732.968937265989
24.681,-167.084059122521,-649.725763948163
24.6815,-134.165190153477,-556.104566575434
24.682,-92.2217247757601,-429.492942475586
24.6825,-68.3270718775002,-265.887499727329
24.683,-69.1091666906668,-106.325471966372
24.6835,-84.013660794771,9.34446861176976
24.684,-106.593476936933,93.0994573685159
24.6845,-134.391453271184,185.104930607832
24.685,-151.080057451791,294.129421761918
24.6855,-129.792618919626,393.971621740769
24.686,-62.6993319322734,475.250233650675
24.6865,24.1675432504505,566.489668850914
24.687,94.4233475661415,691.200736025199
24.6875,133.899101561771,826.078310581153
24.688,153.527882780741,920.038407715287
24.6885,164.98961494086,946.939396664932
24.689,162.446796037763,926.888901442253
24.6895,130.821883407587,897.984711959802
24.69,69.0821708018349,875.117919535805
24.6905,0.857726003737586,837.139230798788
24.691,-43.0479318211081,751.069389820808
24.6915,-54.631138568855,606.639461277643
24.692,-56.4961116458837,424.866616050376
24.6925,-75.2921020568478,235.255947708748
24.693,-112.336166241254,56.2634601595382
24.6935,-147.880542681421,-95.7140505928998
24.694,-169.129724354167,-194.753153179649
24.6945,-181.312460974542,-226.186301582903
24.695,-192.129629347502,-216.375842436979
24.6955,-200.523926650709,-217.683340219527
24.696,-205.278835697639,-256.402848147065
24.6965,-210.098278331415,-313.474054270473
24.697,-211.734484297024,-363.141372570073
24.6975,-196.690254971089,-407.973764477305
24.698,-161.886026310272,-459.797795715855
24.6985,-126.053796164138,-506.26834597133
24.699,-103.029648194282,-522.731938752722
24.6995,-72.2660492507082,-509.357637423465
24.7,1.70458662937471,-490.913537660524
24.7005,121.255352186145,-479.674728538394
24.701,249.386765115963,-460.7042945525
24.7015,356.464966116502,-418.154941801638
24.702,451.521583878085,-356.543567970113
24.7025,554.95873930943,-287.585621228716
24.703,658.292166194,-211.189357269188
24.7035,729.203906726038,-118.959783758942
24.704,745.754498257961,-4.41275872781344
24.7045,707.219295327729,138.554277009743
24.705,619.163075029614,312.586288224926
24.7055,490.322438354436,497.484364792073
24.706,343.952901215373,645.106751092382
24.7065,209.954896368176,715.211612754895
24.707,97.2998483593111,716.88102680956
24.7075,-11.0665452513181,696.741464852117
24.708,-128.257944373443,680.513346125828
24.7085,-242.070160722504,640.915170065237
24.709,-332.531782119526,534.074675104281
24.7095,-396.85083904476,357.616639039875
24.71,-442.953048270252,157.742388299613
24.7105,-468.822033603965,-18.9071701992842
24.711,-466.314269384766,-165.851095296991
24.7115,-440.865572696119,-305.731818537958
24.712,-408.180334654007,-451.503672870205
24.7125,-369.608498281023,-588.665714834777
24.713,-308.48676712452,-689.740859201398
24.7135,-218.421392259832,-735.135366266991
24.714,-122.277162077588,-721.084887376774
24.7145,-53.3158767592402,-657.78687870494
24.715,-24.9011293715167,-563.376090804587
24.7155,-25.5474527684774,-453.984831682488
24.716,-35.3323253876541,-336.640231439465
24.7165,-38.7773695399635,-213.585648956443
24.717,-29.2912720829099,-89.8067193805469
24.7175,-11.4081383815123,31.2673223720159
24.718,5.96545569421213,155.97097776759
24.7185,26.6479702747218,290.820305326166
24.719,69.4575402472572,422.269565460675
24.7195,140.14790172779,519.54641762015
24.72,207.677953580969,564.41503852814
24.7205,228.194008854564,566.52101946564
24.721,194.675132063532,540.670018335645
24.7215,144.252123779692,480.363478959177
24.722,109.137041736655,366.675850689358
24.7225,78.2601306611792,196.82700480466
24.723,22.3951339295408,-7.21131457197243
24.7235,-54.9857404144596,-212.681897590801
24.724,-112.631558186464,-388.698765889349
24.7245,-116.804367057486,-513.593746421195
24.725,-76.2250796364376,-584.627367582882
24.7255,-28.2680369047826,-617.165265701001
24.726,-2.13730806538706,-622.941121494528
24.7265,-2.00186913065333,-594.792473819888
24.727,-17.4221949384817,-524.591718877743
24.7275,-38.4530940437031,-426.144857810188
24.728,-58.6196028966287,-321.11895699258
24.7285,-69.8858657581529,-210.001912403891
24.729,-62.5289287090484,-82.2240651330068
24.7295,-33.4686500557179,47.5989277967105
24.73,8.10220751312985,144.884481586363
24.7305,48.7525311122698,205.679433650395
24.731,84.3398790065056,273.104689656877
24.7315,119.466256060025,383.362513516166
24.732,152.327841757638,514.193603306772
24.7325,168.771446735563,608.786984562043
24.733,157.726389066987,639.129726876578
24.7335,126.290297311454,624.455805606559
24.734,91.0937214633646,594.652864733953
24.7345,58.3254230659732,558.901993874892
24.735,21.0287276405293,511.750836511487
24.7355,-25.9109141209867,449.534768323382
24.736,-77.336470279906,369.636810794075
24.7365,-124.195045761361,262.490743923971
24.737,-159.946223102919,116.692847796294
24.7375,-180.686421139536,-63.9352223883698
24.738,-188.785042979493,-250.528717322157
24.7385,-198.890829602184,-401.785574142276
24.739,-229.914889248634,-491.460568696632
24.7395,-283.586960820709,-522.185722423637
24.74,-336.487455819076,-509.053363323518
24.7405,-360.70679999742,-456.74721960824
24.741,-350.220264626606,-364.44317577389
24.7415,-321.603588563202,-247.948607808079
24.742,-291.271735519778,-136.859682734702
24.7425,-259.501451858916,-44.2398224876989
24.743,-218.609334882792,44.1508112688892
24.7435,-169.994452236998,141.098861401122
24.744,-125.049481961412,231.734435498463
24.7445,-88.8675791200823,286.073460915561
24.745,-51.4430807284189,286.212297872277
24.7455,-2.0466470860485,231.302681746327
24.746,52.8891116479721,128.430655837573
24.7465,97.4342266049356,-6.32399843308678
24.747,130.214802855669,-144.347634891412
24.7475,166.23357606635,-255.854844094721
24.748,211.60512982481,-324.529604474258
24.7485,254.628205325595,-347.469516749968
24.749,292.949299956947,-329.341274900203
24.7495,350.738098757119,-283.372710153523
24.75,447.072543604619,-229.065989815893
24.7505,558.561552158163,-180.85123104715
24.751,639.030714113034,-145.261440488505
24.7515,671.351401266499,-130.286653997646
24.752,672.886711593064,-141.22304256359
24.7525,652.127353359634,-160.578020513928
24.753,594.704885734915,-151.73179679852
24.7535,502.896021968541,-97.0949059041654
24.754,415.708496264154,-17.7821468714936
24.7545,365.928553273887,57.8414219968244
24.755,337.700557806866,127.358445706304
24.7555,289.864990814463,198.651127432835
24.756,206.324271371102,260.118951383459
24.7565,102.178140705014,292.859558227342
24.757,-4.01359608949561,302.559911870346
24.7575,-97.4021706377139,313.585860554191
24.758,-157.49421566626,334.576017064106
24.7585,-172.743881548968,349.257532126263
24.759,-165.041643159738,338.03263725238
24.7595,-175.955806986173,294.785434051854
24.76,-225.616401595394,231.420092053789
24.7605,-301.449547612179,179.822298275218
24.761,-383.270764705063,174.621469697933
24.7615,-457.444852537188,215.435126947489
24.762,-508.53720630227,261.755591637047
24.7625,-523.537092885737,283.411293971178
24.763,-510.223898968013,291.587266010409
24.7635,-490.137744483452,292.984478841179
24.764,-468.383995063925,246.389463628847
24.7645,-431.600770342308,115.405442537182
24.765,-380.376373580713,-54.5983172316814
24.7655,-338.291903008279,-172.307243382371
24.766,-317.727830127815,-211.055639562667
24.7665,-299.830957623181,-226.373965208613
24.767,-263.14514792416,-259.131907127444
24.7675,-212.138576380205,-282.762119289247
24.768,-161.601299548572,-264.335882713456
24.7685,-112.40087951813,-219.21022053746
24.769,-62.2440040316008,-175.75407313821
24.7695,-23.6101024639414,-136.868850515706
24.77,-8.34065244607408,-110.694231708931
24.7705,-6.54289423718175,-131.723670985546
24.771,-3.12601601124137,-207.690781235643
24.7715,-4.88429749313145,-282.200261393837
24.772,-27.1671345303086,-295.689379567185
24.7725,-61.2414792303692,-256.908017239845
24.773,-80.7154695141328,-214.392410246722
24.7735,-77.5032269025034,-185.812386842637
24.774,-66.7660332411919,-159.183824865025
24.7745,-57.2348483557847,-136.624260419107
24.775,-42.4299252020878,-124.942511487872
24.7755,-23.218411659884,-99.5466253453587
24.776,-10.6856425073565,-29.2083988991395
24.7765,2.87486301529809,71.5853971001608
24.777,49.7592093506819,160.466264619576
24.7775,147.268847450024,227.439854178323
24.778,270.751693209449,288.303409978404
24.7785,381.996870091183,324.080727226113
24.779,468.459195721236,282.694634632835
24.7795,537.829534251325,151.226310165574
24.78,590.243472221167,-17.5697990082878
24.7805,619.113920652634,-162.139629094921
24.781,629.865975164155,-258.136498182983
24.7815,632.727760880789,-301.873760730222
24.782,619.685603783825,-293.009728353053
24.7825,572.695235187097,-252.215873193057
24.783,496.490034136536,-220.095844488239
24.7835,418.085939457179,-216.685455289798
24.784,343.927287282843,-225.520339889381
24.7845,240.619599669764,-228.457623149658
24.785,78.6775887034445,-228.367641965967
24.7855,-116.804969422672,-228.65332067193
24.786,-282.486648662024,-223.137944341513
24.7865,-382.888630710703,-217.394838356915
24.787,-440.636243286658,-223.852669091249
24.7875,-495.305545283836,-220.503918130722
24.788,-549.37731593124,-154.503163243093
24.7885,-569.848254001667,-11.5594038740163
24.789,-536.358988037426,154.618540308341
24.7895,-470.436755995878,291.267507358707
24.79,-411.769869336096,409.467514613226
24.7905,-374.783728267728,541.393478008967
24.791,-337.277251060113,667.482408364836
24.7915,-270.33364176807,735.645259850994
24.792,-172.991590486135,734.717192941345
24.7925,-74.9447080641313,696.537916935991
24.793,-7.99401037590265,630.214439278179
24.7935,21.0053552893263,506.760299644363
24.794,28.1032147292076,320.05721375559
24.7945,28.1841863091062,119.712259616702
24.795,20.5104556708267,-39.0383365798872
24.7955,0.0500626360000848,-150.415264310674
24.796,-25.240206225703,-241.933873243298
24.7965,-38.091826316969,-323.713812115991
24.797,-31.2309505136759,-377.919327477527
24.7975,-13.9550947611426,-390.616649415333
24.798,1.19884077307351,-374.054474109621
24.7985,9.19093006629432,-353.978777365213
24.799,8.41004948707949,-342.319888290424
24.7995,-1.61616312677294,-325.897444524749
24.8,-10.9759840617204,-283.402122142921
24.8005,0.841826437330099,-214.233078690111
24.801,42.76703334459,-145.125327995951
24.8015,95.7552272751498,-102.565174185449
24.802,133.021519131534,-83.9136665131113
24.8025,155.15508492331,-63.0067291386229
24.803,191.282035933168,-16.8476728725858
24.8035,263.248619886059,64.8445075073784
24.804,359.573110059416,188.419045568611
24.8045,446.265362437568,353.686890223497
24.805,492.060495411182,538.296511388965
24.8055,482.702377036833,699.476000153043
24.806,427.776943878034,800.122174521169
24.8065,362.016717140325,829.475218277297
24.807,324.462737875782,799.468147474749
24.8075,321.059905163197,729.703940082105
24.808,315.36589572632,635.132276760924
24.8085,269.161855913607,517.634464186291
24.809,184.832851055442,368.269587306022
24.8095,92.3998383316623,185.739962930071
24.81,1.72061583617438,-10.1683783521239
24.8105,-108.620391741428,-194.875584323276
24.811,-249.304264920889,-364.114792681342
24.8115,-388.186569899551,-524.14946803094
24.812,-477.268422600006,-656.576571777635
24.8125,-504.330473686004,-717.242932790638
24.813,-502.966726292363,-684.180372753242
24.8135,-512.366027195453,-591.689525726394
24.814,-538.876396736954,-501.820323743811
24.8145,-559.650298837756,-451.343160476606
24.815,-553.832165607009,-438.08895456042
24.8155,-521.869950070076,-445.15228746061
24.816,-477.573988846163,-456.448412290768
24.8165,-430.3735997837,-452.981739267739
24.817,-379.872579203065,-418.045379862258
24.8175,-324.710518360307,-354.280290691013
24.818,-270.661020247109,-281.246077171137
24.8185,-226.52742822854,-208.184144493581
24.819,-192.677074529723,-121.802145735799
24.8195,-155.72589218312,-12.8042267823517
24.82,-95.8975214001841,94.5693755657351
24.8205,-1.19951969695042,157.244795159253
24.821,122.849772442795,160.205575055141
24.8215,255.674710284173,135.688386738936
24.822,375.177956612647,127.619463786184
24.8225,471.342550789901,145.374708522838
24.823,546.323916301649,163.968610972979
24.8235,600.149907044489,164.400524135814
24.824,620.035813423224,155.120390318821
24.8245,591.81433132686,146.662067632198
24.825,525.334182703749,121.418567827225
24.8255,460.620156301559,48.1913923158419
24.826,435.704389306028,-73.9889664304333
24.8265,443.837417127058,-200.977583244122
24.827,431.305598316084,-277.126717223122
24.8275,347.768532580527,-277.109610076157
24.828,197.7255337644,-215.139012092095
24.8285,35.5694532421945,-125.115606926296
24.829,-87.0094643764823,-37.754434804254
24.8295,-157.688124576226,31.5882904181337
24.83,-190.428170427531,83.0447069524351
24.8305,-197.235502585308,122.628326623463
24.831,-186.355638121401,153.596655398791
24.8315,-173.20564791635,180.049534504895
24.832,-170.17625027104,213.490675801064
24.8325,-168.834797814673,263.296085036975
24.833,-153.660418069739,319.32479386477
24.8335,-134.881649823909,356.087744050827
24.834,-144.742316043544,357.283959975609
24.8345,-192.347733657531,323.648544584635
24.835,-243.913938312877,254.280519861456
24.8355,-264.532307202042,140.648280703293
24.836,-262.949346243711,-7.98839780851526
24.8365,-272.956537283738,-150.867402055808
24.837,-300.904518737012,-246.997162996541
24.8375,-318.489763396777,-289.264793636977
24.838,-307.325373736091,-289.613533571978
24.8385,-284.564872805599,-245.359781632408
24.839,-274.247237681889,-149.656731310733
24.8395,-272.376839567635,-29.2830803684804
24.84,-255.905852489015,62.8454471960317
24.8405,-216.144603061771,100.969844448882
24.841,-167.689318350557,105.749362555305
24.8415,-126.357875475944,102.146775302252
24.842,-88.334695204439,87.1260446989209
24.8425,-30.4239266262911,55.526201183089
24.843,75.2521638082275,30.982378204396
24.8435,242.428564929223,43.752712106564
24.844,454.193648828295,91.1862273855293
24.8445,661.423426251555,144.466824750926
24.845,806.789117345349,187.049853892587
24.8455,861.294607726183,225.932334085604
24.846,840.937901898578,270.29403359134
24.8465,786.569116461447,317.039531263927
24.847,727.724307164146,354.041970867769
24.8475,667.079227888096,365.505792202042
24.848,595.694514951128,343.813224118939
24.8485,512.330976591735,310.077464825158
24.849,420.433946138631,307.519468834523
24.8495,313.060697320423,351.668989660033
24.85,175.222096802047,400.407663933029
24.8505,4.8086226063872,401.703510097127
24.851,-178.185787924283,359.48043975464
24.8515,-347.085018256691,315.478012402697
24.852,-483.615069092486,271.169383597751
24.8525,-573.838212907569,174.155953364131
24.853,-604.713175492889,-5.72563659399362
24.8535,-580.294586791866,-228.21360138021
24.854,-533.50136176843,-431.55863574183
24.8545,-503.048086308929,-592.886519156786
24.855,-497.231841942292,-711.373773985472
24.8555,-492.950762837718,-766.21151717408
24.856,-470.422266662379,-737.885319765155
24.8565,-435.377375963385,-659.864549292858
24.857,-405.440642577051,-606.012474130926
24.8575,-389.289770565381,-618.853551959265
24.858,-385.184535598567,-671.660340084742
24.8585,-388.087142743014,-699.837393265766
24.859,-389.995825275071,-649.14276462535
24.8595,-380.794359514195,-500.96691464647
24.86,-355.509293427937,-283.508515733783
24.8605,-316.002716972238,-65.8448244164484
24.861,-263.568258164083,85.0224465035723
24.8615,-198.454124554742,156.254948676619
24.862,-129.51940414036,187.364456119025
24.8625,-73.0152033104287,213.432526594736
24.863,-34.3440294881504,227.896202702575
24.8635,0.957534134707826,207.645585553319
24.864,51.0165484795937,153.693713358393
24.8645,118.767708386108,90.1323411437571
24.865,194.013138531573,34.1480161787297
24.8655,265.696759640292,-15.7833837160827
24.866,326.131784707273,-65.8062136434775
24.8665,372.506953880586,-115.021206048014
24.867,412.154284488465,-158.746883439529
24.8675,457.052762789482,-192.326443027089
24.868,503.598356513702,-205.682217389442
24.8685,527.418553437473,-179.291138599387
24.869,511.430567837981,-95.3460424316309
24.8695,472.323384788263,41.3273996929555
24.87,443.859807521186,196.621510105982
24.8705,435.706664878421,329.180346345304
24.871,422.55667180526,420.179063128859
24.8715,375.60745697606,475.107877298417
24.872,295.08648381571,498.763011567595
24.8725,210.80684919981,485.05883773093
24.873,158.279686315542,439.871237373439
24.8735,152.648999945507,398.415000682225
24.874,176.458930334101,401.05809086824
24.8745,192.95674841928,452.996564590158
24.875,179.692537566478,516.020222535542
24.8755,148.350318300321,534.569664640165
24.876,124.144762392373,465.336959082032
24.8765,110.556441081447,299.971943807828
24.877,88.3884647832077,81.0511962095348
24.8775,48.7468282692672,-112.564254479638
24.878,9.65695559385408,-222.668942845909
24.8785,-7.14783076577814,-259.706950169574
24.879,-3.9981760410537,-280.606431125753
24.8795,-4.44470171760211,-320.200947761942
24.88,-32.4614784782786,-360.904806055361
24.8805,-100.695043625645,-369.464630840214
24.881,-206.052300760012,-344.102283038731
24.8815,-322.898151187035,-318.060711945636
24.882,-408.78887221644,-326.140739088003
24.8825,-436.340954654998,-369.07185201483
24.883,-423.391013860469,-404.50823123607
24.8835,-419.033469418506,-382.239190221391
24.884,-452.576487227307,-302.687154028126
24.8845,-502.98626033695,-229.226456878477
24.885,-524.540383709203,-220.078132537388
24.8855,-495.915013253327,-257.208686586517
24.886,-434.720369367959,-270.719938972175
24.8865,-367.811062347821,-225.862628744514
24.887,-302.327040286302,-149.454122055108
24.8875,-232.566699293514,-72.7637518618648
24.888,-163.473111376872,3.98140615849048
24.8885,-111.701597918071,75.7046644613178
24.889,-84.3381626897657,108.684384157696
24.8895,-69.7825936771869,86.1817061260414
24.89,-52.7554406903358,46.5587255991612
24.8905,-26.6606579787486,40.094245164281
24.891,13.2013066798569,69.5996370331458
24.8915,74.0932222657815,109.165693546019
24.892,151.689496498059,162.943663332028
24.8925,222.204773564112,260.997120257918
24.893,264.72145350164,398.267051465038
24.8935,286.504130441989,516.593588641801
24.894,310.462117105307,560.436530556395
24.8945,340.332009926697,529.806055177965
24.895,355.902198275043,469.574513480221
24.8955,343.756952370138,421.673575787299
24.896,314.129256163076,395.153913668286
24.8965,281.346925505629,373.28810741839
24.897,245.187545750461,342.686984270584
24.8975,201.75892997703,314.291348957003
24.898,156.606057312862,310.846759192481
24.8985,111.693446517543,334.013262697689
24.899,51.9675855641467,358.13118662399
24.8995,-34.8018544458162,363.403191842255
24.9,-129.942896410821,359.106839081831
24.9005,-196.74030773893,362.151284721866
24.901,-223.869516566913,369.239408932693
24.9015,-238.249872093297,366.862318695328
24.902,-267.884009708177,354.024316102262
24.9025,-306.999465158062,334.85932732121
24.903,-329.094615876036,299.580723684006
24.9035,-322.788897288809,232.56609354134
24.904,-298.238017559808,130.16010875721
24.9045,-262.071183741145,-7.86097438555952
24.905,-205.182760562542,-192.975962473718
24.9055,-123.821032359398,-431.361373740389
24.906,-41.0767581505215,-699.443637417324
24.9065,7.8276132853572,-956.160839438671
24.907,12.8769957930299,-1173.737209175
24.9075,2.00429203932304,-1340.5561356441
24.908,11.0565475696544,-1446.54840623864
24.9085,46.7176334845554,-1487.99692825485
24.909,86.5862092945163,-1475.88118303976
24.9095,112.687435873569,-1416.14503303923
24.91,132.987321507529,-1292.79509819735
24.9105,164.22886491801,-1095.2500635945
24.911,202.490669634065,-850.334178835264
24.9115,223.495583641816,-600.156995609036
24.912,212.773998728144,-361.563779447917
24.9125,185.167979907365,-136.696477379467
24.913,169.308211521028,55.1809191279542
24.9135,180.314093470145,197.70904628159
24.914,215.115379792813,314.451624010135
24.9145,267.783902541207,435.643258124105
24.915,335.907310458015,535.529101920263
24.9155,410.904122730006,560.628578927057
24.916,474.927320825484,523.197219984997
24.9165,514.457593787739,502.998051275775
24.917,529.405643525155,537.831515890635
24.9175,523.03880227561,573.366881871316
24.918,492.093862346468,551.940132069647
24.9185,436.047881857384,493.805279452599
24.919,367.399815266572,447.208534515958
24.9195,298.96513624971,407.073812098896
24.92,226.011828773631,338.886210704555
24.9205,136.125056379682,251.298958069827
24.921,33.280716679271,188.195678359612
24.9215,-66.0837774351511,165.631072913881
24.922,-159.716275837877,166.27047794622
24.9225,-258.905659928439,184.537457821726
24.923,-355.800256257609,230.700190352565
24.9235,-418.136189490675,297.187137838266
24.924,-433.305426583657,364.600088962072
24.9245,-434.816658829164,438.84917992072
24.925,-459.616182079237,542.887128407674
24.9255,-495.055552724614,670.916624912006
24.926,-499.402133685555,783.957053686545
24.9265,-467.49275147337,848.261072767949
24.927,-440.294355351517,846.106552315058
24.9275,-443.793594191548,757.31923395807
24.928,-451.725984488784,574.330661942365
24.9285,-427.252169244882,339.097734742603
24.929,-378.925656947122,123.142321056382
24.9295,-351.341105107547,-42.3789057604428
24.93,-369.449524650928,-187.928787726378
24.9305,-412.015200857474,-352.286955856053
24.931,-438.380908803256,-538.96075360394
24.9315,-427.562743269438,-726.427458608357
24.932,-390.044792881431,-881.466066049087
24.9325,-350.796340222476,-955.219471036567
24.933,-324.749290856313,-912.798431368259
24.9335,-306.871557437336,-787.991725189965
24.934,-284.12363722832,-666.404251867078
24.9345,-251.625819673928,-584.236364464619
24.935,-209.894195260258,-480.085133719374
24.9355,-150.687088219208,-284.950419549798
24.936,-61.2638463467766,-31.6809944192273
24.9365,52.4617833192789,170.316687114365
24.937,161.284264156382,255.120939984638
24.9375,243.271924615069,251.722142028012
24.938,313.283651548365,221.480394979178
24.9385,411.59140848262,188.995700571005
24.939,561.52382994381,144.752953766782
24.9395,738.368727816139,80.6420470817582
24.94,877.444627598532,2.48129058484193
24.9405,919.564381150025,-73.2812410866873
24.941,863.918703969497,-118.133588901029
24.9415,776.74544881062,-99.7791343188456
24.942,729.03803570757,-9.39708567956597
24.9425,718.178570388716,122.128775098102
24.943,669.845473742434,245.077057497907
24.9435,530.85782489665,327.331089634886
24.944,342.405724143824,366.488131371308
24.9445,198.867268895536,371.767333047145
24.945,141.677346025545,344.885407579436
24.9455,116.855308433039,283.041750774468
24.946,40.1205450523959,194.694579402544
24.9465,-110.771928387739,101.343312233631
24.947,-272.409115806122,17.6324025236317
24.9475,-356.312303189206,-65.3407712870378
24.948,-333.559914531098,-169.083581387451
24.9485,-265.848149220507,-302.701510958829
24.949,-250.089103178998,-456.267008871035
24.9495,-327.006493804593,-612.564979870155
24.95,-449.210496981463,-748.657011491948
24.9505,-540.356998479874,-827.128988449948
24.951,-568.386285205523,-810.333631360571
24.9515,-549.459273596426,-696.834894352518
24.952,-503.553749334617,-527.698308813966
24.9525,-438.692973493882,-342.876853119812
24.953,-371.652261516815,-148.002856685236
24.9535,-326.259740981671,57.4369620088465
24.954,-298.332360704992,238.691691629902
24.9545,-248.287500903273,347.220816260377
24.955,-148.115983499178,380.047718400134
24.9555,-22.243688878477,381.584319466569
24.956,75.8104882535415,376.747601665337
24.9565,120.777682193739,336.419256997055
24.957,134.708445192784,232.792628840889
24.9575,150.981960791427,102.238614065652
24.958,174.401684982528,15.4535563879155
24.9585,186.428158991739,-7.18539506961506
24.959,185.970604619759,-12.2564760714488
24.9595,210.224712782848,-38.6040609071278
24.96,299.888359132546,-62.3230353869216
24.9605,444.97873962786,-39.6241122092841
24.961,583.850953936653,21.7235639527518
24.9615,664.392594303677,69.9146607169987
24.962,687.972577866836,79.1979207565931
24.9625,679.135828718009,74.7587737663595
24.963,635.47454461848,82.6579793322489
24.9635,538.933611940658,91.498096542511
24.964,404.207608760563,83.5670495499892
24.9645,276.047616454547,76.3953384387975
24.965,175.04266913619,105.645483915374
24.9655,80.8333990537566,183.150646889756
24.966,-23.0964751950616,297.405950521115
24.9665,-124.538139532398,438.360643500583
24.967,-218.808386097313,588.113664564787
24.9675,-332.61311588399,699.034088261137
24.968,-478.954507135537,724.610788612292
24.9685,-610.587010026662,676.556987556894
24.969,-655.391257015323,613.256614829556
24.9695,-592.900045986688,561.635414124114
24.97,-470.167933115426,487.121453852864
24.9705,-347.679390669193,355.473147279196
24.971,-254.691566675481,184.460972648415
24.9715,-193.95196411176,6.28872027908832
24.972,-160.885523761564,-187.600648543913
24.9725,-148.047468955242,-424.145722345947
24.973,-147.501003231627,-687.854880849423
24.9735,-159.000241660518,-920.234883626134
24.974,-188.362984638377,-1075.82227464234
24.9745,-233.504397058034,-1151.8141555418
24.975,-277.718268098451,-1166.28805987888
24.9755,-299.253482704761,-1129.91894815877
24.976,-286.736289311434,-1036.11954918504
24.9765,-249.510994320779,-864.755835190024
24.977,-213.928242669531,-608.514874802585
24.9775,-199.244405576936,-310.866412130735
24.978,-192.676851753485,-52.834149354802
24.9785,-161.560526173864,127.268841784479
24.979,-97.5006888679749,275.641202113793
24.9795,-31.288225846194,443.384929569152
24.98,8.65224659198945,589.089184880673
24.9805,32.7398242180309,622.082203422774
24.981,64.4713744343624,538.021608895392
24.9815,97.1824754501076,442.442703042079
24.982,107.109216246734,419.297303768083
24.9825,98.6670697304137,435.688565809978
24.983,102.090848884587,410.343206025859
24.9835,128.320223684309,325.252243711652
24.984,160.196189016866,223.364556284394
24.9845,190.68675532356,133.963366363878
24.985,233.723854817882,56.8845549419061
24.9855,286.659586895557,3.8545377971054
24.986,316.78127806996,0.755927129345811
24.9865,304.786994964526,44.3903731165721
24.987,274.666174060465,94.3392725072782
24.9875,258.737252668934,117.561341145025
24.988,255.395982394331,120.12688146033
24.9885,244.589610667238,131.697118012784
24.989,225.721875067732,173.959553311741
24.9895,213.913634091633,241.833035770257
24.99,212.477218845548,302.112625860937
24.9905,215.69060912116,317.327891731555
24.991,229.359862038798,283.789986269144
24.9915,261.73102927038,234.288666343863
24.992,298.454873690012,189.580177836011
24.9925,311.614746790854,127.944082016815
24.993,292.73152612046,27.6637205863716
24.9935,255.009297418064,-81.0854526987305
24.994,204.464332772088,-145.080209844877
24.9945,133.471969888414,-161.173043935833
24.995,46.8494974463903,-182.893683348197
24.9955,-29.0170495827766,-253.914734282698
24.996,-73.2962891971591,-368.500831246713
24.9965,-91.7469076495953,-497.686981986337
24.997,-103.802650271245,-615.079404732994
24.9975,-123.362142288827,-687.49518995987
24.998,-158.482259387144,-680.293595725927
24.9985,-213.599650369039,-596.172707799419
24.999,-281.591879394657,-483.845699899666
24.9995,-345.709416053297,-386.841321675824
25,-397.669323188883,-302.682860003458
25.0005,-440.757891752207,-210.591367640787
25.001,-466.87884548431,-119.251664730414
25.0015,-448.576739929213,-62.6259822536598
25.002,-371.726529754349,-57.3597973364609
25.0025,-264.951526965425,-82.5043269860284
25.003,-176.587354560442,-96.8789953386286
25.0035,-126.830769433708,-67.9540611661921
25.004,-98.5512430393539,5.42743053500522
25.0045,-68.9006574401328,88.9353169833715
25.005,-29.7325717640878,141.791548835152
25.0055,20.2888799631678,157.790699380389
25.006,80.377854652165,166.601503148287
25.0065,140.497648110888,194.025692898792
25.007,189.730960436515,244.940565701292
25.0075,234.903166886773,330.220674219493
25.008,285.971956600511,470.865470908883
25.0085,315.703424714372,646.27191545281
25.009,267.899025638204,769.903397437762
25.0095,132.06945199077,761.449564217335
25.01,-16.1053816400792,631.851287646997
25.0105,-87.8210444495812,457.667490329696
25.011,-84.3067595026174,283.669457812599
25.0115,-88.144361126545,102.718468312786
25.012,-154.516703722333,-67.6403248622698
25.0125,-253.538342111353,-155.477903759724
25.013,-327.644909619888,-121.172569168696
25.0135,-359.080047104117,-33.9478708391368
25.014,-355.281072434456,-11.0701477265453
25.0145,-308.425912933116,-91.8051715152663
25.015,-211.962748668798,-208.614780056958
25.0155,-95.6681848789041,-273.609347707535
25.016,-1.27263715981148,-253.667240653674
25.0165,68.9702737604558,-163.753829170648
25.017,144.064827619931,-36.3076011118422
25.0175,231.644223018851,80.9075693605623
25.018,309.907615573189,134.701393831527
25.0185,368.720596149543,111.977761228946
25.019,420.028799254875,61.1712699987448
25.0195,463.912443982141,37.8980402677364
25.02,481.928963951374,37.8498660340746
25.0205,471.857805932142,12.4869005851651
25.021,450.766112667011,-56.404734631433
25.0215,410.501869965204,-136.11221535679
25.022,310.213679703146,-203.294844663737
25.0225,137.575196139068,-285.387828470103
25.023,-54.6728009545495,-415.00149109688
25.0235,-201.330001028658,-565.174283303853
25.024,-289.077778923861,-660.880611377907
25.0245,-343.085146516876,-650.366819768588
25.025,-377.146476561642,-547.027561440531
25.0255,-390.877715705068,-408.122710507964
25.026,-395.228936416799,-289.710406977587
25.0265,-402.206353495039,-214.012648093454
25.027,-399.785766292086,-159.118234971697
25.0275,-370.60458165016,-81.6823836841164
25.028,-326.49807289397,35.3638628349621
25.0285,-291.588930902766,162.314703532242
25.029,-259.196196667387,262.989316977673
25.0295,-200.613316354139,342.923328643121
25.03,-112.704001768787,434.241048435261
25.0305,-21.8794048245067,541.865308344529
25.031,58.388519567854,633.108350341778
25.0315,139.499874197755,675.742688565668
25.032,225.563862357262,655.868708993887
25.0325,303.382826270168,562.716505374086
25.033,368.35295955053,396.827502152416
25.0335,426.572282454693,201.873716155909
25.034,466.605828113813,47.9534768177861
25.0345,466.275923801965,-36.8333781467374
25.035,436.935967972586,-87.5865475767577
25.0355,421.923046017368,-138.410144254882
25.036,433.962089460327,-171.860446993578
25.0365,430.741722335253,-157.74153708782
25.037,375.247212262384,-109.094440509077
25.0375,286.683099975851,-64.0904021419064
25.038,203.914387818622,-35.1771029254823
25.0385,128.942149941548,-12.4211410018052
25.039,41.0324812834757,0.394472868274086
25.0395,-56.1451207036039,-8.43367879785776
25.04,-139.459034995838,-26.8546277999688
25.0405,-204.333042521301,-29.7568683614453
25.041,-260.97736689048,-16.8121922356715
25.0415,-300.527543727541,-7.60729923174962
25.042,-302.314314556051,-2.52183462532664
25.0425,-276.72606367361,20.9463227681061
25.043,-267.813438463423,73.7875731575675
25.0435,-301.661633873472,143.360438118366
25.044,-352.531261936832,211.793448607019
25.0445,-370.864681690085,261.724929478498
25.045,-332.922684780946,272.96083932537
25.0455,-257.093348748842,244.572458372576
25.046,-181.612377590453,212.035779070312
25.0465,-132.436431660234,205.540809367798
25.047,-108.613770924788,195.345638743395
25.0475,-95.2124050091321,119.274997563015
25.048,-86.1430624957962,-33.5406252158108
25.0485,-86.2300683354226,-207.937516481548
25.049,-94.0809612175663,-357.775763230417
25.0495,-101.004673498939,-491.563500219106
25.05,-110.848704827563,-628.561582840639
25.0505,-138.795853129358,-752.447644602664
25.051,-179.673855415983,-834.195524734157
25.0515,-201.363435094986,-868.432727082363
25.052,-187.786620840236,-860.093221414231
25.0525,-165.571064201083,-799.367226921048
25.053,-163.636192476644,-674.632732893832
25.0535,-166.67555707647,-493.395288290848
25.054,-139.074133497286,-276.152260950832
25.0545,-79.6638212686742,-50.6529506142197
25.055,-19.0712977058003,140.66028728223
25.0555,27.3227199465755,264.610459872498
25.056,68.9977173711641,347.900471549914
25.0565,109.450245010637,463.037356271708
25.057,142.99830917968,629.257699664849
25.0575,181.928988840617,760.001263105257
25.058,248.879912079047,751.933602820684
25.0585,334.300866720512,606.902738233868
25.059,394.29174297134,425.972752866977
25.0595,402.727727023968,298.502350958227
25.06,379.917302347518,237.684616811778
25.0605,360.139450993911,212.567577975388
25.061,355.173090809966,195.703449240711
25.0615,358.782554071815,175.439230203965
25.062,363.059076746153,158.030378227347
25.0625,359.492029037719,164.454627975311
25.063,343.161849238969,198.502965943197
25.0635,321.635039605623,219.564822562814
25.064,299.774241983501,179.333983305256
25.0645,256.55758317852,86.9438657037143
25.065,167.135633811134,1.95575868948154
25.0655,51.8139149479803,-46.4273725802358
25.066,-32.4714756184481,-98.3626718869124
25.0665,-61.8945274518291,-203.209356802557
25.067,-73.5096569051639,-347.599020907964
25.0675,-108.072246852382,-468.143354559895
25.068,-159.387581674527,-520.164973760615
25.0685,-200.816347702217,-509.338772725758
25.069,-227.370377502067,-460.891581471944
25.0695,-243.146274035127,-380.367681632257
25.07,-237.408605337256,-253.220472017252
25.0705,-208.077508679957,-74.8690848630456
25.071,-186.846053705302,127.830655404448
25.0715,-204.182114057192,307.332666029141
25.072,-242.078608562846,423.993864626109
25.0725,-252.95025855058,459.767105472413
25.073,-214.972679280026,410.141828694312
25.0735,-141.599050129709,281.184830135041
25.074,-50.3667280251778,103.502717731138
25.0745,45.2860057456999,-66.988257942406
25.075,121.915798789684,-183.50444899718
25.0755,156.681196856155,-244.327231244718
25.076,151.270181019742,-282.474396153127
25.0765,122.457846770217,-317.170173137926
25.077,75.7958048152371,-322.023025302746
25.0775,12.7164447630763,-245.51425972216
25.078,-46.1146339158892,-67.4661733586273
25.0785,-74.6592755131249,160.425602245616
25.079,-75.2126675387449,339.770007526396
25.0795,-72.0425566624829,409.467835907273
25.08,-75.9065262630014,402.96423746282
25.0805,-80.891887968697,402.039336498963
25.081,-90.2544125934568,436.993594276636
25.0815,-115.052734052689,462.482274951927
25.082,-148.566634298145,433.028969323946
25.0825,-170.20016808459,359.188107493949
25.083,-174.078136904322,270.17864588489
25.0835,-168.507227857237,163.315473803742
25.084,-153.037012105722,24.9149608150033
25.0845,-126.926435967886,-128.873958675449
25.085,-114.307887892933,-267.654301116264
25.0855,-142.419417828644,-379.262527635773
25.086,-193.55708912827,-457.465488090083
25.0865,-217.670337390751,-491.383955669827
25.087,-198.153692182939,-506.88210637525
25.0875,-165.615752620437,-579.421217000488
25.088,-138.236626413846,-743.565525855121
25.0885,-92.3575034600693,-910.718106878409
25.089,-9.84460114601559,-941.955265459199
25.0895,86.6489393454016,-794.237935359223
25.09,169.734893923205,-535.18578344159
25.0905,241.968461554344,-228.268618402718
25.091,307.935263557131,114.870195518927
25.0915,346.97392381892,459.681291774671
25.092,346.312900800278,713.882660603538
25.0925,331.298047052358,812.448382293946
25.093,326.69401484474,785.926257332677
25.0935,312.649633476804,708.647423373359
25.094,256.105174631774,623.699141615155
25.0945,164.374089888848,550.126395469091
25.095,69.3580749808603,514.268321815694
25.0955,-20.0548653027263,525.258128362606
25.096,-105.149907231696,546.20620539035
25.0965,-155.162147312422,528.349118410662
25.097,-134.040458082213,457.008693556432
25.0975,-67.9575854188641,343.039162735241
25.098,-30.9415823438914,197.925399142685
25.0985,-49.8643567644992,41.3404196847035
25.099,-70.1451832186338,-98.7194769045384
25.0995,-35.5047030014782,-222.324360303164
25.1,39.7966213101377,-365.197085293763
25.1005,105.618124626784,-540.734981383973
25.101,147.777155735941,-701.840828426328
25.1015,188.17209947796,-790.259295795366
25.102,232.813677706641,-799.157499209275
25.1025,258.35540728499,-760.103605869892
25.103,248.281681094442,-696.130997175258
25.1035,214.361509423352,-617.581924657991
25.104,176.228274175072,-537.264031376367
25.1045,135.207518781519,-457.348731284889
25.105,74.1362173597292,-362.800717083436
25.1055,-21.8743541291286,-251.629825836372
25.106,-142.684917142196,-141.817203960504
25.1065,-248.396943698807,-25.25549415838
25.107,-296.639443905707,140.028228586844
25.1075,-282.322699117818,350.266033063964
25.108,-241.61618638775,511.187384254402
25.1085,-208.924265933735,530.540256295665
25.109,-182.018718458735,429.833857660661
25.1095,-141.104510214922,309.90573076063
25.11,-87.1152895199515,228.766053865437
25.1105,-39.1797521371923,170.949261651333
25.111,-1.8674438885508,115.816771203773
25.1115,39.246246043697,65.6611136630887
25.112,88.498195060102,8.96194537553972
25.1125,131.130915900295,-78.0799445058994
25.113,159.3493672652,-181.843120396674
25.1135,182.640831404209,-252.814344791402
25.114,198.943236821118,-263.839144786368
25.1145,179.334306635343,-222.564429304729
25.115,105.287078494958,-127.447646079523
25.1155,5.81164256810136,33.3932140113171
25.116,-71.9025603843794,231.817677775292
25.1165,-122.869175260527,403.79594559505
25.117,-183.364504466592,521.171066702035
25.1175,-266.205977255264,612.019277745787
25.118,-331.037975451297,694.060839381916
25.1185,-337.071951807871,738.126226363818
25.119,-298.274902955,721.310294443068
25.1195,-258.634174789403,669.472960601432
25.12,-230.374933477919,615.272017214205
25.1205,-190.480978174493,551.098155737644
25.121,-132.156090606434,456.568047395498
25.1215,-83.2533463487522,343.769123208289
25.122,-65.6367298664158,243.297757375727
25.1225,-66.4581371079329,165.745725165233
25.123,-65.8271270961071,101.592629594688
25.1235,-70.0160083295336,39.1685772479047
25.124,-95.8783191352276,-39.1394662465034
25.1245,-136.195368228001,-157.890442987644
25.125,-162.619461165826,-322.088152319961
25.1255,-158.200178955442,-502.535555212536
25.126,-130.085422975635,-660.624146825835
25.1265,-92.0828705546315,-769.185946622115
25.127,-48.3768862592286,-800.410742093668
25.1275,5.2538689623841,-726.704597628954
25.128,73.2481972428842,-561.320328749901
25.1285,152.872912503442,-377.574838286846
25.129,229.964981867216,-258.228646500618
25.1295,286.995170806329,-231.508000038863
25.13,321.450959895257,-269.101205585359
25.1305,349.41641110024,-329.379226388895
25.131,383.706486936077,-384.183358565663
25.1315,416.782816473973,-418.978323547856
25.132,434.425122045746,-430.110536580973
25.1325,436.934170243854,-420.054733300778
25.133,434.299457072624,-388.760982496576
25.1335,427.326908407934,-339.413623817831
25.134,405.594062265226,-292.793021331481
25.1345,357.728378170637,-272.916141495917
25.135,274.967923209901,-270.734770022956
25.1355,158.817195558301,-246.974457674866
25.136,40.8393869366297,-183.68542164003
25.1365,-23.3530959529626,-109.555522130086
25.137,-9.290778915749,-60.2053684893109
25.1375,36.057534408818,-37.1123712370259
25.138,42.6203277896335,-21.2592080459715
25.1385,4.23718555924062,-2.58564323391628
25.139,-18.6570838896149,23.5033013580682
25.1395,11.6738950447479,66.473632800884
25.14,59.03139678494,126.575622648565
25.1405,69.9992661429716,189.441458287139
25.141,44.4414181211801,253.517547121226
25.1415,17.8788666267007,343.510978889729
25.142,1.11074336947644,477.38311589137
25.1425,-23.2289684466464,637.49490728203
25.143,-59.1044165582689,790.390901965591
25.1435,-94.5417192729749,915.52190484101
25.144,-138.75590490366,1000.93033907804
25.1445,-221.020854470158,1036.05411796521
25.145,-340.328855309923,1025.03501337358
25.1455,-447.426865845391,979.241582817736
25.146,-497.03132492061,881.173865619186
25.1465,-499.387058509999,693.698543989296
25.147,-500.767898810362,429.886077574914
25.1475,-524.083374171341,170.487784353976
25.148,-547.48653192099,-27.3440791793557
25.1485,-538.193250036316,-199.422500032696
25.149,-491.791689240823,-403.202727980178
25.1495,-433.964289469808,-612.184945050287
25.15,-390.359398967187,-745.216114693392
25.1505,-360.383410601006,-781.550146243237
25.151,-322.467151485546,-778.616976092142
25.1515,-263.299188795594,-779.094015582545
25.152,-193.491916515484,-764.838447589309
25.1525,-127.452944520218,-708.30213140604
25.153,-56.7453350138972,-606.133829612516
25.1535,38.8602305730009,-445.545123917732
25.154,153.373699554998,-198.454571864064
25.1545,247.430456290841,117.893713905196
25.155,289.790078342303,417.480578979029
25.1555,292.351990244846,615.938993436799
25.156,290.758191806916,696.031692540059
25.1565,301.329011110371,683.26295141161
25.157,314.804383595358,596.112953058918
25.1575,326.504293960865,454.404992145264
25.158,349.993144624391,305.542473337756
25.1585,394.706298195591,197.661055290389
25.159,446.318442803734,134.269775629113
25.1595,480.15967108344,83.5089794514176
25.16,484.325586383351,23.3236451771475
25.1605,458.64967434669,-46.7836898811283
25.161,399.333941596611,-127.411527866466
25.1615,301.767179066711,-221.871659370413
25.162,180.356294455985,-316.564562451171
25.1625,70.8636742744551,-382.998459347933
25.163,2.89981998357342,-406.967619685571
25.1635,-24.8322989926614,-402.730026175449
25.164,-34.7611594284136,-393.459771520328
25.1645,-40.6420831999823,-386.427809437398
25.165,-36.5995380709033,-370.166910361073
25.1655,-13.7199764437053,-329.018088871304
25.166,23.7856724251923,-258.878485176658
25.1665,62.3130071555048,-176.136678655016
25.167,89.8082248143334,-113.961598692241
25.1675,98.0831715596611,-99.8436262108303
25.168,83.0844495097472,-124.630323877235
25.1685,51.7970186872061,-136.812328104488
25.169,23.6682893666203,-85.9572398232233
25.1695,15.4583992418634,19.1118582446171
25.17,26.6064214743649,112.905541980597
25.1705,46.2544480703267,151.254463570699
25.171,68.4698202076292,166.661334112696
25.1715,87.7768156323379,212.115192707873
25.172,84.2555015210296,265.19285928138
25.1725,34.2728003614005,243.962087146971
25.173,-55.4098134547085,126.371460778849
25.1735,-139.643598789344,-8.09869956605558
25.174,-175.335047821666,-87.4531360432583
25.1745,-163.927980244207,-140.247673969403
25.175,-144.045539586326,-229.490637878747
25.1755,-149.018890689597,-343.398997550975
25.176,-182.702754585662,-420.962145756307
25.1765,-229.807954649158,-452.676376281279
25.177,-273.155178751038,-475.526443114731
25.1775,-300.340855555415,-482.505131680662
25.178,-308.665756175459,-421.65507337383
25.1785,-310.037374269437,-289.149963895995
25.179,-322.880105335227,-142.114754252617
25.1795,-354.525160116244,-2.36424228731675
25.18,-396.597678474325,172.630338405345
25.1805,-437.607422650629,390.875775998346
25.181,-470.202429773338,570.952998823122
25.1815,-482.959165694497,632.147509040254
25.182,-456.531098132543,583.452138658082
25.1825,-378.399232629161,479.032818881024
25.183,-258.809381423029,340.772326277208
25.1835,-125.917999263028,179.690237853209
25.184,-5.94109251797978,47.9993086119611
25.1845,90.2186377476379,3.73837157587698
25.185,165.43759341569,44.2326145711917
25.1855,226.973524668414,124.368790094867
25.186,278.52479535477,220.919268998569
25.1865,320.014367441688,333.529236462826
25.187,354.14905564651,441.434602686324
25.1875,388.232248096194,505.730024462399
25.188,424.395275895676,506.290427372512
25.1885,452.711355652764,447.224352262409
25.189,461.977363297362,344.913482449828
25.1895,451.525437715873,235.559996610082
25.19,420.135828480116,160.173178217899
25.1905,352.124409219068,107.583533391029
25.191,240.469861261777,14.5574129399025
25.1915,125.372026980713,-129.099079216653
25.192,75.8437065059866,-220.617160672075
25.1925,111.698773187852,-158.077469835107
25.193,168.621406978107,18.1423301626066
25.1935,170.855081279319,175.010918941469
25.194,123.991771417878,254.024024352477
25.1945,102.090655052491,298.344795642147
25.195,148.609463957877,322.133350162686
25.1955,225.78791887491,261.815584289736
25.196,267.371835753431,90.8855175778225
25.1965,249.745890956148,-108.059702843054
25.197,197.993947926735,-243.644275126332
25.1975,146.091983528355,-324.767706264733
25.198,106.627944755995,-407.987344257283
25.1985,63.1913628140882,-483.18692564219
25.199,-17.7471701879143,-483.887111283183
25.1995,-149.722646763869,-395.148709625079
25.2,-292.654014702265,-287.096737906424
25.2005,-379.59601496909,-230.889579044229
25.201,-391.186328751167,-222.028519579787
25.2015,-379.506149208314,-207.097201670134
25.202,-398.098534689527,-167.40217677731
25.2025,-432.129863067332,-150.38973819024
25.203,-426.28417297,-207.226366938779
25.2035,-363.069130366522,-311.389390863073
25.204,-277.461819338634,-372.982752346743
25.2045,-202.075469677762,-351.146115126061
25.205,-135.247572803764,-316.687849490634
25.2055,-66.4497145036451,-358.927477003004
25.206,-0.657579412356561,-453.04573077926
25.2065,52.5849715173002,-481.602620648694
25.207,89.7879408576483,-386.266609950457
25.2075,103.727687901291,-233.67992034877
25.208,85.0899877908534,-116.03938669385
25.2085,44.2894014562485,-50.1668472296874
25.209,11.2653458515999,-5.90635182024464
25.2095,0.315593933753675,23.9586571282318
25.21,-9.24402218027885,31.3736724734204
25.2105,-45.0620072710637,33.8920645685681
25.211,-107.133478861155,60.7995824159746
25.2115,-171.08156593013,119.008852484957
25.212,-213.23628221722,203.761699062757
25.2125,-223.098756567427,315.087159312303
25.213,-204.283036262422,430.788473601333
25.2135,-174.351779980386,494.041929781743
25.214,-153.101324900689,468.511438587684
25.2145,-141.349922421882,384.02487860693
25.215,-120.69941616602,293.990838468328
25.2155,-79.8807355336011,215.517358467274
25.216,-27.6256188055654,148.943318679308
25.2165,26.3882671973402,121.468203343148
25.217,84.5084401832178,155.594108811404
25.2175,144.171671305951,214.82386125387
25.218,187.976055436457,238.05706213303
25.2185,207.099497988215,217.121002575739
25.219,217.258766382846,186.762762984094
25.2195,232.721467466083,150.045621812576
25.22,240.815193145121,77.5947741553943
25.2205,223.615902688033,-19.0318351846548
25.221,189.521141645259,-81.3947322665643
25.2215,158.376882021819,-89.9163339566806
25.222,128.748625219325,-96.3095021723119
25.2225,88.520036638253,-141.242475711287
25.223,47.3101611535003,-188.545264600433
25.2235,25.8651167810851,-178.412072159023
25.224,19.2610148889848,-111.00062315616
25.2245,5.86831498275821,-39.1945015333435
25.225,-7.65831807058421,-1.126216194123
25.2255,12.5251454894471,6.3177103323848
25.226,74.7958443538603,2.3718159807303
25.2265,145.844873892225,1.39752867565219
25.227,198.470892236135,10.5008039768525
25.2275,241.75019832896,27.5456248246678
25.228,287.978275773439,45.2136942688949
25.2285,323.143636455141,64.7261339884799
25.229,333.363027466337,92.8188294529937
25.2295,332.492271997092,120.466182248273
25.23,336.738623101081,127.334676401329
25.2305,334.20319070423,116.666512050868
25.231,306.128901359578,116.871038270453
25.2315,257.84431058967,131.22274432573
25.232,200.872072056049,118.140732975691
25.2325,124.761264792068,51.1813911214239
25.233,19.4599663878176,-28.69440902953
25.2335,-91.4311236230412,-60.4195914877221
25.234,-177.136637700573,-45.2742840063043
25.2345,-247.542818016246,-38.5179267762117
25.235,-333.692253886165,-66.7488543168344
25.2355,-426.236496404715,-100.953507187508
25.236,-478.282306421211,-115.519137060957
25.2365,-474.532827791318,-124.682133450428
25.237,-454.334223286023,-139.617833001694
25.2375,-452.285472103462,-131.704559551249
25.238,-455.573238159181,-74.9245530012929
25.2385,-440.988565226129,0.233603143180203
25.239,-418.088486849392,36.0537162356582
25.2395,-405.183600615688,22.349651182002
25.24,-388.335582180121,4.29132566522148
25.2405,-338.804361719897,11.9905233271172
25.241,-258.175148792313,16.2547715271734
25.2415,-176.259644547711,-27.6107081131081
25.242,-111.543889325369,-113.086774507122
25.2425,-59.4546543339779,-184.485815448588
25.243,-14.6882276977049,-202.143401683009
25.2435,19.7228548279064,-185.399355102092
25.244,45.1621721178859,-180.579257147876
25.2445,68.4711110794535,-193.299203667848
25.245,88.5984289547141,-168.375911176324
25.2455,98.1563928158613,-50.2271155529567
25.246,98.223338087543,139.324698783221
25.2465,96.8766104202795,304.420327439285
25.247,94.5130579887805,371.693243055303
25.2475,86.8287949000718,368.099237282161
25.248,82.4042904971705,374.66933093305
25.2485,100.386181981995,408.624005992192
25.249,146.427787640619,390.95526747194
25.2495,202.947275827753,245.748967946929
25.25,245.830276435603,-4.74381923792789
25.2505,261.300642838582,-272.83212912395
25.251,248.914420920179,-500.645745999823
25.2515,222.752679632741,-676.348262939456
25.252,209.197587785336,-774.639352056927
25.2525,225.67047341567,-747.299574294231
25.253,256.337220950016,-592.894941339182
25.2535,262.986058327136,-389.08394991677
25.254,224.961376020788,-221.840396707713
25.2545,156.00320110928,-106.376196905886
25.255,80.5719513595563,-2.91303238715408
25.2555,12.832980882411,113.248858624558
25.256,-34.7974540303263,227.186851874858
25.2565,-46.2126015265453,312.660703132609
25.257,-23.8740147715303,353.617108508578
25.2575,-1.61717094755675,345.53975633484
25.258,-12.4878382218335,301.437872602752
25.2585,-49.0486657523733,250.518504545774
25.259,-74.6565922797576,208.232517600523
25.2595,-71.1209260955998,154.845880596343
25.26,-55.4097983348196,67.0291908327954
25.2605,-47.1128866811198,-37.2870351970674
25.261,-38.7849877566841,-112.880505282514
25.2615,-8.92065512282352,-141.277374135939
25.262,46.7728176651016,-140.276067162807
25.2625,108.37958516474,-117.988254893001
25.263,152.033213573295,-50.3082994645234
25.2635,169.52462452884,80.2869294150773
25.264,169.431771749716,243.229364637337
25.2645,164.657464642145,373.500332853712
25.265,160.172697478848,420.931733168717
25.2655,151.322699821262,384.147229600253
25.266,132.875595324537,307.629513011383
25.2665,107.223217870728,246.990265036973
25.267,80.4080339999056,224.898409223877
25.2675,50.8035026905606,219.785889452829
25.268,6.67254696304376,205.227059957374
25.2685,-61.8143428619855,188.319533890295
25.269,-149.35483188311,187.74350718528
25.2695,-236.769660750134,184.665772667303
25.27,-306.594354785808,130.838456264894
25.2705,-357.105217177936,10.6235779225675
25.271,-399.193052580149,-135.739557704815
25.2715,-438.631504785678,-259.965709806668
25.272,-465.335949500963,-348.346914956481
25.2725,-465.110205239213,-406.092376972882
25.273,-438.578973420372,-430.250854497131
25.2735,-398.489977613253,-417.095939891895
25.274,-347.768964553899,-371.851772358012
25.2745,-273.971598114891,-293.43489455326
25.275,-173.671134618828,-174.783648878898
25.2755,-70.4784015938068,-37.014831641474
25.276,5.39222427931748,66.2230392213068
25.2765,49.2331021702034,105.510884446797
25.277,78.8524572873817,110.032133882606
25.2775,104.25229402778,113.732468456467
25.278,118.659630734515,94.8911745301423
25.2785,119.808263880118,13.3011252852184
25.279,119.518299769752,-111.19432119008
25.2795,125.091162085261,-209.418537069924
25.28,129.924975849518,-247.016879061876
25.2805,133.696772697967,-246.793220260302
25.281,153.081401766866,-225.39074493039
25.2815,193.676140171385,-165.034980528512
25.282,225.762636594221,-68.34434470466
25.2825,214.568746009351,9.96270628128897
25.283,171.455929315102,21.8411009891802
25.2835,148.938507955673,-16.4291521219518
25.284,178.951911884225,-57.0780786412382
25.2845,237.187965610004,-81.2470704726824
25.285,277.914523023108,-92.6605147768908
25.2855,284.58533252918,-81.376147354524
25.286,271.09916701935,-40.285224909892
25.2865,249.210072431703,-0.322506582241561
25.287,217.048496263558,0.918158437854366
25.2875,174.218637516218,-17.8593706574783
25.288,126.602412539414,3.8964455155368
25.2885,74.0968997063374,87.1102606229738
25.289,11.6237265983113,188.131835175754
25.2895,-51.2205979621234,263.258761104933
25.29,-87.265594932022,315.995136505896
25.2905,-81.6010485434554,364.733794994773
25.291,-56.5919964558078,404.112157461122
25.2915,-52.6524856703589,422.569934532044
25.292,-83.4482878993656,423.516266210318
25.2925,-120.999738859645,400.86600594371
25.293,-130.496708846945,325.670312604313
25.2935,-112.973824740572,192.69183180717
25.294,-103.95315145643,55.2049874680849
25.2945,-129.676897047559,-26.8470609873734
25.295,-174.714204888414,-57.4929628671329
25.2955,-200.758770722342,-85.4581939877935
25.296,-191.334651998421,-129.308592281658
25.2965,-164.521073350123,-165.584716187774
25.297,-141.573141339961,-183.25056007916
25.2975,-120.391338061704,-201.452078987361
25.298,-89.9187424910779,-228.867214554675
25.2985,-55.5971173977901,-248.479726761005
25.299,-32.0968177481793,-251.471980664285
25.2995,-18.8410059605513,-247.611203372869
25.3,-4.27842955095074,-234.334281373772
25.3005,7.85439035450031,-196.971506448107
25.301,0.574424920517432,-149.735663547057
25.3015,-23.5139842150877,-129.564824463186
25.302,-35.8770434082476,-131.069849297058
25.3025,-20.8954537620792,-98.0304286205329
25.303,-0.0447730716783052,-10.8959515365896
25.3035,-0.155546363402786,64.3257983716928
25.304,-15.3874208415391,58.4810058227503
25.3045,-22.1183653009926,-5.80595766075805
25.305,-16.7562696905848,-50.5212747706176
25.3055,-11.8039922532639,-45.8314497802948
25.306,-3.11684210442594,-24.5180918316644
25.3065,27.9679700586355,-12.1789150158393
25.307,79.4929198095298,-0.824346452475807
25.3075,125.203095560989,11.3459046413254
25.308,152.303259990485,5.9206817364963
25.3085,175.653601886574,-21.0948024026947
25.309,203.461602583946,-46.3824975097979
25.3095,215.550274238812,-45.7052086484407
25.31,195.002097089518,-6.4951591990488
25.3105,161.723909360104,77.8471509602749
25.311,151.50355520855,192.41476422638
25.3115,171.813201205844,289.649768589037
25.312,196.159588224224,333.837092147587
25.3125,192.235453284132,348.3645420848
25.313,139.612243213097,374.911708590022
25.3135,34.7480460841425,395.362552511456
25.314,-94.8292940586596,349.482960306257
25.3145,-188.461089277722,229.934521800383
25.315,-196.230201700303,99.8755100942242
25.3155,-133.142799431631,5.23971686582436
25.316,-69.3288598349146,-72.6769404931152
25.3165,-58.6021603146215,-160.687756418579
25.317,-92.7486007390114,-247.754047720125
25.3175,-130.865934803899,-318.464369966905
25.318,-151.807539500927,-375.184159930461
25.3185,-163.024132640185,-397.359108851972
25.319,-173.831698486681,-336.150521147313
25.3195,-181.13586739036,-189.788595393676
25.32,-178.679338251957,-34.2022538238438
25.3205,-166.209130910276,64.9404224299529
25.321,-148.971325954671,124.216280983644
25.3215,-135.897246109559,180.819215768726
25.322,-136.017864413837,208.627856637686
25.3225,-148.887479399792,157.556841640166
25.323,-160.994954073875,42.1978488572721
25.3235,-160.316466296737,-71.8478559867613
25.324,-153.600082646853,-147.192130201179
25.3245,-160.110105498968,-184.755467598263
25.325,-185.809887847268,-181.831546781616
25.3255,-211.194565060518,-143.886402033229
25.326,-210.279990175883,-118.216170423788
25.3265,-178.206287887334,-147.104734371813
25.327,-133.510736273514,-195.557739154319
25.3275,-92.327335344276,-189.870954784603
25.328,-47.014312439771,-123.14921398755
25.3285,22.6124454442871,-58.448465999584
25.329,118.843249393909,-29.1410708412171
25.3295,217.277269524598,-3.6122033524199
25.33,293.238795287871,45.3656586898714
25.3305,347.541816703648,103.169670952304
25.331,395.908246713062,157.072485446858
25.3315,440.258436043456,211.55415781085
25.332,466.897929392728,242.669882122785
25.3325,472.986842494821,203.914782083054
25.333,477.350794808526,105.014982380908
25.3335,497.335425572267,23.6556302012399
25.334,526.290162035792,5.89183224694585
25.3345,540.475443241338,11.1974483912854
25.335,516.772260965745,-8.08562948615839
25.3355,437.464993416159,-29.7087780992537
25.336,295.011865679565,-9.43104768608663
25.3365,109.757821756917,43.6426977633097
25.337,-67.0500284785978,91.2356635190939
25.3375,-189.238007936579,125.127234840679
25.338,-254.584392737374,149.117018348729
25.3385,-293.363826048752,136.50218703735
25.339,-322.090724366811,64.0010678028353
25.3395,-329.283892343318,-34.0574809352149
25.34,-308.87882479013,-100.371305725578
25.3405,-282.666925241208,-128.715474162117
25.341,-273.675623038513,-154.373102556777
25.3415,-272.388421016529,-185.496273598143
25.342,-249.188788524663,-195.687111355384
25.3425,-195.23127067616,-177.000025068855
25.343,-133.582265749735,-150.144408613541
25.3435,-89.2256626225799,-122.976354670649
25.344,-62.778462321242,-83.392405740576
25.3445,-39.7713453556801,-34.6902702930765
25.345,-15.9325309450465,2.36256958281011
25.3455,-3.17592545425679,24.7018021168937
25.346,-11.2958322437725,48.265461122641
25.3465,-30.5720562870435,75.7368194264435
25.347,-38.4089351687551,100.338905501017
25.3475,-25.3411495355496,138.70658913296
25.348,-10.3478850489711,216.755840958778
25.3485,-22.209232858199,319.159754651131
25.349,-63.9330072100678,394.407717357632
25.3495,-104.793159763885,416.135670481165
25.35,-114.585276547754,399.09383755716
25.3505,-98.5450756561523,350.804357205516
25.351,-88.1105671944789,258.843403414506
25.3515,-102.058793564661,143.035641386781
25.352,-130.042497202057,67.2122320200749
25.3525,-153.18338779612,62.7655464559463
25.353,-165.103023759886,77.2647424188626
25.3535,-167.656940749992,39.3388403649473
25.354,-160.180444805923,-48.3123579566767
25.3545,-143.079930435446,-117.556175943239
25.355,-122.610599719695,-120.822648046242
25.3555,-101.50565424153,-74.6918679285695
25.356,-71.9266279643914,-28.3992953873474
25.3565,-28.2857936351726,-22.1858322451061
25.357,19.2576559683502,-73.7327319712285
25.3575,55.8489404850361,-174.691939214185
25.358,81.0798135774906,-291.645263783636
25.3585,103.60475896079,-386.408886285256
25.359,120.891357800042,-442.071662988174
25.3595,121.301864677663,-464.073040574011
25.36,106.886920770844,-460.953051022195
25.3605,96.7794745158637,-434.6280581779
25.361,102.623479455193,-386.120854981431
25.3615,115.37861436005,-321.105902355912
25.362,123.121422197903,-250.748448636825
25.3625,127.677163721839,-189.401736582088
25.363,135.040481871608,-143.155644129923
25.3635,143.475770781971,-97.4061176577228
25.364,152.976938159089,-29.0952335146241
25.3645,173.922989156437,61.2216876172539
25.365,210.98710753417,143.04213352582
25.3655,246.890627814103,190.018273015034
25.366,257.874176844246,204.713077048752
25.3665,240.420163528759,199.335088133191
25.367,209.657589260747,172.793604215729
25.3675,178.042295891081,126.297463087814
25.368,150.47604495486,83.1745968258032
25.3685,132.831998056389,65.7991897027129
25.369,125.075331031113,63.3681788100783
25.3695,109.098723989107,50.8905041131811
25.37,65.537993838361,33.616251560443
25.3705,4.64158200238414,41.1106451759306
25.371,-40.7048040293188,76.6713091290402
25.3715,-57.4323858717553,105.08400966742
25.372,-66.7942772768576,100.519947752294
25.3725,-88.9609282523348,79.1440670830887
25.373,-115.346879533825,69.3893017910461
25.3735,-130.195053733567,72.7544032990277
25.374,-139.933085858445,72.9377495744085
25.3745,-160.00278314736,66.3644199044632
25.375,-184.169584107155,61.6797143270577
25.3755,-189.666667512299,59.2706211892167
25.376,-170.028364354834,53.1251837140014
25.3765,-144.294988207062,48.9802104839657
25.377,-132.166243029676,60.8425018665777
25.3775,-133.88635736633,88.2279791806668
25.378,-137.72560343885,112.196573959717
25.3785,-136.986847450209,117.228305305407
25.379,-134.807854039021,105.866785482467
25.3795,-136.429916591873,89.9623321275566
25.38,-138.920487710191,78.9564129881293
25.3805,-128.97346540952,79.538762290685
25.381,-95.7715697987854,94.2729417756197
25.3815,-47.9661336546083,113.676046033146
25.382,-9.87987688134056,119.601040351378
25.3825,4.42294308612003,105.173620518188
25.383,5.12990546966916,83.711022684225
25.3835,8.37134124630911,68.0016551323504
25.384,13.8950790732906,47.5660095371118
25.3845,11.5417564267832,0.717490220543776
25.385,1.7767978523798,-71.9432110187434
25.3855,-3.5069851178704,-141.04039704847
25.386,3.26556971005082,-180.43714253598
25.3865,19.7673905281664,-193.948335979689
25.387,40.0178114456841,-202.408292033455
25.3875,56.4330910903331,-214.412449960541
25.388,61.050650614216,-221.73126717367
25.3885,55.3738104682308,-217.009090280416
25.389,52.9409146974908,-200.224448020081
25.3895,60.5917752605606,-167.09212621774
25.39,64.6770193763206,-106.266058774223
25.3905,49.9762371041165,-16.4262049959319
25.391,24.3153635875412,81.1797945743961
25.3915,6.65174941022839,154.931591851183
25.392,-2.34492239788844,185.592869281418
25.3925,-16.1013853123636,175.42861986965
25.393,-32.5194678486063,141.027066879587
25.3935,-33.3889305435341,100.891897867602
25.394,-14.3109245649824,63.6761611434996
25.3945,10.3179702103007,22.7503231401882
25.395,37.1198259501732,-33.0706951707501
25.3955,82.1535547949949,-98.3283174859605
25.396,148.868835749228,-146.385068322517
25.3965,211.680295719158,-154.027908734771
25.397,246.350330840548,-126.472715805972
25.3975,256.874327964267,-88.7967322724778
25.398,257.289138678778,-55.694217806684
25.3985,247.019503030562,-21.6622771073983
25.399,222.944351746641,18.4494759990018
25.3995,197.199456284354,53.7429973502515
25.4,179.03792291355,71.0620395054649
25.4005,151.443957007135,75.460434478122
25.401,90.2686797773444,84.2340420786553
25.4015,-0.465760604638942,102.226881562537
25.402,-93.9897188100251,114.75104223617
25.4025,-174.663113710698,108.807750470863
25.403,-243.70276397499,92.3805724863465
25.4035,-296.093508144032,84.4381627367352
25.404,-317.856732344904,89.491648582162
25.4045,-309.485154108174,91.3812282328758
25.405,-290.892369292324,73.4885265978066
25.4055,-277.155963818336,37.0087380021146
25.406,-265.229719219308,-5.2876321797811
25.4065,-248.499318935797,-46.6371495496471
25.407,-228.571024749677,-89.203727398965
25.4075,-207.32263309019,-131.501536155667
25.408,-180.914465282624,-161.33337563274
25.4085,-147.178298963934,-163.793759540985
25.409,-108.456880314365,-133.266451947781
25.4095,-65.0460106909216,-79.0158267906215
25.41,-17.3752459371632,-23.9806900953079
25.4105,25.1531358045084,4.84579409833827
25.411,52.241748063407,-5.13846997496384
25.4115,71.0615403687548,-40.626073774278
25.412,100.136533095512,-75.9415280682486
25.4125,141.57530844761,-98.7534697331977
25.413,176.730138122962,-114.136730860791
25.4135,194.323565163271,-124.417514373633
25.414,203.26009683931,-121.149562332691
25.4145,208.436752331043,-104.26504950232
25.415,194.355425602588,-93.3345265943386
25.4155,149.178620990799,-104.869113533637
25.416,90.7030793905705,-127.846960813768
25.4165,50.750617818854,-137.125190405722
25.417,42.4636567137416,-124.251618578461
25.4175,56.7264691314702,-99.2305236681593
25.418,80.1818897361088,-68.6732781035734
25.4185,100.561012211587,-32.42798345326
25.419,103.684185777277,0.986878102250052
25.4195,84.2427438846831,18.8828113484545
25.42,54.8355520878681,28.126744777541
25.4205,28.1919023142814,52.5943672896822
25.421,-2.88979621533487,98.6943871068741
25.4215,-48.7179783597666,142.468963576037
25.422,-91.9689798068054,160.988096542848
25.4225,-99.3647677267169,158.704118678429
25.423,-67.1161150838967,151.752341762881
25.4235,-31.1692391875148,145.801092153897
25.424,-23.072066355709,144.906194006571
25.4245,-34.7780913920264,162.334525668108
25.425,-38.8220730096336,200.094015001362
25.4255,-26.7036877834026,232.76553876313
25.426,-11.5853713513089,236.732370366479
25.4265,-3.95370180226167,223.398586074884
25.427,-1.45416908395071,215.672163413416
25.4275,1.62892392868484,202.611061737913
25.428,8.40303179979074,153.465478613316
25.4285,21.0767048329332,74.4700745511972
25.429,38.3119479685477,12.063232320155
25.4295,52.3933091986997,-8.880683938809
25.43,57.550879926469,-12.4466915741307
25.4305,58.8683538712265,-22.3046390438187
25.431,64.1021273129381,-23.1742476482356
25.4315,68.4541480013181,1.70482588329036
25.432,57.4094211559729,27.6014227687957
25.4325,26.0113855231832,20.8144535954171
25.433,-12.2073028085335,-5.77624495937267
25.4335,-37.4145552921292,-9.84449693883434
25.434,-39.9743342327018,16.9579127482355
25.4345,-26.0913457314273,40.7033157421079
25.435,-13.9139742161735,37.325813358993
25.4355,-22.921130158417,16.7161322321694
25.436,-57.4861556188915,-6.87448929119695
25.4365,-98.0568781553027,-32.2071188548197
25.437,-116.818231703917,-51.2636611024701
25.4375,-106.816176327236,-47.3110550815162
25.438,-89.3367697136713,-27.5983060170239
25.4385,-87.9371845496388,-28.1647479967715
25.439,-101.985827740566,-68.7638859843028
25.4395,-112.595347935452,-129.508837232511
25.44,-108.302119319665,-189.41358894295
25.4405,-94.084310485397,-256.998217806013
25.441,-77.0949314397485,-334.392013391868
25.4415,-56.2181385367589,-378.38521668212
25.442,-30.6154360351385,-339.344665129979
25.4425,-9.49763644321764,-231.035334005161
25.443,-4.54428401336585,-124.690049522137
25.4435,-15.332591762351,-71.7336512327564
25.444,-29.2129511549971,-61.1676770805379
25.4445,-35.2627920456556,-55.4450825313574
25.445,-33.41579424119,-37.856879186885
25.4455,-30.3324134080952,-13.2034076692958
25.446,-31.7038923682688,14.0418221128437
25.4465,-39.2850881751167,44.0217894811213
25.447,-49.8814533433564,74.3889447368264
25.4475,-54.9680308152776,100.402760677619
25.448,-46.4460209620488,117.194506237853
25.4485,-26.4567798616462,119.665582800768
25.449,-7.0915483189457,108.653189978385
25.4495,4.58026557153784,96.1272718799436
25.45,17.6491386125,90.738705420202
25.4505,46.997206783032,78.5090422084646
25.451,93.2552505972633,35.9944297086144
25.4515,140.295655468878,-32.5782165265534
25.452,173.772988659558,-89.2629183554179
25.4525,195.714618170053,-102.342557169872
25.453,217.688933299129,-77.8921431466938
25.4535,244.205251480864,-43.7006664833123
25.454,266.437581806783,-18.0301253090582
25.4545,269.481841093097,-5.38322781668071
25.455,243.856597125707,-6.64602503443739
25.4555,194.238394680151,-15.8522775465541
25.456,140.11751448056,-16.3477477578854
25.4565,102.977210512177,3.24739654706587
25.457,86.8969374236864,33.9758537355089
25.4575,74.1975589792166,58.7801227884504
25.458,45.9173729408017,72.3629508060982
25.4585,4.65882279411541,77.298377937388
25.459,-29.675536472964,70.9190744293418
25.4595,-46.2767982218446,53.9758181937683
25.46,-57.0136492380092,46.1105058057414
25.4605,-79.9746136258807,71.2071435079069
25.461,-116.119895058341,124.180420176074
25.4615,-148.993177860663,167.907137498579
25.462,-164.702138311553,169.446751700805
25.4625,-164.979009774532,131.595154574043
25.463,-159.859038444968,86.8753807972947
25.4635,-153.544475926588,66.9043986772379
25.464,-141.174356273789,76.4334297971412
25.4645,-116.879523893084,90.3965110376251
25.465,-81.6647382495776,78.7714656374153
25.4655,-44.2495893311491,39.9956545375999
25.466,-16.2234809798869,2.76548602494633
25.4665,-4.82587256448159,-12.9874482537413
25.467,-7.33469875597382,-23.6629982527995
25.4675,-13.1216782488923,-53.6133041864928
25.468,-14.5068375122887,-91.9946021372556
25.4685,-15.3921875961861,-105.766866757466
25.469,-25.4199170151303,-91.7972377150798
25.4695,-45.7017041774299,-83.3522894349376
25.47,-65.9515752217628,-97.7265241285812
25.4705,-77.5919864042933,-109.358655849099
25.471,-82.9323421777941,-92.0190475043353
25.4715,-86.5506414659939,-60.7005084199996
25.472,-84.5522489883175,-47.0309030088996
25.4725,-71.6120221844478,-51.9844782165675
25.473,-54.8852242784709,-50.7680381705608
25.4735,-49.2761180758257,-33.9446507490539
25.474,-57.6592234446375,-16.1276947296074
25.4745,-65.4300888696125,-7.62387078898026
25.475,-57.3891163241557,-2.56026159553856
25.4755,-31.996539399292,3.59082941376054
25.476,2.77551736749072,6.36397777195832
25.4765,37.4560815393493,6.96505058540997
25.477,61.2179150638422,17.6087018561428
25.4775,65.9700560266333,45.9187711138321
25.478,58.7011876389991,85.1927353888519
25.4785,60.364212222963,123.533207178417
25.479,82.510890491562,153.672532348981
25.4795,112.270926397936,173.604116223147
25.48,130.011496489859,185.869621208667
25.4805,133.334888865416,192.304144603104
25.481,131.28101073068,179.721501554867
25.4815,123.866366902741,121.442446946093
25.482,105.755372312105,13.7504204388106
25.4825,85.9935874103366,-95.8013806690458
25.483,82.5312148513386,-144.792807336698
25.4835,94.2139058346784,-124.658716158588
25.484,98.0346780299457,-88.4899337948159
25.4845,81.1876787377287,-85.6093201474901
25.485,57.4857323712008,-116.005349941289
25.4855,41.4496824795729,-157.75975163408
25.486,23.7296643300635,-204.324195063493
25.4865,-11.1261842251942,-250.329609394901
25.487,-55.0211173682468,-269.173613378562
25.4875,-84.5985031191099,-240.615165893242
25.488,-93.815754718902,-187.465982400485
25.4885,-98.8683182054302,-151.557988881303
25.489,-110.812920496246,-139.205880441529
25.4895,-121.008919879588,-120.799650805133
25.49,-118.024945715731,-81.1720281937929
25.4905,-103.998566836623,-38.4264294201107
25.491,-86.5574071003735,-9.37483050344104
25.4915,-66.2499499220312,12.9266578154143
25.492,-42.6618403449525,36.1066059744244
25.4925,-25.9270696385698,47.9566024847116
25.493,-29.4129696906148,34.5728927024748
25.4935,-50.2948835098867,2.97059768436834
25.494,-66.0274402326691,-26.9461377738
25.4945,-54.6277308342003,-40.1634661712005
25.495,-15.994322830781,-27.4913108233443
25.4955,29.3124916975889,15.6548279166904
25.496,60.899232481129,78.7206551088257
25.4965,75.4349648980426,136.435411114962
25.497,83.0939810259303,173.101071809958
25.4975,91.4234847996083,198.497857355373
25.498,97.3807089759903,229.975292023101
25.4985,95.1416560250894,268.378356604719
25.499,86.5774092563501,302.103184861048
25.4995,80.2532348153808,324.729256369067
25.5,81.7108631825475,335.358994309335
25.5005,87.4382401888192,329.068426433074
25.501,87.8272378172955,301.489109058029
25.5015,75.143206459063,259.372862965136
25.502,50.4155906954976,213.963440295765
25.5025,23.3433965469847,164.758944279597
25.503,2.77739071893821,99.4474332895111
25.5035,-13.3205134550592,10.1921781379392
25.504,-33.9925103729513,-95.0184982235165
25.5045,-59.4639487604713,-193.874498695587
25.505,-75.1604403964022,-258.022635900066
25.5055,-66.7189980367884,-266.986526828395
25.506,-36.814855369346,-223.350773984772
25.5065,-1.40177858769403,-152.332510962623
25.507,26.6802009241182,-82.3574144081159
25.5075,43.2122692200949,-31.195098955127
25.508,45.944784137966,-11.5868791379062
25.5085,33.8386299443438,-33.3372137259572
25.509,14.237571217804,-86.2109478443322
25.5095,0.581010921551799,-134.069705467141
25.51,-2.08517146047924,-146.824305932056
25.5105,-2.80884108072116,-133.579290120122
25.511,-11.3160748716575,-124.943175483852
25.5115,-24.7814857688179,-125.78233539738
25.512,-33.8373872229804,-108.93100994204
25.5125,-37.184071878674,-60.2609504838585
25.513,-42.6266048824352,-6.9349236544773
25.5135,-54.884163428733,13.4050271880437
25.514,-69.4969356135521,-2.91624602805027
25.5145,-80.3262159990782,-28.275650850429
25.515,-87.7991008179589,-43.0301000579031
25.5155,-96.7446266644377,-54.8853518740373
25.516,-109.347641061145,-78.6319244221366
25.5165,-123.647852294684,-110.561177973062
25.517,-137.144046505142,-130.890823854825
25.5175,-148.072468719947,-126.663265294601
25.518,-153.628135816019,-104.887291083611
25.5185,-151.34392600834,-82.4259901901786
25.519,-143.944963874873,-68.228125034245
25.5195,-138.793674423562,-59.4082890303457
25.52,-138.315100536256,-50.8235726351418
25.5205,-132.879812895863,-40.103126811284
25.521,-108.423132336463,-22.6601105215764
25.5215,-62.0697031530286,7.95760200241307
25.522,-6.61065893862887,48.2474811707214
25.5225,41.6792747570986,81.0776101841105
25.523,76.7663046129257,93.2742206818402
25.5235,103.849631071079,92.5593190144525
25.524,130.509185491226,97.5811549397041
25.5245,158.840922352449,114.006071297034
25.525,183.653109398194,129.83237671072
25.5255,196.682690646643,131.467530419042
25.526,194.57641342606,113.11340733794
25.5265,183.148098927796,71.9448322631076
25.527,170.938926380334,9.40848518619445
25.5275,159.061311600978,-56.6313474414041
25.528,142.425932872421,-93.0167628921571
25.5285,121.465441879409,-76.571463139202
25.529,105.776008011043,-17.1389027650544
25.5295,102.816842433826,50.0538333209179
25.53,108.676605001687,94.8730684110086
25.5305,113.947660218577,113.703647473324
25.531,113.508811562445,123.293807832032
25.5315,106.366630166003,137.298453760332
25.532,91.5672846937661,151.367849463503
25.5325,70.1433825892167,152.576972239066
25.533,47.0630853880805,140.119635500158
25.5335,25.9965931760323,128.116535123725
25.534,5.84532178504124,125.457452700247
25.5345,-13.4810851956063,123.225381027144
25.535,-27.4536521483268,110.070370317966
25.5355,-34.480802017345,89.8420061315766
25.536,-40.8604536434824,69.9988274471755
25.5365,-51.0116208678153,39.8802528530197
25.537,-58.2108839583328,-18.7942103863856
25.5375,-53.0147477917414,-96.9693700722672
25.538,-36.3879035373952,-151.963718545342
25.5385,-17.1876376382119,-146.521007005525
25.539,-2.30185080293782,-86.0688889401577
25.5395,2.86471990652965,-12.1345439068568
25.54,-7.89494050019508,32.1603098169335
25.5405,-31.6002693238415,26.2824225389525
25.541,-50.7335916451255,-23.8557871829482
25.5415,-52.4510465037857,-92.4938068793387
25.542,-48.4289407429399,-148.101097915062
25.5425,-59.6814363396282,-171.552921572279
25.543,-85.1219396761181,-164.315479110331
25.5435,-103.726886944004,-140.885401163821
25.544,-107.374175751956,-118.377958865525
25.5445,-110.756097683876,-111.416247223614
25.545,-124.030307120132,-124.611487494431
25.5455,-135.738644047954,-144.043968982162
25.546,-132.635631417395,-146.015260803863
25.5465,-120.148991341026,-123.04650500559
25.547,-111.135425014781,-94.8827352345631
25.5475,-106.401689335016,-85.4633795675941
25.548,-98.115580958084,-94.457765242662
25.5485,-83.6863281181213,-100.710790503132
25.549,-66.5826206761405,-89.5616569440466
25.5495,-51.2030700477076,-65.2261409899565
25.55,-44.3595710191488,-35.5155191595322
25.5505,-52.4422594403582,4.7998025929477
25.551,-68.9548501926371,67.8280816755796
25.5515,-73.955960228041,152.371335928567
25.552,-54.0132684762043,236.345642086853
25.5525,-14.5245883716102,292.710384905946
25.553,32.9423000131264,311.681631412085
25.5535,82.8571786969613,304.597441696201
25.554,127.894977910577,288.385844821068
25.5545,154.715621350631,273.795282292454
25.555,160.710492073243,268.960279044292
25.5555,161.681616236547,280.101152268168
25.556,168.112986928921,296.883795952317
25.5565,166.452932737341,287.110778462624
25.557,141.036211431765,224.394067476303
25.5575,102.494206012185,119.773845626301
25.558,73.4703725505897,10.0107984763642
25.5585,55.2972553475498,-84.4409101507764
25.559,32.6237263638187,-171.006090956165
25.5595,5.96416932871106,-253.102469901006
25.56,-6.24241049952877,-310.843984739189
25.5605,1.03574189308155,-326.555690811096
25.561,9.93472698804892,-311.78862829929
25.5615,6.17859314433393,-292.265627814004
25.562,-5.74813068014712,-277.589720177515
25.5625,-18.8765348468139,-261.837734301651
25.563,-33.6695431078447,-244.161328779027
25.5635,-43.1990787766757,-229.854239949986
25.564,-29.3222271395289,-215.057746482783
25.5645,12.228861743474,-188.215815544316
25.565,57.7536651510273,-148.130818220286
25.5655,80.7231280502201,-107.960457061489
25.566,80.2777595953061,-79.3228343375452
25.5665,72.4867255577236,-61.8325258090361
25.567,63.7638770680164,-50.0815961513796
25.5675,47.2607813001706,-43.5639288042958
25.568,19.3907159240521,-46.8985844502858
25.5685,-13.1060758459044,-62.3057167764992
25.569,-40.0720814969785,-80.8121930150381
25.5695,-53.9964571160416,-81.8288336310663
25.57,-54.0595803526599,-49.8613408589576
25.5705,-51.3122495431554,4.86549914361151
25.571,-62.7628652280071,52.1926659796465
25.5715,-90.802487569576,74.7436532593321
25.572,-114.637225041849,85.5620552760409
25.5725,-112.943371324315,106.799793283244
25.573,-90.5688435889323,142.925209069074
25.5735,-71.6732668098835,184.365002455166
25.574,-69.7285099946711,223.595137974914
25.5745,-76.589173282481,252.760624798202
25.575,-80.6276396380883,257.707631044063
25.5755,-82.7508750868409,234.115833615574
25.576,-89.7026543069225,203.349295650529
25.5765,-99.9083887235866,194.459236940024
25.577,-102.653035017443,214.360446254789
25.5775,-89.1690722258633,249.124819985571
25.578,-61.4758207694841,284.83029901774
25.5785,-30.6287302957168,309.460623332356
25.579,-6.33959919996187,306.778118724596
25.5795,11.9014675368147,273.936910978642
25.58,31.4945973885505,236.08874497479
25.5805,54.6066616379484,213.573814865238
25.581,74.7259346225868,181.5184037579
25.5815,88.1895636628623,99.5039520488792
25.582,102.709200753465,-18.0173668362024
25.5825,127.596584062221,-104.044573207266
25.583,159.380744687838,-124.771568326039
25.5835,184.719288146178,-121.704754032584
25.584,195.446679018745,-145.592237443784
25.5845,193.16397449293,-187.655834011665
25.585,180.421695187459,-211.457391999757
25.5855,156.659061757723,-221.22210925443
25.586,125.358557428344,-250.71339425798
25.5865,98.3102719839624,-297.547437453807
25.587,88.2164383350183,-316.196456583002
25.5875,98.8327690190574,-279.770395582641
25.588,122.477248634365,-211.972208000168
25.5885,143.923467021146,-149.113492888342
25.589,148.079540854382,-100.079749711002
25.5895,130.32257739624,-55.6739748932449
25.59,100.812592045391,-13.922884379651
25.5905,72.9842982939313,18.8555118186553
25.591,45.5784333305549,38.0464210800466
25.5915,1.88868606417643,41.1816075701623
25.592,-69.0855587294609,28.235297361653
25.5925,-155.211447363058,6.53429128791712
25.593,-230.114737101883,-15.1650845205539
25.5935,-277.208926456596,-39.9800769887075
25.594,-300.216741631845,-78.2411767306899
25.5945,-311.394934778199,-128.171854826339
25.595,-314.950795974983,-175.13620095938
25.5955,-303.715967357347,-211.331203078981
25.596,-269.390199172928,-239.472157720365
25.5965,-214.888638130936,-253.693889046995
25.597,-157.858685472115,-236.37476462567
25.5975,-120.370694212219,-183.38177454246
25.598,-109.764916004114,-116.605421334334
25.5985,-107.548988271074,-60.4578000596026
25.599,-82.4278030849854,-18.6044352091648
25.5995,-20.6197275093989,16.2206658202571
25.6,57.245429563718,42.7757541101401
25.6005,114.188967000133,54.7493154994375
25.601,132.24197867866,54.9070464299361
25.6015,125.565473861427,55.2013685275452
25.602,118.494493720673,69.4561977859258
25.6025,117.889012658204,110.818967951098
25.603,111.540895818025,182.746543330343
25.6035,87.4600837144918,263.147025205517
25.604,46.3979010126136,312.77604199235
25.6045,-2.1766467026923,315.141887532454
25.605,-47.4183402555543,298.430829149039
25.6055,-79.6132658131065,303.485021627134
25.606,-93.7495921160303,338.230803613088
25.6065,-94.348690039442,375.740346526187
25.607,-91.2465132436564,385.76174161039
25.6075,-87.3472736759795,353.896994746168
25.608,-75.8460502971112,284.07189387046
25.6085,-53.0251591410913,202.360062069035
25.609,-27.2649361916595,144.466105862334
25.6095,-8.21196217433488,112.089423853608
25.61,9.42673428542339,51.9069142374637
25.6105,42.6427348994374,-86.5689847113195
25.611,99.5538032752368,-271.214115519004
25.6115,167.652076996974,-401.397660912065
25.612,224.463803484568,-414.109590626692
25.6125,256.002330719309,-347.2240576971
25.613,262.745381759332,-283.115156068363
25.6135,251.435601331518,-258.918042596515
25.614,226.281613937918,-254.943979147895
25.6145,189.35421114303,-245.629617467158
25.615,146.243548848543,-227.345329823082
25.6155,106.456399707926,-204.899305849867
25.616,75.8659920123474,-181.359252232575
25.6165,51.1843617885098,-163.113715882882
25.617,26.0629694549787,-154.920911566746
25.6175,2.47849754269282,-148.765124133999
25.618,-8.83491000703295,-132.839555460783
25.6185,-1.92709361380044,-109.778444310357
25.619,13.7733131321786,-90.8276319128331
25.6195,20.5383785203484,-75.0407015313007
25.62,9.50895513851306,-51.1240583924345
25.6205,-11.8049542107909,-17.2662097384224
25.621,-28.980456723067,19.9882033208575
25.6215,-35.419851108458,65.835150670295
25.622,-37.0386518047284,134.211249383148
25.6225,-43.6918161283178,220.002254577368
25.623,-57.8369772338563,294.920545363706
25.6235,-73.1855862080732,339.735156383335
25.624,-84.1312658669019,362.459750985705
25.6245,-93.1988400346274,374.286732479717
25.625,-106.583362387621,365.858259340045
25.6255,-124.760449926938,323.356883144295
25.626,-141.689869178404,255.242312536506
25.6265,-152.299726683312,186.630823198327
25.627,-156.331674913013,136.563286045874
25.6275,-155.232253190803,114.974090902758
25.628,-150.295429508901,128.270246368225
25.6285,-144.541076818817,163.763183253447
25.629,-141.575647516021,175.606748624844
25.6295,-141.19748028702,118.167734937104
25.63,-139.860585374172,3.99842535935251
25.6305,-135.317173422557,-94.6265823064702
25.631,-125.688413141622,-120.668429940497
25.6315,-105.028281268561,-97.142171205773
25.632,-68.874958754925,-98.812866430502
25.6325,-26.8578706674829,-164.605835348827
25.633,-0.134558979114495,-256.983904165026
25.6335,0.909996320726129,-309.722726143333
25.634,-9.32708066719874,-297.047556430613
25.6345,-6.76252103043762,-244.831068572557
25.635,17.3893026782715,-188.845871187123
25.6355,52.6392945103621,-144.469701304205
25.636,85.6476648256606,-116.698680008573
25.6365,112.78897927133,-115.295960247322
25.637,137.657628944526,-142.693684763183
25.6375,162.108488010168,-177.329066638737
25.638,180.593127788967,-188.440653746688
25.6385,182.604196438987,-167.45516943754
25.639,164.259637977854,-131.046751282478
25.6395,137.836401527682,-94.0393418004696
25.64,122.100380040864,-56.1456893676118
25.6405,120.459065065048,-18.5370007829979
25.641,119.1284169018,6.2573692614724
25.6415,112.761481524868,12.6511787817289
25.642,118.04390375762,14.8469505031971
25.6425,147.941793406661,26.2416251344505
25.643,183.215969248475,37.7170790405286
25.6435,189.577017927565,33.9154446619935
25.644,159.912428609636,22.1447178630942
25.6445,119.708292879822,23.9623252407257
25.645,89.7885282281783,40.9429482929856
25.6455,63.9132598872019,49.7483347189652
25.646,28.8777414792044,33.252621095448
25.6465,-12.9037757072623,-1.53927981495732
25.647,-52.4064601710994,-39.2331559286485
25.6475,-90.0618735318173,-70.5839164742648
25.648,-127.882863960691,-85.4989213714154
25.6485,-155.523229223976,-71.1082891195632
25.649,-159.745814809795,-28.9429147837231
25.6495,-143.117500512477,19.4557668275511
25.65,-120.519018835282,55.3429740751074
25.6505,-100.752661285735,79.9234495838484
25.651,-84.1772254525388,99.8842545395363
25.6515,-75.9557437605221,111.333994892538
25.652,-86.5205134581484,113.552517555952
25.6525,-114.714944321364,126.057306094079
25.653,-141.397471949903,170.925689225618
25.6535,-147.263529368077,241.572322975196
25.654,-132.392202168016,306.170977091991
25.6545,-112.47342105251,340.991135435557
25.655,-97.8178473625033,345.891703072962
25.6555,-81.4132797764069,328.361589023163
25.656,-49.7031809373815,289.004752562116
25.6565,-3.05044445199363,227.381681908626
25.657,39.047909522881,150.754041969365
25.6575,56.3839244171367,71.7451312277046
25.658,48.7471764148562,2.43520735795783
25.6585,31.9938575089858,-51.0926609472111
25.659,15.0227012998383,-96.7375580824527
25.6595,-8.45335633487273,-154.384412905814
25.66,-40.7686227937005,-230.790263049926
25.6605,-64.6734664378348,-296.194199451738
25.661,-59.5464207549234,-303.66546084809
25.6615,-29.0128012934802,-240.133359007638
25.662,0.530949014192524,-146.441887124233
25.6625,9.70404337188381,-78.0880387842709
25.663,3.80176520242715,-55.091763302885
25.6635,-1.55762790580729,-58.0221951541134
25.664,-1.36951643852152,-61.7346437883517
25.6645,-0.706861889563094,-58.0998640551454
25.665,-0.518659474962135,-50.0978884324929
25.6655,5.93437859621728,-40.7187704735403
25.666,22.7955360744643,-33.9422838474641
25.6665,44.7768494124625,-36.9366508868044
25.667,63.169473726374,-51.4823334673038
25.6675,75.0769352334558,-65.6156551652896
25.668,83.362378041138,-63.8373817824426
25.6685,88.6411171953375,-49.7996734044351
25.669,85.6027930962641,-50.0881166442568
25.6695,70.1405067903244,-83.6435103068325
25.67,48.1144449258013,-130.130383369237
25.6705,32.1847939286021,-144.701579111034
25.671,28.8425099730409,-109.33391068302
25.6715,32.9388698423581,-53.6602977265801
25.672,37.4353270682729,-14.234056839389
25.6725,43.7197529612128,10.2299350588496
25.673,57.2744309297076,43.9195804123819
25.6735,76.7395016809878,87.4702437985019
25.674,94.4966654542976,114.342296414083
25.6745,107.477529175995,111.779003904918
25.675,120.019588253598,98.3755815224007
25.6755,133.617019865578,95.0328577174971
25.676,139.365731082454,100.550364745919
25.6765,124.623621340972,103.005173616997
25.677,84.9218540600547,94.7941182020112
25.6775,27.2215131120277,69.4602321995902
25.678,-35.9251878559785,25.6822506691631
25.6785,-92.9131969791536,-16.4980834787987
25.679,-135.987187498861,-26.8156910413025
25.6795,-161.406790585488,-4.13775174147838
25.68,-168.6565189977,19.3175630522085
25.6805,-160.901965776563,26.8172920229135
25.681,-146.977505758742,41.5082552223671
25.6815,-139.481493734209,80.1911114944503
25.682,-144.848404238373,112.263008710412
25.6825,-154.351060814833,98.0224689798033
25.683,-150.557708096113,45.7534105444485
25.6835,-126.029848787161,-7.29172587001519
25.684,-91.5448210741546,-53.3568329354038
25.6845,-61.95229883054,-109.07150146462
25.685,-37.9533480607901,-160.865001236946
25.6855,-8.17400651633596,-164.923089414906
25.686,32.2879261284514,-107.314827362487
25.6865,72.8128161123466,-23.1588021947291
25.687,99.1536370272073,50.4230330930407
25.6875,109.349411554922,99.7648131250352
25.688,113.696279311202,107.614996022981
25.6885,120.993289313845,52.2604119108914
25.689,128.484237353097,-43.4043214612233
25.6895,125.245021426622,-107.55854557538
25.69,103.427803615392,-98.0039000513479
25.6905,66.5039854901766,-51.6412635491679
25.691,28.3697067618675,-24.2682496759745
25.6915,4.17588406548414,-15.8776676823938
25.692,-0.231393909831524,5.3553737448448
25.6925,8.81018293562806,37.5024712132679
25.693,20.3449143235725,54.381089183052
25.6935,28.4220243655923,60.3715298174976
25.694,32.9255312419993,79.9543053887969
25.6945,32.2522283746733,98.5212367460706
25.695,19.5610847215696,68.3612771487816
25.6955,-10.6373246014718,-18.1370930256831
25.696,-53.1988585868352,-106.468411684433
25.6965,-92.0123054738302,-144.151630622523
25.697,-109.641444532845,-129.673223824055
25.6975,-98.2479375270991,-86.362917511474
25.698,-64.3355657770993,-27.8989020212929
25.6985,-25.2447968192271,28.9495326681617
25.699,1.48977873592699,51.5192823019843
25.6995,10.0685588250899,21.6769483048115
25.7,8.94681627894091,-37.500174788828
25.7005,9.74558084834571,-85.9813701289468
25.701,14.5028066089448,-104.201544249178
25.7015,16.6787212330903,-94.1287525673448
25.702,12.8720409690012,-63.8351181197366
25.7025,7.30796522638114,-28.9286372181026
25.703,3.51109877804686,-11.7757218574604
25.7035,-1.64769620850528,-19.2214889763037
25.704,-10.953775006281,-31.5386521918492
25.7045,-19.0275842793131,-26.1650877935688
25.705,-18.4274035562053,1.15841229951791
25.7055,-11.5104910373246,48.17904220947
25.706,-9.24681929610972,116.823516263833
25.7065,-18.1783814668598,194.704321645237
25.707,-34.9313681955384,247.248250906768
25.7075,-54.5341584593282,252.7234739972
25.708,-76.6483222878064,231.913513830607
25.7085,-99.3589494791434,221.794455004958
25.709,-113.231141015632,232.46396836072
25.7095,-109.323965395089,249.424480466196
25.71,-91.1650976480056,261.121247712337
25.7105,-71.6487549873948,258.083453110329
25.711,-57.8299872399677,219.493470283169
25.7115,-45.1897668276702,131.958848479756
25.712,-28.0939977467481,14.8848357084101
25.7125,-8.3680696144914,-99.306423770399
25.713,11.1063589129059,-200.409943349606
25.7135,34.633284700635,-287.064782916481
25.714,66.8764442178167,-333.062534559103
25.7145,100.209451661768,-311.67032134513
25.715,118.710359274467,-251.978382387723
25.7155,117.410331371155,-220.858231740949
25.716,110.371430746636,-232.967627622138
25.7165,115.069843377792,-223.486794297442
25.717,133.217118685361,-139.116037348546
25.7175,151.006707962113,-20.8559576176464
25.718,153.959204533386,42.8221820891081
25.7185,136.634056731482,25.2596697124211
25.719,101.765658402822,-17.097328600186
25.7195,57.1574254021736,-27.1780144590528
25.72,13.1825078055136,-11.9453975173088
25.7205,-22.1161908467383,-14.155391267572
25.721,-46.6892496441504,-47.9576381977017
25.7215,-61.4338696661965,-84.521646813277
25.722,-66.0476323864783,-92.4217155792529
25.7225,-61.9436010453127,-73.2969844479092
25.723,-56.2325156906732,-53.5896518673557
25.7235,-56.2161817348703,-51.0399464602533
25.724,-60.6802773373547,-58.6272251721114
25.7245,-62.5393293518015,-60.2630718409506
25.725,-59.1785565598828,-52.6249090295454
25.7255,-53.5526389832475,-45.9849340537937
25.726,-45.7781042851942,-49.6455827028771
25.7265,-31.7172108959115,-63.7385614482673
25.727,-10.9256644266514,-81.2579277498386
25.7275,11.7481955052303,-91.3301138749507
25.728,33.8122257648795,-84.8373135027595
25.7285,56.0841779819231,-63.6351275683021
25.729,74.3097151175465,-38.762224724652
25.7295,79.6748050956802,-13.1915771764562
25.73,71.5895723342931,24.0623824726966
25.7305,60.3692701481091,77.0664981325211
25.731,52.4623653234582,128.658722568725
25.7315,43.5998169087067,161.902206583259
25.732,32.8371146939691,183.131023110397
25.7325,30.3156576974695,204.110913756456
25.733,39.1814722574812,214.617544551857
25.7335,41.1542763971794,199.614617794635
25.734,17.2494842880177,173.766584419834
25.7345,-22.8995772954879,166.433222568912
25.735,-50.546274273966,177.022255307815
25.7355,-55.4159107954421,180.32338532711
25.736,-56.2283400811604,174.665612975136
25.7365,-71.3278082924969,184.768396109763
25.737,-95.3348307245997,212.054065128256
25.7375,-110.922763270285,225.019017503285
25.738,-109.934075306038,210.36706882853
25.7385,-95.3638566414641,189.764439444915
25.739,-74.0556614551292,170.051614743698
25.7395,-55.3339381007063,126.096556205558
25.74,-46.3291411957432,58.7055674197462
25.7405,-40.2282221432207,16.113325508364
25.741,-19.4760080527342,16.0519961784732
25.7415,19.2877838136061,-3.34985275111309
25.742,53.174908572446,-95.5858106811083
25.7425,58.6031516956598,-206.681333609265
25.743,41.7916071583639,-236.370922666015
25.7435,29.549797879943,-179.326005592722
25.744,33.8262681637449,-129.039996638166
25.7445,40.5810717303766,-141.726079404167
25.745,33.3959819459182,-172.135535861609
25.7455,13.3193204040964,-162.807001809449
25.746,-7.97619144478167,-128.132552655466
25.7465,-22.0670515043119,-113.558509044566
25.747,-25.383692252884,-123.233657548847
25.7475,-17.3684097970681,-131.5307315376
25.748,-4.06878221698953,-131.615052998658
25.7485,3.54487434245123,-130.789991370682
25.749,1.01579549379238,-120.93967051252
25.7495,-5.40446626163856,-92.1943640946747
25.75,-10.3109705451702,-61.8577826587792
25.7505,-17.5129117263799,-56.8070337604879
25.751,-30.7729584489515,-75.5455252743247
25.7515,-43.8051816886957,-93.8527191238811
25.752,-48.3758504972643,-100.221981123018
25.7525,-46.6133969689336,-102.257700945083
25.753,-44.7908749620838,-104.574751995228
25.7535,-38.9348175147978,-102.387855444668
25.754,-19.5599582878225,-93.9442884618339
25.7545,9.26564012094008,-82.6492595633076
25.755,28.9656500752194,-70.6471286318907
25.7555,29.436590431385,-62.6161493166518
25.756,22.4384194825555,-67.5885726511494
25.7565,24.9655879054117,-83.4165129011762
25.757,37.4563977922041,-89.4651577758621
25.7575,47.3883747436402,-70.3795074982466
25.758,48.9667207094398,-37.1390434170766
25.7585,48.8477321101207,-7.73020737881061
25.759,53.6201938163706,21.5824759935948
25.7595,60.6175045221957,64.0832904792978
25.76,62.762796307273,111.279062528272
25.7605,56.6778163879219,140.722506501134
25.761,44.4083093152504,151.817368523131
25.7615,30.7977294639882,163.869220880481
25.762,19.1700750920749,173.347683514467
25.7625,6.57201108411916,144.51778506464
25.763,-14.1467022076509,62.2415656907199
25.7635,-42.1116773628256,-27.2130350974702
25.764,-61.5331607459202,-55.8849356267486
25.7645,-56.3857833748938,-8.94732183403243
25.765,-32.0304880563803,64.714093882832
25.7655,-11.9804573835972,118.707516816294
25.766,-10.0754033443107,160.269807130298
25.7665,-15.6983306989515,219.093209610383
25.767,-11.907412091961,284.458698411401
25.7675,1.5680814407463,306.127848348742
25.768,12.3763798594208,261.648260328821
25.7685,15.4630443065319,193.947985398366
25.769,17.8796668631766,162.939810992897
25.7695,26.4145299683977,176.906293363235
25.77,39.7755217681347,193.481072221895
25.7705,51.6840695842524,175.620720968689
25.771,53.8014766494236,120.871986689499
25.7715,37.9331565542399,45.6264324248353
25.772,5.15018130622813,-25.4675671231436
25.7725,-27.785211474846,-56.4831734995154
25.773,-41.5059377132849,-27.3791783319411
25.7735,-35.4272077623051,23.5731082101335
25.774,-26.9149812094772,22.9102515041468
25.7745,-27.3542968027231,-49.2451092430014
25.775,-30.013444696698,-125.933185491346
25.7755,-26.4263830325017,-138.081351163818
25.776,-23.0971660657405,-102.765994478475
25.7765,-31.4318041218563,-87.9585130995986
25.777,-47.9541104302102,-112.449144369402
25.7775,-56.4641363702586,-131.807247176748
25.778,-47.8476409345854,-117.569516682181
25.7785,-27.5917076753879,-96.8393376625307
25.779,-3.91836923601265,-100.434788972841
25.7795,21.4083140626434,-116.305290638082
25.78,47.5935465799233,-118.69078725144
25.7805,68.7811733277398,-111.167237193135
25.781,79.6906558295514,-111.962643176809
25.7815,83.1281774829134,-117.471943040918
25.782,86.2344405656006,-109.166873644247
25.7825,90.7314514199636,-85.643558073051
25.783,91.0768734849174,-63.197686847801
25.7835,81.7835553936445,-50.4904334527524
25.784,63.239538256658,-43.1936670089914
25.7845,40.3185781660558,-40.2392585053028
25.785,18.4321999088892,-47.1906953881189
25.7855,1.93018832419067,-64.6193714719231
25.786,-6.58124867449099,-88.1370815072578
25.7865,-8.33435144389574,-118.526202705319
25.787,-9.35106286224509,-156.987189443153
25.7875,-16.7051488005696,-190.849496800326
25.788,-32.4877009997991,-200.203904922336
25.7885,-52.1338507317657,-182.746861018765
25.789,-69.2306371239701,-158.345216385632
25.7895,-81.0466110323888,-142.489408892616
25.79,-88.4680251562337,-126.586618514602
25.7905,-91.5143468704083,-93.3181190387649
25.791,-87.1912200928503,-42.920541504689
25.7915,-73.3538016894907,6.97727673874694
25.792,-54.6013308926837,43.6362741033438
25.7925,-42.4189441667947,69.8297198209507
25.793,-46.2539303229419,91.9307496394451
25.7935,-62.5284289629287,108.495371747376
25.794,-74.6538953580876,117.081239504192
25.7945,-68.0078421160905,126.750073698448
25.795,-45.117817663331,155.421586691128
25.7955,-22.2217406465427,212.456217583708
25.796,-10.2078281729991,284.019637912697
25.7965,-4.11954428758717,334.458590844043
25.797,6.01984990216559,326.208086034677
25.7975,20.2606576230809,251.374505843752
25.798,30.9076622852436,151.121630120638
25.7985,35.427895959385,91.1640980977253
25.799,38.4676719620657,99.5091631001422
25.7995,41.648478818141,131.535746966514
25.8,40.0864037259729,116.584625015466
25.8005,31.3533872340695,41.0285079098821
25.801,20.5650986380568,-37.153878643949
25.8015,12.814379439229,-63.5969231706578
25.802,6.64781296296307,-50.2798566530562
25.8025,-0.425793144669038,-43.1296862423327
25.803,-5.57493563188897,-50.936956171936
25.8035,-5.9403301682118,-40.9716537814556
25.804,-6.09401642972344,3.29188198035381
25.8045,-12.5720519072871,56.2734913343178
25.805,-22.5190989872523,86.2612468878327
25.8055,-25.5993657852098,87.5351883447968
25.806,-18.4448942589387,69.0582874578714
25.8065,-10.486913817818,39.5436606893966
25.807,-11.7780296102281,16.0783969881122
25.8075,-19.1374593474438,20.3668202776118
25.808,-18.6783890216347,47.0051975575172
25.8085,-0.697847045597321,56.6249284409926
25.809,30.6912031731818,22.4703627633673
25.8095,61.5344461563146,-31.9130094942682
25.81,79.0723425952271,-62.6379281884103
25.8105,79.99799699064,-59.0486952864279
25.811,71.4383340109066,-45.2787311427515
25.8115,64.9015855834522,-42.1224596266749
25.812,66.8454680577167,-54.6745818437813
25.8125,73.0100107525145,-88.9301987460791
25.813,72.4261190770294,-148.130216140712
25.8135,58.0890436871554,-209.528983878947
25.814,33.4310752575809,-231.944181000962
25.8145,8.17749975897638,-196.647655899065
25.815,-10.2648469232365,-125.475793410434
25.8155,-19.7529026821555,-54.8706143001756
25.816,-20.2449546841988,-7.06894847233077
25.8165,-12.2080761281206,13.7570787879901
25.817,1.13288285670292,17.7156304767508
25.8175,13.7180178456427,25.4197233762865
25.818,21.2356427207142,48.5739681282952
25.8185,24.3711278097751,70.5072590599269
25.819,26.6768863690586,65.7637570364065
25.8195,31.0205156544812,40.7245919519564
25.82,37.8852611121484,28.0061831930806
25.8205,43.5792307824611,33.6280636527697
25.821,40.1236747730982,22.0916154284904
25.8215,22.8279081373899,-27.5967058472703
25.822,0.200636311172279,-81.3424817546364
25.8225,-10.6160016399921,-94.2983985524532
25.823,-3.60751207160239,-73.3810663217831
25.8235,6.70631983113012,-60.9350474289981
25.824,2.37771993605627,-70.2218256148236
25.8245,-16.5884823599843,-75.9757986926632
25.825,-35.9849157474347,-65.17334899948
25.8255,-47.1785091058583,-56.9173373020302
25.826,-51.902960600044,-63.088406510315
25.8265,-50.969296067703,-63.9960982072286
25.827,-43.2044431711919,-41.0973259059278
25.8275,-37.1433993957287,-8.57140755229794
25.828,-48.2255238430582,8.66548720518874
25.8285,-77.0332974534909,10.7761554157601
25.829,-102.192075415039,15.1829019696276
25.8295,-104.19269427335,24.3647894811624
25.83,-87.6211424752227,23.5853570255594
25.8305,-70.8567003159411,6.97608641208859
25.831,-62.1977753545821,-12.9544180109717
25.8315,-57.2203008256198,-23.3218174102139
25.832,-52.8674738856742,-24.5601744844016
25.8325,-50.0452613726881,-22.657927462207
25.833,-44.0116618573499,-17.5619446258981
25.8335,-25.5752220206704,-4.58128200945649
25.834,5.19788547413485,16.5954771126133
25.8345,35.6397483193725,37.2416417839119
25.835,54.5123601126697,44.3084251924076
25.8355,63.3795428925968,33.4590661099535
25.836,71.0036064179433,19.9707490190514
25.8365,80.563916534435,29.7756982665845
25.837,84.96160696912,70.1656112599015
25.8375,73.4767804472301,111.861348567378
25.838,43.9871674384973,112.900988909282
25.8385,10.231629031048,66.5013366423332
25.839,-7.11856457043968,17.7579792752659
25.8395,-1.6917270874454,23.3299939390484
25.84,9.41742863567718,94.8509804781352
25.8405,3.66140030644316,188.496194513887
25.841,-22.8348751851699,250.338242072887
25.8415,-55.9265085238755,263.25074158735
25.842,-83.8647313196807,245.061446293801
25.8425,-105.679620697124,212.727243848266
25.843,-119.684180467676,166.496893667275
25.8435,-117.056289494727,109.798791166618
25.844,-93.3942245439284,63.8078418623305
25.8445,-58.4870867821627,46.4811507566087
25.845,-27.165927736879,46.353466330434
25.8455,-4.30525853144424,34.1319613149566
25.846,16.0524177134575,-2.16134110979801
25.8465,40.0025084509249,-48.5824670366911
25.847,66.8895684165207,-90.4455682798753
25.8475,91.2018429892613,-128.044478209849
25.848,108.003523463603,-162.026128726655
25.8485,117.487290282868,-180.458884150821
25.849,125.390918086108,-173.82002452707
25.8495,137.019923804429,-153.272022828295
25.85,150.188122265746,-139.325149216005
25.8505,156.199488250243,-135.106910847349
25.851,147.577657370844,-123.706054201288
25.8515,122.227428297588,-94.4379948082249
25.852,81.7870910517236,-62.504476111693
25.8525,31.2893462471929,-55.6650296592741
25.853,-19.6044590217873,-82.9921019865256
25.8535,-60.5955419214958,-122.252995587674
25.854,-87.1709211896427,-141.586071979411
25.8545,-99.6431425618816,-131.159470987835
25.855,-98.0315575868915,-107.182619976942
25.8555,-84.7482524807326,-85.7007169780072
25.856,-70.5723459775297,-65.2286538230306
25.8565,-67.6887048163662,-42.4019120788795
25.857,-74.5789335767919,-29.8240889366288
25.8575,-76.7976659799978,-39.5287649937751
25.858,-65.5886153894004,-56.6225493290417
25.8585,-46.7696646495017,-53.5018011533729
25.859,-28.1882035193802,-30.2289829389634
25.8595,-9.3177162192794,-15.3609141340009
25.86,10.7761047541081,-20.7471777749932
25.8605,26.1598964508549,-22.6217019865749
25.861,34.2341003202197,-1.71846460570037
25.8615,44.92099451724,23.4982995804819
25.862,68.8259825251013,26.1149701746428
25.8625,101.394162481179,12.9423407023334
25.863,128.595611487048,9.15928515237936
25.8635,143.99888285014,14.1101313895746
25.864,150.700902256493,4.69970908360513
25.8645,150.249653819983,-20.6741333831163
25.865,139.870007805443,-32.4915489796028
25.8655,118.866226119906,-8.69928340420347
25.866,89.4464031999587,42.3111805232521
25.8665,53.4265949839047,102.802307525795
25.867,15.3019217641066,165.061521710569
25.8675,-15.8894154403877,219.939592450494
25.868,-36.9246897386183,248.901571514438
25.8685,-58.1740200238805,243.712509787878
25.869,-90.5527924607115,219.912615303647
25.8695,-129.067836743503,196.863199271627
25.87,-161.231675036529,175.896511035265
25.8705,-186.667805157377,151.291889688801
25.871,-212.058198369394,132.453818339898
25.8715,-229.220384529422,139.001892214657
25.872,-218.943156885779,175.656494595382
25.8725,-181.29224796587,220.544340829839
25.873,-142.713244233602,236.339864252091
25.8735,-123.046437900214,191.367593111255
25.874,-111.129487595859,81.4190916595321
25.8745,-85.0568139039885,-59.3506115371683
25.875,-43.0421066880636,-176.469674110683
25.8755,0.24544198244201,-234.835260977664
25.876,36.8305501148335,-239.192120583101
25.8765,67.5298576139257,-214.123224494277
25.877,87.8009469210935,-175.802309978336
25.8775,90.4940078224938,-132.128703541687
25.878,81.6624517646182,-97.8936366843511
25.8785,76.0645627386467,-91.1108711748258
25.879,73.6557285637546,-113.847024401735
25.8795,55.8750031322697,-147.270691178285
25.88,12.3251538188393,-167.037737629157
25.8805,-40.47259003315,-159.531209722476
25.881,-75.713823084561,-128.082060208946
25.8815,-83.6199611421477,-90.6879690580412
25.882,-73.1976294724135,-67.0545961005127
25.8825,-53.6047521158535,-59.8008817989761
25.883,-26.5761036005153,-52.3315140552585
25.8835,2.9438815145124,-32.0655135718977
25.884,21.4170961794642,-9.13251960078708
25.8845,20.0371521248363,-2.50516857532369
25.885,8.58054385930462,-14.5073340378939
25.8855,7.40399827416209,-32.1022221254082
25.886,24.8409244390245,-48.7661563222016
25.8865,48.4563036147277,-69.4440059020441
25.887,61.1848361563371,-94.0198120664154
25.8875,60.8137546963547,-111.048410672656
25.888,58.3550489858076,-111.806485292184
25.8885,60.8810980377429,-98.8750740442161
25.889,64.2089920331464,-76.535391337161
25.8895,63.481446212211,-43.1532084136042
25.89,63.2926321298175,1.07005479216551
25.8905,72.2469996568989,46.4503578759266
25.891,91.0875260579103,79.9093026306476
25.8915,111.131615374263,95.1966160072402
25.892,123.428873703551,95.7675798780254
25.8925,126.245347299234,92.5930500407282
25.893,124.11108340856,98.4842204983564
25.8935,122.097476373635,116.365396658555
25.894,121.397725311222,132.04894862964
25.8945,119.436780565649,127.224759874031
25.895,113.637863061137,101.873410897783
25.8955,103.893445187101,75.6809667861642
25.896,90.4558460752396,64.9830681096793
25.8965,71.5423693980374,66.9143044831423
25.897,45.5398083672989,69.3879614686596
25.8975,13.1800395433535,68.1246452621268
25.898,-25.8727672737952,69.7369081432462
25.8985,-74.2212506926973,84.605669830412
25.899,-126.832094507973,117.591093963034
25.8995,-163.104157135839,156.273643681756
25.9,-161.325694249724,169.054901767951
25.9005,-124.289631673335,131.839310818928
25.901,-80.0615487257998,63.046551169781
25.9015,-52.2799247674328,14.4939618765483
25.902,-39.344338563344,14.7196198709868
25.9025,-28.4775269550717,36.7984140977256
25.903,-18.053970532792,39.2094246889367
25.9035,-14.6051751390404,23.0649228616279
25.904,-17.1801405950241,21.5474721582301
25.9045,-19.8333499040349,38.5076066759624
25.905,-25.3378501122057,30.8556596357493
25.9055,-41.4525864783052,-35.9243146906222
25.906,-64.5946334149849,-136.990840720701
25.9065,-81.3947258463971,-209.961377542586
25.907,-87.5956128659488,-216.07195774591
25.9075,-91.7291507248929,-166.607704969858
25.908,-97.0192547321253,-99.8315545295219
25.9085,-93.5709285824397,-49.3802188637403
25.909,-75.2267155696055,-31.438016228516
25.9095,-52.3078173372472,-44.5043799848047
25.91,-38.1549264712716,-74.0396860633463
25.9105,-31.5048593885663,-103.060672108743
25.911,-22.5039847617777,-122.020599568291
25.9115,-10.2944007217736,-128.110991945911
25.912,-3.3292921755294,-120.04082071813
25.9125,-4.52478381373826,-100.673791819187
25.913,-7.03588380840172,-81.6898300455506
25.9135,-6.37928063301658,-75.4887743457229
25.914,-8.21652243642142,-80.7963514677221
25.9145,-19.8928030051493,-83.9414498151784
25.915,-39.1642822237446,-76.2713573885095
25.9155,-55.8059652493798,-62.4067903862451
25.916,-62.1888945458436,-47.9335295277896
25.9165,-58.4962597389803,-27.5950784697904
25.917,-48.6130307258789,6.45018340641754
25.9175,-35.5419947933122,49.2123676523896
25.918,-22.5723771057323,84.412205768944
25.9185,-14.4505497538881,101.258247894732
25.919,-11.724007790097,103.900079368556
25.9195,-5.3202731532396,104.190767437008
25.92,15.5759583168678,110.5044606245
25.9205,47.4620998012423,124.704872864192
25.921,71.388564273198,144.690515986124
25.9215,73.5794274027384,165.805583107055
25.922,61.4843328804014,180.956290118288
25.9225,51.8174088252142,182.215408654463
25.923,47.8498701629432,164.496768527446
25.9235,39.4311266015692,130.117685727165
25.924,23.1743967924415,90.3472862513053
25.9245,9.278760271264,58.2847565554875
25.925,5.60775817182157,36.0483754678537
25.9255,7.44651019445225,11.9834966940157
25.926,9.8830549686197,-23.5634837180285
25.9265,20.5035617970321,-61.7747149947756
25.927,49.6138308822787,-82.7652350371195
25.9275,92.2443910158687,-79.9782979735639
25.928,129.028088446666,-68.0413323219377
25.9285,144.588184579489,-62.5112018779992
25.929,139.868882798048,-60.7943389095717
25.9295,127.122985564242,-50.9729817539164
25.93,117.05403479537,-33.1902806020935
25.9305,111.197581131775,-21.5060192522875
25.931,105.049094800434,-25.7082551248466
25.9315,98.0830615935602,-40.8681910807191
25.932,97.9730563384283,-56.8467371423577
25.9325,110.396563021081,-70.1496341952268
25.933,126.792550232233,-81.4500266624685
25.9335,130.416650406797,-86.2208508295374
25.934,114.90713375632,-75.2293160623425
25.9345,87.0401101508726,-46.3903203182419
25.935,49.2674499211694,-12.855066380565
25.9355,-6.50822556769408,5.52957653504895
25.936,-78.8046186287586,1.21717826429653
25.9365,-142.475576289556,-13.2485269507899
25.937,-170.418721887657,-20.5756733680402
25.9375,-165.304389708167,-19.7876364801036
25.938,-155.812176686988,-25.064502931653
25.9385,-161.84678331034,-43.6165366643143
25.939,-175.09835880882,-64.15436613986
25.9395,-174.464619060495,-71.6064408602683
25.94,-149.447420883065,-64.4351762891515
25.9405,-105.907077818368,-50.247217531102
25.941,-58.7599025636102,-32.0720796125097
25.9415,-23.3617910003146,-8.85570135855501
25.942,-6.74836263041882,15.8384502776176
25.9425,-2.87770363772744,36.6092321139228
25.943,-0.917902673245223,54.6766775245716
25.9435,0.512264020122522,73.1673172347731
25.944,-6.47135296309602,86.7140245829127
25.9445,-23.7494972898383,87.4154785101074
25.945,-41.161307952479,79.762374554146
25.9455,-50.5097446865001,76.5841083066627
25.946,-57.545417486759,78.7798547905799
25.9465,-71.2539210488795,72.0933450043557
25.947,-84.6628182727723,48.2608344862484
25.9475,-76.313138827026,17.7914943995405
25.948,-34.4557008159269,-4.45987397080329
25.9485,24.9637063114289,-16.7024724648643
25.949,70.322760523368,-25.4274878127396
25.9495,85.5681271091515,-30.2765881721516
25.95,85.3704451915609,-22.8214471119576
25.9505,94.2242673519239,0.925755923896468
25.951,112.648622881359,32.0321593040223
25.9515,113.656021797867,54.2228639977163
25.952,76.7656062623049,59.5968628755763
25.9525,16.0222652667923,60.011947140324
25.953,-35.2363886585139,76.4633808060677
25.9535,-60.8597389835577,110.009186701923
25.954,-70.5810881550324,130.679686503368
25.9545,-76.1481993996447,109.411084550883
25.955,-75.5254261481023,57.3659798077948
25.9555,-64.7776156914151,15.6085463408135
25.956,-50.8615498403859,4.61462050798018
25.9565,-42.376316240805,3.74740585605402
25.957,-35.3748108687161,-12.8879847702189
25.9575,-18.1637245897267,-40.3840459833497
25.958,12.5837026762029,-55.7259610663169
25.9585,46.154148783618,-50.9469914052954
25.959,65.4739771281411,-38.0833413248889
25.9595,57.7391505505658,-31.8119588423093
25.96,23.2203504493837,-42.2391441688439
25.9605,-22.0624385523094,-76.501493140667
25.961,-58.1903785769117,-131.165500268122
25.9615,-80.8318451698447,-185.441374414122
25.962,-102.564318261301,-213.089362288844
25.9625,-128.648639439031,-200.180045744753
25.963,-139.518471106413,-148.628174538657
25.9635,-109.479107221136,-73.4243888650037
25.964,-40.585367610066,-3.36768847422612
25.9645,34.2874542005218,31.2361406606503
25.965,84.7118966172171,27.4942932141221
25.9655,109.519632131958,16.6003440760631
25.966,125.786409195022,26.652594629582
25.9665,139.956928573747,48.7990910348711
25.967,140.883695733862,56.3081918646999
25.9675,120.767823595692,45.3992144630313
25.968,91.5370534116641,35.1164283673367
25.9685,71.650494760138,34.3719377145319
25.969,61.1702547420661,34.0910575533371
25.9695,42.9419707465335,30.26170965453
25.97,12.7998135065977,30.6260243336228
25.9705,-3.86173235427965,35.6382448820014
25.971,21.1743935389168,33.571360359325
25.9715,80.9824790728058,19.1934935862301
25.972,137.604484698314,0.786491076139367
25.9725,164.407472120058,-13.098384861871
25.973,169.328762829855,-17.1922106140725
25.9735,172.442824558003,-1.50069169132986
25.974,177.017925998528,37.7956615018297
25.9745,173.110708264421,77.5760123551286
25.975,156.479557069871,83.0293026771123
25.9755,128.914655536365,51.2893078999647
25.976,87.2953703875175,17.2125839036541
25.9765,28.3367611114288,7.17387750837808
25.977,-37.2322318751867,10.8484130406645
25.9775,-88.4362408592938,9.97582043913976
25.978,-114.384012933135,8.41755302626811
25.9785,-123.70643171597,13.6713706425891
25.979,-134.157053927952,10.7958647687972
25.9795,-158.718643033049,-18.5776461638943
25.98,-198.246343185461,-63.1182091962794
25.9805,-238.09476487791,-91.5301631102228
25.981,-253.007976175448,-88.6474575709336
25.9815,-225.608220459513,-63.0185367484419
25.982,-163.651618684665,-26.9607825265981
25.9825,-94.9563271418378,10.5672496658783
25.983,-45.0420399719535,37.8048782380513
25.9835,-21.7315481617392,48.5737438984849
25.984,-16.2971150928209,54.6432227413065
25.9845,-12.8930728739515,71.3563969958654
25.985,-0.83441605592485,93.3061391422934
25.9855,15.0041670071491,101.942872266066
25.986,19.1783884100048,93.9716650042242
25.9865,6.36393082269158,82.0682354151987
25.987,-10.6342181884121,68.9291782704984
25.9875,-22.0298874779693,43.3119277175966
25.988,-39.1444803141786,5.14497927713189
25.9885,-75.3377446178248,-28.0076715361821
25.989,-117.620142489336,-48.2474554544509
25.9895,-139.848467281705,-71.8679535846682
25.99,-141.966646058512,-114.192643750662
25.9905,-150.733192105783,-163.745212273911
25.991,-176.080541990659,-194.197690734928
25.9915,-191.719117710081,-192.842256574038
25.992,-172.250229001893,-167.401180688134
25.9925,-129.17954264851,-133.806075769506
25.993,-92.1105632238999,-107.275659192505
25.9935,-68.4500283212624,-96.7431328402319
25.994,-41.5628394181926,-95.9109311636878
25.9945,-0.579817981889705,-84.4920472841431
25.995,47.5799598116308,-48.8377332693965
25.9955,93.3154852824141,1.03974193876193
25.996,134.681784206302,42.2684755831413
25.9965,171.038057446975,63.2909348798329
25.997,198.331712022328,70.5100267540649
25.9975,213.823399828125,75.7132399831984
25.998,219.357910462339,85.6827344946311
25.9985,219.879993674214,101.435126307009
25.999,222.297571142109,118.931748741313
25.9995,231.225039336383,130.995092905541
26,240.350058532519,134.628070912889
26.0005,234.662383920444,134.734439034614
26.001,209.850021389715,134.943045769589
26.0015,183.440892785157,128.420460311666
26.002,175.869193708521,106.33914506186
26.0025,184.495102345432,73.5920057269286
26.003,187.666283431784,46.4046538372878
26.0035,171.988939189565,33.6015261697178
26.004,144.097182120369,29.210495556634
26.0045,116.362239159722,25.6325730232375
26.005,92.2788767468087,24.7323040626449
26.0055,67.5329510807105,30.5711410849619
26.006,37.2565804654817,38.5289717809643
26.0065,1.47253207267218,39.8130354842419
26.007,-30.8504836511097,34.2224262808108
26.0075,-46.5580909155778,31.0710347343042
26.008,-45.3302952491519,36.0120706195022
26.0085,-46.754552503986,41.1317073917813
26.009,-68.2316347639224,31.3385407648421
26.0095,-100.191481815881,0.486414133958348
26.01,-119.315572874945,-41.0890000033617
26.0105,-124.762278409324,-77.5522462910725
26.011,-141.572436330913,-105.001447470753
26.0115,-183.756656697247,-132.307163122835
26.012,-233.638133130498,-162.20499334603
26.0125,-267.72220603353,-179.536346960325
26.013,-285.710421597514,-167.734480651965
26.0135,-299.724128117909,-133.077145929607
26.014,-309.317865470187,-100.298402329228
26.0145,-306.240005825916,-83.8037997155006
26.015,-295.700067081296,-76.1295028008408
26.0155,-291.910377173621,-67.7994528661387
26.016,-292.810770869895,-62.7853916730258
26.0165,-276.843481800371,-64.1585056086604
26.017,-228.992617743328,-58.296267830394
26.0175,-157.230428822631,-30.5007804889217
26.018,-78.9096204836463,10.046062994762
26.0185,-2.74307550411175,38.3743908340974
26.019,69.0752554132466,45.1252595960665
26.0195,130.837543454954,43.5026298283132
26.02,175.780106774075,44.3079926038125
26.0205,205.151234140798,41.8490768127123
26.021,226.732330298772,30.7368911850955
26.0215,244.384010108063,20.7392609386437
26.022,253.731308377411,23.9547576000948
26.0225,248.291732811344,37.7300818788362
26.023,226.766086677047,51.106864179733
26.0235,194.509903524296,60.2490266202348
26.024,160.717102732495,67.1109005383557
26.0245,134.420454428357,69.9845283665086
26.025,120.103095181507,66.9193981079882
26.0255,114.345521751416,63.2634484153771
26.026,106.804822996088,63.6956532165241
26.0265,87.281265778309,60.1480881569923
26.027,55.0649597725334,40.2415208524082
26.0275,21.5348206644041,6.72959682141025
26.028,0.0220032434186947,-23.5185087527167
26.0285,-9.38517529146142,-40.4318951438694
26.029,-22.1251751799111,-48.6229583783213
26.0295,-51.6296141968636,-52.0869738109929
26.03,-89.8841070733928,-43.7166744860542
26.0305,-110.546444439899,-17.2573393120871
26.031,-94.1234646160926,18.6912718205882
26.0315,-47.7516407760808,46.8310458873646
26.032,2.01975293548155,57.3920246526226
26.0325,33.9673351461277,52.9338973063499
26.033,47.4266727336323,41.2177478303141
26.0335,55.3649132574011,29.1236028105433
26.034,67.7634210379322,20.9649006066465
26.0345,84.4025154911877,16.9727847146065
26.035,100.878529994957,13.002701506745
26.0355,115.606927767434,3.73510262437702
26.036,127.663274607986,-14.4674730190108
26.0365,131.136313902319,-43.196055199156
26.037,118.462280678769,-79.5834016274911
26.0375,91.4285131386325,-112.304024113573
26.038,63.3342025580045,-125.509515286493
26.0385,44.8448649600627,-111.657498290148
26.039,30.2062894293129,-77.9203065771565
26.0395,3.25297901070187,-37.0974618352518
26.04,-43.8456370094115,3.41698311786521
26.0405,-103.611820407066,39.8076959084307
26.041,-164.153488983085,65.4241470539887
26.0415,-218.817120839029,74.8638908103726
26.042,-262.588286777806,71.5807136198386
26.0425,-287.585312729887,62.0515887222076
26.043,-289.127822518591,43.6567544362756
26.0435,-271.536620892126,9.9182768646611
26.044,-241.314816627692,-30.0156751065538
26.0445,-198.560540849682,-50.6612166089602
26.045,-142.398704496767,-38.4000639658343
26.0455,-81.4191019364488,-11.170600448706
26.046,-29.5984904699813,2.12482878348075
26.0465,7.21133876115483,-4.13002406236325
26.047,32.539789493881,-12.6442400386853
26.0475,48.6697875322058,-13.6197735163785
26.048,55.4428243762763,-15.2659031725706
26.0485,60.2094207887856,-20.4533919693328
26.049,76.1918686715037,-13.7363727398125
26.0495,105.267913405618,14.9746908917714
26.05,132.031627074969,49.0893539049438
26.0505,140.883328145618,65.3250284871756
26.051,130.172081365613,64.6880463841728
26.0515,104.499091251587,63.8534138006374
26.052,65.8153710207117,63.3981076503678
26.0525,22.291999557174,49.3018398527711
26.053,-6.76626359646133,25.1702400782531
26.0535,-11.3403672720241,16.1421507889578
26.054,-8.28516494144208,33.0070973653212
26.0545,-20.4492568831328,55.8495110812407
26.055,-42.9119921087606,64.4867274167009
26.0555,-50.1630900249386,62.2580624942526
26.056,-35.4547636353332,53.9511229755103
26.0565,-19.5468171005134,23.7984084578153
26.057,-15.1135866916345,-38.8264143111418
26.0575,-6.51134162105725,-107.837714623882
26.058,21.7443789746656,-144.778929753705
26.0585,56.7653123837242,-147.608613491176
26.059,77.2319947784652,-145.8278037667
26.0595,87.8694667960144,-149.693796393488
26.06,111.357448509528,-136.053338061226
26.0605,151.909841555286,-90.6481353594644
26.061,188.769024456085,-35.0497991113665
26.0615,205.684635368034,2.15910574393764
26.062,207.520858802942,18.4862352781257
26.0625,204.14552035742,27.046722749861
26.063,194.69057036316,32.7124114161627
26.0635,174.417753409513,36.1518588693979
26.064,144.064445884536,45.5139910528116
26.0645,104.87285895887,63.8425414217963
26.065,54.7101779769675,75.2794492081502
26.0655,-3.44527017696917,63.6970524246485
26.066,-58.076142012705,39.068025038113
26.0665,-101.961468784822,27.218626378164
26.067,-140.874128531847,36.9311821070004
26.0675,-181.38501961967,53.7532137254112
26.068,-216.923719776647,63.6406886891707
26.0685,-235.934283502874,65.010194545089
26.069,-239.556160882104,56.4964259342674
26.0695,-240.433368418877,30.2667304380505
26.07,-244.903542381963,-15.5548074530266
26.0705,-246.129276604635,-68.3214604783218
26.071,-236.393015934938,-109.99985292687
26.0715,-217.62444028653,-127.766209428429
26.072,-195.493535248333,-114.882952701588
26.0725,-168.854059723245,-72.9877474491242
26.073,-130.933494926259,-19.1408946041416
26.0735,-79.6143525044959,19.1903051653797
26.074,-22.7950539021899,25.3471163953048
26.0745,26.4314967038637,7.12263080266293
26.075,58.0509464425272,-14.0837479114277
26.0755,69.3880152228616,-23.0783240556525
26.076,64.560795172411,-17.5372613093391
26.0765,52.5618086511865,-2.90704003181248
26.077,45.5390045149519,12.3073437713229
26.0775,54.6796765331527,21.1445172742567
26.078,82.0926585838745,25.9383284983723
26.0785,115.117874318968,38.6736976543488
26.079,133.424469980003,65.5338976717538
26.0795,127.44535253519,92.4546692911723
26.08,109.400239833109,95.6493785063529
26.0805,101.094311502642,68.9641431376848
26.081,109.357429760958,32.0954799910318
26.0815,117.93292085231,6.33619087958454
26.082,106.621183229429,-10.027404638384
26.0825,74.8565821924546,-33.2246864757408
26.083,41.9383109279482,-66.4777931791703
26.0835,26.2248545325673,-93.8873133171704
26.084,29.5058679763539,-101.806245320599
26.0845,40.9168174851811,-92.9403410315052
26.085,49.2799390657461,-74.9144651212619
26.0855,49.2605179827408,-48.5872960136831
26.086,41.4406661237743,-17.284349648574
26.0865,31.3701892594689,4.86385098432821
26.087,25.7716381742617,9.48852618894582
26.0875,25.800350606846,11.7456051537455
26.088,26.1266236337559,33.5821793785955
26.0885,23.1885416829425,71.4161743995591
26.089,20.6762727328145,98.8654505028831
26.0895,23.3209433020195,103.35099406768
26.09,29.4328711863297,100.97853757306
26.0905,34.0078889969225,108.383667563505
26.091,34.2037557050795,117.538199874395
26.0915,25.8243760974696,110.136922998587
26.092,0.915955886455576,83.5160737561
26.0925,-40.7046533403903,49.1373783712272
26.093,-81.6310633018426,15.5905916461699
26.0935,-101.338332534276,-13.1659471434445
26.094,-99.5096680544684,-30.448793107952
26.0945,-92.0716456546751,-32.3520662511393
26.095,-84.5189013549882,-26.8640781527416
26.0955,-65.8321696130901,-25.332102980571
26.096,-33.3552153445226,-27.3576342253436
26.0965,-6.10267652640912,-24.3368573191384
26.097,-2.27864685824529,-15.2323908298523
26.0975,-16.6508028483412,-9.26239729782738
26.098,-32.4276705418685,-15.1798306623634
26.0985,-44.2028243284534,-35.4153540361843
26.099,-55.1058490932091,-66.3554421250564
26.0995,-60.955667957824,-96.0835024647595
26.1,-54.2765824999581,-107.603777496664
26.1005,-39.2991931189902,-94.8245829207583
26.101,-27.7163303035347,-71.0953951373576
26.1015,-22.8394030029756,-52.4900183242392
26.102,-21.7484709825336,-38.8126382662679
26.1025,-28.3651495174442,-22.1497638531774
26.103,-47.510072491181,-6.22620803169807
26.1035,-68.4019329745051,-1.46380297094641
26.104,-72.7006876319575,-6.02748868507426
26.1045,-60.3747357601157,-9.64557879236332
26.105,-49.8172308461922,-14.1991326702488
26.1055,-48.9803863167024,-31.9762507718502
26.106,-44.5296857072909,-62.3774978360338
26.1065,-26.1580361381802,-88.1997749867546
26.107,-4.18349665994614,-98.4764598913986
26.1075,7.65399917457631,-98.5985292999195
26.108,13.2308220636871,-93.5951360357144
26.1085,26.2029110929345,-77.971794030015
26.109,51.2421001958624,-49.0621750356471
26.1095,83.292500833884,-16.3735230091346
26.11,115.994257985787,9.78253249455791
26.1105,140.580667087772,27.6596284695449
26.111,145.773177409603,37.5722515510421
26.1115,130.910510635086,39.2896278477029
26.112,112.668205320736,40.9267688325638
26.1125,107.546502180185,55.7278363040952
26.113,112.857094746725,82.6359232256026
26.1135,114.365043722379,103.663112744398
26.114,105.723774680019,108.338485078669
26.1145,89.4219610786199,107.548962026941
26.115,66.1936722212972,115.648016470542
26.1155,38.2607857277586,133.410030899164
26.116,18.5561252474947,157.148954946005
26.1165,19.9809887931486,187.555143698657
26.117,34.6408543799353,216.004575201887
26.1175,38.0311456732267,217.642595389489
26.118,17.2895850217734,176.249173007293
26.1185,-15.6774371803125,107.236485161048
26.119,-41.8949190415057,41.1143269930291
26.1195,-55.104275262058,-7.64201575212285
26.12,-59.7848167726576,-42.3245186369704
26.1205,-59.9465894268598,-65.9156824225066
26.121,-57.111117930247,-78.5846887195014
26.1215,-53.2615795922699,-85.694099669107
26.122,-49.4681245403406,-91.602701467382
26.1225,-44.8448645630253,-91.4049195915304
26.123,-40.2506145760592,-83.8857200442085
26.1235,-39.2372596896552,-84.6375380125995
26.124,-42.8274691628624,-107.684681353141
26.1245,-47.6788998595792,-139.429953377668
26.125,-51.7977361684996,-150.447740934055
26.1255,-57.3347221661457,-131.048411413232
26.126,-65.0350653383201,-97.5974444018031
26.1265,-70.9680782599064,-66.3298677687047
26.127,-72.3978970146198,-39.894122522083
26.1275,-72.3731458852677,-18.6338617945629
26.128,-74.2493794852598,-5.00976786348266
26.1285,-75.5287379240007,5.67946093117448
26.129,-71.8738593620463,21.5786434217301
26.1295,-64.0084177367108,38.9300522985184
26.13,-55.0932376824864,46.283078983872
26.1305,-43.3462760850298,44.2925839968826
26.131,-23.9532139648038,43.4960262928874
26.1315,0.902308147416348,42.1513491626432
26.132,19.8487708335455,27.2365860434595
26.1325,23.866592776272,0.615907351396683
26.133,17.1718266019277,-17.8365303582402
26.1335,12.3566184787966,-19.3940760842113
26.134,14.910706625987,-17.4347533152424
26.1345,16.2998987728944,-22.5863344725753
26.135,4.25767704003195,-30.6445592724325
26.1355,-22.6200370269362,-44.7749170133867
26.136,-53.5028161956861,-81.7846182600935
26.1365,-76.6051001446556,-136.863825073257
26.137,-87.2864431924398,-166.543029836188
26.1375,-85.8152200166316,-134.706321038897
26.138,-74.3246494924495,-61.534927280056
26.1385,-59.1352323418174,0.0207423017371441
26.139,-49.1278563922254,26.4201970605865
26.1395,-45.1543081717111,35.0407731323319
26.14,-36.0651452394708,41.1259554416213
26.1405,-13.7959155910702,36.2351572260009
26.141,11.2920783201651,15.252421055956
26.1415,21.4768452085342,-2.5194579911798
26.142,17.3944704888984,5.66023123317178
26.1425,19.2317826711318,37.7103248728349
26.143,38.4869643242817,70.9731518935478
26.1435,62.7941190480676,86.8910709637466
26.144,78.0360923716601,84.6653726406401
26.1445,92.1554407910799,77.2001126778536
26.145,121.172153755837,79.0242961557868
26.1455,160.330883135743,93.9351014018939
26.146,189.861669773675,111.858241145511
26.1465,207.611611792511,120.505298004911
26.147,232.973316583042,118.078612295331
26.1475,271.965994859623,109.944556607521
26.148,300.521421972306,98.4842311130429
26.1485,297.098570187678,86.1302096146538
26.149,274.017280387776,83.75944263225
26.1495,255.574008223278,101.575112177165
26.15,237.603560597246,130.668648405761
26.1505,195.762596211477,146.299116703421
26.151,131.034542141491,132.74244320929
26.1515,78.6235465339072,95.5574346199665
26.152,63.702121811649,48.7319970235258
26.1525,70.3800636294945,1.78439984522025
26.153,65.2336150567973,-37.8632617758843
26.1535,32.1304104666043,-63.0022434570416
26.154,-28.8160637095812,-74.408156514111
26.1545,-115.875159657342,-82.1519009596733
26.155,-217.737510831751,-93.4156064697829
26.1555,-304.66624679811,-105.467927076937
26.156,-352.279570348023,-114.041273163155
26.1565,-368.869285826543,-121.028749649349
26.157,-377.981183998997,-130.19477991297
26.1575,-378.799405285147,-142.065215739201
26.158,-347.88841166177,-155.372248284474
26.1585,-280.352503891058,-166.486177527786
26.159,-204.434525588278,-167.279614822995
26.1595,-148.379863818758,-153.565661731268
26.16,-113.32082536577,-135.942557999942
26.1605,-87.408966320832,-129.287129419917
26.161,-67.2063459132667,-129.51345741592
26.1615,-52.6849254560093,-116.332644507122
26.162,-37.127731920245,-84.2589336769756
26.1625,-17.1669241735896,-53.8987702559249
26.163,-2.76522156874217,-43.0282906051376
26.1635,-4.45146265722603,-42.7305240611257
26.164,-18.3872229286022,-35.18312714653
26.1645,-33.9079267176985,-20.3079787647028
26.165,-46.9437858982468,-8.4518596630064
26.1655,-56.1424861816317,1.19552952471118
26.166,-55.518677363859,15.7937210910071
26.1665,-42.8148085275749,30.3460217470031
26.167,-27.3432592308666,32.9870475251627
26.1675,-18.1660116204144,24.4351978880398
26.168,-11.443811555263,15.5868987536259
26.1685,0.395272077527625,10.308884481122
26.169,15.3117452827932,7.34877267834738
26.1695,28.5340850764385,14.2131899016766
26.17,43.888465467021,39.5722353456602
26.1705,65.8744414309079,74.082778282899
26.171,88.955863364846,98.4551885076178
26.1715,107.288372415991,110.034713589433
26.172,124.882220148418,121.660995335005
26.1725,141.39283495776,134.447228819937
26.173,140.610583520295,134.386462650586
26.1735,114.805991673083,119.651591086572
26.174,90.5695324993832,108.205675772862
26.1745,102.483133631098,110.570949685133
26.175,143.684747677504,116.054355525416
26.1755,171.943109373127,114.771809794941
26.176,168.48724088089,112.013431178511
26.1765,160.716002630727,109.855274756526
26.177,175.208817812635,96.7217552068232
26.1775,196.678024849236,70.0766646850562
26.178,194.204625900712,48.0099770023715
26.1785,167.828109439084,39.7697456181376
26.179,144.322177724608,25.7950694760811
26.1795,137.646320711448,-8.84024677394815
26.18,136.747383652948,-39.4121939502367
26.1805,127.119114008043,-30.6128891896358
26.181,102.601050500982,9.89828335084372
26.1815,56.8085376839633,39.301774012589
26.182,-15.1529095217988,37.3820725855294
26.1825,-98.9301785925326,24.6347900043718
26.183,-160.547834836952,20.9233761927386
26.1835,-176.533931421692,18.5244967216662
26.184,-159.724240875409,6.51035756219379
26.1845,-146.904491017503,-6.77965637790084
26.185,-162.447993717385,-13.1080876252144
26.1855,-199.425870783736,-25.6000629015856
26.186,-234.706119893583,-61.2383338021145
26.1865,-254.605930355935,-114.681056021217
26.187,-261.261793057295,-165.753089914501
26.1875,-259.369032738443,-203.132194830474
26.188,-247.134225510579,-226.076798314686
26.1885,-222.941021839397,-231.9651243824
26.189,-192.143295294423,-218.668070990068
26.1895,-160.474738214469,-194.748733377477
26.19,-126.938310503475,-172.37376150562
26.1905,-91.1273327403206,-150.915276815155
26.191,-61.3504938754072,-118.847973198226
26.1915,-44.1551426567107,-72.007581609673
26.192,-29.6825266279582,-21.4489052913537
26.1925,-0.960174631300107,17.1592352905541
26.193,42.7631456984985,36.4274168022758
26.1935,85.259162458745,41.155666790255
26.194,116.781097199165,44.2948012386843
26.1945,144.302338873872,56.5175862327531
26.195,175.326035314041,75.5329683294463
26.1955,205.529807147926,89.1618966216011
26.196,227.484137005178,92.1459674525576
26.1965,237.985279440739,93.5069498202651
26.197,230.745058952231,102.573757936424
26.1975,196.83144160036,116.432281454198
26.198,142.292923748622,129.487995873491
26.1985,92.1972747074594,146.393576693195
26.199,64.9651681308195,172.330638742057
26.1995,53.0495025255277,196.05783307906
26.2,40.8255606122158,198.323913610196
26.2005,30.4209459511957,176.525628910133
26.201,34.1410466974963,146.090474204802
26.2015,49.0163871060071,114.980253753874
26.202,56.2891264407227,71.7557233752482
26.2025,43.7645068979142,6.42127189461119
26.203,14.4510889559546,-68.2001429394576
26.2035,-24.7083107769239,-126.410839171213
26.204,-67.8614276046666,-155.47265020291
26.2045,-103.645901869452,-162.802782617675
26.205,-117.671595012554,-160.897097985962
26.2055,-106.154702048807,-153.925543713756
26.206,-78.9452439980001,-139.197480965946
26.2065,-47.1708339151168,-114.444487212125
26.207,-15.0647173772903,-80.3914844258225
26.2075,15.6351053870336,-40.0180007937317
26.208,40.8442203422832,0.479086459311416
26.2085,54.7586557157845,30.6154569770351
26.209,50.2984646954116,39.9933282702113
26.2095,21.733021332558,27.6794148015184
26.21,-25.3305974775807,6.60064728441915
26.2105,-69.4672110403825,-5.87314552743355
26.211,-89.3602941401036,-4.15265731751585
26.2115,-84.4358055280473,1.22917961538166
26.212,-71.2624121245354,-2.56154868081382
26.2125,-60.7636213018985,-15.6253411880927
26.213,-49.3934863371428,-26.9783522453403
26.2135,-32.5837361525176,-27.5903412882172
26.214,-14.0483370487886,-16.7880167543278
26.2145,2.91987561934072,1.89982423226577
26.215,23.1914554182946,24.2046960382731
26.2155,51.587808437663,42.6848295358692
26.216,82.1250750031832,45.6355290917002
26.2165,100.913538369757,22.8625837774523
26.217,97.7240043660936,-25.7285299899188
26.2175,73.7128298987146,-85.9951150766046
26.218,41.6884330790446,-134.732736936177
26.2185,18.8213535452131,-153.805398271953
26.219,13.418652240069,-142.925580893165
26.2195,17.4634270219545,-116.831075652051
26.22,16.1771908355752,-88.7325436330836
26.2205,3.91126814284832,-60.9660948906702
26.221,-14.9958112953318,-33.602822322368
26.2215,-38.4981052807514,-13.7084817057847
26.222,-69.8435232198894,-8.08994678609563
26.2225,-106.930527730265,-12.2658742183852
26.223,-138.767374147019,-16.0000817266715
26.2235,-157.510526620182,-16.2496038685954
26.224,-167.1456816082,-14.8106674771464
26.2245,-175.303319649568,-6.6304714984118
26.225,-181.682459440249,16.3452120210248
26.2255,-179.120094022628,49.3525616362971
26.226,-162.35157926669,76.5455836599129
26.2265,-132.496794345908,92.6972353071696
26.227,-96.6121867234935,110.826070408691
26.2275,-65.4435241474424,141.250610970121
26.228,-47.6861390777443,173.458153953261
26.2285,-43.4113632632369,188.144830295259
26.229,-45.5300373056298,180.286922993836
26.2295,-48.42235258589,161.116134446154
26.23,-50.7591131432972,142.744913666408
26.2305,-48.4068667005734,130.754129223051
26.231,-30.1419285716649,128.155484960378
26.2315,14.5129821919341,134.539204222137
26.232,83.7638043368449,139.265987213873
26.2325,161.965150570847,124.682323635719
26.233,230.403309953783,82.0535698736514
26.2335,280.735029538657,21.8662437071713
26.234,317.238920734706,-34.3413527417018
26.2345,343.091588074751,-70.464820778567
26.235,347.582557315235,-82.5614449681656
26.2355,317.96418678222,-72.7689078082294
26.236,266.09612413702,-43.556615893478
26.2365,226.333689923725,-1.84548435435827
26.237,213.596466013769,36.0636606463874
26.2375,197.998696784344,53.7326312516023
26.238,142.707142519357,51.4784726004419
26.2385,57.5829504222295,44.8982457757588
26.239,-13.4611698038321,40.0996178697044
26.2395,-57.2361265315822,19.9485001341821
26.24,-108.989201138035,-32.5403586978835
26.2405,-191.87586982982,-103.396836346787
26.241,-269.232432709669,-157.221749123225
26.2415,-284.624458050139,-177.121899431074
26.242,-234.142332060787,-177.807976005667
26.2425,-171.372886365785,-175.888094089507
26.243,-145.373923692306,-167.103901823646
26.2435,-156.182091261983,-144.182230441665
26.244,-170.626976551688,-120.14941347634
26.2445,-161.196755406214,-115.356953594344
26.245,-123.800679099527,-128.936313706328
26.2455,-71.537139577362,-139.833944750944
26.246,-19.697295968679,-133.182193198584
26.2465,26.420104541603,-111.997084258156
26.247,69.9879735387965,-85.1362063230484
26.2475,108.631123352992,-57.9432689562883
26.248,130.759712512896,-36.0903914114137
26.2485,133.869401541987,-26.0652201988637
26.249,136.938489885585,-26.3065383151386
26.2495,159.956644822389,-24.2965841592293
26.25,195.379082167416,-7.09862375824487
26.2505,214.669076953561,26.3398851045698
26.251,201.565399162895,62.9926484158035
26.2515,164.843178118269,85.4432966929888
26.252,118.895529918384,88.2837177223409
26.2525,66.8059930009242,86.2932743839254
26.253,5.27677955333818,98.4901989032869
26.2535,-66.3363332433658,120.797250257187
26.254,-144.750757554561,126.015675023437
26.2545,-219.445176767536,98.6025758979862
26.255,-269.762029144099,56.3441472840973
26.2555,-279.133766636008,24.6699366435674
26.256,-256.022087385763,3.38124768885559
26.2565,-228.078667715406,-20.3174970178429
26.257,-211.156563568282,-36.2579576667409
26.2575,-196.627273935556,-19.0245459775994
26.258,-173.642706317588,26.3935451401716
26.2585,-148.088566578573,56.7038627198448
26.259,-128.90055221209,43.8754797375152
26.2595,-108.115801641984,16.971290390695
26.26,-69.1162750425877,30.1065787086655
26.2605,-9.72630324841373,96.5777970272447
26.261,54.1480587571168,171.726846902794
26.2615,105.873015677044,200.310477476246
26.262,141.799938806146,170.103049444838
26.2625,169.46782539564,117.032592246959
26.263,196.065011179229,82.5743764488545
26.2635,215.869053682157,68.9325213150728
26.264,209.545213083898,39.5787839370292
26.2645,165.062965377034,-32.3650909620723
26.265,100.888174274894,-122.546470773359
26.2655,55.0091126347919,-174.254290608965
26.266,44.3685583276924,-157.940192030721
26.2665,48.4226360171971,-98.3534900178502
26.267,41.4734460177189,-40.9057531824501
26.2675,25.1840665341265,-7.3898988427693
26.268,13.7771696384078,8.21876794558137
26.2685,2.38725976039459,16.5952162524233
26.269,-25.2596332945908,19.999649638138
26.2695,-63.4382865879988,14.0275572719991
26.27,-84.2927686802105,-9.0482937138416
26.2705,-73.9306725503792,-52.488051762691
26.271,-47.692404009885,-102.017943083765
26.2715,-23.9849238152636,-129.031759208093
26.272,-1.91742116972611,-118.483082081388
26.2725,26.4315644202717,-88.3820119967884
26.273,57.717018418372,-71.2479018774537
26.2735,82.2819846480683,-80.5729475666935
26.274,95.4374066237229,-104.445094694283
26.2745,94.1961837988942,-125.770527522329
26.275,74.3997599618683,-136.042095844187
26.2755,41.4929500296009,-131.748954421533
26.276,12.5972124954352,-110.411225261292
26.2765,-5.05995497038386,-73.808676962646
26.277,-27.7018253703135,-29.0301694262436
26.2775,-71.1842603060634,15.6782706706743
26.278,-120.534714878881,54.2399987085285
26.2785,-141.88620856731,84.5034023500243
26.279,-124.239031395722,109.466085145613
26.2795,-92.4704700479151,133.663067499063
26.28,-75.5425374250992,157.056635871626
26.2805,-76.6970621932224,177.303479218692
26.281,-81.2552142314221,196.820040762853
26.2815,-79.8392033548542,217.438214239838
26.282,-71.98682420981,228.41041841167
26.2825,-55.1660101363998,215.599987796913
26.283,-25.0043127457985,186.627680413608
26.2835,13.6635530578964,167.441191790366
26.284,47.9251733692895,164.194491018665
26.2845,74.0103852978081,150.172143105392
26.285,105.297112868461,107.504267385361
26.2855,153.563342495705,59.6854791145052
26.286,203.6002816329,35.5411658388261
26.2865,217.835427065626,17.8242639872642
26.287,175.16495665301,-36.0165291686208
26.2875,101.623207277321,-126.641885613257
26.288,51.2373254366523,-203.785736709115
26.2885,52.6394453446676,-230.98761774848
26.289,82.664262517338,-226.669955206081
26.2895,97.875168631775,-226.88295468485
26.29,82.426719024346,-234.544203060605
26.2905,52.9877190785479,-226.37940740373
26.291,23.606031255298,-193.228232554721
26.2915,-13.3523844300809,-152.646233534968
26.292,-65.1663490546195,-128.094494460239
26.2925,-115.811577938788,-127.604336153288
26.293,-141.805923598118,-136.733348389701
26.2935,-143.450695327054,-126.502848157338
26.294,-142.335589835592,-79.0168729602898
26.2945,-148.346105819515,-11.3401588586999
26.295,-147.574140525612,39.1178470953192
26.2955,-129.927261168586,59.3225201383332
26.296,-112.222061649529,73.5839681613229
26.2965,-118.826263749316,101.222420890776
26.297,-148.740240405342,121.360414397309
26.2975,-179.423543126054,101.177984943094
26.298,-198.714085112825,46.9321638119172
26.2985,-212.107422154041,1.43956801298082
26.299,-216.634669744959,-7.48810364560634
26.2995,-192.208994428498,5.61513244264265
26.3,-133.281482873219,11.9308195109419
26.3005,-69.6805482023365,5.81094038664386
26.301,-32.7315335081503,4.08590873294303
26.3015,-10.0628052567264,17.4277759518324
26.302,40.9720749695322,34.311845306097
26.3025,136.95041339837,35.2295229946965
26.303,249.824655348858,18.397932310886
26.3035,346.744206129737,5.93872406786647
26.304,421.500400911065,20.9818413660987
26.3045,475.561176970975,61.4429866380297
26.305,493.903186179472,102.718307777553
26.3055,462.070329650982,124.845182474404
26.306,392.126924034587,128.970757268212
26.3065,308.444315540319,127.87135905823
26.307,216.499681312154,130.441813198706
26.3075,108.698624303096,136.227043888627
26.308,-3.65176865818281,134.880954109545
26.3085,-89.1870485074518,112.059703400995
26.309,-131.72223280472,69.8998740587347
26.3095,-148.843399914535,39.7455843625712
26.31,-169.816178546634,52.7797188344742
26.3105,-207.510679543,94.1318930151345
26.311,-254.241813472608,112.034148309257
26.3115,-291.713025172837,83.9939795482808
26.312,-302.700972991366,47.0921396194289
26.3125,-286.483924142589,44.0552346067321
26.313,-264.514510636117,66.357807205148
26.3135,-256.388748124093,78.8104112843116
26.314,-250.187716535085,76.8585190707829
26.3145,-216.70565856078,80.8530973089275
26.315,-156.531102149796,86.5798865501837
26.3155,-107.260018855644,64.9596069246018
26.316,-90.2453138288546,11.1193464485315
26.3165,-73.9539519709917,-45.8705580054619
26.317,-13.5058383125702,-89.4562525371994
26.3175,88.2877269093858,-135.826280066701
26.318,184.421759999577,-195.513369626825
26.3185,239.463639386259,-248.225503737218
26.319,256.556357212408,-274.949348959846
26.3195,253.071469682875,-288.329890336606
26.32,237.021522097481,-309.19878051935
26.3205,213.03788594107,-332.902032124443
26.321,189.23063007835,-340.345997322975
26.3215,167.460329131695,-327.039501378932
26.322,141.327151555607,-301.47627860912
26.3225,111.883702855663,-268.065554700697
26.323,91.5363688296524,-230.772646622076
26.3235,83.0272997392628,-202.074593906905
26.324,66.8665290438892,-189.159885300453
26.3245,22.1440623435029,-180.038164768903
26.325,-45.9079929028378,-160.092236466528
26.3255,-107.739670997492,-133.098261888594
26.326,-134.721318268755,-109.279121022796
26.3265,-118.551444353992,-83.0438449045718
26.327,-74.0260792976547,-42.2247691347536
26.3275,-29.569814756524,8.5187626218997
26.328,-7.53094831305224,53.7831112856518
26.3285,-5.47879180500198,90.8396475849567
26.329,-1.67209628186641,126.436286587707
26.3295,16.267473761567,155.130756305249
26.33,36.9830594332637,163.587984720823
26.3305,46.2577022099261,156.049199641059
26.331,49.6515900421309,154.193451168332
26.3315,60.0876235003496,169.852839093828
26.332,72.1259520873956,197.702470112405
26.3325,67.5289365084737,236.737259252227
26.333,42.5877330532321,295.870589462942
26.3335,9.41312921357551,369.652589384651
26.334,-29.9017938210391,427.99522201855
26.3345,-86.1664758465778,443.021376848535
26.335,-151.950408247648,415.053972905377
26.3355,-192.093388103961,365.003843473881
26.336,-185.024932502321,313.980806747452
26.3365,-157.546156274304,276.091765559426
26.337,-154.371260266629,253.721234444627
26.3375,-181.168455626535,228.53581955648
26.338,-203.239964531543,174.012061709517
26.3385,-198.495144988711,93.456285696133
26.339,-183.700075157888,31.9152228964378
26.3395,-181.035100618228,28.4944619767918
26.34,-185.122187108311,62.8480901326221
26.3405,-179.970872685236,71.4519932191702
26.341,-168.717581572742,19.0404963603401
26.3415,-164.162822060478,-64.0705605696461
26.342,-161.517896320521,-120.778490779386
26.3425,-144.302971394678,-127.705113593726
26.343,-112.332704047795,-108.129593373624
26.3435,-80.6233852134199,-96.5493755548137
26.344,-50.2845004107606,-104.837784904682
26.3445,-3.0500829150842,-122.290885493496
26.345,69.1113485455032,-137.735032596398
26.3455,147.710367033908,-154.065364529566
26.346,209.930516161805,-181.249919259082
26.3465,252.150156713608,-219.553853827057
26.347,282.565270194758,-254.473415148581
26.3475,305.264900404305,-269.07772303897
26.348,323.453936711838,-257.855965037473
26.3485,345.624199610964,-227.261748175236
26.349,373.319116888294,-187.632675946111
26.3495,390.247023774429,-147.997512653086
26.35,377.382768859072,-113.922783480897
26.3505,334.177072616101,-85.1773215744268
26.351,273.812717286917,-59.0493201267281
26.3515,203.759321332954,-40.2087033448515
26.352,123.589636684383,-40.5860759856942
26.3525,36.6642346299325,-60.983340919053
26.353,-49.5084991477604,-79.4421962264077
26.3535,-130.275671669739,-72.3771366683256
26.354,-197.518456179353,-46.6980331151254
26.3545,-231.387040503811,-36.123271789155
26.355,-216.286896330086,-61.6144365581445
26.3555,-164.837482493501,-108.441669055644
26.356,-108.399725444979,-148.171427107886
26.3565,-61.4898471230001,-170.196532007714
26.357,-12.8105746291573,-182.217210048531
26.3575,44.9107128970683,-191.301829620128
26.358,96.8555245046363,-197.828872572621
26.3585,129.339933267988,-201.38702180777
26.359,154.570810737929,-199.861077077133
26.3595,195.691589179386,-186.349313243511
26.36,255.208747386133,-156.698807039779
26.3605,310.898998731701,-114.884510037265
26.361,335.135411503135,-62.3563007047438
26.3615,305.966599875466,7.41364540339195
26.362,209.916410078966,89.2624585519224
26.3625,55.9058724008601,153.314738306038
26.363,-112.982568271636,176.114763950185
26.3635,-241.895516010535,180.073041586378
26.364,-309.632922861307,213.517690930567
26.3645,-344.671483742898,288.601006012848
26.365,-390.380180413701,368.193759538991
26.3655,-460.158575906067,422.538643756795
26.366,-529.877606393364,465.438419753625
26.3665,-565.720708061032,513.432604383992
26.367,-552.211834040949,539.789604742375
26.3675,-498.946055728509,505.073643017387
26.368,-429.640473441431,419.429174880059
26.3685,-364.278830776521,338.149807922522
26.369,-304.794375778842,296.37778705963
26.3695,-235.979892697159,276.983728584987
26.37,-143.679800810843,245.455485204984
26.3705,-32.5281403916327,191.108154487306
26.371,77.3398105950237,127.467850265597
26.3715,170.175607405191,71.3615318363033
26.372,245.465006374818,27.1441992928369
26.3725,307.973131431634,-23.3900405431582
26.373,355.074504394027,-114.882141588388
26.3735,380.756279691331,-261.826245537654
26.374,386.913952724278,-425.586620792447
26.3745,380.270114668436,-538.481458002884
26.375,358.825717333946,-565.157020949331
26.3755,313.323011179676,-521.753866500544
26.376,247.090076632428,-435.547636396226
26.3765,183.819604749146,-315.937053396873
26.377,144.990421559509,-175.808926039842
26.3775,124.160725139787,-51.4486355961157
26.378,94.4328358649419,22.0790993287924
26.3785,40.7974688841464,40.3524572251275
26.379,-24.0834220661408,19.3968347698467
26.3795,-77.1551268762521,-26.702431967889
26.38,-109.035442792029,-82.5857105790815
26.3805,-126.886268228773,-125.212744737571
26.381,-139.714989125423,-141.992841852884
26.3815,-147.184594518335,-142.859618561589
26.382,-142.509107052347,-136.753920265899
26.3825,-123.520003376962,-110.477044327934
26.383,-98.8599034869643,-50.6610139204774
26.3835,-80.650757684487,26.7145618333234
26.384,-70.5334483537078,90.2013312071058
26.3845,-57.9194718185697,124.940172462299
26.385,-35.5476521646643,130.840131701461
26.3855,-10.8096663128136,103.714169122248
26.386,5.42649999254604,45.4525249136527
26.3865,16.1303702203982,-16.5744620392151
26.387,33.6690480841011,-49.171036870847
26.3875,59.2649670436617,-49.2617486782479
26.388,77.0535517053222,-38.0469303980202
26.3885,69.9360311164984,-28.8829242371223
26.389,34.02888312855,-28.3397130732189
26.3895,-21.5469353115954,-56.6226021036871
26.39,-80.0589636541792,-125.543138353304
26.3905,-123.465292728905,-195.382082341241
26.391,-144.493008817594,-196.342632850076
26.3915,-152.809875156308,-106.659442315837
26.392,-158.37806545783,23.6588086116086
26.3925,-150.781552177138,138.525195239285
26.393,-111.635838168306,228.887343271807
26.3935,-48.4446554856947,303.415992595433
26.394,5.71381324279869,347.400394340579
26.3945,35.5777159165892,345.866587941837
26.395,65.9948733909327,319.998233489368
26.3955,124.395677919149,300.137796375037
26.396,197.362542439004,277.356252485042
26.3965,246.257075245699,221.412325398325
26.397,257.050494019343,140.224109212124
26.3975,252.128541929752,80.7598910355785
26.398,254.556341806902,65.0375049882351
26.3985,260.024020232703,60.3896918308441
26.399,246.894913824934,27.9182659411134
26.3995,200.965501923664,-27.2933576593151
26.4,129.726033847627,-75.3894708942572
26.4005,63.368552500628,-111.571559578373
26.401,38.5848324684876,-158.565658690488
26.4015,64.9828504661281,-222.936695817952
26.402,105.164633962247,-274.089167883569
26.4025,102.31087241761,-277.035314045392
26.403,33.7099610704983,-232.771753707143
26.4035,-69.3040316152696,-173.077163695982
26.404,-153.168185985334,-121.380698641178
26.4045,-184.382065436649,-74.395921404289
26.405,-164.564213893187,-24.439483982517
26.4055,-120.458381578443,16.3919232860236
26.406,-82.8572344101666,27.1018105077531
26.4065,-63.2959885285297,5.12763254981292
26.407,-47.6498302397891,-30.8927277939851
26.4075,-20.4723315857398,-62.3232608146571
26.408,7.61579329624595,-81.1810920135369
26.4085,10.6243903601544,-81.7718846810735
26.409,-17.645406168457,-58.1193097597469
26.4095,-57.79624006619,-13.9508818279492
26.41,-94.1982289731744,37.2778918834773
26.4105,-127.929995630086,86.8377270976484
26.411,-156.584441938118,134.349971798015
26.4115,-167.839419973726,173.93470924583
26.412,-165.802940540148,189.861484158357
26.4125,-178.091846015948,172.344146206358
26.413,-215.783462348737,127.713416949041
26.4135,-247.122992972356,69.2471748515858
26.414,-237.430814491904,9.6191875607416
26.4145,-200.274377200567,-35.5515855797477
26.415,-178.912438011188,-54.4362542498936
26.4155,-185.333068064979,-57.2144705689319
26.416,-190.709981430893,-70.4287432143104
26.4165,-176.138284402985,-102.298512769827
26.417,-158.564245685405,-130.164637917265
26.4175,-154.983759075671,-134.933662438745
26.418,-149.0801978323,-129.345230281249
26.4185,-112.649033270779,-133.300843396953
26.419,-42.7094648236127,-137.701425560143
26.4195,40.7847225033854,-117.438217055577
26.42,121.120018287281,-69.7762922987777
26.4205,190.071663437285,-13.7926436687447
26.421,236.207988651826,41.7567799080384
26.4215,249.609934098742,101.806164325507
26.422,239.914966032597,157.5031390612
26.4225,235.453554856628,184.834917192803
26.423,259.216577795289,177.657031598421
26.4235,310.317436902494,157.433732298921
26.424,367.771879791621,140.459360000172
26.4245,406.320451952485,117.793804722156
26.425,410.323924421172,80.2291054107624
26.4255,379.068560763956,41.7126079009903
26.426,319.580067547323,19.1656931781042
26.4265,234.249093858764,4.49373186177119
26.427,123.083293207112,-20.9640033878356
26.4275,1.93118043849154,-51.3489883294174
26.428,-95.1086123550387,-57.5514471653518
26.4285,-146.715333841624,-24.954952256249
26.429,-170.502036197441,25.3974303667637
26.4295,-199.798403372009,56.8428075023288
26.43,-237.851222575979,47.9282109646986
26.4305,-257.716368615222,1.25864113042065
26.431,-249.556500555182,-66.9692328318411
26.4315,-239.103129216118,-138.463702706444
26.432,-242.824881749237,-198.039359742339
26.4325,-230.215542279988,-234.688290364949
26.433,-160.985231005841,-242.081191460229
26.4335,-47.6067135631407,-222.124960145209
26.434,54.1984066376255,-189.363157054916
26.4345,118.08514800858,-165.541116228421
26.435,174.876093475218,-161.870561015915
26.4355,254.344700624348,-167.601513158937
26.436,331.622341732445,-162.101359806547
26.4365,360.186167270343,-136.468341106033
26.437,338.886625338546,-95.9553873709165
26.4375,310.720418253008,-44.0596645750895
26.438,298.924073439042,22.1203732153196
26.4385,278.21343533155,97.1259995999945
26.439,217.432788923619,162.305012013989
26.4395,122.216485280608,206.545603137678
26.44,19.3552991452096,241.254306867936
26.4405,-78.7214870699305,280.870410220315
26.441,-171.029142274818,317.36060190972
26.4415,-243.454333176394,333.021288186183
26.442,-274.605929974253,333.4967582275
26.4425,-266.569508720335,342.832123965242
26.443,-249.588633662524,361.872794596939
26.4435,-251.025162938118,358.788380968106
26.444,-272.967857566714,314.982642382437
26.4445,-303.426848926221,255.596519272795
26.445,-334.390543923604,211.69149227425
26.4455,-360.351123280493,173.214105780909
26.446,-370.331607532338,112.325447976775
26.4465,-354.031250533367,41.4976949211273
26.447,-313.819603639239,7.31294607678178
26.4475,-263.290349556524,21.3828678324334
26.448,-213.442105818618,34.8598055709274
26.4485,-162.364042910479,-0.224457828598619
26.449,-97.9932134832494,-71.0441796848438
26.4495,-13.0136920974402,-127.383974512283
26.45,78.7313206029918,-147.010092074344
26.4505,144.631046770339,-155.436447565789
26.451,162.590792753902,-190.83772858527
26.4515,147.457716881013,-267.658203521133
26.452,135.285399624074,-367.211106795932
26.4525,139.27315034409,-448.46355628491
26.453,138.130036207204,-475.257180735508
26.4535,115.652810157725,-447.889956893911
26.454,91.7093269393315,-402.42503231383
26.4545,95.1557000154554,-367.789156724098
26.455,120.594821480235,-333.914425185632
26.4555,138.048795523551,-276.782638849849
26.456,139.606269459308,-202.279413827134
26.4565,147.162189866379,-141.346209379712
26.457,170.093923482625,-104.447857965755
26.4575,184.628747733261,-63.3326157071443
26.458,170.456281841885,16.4455487180647
26.4585,145.414514280646,136.93014304317
26.459,141.601649681492,262.10247692743
26.4595,158.962242541194,340.27469560478
26.46,164.537645064213,337.001522433688
26.4605,133.622104571906,262.596542942947
26.461,73.9778936078011,167.800104186252
26.4615,11.596670233369,98.9575329592702
26.462,-30.8207485315971,57.7464065434866
26.4625,-41.5046291399879,16.0513574911339
26.463,-23.1748162584313,-36.8895907229464
26.4635,5.38474478139278,-82.7948932700616
26.464,22.9372700024142,-106.799328335557
26.4645,26.4420889345187,-115.871476486273
26.465,30.1801360267029,-118.32488722062
26.4655,42.2830381035719,-107.568030058056
26.466,52.6359027200626,-77.6338008922949
26.4665,48.2186862555933,-36.4030895196596
26.467,29.8737010657346,9.64765098140165
26.4675,7.12603562862383,67.2635749796545
26.468,-14.4754158675184,136.960345103693
26.4685,-31.8228793394036,195.268530417321
26.469,-36.9124269358787,216.177062947585
26.4695,-22.880550604979,204.269300566959
26.47,2.89701399262616,188.967617220777
26.4705,20.1289343939608,187.837822140274
26.471,12.5146650799507,190.220098856145
26.4715,-19.8761391062697,176.629932661451
26.472,-64.1327050858127,140.96285009289
26.4725,-105.186160491939,92.532355452872
26.473,-132.492848365057,49.0055180966006
26.4735,-142.506564707914,30.7440588549659
26.474,-140.277884810796,49.6874400252469
26.4745,-137.577520993384,94.8315642821315
26.475,-144.006256656937,134.309764953978
26.4755,-157.282538432288,140.074393182367
26.476,-165.573147787089,110.311726341134
26.4765,-162.774686376397,65.3438976705831
26.477,-157.352895785573,25.6268332411861
26.4775,-158.997025588622,-1.88895200231408
26.478,-159.954145185568,-21.0092042816117
26.4785,-142.569446495522,-40.0936193097428
26.479,-107.775790955884,-69.3253413343445
26.4795,-80.4825374673945,-114.404880947616
26.48,-76.3544937256993,-167.507086533711
26.4805,-76.8780505973521,-211.100408022769
26.481,-53.6911606556561,-236.742908289467
26.4815,-7.57980042311672,-253.445010010651
26.482,37.474975226456,-269.708170660729
26.4825,72.5602979898318,-275.678564156464
26.483,109.48181749589,-256.854683314937
26.4835,146.719876000409,-219.589124524196
26.484,159.524937595942,-183.852495623182
26.4845,137.41623376789,-151.487712593559
26.485,106.73478505143,-104.725630427354
26.4855,95.2266867917427,-42.7351695199386
26.486,93.0870651539657,4.94030303192114
26.4865,75.4982414832908,17.1798215030709
26.487,52.4006761924939,13.0705230249535
26.4875,63.8603537922865,23.7655673012255
26.488,122.357366195848,48.731670092377
26.4885,185.50728106201,65.6739593278799
26.489,199.789579777399,72.7837241426382
26.4895,158.870837781334,90.3978636383118
26.49,107.175452310788,121.977811603307
26.4905,91.8510115443953,142.611795205076
26.491,119.783891152159,133.554695653147
26.4915,159.681361813608,106.83460242503
26.492,179.284451789225,88.1053185947075
26.4925,175.270208596159,92.2894607016439
26.493,163.903904625969,121.559180665509
26.4935,147.501888978644,169.649853228295
26.494,104.417794279392,220.782544685301
26.4945,18.7960313552981,259.067879976699
26.495,-92.7594622412576,284.777827086046
26.4955,-197.058942336631,307.382570230908
26.496,-276.641446722019,319.603908166002
26.4965,-329.874602420707,296.536031821442
26.497,-348.781905674564,227.033535161654
26.4975,-323.332230307298,129.25011679554
26.498,-270.256866598746,28.6162894779212
26.4985,-231.617953770282,-62.23422367204
26.499,-230.004652792336,-135.144438107378
26.4995,-239.179372146014,-178.636797498257
26.5,-212.363553081517,-190.50685207286
26.5005,-131.030265336219,-182.261159626298
26.501,-16.956465953903,-161.309147562777
26.5015,93.0026167898484,-126.300025203479
26.502,172.068551318756,-89.620314672007
26.5025,212.521786625443,-81.6759075988733
26.503,225.547910959885,-114.924134616543
26.5035,232.445213658492,-161.697988573739
26.504,247.146911533383,-186.813626308062
26.5045,266.331945327196,-186.281684639322
26.505,278.749357364263,-174.704028927401
26.5055,278.255836587709,-152.569054649317
26.506,262.393540827021,-112.474853302235
26.5065,225.52324830612,-65.9719553956269
26.507,163.265827474976,-36.524648041646
26.5075,81.4411414358765,-31.3469705632569
26.508,-6.68488984761421,-43.7737300149056
26.5085,-90.9567990520697,-76.7035580747133
26.509,-168.315272086477,-137.378200159749
26.5095,-239.461770885688,-212.090800223498
26.51,-303.864486959325,-272.009478403993
26.5105,-351.876507911986,-303.512952903705
26.511,-360.549829033247,-308.908312425645
26.5115,-311.04369692267,-280.836756486743
26.512,-219.624738102568,-208.046247922212
26.5125,-137.427274925856,-111.402515847147
26.513,-101.320033530672,-40.7551803529203
26.5135,-92.0734126029929,-19.8416529748851
26.514,-61.3555150061643,-18.7936721706693
26.5145,2.33771987759862,1.80496258054394
26.515,57.5094170710422,41.7124452531968
26.5155,64.223105564368,76.013044288526
26.516,32.7792740906074,99.5710195734652
26.5165,4.1741970082052,128.656382720824
26.517,-2.87912356554663,166.285468232643
26.5175,-7.37238196726527,193.152039547519
26.518,-34.5879886229142,195.964704444554
26.5185,-85.5824992214134,185.166062303461
26.519,-138.336333889762,177.543972218747
26.5195,-167.768035356182,174.608445848998
26.52,-162.167503423577,167.333121166337
26.5205,-127.720884075904,155.30751624415
26.521,-80.5253272843204,151.718280843048
26.5215,-31.2973402001667,169.258175443803
26.522,22.1295350277751,206.281264390411
26.5225,84.8035680908518,249.30988345764
26.523,150.810478880172,286.330679398866
26.5235,206.383327719533,312.397965588179
26.524,245.908789321456,321.933204654492
26.5245,276.663240425646,304.248955345497
26.525,305.444988126466,255.069884436941
26.5255,328.35058574305,188.225229135654
26.526,338.990086365953,124.801091084027
26.5265,339.812407882862,70.1617780647821
26.527,335.501824309003,12.1309486549334
26.5275,317.821377122552,-55.013446988584
26.528,270.274831010998,-115.238611256012
26.5285,193.818815820945,-147.371296429338
26.529,117.652496454094,-152.089613480479
26.5295,71.7651055400482,-154.640803613039
26.53,51.8750169272241,-179.897227880607
26.5305,25.7011611149277,-226.164740656957
26.531,-23.659086165922,-263.123735296126
26.5315,-75.8763316748113,-257.887881884735
26.532,-104.199884925928,-207.903671415745
26.5325,-114.174979793911,-146.730368263147
26.533,-133.021922899172,-110.523878905589
26.5335,-165.510407593775,-99.037702957221
26.534,-182.32899256149,-77.9896543655026
26.5345,-158.515343597034,-21.3946949966585
26.535,-107.178251728688,57.7960245174777
26.5355,-64.9994388476002,123.005729761951
26.536,-55.5320727803135,150.444978454166
26.5365,-76.6096528096159,143.27810390662
26.537,-112.769480118873,117.774182481435
26.5375,-145.984175274278,87.2602095159077
26.538,-161.119492861047,58.7279233137699
26.5385,-157.172279191712,34.8254937376547
26.539,-152.962909336763,14.1898191641087
26.5395,-169.445619585324,-6.30399936314517
26.54,-205.223376219871,-25.7702116051257
26.5405,-238.489054724424,-37.9329326205346
26.541,-252.054010472206,-40.203543477762
26.5415,-246.577931610075,-44.1947239684262
26.542,-230.779367966117,-70.1269290292769
26.5425,-210.5968466205,-123.907013674652
26.543,-187.824176792015,-183.274344860859
26.5435,-156.704857542007,-217.057304361093
26.544,-101.655797073824,-218.930013736642
26.5445,-13.856736556072,-210.361036202695
26.545,86.5729380305086,-206.27747822066
26.5455,161.616637282578,-192.456544828832
26.546,195.883754937029,-147.805037638262
26.5465,210.857056985489,-76.1443925208822
26.547,230.597384654192,0.309307879676464
26.5475,251.371028898566,69.4930596583058
26.548,259.503937124767,131.503660645221
26.5485,261.518368202055,178.007646730279
26.549,273.760359340366,194.476756401591
26.5495,291.947821241777,186.168795528674
26.55,294.7371190252,179.615914651717
26.5505,272.699069308689,189.374496393601
26.551,230.597430263841,199.993502120784
26.5515,164.682903056257,189.442843550848
26.552,66.6490036475121,154.972465434961
26.5525,-43.9840805573443,106.91911710218
26.553,-119.257232030075,52.4357818269913
26.5535,-130.968821357136,-3.57145442553703
26.554,-103.014800677236,-55.2162787127074
26.5545,-81.7637331436321,-105.086439001757
26.555,-87.9357692189755,-163.780779219836
26.5555,-110.333266670216,-227.623120265852
26.556,-131.815212609401,-270.667066372722
26.5565,-143.285186836395,-274.796948617065
26.557,-141.671431009559,-256.22700146174
26.5575,-133.013925398174,-243.941741460436
26.558,-133.63445278898,-240.17788919366
26.5585,-152.793243375677,-220.943901370856
26.559,-176.613410723155,-169.696584214078
26.5595,-181.895378055099,-91.7672007012398
26.56,-162.477583609066,-0.588292007766694
26.5605,-129.887638649286,88.9926057508902
26.561,-93.8074216945804,155.083927869337
26.5615,-58.4690637996891,179.619467552179
26.562,-35.1214784276182,171.097893549981
26.5625,-37.4036189457912,159.557313518927
26.563,-59.2403374171015,162.919390215508
26.5635,-73.7839575561342,172.582613768641
26.564,-62.7651078433176,175.760034981777
26.5645,-35.2739896791351,173.72284482984
26.565,-9.40196346464746,169.393781456716
26.5655,14.2228962104368,154.124739624669
26.566,49.8370726953447,119.998731939148
26.5665,103.214368914537,72.8371719936529
26.567,161.119868877849,20.4090651622423
26.5675,203.159729935608,-39.7810798868202
26.568,218.47107526807,-105.1813965545
26.5685,212.449985700163,-151.685936456924
26.569,202.99859607007,-153.872460162994
26.5695,210.313965846134,-118.815473401589
26.57,243.866609061283,-79.8098142226026
26.5705,292.516679441014,-55.7970393050998
26.571,325.647746884085,-37.0418411988763
26.5715,310.083416587221,-14.7170564085574
26.572,235.613567153929,-0.499303985986537
26.5725,126.100713193793,-1.51956263755612
26.573,17.9139256446044,4.80773045817959
26.5735,-75.0759904627417,46.0103181340361
26.574,-164.706609618328,111.858298465044
26.5745,-252.125960393679,161.376703976537
26.575,-305.271123466415,173.137796001363
26.5755,-291.653699648914,165.029998123837
26.576,-225.23853996525,158.488291857714
26.5765,-156.61842584872,148.723227558979
26.577,-114.084943422911,126.614584129369
26.5775,-75.0265860587583,108.748971161318
26.578,-3.00029982079597,119.80963356557
26.5785,104.387868597697,155.281428841089
26.579,214.754055670179,187.508992086006
26.5795,293.362698981008,203.506354738196
26.58,323.991995183388,208.590051897739
26.5805,309.255403296582,193.157025674337
26.581,265.403404242991,131.145327619879
26.5815,212.163935526846,26.7080631351665
26.582,156.820584359942,-67.7558300285153
26.5825,91.6114635682387,-107.916294495578
26.583,13.0742128603011,-115.004520047566
26.5835,-64.9484535062717,-147.242278250569
26.584,-128.603060728497,-221.040701450444
26.5845,-186.326430853626,-290.617803494844
26.585,-257.823229417813,-308.070475551269
26.5855,-341.881040452728,-276.075445344399
26.586,-410.09078683924,-230.666274104459
26.5865,-437.153638102964,-195.409820701161
26.587,-427.218080869506,-172.212429010955
26.5875,-403.524150992221,-163.358231754972
26.588,-377.790685114512,-176.195335480645
26.5885,-338.025526277581,-201.757439629927
26.589,-267.833833941373,-206.342165185457
26.5895,-172.989094614346,-158.76778897664
26.59,-82.1223655750431,-65.151985720936
26.5905,-17.6892712529657,31.0400274129184
26.591,28.2566223498879,87.0483786290359
26.5915,80.4410853742305,96.9311532681049
26.592,144.808439152078,88.2548681547453
26.5925,199.846783262648,86.9889345952356
26.593,227.235836385087,92.6564638213745
26.5935,236.71913425253,88.951135651881
26.594,248.922470310784,70.3451060039502
26.5945,263.24019948569,49.498124845689
26.595,258.47692082279,38.6018123141007
26.5955,222.834650784618,29.8437537256292
26.596,169.02021199971,-0.364485095428064
26.5965,117.385305782781,-65.2768387681009
26.597,75.1602311549811,-145.823435500358
26.5975,37.6911850899776,-198.736958381751
26.598,3.62645034780048,-192.118148507808
26.5985,-18.0587558146102,-133.030083520215
26.599,-16.9745350429361,-56.8230435661165
26.5995,4.07168081525562,7.19000532818009
26.6,25.7886414873863,52.6291556854969
26.6005,28.2114485784081,84.2965836848865
26.601,11.0014412437691,105.005691211687
26.6015,-6.50053793427996,117.077677530861
26.602,-6.78885179946426,123.331458091606
26.6025,9.848059097724,120.721770098156
26.603,31.5184126806049,104.708104596405
26.6035,47.2652430489216,85.0902824493671
26.604,49.3309774544886,83.1542445091281
26.6045,33.7662139799741,105.12813233112
26.605,6.75238672509949,133.945245094819
26.6055,-19.2186781793048,157.651132263413
26.606,-44.7244121193568,187.099873918211
26.6065,-88.5362607114704,227.832358492232
26.607,-160.091711823981,252.917955040607
26.6075,-235.491787626324,231.199949167955
26.608,-278.286233058076,172.536431999615
26.6085,-281.19336754627,114.966776657707
26.609,-271.167563722344,70.3602873481298
26.6095,-273.759378406423,14.8854405106805
26.61,-287.669410402106,-61.6879058773731
26.6105,-295.8307060637,-128.93240054302
26.611,-287.415230206458,-153.711585493685
26.6115,-265.034818347124,-143.243312630933
26.612,-239.668028470934,-132.853586043415
26.6125,-218.395128020413,-145.358475174769
26.613,-187.269175806415,-177.740361640871
26.6135,-111.166386701205,-215.686431897859
26.614,31.3422440653556,-244.551193007648
26.6145,212.034391006659,-252.154071369958
26.615,370.518768551856,-234.812803973093
26.6155,472.831658137014,-200.04644554697
26.616,536.42567278894,-158.039134659304
26.6165,592.455041651442,-114.541455925151
26.617,643.39193786061,-73.7565302413625
26.6175,669.137108811194,-38.187862992501
26.618,657.679808743209,-1.54431480087313
26.6185,614.602934405048,46.2352906977054
26.619,554.336050787596,99.589255050769
26.6195,495.087967183925,133.802412714338
26.62,449.312118795908,130.220250311116
26.6205,403.509721276057,98.1219306034756
26.621,320.251819549514,65.3499677899321
26.6215,181.306494254573,54.0610090696299
26.622,22.1830473366374,68.051985954471
26.6225,-97.5135202367924,92.4669459494541
26.623,-156.558147449223,102.570426035469
26.6235,-186.010378659362,87.1196736562993
26.624,-221.166478752038,67.7590759938339
26.6245,-260.783210446196,77.7090445139978
26.625,-280.983678282467,114.007719509651
26.6255,-272.566845074936,132.632591294029
26.626,-252.068287312509,104.867223409428
26.6265,-243.102679406441,55.8886833324668
26.627,-255.094883681466,25.4015955577268
26.6275,-277.28170594204,9.53054244419066
26.628,-291.399782126867,-27.7609173077827
26.6285,-294.676980465239,-95.5641231397419
26.629,-307.819551893312,-160.627172237301
26.6295,-349.514767633083,-190.705005339686
26.63,-403.868981083854,-185.94422281931
26.6305,-429.111975395717,-164.271478823977
26.631,-404.327741740304,-140.926384659871
26.6315,-352.189607038825,-128.691389089816
26.632,-305.716796923301,-134.519089463594
26.6325,-268.354050701461,-144.248460066856
26.633,-223.657086625404,-128.632849565042
26.6335,-171.858467162579,-77.5494431919742
26.634,-131.767893346972,-15.9056521136087
26.6345,-107.877092568363,25.6051986643015
26.635,-80.8171527679143,45.7676738868409
26.6355,-39.1455220414878,68.6258389170769
26.636,-0.340716940854133,111.48483178373
26.6365,14.676384728523,167.0533012442
26.637,13.6217345371494,213.741040321575
26.6375,20.5319627469897,235.737075293231
26.638,38.3842693890561,232.665413948765
26.6385,44.2897564850054,213.23475364867
26.639,23.0907851956623,183.524401599699
26.6395,-11.4964661529047,147.417575097053
26.64,-35.375274549896,118.114059146932
26.6405,-40.712222074671,115.241362267052
26.641,-36.1036252005771,140.069310160376
26.6415,-30.2760187141852,165.410009744525
26.642,-25.91686090615,166.173594134962
26.6425,-24.1813243872996,150.711823054231
26.643,-25.3679819655599,142.099324255903
26.6435,-26.1820601420873,136.294411942068
26.644,-21.8965484429173,105.380987668429
26.6445,-9.27716886009281,41.438261539226
26.645,16.2691328593389,-31.1388385203607
26.6455,62.0335112817162,-92.5614767945574
26.646,131.435686069654,-148.757664633529
26.6465,219.896992343804,-203.932024691135
26.647,320.645560992356,-238.566509495726
26.6475,427.46840156602,-234.268140748034
26.648,526.475225159178,-202.455945617812
26.6485,596.021192340791,-169.277044253316
26.649,627.28624950145,-145.603605211189
26.6495,637.738085590696,-128.692489577296
26.65,649.403679305486,-119.16763055345
26.6505,658.500318893582,-115.724314455909
26.651,643.315532736086,-102.22505450992
26.6515,599.607512214532,-61.1498180161497
26.652,548.017290721614,1.56082225288376
26.6525,502.655926102108,57.6217285003035
26.653,450.534761703652,78.9452437731395
26.6535,368.932676602984,52.2394281094171
26.654,248.349898127828,-16.764672071875
26.6545,94.4523724636853,-100.239672369087
26.655,-72.7337581827717,-159.598659476203
26.6555,-213.841631309099,-175.199518534115
26.656,-289.261721212166,-158.557893901965
26.6565,-302.854363691791,-125.925227857234
26.657,-309.182408477568,-74.7281169226342
26.6575,-355.05062018423,-2.80707485951321
26.658,-426.713349952489,64.4068955130628
26.6585,-477.123091948766,91.6103570286359
26.659,-490.818549651567,73.284789790871
26.6595,-490.917839948242,34.3522165614081
26.66,-490.225466621879,-4.0585025535864
26.6605,-474.230410494802,-38.7311231248148
26.661,-439.08901663311,-69.5308045763161
26.6615,-410.85868891061,-94.7341340713958
26.662,-408.903125021578,-121.124583895447
26.6625,-416.123424076313,-156.544079640578
26.663,-407.1576818767,-190.229415007688
26.6635,-387.62534802509,-200.240108714017
26.664,-382.360708642267,-182.483578008781
26.6645,-396.431076409173,-153.846457444631
26.665,-409.995180685692,-125.454726757722
26.6655,-405.593003167614,-92.168900917037
26.666,-381.255236044851,-49.8923370781933
26.6665,-340.564183627908,-2.98282352849381
26.667,-288.217551272203,47.6507892330516
26.6675,-235.301854925451,102.686803895724
26.668,-193.672181951567,147.669046344484
26.6685,-162.861362589427,160.968651907078
26.669,-132.08236996128,144.990015865382
26.6695,-93.3018207169501,128.875641021804
26.67,-42.1949798245323,133.422277168178
26.6705,29.5657083110608,152.407566841457
26.671,128.078507174019,172.550640869002
26.6715,241.932228639521,188.558356744115
26.672,344.258514535205,192.611248793023
26.6725,412.105428792167,176.04503039598
26.673,438.24206875007,152.69500610059
26.6735,429.690545570614,154.149941442806
26.674,405.945105350088,187.247486053337
26.6745,392.127550420371,221.521397071149
26.675,396.820949005521,234.799665785581
26.6755,398.932519685517,243.88670810195
26.676,374.123937445227,268.189243591669
26.6765,332.456560629322,289.192970119672
26.677,307.51104318241,275.01276804687
26.6775,304.563816662008,225.819659012174
26.678,284.548128426659,165.060087124983
26.6785,213.20576533194,100.86925932403
26.679,108.419521868197,26.9001711816399
26.6795,23.3513508790067,-49.6015074890419
26.68,-5.00598405927003,-110.732925464894
26.6805,22.0932342101843,-151.618687173501
26.681,79.6075132829358,-174.789135724329
26.6815,136.731051388219,-170.781654833083
26.682,168.665770860036,-133.878468915654
26.6825,168.832475069473,-89.0607148977138
26.683,149.429414123249,-70.9899265757508
26.6835,122.372164078845,-79.7935541542786
26.684,86.7318323725639,-88.5199743544039
26.6845,43.2217001577694,-90.4742755010838
26.685,9.52321536641258,-104.783010781935
26.6855,6.91779743454512,-135.316571963436
26.686,38.453702356497,-160.879148336079
26.6865,90.6997366151488,-171.949987592499
26.687,146.211487785948,-182.048064550311
26.6875,182.739579351227,-193.819218020737
26.688,177.358879757555,-188.618941464957
26.6885,133.41442129961,-162.093632424488
26.689,90.6237798241071,-135.924309989103
26.6895,81.9100482274635,-118.349735244212
26.69,88.4573033411247,-86.389416181958
26.6905,66.4223444352522,-26.2593827370557
26.691,12.422740065469,42.3504562027761
26.6915,-32.000383803983,105.373084990023
26.692,-43.2687093051422,181.021524496834
26.6925,-48.0543741070908,272.7434944932
26.693,-83.5542768321959,327.686700398073
26.6935,-157.985378238756,289.296162351452
26.694,-262.048325057072,174.019870429891
26.6945,-383.150906090321,47.6624987166865
26.695,-486.468434157196,-65.0955548399463
26.6955,-517.664533323213,-193.847423165113
26.696,-461.878501988952,-340.26484582723
26.6965,-380.382425316601,-439.278182275906
26.697,-351.026329398133,-433.528691786082
26.6975,-381.016409877664,-351.829243098244
26.698,-410.974547692813,-277.212789240135
26.6985,-397.799489890387,-253.970168020774
26.699,-357.504128197936,-257.715051964328
26.6995,-324.826929844437,-246.257558866392
26.7,-305.628448629192,-204.841906596189
26.7005,-281.652288372187,-138.213771698884
26.701,-237.383214249489,-50.3788180857368
26.7015,-168.201518495699,48.1076071450458
26.702,-79.767558645951,128.324349949712
26.7025,8.25254788647934,160.465896734
26.703,71.7168671018863,142.995307196266
26.7035,105.713727085722,102.738916272185
26.704,127.197848223443,67.1545681425868
26.7045,146.63050243919,48.0349268804012
26.705,151.34260747218,51.4275333318058
26.7055,127.966167365494,85.3679565832653
26.706,88.7044519337605,146.897491772604
26.7065,60.8362132381446,213.353717345328
26.707,56.4605501278408,261.690034485771
26.7075,64.1356932522619,291.749647476113
26.708,65.7947363378252,318.211160056809
26.7085,52.5193366264472,345.449119689091
26.709,28.5578422946684,365.888034055126
26.7095,9.32461595743542,378.498705397147
26.71,11.1135855962942,388.114215088975
26.7105,32.9500137914592,384.821238250032
26.711,52.480167992257,346.103837924169
26.7115,51.4599532285792,268.599133877768
26.712,44.0490842898713,180.203951647858
26.7125,66.8930608220948,109.132855858121
26.713,137.060640625059,54.2948927700408
26.7135,229.348634750163,-3.60899358313575
26.714,301.121199980476,-75.1244004705895
26.7145,332.824726806345,-156.644701559728
26.715,337.921826614394,-237.687749720428
26.7155,339.494491762927,-301.321604137993
26.716,346.532426482766,-331.643090350646
26.7165,350.460576140249,-335.528790135963
26.717,335.43565358623,-343.809336230323
26.7175,293.271962188606,-374.554329003563
26.718,238.581039438552,-407.186352526198
26.7185,207.268008308083,-409.612266582909
26.719,222.230022335189,-377.300166441186
26.7195,254.548608585902,-325.356703478301
26.72,240.194480415409,-257.307752290981
26.7205,154.17411697396,-171.03490182527
26.721,51.8252169954489,-86.9692663838006
26.7215,8.65081126196675,-35.7346036354815
26.722,27.8832486639024,-14.4572757536156
26.7225,42.6277211616547,15.5989752842056
26.723,10.5782419513001,81.2551275136261
26.7235,-35.2113020059185,172.24098452712
26.724,-47.403968535771,268.573272628334
26.7245,-36.152823880505,363.184304723975
26.725,-44.9396811907481,444.021432677619
26.7255,-82.4307916904627,481.564904090939
26.726,-123.048538782093,457.107405260981
26.7265,-162.515140564422,387.905601702522
26.727,-223.927091162692,306.009164115057
26.7275,-304.092479579958,225.878987063927
26.728,-357.96362394503,148.803364190602
26.7285,-355.282026936574,81.5213636497935
26.729,-322.05169903063,26.1772522144404
26.7295,-304.46096440143,-36.887704210475
26.73,-313.04522371703,-128.458224081622
26.7305,-322.265539612008,-234.035569035375
26.731,-307.803786797065,-311.786791386262
26.7315,-263.508124421033,-339.866208670811
26.732,-193.678163370518,-335.891382636685
26.7325,-109.350916530047,-324.435222346686
26.733,-27.2945257447414,-304.703103610643
26.7335,41.9231157521619,-261.788054117731
26.734,101.000696448863,-196.487140940169
26.7345,151.654425784905,-129.31061931555
26.735,181.103168074201,-79.037942228516
26.7355,174.585531638933,-47.1537387031003
26.736,136.686039881245,-22.2023512427143
26.7365,91.3648933476618,6.57601479408595
26.737,64.8572996850134,38.8810967396292
26.7375,71.6469198307305,62.560805020253
26.738,105.045834847166,64.9754092071258
26.7385,132.813925854974,48.6176218177824
26.739,114.649010112841,32.6322937120795
26.7395,37.9752334026715,33.7412806966721
26.74,-69.5255655913163,47.047078454727
26.7405,-170.316217746348,51.3019921779493
26.741,-247.902617462328,33.3735389428604
26.7415,-297.935948811524,2.26408732740164
26.742,-307.247565304622,-21.330294001957
26.7425,-265.545943840951,-21.7952795285627
26.743,-191.03382307993,7.71455964561855
26.7435,-121.141493527043,66.9513621109863
26.744,-76.5738400044735,141.267345331589
26.7445,-49.7729312733011,198.068472087443
26.745,-26.0777333885364,209.376815841121
26.7455,1.60980596852279,184.850721593801
26.746,37.595249556518,169.393955201256
26.7465,81.870524073336,196.901482956525
26.747,119.356725632732,252.604556851542
26.7475,128.724952360938,288.836598212662
26.748,109.55148341382,270.482290360929
26.7485,86.3952845594576,197.144938342778
26.749,77.6837948614566,92.3840741123819
26.7495,72.8328178620016,-12.3894706508174
26.75,49.9291998886956,-89.4161417779405
26.7505,7.00040216332227,-129.713098970118
26.751,-34.6523589661058,-149.383701488587
26.7515,-53.5390293086006,-168.446504057586
26.752,-46.3250903782374,-184.350629172359
26.7525,-25.4738955523005,-180.464202621305
26.753,-4.39930098013009,-158.079936773526
26.7535,14.5953268619805,-139.406737353627
26.754,38.164353119004,-134.778660282169
26.7545,67.3221964340018,-127.290892670728
26.755,90.0896535792464,-99.2948948240531
26.7555,95.9490544371313,-56.866512896418
26.756,93.7634423391288,-16.8545471981576
26.7565,103.20414088914,14.7115847336046
26.757,127.425771175873,38.3608005592776
26.7575,147.001639774649,49.2582450840261
26.758,146.132499818539,43.8755739570465
26.7585,133.381356275097,27.1785541182957
26.759,127.178897987402,0.311338266293025
26.7595,128.117906605421,-45.2083272062027
26.76,116.711966506836,-105.231400442135
26.7605,77.7611146201175,-150.066292163943
26.761,19.938793684685,-156.406289005922
26.7615,-29.7951955625791,-141.535038542138
26.762,-48.4379170433213,-140.230813933959
26.7625,-34.444181948464,-155.302964711436
26.763,-5.58810112071451,-161.753250508688
26.7635,20.595325740809,-158.474742752988
26.764,44.352474201374,-178.658558924024
26.7645,80.4286646929885,-234.885353230014
26.765,137.979825027579,-285.40088989801
26.7655,206.358025202941,-280.163803521489
26.766,261.119661507969,-220.721731189786
26.7665,283.424086804341,-146.570484552786
26.767,276.110356655416,-73.8876650854952
26.7675,262.245302353192,19.6756061256498
26.768,262.499795733581,146.826413280799
26.7685,269.149679394451,276.236354163822
26.769,247.825694548653,362.379882893571
26.7695,171.886617643521,394.67224114848
26.77,50.3741167034093,399.190804423948
26.7705,-84.1616817384648,397.77852887404
26.771,-205.655074546083,384.481925962343
26.7715,-299.714626907038,346.88758380908
26.772,-351.03465063663,294.564954132696
26.7725,-352.314293037835,250.420155891227
26.773,-327.50130782194,218.250404732836
26.7735,-319.782654798495,177.19189487411
26.774,-343.97243214391,115.077126895332
26.7745,-369.416603271558,52.3626279144169
26.775,-362.995390339926,18.1887686828641
26.7755,-330.976947816892,11.0776546066022
26.776,-301.092370539115,2.38518988890418
26.7765,-279.210832336974,-22.1794699625683
26.777,-247.200557562204,-44.572340862942
26.7775,-195.219074936813,-44.257091421922
26.778,-131.756585920227,-27.8110159374834
26.7785,-63.7364326492656,-16.0390164085
26.779,10.1325892972929,-15.6332822001765
26.7795,83.0915285022918,-21.0062878666237
26.78,138.616548516807,-35.5938777144609
26.7805,173.080892261066,-70.2129445931321
26.781,203.200302092435,-120.091799329315
26.7815,239.707692935627,-162.205430581215
26.782,265.755711846966,-181.159536487819
26.7825,254.538745780405,-183.448905802392
26.783,202.883083703526,-179.181502837045
26.7835,137.000255688922,-163.747249987812
26.784,86.2112275989917,-129.830486000236
26.7845,55.8753725745537,-88.3558617952863
26.785,23.9841194274118,-62.4636195672494
26.7855,-37.586340656801,-62.5555933358641
26.786,-133.311763560899,-78.2548767386019
26.7865,-232.52629630372,-92.9992344715212
26.787,-293.436746823194,-94.3617299347266
26.7875,-302.107661347066,-70.3697707787378
26.788,-281.966605390826,-12.0361650212128
26.7885,-262.47048056259,70.8115713714493
26.789,-247.516218217358,145.626194112691
26.7895,-220.372332449325,181.088940933846
26.79,-169.926741667732,173.307779104563
26.7905,-101.984300614618,141.579577047671
26.791,-31.4975012975168,102.236793309857
26.7915,24.5016191346751,56.7993263783298
26.792,50.0591371572141,6.11425946161078
26.7925,39.5192040096945,-34.3337587156418
26.793,5.83274588202192,-40.790177240561
26.7935,-26.9750741242684,-2.59130603985009
26.794,-39.8178346716562,63.9686291488719
26.7945,-25.5047818854797,123.053369217831
26.795,9.31045727832023,144.086763115885
26.7955,38.2327798837452,124.233767732786
26.796,25.1558292581732,85.8281209828059
26.7965,-33.7417171737166,48.8100717199606
26.797,-80.3244759517595,9.55275909571943
26.7975,-38.5956310172922,-47.0949444396842
26.798,97.6038126604927,-119.166406287293
26.7985,245.022796597463,-181.541858226559
26.799,318.901994807137,-208.70932795574
26.7995,322.473644466613,-194.671511319557
26.8,326.559893851087,-151.327356229349
26.8005,376.407103633885,-99.9782989426541
26.801,449.449128763756,-66.7337018077047
26.8015,498.295979553974,-70.396768493969
26.802,500.633954803362,-104.100387092508
26.8025,460.927810332211,-138.217605862003
26.803,394.217915677945,-151.246665268729
26.8035,324.06339858321,-150.040353794343
26.804,273.921802659588,-151.045609401419
26.8045,240.844777295542,-152.762248998352
26.805,190.737894726211,-141.582299113266
26.8055,96.8743699153918,-117.673123008618
26.806,-24.5874967990933,-97.2196159352931
26.8065,-129.746445065308,-89.5816683022883
26.807,-189.984009912193,-86.7693814219417
26.8075,-210.281111825472,-76.102530562778
26.808,-214.190746264027,-50.1511169027803
26.8085,-221.060913921928,-3.98550472771
26.809,-229.057167888445,62.2127051198674
26.8095,-211.350927072772,133.898261439271
26.81,-140.888525106784,189.04847437287
26.8105,-30.7156815309682,220.066508991528
26.811,63.3246746075634,237.925248132599
26.8115,95.85503519191,250.375380649847
26.812,76.9427539758867,249.621731084899
26.8125,47.2957883032057,229.843218020176
26.813,21.4679601478833,204.54363477524
26.8135,-20.0391449003295,193.812561941132
26.814,-88.575728268719,200.258060783518
26.8145,-163.981679779194,207.360285308438
26.815,-215.738638701874,197.145144874719
26.8155,-227.556337668589,162.111143599588
26.816,-200.547977954066,106.1824523573
26.8165,-152.97894692243,43.6101889462206
26.817,-118.589219391373,-7.22524454232819
26.8175,-122.334683610071,-38.0725972968948
26.818,-150.841135892343,-56.3930230496267
26.8185,-165.612293059957,-70.6060040759569
26.819,-151.718028319212,-76.0076477833279
26.8195,-135.158308784742,-64.9222575509439
26.82,-146.324960358998,-45.2805596231635
26.8205,-186.138213349709,-36.3265799550154
26.821,-235.107351232355,-47.1861521165975
26.8215,-273.260765023127,-70.5785002001588
26.822,-280.509172361567,-96.0389429540947
26.8225,-242.574749031928,-116.729128513972
26.823,-176.336149047572,-123.091507394708
26.8235,-129.3655561903,-104.615641436831
26.824,-129.808473760421,-63.8153476210923
26.8245,-149.15470713686,-17.8748053322691
26.825,-138.438687863309,19.4315364666121
26.8255,-91.7959421713415,48.250196276682
26.826,-48.1715691192653,70.2166354039505
26.8265,-34.223195466553,77.5407312341517
26.827,-33.4063517946121,64.9496871446771
26.8275,-17.3529766032776,44.015405530342
26.828,14.698050209515,32.6490513758543
26.8285,40.2590983488873,34.0070226856522
26.829,44.6339344309642,37.5722443151382
26.8295,35.4987772636645,39.1725256703728
26.83,31.1476120457618,47.4358556896535
26.8305,41.6873728783234,68.7615201449672
26.831,61.1242977665231,96.6892109385846
26.8315,76.1091375239533,119.847852209277
26.832,83.3885238691749,131.819634083441
26.8325,96.7576323080412,129.527990391746
26.833,133.165663289458,110.848263122541
26.8335,192.988900092465,79.6122089697103
26.834,256.534404927055,45.5510670576185
26.8345,298.157255265123,12.9119417794074
26.835,303.615497875299,-23.8274262112951
26.8355,280.353093181601,-65.7869956339756
26.836,253.933988247002,-99.5088840809115
26.8365,245.778001289082,-112.32772035851
26.837,247.784081721662,-111.928410736948
26.8375,227.323442267831,-115.933431212849
26.838,167.101302761916,-124.490143650018
26.8385,93.8974797898987,-120.8365454883
26.839,56.4975537817785,-102.363166031642
26.8395,77.4352578009756,-92.4234736034807
26.84,134.224794287742,-110.11355628421
26.8405,183.346870491217,-142.619267986856
26.841,193.868595645621,-162.768347168551
26.8415,164.307215369994,-164.154702074969
26.842,120.906843081197,-161.005091988391
26.8425,98.3747835464447,-158.870731234494
26.843,109.740422677757,-146.911204731547
26.8435,133.555312679045,-122.540716645386
26.844,139.039729988727,-105.163058340952
26.8445,121.371561247134,-115.24413870773
26.845,100.685443362569,-149.941900451624
26.8455,88.4638933802459,-187.695529794615
26.846,71.5868997994463,-209.535488846743
26.8465,35.4580649900096,-210.084488351635
26.847,-10.3994260077278,-196.36506414197
26.8475,-40.9377922500054,-183.272539305477
26.848,-44.9227764707977,-181.912285648069
26.8485,-37.5693819713612,-182.776619536434
26.849,-45.0619727622707,-156.894613271989
26.8495,-81.0168875008257,-85.4033462409427
26.85,-137.6931030277,13.576606136633
26.8505,-196.838251004218,96.4491218849669
26.851,-246.535047974944,132.577292728663
26.8515,-286.101444074962,126.831769664433
26.852,-316.801346317082,108.829644555392
26.8525,-334.688625830775,108.495725486265
26.853,-336.776949480874,138.754432555664
26.8535,-329.573582454585,190.228555718955
26.854,-324.68257695294,239.807613052686
26.8545,-325.802139360556,271.036077877841
26.855,-323.429958644438,287.908456229257
26.8555,-303.31028156636,304.449516695204
26.856,-261.058812894127,323.346402570207
26.8565,-210.678040853016,333.600526632656
26.857,-176.011232697933,329.008048263489
26.8575,-168.152203916894,318.843919655291
26.858,-173.994548242355,316.830384038628
26.8585,-174.270562025876,326.692759699169
26.859,-166.512910911558,340.942643748093
26.8595,-155.962493725063,346.405855603022
26.86,-131.141414655675,329.0096200438
26.8605,-74.8939948238658,283.067224439657
26.861,-2.08483989914434,221.229142551732
26.8615,44.8358287574419,166.485787878601
26.862,51.1830088700142,127.145062791797
26.8625,51.2774921904259,86.7136956655989
26.863,74.9418208728167,25.4630660062366
26.8635,104.023287665659,-55.7856192933499
26.864,111.972968988889,-141.690082934559
26.8645,117.16810830641,-222.265699647722
26.865,153.985783246198,-291.883477930489
26.8655,210.133975986615,-334.790710314367
26.866,242.004266920921,-333.260888061044
26.8665,243.506996878688,-295.801857283635
26.867,247.659300601984,-260.139906126577
26.8675,260.162302546731,-256.041218241774
26.868,248.174965016197,-274.441487962724
26.8685,208.984343858899,-284.417879970281
26.869,194.639164985147,-272.892351916158
26.8695,238.917304923495,-253.555020466302
26.87,303.33717880733,-239.941523393293
26.8705,330.376534229349,-226.30942744008
26.871,315.654966669474,-201.15363731203
26.8715,290.68677384203,-169.222797115756
26.872,263.988713208401,-150.688335693757
26.8725,222.494368439876,-160.343990563918
26.873,173.501668024992,-191.17181835729
26.8735,142.981292871972,-215.496986454634
26.874,138.427404356708,-200.572313231965
26.8745,145.065608846792,-130.182577626704
26.875,151.236196120688,-19.0198202239791
26.8755,148.418524586334,96.2871571111274
26.876,115.866537486329,187.727853540225
26.8765,38.3513349684865,257.327132104858
26.877,-63.6890336998222,321.639426231397
26.8775,-149.215565588406,376.560225929177
26.878,-198.365887528107,390.644974344299
26.8785,-216.304408407525,341.689806268076
26.879,-207.26995994504,251.263892819017
26.8795,-177.160465460163,169.367561158376
26.88,-154.014230626823,125.97789282787
26.8805,-168.090303643207,110.507893257579
26.881,-210.682948793238,101.456401118994
26.8815,-246.500592218149,101.351509861044
26.882,-266.96064924888,130.457168661553
26.8825,-293.606614968771,193.591887587145
26.883,-325.582792136256,267.169986565386
26.8835,-328.318645090818,317.984025945421
26.884,-290.831838027555,323.945577520431
26.8845,-253.661956851451,278.236876201222
26.885,-252.900555930877,188.89342534672
26.8855,-266.487925647495,80.5763780206978
26.886,-245.24733287605,-15.9839257287199
26.8865,-175.590346307873,-87.7526282286565
26.887,-83.861454459492,-147.528380822353
26.8875,3.91700857832362,-211.502086743679
26.888,78.2851632620282,-276.472653058665
26.8885,133.838472456713,-328.8736644732
26.889,166.611252868709,-367.970149274631
26.8895,179.429135163767,-404.630264304581
26.89,173.668521305339,-440.144384623699
26.8905,145.26526981862,-463.409616433042
26.891,103.621279942224,-471.577928300382
26.8915,79.1806816273475,-476.85246716959
26.892,91.1044815305834,-484.69155658119
26.8925,119.124345237215,-478.227260300142
26.893,128.323650322202,-435.752281599733
26.8935,109.987136714566,-356.503291367796
26.894,76.0381570445101,-259.980132598165
26.8945,27.422173622455,-166.607383018997
26.895,-41.9293722919703,-88.7591989802603
26.8955,-117.088309606843,-33.9912863619571
26.896,-169.238190304399,-3.26941414035328
26.8965,-189.735632217361,13.8186758215605
26.897,-190.316532750493,31.977614989911
26.8975,-172.862116764949,57.2800275219643
26.898,-130.989383634942,88.0267485139863
26.8985,-82.5885751280154,126.409799992063
26.899,-63.5610574102607,178.743475557199
26.8995,-76.1254502198963,241.528299620924
26.9,-74.7949480153297,296.079677753011
26.9005,-22.6370011334756,323.626623214392
26.901,62.8367138649204,323.915988477951
26.9015,138.912950834214,315.478165597119
26.902,190.830582444366,316.381648568734
26.9025,234.049947031276,324.061035175307
26.903,281.378267169328,316.413902070677
26.9035,331.75615998427,278.879622004645
26.904,379.902443371449,230.288754217321
26.9045,415.085982100309,210.857755924453
26.905,419.684244955375,238.277779628879
26.9055,389.509185440256,286.110140642489
26.906,346.349660361483,315.194986170205
26.9065,309.009034336374,315.359330358802
26.907,262.071387045277,301.979826493777
26.9075,181.127480997819,283.463945603591
26.908,84.5571313035367,256.57453233699
26.9085,27.3075773968788,230.494413165497
26.909,33.8002856705233,226.594164938874
26.9095,62.0504652007852,244.888612609584
26.91,48.8533745486634,253.426510285105
26.9105,-25.8653053006024,225.860918029073
26.911,-131.339786063911,174.234809317686
26.9115,-225.063309160458,130.532935201218
26.912,-282.484067798057,108.782273563592
26.9125,-299.937199894749,99.5491648330682
26.913,-289.901734604119,89.0997901994249
26.9135,-273.627891683481,65.8382397656502
26.914,-264.634373679751,16.1597878458589
26.9145,-257.519216612224,-65.5454250813199
26.915,-241.283031874723,-162.976510949198
26.9155,-221.385347376005,-249.310233215229
26.916,-216.55632761292,-314.999744404563
26.9165,-232.779936656969,-374.988238299583
26.917,-253.663870729429,-448.266405257156
26.9175,-262.90282976764,-537.647452718216
26.918,-265.211536572341,-627.456523343674
26.9185,-274.320032735551,-693.570474121431
26.919,-287.65246813593,-718.989306723138
26.9195,-287.477759966799,-707.519765351441
26.92,-266.239822816043,-678.970605018869
26.9205,-236.419495203758,-644.596588443218
26.921,-211.60279662503,-593.875219611426
26.9215,-191.01064936671,-513.549824289022
26.922,-169.505880514057,-410.414236458156
26.9225,-149.464276938215,-302.734947318282
26.923,-131.269740995728,-197.81385942389
26.9235,-103.596716911796,-94.3598975573697
26.924,-57.5592048757379,-0.717063642250186
26.9245,0.447060309412378,68.5418398826386
26.925,68.0353974016264,112.372045975876
26.9255,166.142887115456,142.039850319193
26.926,309.724558008413,162.138193473663
26.9265,463.848660654321,172.041501076135
26.927,565.150898350171,185.09038063154
26.9275,594.709779737629,222.723558267877
26.928,595.234394988116,283.819872818045
26.9285,603.246533672979,340.774522338045
26.929,603.41863606841,373.668194657212
26.9295,575.011587046725,388.687964138709
26.93,542.771511781253,395.080295731459
26.9305,537.405737347527,387.5979345698
26.931,533.073849901542,366.98921826521
26.9315,477.575417415349,356.054438571082
26.932,371.63619211705,372.002488969974
26.9325,263.149238644778,395.053749530261
26.933,166.786858826833,386.900651184107
26.9335,49.9336544486839,334.185371063379
26.934,-91.2825245455006,255.799682031416
26.9345,-204.312786201458,174.571850852543
26.935,-257.054161266098,102.208282169446
26.9355,-288.783940887837,48.290371176928
26.936,-343.89305120384,22.166415002754
26.9365,-398.678822593856,22.2151440542592
26.937,-404.571343087236,37.604366575877
26.9375,-372.475834297897,61.5815063521797
26.938,-355.624450679825,89.3141145424557
26.9385,-363.091107683292,104.048861246715
26.939,-348.965119533336,84.5991676586665
26.9395,-289.623347640886,33.0868915772924
26.94,-220.948071011589,-18.6624370872801
26.9405,-186.25314465096,-38.1971840190869
26.941,-187.58883404621,-19.7754376958285
26.9415,-204.175668120489,19.039538393971
26.942,-224.80630880266,54.5848956087603
26.9425,-243.063805665756,65.3515875802306
26.943,-247.917870882593,38.1030141947289
26.9435,-239.24566263348,-19.7650226762496
26.944,-231.973644426711,-78.479780420076
26.9445,-227.457741171219,-107.835949941177
26.945,-200.701911645796,-102.895390255387
26.9455,-135.581597223099,-86.3640680373837
26.946,-56.4633550395889,-89.6287301518714
26.9465,-3.24732064957425,-133.427878776924
26.947,15.1803651512176,-219.034569654874
26.9475,23.6583511925431,-329.29786397652
26.948,44.1149275578247,-438.583445423426
26.9485,74.3056731175132,-526.174822434201
26.949,100.267513805421,-581.509626174357
26.9495,114.874018436784,-599.420303830448
26.95,123.284278661934,-577.728125664868
26.9505,139.109797348748,-522.312496046745
26.951,173.990001022814,-448.348556743987
26.9515,223.515681310725,-371.948480478225
26.952,265.51572773596,-303.6329864771
26.9525,279.091083698959,-250.122203762143
26.953,264.282777258819,-213.600272905002
26.9535,239.494065110796,-184.543399117613
26.954,223.283038947817,-144.338195130283
26.9545,221.731898704457,-83.3697788294917
26.955,227.242349763538,-9.97387372990059
26.9555,223.7376699973,66.8315106808465
26.956,197.337734045121,154.799173725371
26.9565,147.174112258404,264.282261144648
26.957,83.4864688931242,381.610203606042
26.9575,15.2236927330907,475.831438290463
26.958,-52.3118743865729,535.359979449314
26.9585,-106.252499392372,579.720905414403
26.959,-126.289648125893,625.069233985659
26.9595,-106.54204412394,653.738772532657
26.96,-70.2869734761976,634.436165561678
26.9605,-52.1670532659544,563.154877336534
26.961,-66.9914557922152,464.43740205299
26.9615,-100.224737044141,355.547027436939
26.962,-124.159080057938,232.189979694153
26.9625,-118.993346153422,96.1709337796479
26.963,-85.1334999194144,-23.4043098783606
26.9635,-42.4879164936962,-93.1346520119437
26.964,-14.422283318257,-110.297562083927
26.9645,-7.9986550712436,-100.774008444655
26.965,-13.2424861266543,-88.8378906356913
26.9655,-21.0136640702269,-83.1998709877904
26.966,-30.7605016328031,-86.4476171144607
26.9665,-38.4113569050243,-98.0993940506957
26.967,-32.1654686634878,-106.625129790033
26.9675,-9.98889431498242,-97.6494909570316
26.968,11.3882182292919,-77.7741954530505
26.9685,16.8348192580921,-74.3750063893643
26.969,11.6546322522871,-100.768697598085
26.9695,8.38279407179579,-134.67010972299
26.97,7.00142660318563,-145.097012955643
26.9705,3.96018688984967,-131.014412455597
26.971,9.15078011469554,-117.641577067267
26.9715,32.1890507346169,-120.723403107039
26.972,57.5747118881116,-131.417963728705
26.9725,57.1088325274175,-134.019920966981
26.973,28.3107910461316,-121.24842651025
26.9735,-0.203121774438447,-90.8076324954481
26.974,-6.15393655567892,-44.2330003606459
26.9745,1.87598296191508,4.72423565794562
26.975,4.32952686432149,35.0671689921815
26.9755,-0.996273917278619,41.2822991241921
26.976,-1.03063104962677,41.8865101205824
26.9765,12.6002057791727,57.7750762273894
26.977,35.7539690498686,90.3215015132038
26.9775,58.2413613638419,127.698675395147
26.978,71.1182142746793,163.507266113711
26.9785,71.0608744796122,199.520169861533
26.979,61.487866534729,236.46858129175
26.9795,47.2833011476655,271.202983771387
26.98,29.0283944068449,297.798438604428
26.9805,6.5966768136172,304.06006102541
26.981,-14.7210650811529,274.744869743841
26.9815,-29.1357915420848,209.566398950201
26.982,-38.5274937266359,132.924050769557
26.9825,-47.2485868827108,73.9965511890599
26.983,-52.8895591057921,40.0994120642631
26.9835,-53.2790682800976,19.1112395434403
26.984,-58.1872811123597,0.821950494308627
26.9845,-79.0658408765426,-20.2241028820624
26.985,-108.782919997531,-58.2367639228666
26.9855,-127.340007112898,-129.686340707851
26.986,-127.261195920056,-227.325918495663
26.9865,-116.602479513633,-318.751012522399
26.987,-97.7561818715875,-379.769783785078
26.9875,-65.0895740513409,-414.144458524868
26.988,-27.5089096699581,-431.509436832145
26.9885,-9.45358676088268,-424.485065683451
26.989,-18.7848828261495,-385.555835572038
26.9895,-34.4425688643737,-333.364398415707
26.99,-38.8287317067345,-299.003109470587
26.9905,-42.53909731109,-289.744371942837
26.991,-61.0925952616628,-286.186164494725
26.9915,-86.2274101272511,-273.931908569929
26.992,-101.064358042659,-257.555910137068
26.9925,-108.882100275135,-240.823937097642
26.993,-123.272060293767,-214.689440852134
26.9935,-138.99765145444,-174.206232306601
26.994,-136.003328387754,-129.712241508462
26.9945,-107.965181106771,-88.7641587782083
26.995,-66.2342069311098,-41.8746914814139
26.9955,-18.1400646072637,17.1822023407824
26.996,39.2255648043642,66.6495449812138
26.9965,104.246806364566,71.939613655416
26.997,167.323226146442,25.2279086350508
26.9975,223.747857837965,-42.9812489319596
26.998,277.132130287616,-91.3665327298935
26.9985,330.075570145509,-96.1958570992683
26.999,381.066910420752,-55.5047198443511
26.9995,426.268016678866,18.1711401933155
27,455.332873476498,103.043686630949
27.0005,455.777357737694,177.302061272361
27.001,433.801526131398,232.688814843034
27.0015,414.124806256492,276.728019640312
27.002,397.534532640338,318.926264967448
27.0025,337.716169799072,358.431030093129
27.003,197.544438868418,386.007677458869
27.0035,19.8500575510978,392.669254188446
27.004,-103.890413359344,375.515805693228
27.0045,-143.58599508812,342.028199618052
27.005,-166.660713931647,310.911329125286
27.0055,-245.634658919528,301.257155262457
27.006,-367.278920084787,315.734138942943
27.0065,-461.174066441359,338.354484928669
27.007,-488.124132184566,351.261696096774
27.0075,-466.376231645425,348.23537652339
27.008,-431.662605319158,329.244858671102
27.0085,-408.90212748155,290.604126047241
27.009,-412.88881655368,229.972723045148
27.0095,-440.396967529502,159.045835013731
27.01,-461.352809501689,103.192464859372
27.0105,-445.586295533197,85.0098240236853
27.011,-399.710468067469,108.027425893736
27.0115,-355.196369640362,154.663131852371
27.012,-322.387230023814,199.506321356769
27.0125,-281.82870601808,227.891457137421
27.013,-220.993284030991,243.170553123415
27.0135,-151.611119882548,253.639104017976
27.014,-85.0441982590965,253.839211725153
27.0145,-17.0976855522624,225.649894784507
27.015,53.0721016849421,159.101296038979
27.0155,114.25853306251,64.1438199164768
27.016,167.752790612958,-41.4051970628955
27.0165,237.930394045118,-146.705326671973
27.017,338.452330432715,-245.390456330233
27.0175,443.736521697574,-328.906328013513
27.018,514.483611277303,-393.736185712591
27.0185,540.341922496735,-448.668134507473
27.019,538.427210030861,-501.038861729602
27.0195,522.170376212367,-537.818891795062
27.02,497.383188296412,-534.812456441253
27.0205,482.694544568438,-488.036995433495
27.021,501.899486003148,-425.130852859631
27.0215,547.123064611404,-381.136200757196
27.022,573.578354001434,-371.8943086235
27.0225,546.143997404089,-395.262841783823
27.023,476.500042525742,-445.921234863146
27.0235,400.727204980293,-515.611046467693
27.024,334.10120315504,-583.442696611929
27.0245,265.673639743985,-622.070890921677
27.025,187.336421947298,-620.198245864599
27.0255,104.839732101014,-591.219324774194
27.026,19.5938531800542,-552.366440024064
27.0265,-79.4905590070887,-500.633039360177
27.027,-197.504869518424,-419.417843320378
27.0275,-319.887092522411,-307.534105039031
27.028,-425.577016044415,-188.329595681557
27.0285,-504.780139111751,-83.6457190631504
27.029,-557.536035895948,10.2991497939798
27.0295,-584.436466405285,109.687678634026
27.03,-586.376016552989,214.065916235436
27.0305,-565.261139295841,307.081689929414
27.031,-518.367427719468,383.437535398257
27.0315,-441.499433513746,455.354289567282
27.032,-344.499212232499,527.069587064464
27.0325,-251.144972219531,580.621114810208
27.033,-174.047762711557,597.166052184314
27.0335,-104.450201213977,579.015557983284
27.034,-40.3369580619706,540.543276832781
27.0345,-5.50347123369637,491.081446861553
27.035,-16.4053847284889,438.779813371887
27.0355,-46.4233978530494,396.25837822674
27.036,-57.7542901699922,365.107168897404
27.0365,-60.2534053435797,327.373429490476
27.037,-95.9725825851133,272.971082656443
27.0375,-162.851799195721,224.906368691723
27.038,-202.721014129604,212.230267157602
27.0385,-185.035153626867,224.086014269019
27.039,-156.913481409757,219.002360530243
27.0395,-174.238056583759,180.138193621413
27.04,-217.624774844019,132.694066077231
27.0405,-221.556781157515,100.95154648525
27.041,-164.996185207535,76.8734078894081
27.0415,-85.0947573201281,43.8380191269064
27.042,-12.521782617014,6.08287315159295
27.0425,56.4335682279217,-23.0449479687003
27.043,123.066069382807,-42.4731101186664
27.0435,170.578867456079,-55.0072326739423
27.044,197.807849692673,-54.375133463692
27.0445,228.658487924319,-39.1902578567514
27.045,271.58041906152,-24.6495792614302
27.0455,303.598436340741,-20.3184434623622
27.046,311.080310905577,-9.9057218403127
27.0465,312.22269860731,24.3511996266986
27.047,317.91015669293,67.8675855764614
27.0475,303.867271589891,88.5814824848544
27.048,251.381875916266,78.6445871031009
27.0485,188.757151287238,56.6163953281487
27.049,157.5523287476,32.7201127961074
27.0495,155.972566336542,-1.05894809473492
27.05,150.825839291243,-45.5849989587267
27.0505,132.105774104629,-86.4055738959951
27.051,117.567482957297,-117.573335140531
27.0515,108.926569360987,-149.994415995
27.052,83.8003519689435,-186.939957852837
27.0525,38.1633027367363,-213.290145832392
27.053,3.60469415268966,-221.430999257806
27.0535,7.78684721778949,-227.392654025963
27.054,39.7605473196532,-244.288130972915
27.0545,67.4574570489788,-255.94922272139
27.055,72.664031677588,-237.561038247901
27.0555,57.825405477193,-192.883845912426
27.056,34.0817744067913,-150.303756814817
27.0565,15.7282922014382,-125.992197801359
27.057,15.9348581100275,-110.157621070001
27.0575,35.4754759890558,-89.909565113929
27.058,59.5543216861809,-67.9404289407448
27.0585,70.5670813161287,-53.563358149527
27.059,58.9382660906175,-49.3606530947069
27.0595,22.3630589858561,-54.9543621671434
27.06,-33.146831079856,-74.3595663527838
27.0605,-88.7752710283731,-109.17998955507
27.061,-123.210060411301,-147.884049282222
27.0615,-133.484445041541,-170.599562608878
27.062,-134.653778156967,-165.89892975879
27.0625,-135.546308006004,-138.698461118423
27.063,-129.958454058846,-100.842289588075
27.0635,-117.834010572007,-58.096593621261
27.064,-116.397021621021,-9.85364531618136
27.0645,-135.836652805514,40.2895258284758
27.065,-157.791000721975,79.7038981388468
27.0655,-155.653854842907,96.479036977691
27.066,-128.247763498808,91.8811956085681
27.0665,-96.8679234835842,78.647632966952
27.067,-74.9277117727244,67.382988732034
27.0675,-57.8642264486982,59.31081720453
27.068,-40.4455620510244,52.514345573037
27.0685,-26.5525301185701,48.2908515992752
27.069,-19.6925530447952,46.6794717270715
27.0695,-17.8265826827995,40.3380810766553
27.07,-21.0092575363098,20.0158764105073
27.0705,-32.6562808824961,-13.5817197572933
27.071,-49.5224745803061,-47.7433823403017
27.0715,-60.4525062384218,-68.699953741204
27.072,-59.6439533379162,-72.4538075283813
27.0725,-53.7942008506381,-64.7258027245099
27.073,-52.8275760894406,-52.6479225588766
27.0735,-59.6615399194673,-37.2108602764898
27.074,-70.1363049302176,-12.684547610884
27.0745,-75.5345726704118,26.0492297716819
27.075,-65.0268977033882,73.8659576481866
27.0755,-36.1075691173263,114.231429774194
27.076,-4.89373063410437,131.559978373123
27.0765,6.14117370040803,126.084017089263
27.077,-3.20680704886415,113.320144268149
27.0775,-6.00890827123346,106.485894437436
27.078,18.63085349727,102.36240741854
27.0785,57.5318209660697,88.7105561020321
27.079,81.5782609150077,64.1732038813912
27.0795,84.8968797336604,44.7674086140874
27.08,88.9164661746005,48.3099537388463
27.0805,107.895881506278,76.6342116909263
27.081,128.550004345916,116.428778783679
27.0815,131.91369551482,153.67762035298
27.082,121.447477836447,182.118976933402
27.0825,115.162494427001,200.322173111871
27.083,115.971342339765,208.123449902866
27.0835,105.606690176738,207.35977864858
27.084,70.1023353423973,200.559917695284
27.0845,19.5209088952931,186.881840559462
27.085,-23.3561542940112,163.746863286283
27.0855,-46.3438541831129,133.873212229837
27.086,-54.3211127420173,105.502863155624
27.0865,-59.5342118710304,83.5119340932731
27.087,-72.825275826914,65.5578023354098
27.0875,-98.4405980878631,49.2748268775677
27.088,-127.658110655781,36.6098307387143
27.0885,-141.129790850315,27.0279792772913
27.089,-128.697424746227,13.9526765828603
27.0895,-105.355346980318,-4.87891606940261
27.09,-94.8941515511448,-19.7153732546821
27.0905,-96.7369200266919,-21.0857049822049
27.091,-83.5052805634491,-16.4786094193255
27.0915,-37.0045135030961,-24.377354452861
27.092,27.185942156954,-51.9173101620002
27.0925,79.9501769529662,-87.6873860948083
27.093,110.840683645091,-117.800873526553
27.0935,127.972145702348,-140.42608129778
27.094,137.028061749843,-161.734943727079
27.0945,137.509762452685,-185.093779681953
27.095,135.209241755578,-208.404941532467
27.0955,142.250242325286,-226.643384577225
27.096,164.449976191298,-232.96469645828
27.0965,197.927822737085,-221.481465581333
27.097,232.457145563712,-193.105156908891
27.0975,246.71038518979,-156.78482752488
27.098,212.24516241681,-123.078850639646
27.0985,126.38300087289,-98.30653883785
27.099,36.10662679563,-84.7875712079723
27.0995,-1.82517436797793,-82.6455913615536
27.1,8.64256343413335,-90.1197730870548
27.1005,1.90241428119555,-105.335441868572
27.101,-64.6794623438501,-128.055506351449
27.1015,-152.341657696151,-156.092097930905
27.102,-191.213877199509,-181.067100659683
27.1025,-168.013937622224,-193.93097000248
27.103,-131.274380396594,-195.114825533915
27.1035,-118.084731641347,-191.962646710557
27.104,-110.083318012744,-183.877171391283
27.1045,-68.4862558149606,-157.857585696198
27.105,12.0244635705675,-104.094293914497
27.1055,96.1398103738531,-30.4146029865233
27.106,140.941435533024,44.9410529615432
27.1065,128.696845099862,111.569656533479
27.107,77.701124241056,172.550828061412
27.1075,26.3332851252797,234.714238270532
27.108,-1.16330456521627,299.079757949501
27.1085,-13.9847013770985,359.435090899809
27.109,-32.0578417875206,404.110987454893
27.1095,-50.6291340881051,417.944011557382
27.11,-47.7795970513853,387.500803657514
27.1105,-27.8029835939897,309.191755429097
27.111,-30.4231634331651,193.815493230981
27.1115,-81.6048408476593,62.7327048125089
27.112,-153.810307730254,-62.0462500352137
27.1125,-195.03039098691,-166.172392140889
27.113,-186.198670423956,-243.066194596478
27.1135,-150.240586118556,-288.225260869589
27.114,-112.846974809501,-297.926090468984
27.1145,-78.2537101190376,-275.342650209154
27.115,-43.6716758642948,-232.508006011821
27.1155,-14.3801155014002,-180.307332789877
27.116,4.58669349991347,-119.718632280535
27.1165,16.6983057942931,-49.723560729503
27.117,24.4055408623575,19.1951838753748
27.1175,22.135528881513,69.30083171893
27.118,7.25845566031883,93.8086483129104
27.1185,-11.4098348896546,101.86268302619
27.119,-24.8656474187772,104.219568477596
27.1195,-35.2064855070513,103.789077206838
27.12,-46.4125224629385,102.908376990823
27.1205,-52.8798264390773,108.571085093941
27.121,-49.9302123652879,123.433202888825
27.1215,-48.6370391878982,139.907407644275
27.122,-63.4043462080619,150.689108175652
27.1225,-86.812802796009,158.808578568717
27.123,-94.9680811071985,170.425660247338
27.1235,-81.4787736827145,183.751421069394
27.124,-69.0175554768185,192.123252767744
27.1245,-78.7318022021893,192.400148191373
27.125,-102.645035548582,183.433754290118
27.1255,-117.839733943921,162.2726867273
27.126,-115.989698925953,129.621272062171
27.1265,-104.845750437334,93.3499483043905
27.127,-89.8723081122836,58.5217445887118
27.1275,-70.7610088925789,19.9626762158413
27.128,-50.2305679879922,-26.2778537031895
27.1285,-29.156253515018,-70.7912944844128
27.129,3.6437312395656,-101.696855439753
27.1295,58.8053421606009,-122.185154499508
27.13,124.835910104224,-143.469708136151
27.1305,178.495439957859,-163.369508939512
27.131,218.484054498011,-167.133616079725
27.1315,267.842025797449,-150.032952205864
27.132,336.406737207774,-124.67935452726
27.1325,401.793101755964,-103.097708465086
27.133,439.304368601774,-84.7637977855133
27.1335,452.152684767069,-66.5747171847751
27.134,456.381623891699,-51.9966826177514
27.1345,451.165204200158,-44.0158434804459
27.135,423.253382219513,-39.5075998803957
27.1355,371.477097870568,-36.9726914434982
27.136,308.588576391485,-39.9522422989357
27.1365,244.162315979917,-45.6581259322517
27.137,179.919572888536,-40.0085109799041
27.1375,114.870611969512,-13.8874751534779
27.138,41.1489790521665,21.5038864094629
27.1385,-54.804618370114,43.9618921157438
27.139,-167.852937455785,40.7772224886479
27.1395,-260.255756539622,14.5330046134465
27.14,-296.902770859228,-23.9993802191887
27.1405,-291.596261833428,-59.914173775201
27.141,-292.979365986733,-77.303125854364
27.1415,-322.442841611716,-69.9056959675363
27.142,-350.806636175086,-47.936383817251
27.1425,-342.897706807632,-27.3117488553099
27.143,-301.257178226025,-14.6270178125834
27.1435,-254.060580807215,-9.19447419986505
27.144,-220.025273195226,-14.1069908221968
27.1445,-200.340654156336,-33.0527103058493
27.145,-189.931039335932,-57.0711286976266
27.1455,-179.974881260177,-66.903934978151
27.146,-158.376400130425,-52.4827582097046
27.1465,-121.888989055071,-22.3092319936492
27.147,-82.6183968343834,8.96029120469297
27.1475,-53.6993891064643,34.1585781592361
27.148,-35.292348222386,51.7634842322826
27.1485,-21.6530371360319,59.5009882623793
27.149,-12.6174447045149,56.9951297204839
27.1495,-9.41531650268772,49.9395829746311
27.15,-7.9949720786768,44.7679185998142
27.1505,-5.62354148073938,41.2706310725794
27.151,-6.28433976180894,35.3369423832665
27.1515,-11.7495373873851,26.8193803632001
27.152,-16.3734834888267,19.7493220116264
27.1525,-18.6615291938201,16.0541300074684
27.153,-27.1073242138989,13.6055773610034
27.1535,-44.2049789788863,9.81578795286616
27.154,-55.4129597230486,3.09904837928774
27.1545,-47.0158683376131,-8.45443540520709
27.155,-26.8242133837639,-24.9920121898112
27.1555,-14.2538188795638,-41.0751729778337
27.156,-16.492577010906,-49.0632559844461
27.1565,-25.9639146997483,-48.562138636241
27.157,-33.1935533584747,-48.3485901429461
27.1575,-28.8935556620001,-55.6139580540379
27.158,-1.65375470720282,-66.5482760649886
27.1585,49.5865369825296,-71.6819025048449
27.159,104.813683539953,-67.8663035541466
27.1595,140.216910668425,-59.2106004142254
27.16,154.260845111494,-47.0992182521101
27.1605,163.928305427828,-26.5713749201309
27.161,179.13689433234,4.69941917935411
27.1615,195.186548266999,39.8880922639589
27.162,206.948243070326,70.4035469792342
27.1625,214.418104071625,95.5810463732627
27.163,214.851561337897,118.909063748623
27.1635,203.759111612823,137.40131828585
27.164,183.37862654842,142.688754777763
27.1645,157.592024313347,133.281929094954
27.165,121.70402898502,118.286927598479
27.1655,72.8740405224173,105.664032487238
27.166,27.6627840946872,92.6522379638439
27.1665,9.65368488745467,72.7735327059024
27.167,18.0710608308525,48.2533410349104
27.1675,27.6091211338844,28.975290597595
27.168,23.3545963644889,19.8699562387712
27.1685,17.3787839408358,15.2141674757305
27.169,24.3508936601196,7.44686932166524
27.1695,38.5725304607093,-2.18663509530144
27.17,44.9458318972273,-5.52685402798264
27.1705,38.3446238781259,0.57292102749717
27.171,22.023252541612,7.73541938913817
27.1715,-1.08646821023655,4.22841749680688
27.172,-25.4902360927289,-11.0186600216014
27.1725,-41.5897538862308,-25.9558571816512
27.173,-46.0889133372349,-28.6006960096189
27.1735,-45.8289932824594,-19.7952752284021
27.174,-45.3018777344333,-9.93443160125186
27.1745,-40.6467703269653,-5.96082578161806
27.175,-32.3030724888001,-6.78951647687148
27.1755,-31.5963216442454,-10.1615308517213
27.176,-45.8220158035734,-17.0303385105085
27.1765,-67.0340279709135,-27.3021984616109
27.177,-84.3784194435809,-36.9338461203341
27.1775,-97.5785058246148,-42.430414074536
27.178,-109.475991882568,-44.2564128040493
27.1785,-115.932568830396,-43.4589759280773
27.179,-113.775345249146,-39.4569455094219
27.1795,-109.560982374919,-34.0754073492546
27.18,-109.650905022972,-32.9343447325843
27.1805,-109.841421446264,-38.7846010037214
27.181,-105.022020110042,-47.4826480220112
27.1815,-99.9069290192923,-54.3874257800807
27.182,-98.4152608219217,-60.0503701040709
27.1825,-91.5585421282008,-64.8141009055215
27.183,-70.5879948518011,-63.1463300242305
27.1835,-46.1507086383129,-50.6708642309277
27.184,-38.8907150591961,-33.3489173466658
27.1845,-53.0622768805188,-21.695549983832
27.185,-72.8454448470992,-17.795388606652
27.1855,-84.6811919218145,-15.8233481172468
27.186,-91.7892947628384,-13.8159185461158
27.1865,-104.687762013325,-15.9375323616791
27.187,-125.431729563117,-22.852791785967
27.1875,-144.358302482159,-28.9018651353359
27.188,-150.552386161895,-30.8394366979397
27.1885,-146.329538300092,-31.2560426103007
27.189,-149.246282419012,-30.8359917269976
27.1895,-171.663976429152,-25.5753926032396
27.19,-199.279619218511,-15.6749040590039
27.1905,-203.965895597466,-9.26472997305892
27.191,-180.409640809457,-11.5835614111792
27.1915,-151.108481893152,-16.8150712248192
27.192,-127.21309047234,-16.8294102814066
27.1925,-87.9520375418721,-12.5019514745444
27.193,-17.0695743124986,-9.39863236084319
27.1935,62.2653974294997,-6.65538313444004
27.194,117.383223010534,1.94050608787397
27.1945,157.662144104451,18.0060054517419
27.195,223.883472109606,36.8038244001339
27.1955,329.553404112643,54.2521835318407
27.196,442.103215403236,69.4941161972867
27.1965,523.00744761977,81.4904317271182
27.197,559.29183042548,89.2411036215566
27.1975,553.500622481552,95.1842157887797
27.198,512.344303875124,102.931915517478
27.1985,454.28330877596,111.912536098314
27.199,402.286162563302,119.347418490929
27.1995,356.535778195585,126.465874625228
27.2,294.815796600921,136.423245341256
27.2005,209.552076103673,146.562318995891
27.201,121.757216982192,150.068394044007
27.2015,46.4193411571306,145.752589737015
27.202,-30.7309981193216,137.610860675251
27.2025,-122.141852125423,122.12998083761
27.203,-204.188459300541,85.605918591427
27.2035,-238.204850327999,21.2771802366742
27.204,-214.759273474826,-56.4066846117613
27.2045,-157.074265322663,-121.760066977731
27.205,-90.9055879605095,-159.124788967793
27.2055,-31.8472731388401,-169.631695172467
27.206,6.41272220876648,-162.691263223698
27.2065,16.5273952727147,-149.335885301507
27.207,11.4402065605269,-140.333002373722
27.2075,15.4902271128398,-139.661552015694
27.208,37.9806435530547,-138.256513805889
27.2085,67.3329198896581,-122.858700549986
27.209,91.2903831205489,-93.7520528416099
27.2095,109.941685582804,-66.0221093122565
27.21,126.305425181669,-49.4280369745238
27.2105,133.684989368784,-34.3831790718869
27.211,115.601060096356,-4.29689994334727
27.2115,55.2238707161548,42.3568015730451
27.212,-50.2536763302066,88.0160161182906
27.2125,-177.573901498243,111.217028300324
27.213,-286.193378692172,101.447856788342
27.2135,-350.624831089618,63.2136091478382
27.214,-381.639884063998,12.5486682050713
27.2145,-406.705290733858,-31.7822123940661
27.215,-434.742646067712,-60.0799368027211
27.2155,-451.532799985601,-75.5238652160123
27.216,-444.09611340991,-83.333474517284
27.2165,-413.560442936841,-79.5884572746215
27.217,-364.934635032863,-57.6947583840416
27.2175,-300.557113673172,-23.7740835560643
27.218,-227.673460060321,4.15390353783525
27.2185,-159.711440380709,14.6042096761303
27.219,-104.312381742321,12.6086786509674
27.2195,-58.3013961293517,8.84463454342482
27.22,-17.2935020506196,7.09376728107095
27.2205,18.2726192141292,6.844028493808
27.221,48.7697087068101,9.73408948777647
27.2215,77.4875953563282,15.5463549427379
27.222,103.497201355863,17.7464893845556
27.2225,120.707215680047,12.1638607389552
27.223,127.756344057963,6.79826443129638
27.2235,131.304914829566,13.8103984058195
27.224,135.725947467939,33.0456565354932
27.2245,136.567885126686,52.0399159147353
27.225,128.507681543591,61.9361200963197
27.2255,114.07887185256,64.6640614371611
27.226,100.542177573858,63.7353627060167
27.2265,92.2279325351066,57.6310480502524
27.227,88.1903776760206,45.9077508501085
27.2275,83.588010426173,33.4539794004307
27.228,73.2838468124364,23.2035251230148
27.2285,59.2840541191634,11.1304593236412
27.229,53.3631364119382,-5.3522614542369
27.2295,64.5253859956428,-19.3596563288067
27.23,84.6260684447602,-22.2015501973439
27.2305,96.4468916464219,-15.8309621788903
27.231,96.7353382757033,-10.268625207847
27.2315,99.2170017709047,-10.1748778253002
27.232,111.25910669842,-11.1639862141273
27.2325,120.646919987324,-9.29948277842822
27.233,113.443793386162,-6.94783276608023
27.2335,94.1374516028645,-6.96964515854262
27.234,77.6983408506601,-6.88565904390606
27.2345,69.3162661076047,-2.57835562995314
27.235,62.5781127111055,5.50153465866384
27.2355,51.9942379336537,13.0122813849328
27.236,36.7582305187104,16.303146338634
27.2365,16.480155100245,13.7374119072112
27.237,-5.83118892232877,4.90818529537925
27.2375,-18.9558853968692,-7.8873650085502
27.238,-12.0822303028761,-18.6134796330774
27.2385,12.2801892567149,-21.8745558313087
27.239,41.9844851528776,-18.9498271809844
27.2395,69.4894741736341,-16.6642178210834
27.24,93.2415696922078,-19.2152664670436
27.2405,107.87660096032,-23.5135227708757
27.241,105.997182690898,-24.2222100779172
27.2415,90.9347541331071,-21.1306192579308
27.242,75.3405741137789,-18.473172857314
27.2425,63.217569703955,-17.7626760185521
27.243,44.5829174940626,-15.0644472199939
27.2435,13.4111323505521,-6.72824455221582
27.244,-20.0220426999522,5.03296423051071
27.2445,-42.8095276399848,14.7580610854907
27.245,-56.382320057149,20.1537925691419
27.2455,-69.8757401641942,22.8818731036461
27.246,-83.443070093243,23.7980688115029
27.2465,-89.8226056434593,21.1254165154655
27.247,-88.7401179133724,14.3433156426272
27.2475,-87.6400898201091,6.8220461482362
27.248,-88.6825913829663,2.29434254657934
27.2485,-86.2354112248274,0.241226904662005
27.249,-78.8738829784047,-2.94992634215389
27.2495,-73.6247685626512,-8.80239707291324
27.25,-74.702676640966,-14.6487384805375
27.2505,-76.5629157226856,-16.7736036255612
27.251,-72.6263350144505,-14.2200027859682
27.2515,-63.8768980881447,-9.06612294450557
27.252,-54.4283964780065,-3.96379867701664
27.2525,-45.5772358417624,-0.167438845129876
27.253,-39.5545794946065,2.453506308237
27.2535,-42.0938859634187,4.46215716087068
27.254,-53.6225613232109,6.43891256915405
27.2545,-62.9341715735756,9.00646437847519
27.255,-58.2986324874891,12.1953091225366
27.2555,-42.5269334109966,14.5165606753461
27.256,-29.3876414597601,13.7452991622941
27.2565,-26.6997661560085,9.53672175385831
27.257,-30.3377718572825,4.59035533480945
27.2575,-33.6998581520749,2.11548799483324
27.258,-34.7890644754383,2.38730165405987
27.2585,-33.0680251356485,2.6034408700007
27.259,-26.9610652088206,-0.2215794914831
27.2595,-17.3104384230963,-6.85933805233896
27.26,-8.15202586197659,-15.4781866455721
27.2605,-1.71356483615765,-22.4833085748869
27.261,3.73322106377466,-24.5109045532814
27.2615,10.4086107955889,-21.0327642288475
27.262,19.4440183590325,-14.5729626707041
27.2625,32.4019786228857,-7.32225590118128
27.263,49.1585550165104,1.37016324354142
27.2635,64.596432028863,12.5469668237286
27.264,73.6416455388718,24.0180749220809
27.2645,79.474589742458,31.6975392059576
27.265,88.924397914189,33.8687533391342
27.2655,98.5482393612577,31.4535305152651
27.266,94.7446931318789,24.5766520512441
27.2665,72.3506249128121,12.2621060036485
27.267,45.132677252231,-3.81220594113837
27.2675,31.1678103333857,-18.2472696934595
27.268,33.1916861690594,-26.081053747137
27.2685,39.6072249141335,-26.4923521698122
27.269,40.3248622319693,-22.0672459021052
27.2695,35.2466875996751,-16.3248352594515
27.27,30.8939171763675,-11.9995954006065
27.2705,35.1991174382414,-9.33333756447465
27.271,52.7065947468341,-5.73147311035309
27.2715,78.1327393756177,0.7775085005764
27.272,96.256753053299,8.27232877131463
27.2725,94.6877214069667,14.1067986755532
27.273,76.9035481541687,20.2385534431587
27.2735,58.0198082381393,30.2230364123617
27.274,47.3760511146564,40.4967406251256
27.2745,38.5693425834659,41.1672122378485
27.275,16.8334293865264,28.7350195903726
27.2755,-25.348924254185,12.4673680734654
27.276,-78.9284285250071,3.13975095604774
27.2765,-124.1722346734,-0.408524393967048
27.277,-149.243249665068,-7.43919499152261
27.2775,-163.673867897038,-20.6183066044202
27.278,-188.310604693948,-32.1386333170664
27.2785,-230.79377026235,-34.7540721632919
27.279,-278.443887418073,-30.7101075199777
27.2795,-317.603912066744,-27.494308319792
27.28,-348.226626660801,-28.8205996289925
27.2805,-370.779098310755,-32.9456557037684
27.281,-370.523968921196,-37.8182889366759
27.2815,-331.584500517537,-44.3610001770849
27.282,-262.680867324915,-53.7823973911341
27.2825,-191.512685842294,-63.1537871961153
27.283,-131.590123191621,-65.7417764284247
27.2835,-69.9343961087906,-56.9350693891677
27.284,7.08581925931979,-39.1170763695222
27.2845,89.8940310843284,-19.3430949670505
27.285,157.425268672631,-3.05544429240268
27.2855,202.91949782322,8.11014217616616
27.286,236.707373554692,14.0673118898258
27.2865,269.129934913438,16.0564428793605
27.287,302.459996882624,18.4490153836339
27.2875,337.245010944987,25.8206792412123
27.288,373.912727176828,36.9832041442379
27.2885,405.032562205904,46.5546102985768
27.289,416.18208275372,53.6666897540683
27.2895,401.650720736011,63.1404595466565
27.29,373.697987480827,75.3595988953606
27.2905,348.083284503727,81.9016975463998
27.291,322.738784420524,76.624457782623
27.2915,280.055330493293,65.3483404436509
27.292,212.358117970064,57.7127039988581
27.2925,136.725740951964,53.8494733102558
27.293,78.5109886670622,46.6065298419096
27.2935,45.1420063717161,33.3742527546194
27.294,22.3292440100938,17.4778846022815
27.2945,-8.52580309913925,0.851197736881406
27.295,-56.7675636254407,-14.982528595286
27.2955,-121.117635597833,-22.2588139882884
27.296,-189.750902959913,-12.9070620863889
27.2965,-242.350046888767,6.51769509891339
27.297,-263.884634839964,16.0925880292853
27.2975,-258.161743880888,3.89910647472421
27.298,-238.120704363313,-20.5898534898876
27.2985,-204.430843200377,-38.625717182595
27.299,-149.122676785368,-41.5388486497158
27.2995,-81.2609820250004,-34.1598685305962
27.3,-28.2889279882986,-25.5470144586635
27.3005,-3.80703130516242,-21.985418536589
27.301,5.49976983279414,-24.8196410179344
27.3015,8.99110742497736,-30.0231554866732
27.302,-8.33894294434703,-32.5161257271456
27.3025,-54.1600155260235,-33.3379728276964
27.303,-98.0037157749426,-37.7643951061369
27.3035,-104.186883331047,-43.8354482123315
27.304,-84.9800151460002,-40.2189204565275
27.3045,-86.7865282707205,-21.4276253983495
27.305,-125.09536355849,1.44637788245348
27.3055,-165.794030131723,13.4023413057125
27.306,-174.565984251223,14.1438212771198
27.3065,-152.948468234257,14.6326030220765
27.307,-117.120907389987,18.2849715477642
27.3075,-72.722134753665,16.9095820985503
27.308,-26.243224479424,5.93662880723051
27.3085,5.67717813936043,-7.03201024846118
27.309,17.6211447122249,-12.705282276752
27.3095,24.8051517563843,-10.9065443688052
27.31,33.7302664630962,-6.1908891207792
27.3105,25.8745352287874,0.323848227774693
27.311,-8.05654255171966,8.60007949445053
27.3115,-39.1127454577537,14.3921029940999
27.312,-32.8951120376479,13.7582679718606
27.3125,3.05965119288738,10.4913334092467
27.313,32.1898234024861,12.0306023232288
27.3135,38.4400316723738,18.4049141192537
27.314,35.2603769746558,21.655399344402
27.3145,33.6623852228477,17.3323462208775
27.315,31.3933435958592,10.5610453295884
27.3155,30.9109892626997,7.60023724365604
27.316,38.6982283632678,6.16836720453491
27.3165,45.4733612923951,-0.737281115572871
27.317,34.7657043775801,-13.5603919147786
27.3175,14.5563402856176,-24.2955617650727
27.318,12.6519175732311,-26.4423414360362
27.3185,33.8468074650074,-22.431045141479
27.319,49.3312034013111,-19.120968342153
27.3195,40.0372584986567,-19.1806858737543
27.32,24.2896824931485,-19.9266671235339
27.3205,25.8938316654008,-18.7602239087558
27.321,37.738376275279,-16.2203055387715
27.3215,38.7523695651435,-13.8495036932651
27.322,30.2139108264772,-11.8000798309416
27.3225,30.781407708368,-9.18806751272925
27.323,44.2245807220262,-5.2420968777803
27.3235,54.8387514523984,0.152968936162439
27.324,52.2267286852622,5.88372866126672
27.3245,41.9297689393814,9.85609857117333
27.325,31.2600658997949,11.1097538852512
27.3255,19.9128574511612,11.1299916640585
27.326,6.83228183065761,11.6101581917435
27.3265,-5.23814710498356,11.8496204920985
27.327,-14.8285812176469,10.273381155044
27.3275,-23.4875770333094,7.31869498462494
27.328,-31.2415010771756,4.18883622560943
27.3285,-36.3059692191473,-0.00223746336335664
27.329,-38.8128770871371,-6.25753792294866
27.3295,-39.448345995337,-11.7248382094579
27.33,-36.3460898408012,-12.2405469543205
27.3305,-28.9421933279271,-8.97478247807627
27.331,-21.9553327952069,-7.4881316228788
27.3315,-19.0750159107545,-8.93788723001004
27.332,-15.9051189144177,-7.58688913116574
27.3325,-6.58249291946551,0.273541514015607
27.333,5.54085487164733,10.0204973062369
27.3335,12.2966834189344,15.4111376239015
27.334,14.0191738679534,17.4337712464331
27.3345,19.7034220410314,21.2196687266262
27.335,34.1437040835343,26.7303356541289
27.3355,52.9792335376548,28.2818693420704
27.336,70.8338002052791,22.9217754678262
27.3365,86.409675876,14.7035169527913
27.337,98.0169108530308,10.0172055246247
27.3375,101.369206368868,11.493509508278
27.338,94.8819159355415,16.5423621034233
27.3385,82.3317077004348,19.6813682891337
27.339,67.8920767096382,16.8606167778259
27.3395,51.8909587330368,9.62625807954394
27.34,32.5547884464924,4.1622713897508
27.3405,9.08467875970097,4.33900273653702
27.341,-16.9918254367128,7.33351057739943
27.3415,-41.1550866026078,8.33505262339806
27.342,-58.5962571374401,7.12275782456872
27.3425,-70.9998660001013,6.46121356642523
27.343,-87.0427241873018,6.17836968936934
27.3435,-110.238007573161,3.52732063359037
27.344,-129.621325210369,-1.56126131872086
27.3445,-130.743833028204,-6.30636870337883
27.345,-114.300926063422,-9.89887107707272
27.3455,-94.574290941724,-13.995459278441
27.346,-79.3971534471093,-18.2701335884509
27.3465,-62.0887400013158,-19.9767567089486
27.347,-36.1893072728251,-18.6435080030169
27.3475,-8.2449125115322,-17.0059520953249
27.348,10.148423900852,-16.3450071542436
27.3485,16.1050838058693,-15.0173039499756
27.349,14.9196328241946,-12.8398656638089
27.3495,11.0239458751672,-12.7322515130921
27.35,6.25758524180646,-15.9397075415529
27.3505,4.04796426460681,-19.0365846688902
27.351,8.63080231312667,-17.8861562930145
27.3515,20.2028968240195,-12.0488011843889
27.352,34.5323818391519,-3.82709507656001
27.3525,47.108976207909,4.32236214941167
27.353,55.648371080252,10.2969116471808
27.3535,59.7705936236914,13.5228604158007
27.354,60.4025240908146,16.8927701822706
27.3545,59.0497833878521,23.7763444631782
27.355,56.8622235210231,31.3359734668534
27.3555,54.7410557514936,31.1207077951146
27.356,52.8153986908496,19.4162992013453
27.3565,47.5414934439765,3.29586586523526
27.357,32.1538773836949,-7.45730294166677
27.3575,5.68595328430397,-11.4236834512723
27.358,-19.6477839305732,-14.3048702916289
27.3585,-27.4720137819125,-19.2209266937836
27.359,-15.0088412571821,-23.5921161597957
27.3595,4.73755037534158,-24.855775895985
27.36,19.7468881150296,-24.0295208181964
27.3605,29.8357064858549,-22.6343629491215
27.361,38.0161207542757,-20.0846522408903
27.3615,40.892263509164,-15.8417730039237
27.362,35.1217661167467,-11.3703726200035
27.3625,26.3798438143181,-7.94746405398985
27.363,22.3891604337742,-4.08534307891631
27.3635,20.2035636759979,3.00195332244999
27.364,8.96584158519515,13.7510349954112
27.3645,-15.5414230923075,25.1917397456805
27.365,-45.5588775671891,33.690697297007
27.3655,-69.8725449066595,38.1652549407224
27.366,-82.3589879832992,39.8207627414659
27.3665,-83.1707189396989,38.627369683146
27.367,-77.0785535404054,31.7544597403583
27.3675,-70.8082283317424,17.6538061140698
27.368,-67.8218842870153,0.971913959059905
27.3685,-65.4584265662611,-9.93048425078513
27.369,-59.5639660665207,-11.5324577060611
27.3695,-50.310467453108,-8.75690689984908
27.37,-40.7363504463536,-8.68548540129327
27.3705,-32.0682675393078,-13.0582632059636
27.371,-23.9169172655807,-18.5906594225089
27.3715,-16.58722596266,-22.0971386350442
27.372,-9.83198866487067,-22.7889774389292
27.3725,-2.29654521859092,-21.3440108280186
27.373,4.50216383148705,-19.2161303006229
27.3735,5.6624716636441,-17.5967738661647
27.374,0.215721837300289,-15.2784708632613
27.3745,-6.17252737019642,-9.48713792496598
27.375,-10.9095263315017,-0.823231042750771
27.3755,-20.656036704106,5.19486025547616
27.376,-40.0579097803641,4.44357731756752
27.3765,-59.8504205240666,-0.323113844348109
27.377,-66.3159728852926,-3.78207074136976
27.3775,-59.274477889846,-5.51207705267955
27.378,-50.1032959657207,-8.71915604939517
27.3785,-43.9725860048467,-13.2031043104305
27.379,-35.4149515673869,-15.0445472296035
27.3795,-21.2953191203574,-13.3008806717115
27.38,-6.90555527440225,-12.0166732662497
27.3805,2.28046299599994,-14.5357146501595
27.381,4.97368981867046,-19.7278217810744
27.3815,-0.671442829705951,-24.5821753285425
27.382,-15.2798568232482,-26.5798408384072
27.3825,-29.8875276136068,-22.7701455793266
27.383,-30.7182951852835,-11.1103217101836
27.3835,-15.6471819657309,5.25702442274474
27.384,4.9805609298192,18.899425029771
27.3845,27.4168264011998,25.7630302709644
27.385,61.8217877640388,29.1654521515966
27.3855,113.61139718806,34.2278202716152
27.386,168.242105959334,41.2396248681779
27.3865,203.540045103217,46.6198913612048
27.387,210.550940978843,47.5906119810174
27.3875,196.31198074731,43.4348135480728
27.388,173.443168727585,34.553196846825
27.3885,151.746446011461,22.9604585808254
27.389,130.972539338265,12.18857699146
27.3895,97.4650880442281,4.78364865518547
27.39,39.9132475740268,1.20358127841551
27.3905,-26.0197468188272,1.74236832404716
27.391,-65.0914508336498,6.60353835552148
27.3915,-65.7818472967696,12.9976684474424
27.392,-58.9436416529223,16.1229116206233
27.3925,-74.8619486633809,15.2543558659627
27.393,-96.8534440917396,14.658217433818
27.3935,-84.11105233135,15.2549059343596
27.394,-33.4094278253648,10.0803707502292
27.3945,12.7697708765326,-6.45935615121491
27.395,23.6151057254793,-27.9120709341271
27.3955,17.8804130358175,-40.7168944305472
27.396,32.8344010200185,-38.6837903214317
27.3965,77.1277239755671,-27.0526661629521
27.397,130.345596095376,-13.3413814734
27.3975,173.170009403443,-0.623133138271291
27.398,198.492408251968,9.97367136442548
27.3985,200.488131676879,16.9187160891091
27.399,171.809132520118,20.6084773280661
27.3995,113.828350526867,22.733725125216
27.4,40.8899582759613,21.2628057049772
27.4005,-26.3031341270329,11.5309825233025
27.401,-69.2254258149195,-4.68141787227268
27.4015,-81.0846777006191,-16.5958229985602
27.402,-75.7045081466664,-15.7389446870387
27.4025,-80.4181241042187,-6.16367419116253
27.403,-109.614802431651,1.49184674329905
27.4035,-148.143443451924,3.2901658514669
27.404,-169.503966919307,3.71165595388881
27.4045,-166.862671728435,5.3973563227676
27.405,-156.036569821437,3.37080495933591
27.4055,-150.786430999522,-8.43523324740675
27.406,-148.396909230487,-27.8861364461657
27.4065,-141.7966065732,-43.9217657538861
27.407,-133.341037234644,-45.0194112610145
27.4075,-128.921968785203,-29.4980085361522
27.408,-125.797792372777,-8.80145869387479
27.4085,-115.31009811013,1.19457538122259
27.409,-95.6416059995072,-5.14611026667317
27.4095,-74.9205330870032,-17.9264624193274
27.41,-60.9979565670061,-22.9684112204031
27.4105,-52.6645845816671,-16.5194227586824
27.411,-42.6246166881286,-5.88509131668097
27.4115,-26.3464255928015,2.01215684251384
27.412,-5.90029401547998,7.11459157002934
27.4125,13.2221012117144,11.5349412426825
27.413,26.3213919238892,14.5650146235609
27.4135,31.0361875100946,14.9957529322538
27.414,28.2564056070908,14.2168680758164
27.4145,23.1310277174292,13.8113809145162
27.415,22.1202673532186,12.7705125962433
27.4155,25.9423292903159,9.91992094889095
27.416,27.6078063073002,6.90249597767084
27.4165,21.2902359495485,5.92297672275739
27.417,11.3952701511317,6.1446361958124
27.4175,8.01740865171555,4.9501480110793
27.418,14.6483606165374,1.58372594417231
27.4185,26.3523350742606,-2.7620830640631
27.419,39.396865180182,-7.382166292584
27.4195,54.5071895190046,-12.3585681822628
27.42,68.8379357011023,-17.2821400777276
27.4205,74.3119115973678,-21.5662278985861
27.421,70.0247772092006,-25.1179073638562
27.4215,68.540212478582,-27.1051575741821
27.422,80.7936149543927,-25.5849566323338
27.4225,99.0634444906127,-20.5782122853819
27.423,104.660175120415,-16.1008482200712
27.4235,91.1267709163237,-16.3727358328978
27.424,70.3428918842128,-20.7640047870774
27.4245,54.4370383430361,-24.9569414593463
27.425,40.5803211657896,-26.103477114643
27.4255,18.6426567613151,-23.9105561096268
