time_s,EMG_ch1_uV,EMG_ch2_uV
24.5415,-45.1182150792438,1.27108965247026
24.542,-37.7601100058604,-1.66633050316015
24.5425,-34.5712519153357,-2.50333530911678
24.543,-30.0927078957589,-3.07122060172156
24.5435,-22.2566999736157,-5.53039079134028
24.544,-12.3491206454972,-9.48776838856575
24.5445,-2.15649682244451,-12.1585017599335
24.545,5.89138381302925,-11.2280134472276
24.5455,9.08303209435351,-6.99999220428413
24.546,7.0078008814123,-2.11610605684548
24.5465,1.01555084855698,0.202311537608993
24.547,-9.02368794620616,-1.70870791282872
24.5475,-22.4436473431693,-6.38123196455492
24.548,-31.8630548373758,-9.98784436070659
24.5485,-27.2644357485519,-9.82428490351723
24.549,-9.86493791136842,-7.03549059718242
24.5495,5.15066379482959,-4.98231451718386
24.55,5.79498953479598,-5.17889472920769
24.5505,-2.3418088497608,-6.1872572971021
24.551,-5.45673733914448,-6.51981582571831
24.5515,0.111027882267002,-6.87840198224092
24.552,7.45742329612058,-8.61357986995253
24.5525,13.1085352433807,-11.1610495301274
24.553,20.9005381000993,-12.1878535923259
24.5535,32.3712512524598,-9.727649599744
24.554,43.1971790217327,-3.3563106729911
24.5545,51.3098437937617,6.01388013765912
24.555,60.7011864269871,16.2733663504795
24.5555,74.2548461437244,24.3254054327827
24.556,88.5654021851251,27.5591351240162
24.5565,97.7876309766194,25.797879581515
24.557,97.5465859120291,21.4768275526962
24.5575,84.977626079805,17.6975871071531
24.558,62.2195261306245,16.1509126338712
24.5585,41.1355245293774,16.4403448934098
24.559,36.2559776435388,16.6917384952109
24.5595,49.3404869103519,15.0402156458117
24.56,67.1617286549545,11.4899120515733
24.5605,77.0500608172993,8.40425118868889
24.561,77.656999888375,8.08253411286212
24.5615,72.3974387900526,9.4074533374072
24.562,61.839319898509,8.07812963890961
24.5625,47.3143094482138,1.33115176058972
24.563,32.6731848399324,-8.19693747460229
24.5635,16.3584561944786,-14.6912899610143
24.564,-8.35512416225201,-15.1432958413504
24.5645,-37.0900376924526,-11.7811762526683
24.565,-49.1557721777754,-8.35004990660034
24.5655,-31.6401606852837,-5.67665991145973
24.566,-1.52714866249758,-2.27942296996693
24.5665,11.0199126805483,1.54088620465721
24.567,-2.05520257750033,2.21500066710118
24.5675,-22.3792626144093,-3.81279786528918
24.568,-33.7070818603115,-16.0731810645783
24.5685,-38.5502068918887,-29.8260871017664
24.569,-44.4781063992535,-39.4524534365836
24.5695,-49.6651486837764,-42.0024076464116
24.57,-48.9420590162429,-38.2377042131195
24.5705,-43.5319038954207,-31.1670040788858
24.571,-38.508936250774,-23.8021695697524
24.5715,-38.6884390497178,-17.913649362554
24.572,-50.7968517564827,-14.2075341982086
24.5725,-79.8368760230837,-12.737751906802
24.573,-117.968165050213,-12.4727957983291
24.5735,-146.188658153875,-10.91583212817
24.574,-153.015245097746,-5.51683887192848
24.5745,-143.519106903927,3.72771978589378
24.575,-125.778561657954,13.589064374077
24.5755,-99.9629588179373,20.2765057278771
24.576,-68.5766939993504,22.6202199643843
24.5765,-45.4728301310623,22.098469139446
24.577,-41.6050808821385,20.2572058329813
24.5775,-48.647569230663,17.3979583658796
24.578,-49.1677599613976,14.0104726878925
24.5785,-38.3210945051396,11.9991061543993
24.579,-23.8858925508115,13.0711764841796
24.5795,-9.47905442050559,16.2256116338645
24.58,8.7787015267904,18.0746676500081
24.5805,30.6067777468468,15.997365810878
24.581,49.5180187632664,10.4677153280647
24.5815,62.9398181575954,4.41124891085208
24.582,73.2393946841102,1.12902405396268
24.5825,78.0349413376554,2.7143245095691
24.583,70.8073723090323,8.88642583680693
24.5835,53.3686048004003,16.3152563481335
24.584,37.4283037529199,20.0962659620433
24.5845,30.6186524000934,17.4698857429571
24.585,29.6642762642835,10.1952856576752
24.5855,29.6175840748353,2.5657644999095
24.586,30.3216164199897,-2.59111387695555
24.5865,30.6536635886914,-5.19907611871685
24.587,26.3327508053384,-6.03636279020652
24.5875,18.3023309715963,-5.3045956787457
24.588,14.3816793731479,-3.26943393807865
24.5885,16.9313901946034,-0.867548862373375
24.589,16.7970968357635,0.870186091072145
24.5895,5.59173916943019,1.01136281888262
24.59,-12.9380922017234,-1.80586112262016
24.5905,-29.4531065296275,-8.54062247215131
24.591,-39.5405394105816,-17.582746551423
24.5915,-41.2902381529077,-24.6825714528626
24.592,-30.2409031794209,-26.1777399015518
24.5925,-5.78982988977756,-21.7374529413416
24.593,22.7242313710124,-13.6247240668613
24.5935,45.3991152375294,-4.67766318108548
24.594,63.3626793866602,2.23348350719251
24.5945,82.676929158373,4.7395319061094
24.595,100.879191451628,3.08694053226725
24.5955,109.581032990839,0.864724627248313
24.596,108.247384757838,1.67707813357351
24.5965,105.190439368234,5.507566486768
24.597,105.090196548657,9.8756742993242
24.5975,104.788627330703,13.607698008259
24.598,101.753823257069,17.1213026741441
24.5985,96.9178492794729,19.5414353600967
24.599,86.8909676806628,18.6477787947675
24.5995,62.9444222860231,14.4925836412919
24.6,22.9279545483031,10.4670455568934
24.6005,-22.3223234819893,9.23014072659142
24.601,-59.5975284985906,9.38520447366598
24.6015,-85.4006230031002,7.81322329252697
24.602,-102.629512254031,3.85092771230524
24.6025,-109.886481087733,-0.671961335716067
24.603,-100.960516809657,-4.42504277010305
24.6035,-74.1486498930921,-7.34128040375958
24.604,-37.0883757627854,-8.73906736931732
24.6045,-1.46000201420277,-7.19621486090571
24.605,24.463301459731,-3.35516950924362
24.6055,37.6194791142383,-1.20913723211466
24.606,37.3182772299189,-4.67005690148973
24.6065,23.4358208044387,-12.9320982165258
24.607,-1.35242755102983,-20.7099384394051
24.6075,-28.5496756676971,-23.7666627329605
24.608,-46.3913592874763,-23.3168806139796
24.6085,-48.4235296500634,-24.0398165609503
24.609,-39.0634501850563,-28.4804654490201
24.6095,-28.5671634356304,-34.8308123279372
24.61,-23.1337184768313,-39.7622360579662
24.6105,-22.1921015785242,-41.2979174424227
24.611,-24.2465044554624,-38.5480753965773
24.6115,-31.1344519514338,-31.1865551758128
24.612,-44.7712543608557,-20.8047514276576
24.6125,-62.0152426870343,-10.7482649552287
24.613,-75.1707171365945,-2.45781800997563
24.6135,-77.9957251213945,6.42860587886539
24.614,-71.1045900305979,17.9643070569982
24.6145,-61.065550690191,29.5295882624462
24.615,-53.259232340758,36.7218635659442
24.6155,-46.4350488409906,39.4262745742243
24.616,-37.0060056959331,41.1487784401782
24.6165,-27.884298173369,42.6716419088497
24.617,-27.0149495094771,40.7617747491203
24.6175,-34.5803479010951,34.0865918102656
24.618,-38.399150344601,26.2227709779589
24.6185,-28.4214932403644,20.7923986571775
24.619,-11.0268780557788,16.9693509023665
24.6195,-0.77407075856294,12.0957000811719
24.62,-0.89905074151595,5.92183132312562
24.6205,-1.4529775686723,-0.117817880524303
24.621,4.06683908497145,-5.24022757882358
24.6215,10.7049612225076,-8.36900891924301
24.622,12.774717830564,-7.27207327418801
24.6225,12.8206585102719,-1.58470000522037
24.623,15.1522917725593,5.08272223498628
24.6235,18.131584288935,8.76648537391156
24.624,18.6422232758316,9.2894288796589
24.6245,18.5069420097031,8.43015865778289
24.625,20.7687614308872,6.17015330940027
24.6255,24.1030052541269,1.95502929196546
24.626,26.3498178379994,-2.16444605526743
24.6265,29.7990989580352,-3.42657320838037
24.627,37.6987709738041,-2.43523882735908
24.6275,48.800376543503,-1.99431034295278
24.628,60.5952657131955,-2.85086119952081
24.6285,75.0393018148094,-4.01175788400091
24.629,95.3277188557495,-6.17622079890575
24.6295,118.428536676357,-10.7035177392718
24.63,135.675722191205,-15.5567939858442
24.6305,140.140747062903,-16.6079023890897
24.631,130.368274831389,-13.4295873736239
24.6315,109.021709839477,-9.89584109187817
24.632,81.8107262084093,-8.41157692567543
24.6325,55.8675721133604,-7.46969353894747
24.633,34.7582243918159,-5.94829872323819
24.6335,15.7014939923135,-5.81599475154536
24.634,-5.4906328682561,-8.61251476174437
24.6345,-28.4156879942681,-12.3641436616278
24.635,-49.6597975538732,-14.0206653074383
24.6355,-67.5479148484361,-12.6172343600341
24.636,-81.6699829346926,-8.67993722557582
24.6365,-90.4732774365598,-3.11844394668414
24.637,-93.5308727342371,1.9593143070321
24.6375,-93.4012222899612,4.20065551605185
24.638,-90.6299183102035,4.41788423084019
24.6385,-80.4422603086382,6.22903778221765
24.639,-60.99339735362,10.4736787802648
24.6395,-42.1580260383726,12.910114354053
24.64,-37.4655569356508,9.84975939107705
24.6405,-47.3557509197744,3.50602374071275
24.641,-59.038624959652,-0.985891399014331
24.6415,-64.6043218308857,-1.81719748989709
24.642,-70.1943785387022,-1.02707886414724
24.6425,-82.5881212098478,-0.467091907880029
24.643,-94.8230450051798,-0.0962577059860127
24.6435,-93.2449133365601,0.627267530938092
24.644,-74.4834953124736,1.92329994827779
24.6445,-46.7329039725404,3.64745871384937
24.645,-15.893673563802,4.77643382665343
24.6455,19.824547467606,4.22074417128168
24.646,58.9616491977206,3.202784460826
24.6465,89.2848368744797,4.76257973040849
24.647,98.76635359357,9.4763635990511
24.6475,90.6804520178449,14.1003261332927
24.648,80.3055678134788,16.2621630248702
24.6485,76.7764723179058,17.7317691455739
24.649,74.130480988252,20.6623615189411
24.6495,60.5140045618382,23.4371461020132
24.65,29.9670823297981,23.1944638743258
24.6505,-14.9170453780958,19.7843154151611
24.651,-62.3026614837491,14.0817600378483
24.6515,-89.478962785237,5.46826418043642
24.652,-74.1817402135179,-5.02244365518469
24.6525,-18.9856462618147,-12.2458057834714
24.653,42.8532446874607,-12.8568674960253
24.6535,78.688495934912,-11.1825769927185
24.654,88.4581427846923,-13.3054884938033
24.6545,92.1246016865145,-17.4218060340292
24.655,93.3315487631811,-17.2114105040285
24.6555,79.4637435328876,-13.6405491923834
24.656,58.4572781286326,-14.7499810029484
24.6565,65.9913048823105,-22.4033775928197
24.657,119.317947750069,-28.0964923920004
24.6575,183.466598840297,-26.0130479217237
24.658,203.613753302081,-22.7284146644813
24.6585,159.76146985257,-27.7851707911846
24.659,73.7186821903131,-39.6646841586813
24.6595,-22.3302706531049,-47.6979372404569
24.66,-100.83997959687,-45.0540937796625
24.6605,-135.513805394874,-34.0113884905312
24.661,-116.043433739291,-20.322584027701
24.6615,-69.2738947927345,-8.08378258650914
24.662,-40.8644609393746,0.466362452725252
24.6625,-50.0569487858138,5.13762238757294
24.663,-81.0011179248335,8.47844462661263
24.6635,-118.256059177006,13.1855549517538
24.664,-163.749922549376,18.7731050585789
24.6645,-211.555185662322,23.0302331703661
24.665,-235.054402021562,25.6683056727358
24.6655,-217.41604827869,27.7737060709021
24.666,-174.039621640177,28.9247320754298
24.6665,-125.41550786825,27.9687812713897
24.667,-66.1615777842368,25.4366132230727
24.6675,14.7633367486569,21.9305203180003
24.668,95.7043670537756,15.727876082399
24.6685,132.793002471877,6.26354217702121
24.669,108.917071754592,-1.17359985794307
24.6695,52.163392432523,0.380680010644776
24.67,3.9779356335687,10.1616093576308
24.6705,-15.2160075681528,19.384525648859
24.671,-8.62411828202307,21.6917044761945
24.6715,10.8751336401196,19.3640245343186
24.672,30.8673841471148,17.3678793405044
24.6725,46.1013828899478,16.1255425173152
24.673,60.1259284653584,13.768585309551
24.6735,75.096856809225,11.8469164531693
24.674,81.8485973172313,13.875284361768
24.6745,69.2506662038104,19.3891790651932
24.675,41.7875783719537,23.5624500866755
24.6755,16.9246434402612,22.9677487127856
24.676,5.20847477387131,18.9182128610185
24.6765,3.92245623104669,14.5169061123517
24.677,10.3450483243956,10.3934873536661
24.6775,27.9877253431574,4.39224043167615
24.678,55.4872030670753,-5.23886062122237
24.6785,80.1470618850789,-17.0187267247325
24.679,88.6317452066817,-26.8389054115616
24.6795,77.6804466560275,-31.6540762527007
24.68,51.5516190882035,-32.0452007392123
24.6805,16.9351055555491,-30.1090800892928
24.681,-15.7233198090858,-25.6403857780232
24.6815,-33.5058717189738,-16.8801159607745
24.682,-29.9176007893312,-5.22497956568063
24.6825,-10.3764256880696,3.92426492523284
24.683,12.2871751705867,6.62579834502787
24.6835,25.0597720435583,4.22133361697648
24.684,20.5086149535444,-0.1849222050032
24.6845,2.90026298923472,-6.39185068935593
24.685,-12.687278229954,-15.3066170713052
24.6855,-15.6113136539605,-24.6986942018473
24.686,-12.9917219366415,-30.8134033708158
24.6865,-19.1532622878984,-33.4784133239023
24.687,-34.3864420967937,-35.6137839958987
24.6875,-46.4433512589428,-37.5363573179605
24.688,-51.6110727107268,-35.7132252977295
24.6885,-58.2334998997102,-28.2621227510838
24.689,-66.8894453974557,-18.0646148230698
24.6895,-64.9799933100153,-8.50555243869654
24.69,-49.0121301605362,0.744810205526985
24.6905,-36.1647611289706,11.0339326339258
24.691,-41.6275719145579,20.2760070062123
24.6915,-56.5433304639216,24.7191789310961
24.692,-61.3524860366829,24.2900625489748
24.6925,-51.7116590366354,23.0624104673551
24.693,-38.3731037986538,24.2835150525348
24.6935,-29.0089999437863,27.1005572590101
24.694,-23.3347005249508,28.2273108462756
24.6945,-21.0974300530786,24.9406482352415
24.695,-22.8513956142517,16.707185807098
24.6955,-25.9941035696362,6.21738583887178
24.696,-28.8470971806547,-1.22668338725672
24.6965,-33.7791087726768,-2.33795411289242
24.697,-38.5448545143805,-0.744819951804576
24.6975,-32.1539043770626,-4.13306718369478
24.698,-8.67042146920776,-14.4123349533819
24.6985,23.3218675722395,-23.4131792278195
24.699,54.6303002118701,-21.5727147087517
24.6995,87.1500646985579,-9.27925535519742
24.7,118.703489263742,4.14156316341609
24.7005,130.976526925098,12.0892453544526
24.701,113.951220746213,17.0721356472091
24.7015,91.4102522021583,24.5133912589054
24.702,95.7604244043004,34.2550827391918
24.7025,123.430363217736,41.0552091760474
24.703,144.044911346511,41.2230264695141
24.7035,150.323423028915,35.6529150554082
24.704,162.537969936535,27.2542317674399
24.7045,176.937540927314,18.270038890588
24.705,150.125485556801,10.363588687056
24.7055,58.4088008359999,5.34874346741645
24.706,-57.2936361253617,4.76593188136197
24.7065,-135.875252228474,8.56818675461097
24.707,-165.071846444794,13.4427617525957
24.7075,-175.36560008864,12.5564562674929
24.708,-182.404175578428,-0.289497676333485
24.7085,-175.303694736288,-23.7131285302312
24.709,-158.081891610451,-47.0751197052836
24.7095,-159.811138460036,-58.3780229329347
24.71,-188.19467124986,-53.9372233026091
24.7105,-203.231782544157,-39.2302000611212
24.711,-160.607429442369,-22.1142111538982
24.7115,-66.7030301676206,-8.12607164900131
24.712,29.0915264840705,-0.884792893460088
24.7125,88.2204165346454,-2.11396360684126
24.713,111.582487014388,-9.60205284373781
24.7135,119.182491296034,-17.9832205863145
24.714,120.397717413293,-22.9930242881208
24.7145,110.819681698639,-23.2272397336611
24.715,88.5074278354912,-18.0074118449426
24.7155,63.3812311234449,-7.30910944160506
24.716,48.8473600205383,5.10095501150021
24.7165,46.6441968182691,12.6403481535475
24.717,43.4748299637474,12.8158322051127
24.7175,25.8562870359674,10.2172142163193
24.718,-2.31359771678885,9.83747281689323
24.7185,-21.3894047660653,10.3099669470483
24.719,-16.9716287557071,7.36065367060548
24.7195,4.07297790871291,1.54350465070247
24.72,21.0893317248209,-2.13708271544919
24.7205,20.7845372487737,-1.57552647055239
24.721,8.35770816466244,-0.257365890920506
24.7215,-0.747477495037545,-2.37334787609247
24.722,2.98465766048717,-8.8458478071494
24.7225,15.7813422753785,-18.7276884113446
24.723,27.9929294117942,-30.8497465177121
24.7235,36.9433746654107,-42.2590358596169
24.724,49.5126477280585,-47.5723961645101
24.7245,70.1404568941797,-42.5421256903503
24.725,89.6760397851623,-28.2654316925054
24.7255,92.8501958535615,-11.2527726531925
24.726,78.5406702027803,0.759000329778013
24.7265,66.1508904616447,4.21068097644133
24.727,74.7146118980733,2.69257727260962
24.7275,96.3683339910728,4.23342461717418
24.728,97.9584233988468,13.9000258677059
24.7285,54.5142978945168,28.9399152141099
24.729,-20.9107012729417,42.0016209403694
24.7295,-87.438928095214,47.7484451346264
24.73,-119.761282659035,44.4503343610957
24.7305,-137.140799528386,31.4669287647218
24.731,-181.873059604204,10.2143899941577
24.7315,-267.154719580277,-11.8785902500815
24.732,-351.856920393667,-23.6715832528673
24.7325,-372.403307658689,-20.4132476900631
24.733,-299.893780766918,-9.67062114916972
24.7335,-165.494110681591,-4.03787874555612
24.734,-34.0473984263358,-8.21436176325656
24.7345,42.906860523082,-14.9884749204387
24.735,53.5348370621294,-13.580616472272
24.7355,20.635396972909,-0.398565143041073
24.736,-18.3113020675048,18.7555607739657
24.7365,-30.1898451202339,36.4129041377228
24.737,-1.59592953304619,52.2358538397104
24.7375,52.341142816921,72.0962204751179
24.738,96.8378861648128,97.0961422521276
24.7385,106.17143661864,116.106743912754
24.739,87.908667785202,114.041102295032
24.7395,73.160219380452,88.4764906043649
24.74,80.5527083650406,54.2034099417673
24.7405,97.329064578111,29.1581565282931
24.741,100.157942661257,18.5555891252559
24.7415,84.7064283633258,14.6024991366894
24.742,64.6050786511651,7.9646849649741
24.7425,48.4853691636893,-4.64645604041536
24.743,32.1425130739506,-21.9389093286136
24.7435,11.7069840273856,-41.4228777831864
24.744,-8.0551350105617,-60.0553607085767
24.7445,-18.4267527429506,-74.6399063810695
24.745,-8.98434609726347,-83.3039728919025
24.7455,30.85251918551,-85.5963396393502
24.746,94.9166913079554,-81.1214251778703
24.7465,145.008198117635,-69.757729975039
24.747,135.985041494573,-53.4947711875342
24.7475,68.0862034181194,-36.5338151739164
24.748,-2.32189054312436,-23.1193690731251
24.7485,-18.82639658559,-16.0580976798695
24.749,18.5332147703185,-16.5800950360841
24.7495,63.1306330739583,-23.3054974670623
24.75,74.2066831556135,-30.9114222654005
24.7505,45.1584851664615,-32.2676964564588
24.751,-6.56987969013486,-24.0522622618711
24.7515,-56.1314390065337,-10.1045698278183
24.752,-82.732289024234,1.59904616186919
24.7525,-84.0455578459468,5.31828009189398
24.753,-80.3437861345289,1.29668619746445
24.7535,-92.5286462363055,-5.24501513793578
24.754,-118.276419863782,-7.70015690004887
24.7545,-139.253788805336,-1.66413897524156
24.755,-144.181912476863,12.7242171408304
24.7555,-132.172340784781,30.5952021919431
24.756,-103.973782836249,45.0988516273292
24.7565,-68.5642356822523,52.0503719688217
24.757,-48.4730376201547,52.7362746863422
24.7575,-53.3190597032867,51.4345080864524
24.758,-52.8704543899847,49.5086728043194
24.7585,-5.81576318562939,43.1349449845958
24.759,81.2036120037459,28.5606062048364
24.7595,151.152532614929,8.81757041324898
24.76,162.368508117728,-7.53986166204348
24.7605,133.036264296948,-15.0131711722357
24.761,109.669681134201,-16.0231951726028
24.7615,114.830967425246,-16.0744815189198
24.762,140.322439616267,-16.8469801438065
24.7625,169.543688005289,-16.6408319249661
24.763,185.566741313407,-15.552540097656
24.7635,172.189780987119,-16.307513978091
24.764,128.914435435464,-20.0782258103931
24.7645,77.6864757594463,-24.8205736983035
24.765,39.2008934912015,-28.5198488153649
24.7655,10.4110297576544,-31.3428181744981
24.766,-21.3613332709725,-33.4914746778606
24.7665,-53.3232343550619,-33.5446948171012
24.767,-73.03522796641,-30.6509326381156
24.7675,-79.790599254462,-26.0786660949022
24.768,-81.4342536126877,-20.2248223513201
24.7685,-76.7251377083954,-9.97997830648509
24.769,-60.7567408637778,7.5548556809596
24.7695,-43.9092405463493,29.3543581766915
24.77,-43.8562766057594,48.0972671180812
24.7705,-57.0198217550737,60.0689954554625
24.771,-57.4962989470877,67.8457886636754
24.7715,-30.9028962446844,73.5230467867633
24.772,5.49920759364336,73.3277845440573
24.7725,24.8906798385437,63.0842428848977
24.773,23.1510761745573,46.5390863313359
24.7735,20.3402963221728,32.3964264814138
24.774,34.4247148567255,22.7834965281636
24.7745,59.1679518335126,10.3356722401455
24.775,66.7870747720155,-10.9683076335941
24.7755,31.6706863529764,-37.1611614143967
24.776,-45.4445430901145,-60.3168451691048
24.7765,-135.883769871417,-78.6626052132676
24.777,-206.901080196384,-94.5907846491502
24.7775,-245.944464665788,-105.207177194514
24.778,-261.079990481048,-102.653559375629
24.7785,-264.171496121091,-84.9826287031926
24.779,-260.372940655962,-60.5899533567832
24.7795,-251.079603493185,-39.5067878358634
24.78,-239.612294026641,-25.1669315038943
24.7805,-232.159490697572,-17.0678826686133
24.781,-233.799460044251,-15.7839645171862
24.7815,-240.136136948657,-20.2142660890232
24.782,-231.601261122432,-23.4521750123029
24.7825,-183.60537425707,-17.7196111514918
24.783,-90.1333487697812,-3.28437760077422
24.7835,23.5176503829272,11.6591135779292
24.784,114.87227959496,20.2307586395339
24.7845,152.671298171141,22.9357921224659
24.785,138.531439935201,24.4576984155068
24.7855,111.122994754396,27.5219265825449
24.786,124.463790735633,31.2651424200504
24.7865,202.261130665917,34.1943922192784
24.787,306.722127796496,37.3245333730599
24.7875,368.686695782863,43.6791175381575
24.788,358.930417630032,54.1695683976489
24.7885,317.262291212747,65.2764580159722
24.789,303.552390468968,73.6239146360725
24.7895,336.073151510832,82.2830159756271
24.79,387.192424440057,97.5033946038736
24.7905,418.078978649205,117.18160927641
24.791,400.180380242052,128.038375877418
24.7915,324.109051944782,119.310689969507
24.792,214.204720565324,96.018728630835
24.7925,120.422978444874,73.3288254296997
24.793,68.2999931076854,60.1149031966077
24.7935,28.4011964192762,53.5804491273953
24.794,-35.5525601630452,47.5697338874544
24.7945,-101.056211645306,38.47123487802
24.795,-109.23157750934,23.0289104333648
24.7955,-51.3568418882041,-1.42659894154657
24.796,9.37410212728975,-31.4380170664969
24.7965,13.9499271090598,-57.8649292055595
24.797,-31.1106885901058,-75.1780644432642
24.7975,-85.2705877799924,-85.9820404446032
24.798,-131.778251370495,-93.8552636883709
24.7985,-175.575651483236,-96.9602270811761
24.799,-207.745166747576,-92.9468951639189
24.7995,-207.755654896832,-86.1287087005814
24.8,-176.058928653925,-84.5653096471146
24.8005,-138.048071830016,-91.5214507405444
24.801,-112.977728039281,-103.142250875284
24.8015,-95.3797058643477,-112.693675525158
24.802,-70.6942927225436,-114.046464831026
24.8025,-38.4794306808437,-103.374055040782
24.803,-15.2291483730979,-81.7696041826858
24.8035,-18.0599880345545,-55.8377527737785
24.804,-49.1847866037563,-32.8812904906042
24.8045,-98.3152132713308,-15.693957445449
24.805,-157.991340706112,-3.18556251207547
24.8055,-225.916259887254,6.24661297271375
24.806,-287.224170152172,14.4949585370315
24.8065,-312.220506547178,24.4554427981053
24.807,-292.737975650839,37.2107368295506
24.8075,-269.931199869133,49.529353625872
24.808,-296.0121929564,57.3236162755098
24.8085,-366.249282609998,60.6597561819128
24.809,-414.103414389132,62.18375716727
24.8095,-377.284873143644,61.2822316340647
24.81,-245.112247751939,53.2799020276556
24.8105,-43.4065438201594,35.2052273840712
24.811,186.89764182491,10.900731357628
24.8115,381.844237117144,-9.42353674995321
24.812,468.364139378807,-14.6463143567949
24.8125,425.707202441006,-1.07450459362491
24.813,317.948092131393,21.9006159861337
24.8135,235.388235194407,37.4200393431359
24.814,209.903871831553,36.5476229050343
24.8145,205.032105444013,26.260344913573
24.815,174.374290738044,18.5222849843467
24.8155,107.356911151986,14.8147675568966
24.816,29.4262348271996,8.11590786121826
24.8165,-19.8633281418265,-1.73041601722003
24.817,-16.8175602851007,-4.01766252369971
24.8175,19.7319442816149,8.53441045598526
24.818,41.7875632779164,28.610505998202
24.8185,29.5151412802881,42.1836297895712
24.819,21.1290119717793,42.9483325998382
24.8195,64.2848493833334,34.3307054047066
24.82,151.728253746696,21.2392484852798
24.8205,230.08204761872,6.03313951120303
24.821,259.995097666324,-8.63588448014878
24.8215,239.777826545225,-18.9016148278269
24.822,180.532728606922,-23.2809985993414
24.8225,91.9260050492423,-24.337659635754
24.823,-8.38851502434211,-25.423782063603
24.8235,-100.726132399938,-27.3376136632615
24.824,-181.808245233636,-29.1952332546804
24.8245,-255.546544192059,-31.5735520440949
24.825,-308.071490251083,-37.1718794977143
24.8255,-315.503627039765,-47.3694554289994
24.826,-273.095511238969,-58.7295936568883
24.8265,-193.036702334675,-65.3215947408536
24.827,-81.7885553194613,-65.7044253583764
24.8275,48.9667254802274,-64.792167323691
24.828,157.039849706946,-65.9670127281812
24.8285,198.916582374277,-64.5129073384821
24.829,189.383408107056,-54.1725809727187
24.8295,189.236839034285,-37.8690660966958
24.83,219.856014727603,-23.9141905688334
24.8305,231.258746932205,-11.4082265424391
24.831,177.189712820656,10.6230532552316
24.8315,83.6223047941269,44.8955186147108
24.832,10.0423468192345,75.522303592048
24.8325,-29.0196474680069,84.3420523943846
24.833,-65.8820953488979,72.3146383229854
24.8335,-118.155428653547,55.7954272993608
24.834,-160.14441197744,44.8223558056222
24.8345,-151.933931944428,34.8336521752953
24.835,-74.060915388624,19.2853245098725
24.8355,59.6272168892715,0.688730955852039
24.836,201.630741224885,-13.6969532318717
24.8365,290.297731878961,-20.1255475862351
24.837,292.935684291491,-18.8148346183623
24.8375,229.452652743677,-10.9598658848249
24.838,141.719669946648,1.62244402568252
24.8385,51.4545773726138,17.036396336183
24.839,-34.2874421142725,35.0584879259527
24.8395,-94.4393689103981,55.2068129490676
24.84,-106.544740129476,72.7110412476465
24.8405,-87.7819983025391,80.9092921276957
24.841,-91.465868465643,78.8151085252251
24.8415,-151.501292947731,71.9745042265306
24.842,-249.273110324035,64.7580942040523
24.8425,-341.729831531631,56.5743303510035
24.843,-401.416166895836,46.9353888410893
24.8435,-418.195595219138,38.5066303883349
24.844,-381.238501960697,32.2473905447746
24.8445,-281.416170198094,24.5001242971775
24.845,-131.709532622756,12.5090124431277
24.8455,24.5091996609366,-0.860627354312665
24.846,131.429578043829,-10.820217404886
24.8465,155.16991765038,-15.6347017126197
24.847,109.964448492239,-16.0261648652525
24.8475,47.4806007738109,-14.2747071388012
24.848,9.34898759130375,-16.1279535637671
24.8485,-7.79431055834668,-27.7277851566642
24.849,-30.0096831917241,-46.779507436562
24.8495,-57.9567803512554,-62.3059993355875
24.85,-65.3346201773691,-67.7607780601308
24.8505,-46.186089242669,-68.9804166839433
24.851,-33.1017016700869,-73.9859656228728
24.8515,-50.0413376665809,-80.7994536193776
24.852,-68.5645886348619,-82.2326212723716
24.8525,-37.6624021121487,-77.5945098780012
24.853,50.7275581858756,-71.6695384583219
24.8535,149.50295388099,-66.3450668906767
24.854,207.956599209758,-61.8446737053054
24.8545,215.669538249606,-62.0895499191858
24.855,194.684214446352,-68.1677384732176
24.8555,168.724828518559,-68.8646734158233
24.856,147.642522363423,-49.8275785322664
24.8565,127.294585304655,-12.8795511279022
24.857,95.1657833187489,25.0321127142978
24.8575,44.6336415836747,53.9912440667512
24.858,-11.5576448713793,80.5309822020001
24.8585,-52.5238395262693,110.74176782853
24.859,-78.1489481992121,135.635881365408
24.8595,-112.219119052102,141.840305011942
24.86,-166.832063519064,129.746083521228
24.8605,-216.96956839582,112.661495319773
24.861,-224.897653602821,101.712607228627
24.8615,-180.528825664831,97.4283298536562
24.862,-102.89621050723,92.5034948806931
24.8625,-12.0672706465674,77.8443016588965
24.863,78.8911212249794,49.7922863397554
24.8635,149.617140016567,16.1533309608991
24.864,178.02526008276,-8.86636088771738
24.8645,167.594451187755,-20.1304367981224
24.865,147.742778352598,-27.5256412208122
24.8655,136.352206419725,-42.1988530022157
24.866,120.1192040789,-63.0283454857638
24.8665,85.0606895980637,-83.3385892730399
24.867,48.8221562698796,-104.52157920024
24.8675,42.4008954629439,-132.260487812716
24.868,68.2513778966474,-161.627399682547
24.8685,94.9635341160056,-177.23135965172
24.869,90.7063895911002,-170.203576115544
24.8695,50.5890601513887,-146.73453284236
24.87,-0.997494761391392,-117.004773627781
24.8705,-21.4745694915061,-83.150906443938
24.871,23.9334041976965,-43.3696868688434
24.8715,122.087053388517,-3.35877114688671
24.872,201.464074272229,23.0814046707672
24.8725,190.601849830613,26.1070877704261
24.873,95.3611164450028,10.3327167335931
24.8735,-4.00812108251261,-8.24767453375157
24.874,-42.7944996053704,-16.271551645219
24.8745,-37.4557936250437,-13.2526509413154
24.875,-47.3886498215865,-6.9167218791699
24.8755,-94.2048321961446,-0.709831471520528
24.876,-147.031169263715,8.92068013103972
24.8765,-177.014369983273,22.7296317596178
24.877,-190.298183372627,33.6203189682772
24.8775,-196.735184296939,36.0618537260385
24.878,-175.277481434529,35.4763462743732
24.8785,-100.148934186111,42.8085628161838
24.879,4.07001478929694,63.5146904156659
24.8795,63.1662013230391,96.5114835722795
24.88,26.529460971715,138.191844004338
24.8805,-70.4762650849552,179.498137564896
24.881,-135.647227243091,203.455611906865
24.8815,-112.207706982716,196.550278469532
24.882,-28.0565456376706,163.324281804053
24.8825,49.0085884496155,122.392560771398
24.883,85.7801134684928,88.174390314135
24.8835,99.5749196373924,63.1863259262827
24.884,115.423021840346,46.0733545614894
24.8845,132.702476304654,36.6684882127375
24.885,133.82369701131,31.4232410228094
24.8855,104.376133577312,23.191622133132
24.886,39.336921775598,9.15453758059859
24.8865,-51.0961265356708,-7.478514986276
24.887,-131.100862376993,-24.9171085108153
24.8875,-151.902307102837,-43.8901306597773
24.888,-94.383222161132,-59.7676249313292
24.8885,4.43588079342238,-63.5830681068052
24.889,80.1670176059597,-55.5041149859956
24.8895,96.0653227733573,-48.5300434847225
24.89,64.6703841626501,-52.8896520413613
24.8905,23.2329915586689,-64.1219738906909
24.891,-0.0180912045134398,-72.6595025396738
24.8915,0.346225554533423,-77.8792503723118
24.892,10.89973461865,-84.9641595500831
24.8925,12.3139089107558,-93.4981880153524
24.893,-3.23294990841265,-97.5623882443129
24.8935,-24.0879718177406,-93.8891660332551
24.894,-34.3936936517936,-82.9253019007546
24.8945,-37.7688562407884,-64.630843006619
24.895,-55.8333370456036,-39.7540748714972
24.8955,-98.0694673534148,-13.2610273186752
24.896,-143.111353856485,8.84564451229614
24.8965,-162.334944068567,24.1431981409109
24.897,-159.479969961848,31.5088208917398
24.8975,-172.706125951024,28.2728264433473
24.898,-230.169477343243,14.5232541944415
24.8985,-310.396731755475,-3.72104906439176
24.899,-354.163269464358,-20.4718538147534
24.8995,-312.305293944004,-34.4515063913148
24.9,-178.126420284883,-43.6317502491301
24.9005,15.3168673004559,-42.7880007892288
24.901,211.018783968868,-34.4482223044536
24.9015,343.070772881836,-34.6445105211456
24.902,363.239065817688,-55.6037332952493
24.9025,274.713108324402,-86.5503920750312
24.903,135.094588499102,-104.13605894029
24.9035,12.7271042487427,-100.248917308826
24.904,-59.4878639603559,-87.4064175364814
24.9045,-85.0002923059652,-77.7686289033322
24.905,-75.6924071887007,-70.6240033840704
24.9055,-43.1664146446138,-62.1211011791389
24.906,-10.4333573274972,-52.8381183404088
24.9065,-5.82611178477999,-40.3683003368732
24.907,-35.6655316771487,-17.1345423353177
24.9075,-74.9623819671808,16.6844501772014
24.908,-90.3206531943293,48.1095242165374
24.9085,-63.4196484470808,67.3416701517644
24.909,5.7889149475413,80.0721985544113
24.9095,100.795917217853,95.1861314521767
24.91,187.901769891033,108.433031267141
24.9105,232.289600731653,109.517433906795
24.911,229.46000143368,100.334384384539
24.9115,213.414843364223,94.2543026515627
24.912,223.115380885714,98.6725961223174
24.9125,264.044437794294,108.668436901126
24.913,307.285143755078,118.737777881318
24.9135,320.873450155524,131.81826222919
24.914,298.786690623542,153.432672732788
24.9145,264.961363227048,182.195472735689
24.915,249.455056261362,208.719520397051
24.9155,253.252696605729,221.245133302415
24.916,240.153867812591,212.911651893203
24.9165,178.018706566509,188.075100996977
24.917,86.1074703410914,161.405203876657
24.9175,20.8064514197566,145.149830039209
24.918,10.7900626409152,135.298714407742
24.9185,28.6917536234345,114.596134159549
24.919,32.9722988860283,71.7468324670961
24.9195,9.12008977615691,14.5302583226745
24.92,-45.6727437261138,-38.4457522021092
24.9205,-145.478732527209,-76.0246703378319
24.921,-288.655780356056,-101.296801647943
24.9215,-425.677151498063,-122.287460707271
24.922,-492.933184568399,-140.934276135284
24.9225,-477.704923368304,-153.231301431717
24.923,-421.869633020987,-157.43440244085
24.9235,-364.497653135593,-158.104681446898
24.924,-311.082523711022,-161.040343257708
24.9245,-259.903778136258,-166.640965138305
24.925,-223.832487124291,-170.496128721799
24.9255,-211.089956590171,-169.46542893584
24.926,-207.001482573845,-164.713993371317
24.9265,-189.500130119989,-158.804824128644
24.927,-148.239100266809,-151.987198777169
24.9275,-81.688208679301,-142.121615497939
24.928,4.1827202297343,-127.476688812196
24.9285,83.0583897325135,-109.854692158117
24.929,115.322837718461,-95.2206560524326
24.9295,87.5930914482159,-88.820713079721
24.93,34.1333906633972,-87.5972680110667
24.9305,2.76825429395855,-80.4747896158485
24.931,8.10881072480582,-60.3992441075162
24.9315,32.2075385210572,-33.9196298195486
24.932,60.5827848615409,-13.7153592200869
24.9325,97.2389775500442,-3.82030270369348
24.933,145.557670017129,0.691769165310195
24.9335,191.292652827808,0.810832003464252
24.934,210.074930051784,-9.58353067596789
24.9345,186.508268858724,-31.3950651192565
24.935,127.924770104671,-53.8951587947707
24.9355,65.4603272922778,-65.3581253054989
24.936,36.1393808026211,-62.7335499741105
24.9365,52.8338816698845,-46.6944704240322
24.937,92.7098520959335,-16.8217625065404
24.9375,123.05704013308,20.4660637085447
24.938,135.07696874588,48.359279471952
24.9385,142.226690859409,56.108826732788
24.939,149.783402793772,54.1715341442812
24.9395,143.03971719219,60.653782459021
24.94,109.329884813791,75.3234497521736
24.9405,55.9032506595153,80.3519095968196
24.941,-3.48654225742666,67.3002023848613
24.9415,-65.8236531768583,49.8040257753645
24.942,-126.198750579306,44.7878260444802
24.9425,-156.066049496204,52.3383081528877
24.943,-118.077315089354,61.7324231805054
24.9435,-11.1290529052058,69.4449746798379
24.944,112.685328967285,81.7387644630179
24.9445,185.87156200727,102.185987755168
24.945,174.188265498996,124.241476803791
24.9455,87.345018791619,137.069479923112
24.946,-38.7182079671778,135.579870984381
24.9465,-155.993143562084,124.422127180099
24.947,-219.837320894767,112.940641887358
24.9475,-219.216822827517,105.521487679677
24.948,-189.460280985853,97.965622114332
24.9485,-172.911615338263,86.1430064056643
24.949,-169.976777713941,76.2157214552044
24.9495,-152.68566197448,79.9003889625261
24.95,-119.699046694819,98.8246860469072
24.9505,-99.8497942389874,120.401889214339
24.951,-96.419312906221,132.002776688606
24.9515,-72.6012898774511,132.861106925816
24.952,-13.5937611454433,128.11984584351
24.9525,37.9252151974098,118.060647235168
24.953,40.8854497128632,100.340722245888
24.9535,15.2839084187041,78.4531980253975
24.954,2.54763214378772,59.5312945419519
24.9545,-2.39060432402842,45.040351934997
24.955,-28.638419324051,31.15460725989
24.9555,-60.2854845828795,18.1738349257007
24.956,-47.9021175647342,11.3154762057266
24.9565,17.0251797217917,9.33394776180275
24.957,91.8256603451951,-0.0983285472993303
24.9575,143.541873744012,-26.8861102041014
24.958,168.544032583713,-63.8405326305744
24.9585,158.117134361869,-93.2663008546441
24.959,108.647487597886,-108.771124839288
24.9595,67.6080931662012,-123.436976838997
24.96,93.1493218730103,-152.368953749636
24.9605,148.332068295392,-192.687288011731
24.961,116.096743993576,-227.610925477651
24.9615,-38.6423039916435,-246.678921237011
24.962,-195.289981829362,-251.733798766315
24.9625,-224.144464790574,-243.009321982321
24.963,-144.723938280893,-213.422392170299
24.9635,-69.3014446470903,-165.32418011721
24.964,-43.0566570172213,-121.351223844899
24.9645,-25.5690146379943,-102.227929775536
24.965,5.34987826961649,-96.6341889995778
24.9655,28.5478141479366,-70.0196980178981
24.966,49.362640126634,-7.79601664606321
24.9665,104.557534207271,63.0188579764061
24.967,187.83620615107,101.713347557309
24.9675,246.095904035314,93.1645046481128
24.968,263.844393895012,52.1490803114575
24.9685,282.51072049363,-1.13379128609208
24.969,320.786762889226,-57.976014158092
24.9695,345.38358442304,-118.392073286035
24.97,341.23018214429,-182.923291436445
24.9705,337.572204461084,-247.59998944848
24.971,331.221225082491,-301.090221378787
24.9715,255.98207585771,-328.195451200044
24.972,80.1992589470727,-320.622615563374
24.9725,-121.28052868166,-281.338218903585
24.973,-249.03907075351,-215.303014952618
24.9735,-289.749203716557,-124.006891464914
24.974,-291.180519815521,-16.7957626727709
24.9745,-270.652393698927,81.9498082518983
24.975,-216.383080349672,151.538319577053
24.9755,-150.849787782603,196.358955434478
24.976,-116.073928505002,232.762867479042
24.9765,-100.329491727877,257.337109415435
24.977,-47.5178339513728,248.900854168482
24.9775,49.2252149851274,206.670730105996
24.978,117.250071134819,165.055276768039
24.9785,86.1939587567926,156.767252237864
24.979,-37.2153155898052,176.387889807789
24.9795,-188.475361217543,196.706213158845
24.98,-305.963495217291,208.60083911263
24.9805,-363.80930569081,223.320040399574
24.981,-381.681638125614,241.726426544976
24.9815,-417.247847156072,246.80239169741
24.982,-513.694108546359,230.918552859601
24.9825,-631.323023917415,208.521477484295
24.983,-660.111194891656,190.882445979862
24.9835,-532.415911785195,165.891797455789
24.984,-309.751149190012,119.37730376684
24.9845,-127.141091087868,65.279988129502
24.985,-52.5378649383402,34.2546424270531
24.9855,-26.1536388373062,33.4894814395175
24.986,54.0180555004064,35.2900882784162
24.9865,208.433026337996,10.9308966995664
24.987,359.680092910202,-35.8757040739312
24.9875,433.122746809673,-76.3586966520975
24.988,441.487740945192,-89.6467834219169
24.9885,448.351132632515,-80.2269399047751
24.989,471.174838865219,-66.5143476528592
24.9895,464.376538775079,-60.5158968424528
24.99,398.780273580279,-59.8893881265153
24.9905,307.185710630258,-54.6958856689547
24.991,224.791105278925,-37.9347658797548
24.9915,126.344497941946,-9.99814065346751
24.992,-32.4594088735637,23.2741210280715
24.9925,-233.221975293792,52.5163781233382
24.993,-399.650535007951,65.2867234462178
24.9935,-472.277551984687,51.9311789493114
24.994,-437.879957253193,16.8739076321215
24.9945,-301.182433180952,-20.3994853601581
24.995,-86.1060479936181,-43.6560929769153
24.9955,130.934278051347,-56.8495391463205
24.996,250.154133300887,-73.6811786526147
24.9965,242.853721824534,-92.4314952544813
24.997,185.082819991482,-95.0519436549397
24.9975,174.725137098254,-74.8438709689652
24.998,240.142746281479,-50.578150490792
24.9985,343.134398129779,-43.6067265376346
24.999,435.976164313985,-52.286007234478
24.9995,490.488809244149,-61.2651515921612
25,499.234843629777,-66.8024209766916
25.0005,477.864223480435,-77.3182933060297
25.001,452.788631540383,-94.2221147251174
25.0015,431.182377378003,-109.376053524883
25.002,400.328647109195,-120.822738894499
25.0025,360.44625328933,-134.866383820901
25.003,321.107366063454,-150.888873123935
25.0035,251.685577355385,-159.725793814096
25.004,86.4826028334537,-160.604673855135
25.0045,-181.808005143653,-163.757521337115
25.005,-454.649732156194,-170.010135135681
25.0055,-624.00403859165,-163.699019843759
25.006,-686.237812468299,-135.716779640085
25.0065,-706.094991590558,-99.2687646166197
25.007,-697.914406165465,-69.9236808251548
25.0075,-620.652741466249,-42.4739091694586
25.008,-486.623496889757,-3.80313639261751
25.0085,-388.908878629972,40.2781541660823
25.009,-385.643233449612,69.8024616868797
25.0095,-416.193482659433,78.1273420592107
25.01,-376.666937783226,75.6617253123836
25.0105,-241.314495181627,66.1449928917428
25.011,-68.7544096853067,38.928505703059
25.0115,81.7613553468101,-7.96030374395045
25.012,194.472066177068,-52.20377387121
25.0125,273.280006462204,-65.7670341984306
25.013,318.438227200757,-41.4830686838953
25.0135,330.380337882041,6.42545309830115
25.014,310.972554538955,60.4026967928643
25.0145,259.702273395203,108.905029172156
25.015,186.224375641847,143.907450141646
25.0155,121.540274905465,161.576561830256
25.016,94.7013741801242,166.794658969033
25.0165,96.794859519904,169.354653467247
25.017,84.9589787577215,172.900630019592
25.0175,27.3248522389645,171.763646155491
25.018,-63.6670401676071,160.243464123582
25.0185,-143.439937307717,140.900440717371
25.019,-177.196591981958,121.136325408507
25.0195,-173.391371382851,105.003670402953
25.02,-175.673981970821,92.5226613124496
25.0205,-212.105522012997,85.2207361497319
25.021,-256.00099179586,86.2439911289729
25.0215,-259.938322221981,93.0351951411061
25.022,-230.241789025164,95.4137714678628
25.0225,-228.763367528234,86.2677109305966
25.023,-275.112444076217,71.2578240360717
25.0235,-283.005961961641,61.4012130055563
25.024,-144.099312942656,56.8689409349682
25.0245,134.379855460453,45.3102411243856
25.025,422.338911531511,17.6083125999425
25.0255,598.34258991334,-21.322203869443
25.026,644.209123457551,-59.7366629421652
25.0265,602.511721679869,-90.4355421127765
25.027,496.758219499172,-111.448524693965
25.0275,333.553400170942,-121.633730290988
25.028,149.929376779585,-120.751601425062
25.0285,3.45303064289674,-110.383288628807
25.029,-87.5267152165279,-92.1258489619345
25.0295,-158.166485133192,-69.2485087031211
25.03,-238.973584942716,-50.2878759795052
25.0305,-304.332992569898,-41.813248529707
25.031,-296.698324233006,-35.4074650546325
25.0315,-198.532960570907,-14.8585362219296
25.032,-69.4748727453782,16.4455240599303
25.0325,-4.26907014966885,29.3243709356775
25.033,-47.5385750794421,3.3363386741833
25.0335,-148.556277514865,-43.4247116123989
25.034,-205.345201059161,-75.2415013369086
25.0345,-156.137446755186,-80.7288677743985
25.035,-24.7175982963323,-74.8511387827052
25.0355,118.727002099536,-66.0673626954878
25.036,223.886919069815,-46.6398957739272
25.0365,280.932988285088,-17.2909918566167
25.037,294.798181471536,3.50045085016681
25.0375,265.046525519871,4.77622097771671
25.038,196.865433423103,-1.14726582326777
25.0385,118.678071873604,0.234755592582172
25.039,74.0877727880592,4.0664210348781
25.0395,86.4598283171033,-1.94221199571323
25.04,127.293193916809,-16.9032796008399
25.0405,127.886546154858,-31.3965869226838
25.041,39.3123372057662,-42.4496497784143
25.0415,-112.982155964743,-50.4211805070646
25.042,-243.355914342076,-49.4792993813625
25.0425,-278.050363704735,-35.3538651984407
25.043,-204.72042680027,-16.3774847661966
25.0435,-56.3217272717845,-2.66459209366194
25.044,123.842094332676,11.2943100520156
25.0445,285.362677869688,38.5163259682038
25.045,369.469480375819,75.5189253345997
25.0455,346.461017025584,100.907274957288
25.046,255.58684857173,100.703489971924
25.0465,177.453928252403,84.2905618565309
25.047,154.671866651472,71.0688680044269
25.0475,153.919192049332,68.6375825108565
25.048,111.377439907358,68.1330187119584
25.0485,1.57642361268955,56.8153088152877
25.049,-144.059639082694,32.6625241552288
25.0495,-275.398839154031,8.19387192075589
25.05,-373.642854917972,-1.23629960050091
25.0505,-463.646410800362,4.51539838559223
25.051,-565.691041056107,7.14243625290252
25.0515,-629.127939319542,-10.5207948432521
25.052,-547.419542127255,-44.3185322109993
25.0525,-286.372012935631,-73.7989310883591
25.053,12.7287642614739,-85.1840717685096
25.0535,124.72309000679,-83.0744996374715
25.054,-31.6897317264147,-81.0984063816226
25.0545,-298.987756870411,-88.614553438356
25.055,-449.624851854953,-107.210814599093
25.0555,-414.601690782755,-132.767082091368
25.056,-302.909148334067,-157.06798390492
25.0565,-235.089863530401,-171.312549191239
25.057,-231.575496040852,-171.984586521471
25.0575,-254.412247502384,-162.581753147582
25.058,-273.114333690155,-148.102805378328
25.0585,-259.068002805969,-128.843261069958
25.059,-181.149304576914,-101.86822306149
25.0595,-56.3856169019267,-69.7350085040791
25.06,39.364944621669,-45.1556995595498
25.0605,67.6630620434976,-40.5606149146096
25.061,108.194668283675,-50.0561500122224
25.0615,282.253859533056,-48.7031288925678
25.062,597.561560578854,-17.6222667790065
25.0625,917.348515840435,35.0509178711463
25.063,1089.76686011262,87.8188103770149
25.0635,1071.0204978694,134.080639001398
25.064,920.930083836688,180.472249563308
25.0645,728.988894921701,220.033585467542
25.065,569.289762948523,230.527428571368
25.0655,485.632261527949,207.191603120203
25.066,471.652857631243,175.993633960458
25.0665,467.615411922353,161.038274374616
25.067,405.640888050545,157.185411585063
25.0675,267.73117846536,151.04786255623
25.068,94.6534477351737,150.128344256535
25.0685,-56.7985511327054,167.229065216867
25.069,-157.746963054144,189.550681419051
25.0695,-216.953898615878,192.316965893387
25.07,-260.734919064432,178.317689079766
25.0705,-306.481314761146,175.824163437591
25.071,-353.214947032849,195.986125626547
25.0715,-394.498497910454,217.450330778426
25.072,-429.141704075617,217.406182273778
25.0725,-447.815790476415,194.990946241025
25.073,-420.921688280549,158.620622953555
25.0735,-327.786079503022,113.26105629784
25.074,-203.012508435624,69.1059131767865
25.0745,-127.649172772131,41.449204707532
25.075,-157.128369379238,29.8490333324764
25.0755,-270.21661828756,14.6532432755225
25.076,-397.368675788635,-14.9657377781808
25.0765,-480.802264008247,-46.8332293703386
25.077,-495.940902988848,-70.7376401210511
25.0775,-441.935512346044,-98.3360770291952
25.078,-344.40308208959,-142.044964284061
25.0785,-258.794526039032,-190.69091971124
25.079,-235.00948588276,-225.744794217768
25.0795,-263.306435495908,-249.753462551573
25.08,-268.394876501581,-278.513399854012
25.0805,-171.683670725358,-313.504868601933
25.081,34.3427122741809,-341.894247962524
25.0815,267.754767353109,-358.078382361662
25.082,412.400645373945,-366.095788819376
25.0825,403.27032765473,-364.606741212219
25.083,268.750916612467,-348.369672288973
25.0835,91.770736203007,-322.821660557199
25.084,-62.9117372978245,-299.251310998695
25.0845,-172.850838713621,-276.15835840288
25.085,-226.634496564542,-242.904213836093
25.0855,-209.572050565365,-201.453701422535
25.086,-133.770907453842,-164.816596280112
25.0865,-48.664442324,-130.938334013362
25.087,3.71357125088251,-79.0733485843898
25.0875,22.1722264209874,-1.58126030904388
25.088,16.1946102848378,77.4478898514583
25.0885,-24.8218571253283,128.028891315011
25.089,-96.1324009895145,147.829214758894
25.0895,-137.634483238185,158.646927203946
25.09,-79.3071539532084,178.317805330972
25.0905,77.852363957374,207.505258560373
25.091,264.102073630411,237.807210009171
25.0915,415.909278530473,261.282464111168
25.092,508.288376156701,274.549571816969
25.0925,526.061035495404,281.556666313712
25.093,466.085801071285,289.582114595358
25.0935,379.84973746593,296.879037030463
25.094,351.287243674768,289.904638270545
25.0945,396.036711602785,260.064808552112
25.095,426.22695598767,216.919485544868
25.0955,356.088963563078,175.786555858103
25.096,209.966038041311,139.252810631013
25.0965,82.5113557219536,103.34440517299
25.097,19.923063478964,75.1954914790586
25.0975,-4.62968941627554,65.4986397327189
25.098,-11.7715664527351,63.2602083167312
25.0985,20.5823124499173,39.1466434341233
25.099,95.5049247927371,-17.1864017068794
25.0995,151.985700005522,-79.8530354538615
25.1,125.521726672045,-118.743235224847
25.1005,34.9102579707308,-134.034179382098
25.101,-28.1899102027562,-143.244015936706
25.1015,5.67743283742914,-147.581889238365
25.102,121.215876517349,-134.491581447558
25.1025,243.875059080629,-108.048732222751
25.103,300.308423713917,-90.7827783957638
25.1035,255.820249823291,-91.3401674642461
25.104,128.392562909699,-92.659676052412
25.1045,-17.9543818381001,-80.1251247447861
25.105,-122.68848555606,-61.1685495036771
25.1055,-196.054737468791,-45.9759085720148
25.106,-312.608378927053,-28.3608766943629
25.1065,-505.459258706154,-1.86512638389158
25.107,-687.190062399421,21.4089388418101
25.1075,-719.575319266625,27.7910031706132
25.108,-555.152958207053,26.6003084861394
25.1085,-269.780296294727,37.8368357768898
25.109,30.3644657705603,63.986228288711
25.1095,270.344199406825,93.8228913983389
25.11,376.699873676244,125.47431281246
25.1105,280.335064397133,162.238845038394
25.111,8.48164520106951,191.570429259515
25.1115,-282.485026653181,195.364154028672
25.112,-437.926803794851,180.448096728083
25.1125,-448.558294859887,170.986915265392
25.113,-417.064881420999,166.879832786016
25.1135,-415.484619904893,138.138881802191
25.114,-436.86982285733,69.242958035539
25.1145,-460.797788743972,-18.7440793855735
25.115,-486.22209439489,-103.170982288722
25.1155,-492.795192673567,-189.0858244433
25.116,-432.941992919705,-284.111894554132
25.1165,-283.692618176514,-368.994152559692
25.117,-74.1564825453601,-419.999214429402
25.1175,138.54570643876,-444.203344546756
25.118,290.67830345568,-464.276809993936
25.1185,330.633874186167,-477.318532226425
25.119,268.890707831311,-455.305463366418
25.1195,194.676839689269,-382.480992779085
25.12,182.846996564128,-269.725014678519
25.1205,194.991182960483,-135.549760116255
25.121,139.8787887817,3.69471828267189
25.1215,21.8605496436681,124.879561798059
25.122,-54.5554698161556,202.817784157269
25.1225,-32.6487845180982,231.137797929597
25.123,36.2399728599162,225.08380185924
25.1235,102.159978079952,201.994055944133
25.124,187.17081196213,172.544593646546
25.1245,296.753687282577,149.836797083376
25.125,352.289715481755,148.056542851087
25.1255,293.416219344567,166.593463710932
25.126,190.871179442134,189.573219050123
25.1265,172.778750343032,206.34921845331
25.127,264.194153701732,220.912864686449
25.1275,365.918932810207,237.548066900496
25.128,374.319462888143,249.308490274408
25.1285,266.025594226158,245.767402505595
25.129,80.5372438214953,223.087142538802
25.1295,-120.702509841387,183.716131459334
25.13,-269.81715057182,135.283543826608
25.1305,-305.529776157429,90.9021060808187
25.131,-198.036147131988,59.5961023321697
25.1315,18.6644293660521,34.0627582897375
25.132,223.671992460562,-1.74223071865329
25.1325,260.296603070495,-50.5258133993025
25.133,90.5172033207702,-96.764454371151
25.1335,-105.412633807749,-124.875667394992
25.134,-84.8002997381852,-131.605859947204
25.1345,168.111176005144,-119.600218677969
25.135,405.743488684656,-91.3897256074561
25.1355,421.172580559793,-53.0493584396316
25.136,283.266674201401,-12.3329156011663
25.1365,188.03663422221,30.5013925225067
25.137,183.450226270743,79.6218359777209
25.1375,168.449727913835,129.048197569164
25.138,85.8256621745064,162.940282151981
25.1385,-40.6174189410425,173.690265571155
25.139,-219.796566069844,167.658835455269
25.1395,-468.277695664458,149.106140800021
25.14,-659.526590045328,111.602891144323
25.1405,-570.371033373388,51.8462739459654
25.141,-155.95605018423,-19.6542869323048
25.1415,333.007488748686,-89.4387823271269
25.142,591.194255283124,-153.809138652347
25.1425,550.203673985979,-214.596892897179
25.143,372.797623952507,-270.582525443411
25.1435,229.716354892367,-318.101442897222
25.144,159.810530944828,-351.987200485653
25.1445,108.663987456836,-362.846737299676
25.145,23.6642270776929,-343.947086797969
25.1455,-96.574749676442,-304.634623104376
25.146,-213.656863600153,-265.217654336937
25.1465,-301.375226617007,-233.697554512078
25.147,-377.179956180938,-199.854155079617
25.1475,-457.603018679883,-157.484037640891
25.148,-500.962671579745,-117.514548337339
25.1485,-453.318168733881,-90.0345598976153
25.149,-351.212769904888,-67.954612646332
25.1495,-304.447118452763,-41.5588817113645
25.15,-351.201238450155,-17.4687476093232
25.1505,-401.483914074392,-7.24902783515628
25.151,-368.936137154226,-4.09522118941714
25.1515,-295.478440345601,12.9083737338378
25.152,-280.509950971852,52.1177250542593
25.1525,-328.672291591498,98.5967505230363
25.153,-344.327373940951,131.661989134008
25.1535,-267.558094030403,147.01903854041
25.154,-148.750301139761,160.613925281577
25.1545,-72.5552237315688,191.741008009447
25.155,-54.3006805576451,239.400731160257
25.1555,-42.9186562277671,276.436868941211
25.156,-4.96047740513242,275.015305155448
25.1565,35.8595776390089,238.424573337709
25.157,57.8966473131047,197.784234098221
25.1575,107.511505997615,176.348968118794
25.158,251.481280065065,169.344259382978
25.1585,457.251321276079,160.573707311291
25.159,586.588388930686,142.770953525457
25.1595,558.150760863247,116.184600032194
25.16,466.123742545298,84.149404922174
25.1605,461.645638125804,58.7876957193092
25.161,545.453244809772,54.8537564511777
25.1615,570.493955046756,68.0113195838524
25.162,446.92654910703,75.5297961830452
25.1625,244.496824974316,68.3576617307182
25.163,64.8881976685008,62.4460621397146
25.1635,-91.1650727545303,64.4387639390662
25.164,-267.924250663024,49.5189340637265
25.1645,-431.750354280042,-3.6284187334778
25.165,-479.87451191352,-75.0263672212928
25.1655,-352.662550691827,-128.533837768586
25.166,-94.0082571478072,-160.413698885427
25.1665,184.604425449294,-191.643670337492
25.167,378.423979449513,-221.432731514574
25.1675,455.385206312829,-223.869242404765
25.168,468.796370091157,-190.795094653536
25.1685,480.643396295469,-144.997431725175
25.169,470.311799466236,-104.568132239687
25.1695,362.909303811879,-63.0447357787268
25.17,148.861179722264,-14.3612968503751
25.1705,-88.1735491949442,28.609776964106
25.171,-274.693684516961,54.0367162238966
25.1715,-404.81373775844,69.6098339785117
25.172,-472.6085819722,87.6663981137523
25.1725,-437.449898261811,107.555480743793
25.173,-309.206779380526,124.075442984056
25.1735,-186.373370540457,138.903209035248
25.174,-137.580783733936,152.957087683908
25.1745,-109.341626978249,160.914238431986
25.175,-25.4810455370603,163.084166362823
25.1755,81.9745899710796,168.268747109875
25.176,124.333676339551,173.121428470133
25.1765,86.6166523811227,152.638477960336
25.177,16.7746601955928,86.85576582327
25.1775,-70.4428700536625,-10.9969427942184
25.178,-179.1725060416,-106.321830645983
25.1785,-254.493081130163,-177.309657010887
25.179,-227.673249519083,-226.408806528536
25.1795,-130.337119634154,-264.332318505986
25.18,-65.5439980752118,-295.750398385561
25.1805,-68.5105864528158,-318.755520090681
25.181,-89.1436974757026,-327.59818726201
25.1815,-106.562966117519,-315.154144141467
25.182,-154.412771129283,-279.809324578625
25.1825,-223.412280679704,-231.232175258336
25.183,-249.554259366259,-185.482399675168
25.1835,-225.009013519474,-153.682601469037
25.184,-209.943284122874,-136.530476234042
25.1845,-193.156639742449,-128.344628817127
25.185,-59.5205446988246,-124.713179029653
25.1855,224.044752526916,-125.666417287672
25.186,485.11330094616,-129.903149565978
25.1865,512.75490696487,-127.382735684446
25.187,294.445503066967,-105.745924339493
25.1875,-6.12796686342125,-67.5962022195394
25.188,-257.825752831132,-30.0887346531105
25.1885,-435.939944897133,2.41437417754146
25.189,-510.639666321843,52.9610986916473
25.1895,-400.164988553533,141.725476940754
25.19,-93.8457564518119,249.588968932486
25.1905,257.363131736742,334.382361967276
25.191,454.464851523269,379.759855514433
25.1915,445.440589804461,402.741973838674
25.192,366.858637142572,413.016955185868
25.1925,390.394238630349,396.163562356433
25.193,546.507949762368,348.021023546755
25.1935,698.622789683775,295.991498513425
25.194,680.401066526206,265.494720477615
25.1945,460.816963690928,246.370446539152
25.195,182.333403299756,214.582150827586
25.1955,34.4794185729583,170.169607144668
25.196,79.4716579183625,129.659836948564
25.1965,195.31402432961,94.2787292064001
25.197,192.63549343328,52.9523320324092
25.1975,-4.46062544506215,10.3533647636279
25.198,-286.916112999432,-15.0222708109582
25.1985,-466.85221345241,-21.2882222007536
25.199,-451.730908828479,-29.2959148967358
25.1995,-310.999966002344,-54.6888435605771
25.2,-185.131806073718,-91.4448815885894
25.2005,-157.625080134459,-126.920934071005
25.201,-219.118688489435,-157.7313834178
25.2015,-314.553592572488,-185.878855755443
25.202,-388.43188369407,-211.269463730692
25.2025,-405.139085918666,-232.009212918486
25.203,-370.409277842248,-243.248747645048
25.2035,-334.220007775762,-236.626573147441
25.204,-341.563094985803,-212.734574896958
25.2045,-379.276385286102,-192.12417835221
25.205,-393.103937491792,-197.096806315607
25.2055,-344.097863050475,-219.948010296695
25.206,-217.580179157403,-226.567116681597
25.2065,-1.12724957486173,-198.423588183272
25.207,285.60347087058,-155.29261548621
25.2075,544.448590005483,-126.3045145812
25.208,656.938551868304,-112.26916268207
25.2085,615.451572979499,-90.6001299202666
25.209,536.517773510427,-48.1802447853613
25.2095,510.483121968926,6.78440439876971
25.21,496.996445175048,62.1701747277522
25.2105,415.97666749343,115.706333564962
25.211,282.37554719904,168.621042740649
25.2115,174.465097408321,216.345186385722
25.212,100.974284757369,251.116597283364
25.2125,-12.1233015420778,268.932309920789
25.213,-198.704189246728,270.55193481119
25.2135,-389.129800908607,259.231037918305
25.214,-491.012429648357,240.323611576498
25.2145,-479.731750530541,220.523207241461
25.215,-387.645149437361,204.598066181502
25.2155,-257.047796740581,193.590099218163
25.216,-139.391567174303,186.909890529675
25.2165,-94.978854277632,183.710992926559
25.217,-136.588841164512,180.37487093569
25.2175,-188.636414887722,170.157368294378
25.218,-153.069772347911,151.107472372608
25.2185,-18.9522555826067,134.34246784248
25.219,129.766409111443,136.90551343363
25.2195,215.761390779187,159.589157585825
25.22,233.356177037458,173.799678027964
25.2205,202.040799504579,138.179559539629
25.221,115.38007124161,32.8706320967265
25.2215,-11.3200084190927,-122.985901872775
25.222,-83.3270548066584,-287.15887116036
25.2225,-5.38570078421786,-424.924104601814
25.223,169.773138018494,-524.997822875179
25.2235,254.979710052595,-592.251712998098
25.224,141.906534121789,-631.955282420143
25.2245,-59.2058013905933,-643.397178945674
25.225,-162.699917911044,-626.148206438516
25.2255,-144.527926873927,-586.289578396574
25.226,-139.38041059633,-530.240562614949
25.2265,-215.920529106996,-453.487660240668
25.227,-273.800653886164,-344.976357184492
25.2275,-208.546416001475,-208.29647664057
25.228,-82.6099838164808,-70.4445062236832
25.2285,-48.8356612503799,40.4011460324447
25.229,-151.253198851536,121.083642375068
25.2295,-279.947864926697,187.104076445855
25.23,-301.975848504183,245.623930761694
25.2305,-174.755992340241,290.227991987163
25.231,49.4665520133495,320.310396218367
25.2315,265.948684126028,345.615827963719
25.232,375.202458844877,366.286962874561
25.2325,364.793549951244,367.959228309579
25.233,335.708681936564,347.884816007715
25.2335,391.662876964566,328.594853291719
25.234,502.423371468911,328.985891622118
25.2345,534.811806708875,334.516984563964
25.235,421.520584535047,315.857142364936
25.2355,238.20686505928,269.914979709891
25.236,108.276780397168,221.979990671698
25.2365,98.5514300077594,189.81257195386
25.237,215.78495573722,165.953108236876
25.2375,415.584948524821,137.422954514298
25.238,574.261902090441,102.978337588341
25.2385,540.041486309181,62.8367923695063
25.239,290.197440603204,7.22666318082112
25.2395,-12.4883371535993,-71.6685787096871
25.24,-189.387858905213,-162.935379119102
25.2405,-231.265282827146,-241.504672502333
25.241,-252.401612327117,-286.598304564812
25.2415,-318.137067850446,-291.358622440172
25.242,-412.883389951095,-260.160435396814
25.2425,-534.727269218504,-204.099356809824
25.243,-691.714920549516,-137.969359071809
25.2435,-804.045838166251,-76.0825715181269
25.244,-747.420352913172,-27.7610150299929
25.2445,-545.444600698796,5.99269403627224
25.245,-407.346587032007,33.8433952681777
25.2455,-492.756623339013,68.3887843145156
25.246,-713.369074361548,112.011051115704
25.2465,-849.61109220747,149.605257161933
25.247,-803.589524942853,163.945610755806
25.2475,-646.026323446108,159.236467447616
25.248,-459.733334140001,159.474827741595
25.2485,-248.877567677896,178.721590563944
25.249,-1.5617286368222,201.70759958621
25.2495,251.685948170119,201.319091847983
25.25,465.674473978583,168.496630657653
25.2505,610.640875869788,115.262389795338
25.251,671.592128652977,53.380199266627
25.2515,676.217252100603,-15.1849683121281
25.252,715.831703891473,-83.3620472495402
25.2525,856.724737508436,-128.73606396819
25.253,1018.53751707349,-132.177508719534
25.2535,1028.96198852304,-104.155588408022
25.254,835.117220272118,-79.6194077774406
25.2545,579.172659749306,-82.4666999039578
25.255,413.085024804546,-104.273045520527
25.2555,317.647162414256,-123.990783873547
25.256,181.465608980636,-137.788236909405
25.2565,-6.84698860527841,-155.615871109593
25.257,-151.543153502724,-174.596728851269
25.2575,-206.609101572335,-176.786001509251
25.258,-226.551307937091,-158.730607490502
25.2585,-245.244679098449,-144.891050884266
25.259,-201.536296362668,-158.375999225304
25.2595,-36.7421464772575,-190.114898360492
25.26,192.177696468972,-212.43646116689
25.2605,352.75530693911,-215.76670455997
25.261,365.108305260257,-215.119985217508
25.2615,254.483743976417,-223.464829168463
25.262,103.551025264617,-235.967737794041
25.2625,-5.66293634189857,-242.25847116626
25.263,-22.4992202074677,-238.839563600121
25.2635,39.9113785706654,-224.08986085493
25.264,86.0379663581916,-193.033362639013
25.2645,-1.77440450462191,-143.977618228745
25.265,-236.991832509631,-82.9655567180204
25.2655,-474.833076702505,-17.8786419228431
25.266,-539.259190326743,44.3612703126799
25.2665,-426.73105653297,92.9776862799661
25.267,-339.168450711523,116.658747869983
25.2675,-467.414931952129,116.924672284541
25.268,-769.784531509304,109.060099803582
25.2685,-1025.35391589703,104.768418128268
25.269,-1087.37172667807,103.976452075349
25.2695,-999.831802955345,110.025467987929
25.27,-862.622292714421,140.250131585355
25.2705,-699.386863101687,207.586340788431
25.271,-521.655050688769,297.336194862968
25.2715,-416.441570199019,375.885873601861
25.272,-445.406760052313,422.196308694042
25.2725,-501.281030791552,441.46028526218
25.273,-391.856822064431,449.074147836029
25.2735,-69.5588182327512,451.574686250945
25.274,320.525897770725,445.085349389869
25.2745,624.387323296418,423.845591734955
25.275,810.58751772346,385.900951747147
25.2755,906.078457673483,334.402910453841
25.276,915.699315840148,275.793627654042
25.2765,861.178967998481,214.944198189998
25.277,814.312295354909,152.894328349508
25.2775,820.134474716782,92.0114647292647
25.278,836.887126198187,40.2884991771144
25.2785,805.441866034613,4.63899319854684
25.279,731.77879011457,-18.543750645547
25.2795,651.390044168053,-39.6831238788468
25.28,558.255378859704,-63.8886769524195
25.2805,425.711879170709,-89.8908734866386
25.281,266.814294221113,-120.165745903336
25.2815,124.907552667745,-161.076716169799
25.282,24.0608711329316,-208.656661302218
25.2825,-43.2660789137051,-244.708252255323
25.283,-109.89190738125,-256.796302745859
25.2835,-230.188052338225,-256.966496980011
25.284,-424.842817840419,-270.261929592201
25.2845,-602.168568447441,-305.574833373711
25.285,-612.53386688097,-346.171780800005
25.2855,-440.170811662894,-368.996537083247
25.286,-267.505420968756,-365.326286975066
25.2865,-263.285947083568,-342.167414288207
25.287,-360.29051444263,-313.814761091967
25.2875,-340.889666414732,-296.536248763777
25.288,-110.918767003046,-300.978860131978
25.2885,208.925790703353,-319.118106202975
25.289,442.668743957509,-323.806683426059
25.2895,507.552450070646,-293.429793663455
25.29,412.348678337249,-237.417891669579
25.2905,221.415030390334,-187.593179595033
25.291,48.486861130678,-162.631010382887
25.2915,-4.63066140607996,-150.860013943204
25.292,52.5235652455451,-131.580765690558
25.2925,116.02281240879,-101.755954676669
25.293,123.040865683368,-71.6302654949569
25.2935,107.377090205457,-41.5717525883435
25.294,104.804124542724,2.00970835657112
25.2945,85.1536728148213,66.5365458211721
25.295,22.2415072193072,140.679045622213
25.2955,-38.3649731802399,207.662749470785
25.296,-44.5354490031795,264.27801076316
25.2965,-29.2336364555916,319.525383246881
25.297,-76.039053566896,377.182412376909
25.2975,-210.165364340267,426.929410181896
25.298,-368.459470093543,454.552394886727
25.2985,-470.464559413004,457.0423362001
25.299,-490.366626149126,444.468159153602
25.2995,-464.451484318467,427.886361802241
25.3,-445.09874491999,408.130029499898
25.3005,-443.419631653429,377.022082512677
25.301,-417.516071741618,326.838238530318
25.3015,-334.496526597366,256.273767270436
25.302,-237.103622674024,169.762736175005
25.3025,-213.687583796177,76.3132401685582
25.303,-296.577678462104,-10.5115181071605
25.3035,-422.170834664707,-77.4859921601643
25.304,-496.107823951307,-121.020326073306
25.3045,-465.904770491153,-149.101841009769
25.305,-333.583397657824,-170.498403930338
25.3055,-147.568449566192,-184.155610226078
25.306,6.79686844985079,-183.062694752562
25.3065,61.0547615284109,-166.920383591175
25.307,34.0603222547022,-145.795545131031
25.3075,11.79895052758,-129.35597525927
25.308,39.2530273614374,-114.63256905755
25.3085,71.6375909013128,-87.2066590670422
25.309,48.2527002844418,-37.2640282092367
25.3095,-31.1711817724533,23.8345758453511
25.31,-120.521646701654,66.4765186737896
25.3105,-160.039296792735,69.5680968012381
25.311,-64.5823671993619,45.6575501281953
25.3115,253.466804264871,31.556184757831
25.312,777.118893315175,49.0607154590771
25.3125,1321.4535858311,81.4886650967562
25.313,1638.68279912842,96.2484619352197
25.3135,1601.97789826651,85.4990216260058
25.314,1282.20110292319,74.5701978893244
25.3145,872.693522581709,90.9175040115651
25.315,555.166523471985,133.729368684553
25.3155,393.144195367434,176.79969868093
25.316,305.647160804267,195.417980601299
25.3165,155.361007416896,186.254591489185
25.317,-108.178207859058,162.452316542267
25.3175,-398.857323032471,132.704273739615
25.318,-588.147825845897,89.5934225361679
25.3185,-613.609480461969,22.4010996635174
25.319,-490.162170418011,-62.9446783980621
25.3195,-279.592742747834,-148.422690957678
25.32,-85.7494326024512,-230.287380211898
25.3205,-12.4069020482192,-325.845613252823
25.321,-54.584421525967,-443.483232298403
25.3215,-71.544651688942,-558.232971269828
25.322,56.8141462893839,-633.091922863533
25.3225,269.142984554623,-657.707393740524
25.323,388.860413308651,-649.761220206546
25.3235,330.831799455168,-623.984550279486
25.324,160.743847341912,-579.69489928535
25.3245,-40.5727732902522,-517.248946639637
25.325,-266.251122246052,-444.649716234836
25.3255,-502.533274539715,-362.958608795741
25.326,-655.817259185184,-264.532158031026
25.3265,-645.748495471117,-153.586532354233
25.327,-529.394140937478,-51.9803233085746
25.3275,-444.587272972625,24.3090011181052
25.328,-429.76975511917,80.4101511958424
25.3285,-376.501003310409,127.260781338757
25.329,-191.414894486158,167.27127400082
25.3295,57.2322520794298,204.205341787474
25.33,218.593217635968,249.819202864039
25.3305,252.630286435176,307.469217209275
25.331,256.039291290956,364.329696892713
25.3315,281.320579990882,413.707360673879
25.332,224.389690317637,468.562185388898
25.3325,-36.6173561806407,534.621039016773
25.333,-448.475121691378,585.491009522659
25.3335,-816.153429292544,588.653520274792
25.334,-996.185391129366,547.163879837543
25.3345,-970.003568544487,491.275627214452
25.335,-768.879727414075,434.893775576116
25.3355,-467.403648954543,366.559676071184
25.336,-252.700834218995,281.415059386667
25.3365,-322.957753090486,193.188211346279
25.337,-624.439896146066,108.444181551387
25.3375,-817.068960614637,15.3334398523444
25.338,-624.500628356102,-88.6679063523256
25.3385,-140.706197757401,-176.717312142701
25.339,317.378853405113,-215.62347095584
25.3395,575.887319328823,-198.51891346504
25.34,689.348634828156,-145.343319475469
25.3405,738.515278049249,-82.4085054784926
25.341,730.654065362354,-30.1529735704696
25.3415,699.901496193003,2.66635793138066
25.342,734.508917639416,26.7943701797896
25.3425,850.38295561206,66.4226262185073
25.343,956.429513872515,132.040013972233
25.3435,994.88319503963,203.778211991183
25.344,1013.62808600136,252.334700319194
25.3445,1050.3795512572,272.086686286424
25.345,1043.39473919891,282.43457076558
25.3455,921.128972552237,298.433449686094
25.346,705.132153927506,311.013046738818
25.3465,465.518400288714,298.439203964509
25.347,240.213871721195,250.53888058611
25.3475,49.78763640307,178.094298551396
25.348,-78.4186564124497,100.440647031682
25.3485,-163.924498244464,26.1010520049355
25.349,-289.385406640648,-52.4295427803079
25.3495,-493.680063953393,-143.606335480636
25.35,-694.851526626736,-240.71525143441
25.3505,-785.200726569909,-327.376451853993
25.351,-764.44028876866,-397.583707071786
25.3515,-715.644334403641,-461.522734483072
25.352,-683.96620407937,-529.779775211477
25.3525,-644.61134232553,-599.611847945679
25.353,-566.919229453077,-659.169853911407
25.3535,-450.212346312376,-697.348290459709
25.354,-313.985653631082,-706.307519953635
25.3545,-202.718153988266,-682.3287984835
25.355,-175.103914066599,-629.219371853323
25.3555,-230.605872877887,-556.164954564367
25.356,-265.767932794164,-470.914069758257
25.3565,-165.484905421443,-381.260548772032
25.357,66.1098687499543,-300.843328363975
25.3575,312.067440908996,-239.811818188081
25.358,467.205414433076,-187.564383142086
25.3585,506.663202333256,-120.929600837032
25.359,446.084647976153,-36.4918104133643
25.3595,301.320720260642,42.0287881785156
25.36,101.294818469867,100.475234492779
25.3605,-107.749984553857,161.379875045202
25.361,-291.190371538737,254.232268181006
25.3615,-433.726219029213,368.204713427431
25.362,-516.43302584769,457.624695889795
25.3625,-518.490839461134,494.263065307327
25.363,-447.72994713985,495.51441191642
25.3635,-344.007687910094,497.919237409434
25.364,-249.229618929743,518.654502031495
25.3645,-191.014473107178,547.986566606197
25.365,-182.375975682918,565.553603420013
25.3655,-206.430461834642,555.486960247799
25.366,-210.905981102484,514.126427106997
25.3665,-152.9116590086,451.375194053485
25.367,-45.5424013833919,381.379524597294
25.3675,70.014229920764,308.026393082814
25.368,189.409912902297,222.602379858155
25.3685,345.763158895146,117.30507513978
25.369,549.870688108037,-2.73161123464627
25.3695,763.178613131328,-121.92067618019
25.37,923.50858139478,-225.247342653235
25.3705,965.962238695029,-306.600362981965
25.371,838.484140635258,-368.986729181791
25.3715,552.275890346823,-415.197468068948
25.372,215.911308459536,-436.23120041006
25.3725,-33.5928533649872,-414.965250852082
25.373,-143.457801160459,-348.81870055283
25.3735,-153.096731514209,-264.241368149892
25.374,-104.265744513503,-197.888577913444
25.3745,-7.87574031587679,-163.685263411244
25.375,101.612251209017,-147.003114527828
25.3755,161.71123705178,-128.943443249491
25.376,160.262434517638,-103.52790245488
25.3765,146.128617837887,-69.831696132354
25.377,125.552657228213,-22.8640518920775
25.3775,23.5245740070309,37.7875606846936
25.378,-195.291866336237,98.9350798877522
25.3785,-436.812669064348,144.169350022166
25.379,-584.675628383232,170.246184743935
25.3795,-640.385727913068,185.696558795497
25.38,-664.037835272288,195.952395621752
25.3805,-620.464733527939,198.651358722283
25.381,-411.590582084729,195.323239161404
25.3815,-70.1757040045547,200.680666394088
25.382,200.990244421553,233.07803982189
25.3825,244.166001812948,294.055481464049
25.383,125.950385953963,360.948519643888
25.3835,37.9290027689433,404.509643339139
25.384,71.0986188525751,413.954753248434
25.3845,158.784627483818,400.329949529509
25.385,210.920409273703,375.607164035256
25.3855,221.664621680786,337.103028124368
25.386,230.406773736138,277.077642621252
25.3865,235.108194166709,198.716059613894
25.387,187.926372895997,112.56795538739
25.3875,69.9281998171038,21.761149391181
25.388,-52.9694137134714,-78.8521030643008
25.3885,-66.1805086064416,-190.791880176845
25.389,83.4382386976296,-307.735968204475
25.3895,304.151715696722,-420.054758303541
25.39,401.616626218593,-514.431003586804
25.3905,234.731909490753,-574.263549141586
25.391,-149.34257022446,-594.613998889145
25.3915,-529.826977972808,-594.688087587839
25.392,-671.50742177947,-599.585354575929
25.3925,-498.640159375159,-608.990315307236
25.393,-144.686647069631,-600.739120984735
25.3935,159.450517270185,-567.129530727674
25.394,258.365181482676,-525.795073900749
25.3945,148.532950018825,-485.205626201668
25.395,-90.0161241434021,-422.363448960419
25.3955,-379.21860620644,-315.694204154552
25.396,-620.729753190568,-185.83757963613
25.3965,-649.764092574087,-77.8246801894616
25.397,-338.833464908137,-5.64701228512044
25.3975,208.791666740955,62.1060936984821
25.398,663.435709582911,157.178452655124
25.3985,758.376417823543,271.634122952117
25.399,541.397957489239,372.750021005622
25.3995,269.927581509563,444.535966372285
25.4,100.76795257387,500.957942816776
25.4005,-17.3585134643008,562.678871825344
25.401,-172.437420233639,632.103067217328
25.4015,-355.421701642682,691.58919454681
25.402,-536.405021774155,716.87981776074
25.4025,-730.372353362006,687.409773054809
25.403,-871.857557005025,590.433647914382
25.4035,-723.213818819416,428.375303949142
25.404,-93.356421478555,228.968219269262
25.4045,829.857862275067,40.7030211340488
25.405,1510.55678655481,-95.3727664112157
25.4055,1521.28473440347,-173.318039468511
25.406,919.32593920704,-215.778463158235
25.4065,125.488820663231,-239.898198274136
25.407,-490.327086804912,-240.429252676099
25.4075,-818.5550527896,-210.196907849717
25.408,-891.197715526333,-163.25748711358
25.4085,-743.587219627786,-124.838103959396
25.409,-456.943201944787,-105.310498146633
25.4095,-204.896475873065,-97.6141790964957
25.41,-117.461668907068,-96.9525106415785
25.4105,-124.780176207834,-108.421682410823
25.411,-46.4495049078467,-132.963277489133
25.4115,158.94045651578,-156.836018953334
25.412,335.572121406697,-159.71629492106
25.4125,354.309034098285,-128.348288070885
25.413,295.508436164241,-63.3944416120198
25.4135,328.566348294314,17.9858648087891
25.414,471.128549032407,85.1896091695417
25.4145,570.823466839419,110.214231217074
25.415,511.526905750798,87.5491042335481
25.4155,341.694258205124,36.2019677088778
25.416,181.125971230473,-17.4341256641429
25.4165,81.4310884440492,-54.1811507532064
25.417,15.2685388250675,-64.5802063083529
25.4175,-61.4038354570717,-50.9884303622938
25.418,-184.258859939304,-31.2223997589218
25.4185,-362.57619079705,-28.6432830624345
25.419,-524.381727083731,-50.4153294755083
25.4195,-523.775371579026,-80.453068356393
25.42,-291.085584010547,-97.0545774277738
25.4205,29.6918626362355,-90.5444351554751
25.421,183.44107337708,-61.991841888794
25.4215,80.4534469630668,-17.0137324239988
25.422,-94.7164897000756,31.6736024134977
25.4225,-106.624246196764,66.8341981884127
25.423,45.7807640892891,83.1581798302481
25.4235,148.322336889353,93.8049245408481
25.424,64.4184833747837,110.132940255243
25.4245,-89.4446407275649,122.552613659157
25.425,-108.740342321886,113.88885876444
25.4255,33.2237115937902,84.8578695650523
25.426,176.747853509794,51.2703840929064
25.4265,205.627864717974,20.8357300678367
25.427,173.281438186731,-9.59118059690354
25.4275,169.133828113262,-35.214836237493
25.428,164.009284403902,-42.0082508341378
25.4285,78.5213691228543,-29.5387317808435
25.429,-51.69846730831,-17.7145491372278
25.4295,-94.9535726484539,-21.4232502636926
25.43,-11.3883924455788,-31.08912870315
25.4305,74.6759630135311,-27.1956713392141
25.431,27.6495261922622,-2.52249450786154
25.4315,-139.996144144305,38.8901887197662
25.432,-305.387607611991,92.0057942560033
25.4325,-386.009770569534,146.582243163527
25.433,-407.728021184061,181.691964380048
25.4335,-449.637380442127,179.253090271678
25.434,-551.830817456281,139.241944825786
25.4345,-650.519952100043,71.2811591658419
25.435,-587.945000223671,-21.3742403803818
25.4355,-242.841064744436,-135.140486302047
25.436,299.869329166754,-249.085050602855
25.4365,755.260416905595,-332.914772402544
25.437,885.046855521441,-373.672458660645
25.4375,723.917216599989,-380.33056449691
25.438,505.88991031901,-359.913749989209
25.4385,390.36836159664,-304.376221209961
25.439,337.410353168752,-208.610964044584
25.4395,244.236519847283,-90.8252314944679
25.44,100.727645570298,15.1441615618189
25.4405,-40.0322146870617,86.4095368640873
25.441,-171.055608344661,128.054351931925
25.4415,-328.045327013637,166.122086812168
25.442,-496.332586101888,220.817921182871
25.4425,-592.775546329455,280.684888281309
25.443,-556.594111635426,308.491216378246
25.4435,-415.162064642572,283.235895927252
25.444,-234.825048406588,230.489668020145
25.4445,-36.3569916905215,194.327456184108
25.445,196.90140931667,182.235224406048
25.4455,426.394793069621,160.69474006246
25.446,527.355247694114,108.927548324544
25.4465,405.649438525272,50.1427953273152
25.447,137.038720833164,15.2865227052764
25.4475,-74.2553049615744,0.094551650204825
25.448,-104.336787397453,-19.1620534655714
25.4485,-24.7600661411304,-45.8649844420857
25.449,33.664603419741,-67.350322574274
25.4495,70.2921277519312,-86.8075774102863
25.45,173.921957980559,-117.62390616458
25.4505,317.21874444731,-148.789835309082
25.451,320.124892868245,-150.947231915802
25.4515,73.6946166629926,-125.011788406141
25.452,-286.138924075448,-113.776890175498
25.4525,-512.266856515086,-149.577194969681
25.453,-514.142123992873,-215.521638263058
25.4535,-416.489144041931,-277.163458782078
25.454,-371.145762374736,-328.954721281539
25.4545,-385.872094738973,-382.82349789404
25.455,-348.327481629811,-427.341067038273
25.4555,-168.46263785851,-431.040175319057
25.456,112.843863257127,-382.829115866663
25.4565,324.981512777136,-301.02604106521
25.457,295.669761750271,-201.244064882193
25.4575,41.0084522674432,-81.9079229220501
25.458,-178.847037396149,52.8829528262303
25.4585,-86.8160714558287,182.285290402972
25.459,284.529696625729,293.120188829525
25.4595,571.234345341175,394.638454814249
25.46,462.89671763369,493.634165065324
25.4605,68.0616516030805,571.60080200331
25.461,-194.878458329403,604.423625301937
25.4615,-61.1118279764675,593.427755643993
25.462,314.179673460019,561.083198749995
25.4625,559.473600128143,526.933435137724
25.463,459.759744777832,503.575025333227
25.4635,90.8347966605478,502.363728408187
25.464,-306.827010961371,519.09591970054
25.4645,-484.801363283049,521.981366190965
25.465,-290.217321036708,480.384636547874
25.4655,226.816034924838,403.952759178641
25.466,778.848982832652,328.741105555093
25.4665,1030.69950423126,266.110363316372
25.467,896.061578629718,194.436933103848
25.4675,592.495795390114,104.830745788578
25.468,363.881020379105,21.7361542181554
25.4685,220.421235981828,-35.5127335084162
25.469,8.27333244424867,-81.7209998969757
25.4695,-347.027276842633,-137.855170188562
25.47,-767.168416394523,-202.183356157731
25.4705,-1135.08560059335,-273.297594144565
25.471,-1355.36044327591,-374.809272808123
25.4715,-1319.81965423607,-523.488677707246
25.472,-965.298505922041,-690.786408824445
25.4725,-421.66880814727,-830.696457073587
25.473,12.9643417031469,-931.190572392773
25.4735,141.979890666348,-999.947214421171
25.474,65.1444261256484,-1012.70567964307
25.4745,32.8878518753562,-926.90798304942
25.475,150.729698632497,-750.091249966876
25.4755,303.745631998879,-545.469126867376
25.476,339.00912911892,-355.111991770598
25.4765,229.197812559577,-163.774697053171
25.477,53.8752761462978,37.4001505267843
25.4775,-94.9127513732065,196.45508057465
25.478,-152.049265443046,251.301146349245
25.4785,-83.5653562636499,209.02708125932
25.479,88.4305044644682,134.362420918163
25.4795,270.590103941217,74.2835865034737
25.48,343.993683232891,30.7434938946602
25.4805,246.533520616437,-3.75180848844007
25.481,20.4495139673887,-25.0947554688005
25.4815,-215.127473230935,-33.9456954155837
25.482,-346.454884456273,-39.1401217510785
25.4825,-340.531396563315,-36.2218260139628
25.483,-256.039985020414,-6.67778058177629
25.4835,-186.999543604087,53.5584461591586
25.484,-187.962373300371,122.958527683898
25.4845,-227.180555626196,176.817721684502
25.485,-193.080314199389,206.214100607355
25.4855,25.2784679720146,214.809641836159
25.486,412.382140138379,214.448109352416
25.4865,781.736778638975,223.961775398786
25.487,914.670170863401,252.850574081955
25.4875,767.742616986907,283.853277403656
25.488,501.613758308065,289.82511456347
25.4885,289.09873446916,269.264900107073
25.489,153.372056989283,246.193519987659
25.4895,30.9957695133427,234.595769806183
25.49,-73.4063023663966,225.433892280402
25.4905,-77.9228903432433,210.633377208405
25.491,48.9932424149774,193.594213326227
25.4915,221.139367045967,170.021819111905
25.492,307.960147225761,127.56674185553
25.4925,247.947634594098,77.1238007933673
25.493,95.1063638337521,55.4854703402656
25.4935,-28.9725433099778,77.2773630740943
25.494,-50.2475719218989,109.960997762366
25.4945,-26.0178309537407,120.802916083141
25.495,-78.9351944553971,124.91657596572
25.4955,-232.703461722173,154.716528476373
25.496,-374.699559852135,199.023106552822
25.4965,-417.089610340957,212.217737041389
25.497,-419.23009494539,180.941833046604
25.4975,-485.507810384221,144.339987065979
25.498,-614.229264599983,139.173925920884
25.4985,-730.937197072999,153.654870477301
25.499,-797.569144693195,150.156672687292
25.4995,-781.405951377316,114.020403014521
25.5,-593.250099346258,64.0385970954687
25.5005,-212.407283136983,25.2018734890412
25.501,167.659408806528,3.57375133753244
25.5015,298.982220444789,-15.7908384889393
25.502,194.325439711688,-51.1547011008754
25.5025,116.2311620993,-101.099054104768
25.503,222.556158566454,-140.688428942088
25.5035,389.046790819061,-148.054078934507
25.504,431.980786259697,-131.268713048732
25.5045,332.770929207334,-117.674095335585
25.505,162.071918784357,-121.202912528843
25.5055,-43.1518960118952,-136.474785902585
25.506,-203.429252745283,-161.693650934882
25.5065,-155.025510419335,-204.195532241899
25.507,146.558055305603,-258.459787554864
25.5075,480.685730601907,-301.037821754317
25.508,584.23533177533,-317.998238239258
25.5085,456.706524811469,-319.015005615929
25.509,301.315812958546,-313.198673624038
25.5095,232.575483971929,-290.36873000581
25.51,204.008161575004,-241.510962711678
25.5105,174.424669512019,-179.307292563587
25.511,163.10780457328,-118.233645945498
25.5115,143.974133407887,-49.9097094249304
25.512,49.4417598664358,36.7581407421066
25.5125,-97.0435078487853,121.128571761058
25.513,-184.722946109127,164.621578626027
25.5135,-169.534076211019,156.443809776114
25.514,-102.666263934149,119.737919267904
25.5145,-1.4443026061857,72.4920066566268
25.515,160.447857872749,11.0458305663282
25.5155,302.702068334755,-60.9229926545714
25.516,237.526552831733,-117.202340317841
25.5165,-92.7376407706337,-142.073093419934
25.517,-485.551782136773,-158.469237582264
25.5175,-675.549966333337,-200.552416577117
25.518,-588.134983883101,-268.909185110175
25.5185,-332.122954939325,-333.044630115709
25.519,-33.6818823062624,-370.304821060979
25.5195,220.531951756671,-380.712610796856
25.52,338.171527069686,-366.822380446216
25.5205,249.714407740116,-323.106297920939
25.521,2.11244657281386,-251.676442771135
25.5215,-239.97814938913,-169.999084228538
25.522,-310.397269475362,-92.264789824362
25.5225,-147.145744509758,-14.968400461975
25.523,190.9417495175,69.6439081899124
25.5235,564.927767491423,157.196031808336
25.524,811.612837779946,240.289778506209
25.5245,804.972701000762,324.519683371474
25.525,515.39691429015,419.025528426521
25.5255,45.7720935181077,514.186985159247
25.526,-394.123564919444,585.096879519408
25.5265,-608.1856007421,619.427414470193
25.527,-569.406274501255,627.955614981087
25.5275,-446.803977601555,623.015268573928
25.528,-434.480006135931,599.37979998502
25.5285,-558.062660148871,543.425705360216
25.529,-678.012332779469,450.284618717943
25.5295,-654.243219730662,324.911656310041
25.53,-457.420907985193,178.767468426738
25.5305,-151.2938249688,35.6503159469023
25.531,154.590645592263,-73.1348231281358
25.5315,339.120231495806,-136.539787025052
25.532,335.491550689276,-177.642472708304
25.5325,186.230144458072,-221.709654160881
25.533,-3.85322600172443,-259.279462981955
25.5335,-158.764713457213,-263.888640431244
25.534,-239.687634196097,-238.850776041714
25.5345,-218.556270559963,-214.210382402906
25.535,-135.279522549811,-195.913472159192
25.5355,-134.257467037761,-156.763965302232
25.536,-301.099326703145,-94.8381207488979
25.5365,-460.63963326601,-64.4078821001632
25.537,-296.888260048976,-114.94181363383
25.5375,257.219437709216,-220.043521959596
25.538,867.824407911937,-302.946962579303
25.5385,1126.14726750263,-322.381998093919
25.539,954.008825865662,-298.93194322392
25.5395,620.272357518513,-262.800807430812
25.54,432.199953241911,-216.382598601169
25.5405,486.426936129025,-157.999862568627
25.541,656.433583344759,-107.561239180992
25.5415,728.15208693645,-85.5054954318593
25.542,568.290033248575,-82.832303793462
25.5425,226.30894261422,-70.0268262054909
25.543,-126.957597224969,-27.1662514849984
25.5435,-368.346232775145,45.0031022374034
25.544,-490.681135915522,133.931815718563
25.5445,-513.378567920601,224.676677647566
25.545,-428.746402809326,306.243697233224
25.5455,-281.716425428175,374.206838858044
25.546,-200.800531508883,422.407541162153
25.5465,-263.979650420213,434.81338593252
25.547,-398.25787648074,400.057707181174
25.5475,-486.56878877273,335.069156636675
25.548,-504.634161372675,275.636867635476
25.5485,-463.657746062047,236.0871380575
25.549,-290.656048945208,195.293227932777
25.5495,97.3848271357778,133.217514071241
25.55,608.793468158623,65.5537198369175
25.5505,985.593973298701,26.7642479768851
25.551,1034.80057272213,27.7123980648326
25.5515,791.61779815502,43.6202714702384
25.552,435.208207039254,39.6461044343298
25.5525,102.871910024684,0.899822616065988
25.553,-175.3844996482,-56.2176190267913
25.5535,-400.909988156527,-96.6342802945522
25.554,-545.562528902681,-99.1891119544636
25.5545,-616.793812613124,-82.1595928295142
25.555,-742.380963791429,-86.6860712035755
25.5555,-1056.3123564479,-131.075978359113
25.556,-1419.5231755593,-194.763546014478
25.5565,-1381.86718667522,-250.446999795306
25.557,-635.198656902048,-290.873776306185
25.5575,496.938970951943,-313.186986229786
25.558,1240.45617271419,-300.913705420535
25.5585,1136.55986981161,-245.275019915321
25.559,477.825822204186,-171.916515972427
25.5595,-95.681271914583,-123.427621725048
25.56,-249.884402848052,-118.991480358798
25.5605,-80.0433100512049,-143.511749246657
25.561,205.266574569179,-165.758410829932
25.5615,462.111384079686,-154.966454817468
25.562,562.820171202616,-98.460799147333
25.5625,439.665156778804,-25.6534860313009
25.563,199.896307188016,1.38847053776728
25.5635,19.530934711485,-49.4498878623857
25.564,-86.5769375108401,-135.923395769525
25.5645,-236.496526597874,-187.739292308411
25.565,-441.515512428206,-188.787414623148
25.5655,-575.543888268405,-181.177508500861
25.566,-586.446656267924,-193.975731412042
25.5665,-544.710252179481,-208.676091051947
25.567,-449.58176272501,-201.50078014719
25.5675,-185.204569905177,-179.976494749942
25.568,254.507529831849,-158.906851284171
25.5685,671.479400027298,-130.246942548827
25.569,894.346757186506,-79.4726300696127
25.5695,962.51556613968,-11.5159975172654
25.57,978.31094949296,59.5384187019179
25.5705,906.906910823957,130.932804441008
25.571,650.086143969724,204.72233812201
25.5715,234.561318649041,274.450013777739
25.572,-181.651039053601,331.783389847142
25.5725,-436.347312146228,372.607148491856
25.573,-445.147187642755,386.609227350225
25.5735,-260.882293768835,360.433190978247
25.574,-116.436072275565,305.066686150121
25.5745,-268.892628131588,258.314026324783
25.575,-680.661769083048,240.073956132857
25.5755,-976.757221100747,225.059832011503
25.576,-866.692755936445,184.423250230494
25.5765,-500.82842611549,136.356879632449
25.577,-227.077975763823,122.995992780962
25.5775,-87.4662616731009,145.485292425572
25.578,193.370128242903,155.300697226155
25.5785,720.647775601844,111.741171217302
25.579,1188.6595320172,21.455782655761
25.5795,1235.67223651204,-81.2684410065992
25.58,863.998108364849,-165.690397374379
25.5805,372.342136579514,-207.564555533724
25.581,-7.51309781056455,-187.551190383908
25.5815,-253.776419772277,-107.737417526648
25.582,-410.380772360766,-0.571791897270178
25.5825,-482.217064352987,93.6427104363252
25.583,-500.230835496051,157.134301149904
25.5835,-563.055371035255,198.898325021915
25.584,-735.643820757565,235.993283601475
25.5845,-949.991810727061,278.248795391004
25.585,-1059.5147741018,328.2580397668
25.5855,-976.317514876731,387.26669862262
25.586,-723.135339590452,452.116112840841
25.5865,-367.57469304343,500.870123723885
25.587,45.1903574532285,488.749013777536
25.5875,470.071236842658,379.73631471329
25.588,795.426601098803,194.900084190383
25.5885,849.534278482182,14.8646446914807
25.589,527.626338329197,-86.9705608761546
25.5895,-51.9864895477212,-112.132897183548
25.59,-530.234142389891,-125.112967197041
25.5905,-520.088498477497,-179.167956840818
25.591,67.4463535396065,-269.428712353129
25.5915,880.123570009679,-353.358108735175
25.592,1373.12126337869,-395.061515886235
25.5925,1280.65427498215,-386.711033055254
25.593,844.665980468656,-346.204488958127
25.5935,539.805292852393,-302.380627403459
25.594,590.946407606066,-272.040170009808
25.5945,814.445408393832,-249.448853436912
25.595,904.373951305584,-229.425741526971
25.5955,761.925614083704,-236.728270459153
25.596,501.417935680382,-311.682807732884
25.5965,234.445705313292,-462.175548384755
25.597,-41.0484216955261,-646.633535939436
25.5975,-360.006466140695,-807.463068863221
25.598,-694.760348076814,-903.823219294667
25.5985,-968.098000415376,-912.951276506711
25.599,-1116.80110015215,-830.812706034626
25.5995,-1118.84912916811,-687.312633739596
25.6,-981.610386665183,-536.664834968407
25.6005,-728.916350447516,-410.280352377934
25.601,-411.10063097909,-291.995303783243
25.6015,-129.366268871546,-154.978014950651
25.602,-16.5791692306469,-5.40381830348882
25.6025,-130.394984188197,131.78498971596
25.603,-354.028042901989,256.135099070868
25.6035,-477.704226780216,393.710141524921
25.604,-430.567679892051,558.148080255418
25.6045,-368.427916292796,727.759522714779
25.605,-451.375284486016,859.244350419548
25.6055,-584.970128509078,912.873336662658
25.606,-504.184582493831,875.615761226352
25.6065,-120.434016232076,779.712013517534
25.607,332.068106776601,691.925081417987
25.6075,545.84701589416,662.344011722685
25.608,447.205406074175,683.15658932495
25.6085,190.838517765602,711.091893675006
25.609,-68.4891584849314,721.725752952127
25.6095,-289.905658767059,719.888905685964
25.61,-460.405254283883,702.758077950587
25.6105,-508.099102209724,642.406277051158
25.611,-340.466417195135,512.849193035532
25.6115,71.9436070481073,315.434824850591
25.612,652.617055705306,72.679228773137
25.6125,1214.57763835195,-184.22878331156
25.613,1520.09679694183,-417.073591455645
25.6135,1445.43835255117,-591.544589791641
25.614,1126.1370062827,-699.656675949458
25.6145,859.745767359498,-759.838045687382
25.615,802.860934103438,-787.576602697041
25.6155,822.350925821519,-777.530115942221
25.616,704.845784412651,-718.788113740729
25.6165,434.591406690295,-612.955928266707
25.617,157.247225493271,-471.869688115793
25.6175,-68.5073489713083,-314.323311987062
25.618,-319.168126041039,-172.706487788734
25.6185,-601.472336061193,-83.3724339298191
25.619,-770.35719292918,-54.2299752264186
25.6195,-725.177450966145,-52.8703925073426
25.62,-554.713422268085,-40.2764851103975
25.6205,-394.509374855275,-7.34519870905782
25.621,-263.202184127454,32.3467450904265
25.6215,-158.537040480831,72.2723271449742
25.622,-188.581194891281,116.71754494099
25.6225,-420.029915862372,160.42622454633
25.623,-666.01876286968,182.634809681963
25.6235,-647.494044399931,164.368566828383
25.624,-378.498167286928,103.932603748571
25.6245,-193.755479598776,17.8192499299655
25.625,-337.845940170168,-64.9166683582697
25.6255,-691.973572093255,-112.72459301389
25.626,-970.427879571735,-109.359101894176
25.6265,-1017.36737374213,-67.8169978110468
25.627,-816.624650169802,-22.9483980881008
25.6275,-389.673780587976,-4.66791334128634
25.628,143.011559524626,-12.229926238194
25.6285,514.168971475614,-10.4538364936916
25.629,525.420865896703,42.0532665280844
25.6295,288.37353639778,147.142039937476
25.63,108.177293210924,248.836759037519
25.6305,144.819195209857,276.25957800272
25.631,306.707824894804,212.542541640491
25.6315,438.72248938654,111.621228841551
25.632,464.697527537972,43.381431864089
25.6325,355.952966371543,35.488096119811
25.633,128.367860616785,71.4542507006853
25.6335,-82.6805674112738,121.326458146445
25.634,-82.8666071508204,156.10609856761
25.6345,165.201231968334,150.176284820361
25.635,468.440546364512,97.254461439347
25.6355,606.070087599279,21.9388263377762
25.636,540.773555647633,-42.7959497234893
25.6365,386.332642993815,-87.4464189000951
25.637,245.718159031588,-120.45324002303
25.6375,147.969897494496,-137.226464189549
25.638,86.9256673461089,-117.947228278603
25.6385,46.6248329166705,-61.1546756949816
25.639,12.2118366031881,-0.826134411658712
25.6395,5.47512384693368,23.3044600496973
25.64,83.2429065985982,7.67798793638272
25.6405,255.58463520462,-10.4869924402423
25.641,434.07921133271,8.01066873807393
25.6415,516.05216785473,61.3696824177823
25.642,508.220416688597,106.117544479389
25.6425,510.954705914764,105.907585945476
25.643,566.371793420197,77.0100227808741
25.6435,564.053011494763,69.5645040257296
25.644,343.945024322613,102.462082323175
25.6445,-91.4141875749512,138.914471526099
25.645,-492.10198369017,135.329990613722
25.6455,-545.52705272483,88.2671516491047
25.646,-189.313734877892,15.1016339998257
25.6465,278.791255042148,-82.0550974491249
25.647,452.056530179161,-198.588964080144
25.6475,183.262938202088,-294.733853770946
25.648,-317.950092761148,-326.95546009821
25.6485,-729.780950349247,-308.526706620584
25.649,-900.929322821429,-296.212371400789
25.6495,-896.539464405646,-312.623015349503
25.65,-853.676807851962,-322.799107046098
25.6505,-856.105740987762,-297.598086114536
25.651,-915.218837296456,-257.92730839773
25.6515,-992.055873370663,-234.636744276394
25.652,-1003.00070301043,-219.723476670523
25.6525,-839.826268146755,-185.631352727988
25.653,-453.860063870276,-128.323734745401
25.6535,37.5645268633989,-63.8766737322228
25.654,366.695782742791,-0.944500376189303
25.6545,329.96675434685,58.4066193141312
25.655,22.742754613287,106.207899433086
25.6555,-208.469521169572,140.209188126759
25.656,-108.433647380092,174.236409785
25.6565,235.411199415009,216.0765003494
25.657,531.630101900872,249.31737308109
25.6575,604.265659578001,257.652441330039
25.658,488.405878336389,252.21804045389
25.6585,283.907575026991,254.017719897548
25.659,69.0119182988338,265.349725304699
25.6595,-54.5688806838001,279.701059178644
25.66,-6.54320147279222,299.731842338079
25.6605,119.94331244244,319.703480442692
25.661,93.9260215124036,313.654193550122
25.6615,-159.522692480595,276.19218588776
25.662,-393.827164207478,252.629342207124
25.6625,-289.76347861723,281.574497593754
25.663,170.034232856912,321.459219919881
25.6635,673.758268122259,290.057644373692
25.664,908.00698679521,177.422340460673
25.6645,832.086820668019,62.3226218727343
25.665,640.96229821132,3.46665072779869
25.6655,539.756516511646,-29.3564099201062
25.666,568.541213723442,-89.2966070081095
25.6665,589.599314953712,-169.167600193028
25.667,426.909444402418,-225.912271596619
25.6675,61.0054328573214,-252.671459696485
25.668,-293.408893722615,-279.559385986669
25.6685,-342.922177219459,-321.520993061154
25.669,4.99897554432083,-367.290555221979
25.6695,511.776495941504,-409.714686671398
25.67,783.584249740838,-449.700238458531
25.6705,603.103089144292,-474.478806940116
25.671,89.7224840938385,-463.910250428689
25.6715,-470.395823073399,-417.99961804091
25.672,-913.885263920992,-354.864593697492
25.6725,-1261.05014734071,-287.013540163247
25.673,-1512.61858468397,-222.648634103185
25.6735,-1520.94555946129,-179.629542775001
25.674,-1156.81168164251,-166.70163421657
25.6745,-528.818526362384,-156.222765599503
25.675,81.7232269830565,-109.539849670607
25.6755,472.618944672868,-30.2044989955107
25.676,604.461969163909,40.74837440629
25.6765,487.840990573208,84.7608430118969
25.677,161.481387991832,124.085055868039
25.6775,-196.386339012033,170.702111091993
25.678,-311.740264111644,196.86181894383
25.6785,-77.9362295088418,181.210112233502
25.679,307.258390027836,153.652548641249
25.6795,542.771402494961,160.713323184488
25.68,504.641941662025,202.469352041454
25.6805,290.03374884461,237.050916619202
25.681,64.0993734278436,242.539217078115
25.6815,-91.8827522194443,244.571521759663
25.682,-249.768837281113,277.51987887885
25.6825,-562.059471369661,338.839647412693
25.683,-1006.53456692829,390.320182350068
25.6835,-1199.95596175477,393.452543910001
25.684,-672.897055916904,339.134517517442
25.6845,543.453498209433,252.983506643554
25.685,1760.09242716991,178.474868789434
25.6855,2233.69293241926,149.488440540451
25.686,1852.67075798099,171.369702504229
25.6865,1104.47758300225,224.611643223196
25.687,491.989617590227,284.318239510709
25.6875,177.120217744404,335.798174457283
25.688,101.466148563664,374.893090995793
25.6885,172.423414385282,396.007624713162
25.689,265.65266914546,380.602895329759
25.6895,235.90610592189,303.019291761438
25.69,37.9341516940235,156.80933942853
25.6905,-237.442000259451,-25.0757808483435
25.691,-485.49368177521,-187.171248066473
25.6915,-673.830025784972,-292.963659384304
25.692,-802.993179096613,-343.610291562656
25.6925,-879.197510110714,-358.285888184393
25.693,-946.866419648831,-353.219131517936
25.6935,-1060.33300888992,-345.972861213554
25.694,-1195.68345415267,-359.203551137741
25.6945,-1252.72044961246,-398.517313286618
25.695,-1150.38374493203,-433.947256988643
25.6955,-869.479595267916,-424.990921321963
25.696,-437.53170715216,-366.776429912943
25.6965,40.6892659004343,-296.506928214862
25.697,376.907112696251,-248.900178975963
25.6975,445.544843273177,-216.196165002317
25.698,324.479977048548,-160.468225947034
25.6985,176.020846178615,-60.8521022930253
25.699,14.5501406672819,59.7300834161372
25.6995,-254.371749994647,157.179962371312
25.7,-563.154984512363,210.373545080881
25.7005,-632.129102181963,232.764082287914
25.701,-262.926116054791,236.029999906484
25.7015,436.993932586478,197.442203241402
25.702,1170.88840681449,86.5800524930002
25.7025,1674.32900470469,-77.0656697240056
25.703,1791.44636771349,-222.764246727741
25.7035,1504.49524812639,-300.222755998471
25.704,998.001445741767,-330.743108523254
25.7045,573.774789747841,-367.089083217875
25.705,382.236959510843,-423.870459481754
25.7055,307.267014763995,-477.876946629842
25.706,187.993937191892,-520.793535659378
25.7065,47.6542556096544,-566.596701829004
25.707,0.797807044562238,-602.308924772889
25.7075,30.7640304423756,-574.733973966687
25.708,-10.5223036069955,-450.647414401887
25.7085,-227.677703648753,-265.802715973739
25.709,-596.954041845803,-90.8897531537437
25.7095,-996.188522476756,34.9108415809544
25.71,-1238.82100808018,117.536647032597
25.7105,-1165.63530885233,174.941334837653
25.711,-820.140266773393,218.918692676454
25.7115,-466.178681770335,260.10648478808
25.712,-307.337742545301,300.483973639665
25.7125,-245.600732506648,320.208316943382
25.713,-50.2978789153796,298.637201830516
25.7135,287.456854844471,254.501525440929
25.714,531.145891217298,239.757856231891
25.7145,513.872829968292,278.184523839063
25.715,315.472126112364,327.647372222178
25.7155,109.950853356724,324.126303706219
25.716,-7.83365001424686,257.590690911291
25.7165,1.36594509580534,186.788775860453
25.717,167.541728012456,177.501821970439
25.7175,438.733680538097,237.866767478893
25.718,655.099953303187,317.941063559303
25.7185,690.431749887827,364.649618940164
25.719,571.501542231533,371.757671865624
25.7195,398.438515711333,379.267873364589
25.72,208.046348160711,428.558221455225
25.7205,-13.3431009364486,520.086556817185
25.721,-232.758248744233,615.97464599921
25.7215,-373.35666107995,681.24085299489
25.722,-402.392982215698,713.636279209412
25.7225,-358.208809019088,728.452374436156
25.723,-302.6075601264,724.951670283758
25.7235,-295.582017645763,682.659767461559
25.724,-394.131379603582,586.976360599912
25.7245,-603.920387920443,440.866427513653
25.725,-824.637483408265,250.916234777846
25.7255,-907.238693111579,24.9733415777669
25.726,-796.227139946265,-205.822050023156
25.7265,-576.549683655264,-386.538795233009
25.727,-353.920563504862,-484.83625601079
25.7275,-130.091241883101,-527.23994164507
25.728,160.097523736467,-566.201758442432
25.7285,517.459146543283,-619.456715507815
25.729,843.669129749384,-666.571661483166
25.7295,1032.59737272545,-694.940865670356
25.73,1039.9066366723,-711.105129491099
25.7305,862.739271450883,-704.399810804922
25.731,533.276342857361,-642.920365270594
25.7315,173.847740322598,-525.831434551259
25.732,-27.042401965556,-404.366235703934
25.7325,3.17779298679527,-321.888308381936
25.733,91.0147297056683,-259.697639972116
25.7335,-22.0027835961445,-174.770793174501
25.734,-369.236079690897,-69.9374135658262
25.7345,-695.141945218941,10.8511984982694
25.735,-734.54678799608,43.4092348694901
25.7355,-484.910581383537,39.8502695919576
25.736,-161.609101118992,10.3074121714351
25.7365,46.5426866044279,-51.4243504341782
25.737,112.675493818872,-139.815509474207
25.7375,111.889388740802,-228.76721530657
25.738,109.913312068264,-297.876451598456
25.7385,119.492920960012,-341.199160626354
25.739,126.55176908835,-349.274078162956
25.7395,137.94081909937,-313.843542334657
25.74,186.927722872893,-252.119705220468
25.7405,269.896824939251,-190.374451248155
25.741,308.027838457967,-119.173252020448
25.7415,243.031687247616,-8.32747955893995
25.742,160.643557427043,120.523355687204
25.7425,210.080202567807,186.253381589848
25.743,366.079604799021,146.359104635245
25.7435,392.941390134904,64.3690795281545
25.744,140.223787851347,37.3962114950474
25.7445,-214.012310705941,81.708955892265
25.745,-337.537163143988,132.506427980292
25.7455,-117.614564042327,138.127825331322
25.746,249.124914000275,106.993721955242
25.7465,500.454739786078,68.1448564314832
25.747,517.975209487702,33.6670271792662
25.7475,318.139281970544,10.0968104164068
25.748,-11.006900920021,10.6063736950998
25.7485,-324.085273719718,37.9867940363621
25.749,-490.110738391831,74.9026662129594
25.7495,-517.691177201998,102.566869437462
25.75,-537.768023584243,117.322625284414
25.7505,-619.062736676745,126.042911551427
25.751,-674.682583219785,138.022560167411
25.7515,-596.739616513597,160.707887149475
25.752,-406.536033522294,188.878173152358
25.7525,-209.114348755828,199.543758531656
25.753,-62.7359951134332,172.6485289124
25.7535,33.6683793330666,115.680632473012
25.754,70.9985540372728,55.457101745106
25.7545,32.115220629143,11.2477388932473
25.755,-51.3422661819446,-10.6163213565576
25.7555,-113.119905065723,-6.83298318466883
25.756,-128.15472325284,17.7290885895027
25.7565,-133.195409433714,45.2765652377536
25.757,-173.718776109844,68.8530417658908
25.7575,-258.485215837497,109.043266387603
25.758,-349.986121593222,177.190082006078
25.7585,-366.41485988417,234.034237237553
25.759,-220.065617391196,227.447754039911
25.7595,88.4752853464952,171.544927348035
25.76,420.699973114277,142.613310289007
25.7605,604.747868547557,182.928896092219
25.761,601.79455539605,249.517920529569
25.7615,517.285797779626,279.783856697384
25.762,435.11173600635,272.311117996319
25.7625,314.20532271024,274.037482045869
25.763,104.870950061441,313.652163795971
25.7635,-96.4423108630611,377.52964892816
25.764,-121.270665622619,433.34321808544
25.7645,37.6600680907172,450.548097387792
25.765,183.361520010826,412.461792386458
25.7655,174.075965508426,334.341120176682
25.766,137.579210473974,259.656508648177
25.7665,301.515666679236,216.839081985484
25.767,638.886212822286,187.847647407488
25.7675,836.770350866828,133.913883102564
25.768,676.275582561697,36.5192065205749
25.7685,322.91165647981,-103.077920429567
25.769,126.925910467397,-279.528390254213
25.7695,200.565601356458,-466.406690516232
25.77,325.332663943438,-600.97081495598
25.7705,266.466911967709,-629.037354418121
25.771,45.7114582812501,-569.690032937228
25.7715,-145.183915831382,-505.07816750126
25.772,-200.405006763349,-496.286126895813
25.7725,-182.139498394519,-527.620609832107
25.773,-192.739715612623,-538.699563924198
25.7735,-256.225740648339,-494.685316406809
25.774,-333.756497267853,-418.431352707466
25.7745,-388.705027783856,-361.937211404845
25.775,-394.635246239206,-346.408880719403
25.7755,-313.919008755443,-327.906998825292
25.776,-138.942344174776,-238.046735510547
25.7765,20.5026060308925,-73.5507919555144
25.777,-46.6756004079156,73.6069530552437
25.7775,-456.775417798073,104.34149034142
25.778,-1038.90020041215,21.9543672937233
25.7785,-1421.59369859348,-76.4057778494011
25.779,-1369.92786103267,-112.014368596233
25.7795,-995.697481827605,-93.4819355818534
25.78,-592.937601268217,-72.9304109190009
25.7805,-327.923500643197,-75.0726677853761
25.781,-160.190969007809,-89.8075718064099
25.7815,1.69630451913064,-106.115808252137
25.782,196.953130231327,-125.404874940789
25.7825,449.431512390469,-151.4041453109
25.783,765.340458938648,-183.97458337353
25.7835,1048.38577371573,-216.419415423154
25.784,1125.24601833034,-230.264088893288
25.7845,926.851395377496,-202.868788729838
25.785,578.031877826983,-128.206651836684
25.7855,249.663556646379,-20.7571587140084
25.786,-15.9038342177562,104.323726661143
25.7865,-271.657370812355,239.461104905285
25.787,-519.006834447595,367.548135287129
25.7875,-674.629417487607,455.440432578415
25.788,-657.323051878606,477.60687016737
25.7885,-447.132474089941,435.155937372668
25.789,-86.4101250672357,344.541350801135
25.7895,315.185943132326,224.153354630887
25.79,600.697284793823,102.678896781994
25.7905,664.556772683071,21.2003218264879
25.791,539.757857804978,5.29270079956537
25.7915,350.243368933971,40.3788738454377
25.792,193.925977356833,87.1284971235025
25.7925,118.147275110304,115.05353965383
25.793,174.832426680322,114.310689988149
25.7935,398.268982777621,89.6353191967137
25.794,696.179389392802,57.8770414583791
25.7945,844.517491480615,40.6547495422472
25.795,680.870010016931,43.3291581966868
25.7955,307.741720626279,48.7636068227846
25.796,42.0122084564841,44.9676343253733
25.7965,107.784033530227,48.376883660493
25.797,380.37112393537,83.4034461016072
25.7975,486.70908636671,148.568643545134
25.798,196.031622928853,222.176875432449
25.7985,-332.13996354058,294.646888448053
25.799,-757.103642545909,374.062698299329
25.7995,-974.749029454392,462.407432332022
25.8,-1187.71556560568,546.396714560468
25.8005,-1514.57553870308,610.610920607779
25.801,-1684.25347891723,638.736148343243
25.8015,-1290.26918197936,601.269263472778
25.802,-314.477009935311,468.419607487807
25.8025,759.53069151945,250.120981812398
25.803,1384.08638531329,9.48017754117936
25.8035,1389.78414581567,-178.472387245638
25.804,979.826164707378,-278.804606903922
25.8045,442.206953671068,-305.31271222189
25.805,-23.9908747433069,-289.283645411308
25.8055,-301.760071693933,-250.182310014423
25.806,-354.529318428518,-192.434197516182
25.8065,-266.520390570328,-121.043796310724
25.807,-195.794420268558,-55.8170055110758
25.8075,-236.518044307439,-26.320188700831
25.808,-351.382428567077,-47.620903270341
25.8085,-443.782884748295,-103.35818819698
25.809,-453.861202053063,-161.631124701791
25.8095,-372.448073089231,-208.617352954247
25.81,-212.49265029298,-258.234220081964
25.8105,-10.8289643373471,-327.212498101977
25.811,160.475382592382,-410.262732359026
25.8115,227.12207603678,-484.251247185633
25.812,167.05911167231,-529.528633066562
25.8125,18.6625147792908,-543.583284828862
25.813,-162.587204035824,-542.449203722513
25.8135,-336.60620287429,-554.552087698147
25.814,-467.144281176364,-603.637247974485
25.8145,-505.939458318479,-684.865823907009
25.815,-416.106915410036,-758.049459771676
25.8155,-211.172786082092,-774.22270126973
25.816,46.7677231157949,-714.541866683371
25.8165,293.612536947319,-602.726291905302
25.817,497.231109145148,-479.635746229466
25.8175,641.542438364442,-367.199147050965
25.818,695.453887650372,-255.79075077749
25.8185,623.680513897807,-123.010467673145
25.819,439.104096641536,37.4716158634833
25.8195,233.560147633232,205.10488162768
25.82,131.661611005158,348.340498904466
25.8205,187.996120290993,449.316291000324
25.821,321.980524361817,512.643020243665
25.8215,373.293500649773,553.117049440569
25.822,245.794267727715,579.694088133469
25.8225,-1.2848509935278,593.176402773479
25.823,-211.936502563159,595.892561212069
25.8235,-269.466585541917,597.8466732477
25.824,-160.920461951724,610.616498600867
25.8245,59.2514978244694,637.293443335655
25.825,308.468875547073,671.280031223605
25.8255,479.42044797663,702.656055763656
25.826,481.697796197157,720.083790937171
25.8265,329.51164293674,708.085757398769
25.827,140.980428725446,653.786430679262
25.8275,-6.52376435935997,562.029337290784
25.828,-180.085528788152,453.781311450789
25.8285,-471.116155929831,341.600265139642
25.829,-790.606796259366,220.205450023015
25.8295,-891.440938884669,97.0158703998649
25.83,-638.217133679198,15.6644301521572
25.8305,-180.175848758986,15.0507872263358
25.831,206.975270977927,65.4458116588553
25.8315,395.756668757337,85.2430263620155
25.832,440.017039668857,39.9395368733987
25.8325,371.869150384243,-9.30729974269014
25.833,107.009756186721,12.407758324849
25.8335,-369.149172110553,86.7586810066679
25.834,-800.260405074912,118.502426286454
25.8345,-793.24344998609,52.2694500402175
25.835,-225.557366820496,-66.636682318974
25.8355,528.785465679336,-153.813279610664
25.836,867.169481605169,-173.553642210446
25.8365,493.712728978141,-150.538765208714
25.837,-317.435662175169,-122.431290928997
25.8375,-989.328656333302,-107.757708068782
25.838,-1146.04596802482,-113.752966942321
25.8385,-856.198384984082,-156.304162693393
25.839,-451.583690329256,-263.124000873096
25.8395,-194.69054802291,-451.235988132339
25.84,-130.67570104579,-695.364957626697
25.8405,-169.870535525091,-927.163136023352
25.841,-212.910006149658,-1081.94757390356
25.8415,-186.743348887539,-1143.85893155564
25.842,-36.9872732911062,-1132.04278972639
25.8425,241.915149810839,-1055.64553313304
25.843,566.694914334556,-914.534470227223
25.8435,800.253636744055,-742.596444121417
25.844,857.656398883168,-608.424708344126
25.8445,773.542045263488,-551.732874937306
25.845,653.72975181016,-543.761087173316
25.8455,568.379314561748,-527.529559354562
25.846,506.968557013427,-471.723581938033
25.8465,430.300537319473,-366.864464616081
25.847,338.34212745749,-201.63262999439
25.8475,269.557107013685,19.7793286234414
25.848,244.3256891819,254.376816363109
25.8485,230.641455443887,452.215810147828
25.849,174.659383114592,604.66484026272
25.8495,60.313957111857,730.436798140136
25.85,-68.0966629671928,824.904026094267
25.8505,-145.158775858508,864.114498967012
25.851,-145.127501338613,858.764434436764
25.8515,-101.551139729404,859.817303741634
25.852,-67.9084680289427,893.395225052994
25.8525,-64.9043714635197,922.180196446225
25.853,-68.7225675993083,892.989882083406
25.8535,-43.5915955868318,800.545775842571
25.854,20.028755910877,683.791212161241
25.8545,92.7658715590984,577.202995286546
25.855,124.158809694265,488.318249869744
25.8555,79.9383297833648,411.887211905862
25.856,-29.2782494768067,342.421767885466
25.8565,-161.800645095436,273.084012345123
25.857,-293.169002718347,197.323913902458
25.8575,-436.706008393969,114.962374497888
25.858,-599.418576155143,32.4833778336943
25.8585,-728.647950319746,-39.4830705006059
25.859,-731.15620947701,-87.2028121833326
25.8595,-559.063109759664,-102.413326053745
25.86,-276.475610606655,-96.9433552079741
25.8605,-42.4138303962029,-100.417486463789
25.861,-15.665571216593,-134.62111333918
25.8615,-236.82350784765,-194.054120013145
25.862,-576.244821061856,-255.075857432374
25.8625,-819.644465473124,-297.068289509822
25.863,-837.44683564911,-313.302168970553
25.8635,-666.054849849122,-313.380155157125
25.864,-422.53023627764,-318.772432258011
25.8645,-190.608910594669,-341.170434990147
25.865,-20.1482334304378,-360.194455478274
25.8655,43.1521423264463,-342.331435166699
25.866,32.7963918948082,-292.666733548657
25.8665,127.978722669236,-264.218091590928
25.867,503.730981472559,-293.745378092609
25.8675,1079.05195571899,-346.252122810148
25.868,1523.31509353315,-351.26232481594
25.8685,1574.28513936763,-282.937513631829
25.869,1277.89967822203,-174.596058487048
25.8695,874.272047900339,-63.2236577212918
25.87,544.059304952867,42.1322227188618
25.8705,337.011390603572,135.292252802116
25.871,250.181270974012,198.179448442913
25.8715,250.558730601699,228.530926701241
25.872,254.984387473664,249.248091286332
25.8725,193.632759072393,266.405540207347
25.873,85.8810136203812,245.840836207818
25.8735,-18.4930199707938,163.600130487974
25.874,-147.536424751823,61.2649101988769
25.8745,-374.632116692578,12.4250574506852
25.875,-693.353650710324,36.1396002633211
25.8755,-1000.06416720548,76.7554406351282
25.876,-1185.64876813323,76.0129598445635
25.8765,-1173.78651733606,36.8933208590894
25.877,-900.07408187922,1.44961754928632
25.8775,-359.993841075794,-13.8675120479087
25.878,311.043110568773,-38.1576268703586
25.8785,887.231251298172,-105.107909134013
25.879,1201.39089591028,-207.171086208841
25.8795,1204.123348171,-295.754632051937
25.88,919.307021362662,-324.939725964247
25.8805,445.345103025123,-293.659028142881
25.881,-18.6974247643722,-242.301908928404
25.8815,-286.308020566764,-207.453276539124
25.882,-365.604211300411,-188.932538122731
25.8825,-430.062754422708,-168.628751346941
25.883,-568.808755069896,-148.203823279079
25.8835,-664.25837013024,-145.146852773664
25.884,-573.761664001663,-153.829306063477
25.8845,-346.122383281369,-139.728183604175
25.885,-180.814972171429,-86.7198376529743
25.8855,-215.229433036125,-28.7364334824161
25.886,-398.780340238101,-12.100706537431
25.8865,-537.210402375799,-37.4258861929413
25.887,-438.713688723224,-61.8865436104648
25.8875,-79.373250767887,-54.9581308800887
25.888,342.287259948556,-28.7548425444055
25.8885,572.239471488217,-9.63424516198291
25.889,546.931364796299,0.159479493497842
25.8895,413.362477184325,21.9657604720686
25.89,305.753394995269,73.3659161333086
25.8905,214.499762450757,151.554231746572
25.891,109.385131652989,238.751021802056
25.8915,53.7481096504454,317.719000790924
25.892,98.3200508443617,384.292316293385
25.8925,162.828133253254,446.185974421132
25.893,138.317474513748,506.772472588267
25.8935,39.799900994113,553.789075389347
25.894,-49.9277141075572,572.445175123817
25.8945,-130.518751939954,566.124312474424
25.895,-269.52607075525,551.387668220988
25.8955,-480.696908101293,534.002845323446
25.896,-711.993761680127,505.643224732102
25.8965,-904.450116267327,464.85805262845
25.897,-968.553072656655,421.782702141264
25.8975,-778.146513106906,377.369183191635
25.898,-330.166929829752,320.027208205784
25.8985,138.871431010696,251.529221456504
25.899,363.198581029818,188.894207724733
25.8995,367.251285157373,121.562517942487
25.9,412.399395552593,-4.05073277645889
25.9005,609.763521072521,-220.318363728511
25.901,758.598110566305,-472.641257130194
25.9015,633.879006122134,-658.203227193862
25.902,286.48233375285,-729.976521971295
25.9025,-38.8996816078239,-728.171534247146
25.903,-175.702357875782,-709.504222522121
25.9035,-125.100705729578,-687.803938546868
25.904,38.1965821238455,-656.503721190331
25.9045,233.533865747451,-625.971956276771
25.905,390.561953075213,-606.953163006561
25.9055,495.451699098023,-582.627631632823
25.906,601.361682799691,-528.576806715924
25.9065,722.620389162476,-446.475892633382
25.907,747.179392282263,-354.084008801789
25.9075,536.771707291015,-255.567383658003
25.908,112.914850339734,-143.759050755177
25.9085,-323.309107404752,-18.0226219339581
25.909,-573.707516223741,119.738775124484
25.9095,-610.188855494433,266.584657754643
25.91,-555.082017183573,389.889938773081
25.9105,-525.810934439238,421.311731475815
25.911,-512.814519210707,322.490451766472
25.9115,-406.263991439807,149.115393141345
25.912,-144.184261467157,8.79203223776488
25.9125,177.353036869121,-44.2708696281394
25.913,373.381770033868,-37.1294698085682
25.9135,355.5520948104,-8.04267402146597
25.914,213.735550641373,39.3966541279034
25.9145,99.7743316446382,100.522969048393
25.915,71.587341617553,139.205632239987
25.9155,79.7074113767084,125.238152790421
25.916,67.592606228265,72.5636729786001
25.9165,37.4610506909385,14.2909410500379
25.917,32.0055406464202,-35.5748267636017
25.9175,91.0348933962148,-74.092765157051
25.918,222.480459385102,-91.5759288233487
25.9185,387.403642783354,-88.081054936878
25.919,515.852736549864,-81.4124840310816
25.9195,561.411174987333,-69.7480266481185
25.92,541.514902082136,-12.3679893488675
25.9205,507.013128518537,116.434137375015
25.921,470.189906162566,274.26784299262
25.9215,377.69979166277,390.410696232708
25.922,164.687887380829,445.67726771777
25.9225,-167.797690125218,476.352688770306
25.923,-543.137822174569,512.810796004165
25.9235,-885.678262235662,556.448130564783
25.924,-1184.88855276941,606.952920308648
25.9245,-1446.24947846462,661.465243169831
25.925,-1601.62272279056,683.585933658396
25.9255,-1563.21668027194,622.605288014409
25.926,-1398.815952489,478.160673219109
25.9265,-1329.07788384194,305.999615979252
25.927,-1421.53950380451,145.974915325363
25.9275,-1366.55637364544,-14.1623698507992
25.928,-762.661143173507,-184.319865462956
25.9285,337.98943639146,-325.447311687825
25.929,1343.70400970012,-391.92360663788
25.9295,1684.93815874246,-392.051101158603
25.93,1352.67257548737,-373.064185207812
25.9305,789.299499895826,-367.301678992862
25.931,374.869792109825,-383.629487970017
25.9315,179.144383980391,-430.162126113977
25.932,136.201336842844,-506.627607798209
25.9325,233.390363685953,-582.645244670683
25.933,459.570755654538,-616.578049965291
25.9335,701.736833515294,-594.321587976521
25.934,800.369598250378,-528.630902335342
25.9345,683.332282005605,-431.940478824116
25.935,414.006485777492,-316.865810280302
25.9355,138.819299602407,-211.464436994241
25.936,-5.23891462648569,-139.201134665187
25.9365,14.5664510596402,-86.9565869767176
25.937,95.5838236937808,-25.1361926462029
25.9375,96.9381910964698,42.1771690754522
25.938,-14.1680538993927,81.2179157787624
25.9385,-140.350592959888,84.004510278102
25.939,-179.670575853549,81.7907982666853
25.9395,-129.87980605811,92.6499557141411
25.94,-56.1317473166156,91.9837578086721
25.9405,-1.33626904675785,54.2932270564078
25.941,43.3460401164628,-5.92675241679111
25.9415,106.523703089177,-57.5890689401421
25.942,198.54933576338,-91.0579090893193
25.9425,290.232560055312,-106.638058996156
25.943,323.285944780222,-87.9441761169925
25.9435,264.911928017176,-19.8710574554727
25.944,154.690094139711,78.803787301504
25.9445,67.980943613761,171.402334474206
25.945,29.5747519829687,244.76905979191
25.9455,-2.0986752782836,307.036598292062
25.946,-61.5503772628713,353.330677185845
25.9465,-134.020637157092,369.894363584158
25.947,-206.710647155456,371.764427867688
25.9475,-314.862723268554,394.527538965186
25.948,-489.88249603427,432.514043568107
25.9485,-676.578820658171,421.127151160822
25.949,-743.5849240187,310.791446065061
25.9495,-591.246893784184,138.414768992011
25.95,-248.851838330683,-5.69466710134508
25.9505,128.984094714619,-72.5030323722683
25.951,368.714323147599,-88.0942800038739
25.9515,407.383769122346,-99.7093943440506
25.952,329.877899087212,-121.343784527602
25.9525,268.501283181393,-140.236676531813
25.953,270.78744017368,-148.636436013795
25.9535,286.824198511117,-149.175090962061
25.954,269.584326763666,-142.00833457747
25.9545,232.632254143299,-124.591112025704
25.955,197.403148117198,-100.191763559271
25.9555,143.659463521709,-75.8467615032129
25.956,53.8612167909968,-55.2017633711555
25.9565,-35.1522170987431,-40.0947680388727
25.957,-78.012446538283,-33.0871348175408
25.9575,-94.9665054051518,-30.4639548772172
25.958,-144.539885712242,-18.6783474984421
25.9585,-231.046559041984,13.2737683572316
25.959,-297.803302573862,62.1181553784314
25.9595,-322.327200687892,117.778817573028
25.96,-360.808675750342,175.78978672492
25.9605,-459.272560662282,233.276237260734
25.961,-554.861820985477,279.921544624499
25.9615,-521.95016119168,304.777840741758
25.962,-323.45817240784,306.338547497492
25.9625,-75.6436429113303,283.675014524721
25.963,68.5884093611366,225.16863699863
25.9635,86.7242379084706,123.963790320798
25.964,101.4966971742,1.30725061125246
25.9645,219.965424981478,-105.15703013209
25.965,388.270550341096,-177.364360178781
25.9655,438.535655644083,-223.377703487593
25.966,277.436919780284,-249.064168920011
25.9665,6.37699710231365,-247.965665308915
25.967,-153.014962376703,-225.879201716097
25.9675,-54.859324417491,-209.030070656762
25.968,227.651902006826,-210.771581691902
25.9685,439.103843490749,-209.563339664853
25.969,353.892354408495,-180.20435511801
25.9695,-2.00905561044191,-133.293943531774
25.97,-349.433357208183,-102.721452266412
25.9705,-421.585192274061,-103.015658057724
25.971,-231.291585078472,-119.738094766477
25.9715,-30.8833525877299,-136.681999959014
25.972,-13.9654836632033,-151.820247368426
25.9725,-124.576170607418,-166.348072553088
25.973,-176.391792870198,-175.278913493914
25.9735,-81.6306983791071,-172.80565776889
25.974,91.0546159752544,-156.797648852763
25.9745,229.113745947177,-126.879656078525
25.975,278.527768646207,-85.6334244357632
25.9755,262.072658175814,-40.6892168804387
25.976,250.986408981092,-0.441006384296051
25.9765,297.802343705198,28.2190714853387
25.977,356.702275308881,35.5590855362405
25.9775,310.225524714131,14.4868799217734
25.978,132.715882169415,-22.883365287146
25.9785,-17.7903839851801,-49.9552342864036
25.979,38.3446368547281,-58.4188804340814
25.9795,262.372635012132,-67.7879907563979
25.98,413.695181188918,-85.2537025361424
25.9805,318.854848813128,-78.2483301984675
25.981,41.0653495794657,-16.2535918440508
25.9815,-239.152361895066,76.4632145473301
25.982,-422.951899170958,146.16069347757
25.9825,-520.13954241432,177.990308051014
25.983,-547.027320228471,197.482071898953
25.9835,-480.373499725375,206.19275348112
25.984,-306.670034579025,166.036065341163
25.9845,-74.2590725548094,65.3690895097706
25.985,112.099865321611,-41.0972121050326
25.9855,155.190646031389,-88.2726648847295
25.986,55.6972596214861,-71.3146641977587
25.9865,-62.5558262314836,-34.4378131030576
25.987,-68.7116454881119,-10.403771938569
25.9875,20.3737944806254,1.30362573321681
25.988,57.0960733892448,10.5798611551458
25.9885,-43.0413333911088,19.4869199799107
25.989,-188.632693911209,26.2578004969777
25.9895,-235.92442659456,29.9969685683655
25.99,-166.854275611968,34.7726210587638
25.9905,-84.2140837147631,56.4503792044583
25.991,-71.3464178835681,113.281810168704
25.9915,-122.250974224198,200.509557740483
25.992,-186.210807740412,289.389664419401
25.9925,-219.56791141039,361.208568520723
25.993,-204.669335312654,423.484427948605
25.9935,-166.681630815577,481.010337641112
25.994,-159.486725570226,515.917756466626
25.9945,-194.937241330114,516.952885421265
25.995,-209.981698900001,504.351038688538
25.9955,-149.898380834346,497.274949812722
25.996,-53.1973346713139,476.020814610033
25.9965,6.94331822887704,410.650154542083
25.997,37.7926193612177,315.444546603232
25.9975,105.508110947195,239.505467665871
25.998,209.032935012828,207.000368189159
25.9985,262.314599811212,197.438221037571
25.999,221.175814400865,181.025331416119
25.9995,158.856406811561,139.945549955625
26,186.309858557136,54.4958525692223
26.0005,343.370940709208,-94.0886985680146
26.001,580.428419289341,-292.257955311299
26.0015,792.538646984211,-489.870535653891
26.002,859.049884965161,-640.825676108913
26.0025,719.089427211726,-733.043693000427
26.003,448.251951314263,-775.097988015933
26.0035,213.7511959819,-775.894538941741
26.004,116.473391469493,-746.269319825717
26.0045,112.861303013252,-700.15022344348
26.005,114.235928805122,-642.31666806359
26.0055,106.652469380291,-569.419999681277
26.006,126.633383493169,-490.566147927534
26.0065,164.886567886998,-430.804888669168
26.007,158.989213951891,-404.695569496651
26.0075,69.2077675895342,-398.568952875322
26.008,-83.5020332539983,-385.478407511944
26.0085,-246.952663393603,-346.37538046946
26.009,-372.153290227389,-274.123690373601
26.0095,-431.358490251158,-172.798822133765
26.01,-436.099502361469,-59.537873116516
26.0105,-430.24289023061,45.8044201287251
26.011,-438.670516477285,137.601449273338
26.0115,-432.990952952588,220.165738878351
26.012,-373.238391325063,287.750011262516
26.0125,-270.23275985614,325.968262973052
26.013,-175.69989131693,334.393811682035
26.0135,-116.576178217545,329.870021535265
26.014,-68.7798511597335,325.747316578513
26.0145,0.513879418500959,325.454008527089
26.015,83.3816485650731,334.17868508046
26.0155,128.844055084196,352.544833823851
26.016,86.2538330141981,359.788034035082
26.0165,-40.7168012640931,334.169551490884
26.017,-181.058421490067,294.008663949095
26.0175,-257.177466505226,282.71307177099
26.018,-268.490945956673,301.683984579875
26.0185,-291.404996997742,295.97347068586
26.019,-379.038181769318,227.261190148303
26.0195,-482.898850604729,126.193117858341
26.02,-499.0353257349,46.2526810190371
26.0205,-381.902329704097,-0.842003105448829
26.021,-195.401591964332,-31.46405102022
26.0215,-57.7297511244581,-44.3768195227784
26.022,-38.9438416475407,-32.5068733820271
26.0225,-94.6181046360076,-19.2466586240967
26.023,-100.134536581531,-35.8181499513906
26.0235,20.2392495434335,-71.9519778113224
26.024,198.838489456303,-92.4614029785368
26.0245,302.167632656049,-97.1977796073193
26.025,302.856467086348,-120.302892577579
26.0255,301.690963223786,-169.26585804725
26.026,351.434121134799,-208.913237092771
26.0265,352.073707384428,-214.841334624113
26.027,204.305019818339,-202.880388711343
26.0275,-0.603826039209904,-191.244003931628
26.028,-63.2868031719301,-168.939008279284
26.0285,69.0855900228515,-121.624493399594
26.029,243.625012489117,-61.5885489933679
26.0295,306.947416138286,-11.7912523171534
26.03,264.520850414933,20.2535872888187
26.0305,205.93965509156,38.1010653924817
26.031,173.278607681261,46.1974490501263
26.0315,163.246312036408,57.629481613421
26.032,182.093758217948,90.679579681438
26.0325,225.015251096105,141.973796457033
26.033,251.294468159319,182.317124026998
26.0335,246.179118893174,193.923720445502
26.034,264.293562741763,190.777503201084
26.0345,343.54918351532,185.254780085341
26.035,415.08044446886,158.579700591253
26.0355,379.816500807338,90.6128926312652
26.036,253.592719923137,1.68163527618449
26.0365,151.095495004526,-65.4388614024901
26.037,127.267724584505,-96.9855397996914
26.0375,117.979833321143,-114.152958183619
26.038,55.6768943548143,-132.204537949707
26.0385,-31.9146851693153,-141.395543463507
26.039,-73.6534867892367,-130.788059144492
26.0395,-47.7536158739925,-106.516425751353
26.04,14.0838934038085,-78.3108276310227
26.0405,66.7537208605956,-45.5858944021737
26.041,61.6470099589214,-6.2903104583142
26.0415,-29.9924781550762,32.4026202562946
26.042,-156.917737640983,61.1090678577564
26.0425,-204.366642670514,79.7729245599129
26.043,-138.242541769769,97.8731253702402
26.0435,-93.5886410587626,127.852647569268
26.044,-234.554636625453,178.333611094174
26.0445,-539.963940894865,245.96571517051
26.045,-814.373641283466,312.279286729853
26.0455,-916.872134386049,355.332352304857
26.046,-892.597106127655,366.420714523731
26.0465,-857.444223294303,351.147756624169
26.047,-844.665455595339,315.898308830835
26.0475,-814.644350846219,260.249864981264
26.048,-735.66426207466,181.616032319834
26.0485,-584.136076603662,80.0962400762015
26.049,-327.431861520909,-39.6346265583358
26.0495,9.89594203879417,-162.238491957655
26.05,306.013112749811,-258.549763057772
26.0505,454.881719509912,-300.886655862675
26.051,491.295114006487,-287.458119244424
26.0515,520.783649057806,-245.446544262693
26.052,557.571780748085,-205.924393541078
26.0525,532.240271010753,-180.127244504908
26.053,434.675603988745,-161.58915541997
26.0535,325.045944317687,-143.655195462866
26.054,207.924476291329,-128.65436075806
26.0545,44.0412835730892,-122.732248312473
26.055,-82.5890760603947,-126.436665035507
26.0555,19.8633151738163,-131.075694576282
26.056,369.519313416569,-125.201391860827
26.0565,687.667919287653,-107.505296646769
26.057,703.365226994212,-92.5755879625205
26.0575,486.882344756738,-99.4967749232795
26.058,319.979424765342,-133.802100579951
26.0585,299.753404597444,-183.231528537008
26.059,258.888226175098,-229.8054997448
26.0595,68.770633476259,-261.585101462245
26.06,-170.350589522825,-274.639079495295
26.0605,-296.588701413096,-271.630356294234
26.061,-292.568232523748,-261.044741847826
26.0615,-241.826221843781,-252.403979123078
26.062,-189.440524782501,-249.335268930214
26.0625,-135.450922944287,-249.756700951921
26.063,-89.9827518660116,-251.237383033861
26.0635,-51.815381674628,-249.840621913093
26.064,13.0387051122132,-235.003820919655
26.0645,104.522133354639,-195.730181719009
26.065,154.691900756725,-134.562251295711
26.0655,124.276353105812,-65.5011394266537
26.066,75.9597674536271,6.19381325763183
26.0665,78.8917361439989,90.3349458045457
26.067,92.2131494267406,189.344998820862
26.0675,28.1174848188792,281.769858795231
26.068,-105.726088173748,344.626867250567
26.0685,-215.073281026035,386.131827766518
26.069,-250.758221500509,436.097114771672
26.0695,-248.384586214784,501.707239419505
26.07,-246.776910133688,552.146143578689
26.0705,-247.468186516612,556.034745752964
26.071,-254.499452316703,517.768248694893
26.0715,-275.321816525205,462.61791855743
26.072,-270.771406091931,399.255622606317
26.0725,-177.904147214952,318.799242814853
26.073,-6.53734510265472,226.969690586299
26.0735,147.279347305632,152.669035852426
26.074,210.060884368025,115.547206614929
26.0745,201.273107843306,101.280096513338
26.075,170.231756818126,81.8149846171379
26.0755,116.410556268939,50.4688393461501
26.076,13.8931447450234,23.6950172283047
26.0765,-117.772536846308,13.1335111927812
26.077,-208.011911359904,9.00173946052537
26.0775,-191.989414917899,-8.68664733785288
26.078,-60.4393368524721,-50.8839402583182
26.0785,127.374896450755,-110.57133795028
26.079,273.687468207921,-165.355726693921
26.0795,315.188740834347,-190.982125240438
26.08,279.262268262244,-181.844035135975
26.0805,242.740921764891,-158.384244057783
26.081,231.71914432698,-145.931947184347
26.0815,200.793505049962,-146.863761660046
26.082,118.948324176258,-143.485713984431
26.0825,23.1620580334048,-127.656322036636
26.083,-41.6244167736903,-113.140261881253
26.0835,-88.109040140183,-113.259260623645
26.084,-149.77035210684,-119.771753869913
26.0845,-213.989502867068,-114.670757863891
26.085,-240.46970848676,-94.1904952243384
26.0855,-224.091299937938,-68.932744614195
26.086,-192.943524928643,-45.0487595889744
26.0865,-159.689056360861,-18.0040425364925
26.087,-120.435169281192,15.2424701185154
26.0875,-88.5891968198979,48.300829461945
26.088,-78.3776648513725,71.9216426732257
26.0885,-58.2359363103894,81.2673199802203
26.089,24.8768599111115,74.1640715744753
26.0895,162.991151012507,48.3615972232479
26.09,275.988675907592,5.46516353937692
26.0905,302.602991009393,-43.999856356056
26.091,263.376579074682,-83.0424498845592
26.0915,211.076167705872,-98.2242563249281
26.092,159.103942487743,-89.0995783774048
26.0925,95.3567040107931,-67.570124783531
26.093,35.6414802801673,-46.2442426628262
26.0935,12.6765327139361,-28.9820933266832
26.094,20.0666816830084,-16.2188450089679
26.0945,13.8053035972825,-15.214814746388
26.095,-23.6436711084691,-34.0002348711868
26.0955,-60.0622739440832,-63.8508563734835
26.096,-70.3041990043414,-80.8884472508244
26.0965,-82.4508180580718,-72.6894786458765
26.097,-138.86882718373,-52.7171301143759
26.0975,-231.858428947582,-38.6475466565635
26.098,-311.049218473255,-26.9472602978476
26.0985,-347.715182841587,-3.15552785055105
26.099,-360.985932258637,30.7467371814991
26.0995,-378.814657137791,58.0519696849463
26.1,-400.775005274502,74.3547849432357
26.1005,-406.730005681667,93.6314377022613
26.101,-376.821086533974,123.861200627513
26.1015,-291.179263007811,153.762112114613
26.102,-135.873975218665,170.587776355021
26.1025,68.3637705958884,175.903551194657
26.103,260.31556689598,174.442646901824
26.1035,387.367870454799,161.389324095067
26.104,454.164254691731,134.032356119608
26.1045,500.955266487345,105.271633820356
26.105,538.37880163881,88.1016589421346
26.1055,527.686690972314,69.8949873911502
26.106,431.154137162486,18.4090483977264
26.1065,267.29043233657,-82.9358272271069
26.107,108.170945966243,-214.855807531836
26.1075,23.633577108721,-338.696307896653
26.108,23.8071233262941,-424.510920803666
26.1085,53.5974120257375,-462.053110963399
26.109,52.3993413965997,-456.562403520255
26.1095,19.7776400438451,-423.301257642964
26.11,3.81205412215219,-381.195869866
26.1105,22.988988886536,-341.463544976635
26.111,33.8740240632496,-300.384716466071
26.1115,-7.23257344883796,-248.069268191852
26.112,-89.4711293977668,-185.487906385964
26.1125,-181.485779997135,-127.79564271472
26.113,-271.308658599265,-87.622930520129
26.1135,-323.253274991658,-59.1951254130995
26.114,-252.484683510124,-24.5059768312693
26.1145,-37.1833678398404,26.6017517655206
26.115,173.128945548566,88.8955931024794
26.1155,186.391249843208,153.644807626928
26.116,25.8525468737298,219.165516619396
26.1165,-63.9913829328097,285.928784973931
26.117,69.3152173144272,349.9563881786
26.1175,276.544051196133,408.969391358634
26.118,307.93020500121,468.867636955012
26.1185,138.936209755446,533.67288369658
26.119,-34.6559244596074,591.613294043556
26.1195,-82.5463406951263,621.40503278425
26.12,-71.526826592233,611.846823755913
26.1205,-99.7182068213254,566.403709210905
26.121,-140.195800438551,490.86168520024
26.1215,-120.388168438466,390.058505958947
26.122,-64.7523813635057,278.867254594109
26.1225,-64.3990475941163,181.145111919364
26.123,-140.415445912784,108.23185199168
26.1235,-216.415832201418,47.2367713009241
26.124,-225.111858500747,-20.9398647366608
26.1245,-188.114304304981,-99.2330780021429
26.125,-175.670301856652,-177.69655053425
26.1255,-215.318750371219,-250.349956666669
26.126,-257.7788102634,-316.489629502001
26.1265,-229.289167183155,-369.251837619852
26.127,-111.61300750006,-395.587531224831
26.1275,35.2584490094342,-389.108485420977
26.128,131.466565947943,-355.457803243838
26.1285,146.555813484454,-304.821783152434
26.129,104.96490340062,-245.720825034976
26.1295,48.6150740406884,-185.632975609863
26.13,20.241424625437,-130.597913384933
26.1305,58.8703025826194,-83.2392308506733
26.131,164.45527301326,-45.7740928724873
26.1315,272.096059587679,-23.0401927297223
26.132,306.350678335678,-15.7582247594902
26.1325,262.652197156976,-13.0287035574616
26.133,194.059020088881,-1.74161392002719
26.1335,123.502960620492,15.1381124133694
26.134,27.7919316546412,20.0291275668681
26.1345,-84.8907285478678,4.88858930312855
26.135,-151.740955825675,-16.1060278237724
26.1355,-141.163275745068,-26.6375412561204
26.136,-101.830360054636,-33.5489432129908
26.1365,-82.732297714555,-58.7776965008012
26.137,-56.147727128409,-106.065012087872
26.1375,24.4291338865892,-148.451618270501
26.138,127.596528486929,-156.16471798825
26.1385,167.884344991122,-129.873922480298
26.139,110.544292649926,-97.005443639136
26.1395,3.27062372386987,-78.297695336342
26.14,-84.8119816543541,-69.6090388157495
26.1405,-115.539428828359,-59.1526942385793
26.141,-89.8606311194497,-49.8487568114969
26.1415,-46.011754293642,-52.7343113464119
26.142,-34.8059837060997,-63.8969979230394
26.1425,-56.5311468649996,-63.3733288364249
26.143,-41.5300155301902,-40.5829984896371
26.1435,59.9401694409332,-9.50137521902638
26.144,187.190319904018,8.6886738758521
26.1445,224.96557586464,10.7203673921212
26.145,143.461938351559,11.2950784760643
26.1455,28.8389708004509,23.5910063664014
26.146,-24.621037920811,48.9033185960482
26.1465,-1.69602223702957,82.6400178035992
26.147,52.8604909836175,119.687198678113
26.1475,84.6263607638001,151.487151428944
26.148,53.5487206872691,166.210586670684
26.1485,-39.4213219214199,158.05153592397
26.149,-136.105614571769,134.01323232281
26.1495,-173.788764609504,107.392759181801
26.15,-158.550388947748,84.8826295319508
26.1505,-141.119695942281,62.8421438348062
26.151,-126.498922970031,37.204000283728
26.1515,-75.1137811979293,14.4021630698772
26.152,0.83377972502083,7.45148266313039
26.1525,24.9387821197869,19.1363691288307
26.153,-28.7175924849387,35.0456512280242
26.1535,-85.8345772516002,41.2301985598951
26.154,-82.2260230097412,45.4497366567164
26.1545,-50.6811102447539,67.6091275438629
26.155,-37.2546186497011,105.546276198826
26.1555,-0.265804647912047,124.950523985476
26.156,120.024675531496,96.0035168351473
26.1565,271.464278259498,32.1393584331367
26.157,322.635211308688,-22.1049066149528
26.1575,218.199644633668,-38.5220900951719
26.158,33.3047938380412,-26.443510876252
26.1585,-118.294126123658,-8.73355231547418
26.159,-168.241970799891,4.87262114583066
26.1595,-101.478019508817,14.3213927972711
26.16,40.8030801024246,15.7700925100797
26.1605,157.260494873095,5.94311031676774
26.161,154.040877759312,-7.14077900157788
26.1615,40.6524399762804,-10.8711041784476
26.162,-83.5998670729111,-3.47845791715789
26.1625,-146.175759005519,6.58341075246902
26.163,-159.709522101632,14.0664004041464
26.1635,-162.846140387915,19.0787480887563
26.164,-158.466983407576,16.6255271205509
26.1645,-125.380782725502,-3.07818334937338
26.165,-46.6759219334948,-38.6594876181162
26.1655,81.688580542526,-71.8920995207084
26.166,223.839002869827,-86.1267433121399
26.1665,284.954620583309,-84.1117376036566
26.167,186.108969636021,-79.1274098552561
26.1675,-19.329393743845,-74.6287916260896
26.168,-164.998308237088,-65.1246448364776
26.1685,-143.128242015304,-54.285845140458
26.169,-14.5001278607871,-55.2126124421192
26.1695,77.0777499270041,-67.3684892568936
26.17,52.6966671957733,-68.8876623091524
26.1705,-61.875760982148,-44.0711581341171
26.171,-186.936177594425,-7.60427635645847
26.1715,-244.593335060502,13.960789812462
26.172,-217.097306594926,17.2185759457009
26.1725,-184.494256505376,19.4321361958633
26.173,-244.125407491591,24.3287529096165
26.1735,-352.46611818588,13.9715004950649
26.174,-325.492385127989,-18.3238337578452
26.1745,-71.3039333005121,-47.5844754265937
26.175,245.180910658189,-43.8579951001141
26.1755,372.076882481843,-6.2832359812603
26.176,265.110181043055,42.9594076782264
26.1765,103.725603931344,87.5646822024837
26.177,37.7474883993446,125.180897808449
26.1775,46.2353800795501,155.956307586969
26.178,60.4489601867663,180.090458790793
26.1785,92.8410717112823,201.616592002167
26.179,176.567681812479,219.202725190851
26.1795,269.659229412701,218.974817053207
26.18,302.101629039249,194.373566805795
26.1805,265.713925210597,167.982533518366
26.181,190.433022056134,169.481037972012
26.1815,78.7211071683662,188.550985713331
26.182,-64.7095983307011,173.463659322016
26.1825,-174.184428043143,88.7265121007242
26.183,-176.111256011447,-41.8489447820718
26.1835,-92.7234587727721,-161.930623058643
26.184,-23.1694216535546,-239.60360680239
26.1845,-15.187434347148,-284.973688883746
26.185,-13.2583473513997,-323.327875919967
26.1855,51.8531306702356,-368.861864509426
26.186,170.298414938267,-420.907368078271
26.1865,271.043079297154,-469.09380624543
26.187,297.251965419245,-498.181873841978
26.1875,241.029303760936,-496.628823637419
26.188,127.350851448396,-464.457205602467
26.1885,-11.7290053853479,-410.434781945852
26.189,-151.364440319438,-343.250329073396
26.1895,-270.000474878888,-268.786592565713
26.19,-333.222248042983,-191.87440876824
26.1905,-303.943631169639,-114.053045926287
26.191,-196.228258481041,-31.4439140968588
26.1915,-99.2906100934141,58.6308466775387
26.192,-95.4864401825643,148.878279659732
26.1925,-151.238656303293,224.640653514864
26.193,-146.543025969166,275.9716020253
26.1935,-33.7529173177122,305.02855653952
26.194,93.0454301971678,322.848833481161
26.1945,129.764189192811,340.907827977053
26.195,105.961599360107,363.269556652682
26.1955,124.66026554458,384.046639241959
26.196,195.729070631696,394.826534516538
26.1965,225.263615341478,396.686703610018
26.197,170.463927429889,400.297859628001
26.1975,104.770588413963,409.346576199379
26.198,92.7725659242558,408.090740182213
26.1985,89.0097841900794,373.910343284198
26.199,25.2967494954316,303.600609555612
26.1995,-71.3689845263914,221.039958974362
26.2,-132.187510033574,154.327119815615
26.2005,-168.895739228236,107.291388535815
26.201,-243.095169171464,58.5103729124077
26.2015,-335.863933367749,-9.47538965349027
26.202,-356.059327473123,-84.3565675108527
26.2025,-286.20119893273,-134.719326908994
26.203,-215.563078871899,-146.494616572842
26.2035,-197.290029104994,-138.170467260371
26.204,-172.643406784333,-133.419165563905
26.2045,-91.9253997312554,-130.365288504512
26.205,-18.6978702397818,-112.881518130951
26.2055,-30.3517763662538,-84.5536531050393
26.206,-81.9108250627868,-69.489184330231
26.2065,-66.9611844760587,-78.6236797115516
26.207,23.7809958786854,-98.4833675274891
26.2075,102.190947552801,-121.324426930073
26.208,122.091249338697,-162.940096841649
26.2085,123.623742756082,-233.546399113452
26.209,140.83509252088,-309.035708575676
26.2095,156.527364436333,-353.180846564875
26.21,161.45203672646,-357.52159755351
26.2105,173.064204048701,-337.916697168321
26.211,172.892455136819,-301.40643723584
26.2115,107.694463662646,-242.983905717068
26.212,-10.8593821829304,-172.28414535943
26.2125,-82.3853910968453,-115.359264380105
26.213,-41.5777205016974,-83.7513071698401
26.2135,56.0380490373665,-64.0295017785599
26.214,122.762111014002,-44.9606045243094
26.2145,154.880471408508,-32.559399363405
26.215,198.040029706059,-26.972371726936
26.2155,243.929131771006,-6.85823658657578
26.216,236.254510522787,43.217394054025
26.2165,157.894087800937,103.658300868785
26.217,46.5479103442106,139.851418775315
26.2175,-65.024033911284,145.539324167052
26.218,-166.3427958319,147.210294346534
26.2185,-233.640520559481,167.050039963219
26.219,-233.26662895666,199.079704638974
26.2195,-166.569649543788,224.652958667362
26.22,-72.0313555791539,236.449018638923
26.2205,17.068735359652,239.476294998814
26.221,84.0201611898911,236.887793047078
26.2215,110.640209015573,222.949667274135
26.222,93.7418593490136,188.755366175032
26.2225,73.1904794956466,133.300477693824
26.223,93.5958561819327,71.1322019584991
26.2235,135.754239611298,27.0558550333156
26.224,133.686362343737,16.1361848218516
26.2245,66.4298835716901,27.0241607193726
26.225,-12.6813862117095,30.6162821809974
26.2255,-47.4717934199307,7.71830107095514
26.226,-35.0269970999773,-35.7816874656484
26.2265,0.258328162385711,-80.989526697789
26.227,40.4552712411326,-114.614727686821
26.2275,62.2911187474837,-131.317587995791
26.228,37.5389656307682,-127.036833381113
26.2285,-24.9813529514733,-101.88919307909
26.229,-72.226826678494,-67.7542675949478
26.2295,-70.5166925211841,-41.3026666327019
26.23,-47.9297944659785,-26.4295824589626
26.2305,-47.5662662744475,-12.6464335256108
26.231,-66.2001024484266,4.99802413897565
26.2315,-66.8024439997248,14.6987747213434
26.232,-30.0031855628682,5.96450251096683
26.2325,28.7228107337557,-8.58352330606051
26.233,69.7040098534663,-3.40235018182996
26.2335,41.3196168189035,28.6917922219039
26.234,-81.6935683930586,67.7933222234302
26.2345,-245.663234134505,91.4517171435022
26.235,-342.218853667473,96.4884775615367
26.2355,-322.294732191214,92.7905281660909
26.236,-251.738768068121,87.6548211732898
26.2365,-211.986369122426,83.8757869059725
26.237,-184.852310106007,83.1696813731402
26.2375,-98.6887498760722,81.328247567503
26.238,37.6096575767216,66.5867749787115
26.2385,128.759987464268,32.0613422374951
26.239,129.396345712169,-15.8485791505687
26.2395,114.694876111302,-69.29177933676
26.24,181.960787842787,-130.68791983812
26.2405,327.170680597291,-200.982873271579
26.241,455.570523194778,-263.848381715856
26.2415,489.515353346989,-297.29841626368
26.242,432.936902415212,-298.196743148081
26.2425,335.511877450989,-280.735984869423
26.243,215.844908551612,-253.250609998947
26.2435,38.3250019605667,-213.64861126367
26.244,-214.819971273168,-168.572987499235
26.2445,-454.649254389076,-138.302136387164
26.245,-526.257322756717,-134.697223631424
26.2455,-385.637683194396,-146.350950925556
26.246,-192.405054773582,-151.75768888652
26.2465,-148.236980222781,-137.03474061648
26.247,-259.387173675811,-97.3835315375032
26.2475,-346.675509423798,-34.6308888145944
26.248,-291.170993657093,39.971912104734
26.2485,-166.914245557743,112.088476663408
26.249,-99.4269829206364,179.450673844353
26.2495,-100.639007109754,248.716431394481
26.25,-114.337203607434,312.32255876019
26.2505,-134.191474902746,345.422296066855
26.251,-173.923967737129,337.219561720739
26.2515,-175.962265087682,310.014752480355
26.252,-62.7112122031173,291.588376572187
26.2525,139.936311151927,281.112621544701
26.253,326.578803533426,260.680568615091
26.2535,446.751392924858,230.352751414527
26.254,517.895455380437,207.992881680366
26.2545,512.881047372706,195.835319804584
26.255,358.221501623928,170.078090710887
26.2555,84.3286346817926,110.872406666467
26.256,-129.444300541132,27.8117675488027
26.2565,-137.379758086749,-51.921190531313
26.257,4.79973871152186,-110.140341359201
26.2575,122.128499369373,-145.282639128126
26.258,124.503304759723,-161.810062758256
26.2585,61.9997456849529,-161.174103445411
26.259,13.8201068119841,-142.638194776927
26.2595,2.23617628678012,-109.70135132749
26.26,12.2160804764134,-74.230947759246
26.2605,29.3146843786302,-50.1725026072582
26.261,40.9693782534965,-39.4207527091652
26.2615,40.6230550812924,-28.3528984253465
26.262,45.1118018524468,-4.80032332061059
26.2625,81.0827049642313,25.3120742743586
26.263,145.939225421913,45.8392578160835
26.2635,205.210694262669,51.0543658082466
26.264,235.06311395589,49.0914783506102
26.2645,247.113769176548,48.3471366603767
26.265,263.519504684228,52.1193591082817
26.2655,282.507849108882,63.9604101352233
26.266,276.78385667873,82.0183423918859
26.2665,221.089404924545,85.0968677000495
26.267,122.684550796816,42.4286543540612
26.2675,27.8423509366254,-49.6190325698659
26.268,-14.1807731172923,-150.128990935678
26.2685,-5.39380733561519,-207.465293295127
26.269,-3.55671787659904,-209.061539615038
26.2695,-54.5641884951686,-187.857945082993
26.27,-134.718646815275,-180.526109968996
26.2705,-187.086043998565,-190.339830164846
26.271,-204.740109809772,-195.303623213921
26.2715,-240.015896738864,-183.648036614145
26.272,-326.818630706355,-169.878487597849
26.2725,-433.07189141459,-174.421576352938
26.273,-510.150093003856,-195.728981699504
26.2735,-554.439391794551,-209.497313593049
26.274,-582.168849321666,-192.651135216978
26.2745,-564.514251594353,-140.799417252579
26.275,-444.188628821933,-63.4577123242989
26.2755,-231.729424210496,26.7092826802283
26.276,-40.3871837414798,114.426270087988
26.2765,15.8497821220617,180.679560024038
26.277,-56.0562458583719,211.390010411471
26.2775,-144.303784853031,205.664874013452
26.278,-162.192616229382,170.948756233092
26.2785,-122.375795211921,115.704378815682
26.279,-83.172775739801,53.9815406681422
26.2795,-74.1887020900472,9.83363507607323
26.28,-96.1670435487953,2.7979196510065
26.2805,-139.418007745063,27.3408370223252
26.281,-155.513104312615,56.057527744695
26.2815,-56.604664863182,65.5364403642591
26.282,184.57785834751,53.2661901955847
26.2825,454.169950806683,30.3970189008184
26.283,597.091349237083,6.93130118577519
26.2835,600.038224644413,-14.473482574109
26.284,592.735296532713,-37.5230832619154
26.2845,647.226241863239,-66.6646670697177
26.285,667.916547213702,-96.3750828725127
26.2855,538.757220667022,-106.68249703079
26.286,303.368911544062,-77.6594075114787
26.2865,110.594777741955,-9.55257299996478
26.287,22.9706990066328,78.1776184361432
26.2875,-24.9080103142509,166.542072263473
26.288,-90.694662901028,246.128927918174
26.2885,-144.981161216592,307.660783523306
26.289,-148.548076568782,338.239446573021
26.2895,-128.421936008957,334.087655800338
26.29,-131.975288900291,307.285804802399
26.2905,-154.968124652312,271.691196828982
26.291,-159.767884695026,228.437105988494
26.2915,-133.587657373897,172.449436442668
26.292,-89.5149230181501,107.682802600241
26.2925,-33.6976112145558,47.0110265545023
26.293,27.2657879881224,-2.04041048155149
26.2935,57.7086167984492,-45.3870880989923
26.294,13.6082487613294,-94.9989637999978
26.2945,-97.5599849133041,-155.474988888812
26.295,-200.727728345279,-218.502675198289
26.2955,-214.968909197306,-270.527542121446
26.296,-132.379301238924,-304.777628569784
26.2965,-31.0605776588557,-321.902328674529
26.297,-2.88127641179495,-318.669709793321
26.2975,-62.6111414832749,-285.608823740068
26.298,-134.240932212873,-223.694043250333
26.2985,-135.873888955009,-155.405643838766
26.299,-68.0251357058701,-106.404369882363
26.2995,1.40094515475245,-79.5411109107322
26.3,32.262892128522,-59.0198018728397
26.3005,59.4570760591767,-35.92811052271
26.301,132.430845527643,-13.5709983276698
26.3015,232.384013877216,10.4797947019567
26.302,275.851587659708,47.3226304980798
26.3025,199.207074352675,96.547828477528
26.303,27.7595759019625,140.283150693549
26.3035,-139.75256689286,164.607301303078
26.304,-212.704357899281,172.411330757074
26.3045,-178.83187620704,169.332705735005
26.305,-97.2479670631123,154.21062448361
26.3055,-25.241553946514,132.224160695779
26.306,35.7439837639341,119.132677212545
26.3065,114.566582375512,118.579431673768
26.307,212.774942321991,110.127643560209
26.3075,302.387299685242,75.011613181417
26.308,373.311137303854,21.0853239828228
26.3085,444.201913436841,-32.6944410699592
26.309,514.747415518383,-82.7289489853472
26.3095,539.429012000024,-132.943389048889
26.31,471.56501987362,-172.281919301654
26.3105,315.024876943778,-182.959989316327
26.311,112.737295813256,-166.345315519094
26.3115,-99.5688229991565,-140.55836417061
26.312,-305.237918886897,-115.522838784837
26.3125,-483.742304617538,-88.8777207448614
26.313,-604.5780988097,-62.8547607755922
26.3135,-651.798002482822,-44.5427658839466
26.314,-643.421363369653,-30.2066137433981
26.3145,-620.007046580878,-9.67654908696693
26.315,-612.586736356074,12.8024632978676
26.3155,-615.65256623211,22.6456056200993
26.316,-589.014846454107,22.3145171385886
26.3165,-494.771451934567,32.6174510514995
26.317,-339.200482275344,59.8694681259362
26.3175,-174.714978376294,83.1948048719623
26.318,-59.0496953918251,86.3750045296391
26.3185,-16.0836736183426,83.9492358978568
26.319,-28.1764873481366,99.3510398535002
26.3195,-48.0788332262359,129.374786856943
26.32,-19.7588837553184,147.392567117213
26.3205,84.88245828371,135.425837408947
26.321,233.895146499861,98.5988409287227
26.3215,355.310936031374,52.1433458594633
26.322,404.721944882561,8.23496376174446
26.3225,403.087137848122,-24.7879605250091
26.323,397.404086605732,-42.3137101473216
26.3235,399.688228524228,-46.187063096601
26.324,383.755413597099,-41.4268027645422
26.3245,334.28443186637,-29.0674689103991
26.325,278.837155500867,-8.34944957597204
26.3255,267.527836414205,11.9267875847887
26.326,327.009068096215,10.4754010030109
26.3265,431.0469089845,-30.6724753056403
26.327,510.825887527797,-105.305599322814
26.3275,500.334617735379,-181.184927074545
26.328,381.56151515543,-223.798961280159
26.3285,191.219863361278,-223.58494427718
26.329,-5.90365134222076,-198.230397708116
26.3295,-141.293169081429,-170.441914756766
26.33,-161.222818132473,-150.509670392701
26.3305,-62.5356816638607,-140.488727285463
26.331,79.8461248673294,-141.871280170381
26.3315,155.814477074759,-148.417233054385
26.332,115.220137235587,-139.842372410489
26.3325,3.8447638429226,-97.5109845283256
26.333,-106.062384806531,-25.539401621102
26.3335,-190.820840563679,54.2231405989385
26.334,-260.849398729033,126.337447773291
26.3345,-309.220307168153,190.221476050373
26.335,-319.361579995406,247.548896423079
26.3355,-306.324409365541,295.434381829619
26.336,-304.504916088817,332.34471048001
26.3365,-318.314111603421,356.022622487272
26.337,-323.483888032137,352.940577449699
26.3375,-314.336145176052,305.563297023869
26.338,-310.176418276888,217.675951664348
26.3385,-313.361492815215,120.45937493846
26.339,-301.05078456472,44.4437743894606
26.3395,-265.055664787073,-6.53437211319932
26.34,-221.170474656273,-46.9951625382021
26.3405,-171.013928696825,-84.6329393809105
26.341,-98.2623964668701,-112.391319244067
26.3415,-19.1432136991965,-120.359547996968
26.342,9.98467404684691,-107.780926236144
26.3425,-32.6897613665016,-84.7306471324926
26.343,-88.9166354126609,-64.5107787209041
26.3435,-87.2010574840947,-51.9906762475617
26.344,-26.7901959081717,-40.2434867872241
26.3445,43.5113039359792,-22.2168756271706
26.345,101.523554494573,0.649874250980837
26.3455,155.869148886601,31.3454138669321
26.346,193.04460614749,89.373025492793
26.3465,182.193580664658,187.308730424715
26.347,135.124009308257,294.7935730653
26.3475,105.609286346776,351.430983062241
26.348,115.042470138222,326.918518207112
26.3485,125.950898572005,250.395677567016
26.349,102.567265791129,171.245242818724
26.3495,46.555690104705,112.14112587331
26.35,-42.792510206762,72.6039019415581
26.3505,-174.369017430338,51.1850314098647
26.351,-288.366161699961,37.4359364481513
26.3515,-247.298003111704,0.952400145524129
26.352,8.16434110492025,-78.3333140051011
26.3525,331.077977121192,-175.828726139904
26.353,495.49664147339,-247.784258020923
26.3535,448.29473713309,-288.318655241669
26.354,341.289399320821,-332.819714177768
26.3545,306.195642812475,-404.643230977346
26.355,309.210808223437,-487.915516707249
26.3555,274.95692440026,-558.356638021216
26.356,242.312450946479,-610.816464398643
26.3565,294.469997942092,-642.754317503924
26.357,398.823986427546,-636.826181167143
26.3575,434.98346217443,-581.788468686433
26.358,364.867019260786,-495.663446436809
26.3585,270.446440504708,-407.598023525295
26.359,216.659322435315,-324.48110126768
26.3595,169.739157310421,-231.230483935903
26.36,74.0966554337787,-117.300939918356
26.3605,-69.4612234331306,12.2440772183493
26.361,-232.743700395181,147.42651254904
26.3615,-395.412458099234,280.034112598632
26.362,-512.886004114993,399.361574789847
26.3625,-516.771183034998,491.794182432878
26.363,-403.545434903717,546.983901957777
26.3635,-277.086527896297,561.595498758473
26.364,-245.796022008473,541.586950347207
26.3645,-303.649149429812,505.491980167587
26.365,-356.453892994518,477.527944691979
26.3655,-338.814668125374,467.547836942954
26.366,-263.224160613943,462.0755053802
26.3665,-179.492402214207,443.73326519456
26.367,-130.454784722852,414.158636890937
26.3675,-130.645170376904,387.438000666622
26.368,-151.220174140893,366.715130411458
26.3685,-141.684498853549,341.864358157176
26.369,-93.5919309507507,308.374017435178
26.3695,-54.177211579569,272.20775369988
26.37,-47.3009882861077,232.742339724093
26.3705,-25.3944674258171,176.176285181472
26.371,49.059618144944,93.8391669559633
26.3715,118.295345922321,-4.18984257768851
26.372,101.101066561201,-102.430171861965
26.3725,25.138540820681,-197.134583910846
26.373,-0.26956667979442,-289.382305584164
26.3735,55.8138744079112,-369.283552561138
26.374,100.043556960365,-421.97829935043
26.3745,53.4449095693614,-447.846023111679
26.375,-39.1651686250174,-463.086431998267
26.3755,-79.6670077701114,-477.118195479946
26.376,-38.912544668252,-480.093011599409
26.3765,39.7654987501872,-458.308679121781
26.377,116.049778660089,-413.997887988722
26.3775,176.224318723104,-362.495914913421
26.378,204.228449173783,-314.34762547742
26.3785,183.74712755827,-268.012631298717
26.379,129.740203155913,-219.172031697803
26.3795,80.6630891383889,-169.930816895212
26.38,51.6823233037501,-125.501418615314
26.3805,19.8031097099581,-84.8981183490825
26.381,-34.920219396395,-39.4452094652838
26.3815,-90.8018358293196,17.456632421156
26.382,-105.4810871286,80.4131159639742
26.3825,-74.9343725994723,135.127985377642
26.383,-51.5637231811932,172.280914163688
26.3835,-82.3085251782834,194.59818015185
26.384,-137.968698819214,207.999872451916
26.3845,-142.100142330138,211.814787114246
26.385,-79.718072858217,204.821585710382
26.3855,-28.9302730103654,196.031523341323
26.386,-48.1854425569308,197.321289406041
26.3865,-77.1934839733442,204.924991458554
26.387,-13.9544366374952,200.873704985405
26.3875,134.074186640188,177.210654493292
26.388,252.977647039435,147.025719332184
26.3885,276.723899211909,124.705209456582
26.389,261.829236687899,107.164526129343
26.3895,287.053531444102,85.3244412741614
26.39,345.902599494085,63.894383157854
26.3905,371.58939486776,55.079786686505
26.391,313.425689289081,58.2048483998976
26.3915,157.160746072182,60.3285318937399
26.392,-69.1897544876154,54.5338945481016
26.3925,-262.865984194477,43.7430303253276
26.393,-279.398816258647,27.825381862935
26.3935,-74.4948505013237,1.67200667630618
26.394,207.026139060981,-31.9218691217534
26.3945,346.450586498763,-59.8300956745665
26.395,253.830528210514,-72.0665700032123
26.3955,23.096179341473,-68.9044335927999
26.396,-187.4301700617,-55.6954859934468
26.3965,-275.856997669966,-42.2241265080085
26.397,-219.608378154261,-45.3307765556072
26.3975,-56.2968196117105,-75.8302157847127
26.398,130.293405375706,-119.775872714605
26.3985,247.539380970366,-148.008377450783
26.399,252.650676783581,-149.418469946864
26.3995,172.383485837269,-141.006560775095
26.4,66.4386847271083,-140.241835370053
26.4005,-16.1960276068717,-142.601112979711
26.401,-57.6511327672902,-133.646517084964
26.4015,-76.7619061761384,-109.185032098203
26.402,-111.695384046439,-75.3555123106252
26.4025,-172.787561126975,-41.7567130600236
26.403,-217.281929724435,-21.3079359054002
26.4035,-196.833132347052,-21.3887452029763
26.404,-125.292053489159,-26.374002256639
26.4045,-69.9356225547245,-6.19976832882629
26.405,-76.7061568064319,45.3507860959441
26.4055,-134.259732736726,97.4242517841153
26.406,-212.316728121723,121.473054237363
26.4065,-298.752425933154,126.972881644106
26.407,-384.176562693707,139.901119142687
26.4075,-440.298005250954,161.866955303583
26.408,-441.825235561407,173.82633240758
26.4085,-402.458055804364,168.602899656482
26.409,-368.737470036521,154.104321322359
26.4095,-368.384125714694,131.035765595244
26.41,-361.747514484175,93.1018567002474
26.4105,-251.808572101911,47.1881277146116
26.411,30.1344841335819,10.5287255813636
26.4115,425.092897887421,-10.923433386521
26.412,748.076546733423,-20.4846666122547
26.4125,827.197602376655,-11.2140678467314
26.413,653.245971952931,25.9782910518246
26.4135,376.453308688083,75.0840068971054
26.414,156.812157183281,103.681856380863
26.4145,38.63583409057,104.349839486649
26.415,-32.5654046604242,101.91168992738
26.4155,-111.020003282976,111.89882645489
26.416,-195.546294604688,117.581938807867
26.4165,-254.010818014156,100.008759468668
26.417,-269.916228013152,66.0571316541843
26.4175,-256.142125970858,29.4462873661978
26.418,-234.088611900053,-15.4498907461849
26.4185,-210.475218426123,-79.1896701435499
26.419,-177.68075570879,-149.597813085195
26.4195,-129.573082192237,-199.652405024759
26.42,-64.3317514171676,-217.900662360959
26.4205,26.5840823054031,-216.682706153629
26.421,150.365243516773,-214.970819169694
26.4215,283.503863647519,-223.519073873275
26.422,374.014236501115,-239.943661595107
26.4225,396.077740887231,-247.963263038047
26.423,386.284603071057,-228.694846062818
26.4235,397.792806053646,-183.286229049802
26.424,429.463497211212,-138.160006560101
26.4245,431.527131998793,-118.895909858633
26.425,375.68584142796,-125.501064119451
26.4255,285.934761715343,-139.927609099645
26.426,199.081853055228,-146.664648808013
26.4265,127.668460932601,-136.140422599826
26.427,67.6397263382784,-101.202946509275
26.4275,11.3460292571004,-46.6721746419056
26.428,-56.0998895677111,5.53418753033128
26.4285,-143.476435306919,36.9667199981386
26.429,-225.365486194419,53.4185137408737
26.4295,-257.537716942453,71.2825180656731
26.43,-235.359984966497,89.7291234100601
26.4305,-207.392555121719,93.7398483729999
26.431,-211.403940570946,81.691853873116
26.4315,-225.313684319732,71.6895685016296
26.432,-207.230844514683,78.6788413185064
26.4325,-158.72519252319,99.9292540547028
26.433,-114.59587537107,125.016489996004
26.4335,-85.5190223052181,145.518153131031
26.434,-47.6498158633918,151.11189874029
26.4345,13.9321069078713,131.120629270569
26.435,82.7676345620099,89.407069127939
26.4355,135.627743293584,49.1735225992328
26.436,165.551431327566,33.7962053702647
26.4365,174.757674698653,46.0514574431164
26.437,163.417578407151,70.9426127256582
26.4375,132.093954638137,94.9238609901646
26.438,82.3622760708072,116.890199397481
26.4385,11.7097618670709,141.973943096341
26.439,-79.8963023634091,169.769971032211
26.4395,-175.956224941092,191.582382696313
26.44,-247.930450642884,199.429642570455
26.4405,-277.19021489168,195.156598185766
26.441,-264.814839364223,186.443307942041
26.4415,-222.847258233757,174.252459342048
26.442,-169.367552001284,151.202173523252
26.4425,-128.890671897151,115.85878993699
26.443,-116.062516394872,81.9151873734232
26.4435,-112.808311663367,66.1755660840898
26.444,-81.6804029509062,70.1887877551661
26.4445,-13.3886595138455,78.6276906764317
26.445,57.7012431551348,72.806309552134
26.4455,102.426965613874,42.4288892095237
26.446,141.82017940554,-9.67858165070983
26.4465,211.389118188758,-67.2434169184706
26.447,285.72952271623,-109.332175886285
26.4475,279.355209217107,-127.877177832897
26.448,144.689102542866,-135.254314100557
26.4485,-53.9588222416229,-149.200769661628
26.449,-193.750361463321,-173.234082798656
26.4495,-213.814935134864,-197.219975032189
26.45,-157.616457215645,-212.355919559103
26.4505,-99.3756962454227,-217.430712141772
26.451,-62.3157314601246,-213.317843779609
26.4515,-26.2321927562309,-200.389443220069
26.452,9.7517729415895,-181.823714565779
26.4525,8.01743336424794,-163.654495471022
26.453,-56.7649956830797,-151.093923730104
26.4535,-145.10943202749,-146.909794885332
26.454,-168.196637322458,-149.602747234795
26.4545,-65.5642329897937,-149.833768042657
26.455,127.495347782975,-134.528610650914
26.4555,294.553451827266,-100.336271017682
26.456,333.318853543897,-58.3122730607056
26.4565,243.014508320068,-20.5728617486415
26.457,113.193588805812,11.102570019328
26.4575,30.5975762094652,38.4419594898815
26.458,13.0581894919344,58.3752420662433
26.4585,31.7665579720791,70.514503855175
26.459,64.0535885725697,83.2931067609652
26.4595,100.505114984828,100.453768012356
26.46,121.929008710769,109.198573539291
26.4605,104.166152092912,95.7528353099397
26.461,45.5778574592022,67.1727031573182
26.4615,-30.5274709462083,43.556563317236
26.462,-98.4788271858736,33.1510472914421
26.4625,-140.86123625877,29.5989306642926
26.463,-148.660293511548,29.3008777378227
26.4635,-134.202267831461,34.5790686303183
26.464,-134.102522409613,40.9549989516365
26.4645,-171.162125992284,37.706591750205
26.465,-219.663363576164,22.2821792018968
26.4655,-237.995901191943,1.0214722486807
26.466,-226.955218913544,-23.1703550223927
26.4665,-215.697970923506,-49.3557799146635
26.467,-194.217237703538,-66.7306654345806
26.4675,-114.98787570065,-61.4952007616716
26.468,21.4501718756732,-36.3953617739176
26.4685,138.275956285609,-7.33856130010467
26.469,179.542583800871,19.5738109197426
26.4695,194.701159787321,50.1276313932557
26.47,272.129443822512,81.384050692069
26.4705,405.630077973542,100.518430139846
26.471,480.265796535473,108.221586841501
26.4715,396.752969676706,121.312704453814
26.472,177.349446093531,144.547016798699
26.4725,-55.273222297647,160.980165818735
26.473,-178.700589829728,160.186353676957
26.4735,-151.696033076738,154.907763966593
26.474,-26.8412033266459,156.24819991652
26.4745,102.519558662865,151.975053943012
26.475,178.234289591764,126.661912810499
26.4755,204.733450944224,87.822560776011
26.476,203.468114459484,54.0365149308484
26.4765,168.086180007556,29.3965695955061
26.477,92.3548415639008,6.99514631913684
26.4775,18.9798653250346,-13.2643777205135
26.478,8.72485865854892,-28.0348050213612
26.4785,55.2962057504032,-42.543023106607
26.479,75.3206579695472,-62.2813450986162
26.4795,2.64084234878424,-81.2255494592214
26.48,-139.066851468661,-94.9619261602186
26.4805,-277.523699768544,-115.817265364244
26.481,-374.246834297969,-154.905011668505
26.4815,-434.479520217055,-196.827936052347
26.482,-455.831821957855,-215.648773788175
26.4825,-410.687934094123,-213.785946260028
26.483,-289.741547151331,-221.930334055413
26.4835,-138.761846965672,-257.490778330054
26.484,-30.976068338822,-303.010091817453
26.4845,-0.693185265862824,-330.30836391388
26.485,-11.8356192946409,-327.578366090269
26.4855,-0.0927645921783113,-296.197921338892
26.486,55.1886792488751,-239.097975595198
26.4865,115.36219197293,-164.531881242415
26.487,143.960942895814,-89.3073913417518
26.4875,158.824934551646,-25.0389502882185
26.488,195.592413290922,33.4921307920841
26.4885,238.331170577328,97.456570196933
26.489,234.126433646066,166.189248699191
26.4895,178.734040537066,227.986769070027
26.49,134.090840581465,274.739542507462
26.4905,135.135495377249,307.510539935629
26.491,126.726967041473,328.526089680795
26.4915,39.3375184808172,335.229104304596
26.492,-102.592222354092,325.580331434955
26.4925,-203.590320293811,305.788445346655
26.493,-217.696222389079,287.736445423183
26.4935,-190.035115826975,276.920949442598
26.494,-173.612787772275,265.976350682559
26.4945,-162.091024887693,244.289561825732
26.495,-132.510807742466,212.182609986336
26.4955,-108.185317630375,178.887809486425
26.496,-129.948658696375,146.466239244909
26.4965,-182.090595649033,105.348593815806
26.497,-195.593411324007,50.5039953766812
26.4975,-133.081946149495,-7.0207871258363
26.498,-37.6841082561006,-53.0579591012929
26.4985,20.182916995858,-88.4457417149198
26.499,25.9539675103445,-124.592183132788
26.4995,31.176780995162,-165.118090662585
26.5,88.7363780928264,-202.405223641547
26.5005,197.00836875642,-230.9818632595
26.501,308.829512973566,-253.852307730172
26.5015,377.363885236326,-272.924625037553
26.502,382.846109329976,-280.038998555987
26.5025,328.482438740482,-262.06978707914
26.503,232.30302229393,-214.847365164825
26.5035,125.65708077476,-152.545055103161
26.504,42.3603957115934,-101.689042324859
26.5045,-2.53742006175421,-79.3189491536711
26.505,-18.8205143721503,-74.8651836688099
26.5055,-23.6799396169763,-60.8920588954331
26.506,-28.2812774078518,-24.991632273575
26.5065,-44.0288615209869,18.0732936000893
26.507,-82.5413666566952,50.3106984027428
26.5075,-132.174144806177,73.5384910556634
26.508,-148.058649351299,97.9993152491655
26.5085,-93.2664770528176,119.856480085622
26.509,6.03023524299343,126.092649796434
26.5095,66.8086862738829,115.710865977289
26.51,23.158741070692,100.755927957212
26.5105,-110.992032615096,90.1282568001757
26.511,-254.695305979029,86.1877025402963
26.5115,-326.798031719213,92.1296568998004
26.512,-300.158702544769,105.989639474978
26.5125,-205.152968782887,110.746065785575
26.513,-92.2553760552393,89.3140983396664
26.5135,9.3788753899996,49.9390663933276
26.514,100.129959690933,19.1857668434822
26.5145,180.904564224786,8.27702899256992
26.515,229.245283991846,3.78356259296308
26.5155,219.77691547928,-7.17574679798321
26.516,162.672676864205,-23.5437541491319
26.5165,97.7416634710515,-47.4224601975775
26.517,43.7177834707152,-91.8471297202787
26.5175,-21.6320462404943,-158.62299635819
26.518,-110.322102826477,-225.991043035367
26.5185,-171.192364122746,-273.376521213667
26.519,-125.455793164103,-304.661422579096
26.5195,33.3424752337063,-331.326297262011
26.52,199.284569835359,-344.679590405537
26.5205,241.946400434752,-323.98363876618
26.521,136.283894242021,-266.482452400607
26.5215,-13.8237612141986,-192.13923587354
26.522,-91.3154034869388,-120.735631932825
26.5225,-88.1327386311734,-58.9446335434624
26.523,-88.4646034045554,-8.7410150590722
26.5235,-139.344794668042,27.191808912231
26.524,-181.388316568035,53.0743163028448
26.5245,-133.050930066853,82.3773413953901
26.525,-11.3074454473946,125.678808188005
26.5255,79.222361875487,179.363015644694
26.526,71.5862758326494,228.540879859411
26.5265,4.31313288552423,259.169151659237
26.527,-44.9232361831942,268.465247894068
26.5275,-47.9783256232739,266.989061251127
26.528,-24.2777182039758,269.464315212736
26.5285,10.0190552876771,280.370855514527
26.529,49.8575677027126,290.082142841829
26.5295,79.7348405894787,287.774433178388
26.53,87.4589032832321,275.03526166953
26.5305,92.622604670419,262.702690977181
26.531,123.449459281371,256.788647130416
26.5315,165.435174231668,251.985745794383
26.532,167.445670127676,237.96145238556
26.5325,104.00660687908,209.223015027977
26.533,2.64919934668951,170.263030164032
26.5335,-93.6102097293729,132.487525074975
26.534,-158.290295697747,103.207806755001
26.5345,-170.652394784773,76.5761411227069
26.535,-116.032527612214,39.7071352802036
26.5355,-23.495130152342,-11.0857459178333
26.536,29.6916714788577,-65.7863266129019
26.5365,-7.83686386101398,-113.197748420038
26.537,-92.1497842009,-149.292790929196
26.5375,-121.369789783105,-170.381628448267
26.538,-42.7549712170604,-170.18477958795
26.5385,99.0979467702493,-152.947222075026
26.539,216.407619794429,-139.423432694216
26.5395,253.565119330395,-145.921251680737
26.54,207.219257899201,-162.053594520832
26.5405,104.488307709601,-163.390965763927
26.541,-15.353213211606,-145.187172743245
26.5415,-110.998365853065,-129.978020841863
26.542,-157.173372956265,-139.173191790188
26.5425,-160.093355307651,-168.459642762633
26.543,-146.547241405627,-195.883910485381
26.5435,-133.658474689573,-205.446254588037
26.544,-115.198990155398,-197.783282061592
26.5445,-81.8417779333663,-185.608725776606
26.545,-47.7673998266258,-185.840408094903
26.5455,-43.6994580861302,-210.97743257972
26.546,-78.9428985335929,-258.907738265139
26.5465,-121.971227277095,-309.902928690996
26.547,-132.376776443599,-338.775803118276
26.5475,-107.833167031947,-333.714113584
26.548,-82.5550897463197,-303.751185556273
26.5485,-77.0275287383969,-267.644173961657
26.549,-68.9135173888775,-235.601463652642
26.5495,-27.2706026224313,-202.15338878424
26.55,38.7408218321194,-156.175551163146
26.5505,88.3485045731356,-94.6297646031557
26.551,106.839518555902,-23.4333768439443
26.5515,134.176698128779,51.7150957998918
26.552,221.085071399689,127.228515611303
26.5525,360.904008272578,193.634484078993
26.553,478.712068251973,236.031649781871
26.5535,496.309326902104,250.222250920737
26.554,405.322712741915,252.750030585901
26.5545,268.689071537241,265.9506605902
26.555,151.787578834556,294.538304138902
26.5555,66.9555883279344,323.490673395672
26.556,-7.19902377750127,337.483642742543
26.5565,-72.9178140456136,335.902681094446
26.557,-107.869177805047,329.226197531449
26.5575,-107.079812113077,326.238186195673
26.558,-97.9750142384461,325.161608005597
26.5585,-104.856058577363,314.464517668987
26.559,-125.175152204142,284.471740845011
26.5595,-153.10370201693,240.593095228367
26.56,-197.59381113749,199.547349490427
26.5605,-255.141617890373,167.680117358812
26.561,-290.01917343353,131.031133034106
26.5615,-272.111587872129,76.9002257255749
26.562,-218.505493763375,18.5592691151086
26.5625,-168.067093518439,-16.1604925972235
26.563,-129.93126202941,-18.8458359850046
26.5635,-90.7359808440836,-7.45589892873848
26.564,-58.237622733371,1.85039004120072
26.5645,-53.3008080093387,12.366705829025
26.565,-62.3098809891848,28.813785767953
26.5655,-46.2173840547273,37.4100373996372
26.566,-6.20818192405405,19.0070086194173
26.5665,6.01089111269304,-24.0076788774603
26.567,-37.0933105291487,-67.1410644738249
26.5675,-94.7520497407931,-89.8139990907774
26.568,-114.185716921612,-93.9690884519616
26.5685,-95.4527206042724,-96.8212336541723
26.569,-70.5242300704735,-111.14295924512
26.5695,-51.1271322479159,-133.938651782772
26.57,-34.7443229692629,-151.71630991085
26.5705,-34.6933747523953,-155.762769770647
26.571,-58.3710789208793,-151.207628422652
26.5715,-71.0705233040508,-149.234504238606
26.572,-28.8462085474911,-153.272090550551
26.5725,54.8999321241581,-158.683866122356
26.573,114.987949028812,-163.307279381631
26.5735,107.511244328593,-167.963874025292
26.574,45.2827781128021,-166.182633436102
26.5745,-33.1124710089085,-146.514774305972
26.575,-88.0642778316928,-110.597841843422
26.5755,-74.5868391484447,-77.08451439404
26.576,34.052969854122,-59.2148890187226
26.5765,198.723303291541,-48.6082777872686
26.577,331.533848180634,-30.9198684207461
26.5775,386.191046020617,-7.49999541840841
26.578,400.53541196817,10.9866729009125
26.5785,427.685413911805,23.6929605746401
26.579,461.266463453537,36.4372961486725
26.5795,462.207114133367,44.4565477292512
26.58,427.534624763157,35.7228850694483
26.5805,385.360889674389,11.470683382146
26.581,337.313476284059,-11.8600625297234
26.5815,257.257286755946,-23.1390513823498
26.582,151.12754362936,-25.7761084115693
26.5825,73.7827671970402,-25.1301432039989
26.583,65.7542459283604,-21.6187756228511
26.5835,98.1439152817283,-20.3872221203141
26.584,101.74487506791,-32.461289545891
26.5845,41.4327077863049,-57.5875666823261
26.585,-51.5367163908266,-77.2466674092134
26.5855,-118.507004837011,-73.9529746809432
26.586,-140.275442619133,-49.4684253166589
26.5865,-165.045168270782,-17.2646583846963
26.587,-261.550962328274,13.3517999050069
26.5875,-435.399683267683,37.9491641913597
26.588,-603.117492593591,53.0288615466215
26.5885,-668.140898343533,63.0999811120837
26.589,-617.71904975656,83.0498927900692
26.5895,-525.989294183292,119.412277723922
26.59,-468.290538892602,153.815205657237
26.5905,-458.453675714984,158.563438446705
26.591,-464.993809693548,127.036115973738
26.5915,-448.128721666584,77.5302861112713
26.592,-366.798424908708,29.7302623015211
26.5925,-190.738713326464,-9.46586769746682
26.593,54.8288000647379,-37.6394560970077
26.5935,273.282672693895,-50.1107331795402
26.594,365.753468389423,-47.4876008915622
26.5945,321.521296050049,-39.6238143344611
26.595,219.143218890512,-35.2875519490792
26.5955,140.575847649201,-33.8545247932552
26.596,108.175148269892,-31.3394739793781
26.5965,103.925829114064,-28.6600548876483
26.597,113.476704845861,-29.7034722471435
26.5975,128.406081129443,-35.5894142989548
26.598,126.629714700389,-43.6112001763667
26.5985,84.0189993502355,-48.2085693980416
26.599,9.14725827095877,-42.8711502679778
26.5995,-52.8887285336186,-26.7913222889226
26.6,-60.6425922327615,-9.09701620962171
26.6005,-12.6623300280267,1.51660265320013
26.601,59.7624060057388,11.1854626326721
26.6015,124.840939755182,34.2587716364748
26.602,165.306912375904,70.5211199690865
26.6025,170.345546493482,101.880372848756
26.603,133.083237082918,117.057084237889
26.6035,64.1140003060128,125.925027486839
26.604,-4.67066399539079,139.769963049935
26.6045,-42.6561302750189,150.185755034957
26.605,-43.7678519385875,141.893715236493
26.6055,-20.4795244543154,117.368751864249
26.606,16.213619566106,92.2096543106233
26.6065,56.9126685345071,71.6488853714277
26.607,82.6246738290364,49.4718563040182
26.6075,78.4698440386723,28.0626327631532
26.608,62.3110148830926,20.2624317973615
26.6085,74.3295220211083,28.0856720408311
26.609,123.361729818411,36.9777495576535
26.6095,163.503555877963,38.0625205575242
26.61,145.46707183929,41.3160890753518
26.6105,78.9203090996442,57.4077340323503
26.611,20.5454821964913,78.4236556365229
26.6115,6.84477684672396,87.6349626277252
26.612,23.2913447120944,80.3413884318073
26.6125,38.7507089923161,64.8162809219963
26.613,43.9580591241984,48.4418910035342
26.6135,47.5482778999677,31.9144704172657
26.614,55.6692758551457,12.4645580865925
26.6145,70.6026275417774,-14.6496796028493
26.615,96.7265081508792,-52.4340561158169
26.6155,131.641783569477,-92.543947834696
26.616,154.998949284041,-116.022018200137
26.6165,137.63856873374,-113.517264615326
26.617,65.2439883070404,-100.077922506933
26.6175,-45.6319399138949,-99.5252955875831
26.618,-150.561678629544,-117.03474679221
26.6185,-200.110339119608,-136.467724270432
26.619,-174.268092968663,-141.600626437217
26.6195,-101.760142091935,-130.004729442673
26.62,-39.12072370849,-108.891889872668
26.6205,-26.0777701949402,-88.7038061025687
26.621,-63.7406601592826,-80.0239373194162
26.6215,-130.630535337848,-86.0437485067307
26.622,-205.153642600864,-97.8968567002129
26.6225,-270.980914035458,-106.60604662763
26.623,-317.401246211595,-117.267195807924
26.6235,-344.453063049272,-138.932348593552
26.624,-360.780417141218,-161.976804099245
26.6245,-374.093625988201,-162.15266039825
26.625,-391.381481762405,-131.471517881124
26.6255,-419.894356383625,-90.2589601417979
26.626,-442.589557713178,-61.9847063469096
26.6265,-394.633951228314,-50.0814524809711
26.627,-206.588473283422,-48.1701768028492
26.6275,102.646573699597,-58.542372903465
26.628,404.396809346798,-85.7658074351488
26.6285,567.380290010731,-120.446427862713
26.629,574.468949954747,-144.311968957634
26.6295,506.649262209191,-148.100792433243
26.63,432.731502567194,-133.535009159846
26.6305,359.473055094739,-102.296294672891
26.631,281.020097061806,-55.4131722846629
26.6315,218.00428058839,-0.625058513458452
26.632,184.242818178278,52.6984299056861
26.6325,155.508648038567,106.222772332735
26.633,104.563638898587,169.562092073188
26.6335,44.2038701398037,244.0832150102
26.634,4.86468591851635,319.289728986566
26.6345,-14.7361359582978,384.717187417946
26.635,-41.77702743412,434.133121969247
26.6355,-78.7692320974185,457.330745254069
26.636,-89.451362392128,441.818472858897
26.6365,-44.0849099420563,389.600729509834
26.637,38.3897876928814,322.533797202297
26.6375,103.382129320874,262.666953312115
26.638,108.860739396784,212.992393671663
26.6385,57.0090824153549,163.954395907797
26.639,-14.687106630414,112.308297505397
26.6395,-68.1614060838624,64.2048402878307
26.64,-93.1341610865363,22.8789436763307
26.6405,-106.155937762114,-16.4999371260379
26.641,-126.079708737543,-58.1475269892872
26.6415,-153.109106485577,-99.005040193572
26.642,-168.592645111481,-133.870238962776
26.6425,-149.120854609087,-162.121916249972
26.643,-83.0882990222906,-184.944235642739
26.6435,16.9107373216935,-198.930760935645
26.644,117.092329438586,-198.525727654922
26.6445,187.884947711171,-185.52162101664
26.645,229.158926223748,-170.637944003641
26.6455,260.897012695607,-161.74627355011
26.646,287.389444693121,-153.785979837779
26.6465,284.272607173137,-135.539596128373
26.647,227.018217070159,-104.75882111744
26.6475,119.06904057526,-70.5106095248682
26.648,-16.6289922984053,-40.8991016622599
26.6485,-159.897909303088,-15.6804975741903
26.649,-293.406548199415,7.30449107618446
26.6495,-392.399348756729,25.8378620088688
26.65,-436.117013237447,36.8892025121648
26.6505,-431.855533991495,39.6892694290342
26.651,-413.549300334634,31.8833985820108
26.6515,-408.048362705383,11.1003853384861
26.652,-404.596325620986,-14.3685586265113
26.6525,-360.903164596761,-26.786425400593
26.653,-243.698126669141,-21.0644257882716
26.6535,-68.6317195440676,-17.6481745464773
26.654,102.65822590924,-40.3929463650101
26.6545,213.910904352164,-86.197040152463
26.655,260.750421618384,-129.716984632146
26.6555,275.934602884085,-154.757731306365
26.656,276.398381183256,-166.074207533558
26.6565,250.013636266896,-170.868468890266
26.657,195.986387462132,-165.078135456071
26.6575,144.301109307468,-142.814505129759
26.658,116.172619431527,-107.190103828437
26.6585,92.5811746127873,-66.6869567312753
26.659,48.6545015147504,-29.8995258003913
26.6595,-1.81461295415112,-5.83204086944483
26.66,-27.0339434481899,1.97594483259568
26.6605,-26.4982214912292,4.53613958916753
26.661,-25.6807841809273,18.6930894725731
26.6615,-32.7403068530548,45.5680440471739
26.662,-37.6814201661583,69.6050030525078
26.6625,-47.5804355379151,82.334850707165
26.663,-78.9528881039874,92.6848080691622
26.6635,-111.322937809659,108.342923910914
26.664,-93.8635260942261,123.081771630085
26.6645,-16.2459495303938,131.742043872654
26.665,64.1799014211631,142.25935081256
26.6655,89.6078908099943,160.847387536624
26.666,66.2041104450983,179.400911202263
26.6665,35.2931129843442,190.889276911722
26.667,7.70014082084184,202.494108485606
26.6675,-36.6224319055301,216.322706096807
26.668,-95.4676475389242,210.809959368341
26.6685,-126.652014042445,164.052691005067
26.669,-89.2079309342069,88.3340571108104
26.6695,13.9003054446226,18.9064178873332
26.67,134.728977013273,-27.7997512156055
26.6705,213.549278406313,-62.8373155926716
26.671,222.351229235545,-94.0741301506164
26.6715,188.961183114975,-111.654674727888
26.672,170.766642180034,-108.462162226236
26.6725,193.220041318808,-93.1564634416965
26.673,224.234113282258,-74.2592821336512
26.6735,219.892874662358,-48.4330759691089
26.674,178.533939816137,-13.6059785546045
26.6745,130.564449081471,20.4415266126645
26.675,90.937936489553,43.3162274274606
26.6755,49.6296511200368,54.2308476292333
26.676,1.50921630566641,54.7119507501408
26.6765,-43.4684797882239,43.9166279709762
26.677,-79.2285715124116,28.1912067647233
26.6775,-107.044691597367,22.2052560785944
26.678,-119.861526938983,31.8824986470491
26.6785,-110.370094459319,47.2208348404392
26.679,-98.2431193283403,59.03303227785
26.6795,-118.607232648868,69.8895244381673
26.68,-169.588800017375,80.4217796370421
26.6805,-197.995201884508,80.0486904237987
26.681,-160.395028017053,64.2209016152006
26.6815,-83.3999481661912,47.8233670683731
26.682,-39.2171368547486,45.5561289084081
26.6825,-65.7970159406818,48.065306514753
26.683,-129.687927679701,33.1268138592629
26.6835,-167.568342041218,-6.54107289983886
26.684,-149.19016129165,-61.1928137192462
26.6845,-94.7971694695661,-121.514698310669
26.685,-41.035425656938,-180.261968549271
26.6855,-0.722246336275613,-222.266077869837
26.686,40.3923170830627,-234.013305752526
26.6865,92.4520603700681,-224.070289870435
26.687,140.517875002433,-215.683313426101
26.6875,164.119372880313,-216.253256936633
26.688,167.933036628305,-211.537296089889
26.6885,174.071680855497,-194.816824280055
26.689,185.191903189295,-183.285854099665
26.6895,177.751104788008,-194.082668771194
26.69,139.436837000502,-217.244461112656
26.6905,90.48399132587,-226.625798931357
26.691,49.9669993436238,-211.164663834857
26.6915,-1.19227996103211,-182.890678820165
26.692,-95.1464341811011,-156.979702015013
26.6925,-217.700102195183,-135.304404160632
26.693,-301.282061754727,-110.69484332326
26.6935,-290.246061408989,-78.5248207299886
26.694,-201.236674835664,-39.320460541779
26.6945,-106.949989885211,6.2778644796326
26.695,-64.5711700817866,59.4767855234452
26.6955,-69.3019933438405,118.23880663818
26.696,-77.6669119264029,172.760883118295
26.6965,-66.6802569191963,211.135407111327
26.697,-59.768218216952,231.574828047722
26.6975,-92.8601588761176,244.682410554574
26.698,-166.715389895565,259.641390713078
26.6985,-246.975205840859,272.412922364645
26.699,-307.085190973211,273.72108136235
26.6995,-349.072233038859,264.739788488044
26.7,-373.190014179113,255.235302421397
26.7005,-349.91541821995,246.55286798885
26.701,-248.206321428426,226.888253514229
26.7015,-85.9058288057992,187.436838533825
26.702,72.4121035524321,135.962590559614
26.7025,172.755195435129,89.7505285758819
26.703,212.751797584781,59.9437241194035
26.7035,226.844638711846,45.7115493354616
26.704,251.540561225684,37.9600957418091
26.7045,309.944175520439,24.6715881847929
26.705,405.747129493859,-1.89082828480018
26.7055,513.304225572911,-37.2592246539836
26.706,586.698793156487,-66.1941370624606
26.7065,599.10652018419,-75.7156383450317
26.707,569.391849162478,-64.8073840174626
26.7075,535.755565833077,-39.9946524865024
26.708,509.679306529331,-6.77396163801376
26.7085,473.913677347652,30.4012588319559
26.709,421.411990017763,64.6667644567833
26.7095,370.537683889473,90.1150593636117
26.71,332.565132510546,107.256500156928
26.7105,284.755480588733,120.196281906379
26.711,194.115219063791,129.340578775771
26.7115,58.7031995808067,130.906059038446
26.712,-92.0504740312951,122.206946341317
26.7125,-233.956678506525,102.860825479645
26.713,-366.798383857122,71.825467236705
26.7135,-494.370789213021,28.9166734842083
26.714,-603.746180737585,-19.5802738356512
26.7145,-676.438675474669,-61.8769922703018
26.715,-712.007845341802,-90.76735150823
26.7155,-728.321887231769,-110.644057272696
26.716,-739.477065028719,-131.653452658717
26.7165,-740.827178989236,-158.336527132913
26.717,-715.072918751248,-187.395090157259
26.7175,-647.727186201972,-215.962327662855
26.718,-538.300082525828,-246.402093890335
26.7185,-401.780967196836,-278.872462265097
26.719,-257.498315962953,-302.915098260523
26.7195,-112.460065105559,-304.225935213865
26.72,38.7855952261083,-281.127963626964
26.7205,190.856524624187,-247.538082230388
26.721,314.478621434735,-216.076255246606
26.7215,385.401728421105,-184.694963480175
26.722,422.754692609712,-145.679282971911
26.7225,472.924534376402,-101.376259890063
26.723,547.650657998111,-61.4525043027712
26.7235,604.154623328947,-28.0222962422424
26.724,603.96486008462,5.17147437239539
26.7245,566.318010235092,38.8128572710622
26.725,533.955450396839,64.84587657691
26.7255,505.578631522013,80.391955301996
26.726,445.55348022395,93.8204385031249
26.7265,357.171019186152,110.204107533994
26.727,296.387036664551,119.190461972328
26.7275,292.881013622545,106.867814153396
26.728,296.982770558202,76.5961449076136
26.7285,238.553246728135,50.5681936799552
26.729,115.164658568234,50.8009635554008
26.7295,-12.3340360455982,81.5023001068135
26.73,-96.1983997927723,127.549237904773
26.7305,-138.018379937056,166.93014547785
26.731,-159.541858488818,187.170504610693
26.7315,-180.521356093003,192.685958415809
26.732,-229.690923209754,194.752212991847
26.7325,-334.877607658949,194.933129801345
26.733,-479.573408028463,184.031648856437
26.7335,-597.077502595758,157.698706803638
26.734,-635.47068813352,123.964876015624
26.7345,-615.493972629373,91.0679878284055
26.735,-601.929791928268,56.920463703436
26.7355,-626.400255443156,17.8403756624522
26.736,-659.1931781521,-20.2891393740653
26.7365,-652.779776760521,-49.0452120200076
26.737,-592.367471786394,-69.7666673975984
26.7375,-500.031853643114,-88.9691099733202
26.738,-403.198530908559,-106.479716570066
26.7385,-306.8351537501,-118.775505249679
26.739,-194.257816450355,-129.353076617902
26.7395,-54.9151486241725,-142.603237798969
26.74,90.7196766631215,-149.816725084723
26.7405,206.128798547585,-136.238954677351
26.741,285.888829730382,-103.437564148562
26.7415,372.307943910029,-70.326157486871
26.742,504.13233316066,-47.9789463735912
26.7425,654.404186644616,-26.9676108196259
26.743,744.88598402796,4.11784306421564
26.7435,729.823005119327,40.4521282557258
26.744,647.144289823328,69.969269295693
26.7445,575.797918481905,89.0696782847686
26.745,556.182605186857,98.3483780479044
26.7455,564.527636252449,92.7061121529925
26.746,552.162692433844,70.0715665641538
26.7465,490.768952636285,43.637573910278
26.747,383.987113475512,29.2784357276492
26.7475,255.993120283778,22.768908174919
26.748,136.358704841416,5.69753339150678
26.7485,44.8664828165537,-24.7224143086348
26.749,-18.1294693398434,-49.1185157182899
26.7495,-65.3337352055286,-56.1763307370539
26.75,-107.310737853836,-63.4394879758211
26.7505,-148.664302695495,-94.5462683837482
26.751,-194.701037399036,-146.243956604028
26.7515,-247.336032862186,-194.300113306007
26.752,-291.987158841504,-226.092885193991
26.7525,-306.182024849624,-247.377629905163
26.753,-292.775831340035,-255.559231587606
26.7535,-289.227029872727,-228.576689682432
26.754,-323.245462538065,-154.267631203273
26.7545,-366.258647358572,-57.1558504131651
26.755,-355.784119082452,22.433718219561
26.7555,-268.760907412083,71.4205579770652
26.756,-153.320332284397,109.498712749781
26.7565,-79.2831590270513,153.245719728628
26.757,-72.2729046037297,194.252440179466
26.7575,-105.117017230469,219.864675369542
26.758,-137.630032860637,238.175800565465
26.7585,-150.025666943229,266.538133112721
26.759,-147.731794959447,303.218726435036
26.7595,-148.514570071408,326.812435988799
26.76,-160.29258590191,322.648553822392
26.7605,-164.178665286092,296.058708406822
26.761,-130.133201248844,257.627675109066
26.7615,-57.2082666714778,208.463714362088
26.762,19.7540820731379,147.261848739451
26.7625,78.8337335069803,83.3712171187808
26.763,145.317940855502,33.0087849481082
26.7635,250.181379460738,4.1235252718445
26.764,370.519315883275,-9.09514043399579
26.7645,448.179672841475,-17.5868298601015
26.765,462.905306023283,-27.9966028093952
26.7655,449.166566076557,-41.3073883684366
26.766,438.048186122663,-55.6868175965431
26.7665,421.839396599104,-68.1881438669445
26.767,387.070464862354,-75.7825570929496
26.7675,343.741339920999,-77.0916888378608
26.768,300.856163553406,-72.7534553234193
26.7685,244.731394054138,-63.1156194919594
26.769,165.608729345615,-47.1941307891463
26.7695,78.8544475447627,-27.0928341602719
26.77,-4.84868256698416,-13.0868406958963
26.7705,-103.673195508597,-18.54303283185
26.771,-229.390765683576,-45.3133776935266
26.7715,-350.748121004612,-78.1438039777165
26.772,-425.914971044167,-100.786892848278
26.7725,-456.129147890749,-116.133999861374
26.773,-475.431642460103,-141.684713463599
26.7735,-500.936391631841,-184.582740797937
26.774,-525.267305436999,-231.927383957124
26.7745,-544.859328313797,-269.917561956048
26.775,-559.950177343023,-300.555425422458
26.7755,-554.88396789148,-329.698621636955
26.776,-513.136911667429,-348.551607899359
26.7765,-445.401887447865,-341.624763614162
26.777,-370.416928782343,-308.525236021453
26.7775,-279.653241757694,-262.725189152783
26.778,-161.138096201412,-209.86159166963
26.7785,-47.2748769470237,-143.09686594696
26.779,12.7422537666485,-63.0010124269305
26.7795,28.7378904742247,13.0837996005965
26.78,63.7925009167645,68.8485468444881
26.7805,142.013899042846,104.840280093778
26.781,215.333225142631,128.822889480048
26.7815,242.098391252867,140.954565619333
26.782,247.415706265815,138.956270969513
26.7825,275.363264149343,130.372337205291
26.783,325.822170470238,127.459700476348
26.7835,374.473614281819,132.415954039184
26.784,417.255350184188,137.391465634949
26.7845,454.770295993446,138.38464200779
26.785,463.675459422322,141.072577296015
26.7855,426.918230300614,151.840500346029
26.786,371.616539348139,168.203504945657
26.7865,338.643944242584,179.609489587083
26.787,331.795865843575,176.720617229553
26.7875,328.411829652471,161.918970725212
26.788,316.217125246081,150.566636078619
26.7885,284.143645126799,155.384526678354
26.789,205.370719503708,166.990093217726
26.7895,77.7352131151076,158.643125695904
26.79,-39.2523340080505,117.00652267322
26.7905,-80.2476672986365,60.4013105475227
26.791,-56.0180415720175,17.7400287390987
26.7915,-31.2266490222956,-2.931421407885
26.792,-33.7982320393182,-13.032095013686
26.7925,-42.2776731363488,-18.1555305690524
26.793,-53.0617163536746,-12.6496319405548
26.7935,-90.6730445059742,0.634369792784045
26.794,-142.281910658435,4.76636098985801
26.7945,-149.866114865521,-8.45143120457048
26.795,-92.6637663879414,-23.7414377114537
26.7955,-21.3928397051003,-21.2650359787357
26.796,17.0272297379479,-0.912200214075171
26.7965,35.0303159395562,23.3343519395322
26.797,52.0081456801201,45.4612422100974
26.7975,41.1664659146854,69.7730784349976
26.798,-22.4919533060652,94.0850001894882
26.7985,-101.428999606553,105.550284222656
26.799,-136.269585251755,97.2604006009118
26.7995,-121.888794835493,78.5509812382714
26.8,-96.3601251317908,62.7318008230504
26.8005,-78.8800839869042,51.8132553765754
26.801,-68.2533526728854,40.1014355848566
26.8015,-80.4756157721006,26.5898897428969
26.802,-128.714318411553,13.4411296909907
26.8025,-175.949300426816,-5.67405941827639
26.803,-169.737653110445,-42.5272841545835
26.8035,-129.549752921407,-93.5714337410336
26.804,-141.901198985163,-132.036640709537
26.8045,-250.204463925397,-132.888899593721
26.805,-396.529998704478,-103.633858910111
26.8055,-496.003432746648,-78.89534935593
26.806,-528.295226677798,-82.2644882105613
26.8065,-526.307634685788,-103.578397640513
26.807,-508.633354887544,-118.28895353446
26.8075,-462.732855580981,-118.596935921934
26.808,-380.152686201436,-115.832353151188
26.8085,-274.839801365472,-119.413654982939
26.809,-168.586571389662,-126.58801553762
26.8095,-77.1383410665005,-131.630859344398
26.81,-5.26005722760273,-133.187472249561
26.8105,59.5331913834594,-130.085584923561
26.811,140.869631747376,-119.444220938396
26.8115,246.572005331566,-103.212192905995
26.812,354.785314337919,-89.6404545466406
26.8125,439.13671243223,-83.6753689775413
26.813,497.499947774012,-80.6886194868069
26.8135,541.435980905746,-73.357751296528
26.814,569.603260368766,-60.4071430361973
26.8145,573.252479431704,-44.9416669122554
26.815,560.898752272403,-27.7563645995524
26.8155,552.354160578239,-5.93773118973608
26.816,547.212652357358,23.8391771883479
26.8165,522.223029705857,61.9986457824413
26.817,466.014601369948,103.140185249051
26.8175,395.881356824087,136.24307322485
26.818,329.836335856076,152.913787255398
26.8185,260.570761941852,156.648118706439
26.819,173.730243019245,157.673555746532
26.8195,79.4530129340648,156.052438981674
26.82,4.38384137892364,137.304785599092
26.8205,-45.4357908184175,90.7091251424552
26.821,-94.5554140532731,26.7108469390507
26.8215,-165.665291584103,-30.737268490066
26.822,-250.72993188186,-66.0143061191259
26.8225,-323.325446055447,-79.9829515372858
26.823,-371.156646513216,-80.2028967623377
26.8235,-405.059309051589,-72.0576944107725
26.824,-437.71728732714,-59.663777879378
26.8245,-463.657778169099,-46.86045717845
26.825,-465.117793114859,-33.0467542421191
26.8255,-434.977347815931,-12.8345894673593
26.826,-390.155353638006,15.4522905275855
26.8265,-359.699444062255,42.9568397333165
26.827,-356.946284815056,56.3625562143004
26.8275,-363.4909999404,51.416881812619
26.828,-344.851345583671,37.675548546634
26.8285,-283.767448225297,28.1693726515372
26.829,-193.701255908005,26.3136597405797
26.8295,-98.7740970773641,25.9967928774048
26.83,-11.1836838071845,23.2184623389104
26.8305,63.0582516349151,21.7409397235786
26.831,108.187937106645,25.0878237755057
26.8315,110.189857302899,29.6032672140884
26.832,85.2744462687617,31.6904587464882
26.8325,75.2483517475108,36.8629484811895
26.833,102.483555758185,52.4315566823514
26.8335,143.388998342413,73.5745258821048
26.834,160.919642749062,87.0952162531915
26.8345,154.073715005672,88.9273334590191
26.835,159.249114014124,86.9603470625909
26.8355,206.67750661995,85.3678948417296
26.836,289.553221787218,79.235006725631
26.8365,373.77180049568,69.2442610685143
26.837,424.79436367334,67.4197239583479
26.8375,426.995508932498,78.3069811117766
26.838,392.109365268511,85.7076254500352
26.8385,350.917806325256,70.7812709877757
26.839,323.490254897985,35.9950761360616
26.8395,295.338510140557,-0.673020606556588
26.84,236.734818947298,-28.1403656138115
26.8405,148.32677406273,-45.7394305084005
26.841,69.501354830491,-51.5496928472169
26.8415,30.8845012415133,-44.4869950605746
26.842,13.8278041678572,-35.6023438319269
26.8425,-26.2327811832067,-39.5976422608241
26.843,-104.994898729183,-53.253369123828
26.8435,-196.558975869139,-58.2270627421469
26.844,-272.203618224764,-49.0463880132928
26.8445,-330.572027294214,-42.9880807938322
26.845,-381.625953388942,-55.7105151200092
26.8455,-417.358514935494,-80.6707581160582
26.846,-416.506843325306,-101.071565712159
26.8465,-376.364097128906,-110.643949926713
26.847,-324.654786158059,-113.012802464303
26.8475,-291.706974507907,-110.338808298541
26.848,-277.137062795167,-103.895466586803
26.8485,-253.434540185338,-99.3962097857275
26.849,-200.966544280983,-100.782597978454
26.8495,-128.640170849111,-102.292979765588
26.85,-56.3077511880917,-95.3216372557134
26.8505,11.4019563746813,-79.7873159992083
26.851,81.8020213635307,-61.3000411852903
26.8515,151.692179483317,-41.5779877325848
26.852,205.472549000177,-20.5848398582477
26.8525,237.80042914547,-4.59290533437112
26.853,262.852806227998,-1.59083928445382
26.8535,293.940197041341,-8.79912079980382
26.854,326.094061501573,-13.5315499049
26.8545,347.889438054616,-7.81473075378027
26.855,359.034578934729,4.60342771952252
26.8555,363.034613943597,16.9901307316712
26.856,350.785669772389,28.8905441084624
26.8565,308.757256044317,43.8524816401108
26.857,242.540508649808,61.936251522168
26.8575,177.203636686545,77.4923365297173
26.858,131.013662762686,83.6899768486278
26.8585,99.4074110972026,79.2555903234499
26.859,66.6495590977397,71.1932507784475
26.8595,21.3482566965839,68.6331915935875
26.86,-42.9840057540858,72.7139456322271
26.8605,-128.596135813934,76.104240643071
26.861,-224.351593983398,74.5939896686351
26.8615,-304.930508859224,73.732864682007
26.862,-352.128059395238,79.300125002549
26.8625,-375.157882222729,86.6398035036502
26.863,-400.822365949319,86.75723098697
26.8635,-443.946583959482,79.2062805320026
26.864,-493.4061394044,70.4442149454225
26.8645,-524.127533777767,61.7148956260734
26.865,-513.558383578157,48.0576608233147
26.8655,-447.830943039963,29.1213864945872
26.866,-326.706741667933,11.5110983447943
26.8665,-174.05199855924,-1.13745440961121
26.867,-38.9979089274031,-11.6574216664958
26.8675,27.5951038163285,-20.7674384059954
26.868,8.93547525942264,-24.2604194719562
26.8685,-62.3901078189947,-22.9417072315083
26.869,-126.953690559607,-26.3383772269647
26.8695,-139.680540676816,-39.3541661026573
26.87,-92.3591270340702,-51.6772344880227
26.8705,-1.62849806111216,-48.8759071090502
26.871,114.978381969789,-30.7299946955205
26.8715,243.10218077428,-11.0237202321657
26.872,357.124129748165,-1.11104693513679
26.8725,419.74012975858,-1.01165206918713
26.873,409.894290775684,-6.21410667322655
26.8735,347.991475289146,-15.5219678624888
26.874,281.999942381365,-29.1070057410128
26.8745,246.184191033838,-43.4488240314893
26.875,239.164341244339,-52.5293871470344
26.8755,240.489465564671,-53.794075697647
26.876,236.970797325655,-51.5773838777474
26.8765,228.615216400986,-54.218159607279
26.877,220.144628354661,-66.7821030121581
26.8775,217.233664642351,-85.685120170293
26.878,225.909658140096,-101.526289986421
26.8785,245.439922738268,-108.178590203601
26.879,263.820716170734,-107.269551488397
26.8795,269.093148557311,-102.163724498974
26.88,263.34213077791,-90.5650966835175
26.8805,255.353595322029,-67.5399062159985
26.881,239.486229589899,-35.1185663294705
26.8815,194.517309702043,-3.85286530350526
26.882,109.980805799182,17.171571341058
26.8825,5.45475568073356,28.8696571867562
26.883,-84.4345631423121,38.7500439227276
26.8835,-140.882476643682,51.6792446346897
26.884,-172.730284102647,66.9289049318136
26.8845,-203.481535875071,82.3913390628293
26.885,-252.54885123179,97.0076533002422
26.8855,-322.78980025111,107.847143826984
26.886,-396.040821304857,108.612744949933
26.8865,-442.207326401307,94.7349766242787
26.887,-441.801747956378,69.0782731931431
26.8875,-401.213499199829,39.5838311611197
26.888,-341.707633081305,11.501933360711
26.8885,-277.235951321258,-14.89578378799
26.889,-211.867370397343,-39.0455279045689
26.8895,-155.136286441239,-57.5717633409936
26.89,-123.482650477405,-69.4465866289402
26.8905,-119.881793453475,-78.394638232317
26.891,-123.687831912372,-84.523198678052
26.8915,-110.681713726702,-77.100606333748
26.892,-76.8879934375934,-43.9463416553625
26.8925,-34.6697165721615,11.5748969857408
26.893,6.90309931597218,70.3930037655374
26.8935,45.5722758399359,116.753162442868
26.894,74.5553965607032,150.557140292987
26.8945,84.0135747314188,177.557002561619
26.895,78.3843503997294,195.183108948408
26.8955,80.9257796637396,195.547555975418
26.896,112.233606754961,177.873170283107
26.8965,167.320030029131,149.517212283437
26.897,218.119413024721,116.550622158454
26.8975,236.226977198083,81.3446968663954
26.898,212.025815922385,48.9372343289379
26.8985,157.353260363908,27.0281835672752
26.899,94.6409396587429,16.9424739567311
26.8995,41.592582869136,10.9750063561817
26.9,3.0214853460954,1.72092195242963
26.9005,-22.8569742459253,-11.2226478266912
26.901,-33.0716627281416,-26.2469488167605
26.9015,-21.7934521402825,-44.6989244892477
26.902,5.19084724902294,-65.8692277099768
26.9025,26.6653455492558,-82.7222011310036
26.903,23.6625128839835,-89.8440242091284
26.9035,-2.84724838722678,-92.4536494770322
26.904,-36.8213788774138,-99.7936980432007
26.9045,-64.5019464838619,-111.04346213778
26.905,-80.1758528396824,-116.395787055988
26.9055,-80.0842516052002,-113.111124651958
26.906,-61.8812761936997,-111.271209389135
26.9065,-30.6505969416296,-118.546373925271
26.907,3.24567377884917,-126.63108886425
26.9075,34.2879446105631,-121.430792771454
26.908,63.5684621343206,-103.731712850078
26.9085,90.0737293095667,-90.4126244572926
26.909,107.584864837534,-93.7002256170816
26.9095,111.769272647955,-106.681181827964
26.91,103.486117981701,-113.122442346768
26.9105,83.7097906393712,-105.995628365403
26.911,52.4598748525952,-90.8369121952705
26.9115,13.996195532704,-74.4787587400255
26.912,-25.2503569893261,-57.6671383002875
26.9125,-65.0862105927875,-38.9107844923511
26.913,-107.397982061482,-19.5197880510553
26.9135,-141.743611059092,-2.24071061737692
26.914,-149.920577430769,11.5944857492768
26.9145,-132.444752379055,21.2421545423147
26.915,-115.582173114779,25.6454727909345
26.9155,-119.340817263327,25.8909495942373
26.916,-131.264282201331,26.5797510432322
26.9165,-127.766134679116,32.0262976805993
26.917,-108.921014324089,41.8240564307177
26.9175,-89.7759862099644,51.8360921532966
26.918,-65.4255781105967,58.7083492999657
26.9185,-13.8309147972118,62.2917648063415
26.919,63.8015887484068,65.153361067894
26.9195,132.456246508079,71.2444678111845
26.92,163.167706807324,83.5663214645996
26.9205,161.848161751573,101.41436434205
26.921,147.477585380046,120.977063044067
26.9215,124.245959120999,139.325322647533
26.922,93.2473205185401,155.158800815484
26.9225,73.2797027235206,164.286062712268
26.923,85.70599289054,158.885112745728
26.9235,125.761892879071,136.157419100764
26.924,166.537155725842,105.651503465096
26.9245,183.945435549145,82.7418736226285
26.925,163.018141417897,74.886898784096
26.9255,94.3741999344427,77.5182810128069
26.926,-8.45150259810981,81.3553024654508
26.9265,-94.5154293240063,78.494243088373
26.927,-109.846856506003,63.225752663145
26.9275,-53.7271326689403,35.1420813693865
26.928,20.3207208726604,3.5511031963448
26.9285,63.9938227103873,-17.9858198276793
26.929,72.5470494670509,-25.199177946285
26.9295,59.9759287749502,-26.6764966058969
26.93,27.3028194426409,-31.7767420630312
26.9305,-23.8300430142123,-41.027052689707
26.931,-68.4354257996561,-51.7173319188366
26.9315,-78.7674047873003,-65.4331599230358
26.932,-61.5122001953792,-83.0339962352066
26.9325,-50.3357899775042,-97.741124700894
26.933,-60.7672783380355,-102.360014769259
26.9335,-71.6970575924109,-100.936811370834
26.934,-56.6228888934351,-104.147619260191
26.9345,-19.3316670222313,-113.560786052629
26.935,9.14443689232899,-119.649298249547
26.9355,2.46782799934642,-117.205645173168
26.936,-36.9030016492452,-113.733357819363
26.9365,-81.7846199675866,-117.440451260483
26.937,-105.665198188381,-123.288389990388
26.9375,-105.166155110409,-117.933221624847
26.938,-96.8709559773311,-96.2611317442028
26.9385,-92.9111193480424,-67.4201333105567
26.939,-87.1108857969511,-44.3232405502309
26.9395,-69.6660082231829,-30.2743620419625
26.94,-46.4526221713216,-16.4060799461234
26.9405,-32.4885343978679,8.73659562935841
26.941,-30.4816527013304,46.5179843197402
26.9415,-29.0314397757069,84.8929135170531
26.942,-22.9473326038754,109.567395492601
26.9425,-23.2413200121225,118.39898707812
26.943,-41.4696398478743,121.055962722969
26.9435,-71.4396952756389,123.435225449909
26.944,-92.0115991043347,118.141194133605
26.9445,-84.5118972829431,95.5412303838971
26.945,-45.3326951159773,60.7908528066414
26.9455,12.5326610497899,32.5523094316162
26.946,65.3048830044941,23.9198631256233
26.9465,90.3081363282282,29.7688380219409
26.947,80.8202202479152,34.8279430044634
26.9475,52.4637656466428,30.1145095490342
26.948,31.9003945647232,18.6595471053513
26.9485,35.4150201904824,8.25810434131084
26.949,58.1515093964153,2.79922871882946
26.9495,86.0599925912823,0.277492134489602
26.95,116.364036067398,-3.94937536131118
26.9505,157.963338599906,-13.1887102068928
26.951,206.766424028071,-27.276936917472
26.9515,231.100307065386,-43.0172601090436
26.952,199.183403403998,-56.4554728529778
26.9525,122.277049407335,-64.8378556667663
26.953,52.437488408111,-66.8435746787372
26.9535,27.3873099124212,-62.1305942684696
26.954,31.1871214606027,-51.7016995567286
26.9545,22.4489378671984,-38.4785193931181
26.955,-11.2419797504585,-26.4239070232096
26.9555,-46.3917250645634,-18.2624252312884
26.956,-63.6719465473035,-13.6141781305191
26.9565,-71.0212749260871,-9.00458240635958
26.957,-83.8691911129223,0.0342506543051675
26.9575,-102.679729401292,15.4410727133478
26.958,-118.858280025966,33.6982849056474
26.9585,-128.616102807697,46.8406919866457
26.959,-131.937540714296,48.6395102916182
26.9595,-128.883857473923,41.0895594755907
26.96,-124.579385440128,33.2410345979625
26.9605,-126.407492994273,31.5042531068596
26.961,-127.750315102227,32.0057851287991
26.9615,-107.371520298672,25.480564411746
26.962,-58.4488988782851,9.67764391965365
26.9625,-8.71772845453845,-7.33742476230813
26.963,5.03942537917903,-18.5802813305134
26.9635,-20.4852685971402,-28.6115093422286
26.964,-52.0382606224609,-47.0152987817871
26.9645,-57.0414442833782,-72.9328030978378
26.965,-29.6476618751479,-93.102739885898
26.9655,19.1931314677812,-97.4719947828504
26.966,79.065592008387,-90.840878493318
26.9665,139.309810434828,-84.4646496230629
26.967,184.356388607972,-80.3562639120976
26.9675,202.875828693199,-70.3682015393369
26.968,197.443636594714,-49.3882017077188
26.9685,177.413376717974,-22.6372186125811
26.969,147.520299728561,1.69646004815053
26.9695,112.396053679582,21.9438917915279
26.97,86.9496466010073,42.2417679396011
26.9705,87.8944360015775,65.6085600259866
26.971,111.71897641093,90.4502845809581
26.9715,131.321964818539,111.612025624436
26.972,120.830044187126,122.508512611014
26.9725,78.4657592151186,118.604396058567
26.973,21.1696237927117,102.08318897156
26.9735,-35.7320024892187,82.0433641159531
26.974,-85.9958591178305,67.233482353336
26.9745,-125.884125233317,58.9456935622058
26.975,-151.938881088917,52.965026020365
26.9755,-166.114629193528,47.1452616462108
26.976,-175.143624426004,43.643289159411
26.9765,-183.285384879379,43.5824533107481
26.977,-191.112878765498,43.0596043747804
26.9775,-199.96704742204,36.6834879677642
26.978,-209.062056534354,23.910389421545
26.9785,-208.732696914713,10.1135511968734
26.979,-188.013795485278,1.09707703252282
26.9795,-152.157665977334,-3.08419792096643
26.98,-121.61466605871,-8.4487750844192
26.9805,-108.346138034481,-20.5691246528409
26.981,-103.483941196343,-37.7605191080935
26.9815,-93.9215868148973,-52.1966122920912
26.982,-77.899134918085,-58.3661507289698
26.9825,-54.0116057397018,-58.414623860142
26.983,-8.28229661481995,-57.6914930980589
26.9835,70.5901006122029,-57.526490694358
26.984,169.420670725821,-55.4354346094336
26.9845,259.529633467586,-50.5652708575447
26.985,322.795446979583,-44.5877137622777
26.9855,354.256041075037,-37.5852086980521
26.986,346.49131641858,-27.5542909259303
26.9865,294.105685162857,-14.7676760719419
26.987,214.668402427498,-2.46146134612102
26.9875,143.656085469907,8.04365533995809
26.988,101.042852677219,18.5654165541026
26.9885,76.728567200416,28.6482904618878
26.989,51.6130326837632,34.123263558542
26.9895,16.1359773001899,34.8042358411198
26.99,-34.2764470992281,38.5563251050015
26.9905,-97.9474351494295,51.0989035408094
26.991,-148.467874482636,64.3147146609883
26.9915,-138.583248695271,62.5988745150332
26.992,-44.4731372760487,41.6867530642956
26.9925,100.699356540922,14.295611035894
26.993,230.823536931743,-5.70932292197756
26.9935,297.638285685583,-18.6373967675099
26.994,290.366686686682,-33.4091892790959
26.9945,222.295441120315,-51.0468170564658
26.995,118.845599284559,-61.4809855235829
26.9955,11.9197333353851,-57.424601158022
26.996,-74.7693049877222,-45.2314137939063
26.9965,-137.599876638901,-38.2552009508022
26.997,-182.580068446048,-42.3444300187067
26.9975,-209.82303274457,-51.7008916555141
26.998,-219.221094993375,-57.6771361269724
26.9985,-221.054952616624,-57.3372815626096
26.999,-223.249125703216,-52.7885173389893
26.9995,-214.926809621345,-46.4490692877974
27,-182.645655699427,-40.1186907772801
27.0005,-139.14375562529,-36.1123472855244
27.001,-113.790767465587,-34.8776671127842
27.0015,-113.724860553186,-31.8246947831571
27.002,-116.545025761852,-20.8799912258511
27.0025,-106.132180693546,-2.80235841920854
27.003,-93.8813028915848,13.2312196477473
27.0035,-95.0961087964281,18.7765169725063
27.004,-104.085421474516,14.9246363720393
27.0045,-106.616404967671,9.72444531672935
27.005,-101.936742684473,8.62425876943733
27.0055,-96.4034265422231,10.5234906348853
27.006,-85.8308191273272,12.5644471091927
27.0065,-61.3184881290464,15.1845755423689
27.007,-27.7148529006195,20.7195818968434
27.0075,-1.1975824996701,28.5982630590036
27.008,10.4466989306213,34.0455556463935
27.0085,13.7257987365593,32.2165138643859
27.009,16.2843450458262,23.0246376670917
27.0095,17.8642827390663,10.7451025090376
27.01,15.0312901534917,-1.48167303015206
27.0105,6.90500200683021,-14.998659352306
27.011,-4.7366965674206,-31.6496287960592
27.0115,-14.558442981349,-48.093874817987
27.012,-12.356842044887,-57.7788320898699
27.0125,10.8492134194709,-58.4536407131218
27.013,53.4502420327948,-53.6329419103632
27.0135,104.203140687395,-46.0317132275883
27.014,153.240697325121,-34.7301550779316
27.0145,197.48736837241,-20.9217213272492
27.015,234.292468521348,-10.2274103951638
27.0155,255.974007309456,-4.21399865621236
27.016,256.015089718312,5.05588409239488
27.0165,238.826755729674,24.398032151282
27.017,218.381031082644,46.6446281584696
27.0175,205.819308176452,57.6460755869155
27.018,200.780153608044,55.866618016837
27.0185,195.443076340664,55.5074418318946
27.019,182.974459386836,67.5273852416438
27.0195,158.974543766994,86.3216366725236
27.02,120.241892353613,100.236450424341
27.0205,71.8651188152158,107.634419688929
27.021,34.4953979228297,114.799254429039
27.0215,30.1878081908303,122.796881924833
27.022,52.4900692586441,125.693788964329
27.0225,61.7555641875909,120.883843221563
27.023,24.7226620986742,113.02388266327
27.0235,-46.1014822066953,106.188318243257
27.024,-107.314362345174,98.5023566724624
27.0245,-136.116824057225,87.2443637188236
27.025,-149.415439316843,74.2044674325852
27.0255,-170.117770344389,62.2131865823041
27.026,-195.34934625341,49.7914895827076
27.0265,-209.259941318349,33.6745082555006
27.027,-210.51177913254,15.1794484181704
27.0275,-209.237579565574,-0.145422591083122
27.028,-205.441727497574,-9.45962522645237
27.0285,-189.149897977036,-15.9909092982963
27.029,-160.457586371418,-24.377646763608
27.0295,-133.665345070456,-35.0988226237565
27.03,-119.135886500606,-45.3137900769517
27.0305,-113.024744274041,-53.6174752210357
27.031,-108.151541736303,-61.5773184931617
27.0315,-104.463889109435,-70.9692663242226
27.032,-103.587472492414,-81.7806817888818
27.0325,-101.085745148444,-93.3470804529795
27.033,-90.6267915337829,-105.313033455895
27.0335,-71.5062671808695,-116.249711126128
27.034,-47.0977843030655,-123.086191935412
27.0345,-19.1636690086974,-123.975588305903
27.035,11.4471021970185,-121.058078526662
27.0355,40.282956054566,-118.364681321983
27.036,60.5594322511831,-116.717931870041
27.0365,70.4167923899338,-112.008781077043
27.037,76.7217056288084,-99.179855588127
27.0375,89.2570882998119,-77.9181606567905
27.038,110.297950730654,-54.8901810135524
27.0385,131.094669938368,-40.2330115991408
27.039,140.53350600409,-39.9122831050174
27.0395,136.672367150001,-50.001958013987
27.04,126.90841841126,-59.6324087963663
27.0405,117.049892963722,-61.017229602057
27.041,104.806209252273,-55.320207940215
27.0415,85.8900353056871,-47.4197391253157
27.042,62.3168483306153,-37.7785884696604
27.0425,41.8654105134674,-23.3123951796235
27.043,32.504239812424,-4.69870050118023
27.0435,38.5607017286962,12.3497102273714
27.044,56.5326238312385,23.8535211636502
27.0445,71.7286197040929,31.406353990614
27.045,66.6436128119889,37.8763042186542
27.0455,39.517379148019,42.9684863147217
27.046,9.19412830121318,44.7869447628879
27.0465,-5.62839770446038,42.3679387169069
27.047,-6.57482906795324,34.6960638489887
27.0475,-6.73218738942681,20.8214213165267
27.048,-8.06786946699775,3.82567876422115
27.0485,-0.887593998246709,-8.4530461960947
27.049,16.2331827506932,-10.1238406999786
27.0495,30.3696031819903,-2.34626844722111
27.05,31.0144818840011,11.4379828852444
27.0505,21.3340126619697,32.2873739996279
27.051,8.557577229948,62.6086890842249
27.0515,-6.47401827029571,97.6285662254994
27.052,-24.445110487524,125.873985162784
27.0525,-40.6831665265821,139.247811146947
27.053,-49.7577087065789,138.570177172659
27.0535,-51.6738810344564,128.456098076355
27.054,-49.1659095147156,111.47117393399
27.0545,-44.1641872255702,89.5570395485596
27.055,-40.0874862252051,66.9419428840745
27.0555,-41.2961656520967,47.6785587241796
27.056,-46.8882932178327,32.3137733641104
27.0565,-51.3712492495376,20.181962530915
27.057,-53.9566799226584,13.0832391206971
27.0575,-59.106137962169,12.7696230214392
27.058,-64.8517305907203,15.6024213430552
27.0585,-60.724648369017,14.0552884536615
27.059,-42.9902209323504,4.62258013744932
27.0595,-22.3250626240414,-8.72613791886688
27.06,-9.70137352437658,-19.9644612764993
27.0605,-4.52623956321204,-26.8582984541718
27.061,-4.22691430511348,-29.926527718601
27.0615,-13.5117137338018,-29.0092627148053
27.062,-32.0660964818822,-24.1787802021175
27.0625,-43.7683957497079,-17.9944922148346
27.063,-34.3597593451723,-13.1082897275806
27.0635,-13.637742888321,-8.89316485929002
27.064,-3.58248552967799,-4.65383140661729
27.0645,-7.97663502040538,-5.36626722247862
27.065,-10.4627965420745,-18.2746320516998
27.0655,-1.2746502710142,-41.6413802863975
27.066,11.4817350419581,-61.912177097883
27.0665,18.8809501925136,-66.135161102493
27.067,22.8009159007096,-54.3295719867824
27.0675,25.48318102635,-36.0582280757422
27.068,21.1842951405285,-18.0928486137343
27.0685,4.24018606340598,-0.770272197758422
27.069,-24.8192384767704,15.401525740427
27.0695,-64.0253708001694,26.4677151902468
27.07,-108.223981336575,30.2123233813107
27.0705,-139.020559909828,30.1266054419823
27.071,-131.939680143332,31.3420717552613
27.0715,-83.5190729313363,34.3589854296904
27.072,-21.7212972233051,34.2028297433761
27.0725,18.7854776760114,24.8439322723043
27.073,24.8480527305667,4.7955573671419
27.0735,5.87788532677178,-19.7791403248787
27.074,-19.5622617680981,-38.2196001821385
27.0745,-30.6464096336479,-44.3340811041271
27.075,-11.5561198639149,-42.0801833681994
27.0755,35.254241629044,-40.2545720241942
27.076,89.8875037448592,-43.0340806431165
27.0765,136.327564623592,-48.983496656575
27.077,172.679610742923,-56.9894042230684
27.0775,193.760219822084,-67.0214513852604
27.078,181.569686328022,-75.2625489531132
27.0785,131.118345239134,-75.2925943285142
27.079,73.7546373613153,-66.1171659447179
27.0795,52.4379061341975,-53.6118859665272
27.08,76.8965269632818,-42.212912362438
27.0805,120.293101594964,-30.886228095777
27.081,155.076691126914,-19.3648232217292
27.0815,171.865377343389,-11.5918738409527
27.082,166.132376268964,-8.99415169094022
27.0825,132.207118712343,-6.238518367446
27.083,78.6443938956899,1.80745551505198
27.0835,30.1899942468145,14.2764924954158
27.084,2.55775112982256,29.7274432265381
27.0845,-13.5799402456626,50.7302428974698
27.085,-35.9899698335153,76.7541296653197
27.0855,-69.3572404766322,98.6991582480098
27.086,-106.631188107514,108.570230532835
27.0865,-139.470500824259,109.703453643296
27.087,-158.998009765433,108.658823066425
27.0875,-157.538069334358,101.592514347138
27.088,-139.434239184869,79.688652508184
27.0885,-120.205339045655,46.0073002716665
27.089,-104.322742623748,15.3147159457895
27.0895,-73.6520723037166,-3.46004416965138
27.09,-12.6284847900757,-14.2664941504867
27.0905,60.1101266934558,-22.3519640161533
27.091,101.043210298633,-26.4300205441744
27.0915,85.0744124595967,-25.5063956195259
27.092,30.1895902309526,-23.496431198883
27.0925,-22.643749348467,-22.20607912225
27.093,-46.3235614743625,-17.8094708958326
27.0935,-42.8866181965759,-8.89198139791939
27.094,-31.0232272426691,-0.232879199318401
27.0945,-26.1308251481634,6.20742181626656
27.095,-31.7470414999874,16.1118568758984
27.0955,-44.0911527045613,32.7260749755148
27.096,-57.9237935212993,49.2966447856852
27.0965,-65.316432128407,58.1372822164515
27.097,-54.8000095341058,60.2646062732894
27.0975,-21.3860067387236,58.674866044522
27.098,21.8526627733654,49.2113629000274
27.0985,50.6572421114975,27.9221649891602
27.099,51.3629566091152,2.30137293570154
27.0995,30.0639536849937,-16.0469067794387
27.1,-0.350825256207353,-27.7768519111431
27.1005,-32.0638050926034,-44.2234624705439
27.101,-57.6899703820738,-69.8966537234557
27.1015,-66.6058048430546,-96.6320481724291
27.102,-56.6073185615799,-116.422845105417
27.1025,-41.5555487519226,-130.588489860513
27.103,-36.1905725173777,-142.798068076417
27.1035,-38.1193613618554,-150.490264293236
27.104,-34.9918200841451,-147.808845182566
27.1045,-24.5398994700299,-132.57924667727
27.105,-15.5862155375711,-107.25902698952
27.1055,-12.3824966999782,-76.6440702218059
27.106,-11.1001254802053,-46.6574624538636
27.1065,-11.4872695363351,-21.5991234665625
27.107,-18.8650818236276,-0.633606119154504
27.1075,-31.740229151849,19.8780471224773
27.108,-38.7193925357058,39.8471438620468
27.1085,-32.6072296100551,55.187308407679
27.109,-19.4937333011881,64.3907175306272
27.1095,-9.83840556207679,70.0624612039498
27.11,-7.61626514592521,72.4966127010528
27.1105,-11.6572923787883,67.5919376235934
27.111,-20.3395115002945,54.3119495952777
27.1115,-30.2501534004002,39.2838302374418
27.112,-35.5841063957454,29.9445524975311
27.1125,-32.799731709217,26.6510058995455
27.113,-21.9715588431773,25.3109468983388
27.1135,-2.60512602354548,24.6880887448827
27.114,25.1243660666069,27.0143061768889
27.1145,53.0619929993225,33.3022461939214
27.115,67.3790375684087,41.4820616003965
27.1155,63.0812637708101,48.0645418041738
27.116,50.12530392165,49.8324044326942
27.1165,41.0918035722326,45.9737016810876
27.117,39.3441883208854,39.9580251302716
27.1175,43.3479327007093,36.1250235423211
27.118,54.0220684886089,32.7744902210969
27.1185,70.1037654350417,23.0841507911779
27.119,82.8678725907764,5.78745977015474
27.1195,84.7952389317079,-10.1832273698653
27.12,79.9130928777204,-16.5468787184682
27.1205,77.4789503513939,-16.4793328772863
27.121,78.6605020559533,-17.8805071023362
27.1215,77.6515680085716,-19.3036477776932
27.122,73.1398993258766,-11.1880750980987
27.1225,69.6167170734179,9.37695200010596
27.123,68.6477045782468,33.4296331833165
27.1235,67.8044447385975,51.3289265375348
27.124,67.9510820628467,61.9554846049086
27.1245,72.5226656974483,67.9708433814832
27.125,78.6096985418531,68.730995486932
27.1255,77.7967988224377,62.9250324224073
27.126,68.3385300012114,53.8304170645047
27.1265,57.9262523478423,46.5124132291701
27.127,50.5624978287887,41.9035602430443
27.1275,39.1991094880728,37.8061623602052
27.128,17.9070962342832,33.9118828932639
27.1285,-5.29362230238355,31.6311442563575
27.129,-16.7505080377769,29.9711436339354
27.1295,-16.00549174611,25.722435096586
27.13,-18.0303010714751,18.03196464662
27.1305,-35.5896522405267,9.77086906320801
27.131,-65.2829996618471,3.63204984156418
27.1315,-93.6204429903919,-1.23421891670361
27.132,-112.854108641613,-8.15486364323696
27.1325,-126.801520338861,-19.5898814332017
27.133,-142.244911003658,-34.9474201371305
27.1335,-158.80395923439,-51.3545083114047
27.134,-169.507151173932,-67.3704977849846
27.1345,-169.442126300551,-85.8001033222148
27.135,-160.501552996854,-110.138278297223
27.1355,-147.619466755562,-136.989195560707
27.136,-134.098583738843,-155.580240065298
27.1365,-122.187438391144,-158.236208994259
27.137,-114.035470277322,-148.729359492922
27.1375,-108.141494332904,-135.998657912503
27.138,-97.849510446508,-122.060972377523
27.1385,-78.3929407423218,-102.430512966839
27.139,-53.6126062999746,-77.846788231548
27.1395,-30.2532449638115,-57.6760519438177
27.14,-7.02460645452174,-48.3725782480395
27.1405,23.8514405882584,-44.4181251593421
27.141,63.9319630399409,-35.5124108808989
27.1415,104.463796581347,-19.0538379915394
27.142,136.68099695512,-0.778883570423514
27.1425,159.216841771358,14.1249369760239
27.143,172.634596394353,25.3314105816881
27.1435,174.512271895713,34.3256652723229
27.144,165.837773393324,42.0725337764311
27.1445,156.368102455482,49.5154403182802
27.145,156.078341255377,56.5916355852164
27.1455,163.836267364777,61.2855347401716
27.146,170.224518892536,63.2463833320043
27.1465,168.753195355579,67.0031918607919
27.147,158.371655581418,76.4914769738222
27.1475,137.863586489604,86.758558864337
27.148,105.647765993426,87.1734798696461
27.1485,65.2150315551079,74.5008673115178
27.149,24.422073189193,57.3848159111117
27.1495,-11.661126241354,45.3181648912453
27.15,-42.8667396005632,38.264393417894
27.1505,-69.4460276125183,30.9027884960964
27.151,-90.8819142466816,22.556124241284
27.1515,-109.366284452137,17.5057936298423
27.152,-128.974961739534,17.8703731038522
27.1525,-150.159612287526,21.3432615627446
27.153,-169.17270281974,24.9036054561543
27.1535,-182.977350628577,26.3677658829958
27.154,-189.921205514329,23.3253111538743
27.1545,-186.118355888193,15.5430577267407
27.155,-168.187647922227,8.51653323480485
27.1555,-141.463359247277,9.52025590731087
27.156,-119.193744394737,18.2564050404741
27.1565,-110.453233469482,25.0665649163459
27.157,-113.185790201948,20.6073525723446
27.1575,-120.433250903312,4.82340148850618
27.158,-127.206381863334,-15.0533361070919
27.1585,-128.980569320771,-32.0325431351562
27.159,-120.741757907154,-42.1541179013317
27.1595,-102.267574936116,-42.8844040638672
27.16,-79.0853859767354,-33.8062745595297
27.1605,-54.667856052856,-19.1871243439846
27.161,-27.839958137281,-6.0683653685582
27.1615,-0.912317956012281,1.8460462808498
27.162,19.0116769878136,6.14063607753083
27.1625,33.0560745717501,8.25229551817636
27.163,54.3870870069524,5.12267580603869
27.1635,88.5507588771577,-6.06771250707213
27.164,119.530524585739,-20.1032951750031
27.1645,129.911075780901,-25.8564315114618
27.165,127.678836139105,-18.5840410872954
27.1655,134.560455370258,-6.90912552248407
27.166,151.234343537627,-4.13066761237805
27.1665,156.337335800305,-14.0879178284005
27.167,143.145483871605,-28.6203199991951
27.1675,134.082282664138,-37.2220311435285
27.168,147.999379840298,-34.8476216836255
27.1685,173.179401750963,-21.227392236797
27.169,188.751313074319,1.010239401788
27.1695,196.016085635553,24.7501811646986
27.17,207.592664012197,39.7549652398691
27.1705,217.854397863119,40.4114938973369
27.171,210.332379137322,30.7905973793304
27.1715,190.357002142241,19.3480212955585
27.172,182.347556892208,10.4004234252921
27.1725,188.628633524348,3.32274792650921
27.173,175.017152812816,-2.40912300197109
27.1735,111.112767651762,-5.69405665594635
27.174,9.3286445808853,-6.75531681201395
27.1745,-90.0178783645691,-7.98673212158581
27.175,-160.440478106393,-11.2983727588313
27.1755,-201.167582877288,-16.5923406704814
27.176,-217.041642702481,-22.5786012140279
27.1765,-206.742644743232,-27.1420336267023
27.177,-172.71818347339,-27.4407324987087
27.1775,-128.780764899269,-21.8346677496682
27.178,-91.5455884448998,-11.713147778501
27.1785,-69.7606117764564,-0.16885218325756
27.179,-64.1277515392497,10.4138713929776
27.1795,-72.1993605578757,18.5596942035973
27.18,-90.6418606486742,23.4842785281877
27.1805,-115.327652081211,26.4400435168021
27.181,-140.361239092299,29.968695763737
27.1815,-155.950738340003,33.3750347883546
27.182,-149.407831639328,31.5544101864691
27.1825,-112.355146576541,21.7536039444949
27.183,-47.7531530888493,9.08327283515272
27.1835,30.4000519026597,1.02553153145576
27.184,101.708654575126,-1.62687847838418
27.1845,144.338682422597,-3.68894469714387
27.185,144.895740858934,-7.43720355550973
27.1855,112.0857766765,-11.3627521403111
27.186,76.0008148220791,-15.6194182443591
27.1865,62.6179988880384,-21.3881504963978
27.187,67.333707257313,-24.472740072456
27.1875,60.8901820024398,-17.5992246635323
27.188,22.7199647755927,-2.01555601012228
27.1885,-38.0031930502227,10.2239972885034
27.189,-94.9414877108087,9.90177341165739
27.1895,-129.896910082141,0.788230928993356
27.19,-142.521557143259,-8.75268283384794
27.1905,-142.976460033436,-18.7165509062797
27.191,-142.171796217582,-34.7895589113041
27.1915,-146.086791446173,-55.6569177608133
27.192,-153.052104899209,-70.9041108350732
27.1925,-155.544836771668,-72.3121334525897
27.193,-146.875705314683,-61.7339728840984
27.1935,-126.586605369815,-46.1920712578613
27.194,-99.7239064331773,-29.3461501073407
27.1945,-72.9237264089854,-10.4661989029819
27.195,-51.3099069741087,10.1357460528258
27.1955,-36.3073095545671,27.5116301534626
27.196,-25.5013576470079,35.1159311221499
27.1965,-16.635584553366,31.7473135438037
27.197,-11.3076391326458,24.6091820400057
27.1975,-11.4440178833385,23.33477019186
27.198,-12.7914025831182,30.2943506775787
27.1985,-6.93347618048812,38.686865272517
27.199,9.37446634208478,40.8769977263296
27.1995,31.7522138044312,36.1136668126283
27.2,56.0090886777847,28.8081486671504
27.2005,82.5065519276793,22.317744741014
27.201,110.47594643514,17.130360765197
27.2015,134.355029411514,12.9917595059635
27.202,150.064289323903,9.67242454557869
27.2025,159.817366837144,6.59716762942505
27.203,166.144117097276,3.95795116557008
27.2035,166.351789089383,3.12169632638033
27.204,158.873374091752,4.21652749300108
27.2045,150.511451941931,5.08932799725886
27.205,149.524282432363,4.69357295150618
27.2055,153.547979965519,5.28583852423788
27.206,151.844120488397,8.40370919777769
27.2065,138.945629927485,10.7162130150429
27.207,119.364978854771,7.60034616744017
27.2075,98.993137696641,-0.175410308641197
27.208,78.8407591668988,-6.90330165204672
27.2085,58.2961499456437,-8.58482241264139
27.209,37.7834488710692,-5.90672871541399
27.2095,15.8541956509574,-1.06789497816373
27.21,-10.4744812629212,4.68948447253232
27.2105,-39.5113990770075,9.85388373157785
27.211,-64.1373531968143,12.2173671186523
27.2115,-80.4846003460367,11.3218075557202
27.212,-92.4070572142924,9.87622185210749
27.2125,-103.246429307466,11.718462841277
27.213,-108.054477517651,18.6194049948535
27.2135,-100.153831964907,28.4155915538943
27.214,-82.6057969213769,35.5009742895838
27.2145,-66.2557786638369,34.6179227135495
27.215,-56.8084548340055,25.8634490234872
27.2155,-50.2202202075987,14.769232129968
27.216,-41.9654517085204,5.85427903193612
27.2165,-34.4229281120282,-2.19097817966741
27.217,-31.2698939378476,-12.9201183032277
27.2175,-29.1955487488093,-25.9298116673887
27.218,-21.0153195929283,-37.2418657500942
27.2185,-5.79328759149758,-44.180108950111
27.219,9.25799972244997,-46.5896071584811
27.2195,17.5124335049033,-44.7198755098859
27.22,19.2403279537718,-39.5712916067046
27.2205,17.5956533774458,-34.1843763800399
27.221,12.4273583032175,-30.7570049122043
27.2215,1.77441380419416,-27.4206656895452
27.222,-12.6036677261187,-21.7106294252015
27.2225,-25.3561850362915,-15.9687558249154
27.223,-32.9561499457686,-14.5822307343922
27.2235,-35.8181669213029,-16.6399291485182
27.224,-35.2920324380708,-16.7033562738595
27.2245,-32.2138040286434,-13.0100521709192
27.225,-28.9872384427255,-9.50997483554805
27.2255,-29.108798013866,-8.99623399023545
27.226,-32.6098770460085,-9.59960812188837
27.2265,-34.9672766698263,-9.38891948110137
27.227,-32.7139784056865,-9.07872484276702
27.2275,-27.562717361235,-8.35458105765657
27.228,-23.0618888627214,-4.82137500470449
27.2285,-20.4498758501147,1.0583295021415
27.229,-20.4978400127206,5.13420861225618
27.2295,-25.360349055156,6.34349031818722
27.23,-33.5849909605703,9.09595363348385
27.2305,-36.3054199000271,15.6408563564482
27.231,-25.363954619073,21.3035124195929
27.2315,-5.00553767291911,21.482519601731
27.232,11.0514342177923,18.5623054937158
27.2325,15.5790981951256,17.0201957040976
27.233,15.1072652552556,16.0133137149914
27.2335,19.2136220828278,12.424094732488
27.234,28.5100599393569,7.76100087894235
27.2345,37.1031460436321,5.98731637070172
27.235,41.9059824776545,6.9130329344693
27.2355,43.9819583350676,7.49867520941009
27.236,43.6842217737878,7.69796460260588
27.2365,40.4126170095808,9.29287823353235
27.237,36.3440035145704,10.7448495750302
27.2375,35.5180523982699,9.26063931824595
27.238,39.0873559752458,6.75425331087079
27.2385,44.8196409536425,7.68969689777339
27.239,50.4754755455031,11.9058604709795
27.2395,53.8482878875598,15.8309857994781
27.24,50.5123995846004,19.9665424908319
27.2405,36.807340614385,27.7112768605363
27.241,15.8678322532074,36.1339398121032
27.2415,-3.90542774429527,35.9455627172986
27.242,-17.820562867609,23.8835946934432
27.2425,-28.4334231236865,8.9174620136172
27.243,-39.1264777473516,2.11272959582687
27.2435,-49.1532125122369,4.63841520032097
27.244,-57.4089755145524,9.08635297321906
27.2445,-65.7126421223119,8.63864684374636
27.245,-73.7126643057666,1.69482875705457
27.2455,-74.7454111903577,-8.81034916679175
27.246,-63.2080131618446,-17.178280961748
27.2465,-44.4067512926359,-19.0405861808163
27.247,-30.5930018581659,-16.6546184163938
27.2475,-26.6409113475158,-17.174102462227
27.248,-24.9376979305785,-23.2614013265035
27.2485,-15.7431867925181,-29.3620200720517
27.249,2.35317465711264,-30.3633164968605
27.2495,24.5452039530995,-29.1092779953385
27.25,47.3546582044641,-30.1536421020699
27.2505,69.0858593913245,-30.1790459755673
27.251,84.8008373345264,-22.0113685520502
27.2515,86.6424902041303,-6.88342613584338
27.252,71.7560558516083,4.64859387573854
27.2525,48.2977363221159,5.23944284083173
27.253,31.2129475721815,-1.57836811849063
27.2535,30.6083629939284,-8.26886522772353
27.254,43.4752279581733,-12.72795455302
27.2545,56.7585534267608,-17.3718587364458
27.255,58.9767486342011,-22.2068609648588
27.2555,49.0317349350737,-23.216848769008
27.256,34.1406380508265,-17.1260351779654
27.2565,20.9567388902532,-4.96979482891781
27.257,10.3486078583327,9.29645983499717
27.2575,-0.144112892965671,22.0538924700893
27.258,-11.344951269867,31.4808824863827
27.2585,-20.7953244174354,36.8631214113413
27.259,-25.1716898938261,37.4106610246992
27.2595,-24.2319843113158,32.2080197827046
27.26,-22.5814445228832,21.5870763082611
27.2605,-26.0261128994478,8.34856581595326
27.261,-34.9150699654893,-3.03606941851524
27.2615,-43.166418365975,-8.977886375407
27.262,-46.2999292675037,-8.82751676220757
27.2625,-48.1356634828625,-4.75411644090703
27.263,-55.5745076592148,0.0683072197837034
27.2635,-68.3566694655769,3.04005928102526
27.264,-79.1308451400422,2.19593189010367
27.2645,-83.3646665859839,-4.08431506176909
27.265,-83.8806020249873,-15.3885932355278
27.2655,-85.2471430701053,-26.6756117943989
27.266,-89.3628798414842,-29.8822834352694
27.2665,-97.3453704880291,-21.0569239644761
27.267,-108.859615259902,-5.13200312002331
27.2675,-116.929610490794,9.20997011469067
27.268,-110.438534708963,18.7770456012978
27.2685,-86.5859158646827,26.5001225926514
27.269,-55.5397225399785,33.4192529489201
27.2695,-27.9526563449651,35.6029463570086
27.27,-2.86948546549642,31.2072928922051
27.2705,27.2426080757061,25.3155266189516
27.271,65.3760169630614,23.2026945460851
27.2715,110.134018315613,22.204308540871
27.272,160.642536631209,15.6032154688434
27.2725,212.017893178555,2.85690550006004
27.273,249.832980489233,-9.36787573855142
27.2735,259.683259382334,-15.8639909213282
27.274,242.131349825432,-17.5615015737299
27.2745,210.604235679854,-17.1571898360056
27.275,176.179144887039,-15.05114146454
27.2755,142.883619697867,-11.619437247127
27.276,115.419619555784,-9.78751355261005
27.2765,98.9533132404043,-12.301932147478
27.277,88.5804161045109,-17.7569895917282
27.2775,69.171785029481,-21.1101182805635
27.278,30.0365425645092,-17.760554999992
27.2785,-26.6046081270995,-7.13836542016945
27.279,-91.6139258719526,6.3919006638077
27.2795,-152.530305205307,16.2875154743668
27.28,-189.386591114345,19.1078001677756
27.2805,-181.662235381811,16.9842372316685
27.281,-129.561022593027,13.6015748188493
27.2815,-60.5424669654746,9.07631306500803
27.282,-6.158951114506,1.49652945026967
27.2825,21.7501483811581,-7.71548090483278
27.283,26.669474671069,-14.1695430953276
27.2835,10.7537923588095,-16.5061788417566
27.284,-24.787830941153,-17.9267474594686
27.2845,-69.3327020640492,-20.5987777238429
27.285,-107.432344833476,-22.4838383379592
27.2855,-133.143146145736,-21.7080589745947
27.286,-149.603553024175,-20.512292954689
27.2865,-156.275837909006,-21.9444307349783
27.287,-148.068889322765,-25.0171406564976
27.2875,-127.194025851885,-26.0189116133413
27.288,-104.454833619054,-23.1422019693759
27.2885,-86.0362999923559,-17.5640940434637
27.289,-68.0409307622974,-11.315395164877
27.2895,-46.655925313989,-6.08213964724067
27.29,-25.0151077563962,-2.81151108656402
27.2905,-6.62764435030526,-0.597126641467671
27.291,9.95251633238707,2.97788768226716
27.2915,25.7696059820378,8.89340432844785
27.292,37.8736587687796,15.2812136037969
27.2925,45.6603476703259,20.0878377762597
27.293,54.6293071685544,23.3614721939293
27.2935,68.8845516162361,25.4478051203176
27.294,84.9583947844932,25.043902860224
27.2945,97.6721371592473,21.3432691696828
27.295,107.106337520896,16.731449694055
27.2955,114.554445363612,15.1389625200111
27.296,116.170320472882,18.3964718010327
27.2965,107.224610509155,25.2370322157971
27.297,90.4582692757246,32.1966672121523
