time_s,EMG_ch1_uV,EMG_ch2_uV
15.931,21.3755814894275,4.07897605519686
15.9315,21.7768081139314,4.45802390171253
15.932,20.8133215256271,1.95453845429579
15.9325,5.79868193009986,-3.58306703192544
15.933,-21.9177922901496,-8.35701940930046
15.9335,-42.8037088875173,-10.9965528946713
15.934,-35.7944409743549,-14.2155861755077
15.9345,-0.293949238160565,-19.3784637538711
15.935,41.7753788049185,-22.9132279365267
15.9355,65.6056588906101,-20.7395506296191
15.936,63.3482331106601,-14.3328877873163
15.9365,47.0397196141246,-9.2044757081587
15.937,35.7960104201322,-7.94672232601206
15.9375,39.2738190785228,-7.93647254817425
15.938,50.4186909905795,-6.27024033360501
15.9385,54.0060727360803,-3.86662771670496
15.939,43.123088606032,-3.18048200355978
15.9395,25.7611063601358,-4.13755970168598
15.94,14.2188636426726,-4.36996751707601
15.9405,11.1055824069347,-2.32772697626527
15.941,8.87861171619417,1.40990716937562
15.9415,0.925985134499067,5.16127757696548
15.942,-11.3141652382555,7.48186042590756
15.9425,-22.043830789994,8.36634975869273
15.943,-27.8547062487926,9.75268302357112
15.9435,-29.1752194704311,13.5176360318194
15.944,-27.3386547346001,18.3224328901291
15.9445,-22.627981804565,20.2089597539311
15.945,-15.3235793626339,17.3506933689791
15.9455,-7.44600676885874,12.3361482525546
15.946,-2.08968472250244,8.48327728226334
15.9465,-0.377844912042948,6.01231163640576
15.947,-0.0896922763687728,3.60220990447825
15.9475,1.2238636130609,1.48356744996036
15.948,2.79652479403706,0.46058634378333
15.9485,3.07678547335104,-0.413693047539175
15.949,5.06370925258545,-2.41372229036443
15.9495,14.4553877682739,-4.65419899855637
15.95,30.0518965426691,-5.68109759963331
15.9505,40.2349753836285,-6.29294711029477
15.951,34.2036049684621,-7.91167474050136
15.9515,15.5525697887187,-9.36669301323676
15.952,-0.278543356498463,-8.67559746545956
15.9525,-2.85552635589935,-7.25860772870032
15.953,2.71132870734009,-8.68195615286109
15.9535,3.35795675273127,-13.2412889238993
15.954,-7.18754494308459,-17.2866398542352
15.9545,-23.5309232877666,-18.2855147984928
15.955,-35.9771041627306,-17.3125337788941
15.9555,-39.5520739800645,-16.0461982882936
15.956,-36.3251649321819,-14.5557894034533
15.9565,-31.3832771979447,-12.7924693207803
15.957,-27.0381044163467,-11.026545959358
15.9575,-20.033008504583,-7.74969878805212
15.958,-5.17265122422473,-0.28435454276463
15.9585,16.4383588931225,11.094743785042
15.959,33.4721573019717,22.3793087459079
15.9595,32.3445888021413,30.4684473347345
15.96,11.4523428396563,35.836077258575
15.9605,-14.3860929181321,39.2571570135252
15.961,-26.9862548089855,39.0340940772419
15.9615,-22.7822440414462,33.6371898633686
15.962,-15.7709873014186,24.4990997765787
15.9625,-21.6463395428788,13.8607331165945
15.963,-40.4959604487397,2.13259874105196
15.9635,-56.657547104042,-10.1276552399288
15.964,-55.0768304317062,-19.7040366914964
15.9645,-36.2952004553477,-23.1417770281376
15.965,-15.0633164560884,-20.5768469022755
15.9655,-5.65111246559627,-14.858378798852
15.966,-10.2069792530856,-7.99726687960934
15.9665,-21.251684892589,-0.660195147728441
15.967,-32.325121418794,6.0626688460368
15.9675,-42.5830154098176,11.0037125357262
15.968,-51.7127025368963,14.5335875195064
15.9685,-55.4995504284992,17.7249100618574
15.969,-49.4587758413352,20.3082578323298
15.9695,-34.0798662604278,21.2610978893684
15.97,-13.6901607528419,20.8704366122723
15.9705,7.04949684697282,20.1415369703967
15.971,22.7613183764212,18.1665570102655
15.9715,28.5425575737308,12.0256938051354
15.972,28.1784354908666,0.358152273574241
15.9725,37.2349271192733,-13.3886702577299
15.973,67.5631485246532,-22.1972718324666
15.9735,108.059925941766,-21.3786967082171
15.974,130.636077088699,-14.1841870393641
15.9745,118.355312357432,-9.93736840564933
15.975,79.5683655181293,-14.083148377249
15.9755,32.6876035566176,-21.297016964724
15.976,-10.7295457374132,-22.2200791182128
15.9765,-42.1476586453236,-16.2767948823453
15.977,-50.06436588407,-12.2666661307961
15.9775,-32.3080340872338,-15.2720763479315
15.978,-6.68716215638626,-19.7306508651584
15.9785,5.6278019739481,-19.318153064793
15.979,4.14382641576796,-17.483474029109
15.9795,3.9593958707361,-21.7556802882192
15.98,11.0651118798142,-31.6905639121008
15.9805,18.2113826694983,-39.8387916472848
15.981,23.3638509014528,-42.5743567687403
15.9815,33.989619333176,-42.5317943805867
15.982,49.2147895186626,-40.9273035215809
15.9825,54.0332304838853,-34.9174540575093
15.983,38.37417612868,-23.889758844425
15.9835,9.24907520833597,-12.3046703351265
15.984,-22.1641277161611,-4.32612025541613
15.9845,-52.0607978990212,-0.140059025175189
15.985,-74.8814749005115,1.4294719949358
15.9855,-76.5671090921508,1.51761320740095
15.986,-48.7683335871895,3.41851275445355
15.9865,-0.39946464522508,10.9086297371863
15.987,54.3823334554383,22.6733283899072
15.9875,108.51362596119,33.1585882314714
15.988,151.603515319601,40.3489939586149
15.9885,161.380426244367,47.5304715967286
15.989,124.599078255696,55.9608580099071
15.9895,59.6289817676343,62.0043383323982
15.99,-0.183969994519159,64.000438318529
15.9905,-41.8040760884152,65.4178021196385
15.991,-74.0716319359588,67.6455119678732
15.9915,-99.5436109272315,66.4609556740434
15.992,-108.60223241126,60.4834704825744
15.9925,-103.727539876669,55.9627508216024
15.993,-104.337098854429,55.9379154513373
15.9935,-115.347208305446,50.7990116763655
15.994,-110.641464603139,29.3417308536494
15.9945,-66.0880817074457,-3.89379682600971
15.995,2.07859304348572,-32.0609120584093
15.9955,50.657728003988,-45.7279360988394
15.996,57.1200300868198,-50.0790845097361
15.9965,37.3871362697288,-52.711119633221
15.997,16.9292152155363,-54.2056445607214
15.9975,1.67079336116932,-53.1299454201773
15.998,-15.4397034251844,-51.0798984503699
15.9985,-33.383509768653,-47.9120111039844
15.999,-44.7002604081577,-39.0701603056054
15.9995,-55.0952049560689,-23.4218181404016
16,-83.9800664985996,-8.67185500444367
16.0005,-135.777369977321,-2.99525560328993
16.001,-180.458939032263,-4.41157400918244
16.0015,-178.446688406919,-3.77770845793584
16.002,-125.414808313959,3.51870804250576
16.0025,-58.6760215354628,12.9961320718234
16.003,-14.141949979319,16.5453074316604
16.0035,10.4160594387437,9.16512623083305
16.004,40.7545514549373,-7.54110880445516
16.0045,87.2054689231611,-24.9239147980413
16.005,134.461349536989,-32.2984310927796
16.0055,162.478176880374,-26.329705734122
16.006,161.227377906869,-14.35030244098
16.0065,128.170237339459,-5.70471484768134
16.007,68.547975554784,-2.43830241894787
16.0075,0.487670023279563,-2.2421110745411
16.008,-53.4094503036263,-6.76544945400258
16.0085,-82.1860900091088,-19.5083758980163
16.009,-84.9531284100272,-35.7660318139431
16.0095,-57.3341992224576,-42.3215237519722
16.01,3.44210517781741,-30.429834946123
16.0105,80.4443945761437,-4.87279591358494
16.011,145.011359850122,22.1309684340428
16.0115,188.36956562114,41.7987144713409
16.012,224.821170333596,51.1219050648651
16.0125,254.671852498292,49.436052286746
16.013,247.156030671768,38.4755452078645
16.0135,179.077718609743,24.8425950767936
16.014,74.0941474271592,17.8046330761847
16.0145,-18.8748159170995,22.824794508616
16.015,-77.0444143396131,37.4243351107368
16.0155,-112.162777992525,52.2423818355401
16.016,-134.76044546755,55.8358992995614
16.0165,-135.926269912909,41.7627017525564
16.017,-108.30280357256,14.2344690461245
16.0175,-64.852767568098,-14.2866496625958
16.018,-27.5096604378029,-33.484551171364
16.0185,-8.07712657875351,-42.4561511352708
16.019,-5.47458269884589,-45.7401901598162
16.0195,-11.8202622572178,-45.5237870131042
16.02,-16.3929816307007,-41.311568845969
16.0205,-12.4462414416442,-34.2956347296801
16.021,-5.42998412663225,-26.2946506344406
16.0215,-8.02095652662507,-15.2976797456868
16.022,-22.8153410998686,1.67324231603191
16.0225,-35.2237044601373,20.4654413558194
16.023,-27.2739982120372,30.8750752389101
16.0235,4.25434499401283,28.5095510060106
16.024,43.5580793534092,20.231275370742
16.0245,65.8517856152033,14.2540475932493
16.025,54.0025537560143,9.9141604181714
16.0255,12.5705585596284,2.3758534237246
16.026,-34.39188289472,-6.65555205126641
16.0265,-65.1647406214474,-9.87605924309167
16.027,-78.5713629872981,-4.73026255436517
16.0275,-84.4367776828365,3.39460227543447
16.028,-81.2787849335667,8.34993102524331
16.0285,-57.4420635069057,8.2807754312524
16.029,-15.0052561317385,3.27458001520338
16.0295,23.2144679068511,-6.34752534152096
16.03,38.440884912181,-17.7486176718416
16.0305,36.7370243416821,-26.4817746790257
16.031,35.6023120017545,-31.9195593954343
16.0315,38.0194601337434,-37.5802706540331
16.032,31.1123235720586,-43.7613217105622
16.0325,6.65430407817721,-44.4264261858502
16.033,-27.8733873349378,-35.1970072499916
16.0335,-58.3972434050723,-20.8940470317162
16.034,-76.3015564960043,-10.4202848493822
16.0345,-80.8443235824664,-5.9560973109181
16.035,-76.7354799100986,-1.68494875523859
16.0355,-71.644444283613,7.38878150502055
16.036,-71.1030053599464,19.3097947549435
16.0365,-72.9432874689819,28.2767565587662
16.037,-69.4156630647804,31.1052942666515
16.0375,-56.2558793584528,29.8682215820012
16.038,-36.7151480575653,29.5948600007301
16.0385,-15.4515984252863,33.5208825130233
16.039,6.76359030827246,39.7867923946485
16.0395,27.8469360030023,43.3160326215215
16.04,38.0446534167924,41.2049639813356
16.0405,27.8477031181676,34.4911508254308
16.041,3.88669851225218,24.2327838905476
16.0415,-12.1976832345666,9.4731520843438
16.042,-7.52230308003077,-8.39177855970491
16.0425,5.90902648600076,-22.7431530973367
16.043,8.25382001235364,-27.6415776991556
16.0435,0.060233766164117,-24.8101336297788
16.044,-0.169570496025833,-20.6362433989458
16.0445,13.9431900892511,-18.0073749364235
16.045,25.5917016192029,-15.9130564707714
16.0455,20.4077121210019,-15.5024296888715
16.046,8.3317298578595,-19.9529695142882
16.0465,7.8937144207308,-27.5972616619703
16.047,19.4122314370882,-31.3609208460516
16.0475,28.471735080817,-27.4322895808442
16.048,29.451046031484,-19.7387399240758
16.0485,30.1606874952766,-13.3740425503984
16.049,36.1168565474392,-8.03827283462849
16.0495,44.9600993037858,-0.889223283302709
16.05,55.3756390722746,8.24366271227882
16.0505,66.8644266594394,18.0677862221306
16.051,70.0869331867762,28.9137692043637
16.0515,53.0491018689313,40.8420318547693
16.052,21.4940536411769,51.1148627294427
16.0525,-0.0318278480492734,56.9398404801368
16.053,6.24999450417309,58.6918621837972
16.0535,34.7087999790116,57.7341759112003
16.054,69.3143278731031,53.7033359034233
16.0545,100.852569952475,46.8156237689685
16.055,124.128001376884,39.6468211745483
16.0555,130.782646727793,33.0481564268352
16.056,117.613409816588,23.716182495154
16.0565,95.3522616615436,10.2023883967913
16.057,76.9746565028062,-2.32139166573089
16.0575,60.3113556155988,-9.14185306565638
16.058,32.9720921134712,-14.7179800281228
16.0585,-6.42578479916981,-26.8896224120539
16.059,-41.9432760483495,-43.8945433362567
16.0595,-57.4388806383384,-55.2629209516206
16.06,-53.0736338029332,-55.8130616454208
16.0605,-41.4602972508895,-50.6644998673261
16.061,-31.9433124784351,-45.1119076082462
16.0615,-23.2025881749251,-38.2056236476279
16.062,-10.4816840806103,-29.5414455985512
16.0625,3.78820474330886,-23.7564843010704
16.063,9.23868473689078,-22.6867186271467
16.0635,-2.91598925337781,-20.3115416290778
16.064,-31.3378807961145,-12.5805207875349
16.0645,-64.8615743703376,-6.54512522094087
16.065,-88.4253052306569,-11.4066967033434
16.0655,-90.0443829619682,-24.1622743979343
16.066,-68.9066907331819,-32.9129470394641
16.0665,-39.1358560778746,-32.8248779821491
16.067,-18.4407310476448,-30.2827068201146
16.0675,-8.80487026726014,-31.0360914596158
16.068,3.31378517236439,-32.200550440776
16.0685,21.3536604035914,-28.1737039965138
16.069,24.2627921821691,-18.5123552527794
16.0695,-9.2783995878088,-7.41711037442873
16.07,-70.0286413299412,0.531734478189773
16.0705,-127.811050845665,2.87638142843974
16.071,-167.417070234367,1.5150990293281
16.0715,-196.296211019138,2.88751797048924
16.072,-217.425914969149,11.2714952929683
16.0725,-215.974421940544,21.3863800423332
16.073,-179.871157992383,22.8205207604882
16.0735,-116.973455486586,12.6278587995263
16.074,-43.6579838241415,-1.76507713008758
16.0745,29.2007756728389,-12.4568155761225
16.075,90.4505346627722,-16.8472587498363
16.0755,123.649287392944,-12.4346844335492
16.076,120.795198835237,4.81695959072889
16.0765,92.9750868189604,31.821887571789
16.077,58.0550785537661,55.730291361785
16.0775,25.0929912898605,66.6607803321785
16.078,-2.32018149298624,67.6311130933947
16.0785,-16.7563936878162,66.3284677987012
16.079,-9.95977540722846,64.3599715735904
16.0795,20.6485581206943,62.625882857122
16.08,72.6335889267349,69.0479709225874
16.0805,136.825933610622,87.2384316578878
16.081,191.702455034669,100.992467754664
16.0815,212.230700851454,86.0374085921652
16.082,191.402712288443,40.5581335629504
16.0825,143.620706383864,-8.49976027486466
16.083,84.5529003135826,-35.157646760458
16.0835,22.1052382723345,-40.5713220050628
16.084,-31.2119505834241,-43.4169980896625
16.0845,-59.8088389437606,-53.6855560013641
16.085,-68.3179676622699,-65.5912515340652
16.0855,-80.6146581754574,-70.9807047423054
16.086,-102.270159522127,-69.1267186043968
16.0865,-108.041465549209,-63.3942128634435
16.087,-85.453208733231,-55.5549731206128
16.0875,-66.0243031690379,-45.4062655072453
16.088,-85.6861181779788,-32.9898383652633
16.0885,-132.803896867788,-20.6363448424825
16.089,-165.759981300245,-13.4766694654348
16.0895,-167.675622816331,-15.2696371727862
16.09,-151.39085068541,-21.8288716713662
16.0905,-121.812755430964,-22.1514707902615
16.091,-70.3976365196102,-9.32932623757819
16.0915,-3.60431580976831,12.5156710489374
16.092,58.8535082220383,34.7684137903444
16.0925,116.182877305886,53.5050998696238
16.093,184.504878998875,68.2940228888751
16.0935,258.012269188223,76.8492108435207
16.094,301.86027613138,77.313114360502
16.0945,290.489264293282,72.6140234209016
16.095,228.298031271202,65.6132670846279
16.0955,131.433172796909,52.2874013771771
16.096,20.1418602714161,27.455812132267
16.0965,-67.348422992565,-3.93643961900331
16.097,-91.1148749831603,-29.7911594388944
16.0975,-56.7239963954875,-45.7236550122575
16.098,-19.1033976028367,-58.4219473065874
16.0985,-23.3182764742367,-71.8462099242435
16.099,-61.9239134871498,-78.7408988027129
16.0995,-98.2193753626986,-71.2779022739994
16.1,-103.882283195274,-53.7893434739498
16.1005,-65.0179477082946,-37.8987862514338
16.101,14.0968206257596,-27.9713504960858
16.1015,94.9586090930281,-17.6479913937539
16.102,124.359767151174,-0.0244484990377209
16.1025,92.6674407737339,23.5119108902139
16.103,46.4004352496046,44.9426819031446
16.1035,24.4296931916245,56.9038601122779
16.104,14.0633586678192,57.4405878984088
16.1045,-6.82683175246312,49.0885481271147
16.105,-23.1017175080091,34.4627529935478
16.1055,-14.4154580394564,14.0518690194452
16.106,0.359436193940646,-10.4175084015146
16.1065,-2.51334633604476,-32.5316984334529
16.107,1.17336070202301,-45.4434195882981
16.1075,47.8755956721064,-49.5986225111744
16.108,112.129980521059,-51.4097675938641
16.1085,125.565231899313,-53.0244119524106
16.109,70.4682903755888,-48.6884793943869
16.1095,3.42956226067554,-34.0395363218241
16.11,-21.1121600759507,-14.2117419343948
16.1105,-5.30920528862367,0.873731378678539
16.111,22.3075446067546,5.03615691093196
16.1115,44.8310610957895,-3.52134107040407
16.112,48.6574521842406,-23.7581622181965
16.1125,19.3636561853788,-47.401208350643
16.113,-32.1360678680979,-58.2409320995052
16.1135,-73.2639680105169,-45.6378310705221
16.114,-98.6152433577301,-17.9559105710805
16.1145,-139.80181168119,5.64366207552599
16.115,-204.98909198418,16.6024563498625
16.1155,-247.508554450542,21.8807386177903
16.116,-228.165455962254,27.5410484079833
16.1165,-176.894871721267,28.601050041772
16.117,-151.637202056991,20.1232763803574
16.1175,-158.261065639164,8.63657558861199
16.118,-155.991948266509,3.72115436392881
16.1185,-129.820124640013,4.16905155906703
16.119,-109.27798189937,2.42236554658672
16.1195,-112.484298797943,-0.0353368364145605
16.12,-114.740057963169,7.69673864816992
16.1205,-88.9976182957599,29.7372455235667
16.121,-47.2123251928197,55.6359326899544
16.1215,-20.1133741319635,72.1980613308905
16.122,-12.4200668267346,76.3179792507607
16.1225,3.12106172786817,71.8625833751869
16.123,53.4798073942884,60.3951718461788
16.1235,137.326442523258,42.5726178126139
16.124,223.783432623902,25.7839684029875
16.1245,273.354604299777,21.6190866886294
16.125,267.100198846469,33.4740215059276
16.1255,221.394708976167,51.5388608181304
16.126,169.699092289617,62.2781234216894
16.1265,127.671007238161,59.5185402038625
16.127,84.0113703220322,45.3475738461706
16.1275,29.6064847371296,25.8450336264403
16.128,-14.8904932124358,10.040212781882
16.1285,-13.6201670768073,7.83072239999227
16.129,42.3106800976675,20.529822493689
16.1295,117.626703241578,33.4237042214607
16.13,164.596521606731,25.3524685237839
16.1305,167.607316216491,-10.0880923477421
16.131,147.681142557783,-56.0303282001808
16.1315,124.216132140961,-87.6520637740847
16.132,87.142374848098,-93.4789602732784
16.1325,17.7038308380075,-80.0692387355086
16.133,-73.86588108889,-60.741952044841
16.1335,-150.229661510621,-45.4569947145069
16.134,-185.145865528055,-39.8708061729004
16.1345,-182.380525478612,-46.8743616974147
16.135,-156.5048459697,-64.6348621458258
16.1355,-117.093690267048,-84.4722350290439
16.136,-78.6419097521705,-94.1833262924544
16.1365,-60.9524992201437,-86.7415847400459
16.137,-61.9695496842082,-67.7639538086618
16.1375,-50.3001063823485,-52.7323193630528
16.138,-8.25859749649104,-52.2922627484419
16.1385,32.6727306332019,-59.5430773500943
16.139,27.7087132537269,-57.0510504540137
16.1395,-18.4411327476336,-38.7304684584872
16.14,-56.3928184428307,-18.4236256308838
16.1405,-59.2848978015199,-11.6754612953176
16.141,-52.0475114139603,-15.3394635891381
16.1415,-64.5019558593041,-13.7088703064543
16.142,-87.2920583384424,-0.139457444729638
16.1425,-95.7608954068481,18.8300471711904
16.143,-93.7758816374714,39.0399004154223
16.1435,-102.542276738476,64.6266417447302
16.144,-113.509004729206,95.282565046564
16.1445,-83.6466588179946,120.602605382936
16.145,12.6832745486682,134.328881516461
16.1455,144.778219625186,143.719535207108
16.146,251.825391451644,155.292395969467
16.1465,300.887453324587,159.489493247615
16.147,306.731464515192,141.198124016074
16.1475,296.26848260753,101.263789680246
16.148,269.287193201523,56.503862185954
16.1485,206.415264641908,20.3204143978354
16.149,108.107729838914,-6.58737025344832
16.1495,4.85978692571844,-27.0063814951742
16.15,-77.983100130189,-38.9363064343111
16.1505,-146.554164879896,-38.9224251269732
16.151,-212.045077949049,-27.4930725243787
16.1515,-250.893283187145,-10.5005337919044
16.152,-218.654817167937,0.658659489089003
16.1525,-106.494348822339,-6.40188842782795
16.153,37.0797688287287,-32.0257874256237
16.1535,148.283559065711,-58.5426511261568
16.154,197.251680350739,-67.6331728452547
16.1545,192.348219745356,-62.6842998724632
16.155,157.005779045058,-62.3269255957087
16.1555,114.844958974977,-71.7068612345126
16.156,80.7183260960748,-74.4612811276972
16.1565,48.9187005278319,-57.1876886685736
16.157,-0.838711972472872,-27.1788073726965
16.1575,-71.8782272762188,2.04245536778204
16.158,-134.023986416538,28.7907398695303
16.1585,-153.571492039157,54.6018339500681
16.159,-132.820188286756,69.1607281119444
16.1595,-104.252670944797,60.8248357221303
16.16,-90.2863757435463,37.4707835121348
16.1605,-84.6766522398231,20.4414834378807
16.161,-71.1116448467145,17.1788213753252
16.1615,-43.7191934443588,12.8605360829706
16.162,-8.0808581773584,-8.4952018435154
16.1625,23.2410409410861,-45.0934705085458
16.163,32.1073249187382,-82.0924414452127
16.1635,3.78806195160913,-106.110568870502
16.164,-57.9311924755885,-111.973221651113
16.1645,-128.132645861085,-103.180155342653
16.165,-175.237029988893,-89.9394737227735
16.1655,-178.493550198047,-81.3628531812243
16.166,-140.404380539416,-76.8533384297446
16.1665,-91.1595776890628,-69.6273252755931
16.167,-71.9876690510586,-59.0771152571988
16.1675,-97.2848857120563,-52.8323376948417
16.168,-134.936050344175,-55.0689448878261
16.1685,-139.667698119234,-60.1547071478026
16.169,-105.225801070731,-60.8307224528232
16.1695,-66.2010756027651,-55.8346924098066
16.17,-46.8454027006801,-45.6901611975363
16.1705,-30.1263126533715,-27.5269066973035
16.171,11.0673244369477,0.530416201930564
16.1715,69.9718109267271,33.9079777938826
16.172,113.1702613135,64.7404348279613
16.1725,126.372388452458,87.5183614961927
16.173,134.211956855689,100.007915765301
16.1735,166.76723301105,104.160302003095
16.174,212.975403870512,108.677814479153
16.1745,219.175104555162,123.488643089336
16.175,145.115912168035,146.356788907238
16.1755,22.1931071344336,160.9746834317
16.176,-60.5883597800642,154.723726637695
16.1765,-44.5682728353518,133.638471105043
16.177,34.2614808018253,113.727087581555
16.1775,89.8025206198541,102.844679321301
16.178,87.9118567796145,98.5913465251703
16.1785,73.9764420826446,97.9955995154745
16.179,95.9108976305968,97.3466608130977
16.1795,136.615231447455,84.7275154659936
16.18,144.991435420164,47.120511465203
16.1805,106.598953362621,-9.9174482027514
16.181,51.8161357553398,-59.3171367770363
16.1815,8.28205052175861,-76.6160187821526
16.182,-21.7422857398249,-62.9761403075415
16.1825,-40.25225817867,-40.2683102753819
16.183,-40.330251395399,-28.3950045302187
16.1835,-21.2288064372313,-32.2119519389273
16.184,3.07434433125161,-45.3718783188173
16.1845,18.350852844765,-58.5840985947281
16.185,22.0428101087979,-64.4037032150418
16.1855,18.1856623692217,-60.5473649034679
16.186,10.473749030288,-50.9782999636769
16.1865,1.10567074420118,-41.071879845541
16.187,-11.1544087472928,-31.4320799596636
16.1875,-28.4381808367085,-19.6986519602963
16.188,-42.2270531661229,-8.20400970971778
16.1885,-34.4158850327237,-4.31432275080594
16.189,-3.21132525877813,-10.381614607538
16.1895,23.2809357931286,-18.4652936289238
16.19,18.8576730905822,-20.922258176999
16.1905,-4.00977839339009,-23.3781287089748
16.191,-11.9880804935158,-38.826376197893
16.1915,0.691498471405651,-67.4210271493317
16.192,6.96581478314888,-90.3306950619033
16.1925,-13.417476332362,-89.3986404264824
16.193,-55.6465154331824,-67.9329612718936
16.1935,-107.807598995181,-45.3826564941063
16.194,-154.923836279981,-34.7143244488268
16.1945,-164.738838714995,-32.5356553138703
16.195,-108.85871419332,-29.5421206604516
16.1955,-11.1843952931194,-21.4986423506926
16.196,59.4071694365315,-8.79538272244593
16.1965,63.0985932180375,6.016322644439
16.197,26.9925688556409,16.7741480362436
16.1975,-5.7525421219971,17.3993155268701
16.198,-28.112360443259,11.7510597107422
16.1985,-46.6134851735304,13.1167742095789
16.199,-45.8853258235261,27.8144600160883
16.1995,-16.441658315658,44.4291004291123
16.2,9.11114569697345,45.9727644478269
16.2005,-5.764838313715,29.1844285949738
16.201,-41.0120417886164,5.75158510559506
16.2015,-41.7703912112678,-11.8986083407514
16.202,6.36909140897016,-19.0187264267322
16.2025,65.7934865291237,-15.9230031639935
16.203,106.410171017924,-5.74605812166995
16.2035,132.006203094859,4.98715961133822
16.204,143.049190890388,10.6873009514297
16.2045,118.460506117563,13.1427604155055
16.205,51.9340858199617,18.7948113535653
16.2055,-27.1966587063904,29.0313536043718
16.206,-88.5803898100546,37.905585838121
16.2065,-131.519268894828,40.0271277410219
16.207,-166.091974525028,36.2539115203978
16.2075,-188.206503419856,31.0574643160943
16.208,-190.512090669448,28.5305995651627
16.2085,-177.616034552459,31.4179882398925
16.209,-153.679905558791,39.5547142348547
16.2095,-111.975834234683,47.9509111941048
16.21,-51.5783984271591,49.8134671450326
16.2105,11.4386649982613,42.5143964139971
16.211,62.9215009114155,28.3889068345839
16.2115,105.307334723396,10.5042278315728
16.212,141.096526296068,-8.81091783819643
16.2125,158.410338278039,-25.8092396953999
16.213,147.793302892417,-35.7231212197996
16.2135,119.782163052024,-35.9942960555354
16.214,92.3770474676723,-27.4650524633745
16.2145,72.8297784903788,-14.2692356243906
16.215,60.9279193860346,-4.7244795620118
16.2155,54.3684928939688,-7.91343299689855
16.216,41.0552868543393,-23.9259890090827
16.2165,5.48209862497688,-40.9225418839073
16.217,-43.9491104413665,-48.3156644813635
16.2175,-74.3672288985099,-49.6231398089705
16.218,-71.6553019794854,-54.7905932308988
16.2185,-63.3991983390225,-63.4877004761595
16.219,-78.2271799021784,-66.249016324324
16.2195,-102.980166914503,-60.2182240386789
16.22,-106.73901026495,-51.9515247069699
16.2205,-89.8459291548134,-44.4272919164402
16.221,-76.4395705044574,-33.904611920217
16.2215,-68.1116708770476,-22.0008413724848
16.222,-39.9770157694045,-17.6637859559331
16.2225,16.5693354825651,-21.8662090476531
16.223,76.7177541096743,-22.3958538362922
16.2235,112.914153186808,-10.6948563077093
16.224,119.334691820297,7.24660710959315
16.2245,101.194223287224,24.4743912286382
16.225,62.4668351038628,45.9753984893278
16.2255,14.4068740670304,77.4003703413841
16.226,-18.4426801458834,110.738852403961
16.2265,-11.0940815257391,133.988404840126
16.227,45.3253870272354,147.735083010009
16.2275,134.046025909813,158.130196719024
16.228,210.613198404644,158.48235910923
16.2285,224.020565600434,134.081126112247
16.229,164.309669172169,86.1666056591276
16.2295,85.4659793014182,37.6163586339003
16.23,55.0051118598176,10.2199932093863
16.2305,77.5552541282128,4.14806822501244
16.231,91.789653471032,2.77869469692175
16.2315,48.3546550460978,-8.24027345237998
16.232,-33.6137116843387,-28.6077882386719
16.2325,-98.5712822253047,-45.2215396000757
16.233,-120.584945804499,-45.6274452785192
16.2335,-118.301175482586,-32.8391369837872
16.234,-116.412532478175,-24.6276541392247
16.2345,-113.117441247573,-33.8032680064827
16.235,-87.7608205212795,-52.9548106437514
16.2355,-31.062597666047,-64.6676824171477
16.236,37.2998867161723,-62.1769545330472
16.2365,82.1469740272405,-51.7385099085122
16.237,83.0828972599018,-39.4727951947658
16.2375,47.4996037917366,-27.4705951697612
16.238,-4.61284108045987,-20.6642925120632
16.2385,-55.698628693307,-24.4629694046814
16.239,-87.6878553966485,-34.3058535100039
16.2395,-86.6157609577962,-39.3643559007987
16.24,-66.8253346376504,-39.01696605638
16.2405,-69.4894740926161,-44.0177764316488
16.241,-110.846315884628,-57.2736417150351
16.2415,-148.874570965695,-64.7942303481481
16.242,-133.576488106075,-52.3820065332855
16.2425,-75.6155486810882,-22.7310628535877
16.243,-24.8957303754308,10.3174065096865
16.2435,7.67393275988695,36.2864763084558
16.244,54.6633741577846,49.6195129972263
16.2445,116.961379838476,44.8353238911603
16.245,142.462951644872,21.3127853706218
16.2455,99.3533833262771,-8.90843149223271
16.246,19.5212930513746,-26.9263711252342
16.2465,-56.2807345922492,-22.9656445776362
16.247,-124.998381452062,-4.09861337372561
16.2475,-179.0433179186,13.7707998778515
16.248,-172.7424065327,20.5292832054046
16.2485,-87.5857756854783,19.9449812748201
16.249,7.93650822874822,23.4605925347535
16.2495,30.3900355279919,34.2665112054228
16.25,-6.28280213968406,40.1430603302958
16.2505,-15.0687095567224,27.3885631508597
16.251,36.7427040931246,-0.666390936546564
16.2515,90.0675257443679,-27.3421855310351
16.252,87.5577976436357,-43.4596195632792
16.2525,42.0443438506405,-53.4686524288123
16.253,-4.25532639101236,-59.9287387871675
16.2535,-33.4385045018582,-56.1122426440316
16.254,-40.4519035490113,-40.5547615513189
16.2545,-14.7176211302481,-25.6281396934756
16.255,36.1635603783513,-20.381146521908
16.2555,78.0793385056278,-14.7285219545761
16.256,91.9073971544672,5.6951017465404
16.2565,94.6125707329941,35.0842496234718
16.257,99.7740332948366,52.292276561556
16.2575,92.3356607707043,47.9468279138518
16.258,65.883885940857,33.6976070843103
16.2585,45.2602367842131,24.6346109073696
16.259,38.1775078304623,24.9396490364064
16.2595,2.34085191943667,32.736149215412
16.26,-92.4426155391357,46.6748733470204
16.2605,-196.319994593346,61.7273831397101
16.261,-226.657261707059,67.1586941692726
16.2615,-170.873574435519,56.1300594886305
16.262,-93.2011781569194,33.3794197666659
16.2625,-46.7525129125436,8.71696573180308
16.263,-29.6022134187589,-13.3446740407409
16.2635,-26.7834794921505,-33.0404764111908
16.264,-39.6151392818457,-47.8070351705822
16.2645,-58.0814839052157,-51.2229767710308
16.265,-53.002640899365,-39.9641608728563
16.2655,-20.8103596415688,-18.4521651336547
16.266,2.44862789097545,4.89124102201127
16.2665,-0.919852058444797,24.6722807229108
16.267,7.46615589010465,40.344498189814
16.2675,68.4902183624305,51.6693261185846
16.268,160.466750359562,55.709323442057
16.2685,225.330972873434,51.419331837432
16.269,244.616113742926,45.1161217006929
16.2695,252.234325594828,45.4857144948105
16.27,276.467310312089,52.1400860345215
16.2705,301.247813487758,55.2022676861107
16.271,288.095843271348,49.073472488803
16.2715,215.533695018687,39.9977798916925
16.272,96.9850080242573,34.430963127263
16.2725,-23.2492786570218,26.0256024886575
16.273,-96.1136984887657,3.42858495939915
16.2735,-108.107541463566,-30.9717527818763
16.274,-91.1121897453263,-59.5080578781535
16.2745,-77.5777168415704,-68.404485343955
16.275,-60.5012461947235,-62.1570265300648
16.2755,-21.9016430794033,-56.3482541057382
16.276,17.7332537427874,-60.7459715893749
16.2765,20.2965313825905,-72.1628734628014
16.277,-6.32966730329551,-80.8618981063454
16.2775,-15.3865145143727,-80.7909155309229
16.278,-0.233978219810744,-73.5098894495073
16.2785,-14.6583652946625,-63.188488179068
16.279,-90.1109470134606,-50.1674554667292
16.2795,-179.370609741188,-33.3204441469176
16.28,-220.408596453355,-18.25482848543
16.2805,-219.487194375452,-15.6499544751467
16.281,-224.684881722414,-26.8002838808698
16.2815,-244.350450313207,-37.0092817522333
16.282,-246.193112091197,-30.673767904128
16.2825,-223.090620785691,-9.22449131906336
16.283,-200.664135899307,12.8797941696546
16.2835,-176.767567600388,25.8413873618886
16.284,-109.492305939274,29.52495148208
16.2845,16.3604802336813,24.6352894469096
16.285,154.519339941156,10.7749318108444
16.2855,249.936557959673,-6.46343354279072
16.286,288.244822125532,-17.4978868246264
16.2865,270.67720876118,-20.1752687512928
16.287,182.203065722975,-19.8601073464836
16.2875,25.852783559903,-16.3855188889705
16.288,-136.235760800841,-1.95363548091722
16.2885,-222.252671907684,23.5038352219259
16.289,-208.339061383773,45.6461604780231
16.2895,-137.727712516965,52.1485285998206
16.29,-59.4199390282592,48.247010121713
16.2905,11.3095983500532,47.8288784117636
16.291,74.8986732953221,54.4181413825661
16.2915,126.13293446244,58.8186239639576
16.292,163.28928342437,51.9993845565029
16.2925,194.94145502799,33.3723724796491
16.293,221.298651802223,8.93440027595356
16.2935,221.08284456775,-12.6885328239171
16.294,171.633631640578,-24.301250832766
16.2945,78.9055412109265,-25.519988397451
16.295,-21.3618053148438,-23.0528965066237
16.2955,-93.931108218359,-22.7184084682421
16.296,-132.71023734643,-23.8325370390398
16.2965,-155.106906201459,-23.6917000412555
16.297,-166.076893358402,-22.646652960144
16.2975,-139.093500804089,-20.8521182838562
16.298,-52.0881211533234,-15.0022296556404
16.2985,60.6556005110302,-2.78903248220127
16.299,124.242248562049,14.4345201652647
16.2995,107.214996851606,37.3774016848067
16.3,62.1255847228475,69.4614303947407
16.3005,54.5705481986294,105.030360918462
16.301,75.4456678594177,125.835153298466
16.3015,64.2223605756509,120.89906661927
16.302,6.10645697248383,103.801977793358
16.3025,-45.2599074553994,96.1967383537948
16.303,-47.6553699165409,97.2705178126867
16.3035,-22.7566063415805,85.3868531989832
16.304,-7.30545107450304,50.5723842698312
16.3045,3.96770394536435,8.31555307176825
16.305,30.1478927618409,-24.5787762735449
16.3055,50.8535475560464,-51.613851159785
16.306,29.1846362116993,-82.5477280855439
16.3065,-23.2423341591083,-109.564409382185
16.307,-50.1535122851992,-113.451973396227
16.3075,-24.3384876387328,-90.3841783450971
16.308,19.237252652475,-59.4576229482612
16.3085,35.7091885789609,-42.3302289204083
16.309,24.6180383317643,-44.0695653671773
16.3095,13.1857417359051,-55.4067259489153
16.31,9.73820927016417,-65.7520134786615
16.3105,0.496866949102408,-69.8610686278504
16.311,-18.7202995639496,-66.5924311306858
16.3115,-34.6340123822067,-57.0228177202949
16.312,-40.5781560781779,-44.965675536721
16.3125,-47.9420307934163,-37.2854075005418
16.313,-68.967537054051,-40.1975072086067
16.3135,-103.644089675665,-52.1648046499326
16.314,-148.494311914338,-61.8246142141363
16.3145,-201.650121214868,-57.9810261876411
16.315,-248.690149759526,-42.30052944306
16.3155,-258.073533368703,-26.5427883824825
16.316,-207.940082925437,-15.775874569784
16.3165,-111.303482419492,-1.80905085849188
16.317,-0.129093061408615,22.4660670877448
16.3175,108.828181482621,50.018959192347
16.318,215.023055548052,68.229236814252
16.3185,308.865320435635,73.7812000109256
16.319,372.812675398046,69.6547363888757
16.3195,409.5522786098,53.6121612567238
16.32,438.630152970246,23.7613051844594
16.3205,452.968302948909,-5.95165429649292
16.321,409.561020695827,-11.7902975125321
16.3215,287.98746788161,12.6292572396269
16.322,134.419667377683,46.4973446644278
16.3225,15.5129611964662,65.4706444934326
16.323,-56.3632763898959,65.7227667358175
16.3235,-117.715250901778,57.8224377603092
16.324,-184.895454007883,47.2487005552494
16.3245,-232.546335311655,32.7502571196853
16.325,-243.541347879529,17.9988669170083
16.3255,-239.494325310145,10.9206118197095
16.326,-245.940568204574,10.6759722436755
16.3265,-257.929054552672,5.82193031526937
16.327,-257.872568295965,-10.5877286363973
16.3275,-242.075693607624,-30.0551815425078
16.328,-211.261839468436,-36.8535515367659
16.3285,-158.358770009202,-24.925093314068
16.329,-88.0235464114735,-4.40800985181801
16.3295,-31.2790697865839,8.20608506051331
16.33,-19.190123516115,6.0520927491125
16.3305,-52.5010456740424,-2.69298560266176
16.331,-110.085280930936,-6.8920626073891
16.3315,-170.470872834474,-7.4198519534564
16.332,-211.304487990137,-13.6883666758173
16.3325,-210.083855305593,-25.6370657261703
16.333,-166.400536534714,-29.121396171511
16.3335,-103.47481083872,-13.5752608451371
16.334,-27.5885176057254,14.9737470563639
16.3345,85.7601466083691,44.0773496865312
16.335,233.304870590802,66.8340260713337
16.3355,341.643006691869,75.01081372258
16.336,335.832079283648,54.5467017328956
16.3365,238.630223194904,5.95344189257461
16.337,145.655398035835,-39.8070388959068
16.3375,101.424225205818,-48.6025957839351
16.338,60.549848930449,-24.7341818085208
16.3385,-11.2328346509963,-3.6518304553219
16.339,-61.0466921127485,-2.59118087722066
16.3395,-19.4879023828157,-3.13902656394239
16.34,93.2082519898423,10.8278138753527
16.3405,186.463454630202,24.6783712133402
16.341,208.60661902798,18.7230451766402
16.3415,188.544762504039,1.28717225656413
16.342,173.182161709252,-5.327111350181
16.3425,169.011176338315,1.44698704092207
16.343,156.126119811055,5.86810011671249
16.3435,125.949413771142,0.103561176281867
16.344,86.4102859942536,-10.833363509259
16.3445,46.8740083054041,-23.7299155235153
16.345,10.1785899648568,-37.5132065114191
16.3455,-30.4072048899038,-43.9037747037009
16.346,-88.5584630027155,-36.5779461493114
16.3465,-164.465143763362,-25.9244477539219
16.347,-226.779853268698,-26.3972451955199
16.3475,-236.683970111796,-33.6359274097218
16.348,-196.831779762833,-34.6929111641696
16.3485,-154.726941153255,-36.6404248572748
16.349,-145.987715357987,-58.7437321922039
16.3495,-155.193296844605,-94.0663332611698
16.35,-148.083515476485,-106.429218291367
16.3505,-118.993367095543,-75.5629196876915
16.351,-80.2250580562789,-22.3422988200895
16.3515,-23.9431665610843,22.7405063425735
16.352,65.6882632605084,54.0346381296213
16.3525,165.674630353113,77.5952753153197
16.353,220.694662832182,84.1374791529814
16.3535,208.114167681716,59.2819660374716
16.354,162.136372591256,11.7804704633163
16.3545,116.9186141471,-30.0029163513112
16.355,62.9497937567652,-48.4185648945029
16.3555,-9.52936827169258,-49.9406239956644
16.356,-58.7948050165024,-50.9375331755278
16.3565,-35.7330863432213,-60.4408621903467
16.357,33.3257043530205,-73.0093398013053
16.3575,65.2517262735468,-69.7952584416756
16.358,29.3904895501607,-32.4748490139446
16.3585,-14.4788303683817,34.7848872226619
16.359,-8.71702547168403,103.381217630919
16.3595,20.9975182201264,148.306237540121
16.36,14.949140861882,170.090133748482
16.3605,-28.4479117853926,181.540095414865
16.361,-60.3718047836713,186.031292282753
16.3615,-60.1160236975849,181.766761625109
16.362,-50.9555550593059,173.292889466652
16.3625,-42.9743935477632,159.866727433346
16.363,-15.6121027967498,124.233934047025
16.3635,29.8462343296646,56.761615149667
16.364,46.8498364520738,-16.5060509027246
16.3645,-1.29022979005972,-56.3388473707054
16.365,-90.8674284400036,-58.9124000902485
16.3655,-163.662690146673,-55.4511015619535
16.366,-182.022295783598,-62.7366340536953
16.3665,-144.201261945257,-64.3029321353105
16.367,-72.4816473277668,-49.5764532825011
16.3675,-6.69931620098409,-41.0215649508793
16.368,15.5401288749646,-62.3281294379234
16.3685,-3.19437340101834,-101.556044526543
16.369,-22.694866690877,-129.731543280387
16.3695,-27.2877881822577,-141.840259237228
16.37,-56.1325733470595,-154.036864735231
16.3705,-135.770239637126,-166.943148379364
16.371,-209.677747677027,-157.665597217233
16.3715,-190.200289767542,-112.293550955234
16.372,-75.2991396570108,-47.9907024585886
16.3725,41.7228585330562,5.60505385838513
16.373,88.8157911332166,36.8872535628238
16.3735,90.339319181951,56.5569620306145
16.374,106.048254201535,76.6371977509723
16.3745,146.240837018591,93.1497625506165
16.375,184.998937224586,92.1720876886853
16.3755,216.041978423702,70.5659331832379
16.376,242.074574759165,44.3802283755073
16.3765,231.888243845271,32.0111250836682
16.377,148.728095111142,34.2483918627352
16.3775,20.6710263135441,39.9919700015117
16.378,-71.666460032983,46.7552216553046
16.3785,-90.371568618455,59.297912161071
16.379,-77.1959416661061,67.1212638962537
16.3795,-77.7708302689313,44.2368408053037
16.38,-76.2772646783696,-16.5254515841133
16.3805,-39.0557200376039,-83.7151565477971
16.381,15.6781543396156,-117.180728568827
16.3815,39.1932044725243,-109.067049509938
16.382,22.293347148056,-81.8019973344811
16.3825,-3.77028585334548,-54.7636804679183
16.383,-24.7660019995275,-29.7496338619625
16.3835,-50.4981299733413,-3.92160325780997
16.384,-64.802888956719,20.9094083260684
16.3845,-24.6261727166263,41.9489001197381
16.385,70.6279943490408,54.7910310340873
16.3855,154.384091225428,50.0533109169904
16.386,168.672531951937,23.9185267573085
16.3865,132.141278739145,-8.8704277495722
16.387,100.367137855238,-26.7467746721904
16.3875,86.9574829507524,-26.9473860391924
16.388,63.7091818157131,-25.7795658006245
16.3885,19.6657109848275,-31.7298653615508
16.389,-25.7704479151169,-32.9981983267065
16.3895,-63.771195559851,-16.710900586268
16.39,-107.058384442916,12.4354361486045
16.3905,-153.12153442051,39.8968658060891
16.391,-172.05404661199,57.9825417625271
16.3915,-145.291075703248,67.9328817569174
16.392,-91.4194997608448,72.7524400738537
16.3925,-39.7430765163647,74.139109426753
16.393,2.39672931164783,71.3800503268473
16.3935,43.3737864556625,59.912472717912
16.394,84.3326455707911,36.70805160001
16.3945,115.158771841028,8.80460173477264
16.395,124.078945250679,-10.9142678752924
16.3955,105.354556707975,-17.9916742077183
16.396,67.1256553653539,-18.0295417955227
16.3965,32.7371029845963,-13.6226393256472
16.397,20.6213608288076,-2.16027470778378
16.3975,22.0478784186917,9.8922407922709
16.398,13.3989063114183,5.72144448050583
16.3985,-12.6762703491416,-19.0237854079128
16.399,-48.8097529624859,-44.6096659568706
16.3995,-99.0430288745602,-51.7429315517131
16.4,-167.962594013697,-48.9699229756825
16.4005,-219.280134184016,-60.4477099666596
16.401,-190.602450778851,-91.4199850522969
16.4015,-77.4327547321093,-122.31046471786
16.402,31.7344327207327,-136.815503892452
16.4025,43.4614951031849,-139.370309649207
16.403,-35.5899819525775,-139.180235208298
16.4035,-117.808232257032,-130.661644796127
16.404,-143.050464511845,-101.125785456103
16.4045,-123.733400205901,-51.5264145556969
16.405,-86.2136769296045,2.25581877417453
16.4055,-19.6017757537462,48.4196862528615
16.406,92.7806805877793,89.5850979838785
16.4065,221.729369078873,130.558750704613
16.407,302.538409346742,164.327798400582
16.4075,289.979286829134,179.518040549223
16.408,190.11822912205,178.819168649636
16.4085,49.6094615034526,178.57506758269
16.409,-72.6714510704219,186.875298825416
16.4095,-136.056053171316,192.010705119857
16.41,-141.961273513364,179.368745502142
16.4105,-128.116411693479,151.100172714595
16.411,-126.598350667477,119.462598893835
16.4115,-128.350787961758,88.4359946312678
16.412,-100.83609682341,55.3330228076355
16.4125,-38.9916991968198,25.2991906561823
16.413,18.7698605553625,6.88399835617998
16.4135,33.1069251699386,-6.80971999142337
16.414,8.60743446673461,-34.6410984875605
16.4145,-17.3761472403258,-79.9504165197152
16.415,-21.6209032605622,-121.630741934714
16.4155,-11.7064287590311,-138.978830644802
16.416,2.43557524556936,-131.525974052563
16.4165,30.3730020216452,-108.247169558871
16.417,83.2177847902058,-74.5088402660104
16.4175,149.860414543345,-41.2432911359375
16.418,206.275152117729,-30.1144566642403
16.4185,237.961357307244,-50.7186019859906
16.419,238.613241045295,-81.567212438065
16.4195,198.272668408059,-91.3049324978183
16.42,114.372511854207,-74.054162206906
16.4205,10.790878038119,-49.8078785558952
16.421,-73.2731119913305,-36.185176141315
16.4215,-112.627522260627,-35.0906098460221
16.422,-101.681941910847,-41.376752684363
16.4225,-43.4167653168721,-47.2350509305207
16.423,39.6907506388538,-41.3739912445604
16.4235,90.0435759497197,-21.7497424836951
16.424,49.037874444956,-7.93847042651716
16.4245,-77.5004376735784,-23.0452699251595
16.425,-209.872075892414,-62.4522185832347
16.4255,-262.832779770053,-97.2792409233411
16.426,-210.243201923626,-109.666955648984
16.4265,-86.4819127105573,-106.394624727276
16.427,43.5057853854849,-95.4616711395578
16.4275,110.405920848469,-70.9282229396738
16.428,79.4584385548375,-30.0655879016359
16.4285,-10.0647438655091,13.1222745235297
16.429,-71.3956941885695,44.3583654184212
16.4295,-61.0197546040966,65.1741293268519
16.43,-20.1846830116854,80.0117847069729
16.4305,-6.72586681413715,80.0466488643666
16.431,-18.5977256268254,55.4058965409659
16.4315,-16.9257289728915,15.9578395448883
16.432,6.40381100343018,-14.5171906042563
16.4325,28.6585779197081,-21.3653582668369
16.433,42.4501084904971,-6.21341463402528
16.4335,51.5521072821716,23.3436327429342
16.434,30.597937587488,59.4203213057786
16.4345,-56.3776663018829,92.0998568174889
16.435,-189.616740395207,112.940350517702
16.4355,-292.017744225107,120.663356281043
16.436,-311.311984081017,117.985600690941
16.4365,-270.808545065659,106.125886718007
16.437,-222.043927549134,88.0639980743563
16.4375,-176.365413847741,71.7176959994476
16.438,-104.605328096196,61.7599868645602
16.4385,14.6566685577256,52.5822094085619
16.439,166.208805391727,37.8216734586683
16.4395,307.562363420905,23.3774120601489
16.44,395.372467813077,22.469525653252
16.4405,410.760933680021,39.8491558877509
16.441,367.375478394753,67.0013105224796
16.4415,293.897039318375,88.8271663882695
16.442,214.028531828596,89.5102732834922
16.4425,148.99938510724,60.6189088758404
16.443,121.389233546114,15.1228746183031
16.4435,132.222268616117,-13.7509255221964
16.444,145.525890938532,-4.14943589985983
16.4445,126.356106831788,24.9083439644389
16.445,88.6284780499311,30.8682831134633
16.4455,70.554230407913,-3.935961887513
16.446,64.5633272009189,-55.443259975587
16.4465,15.9994560499953,-92.2449733982845
16.447,-93.9568452911032,-110.896935068637
16.4475,-204.280187079377,-128.440873485828
16.448,-240.125936336868,-152.629429756993
16.4485,-195.609306624435,-172.958116296039
16.449,-123.051956257424,-176.298962205765
16.4495,-61.9715228268915,-160.16481759681
16.45,-12.3390551463748,-130.917853460781
16.4505,31.6466549990224,-96.5298929344522
16.451,55.5990573089574,-62.9994317662521
16.4515,40.7782401661378,-34.338592664788
16.452,-11.4678429984792,-13.3272942679804
16.4525,-80.0737140964489,-0.0411119793088573
16.453,-143.982222662657,11.7172729227917
16.4535,-197.602987869438,32.2292132612243
16.454,-245.552014690169,63.6597257506941
16.4545,-281.730570442237,92.2581853006106
16.455,-281.356283246846,101.166543056856
16.4555,-224.170303103782,90.3147056358728
16.456,-120.89061722007,73.6643024049338
16.4565,-4.25889443042733,56.6382774171098
16.457,99.6800034171313,30.1357713218865
16.4575,174.18941724734,-7.89102997073482
16.458,195.135419467602,-39.5875524638974
16.4585,143.170170871796,-47.7249784191436
16.459,39.177592672049,-39.0929170441838
16.4595,-57.9229480552615,-33.5032819853424
16.46,-100.020295914858,-35.5791112201612
16.4605,-80.7146081498102,-32.1998197987072
16.461,-18.1799400560476,-15.2407910930708
16.4615,64.8066256992043,8.40428654880223
16.462,138.13172788362,30.7918190807745
16.4625,173.758349297433,52.9038872373033
16.463,172.696781661194,75.7612571721798
16.4635,157.24995746927,92.7606493432157
16.464,127.327736243135,98.2773772368022
16.4645,59.1714993282334,97.1794874190521
16.465,-37.6409296467763,98.9961143513845
16.4655,-106.205884116378,105.823249903192
16.466,-118.062315830792,109.54278727415
16.4665,-122.944682096636,97.9033944612031
16.467,-174.971497313749,62.6720832164056
16.4675,-238.214999398286,8.35539764796341
16.468,-225.705679732896,-44.5635768104163
16.4685,-122.039337603351,-72.6324390340618
16.469,-5.5006843266332,-71.4217086830199
16.4695,58.1332255567681,-59.9923378970502
16.47,84.4687870494743,-59.3647289578945
16.4705,110.217755204514,-72.3136190388262
16.471,116.84395224508,-89.3682727914822
16.4715,59.6041539190689,-106.948518415141
16.472,-52.5436114647696,-129.072160117167
16.4725,-150.490660481855,-154.026635742739
16.473,-174.3353622287,-170.324086765338
16.4735,-119.458240050629,-167.996408587141
16.474,-16.6750637088355,-147.196166333951
16.4745,102.439209897456,-114.025945510337
16.475,211.772935808294,-73.5584041289105
16.4755,286.923403779766,-28.9242562889773
16.476,316.05723021274,17.0858277682289
16.4765,309.418331034559,61.4535964450157
16.477,285.133164792097,99.7212560359938
16.4775,246.093713013455,126.375687823824
16.478,179.60290691045,140.237396458359
16.4785,80.9755278128133,147.467751228901
16.479,-29.5013041307005,153.250261224041
16.4795,-116.326589954016,151.903295067887
16.48,-152.584935540066,132.947959395888
16.4805,-135.274664774023,96.8834297758622
16.481,-85.5612282516225,56.1639178351206
16.4815,-38.296396950669,19.6446202147008
16.482,-24.2425851616514,-13.0388898861932
16.4825,-53.052321582416,-38.2139260649513
16.483,-110.046931514037,-42.6705246715065
16.4835,-167.157174450427,-21.2813094212373
16.484,-195.201535366831,9.96100006176265
16.4845,-175.726649265702,31.1144340282307
16.485,-117.727402258629,41.0464602173556
16.4855,-58.7358475187478,48.4855846037729
16.486,-25.0964435737102,46.747181892417
16.4865,10.0399974832381,18.3728655210834
16.487,95.6013313704338,-32.5826605349747
16.4875,218.586200235569,-73.6579606912029
16.488,294.404981538525,-80.3990862816681
16.4885,271.933255978596,-65.0465266732013
16.489,206.671930832052,-55.4710310000136
16.4895,180.715376658082,-56.8841317581172
16.49,184.945462618904,-51.5585479361768
16.4905,146.529497995146,-30.5800246835741
16.491,51.1054416762106,-6.40475881817328
16.4915,-42.3559691409476,8.24919336974281
16.492,-104.517174087896,17.6128534964515
16.4925,-166.273975160535,31.5539675160706
16.493,-230.551961875796,47.6541636649409
16.4935,-242.968388117172,52.805946328728
16.494,-189.624809844158,36.8622540729957
16.4945,-144.419194570275,-0.53227391166193
16.495,-166.117273012763,-50.0172894718778
16.4955,-216.986501373522,-93.1956457531497
16.496,-240.424951664583,-109.777175824958
16.4965,-249.98751489983,-93.1044761224605
16.497,-271.362873313377,-56.7275823638581
16.4975,-262.934870497929,-20.1056821008104
16.498,-183.018241540031,8.56805254666968
16.4985,-83.093740449793,29.8550255639908
16.499,-35.1676671240282,40.6106051650192
16.4995,-8.30356731548707,36.5260604889796
16.5,72.3261130840038,25.3021633603255
16.5005,173.170055848908,23.221696138137
16.501,185.06223614731,34.3969503560693
16.5015,103.851105442477,44.4136059771966
16.502,49.9175925131281,40.3510202123771
16.5025,89.1050078351849,27.0687337939
16.503,159.333216794385,15.8059300896112
16.5035,209.060787599652,5.98338707524627
16.504,276.65801559408,-10.3848098857409
16.5045,366.767306729541,-32.3363780406993
16.505,373.021993834795,-50.5174951598036
16.5055,227.495741218174,-60.4597687134907
16.506,37.1062033491477,-62.2446473278022
16.5065,-43.2567301601809,-49.5211277288323
16.507,-13.0445251991422,-15.4670088451568
16.5075,10.560619544437,27.780323640077
16.508,-15.8184382087377,53.117970055307
16.5085,-31.9160350919222,50.6063660979076
16.509,-18.6374383783473,41.0674512155952
16.5095,-44.8032458945818,45.8635650557659
16.51,-142.832602103598,56.4741388995442
16.5105,-236.6684815058,51.2175639234087
16.511,-241.182759392291,33.0837867119303
16.5115,-171.963701937191,29.0134473411691
16.512,-113.319090743166,51.9632264281732
16.5125,-113.966395487718,83.8035685363464
16.513,-143.929230087723,100.772085795184
16.5135,-131.459042168718,98.6643259617335
16.514,-30.3114856631986,85.1066783244249
16.5145,127.586446916827,62.6176735055775
16.515,247.426610702399,31.034880678502
16.5155,266.478142628977,-4.95088128690304
16.516,223.225909676844,-43.3488230586924
16.5165,194.795398557626,-90.7184571621339
16.517,183.366876481625,-146.965447569687
16.5175,124.724429940822,-191.611434665128
16.518,7.05316546855595,-200.46441283342
16.5185,-89.8856717539081,-172.47925260754
16.519,-97.2698270235295,-126.517689906636
16.5195,-39.9781158649832,-75.8419539675657
16.52,16.0484199751592,-22.9037748625373
16.5205,50.0068714039372,22.1332131022562
16.521,78.0116371105851,39.2404317933682
16.5215,93.9072770804839,23.2493803934809
16.522,66.0181007285066,-4.612450244148
16.5225,-17.2814264102024,-20.1574359077498
16.523,-128.683983434223,-20.2419484156981
16.5235,-223.656634581532,-14.753952379264
16.524,-267.986757776411,-6.87597246830246
16.5245,-257.462253522126,6.11334997353074
16.525,-221.166957077361,21.2176731136957
16.5255,-190.460399719015,32.662379928734
16.526,-160.24105362567,41.3309115982496
16.5265,-102.52084427264,49.8113297940609
16.527,-19.675847281841,54.2079428607728
16.5275,48.6837525026231,53.4800600981614
16.528,80.2026880343895,59.41527321922
16.5285,94.5197940506498,79.7016558648365
16.529,108.397428286798,95.8836687724736
16.5295,103.775077396767,80.6883509529246
16.53,64.4145014433946,39.2043287802365
16.5305,12.6922369994565,8.85643632471315
16.531,-16.4644171641852,8.97805987381439
16.5315,-13.4851132110045,13.0649805993573
16.532,14.298389360084,-11.5652395092409
16.5325,60.4624392088468,-54.4737942568339
16.533,107.558662664068,-76.2407678218977
16.5335,127.100270843272,-62.5066536217567
16.534,113.028794076701,-38.0598218655278
16.5345,84.8673674437888,-27.3873659190879
16.535,42.2651556552594,-25.3614927126671
16.5355,-37.0136747386707,-15.2366735488181
16.536,-128.254385492083,2.0430977199428
16.5365,-149.021256695822,8.75701357824525
16.537,-68.6275332508486,-8.26228910307561
16.5375,24.4825650066973,-44.9879324972145
16.538,33.7321028971257,-81.1514141078293
16.5385,-8.68289286654803,-88.602307862074
16.539,0.940496270451518,-49.4351781816868
16.5395,70.2263953287118,24.310266045111
16.54,98.3386926909849,95.1028099082188
16.5405,33.4833145671061,132.532699824841
16.541,-51.7998814544349,137.332966079027
16.5415,-70.0066024643092,127.816151775764
16.542,-25.3180041613039,111.402955928599
16.5425,25.9573019082767,80.9661155350852
16.543,56.2084343810378,34.5182783991673
16.5435,65.1651479974945,-14.9099068153
16.544,51.8105125129669,-50.6494550958631
16.5445,33.2189744120284,-65.3438722244415
16.545,48.3010527107846,-61.6857411481524
16.5455,99.2894285886945,-47.7047114585849
16.546,127.439851063416,-33.1531772445658
16.5465,89.3042085600712,-25.0545776690014
16.547,20.7302283067674,-24.8631003442178
16.5475,-19.7509157453937,-32.3162382060309
16.548,-35.1487894071898,-49.4915093961756
16.5485,-64.1264946042561,-75.3305524445169
16.549,-99.4338164235474,-98.1057671906491
16.5495,-94.7048447620585,-101.386096632459
16.55,-43.0269011707979,-79.6438931979734
16.5505,7.91270536757475,-43.8337263590154
16.551,21.9984510666595,-11.5100280504754
16.5515,12.6104534338754,4.84213668374223
16.552,12.1947319521284,2.597413874494
16.5525,41.1977307812066,-9.78665963516737
16.553,106.132396852541,-15.9328646461701
16.5535,189.40648919848,-3.56314870857668
16.554,238.927178109395,23.7452964571586
16.5545,206.341585859208,50.7129847683539
16.555,102.95569187355,66.2151865087339
16.5555,-13.8902997835067,70.5805067974675
16.556,-112.617780700042,69.7360776515568
16.5565,-210.661842119071,70.7551182730036
16.557,-322.117589379486,82.743575594256
16.5575,-421.745198831685,110.974706484383
16.558,-474.869228093041,145.44715366429
16.5585,-469.640302362019,163.547360419288
16.559,-404.298188703362,150.731864475521
16.5595,-274.720196096775,114.922628277504
16.56,-96.7572700398675,77.0204107633461
16.5605,81.8246391023382,50.9168458848579
16.561,212.872399735797,34.3524426876969
16.5615,279.631555387453,14.0076055115075
16.562,291.777484522279,-22.2329203442132
16.5625,271.470874608455,-72.0524653473297
16.563,251.083870491217,-115.755349260294
16.5635,255.615523564102,-133.180212882235
16.564,272.861354603394,-125.751458347808
16.5645,265.971845717501,-114.475582832028
16.565,227.021395835093,-113.901972714058
16.5655,187.68976715194,-117.186263020236
16.566,162.243052562933,-111.115619743724
16.5665,116.770096172107,-96.1147682548877
16.567,20.8995866099961,-83.791116531813
16.5675,-103.235464554484,-81.4822476582405
16.568,-214.395970395398,-86.7174257723124
16.5685,-302.299096112709,-92.2457106560648
16.569,-367.753380602125,-90.7981335564798
16.5695,-385.577130279102,-79.4073152152266
16.57,-336.681826582367,-63.3611570089615
16.5705,-253.767239043213,-51.2488394773766
16.571,-180.122885552152,-44.4369378713217
16.5715,-100.869736724158,-38.8750448029565
16.572,17.9365295441845,-36.9339176703548
16.5725,125.841799987639,-43.2398745406012
16.573,104.236158656675,-45.1128716723463
16.5735,-80.8815944631402,-15.7397281748126
16.574,-300.543840547705,51.7021204345789
16.5745,-384.010026438625,129.47353593133
16.575,-288.013730296802,189.269230185129
16.5755,-110.767652478086,233.888286304687
16.576,33.5441885981684,274.613883112164
16.5765,115.482807727141,292.626300990091
16.577,184.180319511996,253.212315037849
16.5775,297.857239189841,155.359050453627
16.578,456.505011651733,40.4009444004636
16.5785,584.872229344068,-50.1474129146257
16.579,594.094688999543,-101.934549968548
16.5795,473.827833264123,-113.349743608019
16.58,302.860167016252,-84.6273281112571
16.5805,155.962029015579,-33.4492803083155
16.581,34.818619082403,3.79710315386545
16.5815,-85.0041469558106,6.29273245855338
16.582,-184.674841054017,-8.20655590906939
16.5825,-231.095523383472,-8.85342018810048
16.583,-242.447896670839,10.4907935835082
16.5835,-257.94505172889,30.8674179511503
16.584,-255.78679166032,34.6143127486995
16.5845,-174.538099605251,18.7785161459881
16.585,-23.6378018841775,-9.54219362634403
16.5855,98.6868241143741,-37.7757564945768
16.586,125.515991813201,-52.1660171238957
16.5865,101.284085059047,-47.8464636091906
16.587,106.181825343526,-32.0094408461055
16.5875,149.790572596077,-11.8322650818549
16.588,183.87484722324,13.8773485721698
16.5885,182.728246537088,44.7681622639381
16.589,161.11649165904,69.1466355522759
16.5895,136.604771317166,72.8907953261741
16.59,121.347719287946,52.4494744314505
16.5905,135.237627846943,13.0492067023544
16.591,182.03457686532,-37.4152675879043
16.5915,220.835623051558,-85.2631817737829
16.592,200.764167234712,-112.355271373226
16.5925,118.671191049769,-112.994780547871
16.593,10.6043228534009,-103.617192344322
16.5935,-100.179418122648,-104.041997840921
16.594,-207.994083568199,-112.374932482826
16.5945,-292.803143980191,-107.367334361448
16.595,-333.675017831024,-71.961447933734
16.5955,-349.268804752195,-7.69764233578841
16.596,-373.11361797699,67.453102356896
16.5965,-388.261193645679,126.787282261974
16.597,-344.560975134632,147.843419348394
16.5975,-252.136054936176,129.151405523858
16.598,-194.984804989545,89.4287443282853
16.5985,-220.886703006639,41.4968503571782
16.599,-269.806595437102,-23.7123391409836
16.5995,-251.501082055295,-113.036486466059
16.6,-154.410689299565,-199.445712455252
16.6005,-38.583546953096,-236.069787027203
16.601,41.8682912629512,-204.651829155437
16.6015,66.5233324475786,-135.035087137879
16.602,36.5458213238102,-73.075206162765
16.6025,-11.0677380816475,-41.4675319899631
16.603,-4.527966525793,-33.7954289641373
16.6035,87.3905734158321,-30.8472955874695
16.604,194.858713059725,-13.4028119336392
16.6045,218.457324190667,30.2935779359646
16.605,152.543212056926,96.7793625086167
16.6055,82.4562317415101,167.521573944749
16.606,67.871656703493,222.326493992351
16.6065,92.1095565434056,253.249420345118
16.607,124.861938339822,265.184740631047
16.6075,160.697393512326,265.559530207454
16.608,179.04997036019,254.459927641332
16.6085,141.894001461756,223.883025006227
16.609,68.9057989115931,168.485123142202
16.6095,49.7969155796873,98.1764790722989
16.61,130.023948098654,34.743198417204
16.6105,233.770011319909,-7.99422250668811
16.611,256.615697256703,-34.1929354121363
16.6115,195.240088902159,-50.6949905854139
16.612,124.431371023523,-51.8411440369734
16.6125,76.4953112227337,-32.3830435547563
16.613,14.9053104110835,-8.29876065028046
16.6135,-80.6485411761696,-6.48522305017251
16.614,-168.937809219844,-33.5050020448852
16.6145,-198.037083380242,-70.830272223807
16.615,-157.926268668753,-103.280187879558
16.6155,-76.1127766441801,-135.106771859508
16.616,2.86775666012253,-171.834845165806
16.6165,32.5431878659954,-202.728197581172
16.617,-3.50487307640109,-212.45698768034
16.6175,-70.6508673356461,-198.53618604458
16.618,-123.440677117503,-166.342232089519
16.6185,-160.817166418786,-117.874940865789
16.619,-206.697078924152,-59.209087306869
16.6195,-246.75858231231,-10.7990795201845
16.62,-232.785443778283,7.01617021311521
16.6205,-149.666117322289,-1.46603200869726
16.621,-31.63090272722,-10.3350426602062
16.6215,88.663590775756,-1.58084273954843
16.622,197.440867316778,18.13244782569
16.6225,265.415426090637,31.7098782441893
16.623,256.163229884054,32.4389999317886
16.6235,182.675209848169,25.8840969017921
16.624,98.9936889108132,18.8542130564919
16.6245,20.6506098608586,13.7501994993937
16.625,-83.3331149728148,10.7851496445915
16.6255,-198.083178939271,9.56733488802876
16.626,-238.491652175265,8.5267590337443
16.6265,-163.563372987093,6.667931593817
16.627,-49.3680001579952,6.23281668082095
16.6275,11.0416650575856,10.1528275882245
16.628,24.9313973018379,15.3913391203619
16.6285,51.7758151298387,12.0685829163211
16.629,89.8380363255706,-6.79183802253858
16.6295,91.8734067900448,-34.9570631031124
16.63,58.2258492818491,-56.1253715211058
16.6305,25.7820698695147,-58.9356434980309
16.631,-16.9378766557571,-46.7760190082035
16.6315,-111.077493065954,-31.92693874665
16.632,-222.373590690491,-22.8745700323403
16.6325,-244.035437039758,-18.3202064614515
16.633,-130.537744706184,-9.20451687506969
16.6335,37.5028585630259,16.092315197036
16.634,150.966550774272,63.0389489399867
16.6345,186.457331509013,121.013911343216
16.635,201.406439163285,165.394273414547
16.6355,255.355477739885,178.232406942342
16.636,350.866311463072,167.980243141072
16.6365,419.87634432807,161.631034843549
16.637,370.30659675503,173.211434860973
16.6375,187.732524162129,183.01627519729
16.638,-19.4041322067237,151.833895896914
16.6385,-131.051508130142,57.7117185182422
16.639,-159.100928636836,-78.1851103277351
16.6395,-207.339063814501,-199.80056017955
16.64,-298.929709356836,-253.878240661941
16.6405,-345.441830340892,-226.820935722626
16.641,-305.552031095624,-148.281608092132
16.6415,-260.818733532254,-60.4063476205197
16.642,-276.575564823506,12.8193061198006
16.6425,-287.900912579288,67.2925694981905
16.643,-207.757002475651,102.650962170506
16.6435,-70.5173863583359,116.181790040575
16.644,30.6424990868755,109.22167730465
16.6445,94.6631994370814,88.5583151149147
16.645,194.595275937647,60.7757465955521
16.6455,336.713689555066,31.8564173972958
16.646,440.441870677645,9.87221325194571
16.6465,455.851676947711,-0.812934512056803
16.647,415.584440589552,-5.61808114488221
16.6475,363.856227342248,-9.13005721455939
16.648,305.365192408394,0.0271157355753799
16.6485,232.590464298604,39.5310829164273
16.649,143.320684529028,104.984801612102
16.6495,28.0393808999163,163.738729713806
16.65,-103.340649436905,184.347403994553
16.6505,-187.51864484206,165.183260065405
16.651,-168.009777580744,129.490074948609
16.6515,-90.7032197651366,98.5353327925633
16.652,-66.3753764682632,71.8954845677886
16.6525,-123.594110220291,27.421080807078
16.653,-168.712648097008,-58.3871181029092
16.6535,-117.474992961719,-178.795918027429
16.654,-5.98429877904612,-286.400013471428
16.6545,58.3069262723676,-330.929258354906
16.655,5.3881559886688,-311.870964326634
16.6555,-160.127128330572,-276.425893275891
16.656,-373.771541418786,-259.186468751753
16.6565,-530.925934754333,-245.374873030756
16.657,-543.66273575668,-206.955726880527
16.6575,-420.101705880336,-151.368582947796
16.658,-256.078651451064,-108.043427679516
16.6585,-125.266487816639,-80.4856460854129
16.659,-18.9413475743022,-43.434695553723
16.6595,86.649489934555,13.4844938899082
16.66,165.441940957118,66.7094549819406
16.6605,188.522555421929,88.8752773502403
16.661,183.076965492131,77.2287222054723
16.6615,186.915001224666,46.2722696073518
16.662,182.01343138354,11.2481073595086
16.6625,132.894448640029,-13.414563930702
16.663,61.1314418330032,-16.5263765365331
16.6635,15.2942882823266,-1.22881766481301
16.664,-17.2126710020755,18.6444082141795
16.6645,-97.7912856984843,39.3366592530286
16.665,-229.658897252706,68.6343059279986
16.6655,-322.734097189882,98.8577812203668
16.666,-290.523630994726,98.162072259259
16.6665,-148.86574855613,46.0876421500552
16.667,3.15786383397313,-35.1014809573646
16.6675,82.9548327714767,-102.866612670525
16.668,91.2567218265503,-138.444692886969
16.6685,86.8197846096551,-149.064113158799
16.669,101.496478648964,-135.040207206091
16.6695,90.6862352188167,-81.681764623062
16.67,-9.10900045657733,12.6552498695281
16.6705,-174.808234028602,122.759152803337
16.671,-293.675990128625,219.064592457972
16.6715,-289.640816170383,287.038630660074
16.672,-205.632909036817,317.737869906528
16.6725,-116.115840996847,301.222288170335
16.673,-6.69183131274094,246.209210752628
16.6735,180.984586619116,188.586335322814
16.674,408.092741801982,155.050489324127
16.6745,542.545200122604,125.586397242929
16.675,527.662820693323,59.0522403063633
16.6755,464.625421393491,-42.2416035314527
16.676,477.640286528569,-119.655079461842
16.6765,556.22992863801,-120.993615803363
16.677,593.283603202015,-56.9491923154005
16.6775,541.858426613617,17.8685653327497
16.678,461.108405909565,62.2003598688334
16.6785,411.138439752196,69.188102401492
16.679,367.181855926222,47.4460325886218
16.6795,263.224590709776,9.06088153164221
16.68,84.2554351079361,-27.4522075282847
16.6805,-115.31294884243,-47.8254828634194
16.681,-270.84141845473,-59.1800013485922
16.6815,-360.9062279036,-77.2183696283549
16.682,-405.916378740831,-95.0990052396722
16.6825,-435.950927581193,-87.7644609212807
16.683,-468.832524307717,-51.9474547143914
16.6835,-505.214457559273,-16.1062511669932
16.684,-526.466311172817,1.03524161774582
16.6845,-499.035427219094,15.5355256187751
16.685,-400.59910097861,41.6364656455265
16.6855,-251.428951276133,53.6209397357813
16.686,-107.340044004995,15.4654403754273
16.6865,-11.7426993666473,-62.0800599585813
16.687,34.9215304973568,-125.763369092986
16.6875,52.2844180151233,-140.979837929803
16.688,47.1150010734894,-122.936572347578
16.6885,20.3736893013074,-104.614019647793
16.689,-11.2980100624813,-98.0108822602943
16.6895,-26.8748877166628,-93.9451404972879
16.69,-24.2130460066646,-79.8833896375432
16.6905,-9.93807913245315,-48.769620907477
16.691,21.1072230457116,-5.19870539716532
16.6915,68.8851836416631,30.6450847533889
16.692,103.100353129678,39.5411810459736
16.6925,90.6905175380591,28.3615808056716
16.693,43.9489600772024,22.7747587429614
16.6935,5.59224684393792,30.9014921675177
16.694,-12.7486488259854,34.2916365786988
16.6945,-39.6685728195108,22.6557052766095
16.695,-90.4779890906172,14.1257002074963
16.6955,-145.696450388148,24.9333675540002
16.696,-189.437233281372,39.5161622276777
16.6965,-225.118762567175,34.1920437571673
16.697,-238.410996647728,17.9823474247667
16.6975,-188.345335753578,24.0093269573616
16.698,-59.5917596025121,63.1985391452913
16.6985,109.986483820057,108.135197845715
16.699,272.314967903886,125.399671972116
16.6995,402.491858613031,108.903855582913
16.7,473.478143019037,78.5856012948916
16.7005,449.885630482955,57.0680856361752
16.701,342.520129182681,49.6509751054978
16.7015,221.96404487733,40.7160238117768
16.702,131.938283922149,11.0138319359805
16.7025,30.5215525449043,-38.1374859310795
16.703,-129.407168256147,-85.6232702501807
16.7035,-300.849478209556,-119.820036594436
16.704,-391.565074882977,-151.249333226342
16.7045,-384.845152008852,-183.438201772286
16.705,-334.813260045737,-190.716423815123
16.7055,-256.676758164219,-150.92387419841
16.706,-113.037660643168,-87.5999653888731
16.7065,76.4007147724408,-46.4146984265628
16.707,201.532164357711,-32.9082032856815
16.7075,188.457026659004,-9.43291910478957
16.708,102.050272337604,41.1531887166295
16.7085,65.67554226021,87.1070672306747
16.709,109.081242356602,99.6556757212405
16.7095,145.132522454745,97.8538361408617
16.71,83.5465829612526,112.839600106795
16.7105,-69.6501686523236,132.016249305408
16.711,-218.844588857564,112.895367611853
16.7115,-258.593163544686,39.8770169738438
16.712,-156.143463927143,-63.5192043818419
16.7125,17.6093115706166,-169.353077529363
16.713,137.665424605092,-258.689322141852
16.7135,123.429979629054,-304.026062450681
16.714,-1.43449669500881,-276.724623624897
16.7145,-140.766995513023,-185.64719855569
16.715,-209.286383859518,-82.9491685253763
16.7155,-191.265844918137,-14.8081135334094
16.716,-136.26557456749,18.9003707264723
16.7165,-101.665780417676,45.5200084394931
16.717,-90.8256990472919,77.3354637786561
16.7175,-54.9660966643922,103.833029345831
16.718,32.8318785039288,115.592963949726
16.7185,128.660405680782,119.613393405861
16.719,174.692267400774,131.610170968761
16.7195,182.882860155559,159.230392414172
16.72,209.031487586612,190.269288305688
16.7205,251.86771555292,197.584951803706
16.721,244.543688913927,165.579068205997
16.7215,160.466190152289,113.926874796511
16.722,62.903030674543,82.5504616977958
16.7225,20.8140612983944,88.4171159315075
16.723,35.6076649386903,109.281591987424
16.7235,88.6521979678968,112.497935028174
16.724,196.52807339053,81.6146294431176
16.7245,354.058421876339,10.0769687285652
16.725,465.304583258104,-101.659805260347
16.7255,408.81315799452,-219.798725485947
16.726,166.842179309998,-271.598511022746
16.7265,-155.14100413388,-204.057511927435
16.727,-421.798964743654,-46.7366368232304
16.7275,-544.416515691732,111.802207236534
16.728,-504.222452389905,211.440465233202
16.7285,-365.954466638506,259.978214113832
16.729,-244.459644401791,284.829038540158
16.7295,-183.529833193429,276.656367780155
16.73,-80.3272825441497,199.234315808986
16.7305,186.923451274558,43.192105095176
16.731,553.187448985966,-140.630303453254
16.7315,780.893311855104,-258.414765991773
16.732,715.202235782778,-235.512421050531
16.7325,450.310984658596,-88.6177982128008
16.733,193.835024825474,63.4023085937408
16.7335,32.7246227480793,94.1337709759013
16.734,-95.5112825419744,-7.92418470749927
16.7345,-243.262626854804,-131.852231128485
16.735,-358.739911476683,-168.772994537216
16.7355,-365.310857584262,-115.473300982936
16.736,-274.723660014049,-39.8077870040443
16.7365,-184.454067779945,15.7741743581244
16.737,-177.362638963225,53.1800112845713
16.7375,-242.572871650296,64.7033325413952
16.738,-292.968918276455,17.641605091907
16.7385,-253.864059199072,-96.0083913032651
16.739,-133.741898631038,-230.213523526446
16.7395,-11.9394227416273,-321.625392091808
16.74,32.6273014785319,-337.628811567177
16.7405,-24.1456164964466,-283.803379492418
16.741,-147.205093101818,-187.217591431034
16.7415,-266.547270591718,-81.5001572969648
16.742,-318.150482770171,10.7696149200222
16.7425,-296.539527351532,90.901141162583
16.743,-264.546084160005,166.605640428509
16.7435,-273.239859373225,220.663655998978
16.744,-273.868260289872,218.728471755741
16.7445,-163.446741566449,155.431997275945
16.745,64.0459830717831,71.0570140402249
16.7455,269.656905798815,10.1132836366621
16.746,314.984319493602,-20.0535942931045
16.7465,212.580502073602,-39.2301115886416
16.747,80.9198708103489,-61.060745725517
16.7475,-10.1258876341313,-82.8012932373941
16.748,-75.9137935710506,-92.8913368486683
16.7485,-120.476847078123,-76.3911950278052
16.749,-99.1096323511702,-27.7966360917584
16.7495,-5.95660793181323,30.6385399612757
16.75,77.2884622436757,61.9479552759923
16.7505,78.759368014019,60.1631742798836
16.751,40.4865356218262,62.739516592477
16.7515,63.9648355535994,97.8775773458927
16.752,173.654623654584,139.602688104796
16.7525,297.915753716233,141.304854922421
16.753,380.180620228808,96.9617951772377
16.7535,438.434123619902,37.6078931168538
16.754,491.845401804382,-19.1792675907196
16.7545,495.716799299249,-75.9952396134286
16.755,406.512989911636,-116.007368505658
16.7555,271.375552827693,-104.143969856103
16.756,179.735711596154,-44.3793849806142
16.7565,136.31265177212,1.5095932744133
16.757,58.8025918548246,-19.7259390695663
16.7575,-82.9388875250351,-88.3628518718541
16.758,-202.847077943571,-137.294590363243
16.7585,-220.567869459002,-126.680215553519
16.759,-184.979007384607,-71.6923629073992
16.7595,-202.990432397562,-10.9005439408552
16.76,-279.94311614903,26.7504497239631
16.7605,-316.179717044162,31.8134581602879
16.761,-258.949641456058,19.4955161823775
16.7615,-174.704879102586,26.1810844225696
16.762,-145.942812946746,77.5152965701879
16.7625,-164.238469309902,154.452777419936
16.763,-166.944421655761,209.401509034148
16.7635,-129.859063004572,221.314624057884
16.764,-72.2109844176078,215.142461991897
16.7645,1.54494506114165,216.408444672247
16.765,111.629787661186,206.374607163747
16.7655,255.406215754545,144.522012506743
16.766,379.983832179446,29.342340522249
16.7665,409.948066596011,-85.213620182836
16.767,305.414125189476,-139.881243736538
16.7675,113.057976708781,-124.458673767891
16.768,-42.1290156121396,-75.8790214855413
16.7685,-57.041629114688,-32.5053066980205
16.769,39.7124357542656,-2.58339546948964
16.7695,114.457361660258,24.1170018350496
16.77,81.9234888389465,47.8425028059601
16.7705,-13.7554374123668,53.9957302363645
16.771,-94.3695680240373,35.5315455893921
16.7715,-159.3763820741,8.84725963006333
16.772,-246.915746729847,-1.47137436379073
16.7725,-338.614050353671,9.28195976823467
16.773,-383.443369366945,21.8238887910712
16.7735,-384.162120252656,16.5840308898556
16.774,-372.806697608411,-8.6971568148395
16.7745,-317.33441167399,-47.9764745690023
16.775,-150.458743300859,-99.6949681942394
16.7755,101.214744254303,-157.56691057723
16.776,312.649965178354,-197.027929031123
16.7765,411.354775905211,-189.985909684211
16.777,443.004660135266,-134.460841925036
16.7775,448.365363540736,-53.5841740728758
16.778,373.760590463116,36.3623763857833
16.7785,182.548231446856,134.074054913901
16.779,-20.6230500100234,218.117809712851
16.7795,-88.8483171404063,230.992936897076
16.78,-33.3067702603661,133.152608098692
16.7805,-21.8381751091564,-32.3468381877776
16.781,-162.366361190857,-165.240665524855
16.7815,-364.46459492262,-210.367873869254
16.782,-450.325872488182,-207.744764335766
16.7825,-355.692955413162,-222.179281448594
16.783,-184.010816566532,-248.634749530888
16.7835,-85.1598511811423,-223.523647237726
16.784,-113.043917592152,-123.201842755359
16.7845,-202.20817967097,-9.51156751014101
16.785,-265.822566213568,41.5008783015427
16.7855,-292.089129989273,28.9593904611871
16.786,-319.402023899287,15.0477553637195
16.7865,-327.790879002936,35.1880228524617
16.787,-218.053241013509,56.68644342959
16.7875,55.626604549985,35.3376386154376
16.788,371.594961902606,-18.8348699730692
16.7885,530.465015406158,-58.1472922631641
16.789,462.341292751374,-60.7098978149106
16.7895,293.644195678696,-42.7141744283451
16.79,199.494593771276,-12.1631043434047
16.7905,235.869131531413,48.7501521578439
16.791,330.670393948539,139.418878560111
16.7915,390.687407794092,213.946453870365
16.792,381.190132921997,230.329202136457
16.7925,326.729034160506,206.343833715256
16.793,274.257250693376,189.920585537043
16.7935,259.322263703572,183.785129224499
16.794,291.228276155298,141.439445672734
16.7945,357.082387623397,43.6813065082444
16.795,423.161129160775,-59.3709094950905
16.7955,424.256818703687,-101.463990920327
16.796,283.720058909339,-70.0712220337453
16.7965,-7.50274937921766,-6.44093973265691
16.797,-333.770122819558,39.9842777687736
16.7975,-529.991663348521,37.5069658505425
16.798,-542.746714263041,-23.085194420794
16.7985,-487.65194056373,-118.562452995306
16.799,-516.310837113429,-196.924749008137
16.7995,-639.86601005695,-216.849582895609
16.8,-710.818954651443,-182.904149807716
16.8005,-578.884763857452,-129.59264823889
16.801,-247.37365289667,-82.1909373149677
16.8015,133.379014689996,-49.0258605094525
16.802,418.599930550681,-34.7808512252055
16.8025,586.07748780121,-34.230598401109
16.803,675.480599149852,-23.8664445044442
16.8035,645.958008438917,10.3820901990237
16.804,388.042483193712,44.7493066667284
16.8045,-87.5191775085879,50.6468283686724
16.805,-570.559040061998,52.6861900343673
16.8055,-858.965036151715,112.539694881373
16.806,-981.693290544563,242.688937461944
16.8065,-1087.49208134629,370.947737595465
16.807,-1153.97066869037,411.744644848543
16.8075,-985.310915521721,349.336227283354
16.808,-525.92695423744,233.178098237333
16.8085,5.35459966720145,116.571126066275
16.809,380.784168955407,25.1415693540768
16.8095,602.06801309873,-34.521205843379
16.81,750.96869393612,-70.3724241380112
16.8105,764.965308086601,-107.619660796103
16.811,569.160021510916,-168.909936790194
16.8115,336.78366849693,-243.157878214502
16.812,361.748220016262,-286.803983130933
16.8125,657.791195223864,-262.132651603996
16.813,905.75817815704,-168.87531774039
16.8135,865.293793623436,-37.5063215360423
16.814,648.240211259805,100.556174411043
16.8145,483.373263704891,228.520337850425
16.815,386.789948114165,328.417671754836
16.8155,229.002787362274,360.169334185913
16.816,11.6389530992016,281.796786832802
16.8165,-124.79324627385,107.628161960981
16.817,-141.1862308329,-73.2639724690131
16.8175,-165.689741395488,-171.353830789313
16.818,-283.073247848358,-186.577319634272
16.8185,-398.901799435148,-190.375515576697
16.819,-389.723492814122,-219.629534820502
16.8195,-295.045493117501,-235.837037536625
16.82,-260.522132272929,-204.54642566727
16.8205,-330.537883991243,-161.095976345309
16.821,-400.10269549965,-155.993124049222
16.8215,-383.440632296295,-175.918066701583
16.822,-336.761477134022,-175.400993609558
16.8225,-347.085032369821,-163.112594369047
16.823,-356.635759907749,-191.295252477433
16.8235,-212.034432333215,-260.347288154055
16.824,96.0950878252683,-295.143348275303
16.8245,355.089107081908,-234.894049917498
16.825,370.958588920704,-102.593242094372
16.8255,211.047378858073,34.324719927573
16.826,97.5145803930673,134.516667358815
16.8265,106.275692523413,192.565310952774
16.827,110.427692729232,213.788351951737
16.8275,17.5586182574749,209.24716743321
16.828,-93.9052957570917,194.472669184113
16.8285,-128.581918816295,168.577746835438
16.829,-125.285999386941,112.032524455552
16.8295,-160.380277308174,25.9063678331802
16.83,-206.205002707499,-44.812083230524
16.8305,-198.866464343206,-50.343046923847
16.831,-171.799255009401,13.0780230911935
16.8315,-202.681726209569,108.538101950181
16.832,-276.847155568627,200.147554635205
16.8325,-317.557823974514,272.066681848585
16.833,-313.861650013218,321.458073502359
16.8335,-304.629195953499,353.025473493139
16.834,-269.780886807051,370.910903622435
16.8345,-164.33986398974,363.755310724485
16.835,-41.669917367073,315.090848780475
16.8355,-3.23178557034787,240.155118909539
16.836,-18.3453262794133,181.773795959206
16.8365,64.8158291892133,143.060202416058
16.837,293.747036753935,57.1352483287025
16.8375,528.798805391666,-128.577287063041
16.838,639.727733069008,-354.330933171268
16.8385,662.773062642326,-488.182173520296
16.839,689.3063900345,-465.870607428388
16.8395,711.363498367278,-345.001639043752
16.84,676.077951603381,-217.097141956909
16.8405,604.393133484667,-118.948880580964
16.841,541.727797796511,-48.4719137608635
16.8415,449.580203764017,-13.0683846957138
16.842,263.592877575108,-19.3135575112901
16.8425,31.4862632632573,-45.8083538347444
16.843,-114.588373249858,-68.7753246589432
16.8435,-121.754196245133,-97.0566261485047
16.844,-71.7171949184728,-145.27117255593
16.8445,-73.0396916462483,-188.472349540345
16.845,-162.882484289052,-185.542254480449
16.8455,-307.177714945968,-142.425112920436
16.846,-432.890610160277,-110.774222776541
16.8465,-465.968024536194,-117.915642524882
16.847,-398.769471004046,-133.40196520072
16.8475,-314.270862378387,-117.495346252756
16.848,-288.177661791688,-73.7199164689944
16.8485,-283.997303975371,-35.6576060374632
16.849,-210.668314649319,-22.6092463909501
16.8495,-63.868540824535,-27.5293119891392
16.85,73.2508376841401,-35.5701040235846
16.8505,157.898375976854,-36.8106831282421
16.851,213.405357126545,-27.4147549995579
16.8515,214.903857917439,-10.9051189107487
16.852,63.5771928942371,6.4248866941165
16.8525,-265.622987785843,28.6893613816038
16.853,-631.069954529897,71.1558733169841
16.8535,-848.609236384329,140.843383952755
16.854,-859.782527144849,225.640799216682
16.8545,-727.657419124589,308.801179697185
16.855,-526.1777587513,380.144611283588
16.8555,-300.556152930243,422.841133310578
16.856,-89.039873399024,408.735370346452
16.8565,94.7871040683311,332.131269491047
16.857,277.740692462607,240.44630896128
16.8575,460.034410828474,202.100474825332
16.858,559.786254495896,236.647293317954
16.8585,499.791208011314,294.96370558767
16.859,334.568335259231,314.967281856087
16.8595,209.478514479592,279.943725281075
16.86,190.069681828688,214.02944461698
16.8605,209.805346093195,139.695356179325
16.861,201.12754834516,59.5101804397351
16.8615,194.089192058264,-27.0877772238144
16.862,240.873003558163,-109.22384829755
16.8625,310.873961006484,-173.063370048772
16.863,329.086671060419,-216.731154220782
16.8635,284.906607318225,-250.800451512323
16.864,236.485689034322,-285.014473097271
16.8645,216.963484516121,-317.135768289186
16.865,194.515616507766,-336.678047803167
16.8655,133.773487262884,-339.187075632619
16.866,51.1679787395273,-331.921603550792
16.8665,-13.0707731960298,-321.681582695587
16.867,-51.059572788534,-303.138763313784
16.8675,-89.4265228583514,-268.621032773273
16.868,-143.806928348464,-226.487723413038
16.8685,-192.037496476952,-197.671330182095
16.869,-199.129671345215,-192.026168873728
16.8695,-161.702439569559,-197.326937808796
16.87,-117.542352690975,-192.78771790445
16.8705,-106.434821291087,-164.556357792942
16.871,-128.693832438966,-109.595007324148
16.8715,-153.570828272789,-38.0167692371607
16.872,-162.680942075442,27.9218977875918
16.8725,-163.821671130603,73.1077223002342
16.873,-159.846107705492,109.703736428217
16.8735,-133.989952511777,159.055519005126
16.874,-86.4380518681198,210.046606822046
16.8745,-60.8074802514199,220.497033319799
16.875,-98.663173589055,171.198256952236
16.8755,-174.343335023766,92.5764506358739
16.876,-209.339446475632,20.6735202573969
16.8765,-156.35239786717,-44.000954833415
16.877,-42.2584749862361,-104.865765427571
16.8775,76.9382310695384,-124.625080872363
16.878,172.944818058134,-59.6666990803563
16.8785,242.928316072874,67.8550787785538
16.879,278.665555600478,177.69903769471
16.8795,263.715511163197,217.512867178454
16.88,190.918190851376,204.88443325804
16.8805,68.8817795845615,178.263710195001
16.881,-75.5758424178439,147.695899186881
16.8815,-193.654152663433,112.188329998599
16.882,-241.289806239479,88.1268591114447
16.8825,-231.461108599441,89.3483911561027
16.883,-230.638672695464,100.540422895271
16.8835,-266.857336666502,98.7014775479775
16.884,-264.964542165396,87.3850665483742
16.8845,-124.585307093638,86.1626168517365
16.885,144.320090514849,97.9398780927537
16.8855,416.69162634344,109.453126113057
16.886,585.424063206113,115.523505591496
16.8865,640.484123697085,121.408757980872
16.887,601.120758330993,125.977101553698
16.8875,443.655852452769,119.832308306745
16.888,156.470938892663,96.198265175905
16.8885,-175.63733001081,51.8287153263375
16.889,-416.17903993643,-13.6188821003486
16.8895,-503.739788746956,-86.1031070339389
16.89,-485.168914480149,-138.127846047137
16.8905,-427.609576582725,-159.099369460405
16.891,-350.463163818759,-172.571830253176
16.8915,-251.084169061655,-201.775508693068
16.892,-144.404790528424,-228.967795757227
16.8925,-49.4862424246706,-215.90734966577
16.893,32.2495175229006,-159.920626212204
16.8935,103.467996782924,-101.793136961688
16.894,160.742367854141,-76.5570121750635
16.8945,214.65315012491,-81.3520150189466
16.895,288.991522527112,-95.3737412763419
16.8955,371.336711969468,-106.218007641058
16.896,388.850874049198,-107.372040351995
16.8965,275.507030508681,-90.9608402980696
16.897,64.6891577855518,-55.8375458834818
16.8975,-116.657848037136,-10.0899665211882
16.898,-163.06649149067,40.4966928389705
16.8985,-90.8363604166748,91.0857211080066
16.899,-12.6736835157205,121.136098345401
16.8995,-13.8614115965692,102.844177360523
16.9,-64.8027717986388,41.5899451481712
16.9005,-66.7528600371599,-10.4507140476096
16.901,25.1966931688534,-2.85545633728275
16.9015,155.454310531319,58.7745870641085
16.902,254.00987941275,125.346653048119
16.9025,325.996834712229,165.901593444758
16.903,408.499560736242,197.226747541113
16.9035,464.490797104746,249.845403413583
16.904,393.921819974732,321.082190693508
16.9045,164.389208629046,372.212404850293
16.905,-132.473557501672,366.260347248478
16.9055,-383.626263478898,299.442306559229
16.906,-554.111137587686,194.388747019716
16.9065,-640.843104999647,69.8130149177245
16.907,-589.520434514648,-72.9132237642433
16.9075,-343.719619752491,-229.644412097233
16.908,34.4452038119994,-370.269390198007
16.9085,366.098382451292,-451.216743172417
16.909,496.683927666284,-454.724756706845
16.9095,402.282428154876,-406.064702339379
16.91,164.971652576471,-346.415043188746
16.9105,-104.077149919635,-295.54962261582
16.911,-311.364856904754,-246.88105071836
16.9115,-407.535064663663,-192.639392138473
16.912,-400.828898336078,-143.826290806466
16.9125,-328.473832727229,-123.282730748917
16.913,-213.262942766138,-142.525937671562
16.9135,-74.3074297250958,-187.685372509608
16.914,33.0439635300175,-229.349771032774
16.9145,45.9151608321444,-246.441061591774
16.915,-24.0129202203631,-238.051028182147
16.9155,-89.9400240370968,-211.708202632563
16.916,-97.034088205492,-167.724197737347
16.9165,-85.7386273037236,-102.214175540776
16.917,-120.745056914876,-19.6978143569319
16.9175,-201.976437495192,68.7019668956974
16.918,-282.477248189151,158.359824866818
16.9185,-332.840062996861,251.254330200845
16.919,-342.767576005761,341.325827292318
16.9195,-295.542776213111,409.424347830957
16.92,-196.074618383345,436.592598927413
16.9205,-97.4781315070954,416.904686654489
16.921,-38.584149676098,357.506183881114
16.9215,27.4286636431764,274.506877169538
16.922,172.687778404443,190.786975007682
16.9225,365.833104451677,130.596685261541
16.923,480.576451893855,111.836710823725
16.9235,457.50070845128,140.919572980363
16.924,390.484230495602,204.697563413844
16.9245,405.700328763715,261.61246913428
16.925,500.877489146688,258.944961737935
16.9255,560.735435209622,182.551871009878
16.926,505.608412917732,82.8204478396618
16.9265,363.517324235104,25.7444449133478
16.927,199.581195769143,20.313484985606
16.9275,37.8625644726962,21.857610414477
16.928,-117.975059734273,6.24118347588336
16.9285,-229.039711395897,2.56021503105384
16.929,-237.547395272446,38.5312460964839
16.9295,-137.87791890002,90.3777884591299
16.93,2.8977111203579,114.339180677999
16.9305,106.673700457661,102.088248802377
16.931,143.308859266214,75.6003646689032
16.9315,116.067612997308,47.537569879949
16.932,20.7677947911687,17.4922805089362
16.9325,-138.057493542498,-9.70609000512879
16.933,-298.52776823007,-35.1359669776708
16.9335,-362.589834246875,-80.6346365527848
16.934,-292.294219330249,-155.622588661012
16.9345,-153.320971935547,-220.093415465249
16.935,-34.0043460132674,-223.403661908681
16.9355,51.2849111777411,-177.037514470379
16.936,141.748251903784,-142.979228028637
16.9365,238.051916273004,-143.557043005314
16.937,283.972720339803,-131.739469404636
16.9375,238.510898585392,-72.784450030428
16.938,118.99379429077,-12.7235629428143
16.9385,-33.9385507468005,-29.1464122573354
16.939,-186.7169545697,-137.592065682673
16.9395,-292.307803267933,-280.274491889168
16.94,-290.460372895575,-392.003458459385
16.9405,-170.978754902494,-444.905739546508
16.941,-12.8119666218864,-437.272603630995
16.9415,80.1432537388186,-373.756799174947
16.942,75.9719726422698,-266.090149859499
16.9425,21.4618197452622,-136.651765310312
16.943,-39.1325540874492,-13.3206824510931
16.9435,-120.275432056597,77.2060503787828
16.944,-260.414383786435,119.186877533177
16.9445,-445.1973288076,120.207628370718
16.945,-580.530310774088,105.348042280832
16.9455,-557.90449993412,88.5380730521562
16.946,-360.680062308294,58.7830920193812
16.9465,-94.7728243838107,5.3182036910404
16.947,113.758948453482,-56.0908272049886
16.9475,245.475279255305,-97.3212857988934
16.948,370.913751135376,-107.643230311679
16.9485,506.881021621728,-92.4417491714405
16.949,556.573492665961,-53.0180666716265
16.9495,435.338685038509,10.9078043613012
16.95,202.880142849551,84.5169925854052
16.9505,3.92428985872876,145.23937288273
16.951,-93.3678211178311,184.617979482897
16.9515,-128.289189659423,204.786129796796
16.952,-134.99830222047,198.216868842481
16.9525,-87.5119607194778,153.394364143217
16.953,26.185152888851,79.2872079027496
16.9535,153.694384014754,1.41535007454519
16.954,242.356310632693,-67.3118532518031
16.9545,298.476792658911,-128.626274610256
16.955,342.732437315583,-169.917617518894
16.9555,358.118417048297,-161.019177124299
16.956,331.367769499745,-91.2039554102427
16.9565,301.159691692515,12.9091192042233
16.957,302.89690636331,119.21553611406
16.9575,294.273209234574,219.331461964183
16.958,202.845617409124,311.354420890834
16.9585,35.2794903938173,376.072520432401
16.959,-127.296554081034,396.669094442782
16.9595,-244.718222834674,391.012840723702
16.96,-364.706528281684,395.036658167749
16.9605,-536.167869113377,410.922823172802
16.961,-726.913758010584,394.412233167732
16.9615,-854.57536498033,305.698320446782
16.962,-865.931222692305,161.389104817252
16.9625,-767.605442937729,22.2843545450968
16.963,-609.423622787424,-66.9857106030069
16.9635,-449.17247523086,-111.766673026477
16.964,-298.569639550191,-137.317275858265
16.9645,-98.529269000913,-143.98248069112
16.965,198.611834568062,-116.014991281966
16.9655,505.850545207799,-68.5438249255142
16.966,632.836677750134,-48.25859528051
16.9665,494.623997442655,-69.2939984726842
16.967,233.548891242626,-81.0400482389366
16.9675,61.9545471283486,-34.7997473713378
16.968,25.3015580351226,38.9480412187686
16.9685,8.23547601292678,63.9631476570163
16.969,-52.2210379941983,17.8459187702186
16.9695,-75.8545948391376,-52.679241711427
16.97,16.8606276352789,-115.193352469491
16.9705,175.535823594946,-189.516979156804
16.971,295.37584083792,-281.795812721367
16.9715,349.39436283669,-339.489317275525
16.972,372.17378141662,-315.950238629577
16.9725,359.061637265947,-241.019822161006
16.973,264.292711392357,-179.068061480635
16.9735,87.7051891215697,-141.044686776081
16.974,-103.681587643406,-84.4471879263504
16.9745,-245.820202379618,14.5234435290854
16.975,-322.710194992554,130.89366394773
16.9755,-338.614475631525,221.843709204369
16.976,-290.210578412493,250.078902271803
16.9765,-182.314637496011,189.341998020703
16.977,-45.8924293606406,48.2815360624946
16.9775,72.5296286996006,-117.638741610575
16.978,133.357386067056,-254.6508277815
16.9785,126.645765552644,-361.819683246873
16.979,86.3870958267639,-457.969583195549
16.9795,64.1090495765425,-517.219557009144
16.98,69.7463636795734,-492.526055833175
16.9805,64.2275082998784,-396.556952693726
16.981,33.4936389577432,-298.231707338716
16.9815,28.6988504579262,-232.143059763094
16.982,89.0454242763285,-169.818975467184
16.9825,170.216208687026,-93.5189873800383
16.983,219.516041612752,-35.8914649706597
16.9835,281.744285551348,-17.4447480514743
16.984,427.436507872203,1.72300972307595
16.9845,591.337802561825,70.2179207973304
16.985,613.449515971117,184.467925629824
16.9855,475.076456832513,309.783959362319
16.986,364.506808694386,421.665969933167
16.9865,424.086754115608,495.533882227845
16.987,532.092302187778,500.863664729982
16.9875,449.113556191875,446.881536229595
16.988,120.466001467772,394.749062822252
16.9885,-284.47799332735,380.676659744532
16.989,-598.261968160262,365.739950522551
16.9895,-797.190097660688,310.616514645578
16.99,-925.812665370978,257.215838203249
16.9905,-1005.63478221025,267.369787485978
16.991,-1049.95688997971,308.110009031732
16.9915,-1069.03433626174,278.234046289692
16.992,-1015.55836966869,147.603846194266
16.9925,-807.022657729162,-0.221583932915509
16.993,-456.110439271514,-74.4537228769593
16.9935,-114.676354563378,-66.8314474728892
16.994,69.7181260538626,-23.2029360725204
16.9945,97.6165186914452,15.8438849665242
16.995,76.1672752387887,23.4064951224841
16.9955,85.9123715714539,-14.5044086171513
16.996,140.358941433647,-77.2594612792663
16.9965,226.586406703845,-119.550907764066
16.997,313.178757506688,-124.750300653509
16.9975,343.033723231951,-119.947604467477
16.998,288.688848788085,-125.264369601281
16.9985,209.665450480103,-124.951042147939
16.999,198.885878398859,-106.555282877647
16.9995,272.186310164058,-90.3518666344099
17,356.002839161345,-94.1146050094957
17.0005,380.337737364731,-101.192639325073
17.001,337.344867104456,-91.6751067486355
17.0015,250.877894973221,-77.6381457833325
17.002,142.851793434448,-78.6297281416897
17.0025,45.4887874927362,-86.1881113336481
17.003,3.16233396446672,-83.1345866457165
17.0035,34.0156227111167,-79.6431865585966
17.004,106.639719853829,-100.425596789062
17.0045,165.234072414685,-148.380538850671
17.005,164.68826837814,-205.076665056457
17.0055,88.2524612812777,-255.059983789053
17.006,-38.0102541089779,-288.332637333895
17.0065,-146.019347064661,-292.879073510638
17.007,-172.70385695015,-267.998249621357
17.0075,-115.999288309151,-233.945632169867
17.008,-23.9975596861595,-207.424835456112
17.0085,66.5517533588134,-178.533514644263
17.009,147.936923439935,-131.170346982003
17.0095,203.053160926259,-72.8140147462787
17.01,200.933882102808,-22.2069017051433
17.0105,149.439226844768,20.0168260815861
17.011,108.171964826361,64.1158467038067
17.0115,116.31539432509,103.807334724839
17.012,136.449637529469,120.869208591993
17.0125,103.534153617151,112.99190734554
17.013,11.6891913466053,95.6925124809689
17.0135,-78.9193916699914,78.6873511856136
17.014,-114.252331788572,58.3378700499316
17.0145,-103.647557996168,32.2669968780869
17.015,-107.3146714216,7.06874547587479
17.0155,-174.344375748367,-7.79537545190375
17.016,-286.211927007539,-5.7047936457096
17.0165,-367.547578263785,12.0621713826913
17.017,-375.457751876245,32.1702021029573
17.0175,-365.906132711989,41.9333164712764
17.018,-420.903687359747,50.4903573019689
17.0185,-505.859188964355,78.4782115450755
17.019,-471.677563190244,120.534324299899
17.0195,-241.780561309989,145.987131319294
17.02,64.0103564129093,151.015824051303
17.0205,259.779621126217,175.65636363269
17.021,307.911201706192,239.795259715557
17.0215,325.369238464701,293.082701327831
17.022,396.115438685863,270.980715436268
17.0225,463.215240866348,183.577173265354
17.023,417.169213013806,105.42168615109
17.0235,220.701321295856,84.8225761601693
17.024,-73.5071055212771,103.364226489834
17.0245,-368.547592193416,121.986056059698
17.025,-561.957766232272,127.835020851447
17.0255,-591.76469996629,131.598050674454
17.026,-477.617674554155,149.867800397343
17.0265,-289.908122427588,193.507371155353
17.027,-76.2131471378472,248.975524373716
17.0275,137.108864582046,275.930764782792
17.028,283.587578179409,249.792168197576
17.0285,288.77996359262,195.686288445898
17.029,191.203600833818,147.777563768557
17.0295,134.936890312922,92.1005365554541
17.03,179.250522122427,-1.94721768693608
17.0305,200.730678115238,-104.175539651645
17.031,72.8646408104103,-140.422089593718
17.0315,-128.666084013325,-96.2778713643918
17.032,-216.267369559415,-45.4843889037174
17.0325,-143.351707489893,-53.6150162966202
17.033,-35.618217350051,-103.845423696685
17.0335,19.6220245885973,-142.894521448071
17.034,73.818833858655,-153.137839500541
17.0345,175.411991657453,-150.127471869404
17.035,259.733058601133,-151.725450914182
17.0355,252.512087965693,-179.415050805641
17.036,187.238368442031,-246.998244313388
17.0365,142.384355616816,-316.121618441621
17.037,141.857419359947,-310.659430236739
17.0375,196.480346048218,-217.942282803074
17.038,357.85650536496,-130.530908649632
17.0385,616.171972750713,-133.738671955431
17.039,804.595301800503,-189.367867019599
17.0395,746.639899576274,-193.472688715179
17.04,487.271197669787,-121.982158714319
17.0405,245.476382343043,-50.0794662830693
17.041,123.637298052787,-41.1327439997509
17.0415,-3.06446748248765,-86.8901684881117
17.042,-259.960212632357,-157.278579082589
17.0425,-561.586127407359,-241.08545227688
17.043,-722.550030433628,-323.668088894407
17.0435,-699.605722028609,-382.717565611899
17.044,-612.747928060617,-425.250417402577
17.0445,-559.959164598458,-478.924495849111
17.045,-516.647570550979,-527.820451739982
17.0455,-424.43269131471,-506.298122842718
17.046,-296.604152770161,-382.403090833842
17.0465,-200.651510448711,-204.983428537004
17.047,-175.555959651376,-41.2769613312817
17.0475,-194.827886752248,93.073345263657
17.048,-201.179445215291,214.256028474574
17.0485,-169.276161731216,321.063875233976
17.049,-129.855868490962,401.456110208156
17.0495,-114.83596001934,455.710314084686
17.05,-86.0352659918753,475.599830530595
17.0505,30.7129040053471,429.767281370729
17.051,223.829357332952,312.062813407596
17.0515,374.311638669054,182.000668490506
17.052,402.304925074496,112.859391161535
17.0525,369.85974667057,114.891731568876
17.053,366.282588136024,151.304345342877
17.0535,356.535838904275,210.866572686197
17.054,251.863227219597,309.311055907128
17.0545,85.0916232170091,425.897361631303
17.055,-26.8124291557957,502.171791270083
17.0555,-86.3052621359982,517.671535679946
17.056,-216.558363100969,509.926336317184
17.0565,-415.63317658834,494.013522446012
17.057,-478.131158460748,418.462499003386
17.0575,-273.523055969696,249.092306566952
17.058,25.8971787916557,57.5840878451254
17.0585,144.279459518797,-37.9250137515601
17.059,52.388045074616,-12.9712665099125
17.0595,-38.9700230675497,38.9734424186084
17.06,3.55739645116058,31.3463128795445
17.0605,92.486439658156,-16.2353616251634
17.061,106.21945486709,-29.0200900246434
17.0615,66.5620879713039,11.2801759177027
17.062,69.44375649167,48.5251702186327
17.0625,144.579874988939,32.5469224367003
17.063,252.257719300202,-23.8600784671418
17.0635,347.299192865995,-75.8164022440136
17.064,386.283827759779,-104.499421510632
17.0645,329.12282412933,-125.923197916493
17.065,191.845247540666,-156.94065561144
17.0655,58.1265398518256,-193.736069251174
17.066,-6.69034523409741,-222.978200815812
17.0665,-18.6449061260028,-239.15739254377
17.067,-22.1673867403572,-245.203316350565
17.0675,-21.6491244629667,-244.045241537652
17.068,-4.33730127188092,-237.729792452512
17.0685,16.4157187318469,-233.5633225506
17.069,29.1383019409636,-243.254228780922
17.0695,56.7117290856057,-269.738448502154
17.07,111.49547353797,-295.951254270831
17.0705,151.78396430402,-293.787568494756
17.071,135.372634935586,-249.446446536607
17.0715,89.8921807949775,-178.400274307441
17.072,74.9669632281851,-112.822407077372
17.0725,89.3052025418965,-76.9845554339322
17.073,66.2382976887951,-76.2916988353976
17.0735,-39.839577780542,-101.554877490955
17.074,-194.813478435505,-133.811994707653
17.0745,-308.826976628972,-149.006220198162
17.075,-308.625269905694,-130.55322595335
17.0755,-216.98743208964,-79.6423807966467
17.076,-173.662657831091,-7.70806349086659
17.0765,-318.630838892489,75.6024044891412
17.077,-611.982247582875,155.783022881871
17.0775,-831.395834620437,204.4160092922
17.078,-816.137598033825,201.700514956268
17.0785,-657.057904981773,169.323491604851
17.079,-552.524433151142,152.931892221071
17.0795,-523.148339090194,160.743482411055
17.08,-398.788606923478,146.507084526042
17.0805,-87.029877619116,73.2339579368304
17.081,279.344791960266,-29.0876488414294
17.0815,506.689846374209,-95.8192301438163
17.082,544.137202720304,-101.68717799692
17.0825,463.03400684738,-74.6729005444016
17.083,329.569669403132,-48.8808399377698
17.0835,186.692520595006,-35.8128879751942
17.084,100.267542274719,-36.7521484755817
17.0845,122.160577663561,-49.9637280473159
17.085,221.178842963379,-61.5410357852902
17.0855,317.799404611223,-54.570328686682
17.086,375.693845066832,-30.5478394852056
17.0865,406.766014863618,-1.43025392214674
17.087,406.864782316402,34.173809965507
17.0875,349.76146016138,79.4491768203255
17.088,240.417050211479,111.389908681788
17.0885,120.700868207325,103.048434378868
17.089,22.1482425961179,74.5449358065998
17.0895,-41.4647481752338,78.3851972795268
17.09,-39.4598564299034,124.372827675383
17.0905,60.3889383751227,164.456784636412
17.091,225.06527746356,169.16518924323
17.0915,351.259077377736,169.407094212162
17.092,361.246003360142,191.307927601843
17.0925,285.93617802312,197.56558065224
17.093,224.397101403646,142.370670173052
17.0935,221.196981795369,51.4161814155091
17.094,205.859455804993,-8.01003132097564
17.0945,78.1599186956553,-17.6447974311771
17.095,-144.274757685066,-13.0235866340389
17.0955,-305.147660184268,-4.78364485834403
17.096,-285.173479363263,49.143369662788
17.0965,-173.893835043613,181.951112442643
17.097,-179.285680992736,366.331364906131
17.0975,-350.909408289382,533.047676351315
17.098,-498.080046409501,614.511108044899
17.0985,-450.2828285885,574.859779288246
17.099,-298.440384475222,432.961390093763
17.0995,-251.623877112979,254.624703794271
17.1,-314.244572526177,87.0040322699799
17.1005,-274.627213310582,-93.0059753370142
17.101,-29.0024415445693,-321.627298267558
17.1015,244.179460484593,-548.773817740065
17.102,310.137318804928,-661.95043044882
17.1025,160.848719599172,-625.277657040419
17.103,-26.5657806390601,-529.872918993072
17.1035,-129.185005219498,-471.988406491326
17.104,-157.343721106143,-439.289388496534
17.1045,-141.571760062767,-366.411905270827
17.105,-73.3980821255376,-252.956639703145
17.1055,27.267399603339,-159.156036903918
17.106,86.4450354229433,-111.012143696243
17.1065,62.9488206126611,-79.3123592925487
17.107,7.76322248255019,-47.5151518171623
17.1075,0.584612772777783,-37.6808516452487
17.108,57.9214122310743,-58.500297097778
17.1085,126.588403706652,-77.8696375794356
17.109,143.2795951974,-65.8618621376449
17.1095,83.869207589824,-29.7744515987853
17.11,-24.8562960408963,8.79914871534349
17.1105,-127.000367606299,41.3300234042883
17.111,-183.467044770654,62.5039180265327
17.1115,-200.973008522464,61.6159136818744
17.112,-203.694828865389,41.6540547844637
17.1125,-185.556759895359,25.3795060926811
17.113,-120.948368150956,25.9859538286158
17.1135,-22.7983541742882,28.7872463146286
17.114,47.5340901389731,15.3966524508574
17.1145,45.5116810315675,-10.1930360277407
17.115,-6.73493926221358,-32.2986458060158
17.1155,-52.2969435309261,-45.0803951667238
17.116,-58.3554112887395,-50.6713511325817
17.1165,-25.3112609497183,-48.5329626414248
17.117,37.8817165427217,-37.8417711606601
17.1175,116.599948923084,-19.7792967604104
17.118,179.95337629488,9.36474676040219
17.1185,199.356297747607,53.3994284962821
17.119,180.986021384147,98.6707598830252
17.1195,159.748117800812,120.475115766792
17.12,160.530591640757,118.006264666963
17.1205,184.316867269621,123.610296996708
17.121,227.612583180531,161.846780506346
17.1215,282.163793547576,216.108756605341
17.122,307.940813365388,252.201318117033
17.1225,249.525675105534,257.440538702874
17.123,113.262362749575,236.648918960108
17.1235,-5.35347074440732,189.094190228646
17.124,-25.7604503669425,120.055014442814
17.1245,1.07677201645961,63.5903934044833
17.125,-50.8987840794644,56.1717161087491
17.1255,-199.611740939097,84.4238585497946
17.126,-306.198867902915,92.0531018874319
17.1265,-257.663054517883,50.9345399045616
17.127,-133.891246742497,-0.367155074185298
17.1275,-113.239003735376,-4.64391344517491
17.128,-243.287573556568,48.1511360749695
17.1285,-391.415814463345,121.944379757002
17.129,-416.833613666914,184.286123086615
17.1295,-307.345998633885,228.591960533371
17.13,-134.943006185666,251.216736361911
17.1305,36.4424907591163,233.198771687435
17.131,160.707808866637,156.889662800256
17.1315,201.907216351497,29.909914752964
17.132,176.819698946649,-117.405119327606
17.1325,161.998257229923,-253.770843161567
17.133,207.147239017906,-359.115511695757
17.1335,272.638906862085,-420.167180186095
17.134,291.832562934024,-428.337726808587
17.1345,258.74464360529,-390.953564156874
17.135,214.110454986949,-338.469373532648
17.1355,184.698498260117,-305.957577550755
17.136,180.739259663825,-301.363597608531
17.1365,209.247767984277,-300.208584760121
17.137,235.092162275277,-278.162588978188
17.1375,173.50603488329,-239.281865087088
17.138,-8.18793436661712,-199.865629022949
17.1385,-215.52965373162,-153.410877138984
17.139,-331.200157915772,-75.0088642358985
17.1395,-366.872276653513,34.7056811049059
17.14,-421.146393949807,132.263205767909
17.1405,-502.019881049353,174.507666394813
17.141,-500.258072560154,166.417802988059
17.1415,-358.749545142277,147.550061784412
17.142,-165.459043414879,139.535169864994
17.1425,-28.6511104855067,130.76987479787
17.143,58.7073157906993,112.492469623867
17.1435,164.323210191966,101.309445341083
17.144,284.224890200141,110.305309994089
17.1445,341.548945798604,118.559339460749
17.145,296.02184400843,95.4923509842848
17.1455,193.160478044156,49.0601962770622
17.146,104.569130756523,23.4059193732176
17.1465,56.4449414166645,43.9274964968488
17.147,20.0774319100113,86.299747435322
17.1475,-45.2352263027102,110.212850573945
17.148,-137.693598850728,105.192169508947
17.1485,-197.732727317932,87.5344816169719
17.149,-164.829531309279,67.9948064460025
17.1495,-54.1768376684032,46.2143946277634
17.15,48.4860911055002,30.1150165017692
17.1505,76.4893824763832,34.1996911203951
17.151,39.9627054231438,54.8691174026936
17.1515,-11.156153567084,69.0547571086422
17.152,-44.9896052358629,64.4307757538687
17.1525,-54.3581878598236,52.1852682212409
17.153,-43.0231212124148,42.3388681934461
17.1535,-28.1051136148258,27.9087045447461
17.154,-27.1707105549545,7.08965904924863
17.1545,-24.2951791667136,-0.278158183064162
17.155,20.5189671401335,19.8237806913937
17.1555,110.044762789453,47.1876482821887
17.156,190.871968238903,51.788706007234
17.1565,215.154209334751,35.9595256879213
17.157,187.420186886756,23.8987790520989
17.1575,132.205446180903,15.5359054356979
17.158,58.54556188434,-15.0410555827726
17.1585,-15.4893337775315,-70.6650699793471
17.159,-48.7488891325536,-113.643316323598
17.1595,-29.5853656823412,-111.825442993544
17.16,-7.85244561431048,-76.5121236982156
17.1605,-31.5489042553722,-37.5971920928052
17.161,-80.5193324829927,-4.49628909696056
17.1615,-103.736651986584,25.6877771221077
17.162,-91.2315055450732,40.0683133998615
17.1625,-63.5054410185151,19.3889279082558
17.163,-21.5562222690848,-30.7052822957676
17.1635,35.9590854997462,-81.7006109792903
17.164,69.325012286884,-113.34068034365
17.1645,35.8449371595282,-123.868520400263
17.165,-36.1116334652734,-113.730194172453
17.1655,-70.8276083841346,-81.8279687454474
17.166,-45.5991156159532,-39.4614745517089
17.1665,-15.6771053049038,-7.380552033891
17.167,-32.9048653070581,6.12376148496143
17.1675,-86.4473032698152,7.76790987661781
17.168,-134.48223860176,-2.96659713042799
17.1685,-153.324554789908,-38.2471683975978
17.169,-141.56651582018,-94.4150931477845
17.1695,-108.409479009951,-138.14262101298
17.17,-70.7441828318765,-136.907297633055
17.1705,-39.2233481457903,-95.5504887835089
17.171,-4.75365319807691,-49.0793838545298
17.1715,39.7355895308465,-23.7057882628541
17.172,73.2802734836889,-16.743276728262
17.1725,74.1555283690456,-12.4583266793888
17.173,62.9537575973657,-5.17488654765215
17.1735,78.3200798396854,-2.18317412763597
17.174,115.47209344777,-9.66469852329224
17.1745,133.178365165027,-21.8762263874908
17.175,119.968275073922,-26.6953243504829
17.1755,104.689122575496,-21.4974217137045
17.176,97.7152336726306,-19.2008728745022
17.1765,74.8780846959877,-33.4276290574913
17.177,33.3321597261269,-59.5210158572705
17.1775,11.1755460695823,-77.3658267539426
17.178,28.7569907748601,-73.878948540968
17.1785,56.6685108596635,-55.9103171669756
17.179,67.277116205224,-38.1518480531673
17.1795,72.3926486245869,-23.2281516174062
17.18,79.448690234198,3.25646877479602
17.1805,58.5672424563096,59.505877494015
17.181,-0.805680560790515,147.531015712453
17.1815,-40.0302469621166,243.215117674093
17.182,0.203974443176439,313.111937607686
17.1825,77.3558482568098,350.848389680975
17.183,75.5241140846688,389.368025787435
17.1835,-54.0876990506158,458.810889362816
17.184,-227.370168253125,534.659039326428
17.1845,-321.545212529157,552.383786038082
17.185,-302.988497256099,480.492992673552
17.1855,-235.134225154229,352.611149335054
17.186,-178.360541179684,210.902455586802
17.1865,-117.715912700692,46.4400367552452
17.187,0.223943320702063,-168.659298306261
17.1875,179.814806830015,-403.359065892146
17.188,350.094753862489,-567.317549968398
17.1885,426.915367721961,-600.76953405769
17.189,382.740907061416,-534.747197601708
17.1895,250.770938904999,-445.135461491914
17.19,86.5386279163311,-371.016402026682
17.1905,-55.3815804304367,-300.397313872936
17.191,-134.025322554403,-216.895386153138
17.1915,-152.344734358311,-126.97379499773
17.192,-167.777770727643,-41.7774261189578
17.1925,-233.03160863451,39.4648518403911
17.193,-323.919173994854,116.2277818056
17.1935,-362.09578531274,173.376983796023
17.194,-313.678237037101,194.281142459041
17.1945,-225.32617954666,178.629366623803
17.195,-150.909914032389,135.889468141875
17.1955,-85.5866528886714,67.6342944021345
17.196,0.612648280484083,-28.533228153371
17.1965,97.4136646731807,-135.649283148017
17.197,158.530559587565,-211.84156778482
17.1975,157.220000289515,-220.861901588648
17.198,113.588323433049,-167.784870475076
17.1985,78.0706709019075,-95.6249880966529
17.199,101.824485147597,-42.2424079401017
17.1995,200.794542049731,-5.70540929114423
17.2,324.000385881795,42.2249808531851
17.2005,373.409312796053,114.153815970891
17.201,285.44757327751,191.417246156734
17.2015,94.6402910957184,250.880313891418
17.202,-94.0475387722149,288.980029412203
17.2025,-189.790468626267,304.52724855346
17.203,-170.751244388728,272.278803665574
17.2035,-79.6674417877327,164.767367732131
17.204,13.0341283294278,6.81980431666946
17.2045,53.0708528680855,-121.054949567643
17.205,30.8400825387091,-158.296104124233
17.2055,-29.731634893764,-129.343463168706
17.206,-107.298037419773,-107.053262865182
17.2065,-193.391278779847,-119.676318729602
17.207,-270.251296490785,-127.451213424787
17.2075,-308.044564182045,-94.4610036570489
17.208,-294.934788792867,-45.1869372334194
17.2085,-244.747228309901,-26.6628611602923
17.209,-164.114314865693,-42.1124668121963
17.2095,-41.1954345774499,-54.7952291914219
17.21,116.902271894598,-42.6956078387565
17.2105,265.762744365869,-14.6613483067687
17.211,366.165915146805,21.1944692026706
17.2115,421.011352952957,67.9313316106116
17.212,447.696588793013,114.913123572544
17.2125,437.938550543231,137.197960179968
17.213,370.947257291843,129.897452537313
17.2135,248.614712618818,110.550527358837
17.214,97.1035486279512,73.9164188597633
17.2145,-47.9040913339821,-17.2570162588638
17.215,-143.979237209284,-167.012668955976
17.2155,-161.114521032236,-303.254657141676
17.216,-121.210601406592,-342.471750723756
17.2165,-89.0716212705934,-282.869422140095
17.217,-100.202584924787,-193.343450318733
17.2175,-128.679548612206,-120.492975626883
17.218,-147.543111512718,-52.4982799451482
17.2185,-174.104988512632,25.6128004698576
17.219,-217.780976854455,93.2562976319996
17.2195,-233.034436000249,130.206852564636
17.22,-181.501117021359,149.544629540022
17.2205,-101.241879072878,166.984558192847
17.221,-48.3012986927341,169.069463112417
17.2215,-3.36153041921432,142.872359571868
17.222,84.6606914686006,111.838018438516
17.2225,184.722271700092,106.772937964417
17.223,205.941236205029,118.38241590171
17.2235,135.119482465844,114.382593008214
17.224,60.9897932585777,91.6432376327632
17.2245,40.3064764420207,73.5657740860672
17.225,24.7212862470694,62.4376916552211
17.2255,-39.8156958596315,36.2969604981283
17.226,-114.171061398201,-2.60385162368169
17.2265,-122.448723997246,-16.3622521434392
17.227,-57.8053043489817,16.4665527333015
17.2275,23.9662442975513,68.3096636585215
17.228,84.228667607144,99.5037626252534
17.2285,122.96594692627,102.612018534853
17.229,138.463177277646,92.9802326187183
17.2295,110.769869410295,79.3284871940322
17.23,25.2321781124192,63.8481268632122
17.2305,-107.271321606382,50.2430749258272
17.231,-247.291930731723,29.6571569622072
17.2315,-341.583476795292,-21.4046523675907
17.232,-367.332583784003,-103.092755069814
17.2325,-365.91474791845,-169.483920951592
17.233,-391.007456800335,-175.585661821148
17.2335,-408.825673824582,-137.370227819415
17.234,-304.945808055842,-111.977962058836
17.2345,-32.0222788043399,-121.510353886576
17.235,291.521847921505,-130.420039600014
17.2355,485.752804650226,-102.793490854578
17.236,491.213714928399,-49.1153489877319
17.2365,397.589804391808,-3.11498702686132
17.237,309.7040294828,20.4028748959293
17.2375,246.514815165278,25.4135345162122
17.238,177.939307673324,11.9794684755113
17.2385,103.606421487653,-23.5650924639675
17.239,58.9606897484469,-73.4475282088806
17.2395,62.9696054719409,-120.106373361749
17.24,86.8709248161385,-150.371995549614
17.2405,77.3774914939436,-160.173095911401
17.241,7.69878208389005,-152.428636894758
17.2415,-92.5001493882273,-138.195468286019
17.242,-162.164908647174,-130.771998554436
17.2425,-169.412014895638,-128.430009894467
17.243,-140.471342737679,-110.558363983164
17.2435,-122.142016927015,-61.4431382887797
17.244,-126.713707103068,8.26614060048772
17.2445,-125.965976128355,73.2980805694281
17.245,-90.9085301676774,120.299025026407
17.2455,-24.1574915364998,152.297387038042
17.246,42.4450906803481,172.891074611935
17.2465,74.0610050375661,178.129810455065
17.247,64.0711692525159,161.527604588673
17.2475,46.1773429565097,118.391931195131
17.248,65.4572797111523,50.4131958378719
17.2485,130.338347501207,-23.3938166443712
17.249,204.982075019863,-66.4944290822753
17.2495,254.585913158213,-51.9697539317225
17.25,279.150993444674,8.30145967563976
17.2505,289.731487405489,73.0749287168069
17.251,271.758634153315,111.889732664285
17.2515,197.094045170379,125.483441375762
17.252,67.6640859650708,126.392809620237
17.2525,-71.4891859199985,115.667790753492
17.253,-166.293394979901,89.4368143544606
17.2535,-198.557267314827,59.2203781879982
17.254,-202.448744931435,50.2682273793136
17.2545,-233.389354333834,76.0002496769202
17.255,-305.759744335464,120.642807786048
17.2555,-365.577560005294,152.1928715492
17.256,-349.587106727734,150.987585758097
17.2565,-267.843477985207,121.579886821951
17.257,-187.696579406618,77.7254620492439
17.2575,-128.629018242957,24.4911560510947
17.258,-28.4876434192413,-38.0598868126796
17.2585,148.782080912373,-100.653742660479
17.259,318.80391281367,-148.292474518821
17.2595,351.585354277236,-177.8244101948
17.26,223.308953189571,-197.197725028824
17.2605,37.6795981332708,-203.450501840649
17.261,-97.0042829725681,-179.06195761931
17.2615,-156.939985955202,-122.188509382454
17.262,-169.15964290923,-65.7742959514893
17.2625,-152.816880708489,-47.7933631191853
17.263,-121.399675030724,-69.017153119506
17.2635,-96.3230323703047,-97.6392012906073
17.264,-78.4656442899444,-111.209290915363
17.2645,-31.9608753712934,-114.298381219787
17.265,65.7805660702969,-113.914539170028
17.2655,170.81470989368,-98.0242692375047
17.266,204.798970697863,-49.3155210089084
17.2665,140.686348276533,29.4836462796047
17.267,30.5086197634507,113.275569901026
17.2675,-56.9259603587733,175.062190571841
17.268,-105.088135343148,206.22958428009
17.2685,-146.915171756967,218.262853152796
17.269,-208.580666051191,222.579189559429
17.2695,-271.637183491634,208.110546485601
17.27,-286.789039240393,149.606494886158
17.2705,-214.025054228508,47.0645726098532
17.271,-53.2359005709928,-54.7352090181091
17.2715,148.783358351865,-102.522879576498
17.272,318.721725355065,-84.1032564416949
17.2725,402.470698587462,-26.694573402064
17.273,405.237494241738,43.3880904535713
17.2735,377.439744647692,115.429028017338
17.274,349.47258313851,176.300559963257
17.2745,294.183735980851,210.225912740921
17.275,174.233923214761,219.636549244924
17.2755,15.5164232078763,215.052683383615
17.276,-97.3584326591275,177.7428639948
17.2765,-103.549327466269,68.8499150351659
17.277,-23.7143134283144,-106.143423474683
17.2775,65.275337072217,-275.472838878985
17.278,92.0278278134087,-370.973755669117
17.2785,30.6795810269727,-394.285120976411
17.279,-87.7713333807712,-384.883919460573
17.2795,-194.908398708677,-350.346906857285
17.28,-242.111488917687,-272.663202122902
17.2805,-246.7636759271,-169.802955657773
17.281,-256.815613982171,-98.9983360652881
17.2815,-269.484291818891,-89.1707254942568
17.282,-227.340219968541,-107.589956921865
17.2825,-109.725816704572,-107.77332396189
17.283,17.20739522473,-81.1134977539516
17.2835,72.8337948311528,-45.7733204314773
17.284,51.0580657128505,-11.6748617711939
17.2845,5.88493989810881,19.8248940329152
17.285,-19.5071159281956,36.8087904302608
17.2855,-12.1026305778183,21.5198264241891
17.286,33.1938377298489,-26.9418888889047
17.2865,107.716911667903,-86.0302514438663
17.287,174.044846181141,-124.819161103797
17.2875,198.166632235043,-122.654049449327
17.288,191.120544183754,-80.1799466530288
17.2885,187.193045726135,-16.8267335684936
17.289,189.007544152445,47.5180293490685
17.2895,163.915190431357,108.337113006946
17.29,88.3810920251505,166.874867980229
17.2905,-25.8916042632715,210.632423885811
17.291,-137.238900479646,222.18839090754
17.2915,-189.486508838716,209.460319939333
17.292,-151.840273588282,206.793145578237
17.2925,-70.4805631736989,236.700624928157
17.293,-43.4564896345635,285.327591707282
17.2935,-101.731126647715,322.475443364259
17.294,-150.605736286527,329.052835341473
17.2945,-85.856948054576,298.789164015364
17.295,60.1890511309959,237.067723777195
17.2955,156.590020962444,172.821795219984
17.296,142.873671825841,146.40697835436
17.2965,87.7932770349904,160.51708491701
17.297,78.7169820674737,162.897966855557
17.2975,121.036206206113,110.030339032761
17.298,160.824135316402,34.7408667247925
17.2985,151.847754402289,9.98732367239533
17.299,87.6631182291244,44.7310619796387
17.2995,12.2449784941565,58.4613307580192
17.3,-4.46015559923315,-20.6883754893608
17.3005,42.8179874924056,-161.76103985445
17.301,38.9433011187484,-261.627897162714
17.3015,-137.253326674383,-254.013444693232
17.302,-436.27280161188,-162.482635563764
17.3025,-662.658383900485,-54.4810655122441
17.303,-698.339449649403,26.2716415475426
17.3035,-609.508543763942,73.5999160712736
17.304,-493.703288092056,88.6693260770069
17.3045,-326.851236711703,60.6640966254886
17.305,-48.4571377007938,-17.7930491074905
17.3055,275.34597821837,-126.105422270995
17.306,484.461354876783,-218.582991722939
17.3065,500.94734393897,-258.453673668428
17.307,391.406769245632,-248.281899985281
17.3075,264.238679973855,-222.877318507118
17.308,173.637775245597,-213.109034466588
17.3085,120.979082804958,-221.441477159851
17.309,86.5983117942216,-231.188236763632
17.3095,46.2355562154171,-229.602194914424
17.31,-6.76875564463877,-216.386731875731
17.3105,-49.4294745800829,-196.558254727147
17.311,-59.5433958949111,-174.169739118864
17.3115,-45.4824313681648,-152.644615656211
17.312,-24.1199520465573,-135.146033640883
17.3125,7.20601823626392,-122.497127108261
17.313,50.1746754088665,-112.297089448842
17.3135,87.4921822913119,-100.015965592179
17.314,117.344348728494,-80.7033872718463
17.3145,168.442637237434,-52.5885569922126
17.315,238.804148553612,-21.3009891704537
17.3155,260.374669484213,2.72998957232054
17.316,180.680971155403,15.724098936142
17.3165,44.3731711164827,28.34550403884
17.317,-69.8288801428341,57.0722377240003
17.3175,-158.860306538297,106.186324217109
17.318,-264.416811349792,161.15907552415
17.3185,-359.048327553434,201.458760351301
17.319,-358.927576345716,217.720594181774
17.3195,-251.170402768887,214.34600260879
17.32,-117.324259495247,197.275825980761
17.3205,-12.4616323979162,163.936489338206
17.321,94.9773704947977,108.638957193854
17.3215,231.910994330213,37.7431167471691
17.322,344.153522686131,-23.7766675311671
17.3225,356.155402671944,-45.2332884669164
17.323,256.863599798512,-13.0018117955179
17.3235,93.3102109379371,58.7453098135903
17.324,-72.813293884025,141.001377321011
17.3245,-174.781145424385,213.571835308299
17.325,-163.725610136637,273.578477075493
17.3255,-63.8438852695895,320.374766559394
17.326,35.9139424580659,339.938378252615
17.3265,79.0296422919719,316.345675834799
17.327,91.0152963179175,260.863301735503
17.3275,107.253798425502,215.451244291318
17.328,107.532977621228,211.547886722899
17.3285,66.1973751701154,226.597526319307
17.329,16.7527423283407,195.888560850309
17.3295,8.07308513773101,74.9311332715038
17.33,27.9743114050738,-114.256599919434
17.3305,25.1444271654332,-299.210930969306
17.331,-14.3602933222111,-410.739356442144
17.3315,-59.7859885409789,-421.721052491335
17.332,-85.5167355229735,-352.034265474545
17.3325,-86.4268401732944,-251.753288381123
17.333,-65.044590704359,-172.351629256075
17.3335,-44.7087435244732,-135.281325909363
17.334,-70.5714665823701,-122.255372835496
17.3345,-150.194798218847,-101.676084318731
17.335,-215.647411007944,-63.8725554476355
17.3355,-197.200191867482,-24.1405324158037
17.336,-116.959656077528,3.91210638717682
17.3365,-51.9867485789181,23.112551916103
17.337,-16.2515753206953,37.4652275139267
17.3375,53.6645749704417,36.142597128373
17.338,184.694828348896,5.23653302546116
17.3385,295.428474753934,-47.1237704466462
17.339,265.213511037674,-86.9902399001354
17.3395,49.8422620422937,-80.9631154536766
17.34,-278.163226030586,-27.1194379768423
17.3405,-577.047771686956,40.9981894070351
17.341,-723.377050806907,84.1339310248374
17.3415,-687.029675676849,93.1301905444201
17.342,-530.901356070924,91.7926406733016
17.3425,-324.399567701347,101.713201108585
17.343,-74.9733774052977,112.33502512372
17.3435,225.745044995564,96.7245177114898
17.344,517.253898999314,53.1240976964136
17.3445,692.810016120658,15.4174010421255
17.345,703.694835537986,17.2302408050584
17.3455,586.769612055366,55.0936133045946
17.346,394.10271900494,91.1196332382325
17.3465,164.919688969972,83.3297017970362
17.347,-26.6212791529976,11.9530230800307
17.3475,-86.4558355360192,-107.57303963425
17.348,-14.0854771942676,-225.065179848039
17.3485,64.2054873383232,-280.702947464195
17.349,40.117373469733,-249.888473844252
17.3495,-41.6093248701188,-166.081016404672
17.35,-58.6921482042714,-89.4206440321687
17.3505,11.4480868369892,-51.6881485956861
17.351,69.4582787348967,-38.7898000824423
17.3515,42.7695325737126,-23.4213221103408
17.352,-22.3756682811632,-0.860248001301139
17.3525,-41.6669616053093,11.7663933337141
17.353,-5.99692267640201,1.1646448535512
17.3535,27.160202394634,-25.3793538703937
17.354,21.3060731780231,-45.902963652152
17.3545,-4.87133875320983,-43.0396651621943
17.355,-19.1339232943993,-20.5505899929519
17.3555,-12.5044768278412,-2.08573037507684
17.356,9.75947165112713,-8.84163517813593
17.3565,43.0543408227126,-36.4167808709679
17.357,72.3668327090464,-58.322770974714
17.3575,66.3730211213006,-53.9042020792111
17.358,9.17849554554252,-26.905559316457
17.3585,-66.983500064828,5.87042629247033
17.359,-108.607691168454,36.3183591406723
17.3595,-105.916393200194,68.6742873409341
17.36,-101.705733879019,106.109046740225
17.3605,-119.81965214209,141.005439354882
17.361,-118.864865341184,157.288318491593
17.3615,-54.3076839032869,139.049727209488
17.362,36.4389672971955,82.241577303896
17.3625,63.6299452012658,4.88360153113046
17.363,-1.76749638340861,-58.7363375169855
17.3635,-95.2347297409018,-83.8731516002426
17.364,-147.718893645168,-75.1639754252822
17.3645,-156.237542700524,-54.5182988941904
17.365,-146.01106243919,-33.7083383079824
17.3655,-116.058331035559,-10.149829040123
17.366,-62.8822612512249,13.9129978182441
17.3665,-18.0785362757519,26.2066872332329
17.367,-11.8131588458773,23.3364338347489
17.3675,-21.6840602278574,18.7407854851948
17.368,-6.02852733711125,22.7526243112881
17.3685,27.036589936793,29.1338544813623
17.369,32.4004560103264,33.3494081928503
17.3695,2.36132191766889,49.9840917054187
17.37,-20.8205003792827,93.7445105856816
17.3705,-9.51273305255008,151.545335361142
17.371,17.504712723242,193.447977554417
17.3715,38.2379274845333,208.862698520212
17.372,60.9569044529133,214.447550384187
17.3725,94.9199381024121,226.928250485741
17.373,120.078447556444,244.167573632156
17.3735,111.431900952709,252.697943577817
17.374,74.8243676493901,238.838674961758
17.3745,36.7574109011149,194.755899366623
17.375,9.3946431045112,131.053646383384
17.3755,-17.4774887770701,79.4659368914835
17.376,-54.5827195115007,59.3897987055384
17.3765,-92.8008834040954,42.8952903452511
17.377,-102.6990760711,-16.7114686751497
17.3775,-56.577663754304,-114.579088531027
17.378,37.8806953868498,-185.318239882137
17.3785,128.488115968527,-181.750041042047
17.379,161.517659125602,-134.481754870183
17.3795,139.191806013159,-109.717736937624
17.38,119.916477657501,-130.792656997053
17.3805,154.928597026282,-167.62494222054
17.381,234.459608555558,-184.346919581911
17.3815,298.286127507573,-168.29245174402
17.382,289.816116177018,-127.632953530559
17.3825,204.649923633097,-91.994798332233
17.383,102.258114950372,-104.2769759353
17.3835,62.4253505171466,-178.918324986045
17.384,102.420604244445,-273.389190856374
17.3845,138.306994630318,-329.275610281483
17.385,65.1478463706784,-334.051602463844
17.3855,-111.410294128082,-313.149134104198
17.386,-261.414488603686,-273.914192251049
17.3865,-278.054902224817,-199.605230625811
17.387,-209.404190579709,-96.0824610742714
17.3875,-197.214962005489,0.533748449612835
17.388,-292.848385819142,68.9125122079546
17.3885,-385.465225773304,112.985665208837
17.389,-334.318690144803,120.355933927995
17.3895,-137.767818158948,60.9795912560283
17.39,66.54508882706,-49.47924225207
17.3905,158.271228697538,-130.758653304705
17.391,149.216245023616,-119.025366922834
17.3915,129.189809843064,-37.6602336629405
17.392,135.740061500715,43.7662009303642
17.3925,121.05086376727,91.7773654870085
17.393,37.0438439079755,115.621611169953
17.3935,-101.415498367674,120.601146066115
17.394,-257.952097529771,101.835697406674
17.3945,-429.337681558886,72.8600199536511
17.395,-611.076455565069,58.0275827827216
17.3955,-739.182125977817,58.7277118861831
17.396,-732.827201452015,59.9601741732598
17.3965,-596.607840962621,65.4547189967083
17.397,-420.185755822155,91.5932316528534
17.3975,-257.730587774345,127.538503143221
17.398,-62.5125421061858,136.623528747589
17.3985,223.479629665055,104.278527614929
17.399,557.676392036453,57.0177380859582
17.3995,821.047859328288,27.3648991183693
17.4,929.879447991782,24.4498873379025
17.4005,882.789840127169,44.9413914605436
17.401,721.581940369257,87.3228026183181
17.4015,500.639881384518,143.758390241018
17.402,288.78931974394,196.666747945345
17.4025,143.11781929766,234.59670033198
17.403,60.7640160787689,258.743441820348
17.4035,-9.07181092071756,267.448928869257
17.404,-90.7950632346467,247.121410617255
17.4045,-151.878520773409,184.852550946697
17.405,-160.910588832112,82.2831511439003
17.4055,-139.667678162321,-41.8500620865252
17.406,-128.22395859136,-152.852480095609
17.4065,-125.021597450027,-211.041440714301
17.407,-100.043198828272,-201.390899451208
17.4075,-55.1651740882902,-151.650349972491
17.408,-29.2580380355556,-103.656207553397
17.4085,-37.8318673265849,-68.7380543297674
17.409,-44.3376891022043,-29.9489303446953
17.4095,-12.1273994623216,16.8598836223395
17.41,38.5686109514398,50.983651353294
17.4105,53.1340957639199,57.3739852849889
17.411,13.3693303992499,42.3999681360882
17.4115,-40.068008181833,13.7073098613898
17.412,-57.1439926206196,-29.0804551821843
17.4125,-28.2119031182319,-74.3744865880761
17.413,22.4840512426475,-95.2849685638878
17.4135,72.124465489926,-80.9367379661516
17.414,111.902988379487,-51.5918591740353
17.4145,136.593295049277,-29.9269852568389
17.415,141.028165769236,-15.8296906347193
17.4155,125.684275031536,-1.50553310395042
17.416,94.0477280450097,8.63341656642186
17.4165,46.7671390620952,8.71020535151539
17.417,-12.1571013115075,5.1424750453421
17.4175,-68.7442680160475,4.07623156742857
17.418,-110.496944356015,-0.799483113988727
17.4185,-139.485283152801,-14.3773402430438
17.419,-161.071608407568,-28.4854516238521
17.4195,-165.909196804855,-36.9446613885903
17.42,-140.743733262825,-46.8848376378664
17.4205,-94.1181616244584,-61.659103080914
17.421,-52.0808504511239,-69.0166032362993
17.4215,-27.6260474733957,-61.9160265787065
17.422,-12.2043468528335,-54.9429011259413
17.4225,1.72901928724164,-62.2174668510975
17.423,9.05458159227824,-73.8526308342613
17.4235,5.47103657960185,-73.8156417582093
17.424,-6.54653965470515,-67.5881283582512
17.4245,-28.567879233781,-70.188210778231
17.425,-63.4930314555908,-76.9340097260102
17.4255,-98.9510924380181,-68.9872939192808
17.426,-115.246088133757,-42.7986189267486
17.4265,-114.437979808229,-14.7605844465996
17.427,-117.642861141072,-0.610006905357621
17.4275,-127.385183449513,-5.79236404314263
17.428,-120.805188248446,-29.3092959967094
17.4285,-92.0317819702389,-60.0622004984362
17.429,-70.9113904991806,-75.8783179062519
17.4295,-78.1028120171431,-63.8921680157778
17.43,-86.4954154616408,-37.3691955745145
17.4305,-55.1345064349299,-17.4937597039418
17.431,12.6917219596283,-5.84605761075683
17.4315,70.3259236670702,9.26594044552227
17.432,79.5475563577324,28.9838195612376
17.4325,44.1702903706464,46.3532443082155
17.433,-0.387225517658615,63.9864470026087
17.4335,-16.9356994304114,85.8223298223469
17.434,7.59693732622023,95.6358382521288
17.4345,57.593039784917,68.0166016335518
17.435,115.590946255856,2.25817112008798
17.4355,187.550119744084,-73.0365666427676
17.436,278.612953108635,-128.342328813909
17.4365,349.743229110338,-149.290884418953
17.437,340.050729151531,-129.636824611661
17.4375,243.451395906427,-71.8772485160542
17.438,122.603136669372,3.44441030929263
17.4385,30.8958157450371,69.5029538307359
17.439,-34.6291462850553,117.912065761324
17.4395,-83.3102222083275,156.625748616724
17.44,-93.011313849744,184.947224404852
17.4405,-64.1985755205873,188.974510923505
17.441,-55.8829953056935,161.24885057349
17.4415,-105.390245921104,107.678519839075
17.442,-153.492769832363,38.6386527946968
17.4425,-120.067957531624,-26.7177304258991
17.443,-25.8959312497788,-53.2551663911181
17.4435,35.3621861286872,-15.0591456175905
17.444,28.5302520839245,69.6066220888149
17.4445,3.77571889636267,151.48587261246
17.445,2.18679379253296,198.252015226664
17.4455,14.5427015614374,206.656353067651
17.446,34.7132181399574,176.156770237999
17.4465,71.9773939284259,110.549027426484
17.447,97.8344258498508,48.1943709679295
17.4475,62.8780878606732,43.1657300774731
17.448,-7.25036936100856,95.7057411738562
17.4485,-10.8113616688227,140.092384529857
17.449,94.8172131367445,127.848170775169
17.4495,221.833047660332,89.3460397617514
17.45,260.945238941767,81.9560586377301
17.4505,207.546445779301,107.22882163307
17.451,134.472142928033,118.007841524337
17.4515,88.2097879208225,86.6206637707539
17.452,60.7503947438233,24.4699429246362
17.4525,24.2756335901343,-54.0692398750747
17.453,-53.993937251675,-143.872620151456
17.4535,-198.166940420987,-224.542164379379
17.454,-380.863289759251,-261.098525503572
17.4545,-524.092926042161,-240.577890396031
17.455,-581.743913554649,-186.439315840383
17.4555,-587.382631044705,-131.414510598829
17.456,-579.75936221614,-94.1910760965983
17.4565,-521.469089591233,-83.1846729188248
17.457,-349.186672492508,-100.659005879052
17.4575,-80.0327156143417,-136.198291802507
17.458,189.160667761015,-171.866004753324
17.4585,376.284593992792,-198.854810062276
17.459,461.663319450277,-217.562559872583
17.4595,459.228005675378,-222.610865869487
17.46,394.635092347064,-204.580884693046
17.4605,308.658263432234,-168.786002451144
17.461,235.678090074937,-136.644588462851
17.4615,174.162031566902,-123.456731577945
17.462,107.587482681798,-125.048344252456
17.4625,45.1244335946254,-127.352110458465
17.463,7.60691969065708,-118.554576090095
17.4635,-14.0726699194346,-91.9948445075058
17.464,-44.7353321754051,-47.6994641877207
17.4645,-75.4428595339372,9.07538790648846
17.465,-71.1821335839793,77.4573103789762
17.4655,-29.4120149353343,161.625657627892
17.466,8.21069551420256,251.696627638461
17.4665,10.8257223091348,316.883056135637
17.467,-4.73520154430025,337.09015084055
17.4675,-1.4134784071752,330.977507117619
17.468,32.1092592774976,328.289757828228
17.4685,65.3756116322457,322.560172880236
17.469,46.2216261467907,281.698286515867
17.4695,-48.7775564773013,202.301397731917
17.47,-166.365657340507,117.763982042536
17.4705,-202.513145304523,47.4316339156497
17.471,-109.555053459939,-24.2604325582248
17.4715,38.5098722352345,-103.083680327309
17.472,124.072374113941,-156.709677173239
17.4725,116.089384627149,-158.367614237959
17.473,82.3304190528873,-131.297151930873
17.4735,82.7176581066074,-117.575271478232
17.474,100.702589821825,-121.163036710901
17.4745,87.7767623469409,-115.281621279598
17.475,33.4252339181646,-93.9992341449263
17.4755,-28.6551308288842,-79.3836525369561
17.476,-61.3032463758351,-78.1217370163387
17.4765,-58.5899213098843,-65.3067804217753
17.477,-51.0458846944871,-21.6569411910017
17.4775,-73.5463655664365,37.0847692359615
17.478,-116.441639215731,80.2180432769477
17.4785,-125.384705539712,95.0893648108296
17.479,-72.0287793438324,88.795573997904
17.4795,-2.68903101084371,69.547076205452
17.48,19.0600796076321,38.7875342691297
17.4805,-0.627384214019176,-3.54684662293838
17.481,-1.75412877007639,-54.0176078394312
17.4815,38.1802236535422,-103.637969429911
17.482,80.6419938424296,-138.629718151305
17.4825,93.1120088766437,-148.402286689822
17.483,86.8287028058626,-135.120984677373
17.4835,77.2775350611596,-110.696291967766
17.484,55.2593550770585,-83.5442722369854
17.4845,16.1626017254447,-53.9922883648814
17.485,-20.7312927779983,-22.6053327067252
17.4855,-42.524884114218,5.34709398126677
17.486,-61.7608820116602,26.6313594811728
17.4865,-88.4972436851466,44.3735467858518
17.487,-110.94097547262,61.812396971721
17.4875,-118.671062875436,76.5767091585288
17.488,-119.600361343716,84.2338719063097
17.4885,-120.281688547173,83.7407522345091
17.489,-112.141801941166,77.7888984782308
17.4895,-88.2861735474232,71.9259772662495
17.49,-53.6628414388299,73.8709148012103
17.4905,-12.6530773257511,87.6205146475135
17.491,32.0411152672135,106.11869691164
17.4915,66.6803967327444,115.6361557513
17.492,77.7728574134978,110.597935398172
17.4925,75.8756471839466,99.4202491115428
17.493,80.2977007064956,93.2702274968182
17.4935,83.3033715768479,94.4586088090742
17.494,64.3753375173413,98.741987852935
17.4945,37.9266311131084,102.360569716237
17.495,43.2477883228581,101.313447138706
17.4955,79.7703042200674,89.5140098249797
17.496,96.2965341364202,65.9043204328621
17.4965,60.2025695389463,40.9368488238493
17.497,-0.531455104157449,27.3427653658237
17.4975,-40.6880532622871,23.3058466075723
17.498,-48.8508442760914,11.7741717077713
17.4985,-40.2475337634403,-19.7111654633616
17.499,-32.0525618829195,-62.222881893743
17.4995,-39.8486694834914,-92.5996153726577
17.5,-66.1715622277976,-96.6582486077439
17.5005,-81.5656892259914,-82.6881313791159
17.501,-52.2013516166109,-71.7386503239027
17.5015,4.85808638332613,-76.7735371379209
17.502,35.295054495094,-93.0114079154464
17.5025,27.0149245933013,-107.127361650946
17.503,28.1220983672349,-111.596974588169
17.5035,68.4893411224411,-107.892163583972
17.504,115.080898258789,-99.7223516869171
17.5045,131.763168749291,-89.1617025413913
17.505,132.998623375966,-78.8631068211522
17.5055,143.496899859526,-71.72695718695
17.506,150.541148902357,-66.5642141812097
17.5065,136.076079923708,-59.7733648813512
17.507,115.660083713189,-53.9371047503218
17.5075,104.354451460125,-58.1793000211074
17.508,81.333242802641,-74.75202695026
17.5085,31.1266406658647,-91.3047964217348
17.509,-15.5786790273906,-94.3971191033405
17.5095,-27.8452781607369,-86.368015408706
17.51,-28.0827822445949,-78.7714646139561
17.5105,-51.467644105998,-71.5292113297563
17.511,-82.4495630043144,-52.1428329536726
17.5115,-85.1413860569664,-19.3685321816625
17.512,-72.5532631976152,4.83900945441862
17.5125,-88.0042902204653,-3.0292115896645
17.513,-131.223999664878,-39.8816894107665
17.5135,-158.133235357094,-77.4488844246551
17.514,-150.440791348447,-88.2624884562209
17.5145,-138.571789233401,-64.1573425283511
17.515,-153.852080067534,-14.4879868912011
17.5155,-192.529891381896,43.8008229722973
17.516,-225.312561277136,95.140823572171
17.5165,-217.516511451055,133.498763402657
17.517,-152.340752575554,164.479846180315
17.5175,-58.5065718836926,195.783869041691
17.518,6.33804634687819,225.960158078062
17.5185,25.0869787688202,244.978735306996
17.519,42.0538314243628,241.385196998955
17.5195,82.9618829014107,204.627100864113
17.52,100.225197913154,129.924506641996
17.5205,51.7774720478534,34.2340753452972
17.521,-10.0847163070957,-38.9988369345633
17.5215,-5.26976729041886,-52.3016359717836
17.522,46.2137927206975,-16.9653416400509
17.5225,50.4280668777371,12.812569692485
17.523,-13.883237110761,-3.02285681072185
17.5235,-64.6600447887148,-52.0870779618984
17.524,-45.6604490168166,-95.5759260580389
17.5245,-2.45055160362362,-115.72330200991
17.525,3.32517254024371,-122.148012791324
17.5255,-10.876020286832,-123.920447045028
17.526,18.2432197953208,-116.529537392059
17.5265,112.629267431966,-93.6660696106655
17.527,231.50024230301,-55.2866392610199
17.5275,309.302292060031,-5.07417786890351
17.528,300.174556713716,46.4114756021241
17.5285,215.290457300467,79.575532337836
17.529,121.628610741475,84.0074829309175
17.5295,69.159325828487,78.077391701632
17.53,24.7519427551697,91.3353954572287
17.5305,-72.7947784317732,124.035825827919
17.531,-200.551362276631,143.059226850985
17.5315,-264.279602292758,125.165531710586
17.532,-230.503234073832,86.1959970351596
17.5325,-168.068576068375,56.3310815945612
17.533,-133.748528768352,42.7621591647711
17.5335,-94.7376218934344,32.0757863732857
17.534,-6.68516693011639,16.6046407005352
17.5345,102.196593274625,-0.68363403224499
17.535,179.790278192662,-20.5964674507418
17.5355,224.959451121092,-47.3277908446709
17.536,255.582518199766,-74.2175523852933
17.5365,251.214371953548,-86.3447183529814
17.537,190.337270633831,-79.9848537514715
17.5375,107.010079176756,-66.653727286909
17.538,50.1099897606667,-54.9520656984855
17.5385,17.1111513728224,-40.5622084082483
17.539,-16.5712595948403,-18.9559378213933
17.5395,-36.7390862264626,3.03467246968736
17.54,-20.9745677601762,15.8493344038486
17.5405,-0.614192158089194,20.0408737289777
17.541,-23.724633757502,22.893948413178
17.5415,-73.3462539639054,26.8711961074824
17.542,-88.165680105171,28.4697790860248
17.5425,-54.7346427409266,25.9620854099967
17.543,-18.1748947471545,21.9931178522167
17.5435,-8.61338138394379,19.2995823165897
17.544,-16.0740682084603,18.6588393818922
17.5445,-32.344128211511,20.8847093996352
17.545,-57.835590497806,26.7530369210535
17.5455,-70.5421074734406,34.15926492059
17.546,-50.0091229416959,38.2091182977407
17.5465,-31.3141099423551,35.3823733698516
17.547,-68.4372462014993,26.2750681920804
17.5475,-137.231404519029,13.7584817202116
17.548,-146.510007936221,-0.296721895962116
17.5485,-67.8331462328842,-15.8933752797207
17.549,12.3297742569096,-33.4642927550159
17.5495,4.46621999625824,-52.319988704097
17.55,-75.4408160957201,-70.4142579785088
17.5505,-148.358523674565,-85.7837986245575
17.551,-174.924576531062,-98.9297022731901
17.5515,-169.065946626865,-113.726162078038
17.552,-144.779040605507,-134.612829680818
17.5525,-100.419551471577,-161.947265664951
17.553,-40.0518384136363,-191.060366137133
17.5535,28.0273493550002,-216.803715398558
17.554,102.759208473002,-237.138199298569
17.5545,172.465328193724,-249.564167384943
17.555,202.387399734744,-245.897864708137
17.5555,170.648999473318,-216.568827289524
17.556,103.662667579416,-162.321301986707
17.5565,46.9410206389446,-96.9039397586526
17.557,11.7362339078678,-34.4460641240709
17.5575,-22.121935659675,22.0430043637316
17.558,-61.802545816369,75.5749950208474
17.5585,-90.7772506045116,123.514400674116
17.559,-97.6194867797311,158.639492178896
17.5595,-86.9536703545201,179.848655175638
17.56,-62.1173994845346,193.303216956685
17.5605,-21.9593879518339,201.957045131015
17.561,23.1079721394882,201.252130059695
17.5615,54.4834936510158,187.31833092456
17.562,69.8556295762983,163.239779951643
17.5625,85.6456123391013,135.002749240236
17.563,108.550051270395,107.251861138028
17.5635,120.535461608697,85.3650758851203
17.564,101.635556795425,75.0476706509145
17.5645,57.4884255979528,75.8689905690256
17.565,14.3073358015848,80.4461185042371
17.5655,-9.59179533182183,83.578653574498
17.566,-20.0643203023599,86.904407349392
17.5665,-34.7656376156393,91.2407795397767
17.567,-58.4205349970525,91.0737621956252
17.5675,-74.6950377531855,82.2830264552275
17.568,-65.1968107996443,69.9008713348683
17.5685,-32.5303710599649,61.7925672928914
17.569,3.37368300224343,58.5029660485992
17.5695,30.6376503262798,54.9679709244679
17.57,55.8834081755841,48.1468624993889
17.5705,86.1778139012928,36.9453311899183
17.571,112.911254647119,18.7674041344807
17.5715,122.784902746839,-6.67189057877097
17.572,116.693473773521,-32.917276742184
17.5725,106.989190582714,-52.960412711598
17.573,99.9660442666633,-67.4741521029011
17.5735,90.6715635008698,-80.4450135169437
17.574,73.7364431400044,-89.5125256953589
17.5745,51.2615793461012,-88.3864834950636
17.575,28.8570487947903,-77.1428992447857
17.5755,8.89270089302586,-62.1081133953972
17.576,-10.335619210833,-46.1571837617658
17.5765,-30.3562302417592,-27.1745439832999
17.577,-48.6308335558997,-6.69495182371751
17.5775,-60.0042715057154,7.86556050325773
17.578,-62.7283033942272,12.1670699708832
17.5785,-60.7340334324442,10.4632730046873
17.579,-58.0923321399508,9.7270670379426
17.5795,-54.8500292036713,12.1902403337156
17.58,-50.9920255728783,14.790528747471
17.5805,-48.3031484282994,12.1327624260365
17.581,-42.8551389343395,-0.503713393570014
17.5815,-23.5244654690067,-22.9454356405318
17.582,12.2342743294299,-48.1010465649053
17.5825,47.7023802681211,-67.3981289892691
17.583,64.0557188697397,-78.0892096745937
17.5835,62.8086899911591,-82.1672789629939
17.584,57.4849647685434,-80.0696035053729
17.5845,48.4688611471314,-70.8163262106389
17.585,24.4212686134611,-57.4246538933218
17.5855,-12.2090920178808,-45.9191916165286
17.586,-40.4493054165893,-38.1572811672665
17.5865,-46.7511248260894,-30.9590155821701
17.587,-42.1133461354572,-23.4769021786137
17.5875,-48.9210997837953,-20.3116242048227
17.588,-79.4378144141845,-25.0700726804641
17.5885,-124.799018082228,-34.3744845145016
17.589,-154.128944926218,-40.5160101292747
17.5895,-133.560322406091,-38.2267206226756
17.59,-68.2400674344229,-27.6882167096607
17.5905,-21.1388647937363,-12.0327986783964
17.591,-61.8336217706467,6.95158024591167
17.5915,-190.039966054474,28.8291801626267
17.592,-330.202279038923,48.227990613366
17.5925,-403.830856667059,52.1240177139701
17.593,-385.017710930594,31.8205108453925
17.5935,-287.56499078398,-1.77558194647121
17.594,-134.241759763156,-25.4578946902412
17.5945,47.3936054324259,-30.9926845295619
17.595,227.406513887832,-34.6799933766089
17.5955,388.168765713547,-52.9864713974538
17.596,517.278548872623,-80.2303748225767
17.5965,582.642285021993,-100.437496461869
17.597,547.313288511822,-108.857725551472
17.5975,418.299268030919,-106.973385673396
17.598,244.701160444716,-88.0062114367541
17.5985,57.170570816947,-48.5344649470079
17.599,-145.483547676109,-8.04955020871856
17.5995,-332.881102694196,7.31327150059431
17.6,-426.336508161844,1.84020530499701
17.6005,-389.533116720733,10.6768424976564
17.601,-289.338812002068,60.2792068948291
17.6015,-214.325459400636,145.387397633773
17.602,-171.000537760344,243.855414971069
17.6025,-115.162090982609,330.386731992201
17.603,-44.2714590027801,371.87809973597
17.6035,14.1429108496577,337.039943496018
17.604,75.0219873173484,226.717315912057
17.6045,169.559460137609,79.1741135771835
17.605,258.379713167695,-64.2162182114543
17.6055,263.404216062474,-182.216722684617
17.606,195.176487943307,-258.851141743113
17.6065,159.143532368878,-275.002244907192
17.607,210.256640969828,-234.57534501996
17.6075,283.764973522277,-176.486403677818
17.608,304.340436478778,-135.578972132147
17.6085,281.181774634651,-105.397496753925
17.609,244.628998796363,-61.0812021929945
17.6095,167.762378355043,-4.30299032796047
17.61,25.7302923067234,39.5483764603751
17.6105,-123.120861033633,57.6676913482109
17.611,-197.42561130372,57.4453831855241
17.6115,-200.822161906285,46.5151570749162
17.612,-195.245762484357,32.2107572379196
17.6125,-193.507114993795,34.7147502255007
17.613,-157.056317826345,70.6950869023461
17.6135,-85.6308917726398,122.71950086111
17.614,-27.890318438697,151.724403925449
17.6145,-1.29025368258408,144.403366659864
17.615,23.8511962134931,125.609166669579
17.6155,50.4503639499951,120.366782921473
17.616,37.8045577201477,127.034214718556
17.6165,-19.4071354141913,133.357620208639
17.617,-62.9824851653218,134.901186617186
17.6175,-56.4503363154414,127.787390939415
17.618,-40.6296943499054,104.613664373271
17.6185,-61.3175602205548,70.5388039098273
17.619,-90.6603117087625,47.2794772650606
17.6195,-74.5769820373254,49.0781666501218
17.62,-25.8034042600048,66.5804787085833
17.6205,-10.2184691549515,81.55004473742
17.621,-51.4948623175421,83.5277727589013
17.6215,-101.01460762314,66.7481290593693
17.622,-105.303490759473,29.5827492424237
17.6225,-63.009898228324,-13.0190889297913
17.623,-6.46272452876507,-34.9807497687858
17.6235,40.3924472179616,-30.1934322436169
17.624,70.0638621747205,-22.8571680606179
17.6245,78.8003701120096,-34.6921159928642
17.625,63.9066241131736,-58.7678169109838
17.6255,28.1787736688733,-80.497730299814
17.626,-20.0997469455527,-106.158279469566
17.6265,-68.214563394674,-148.753431388345
17.627,-100.690833308451,-198.072673619214
17.6275,-108.210877209143,-228.846155199325
17.628,-96.4578852492256,-233.468951941603
17.6285,-79.5003729567851,-226.544092392072
17.629,-63.1356255336148,-220.786174056599
17.6295,-39.9947586434653,-216.946890586848
17.63,-1.65537338937622,-214.413313444137
17.6305,48.7120748214235,-213.088357643229
17.631,95.9412270284291,-205.506157014865
17.6315,122.59220330135,-183.698327284675
17.632,121.15222835928,-153.407029060006
17.6325,99.9636268092043,-126.403688515138
17.633,75.6045395794816,-101.049594272426
17.6335,57.5510177885006,-67.7421502267074
17.634,42.6698518884964,-31.8014509348349
17.6345,24.6670406020437,-10.2981108083933
17.635,2.84562993242483,-3.64702031537619
17.6355,-20.1996406118591,8.66779732777967
17.636,-41.8265786897421,37.0376630757468
17.6365,-55.9175542922749,65.3561465417019
17.637,-53.4923748042088,75.8040360326527
17.6375,-33.2012846561847,73.6527894648226
17.638,-6.30746522881259,74.9008924129556
17.6385,14.5316537172013,82.7553432827499
17.639,27.3472935719119,91.0758007528932
17.6395,37.250012565313,101.438836118813
17.64,46.1110098000623,120.600650633142
17.6405,51.7302134173865,145.053686345293
17.641,53.1978513381215,161.910527502901
17.6415,51.4451200036664,164.437570105147
17.642,47.3400733891939,156.527414767859
17.6425,42.9456134737491,142.411053830275
17.643,40.599652676046,121.376470890773
17.6435,37.4440221854315,93.9534491738785
17.644,26.2844873722155,66.1392978045421
17.6445,5.96442294336577,44.8173604429097
17.645,-14.8901413395963,32.0625404427651
17.6455,-28.973181858076,24.3100921583628
17.646,-38.9136255415735,15.1441352082082
17.6465,-49.6848039918244,0.375718417512502
17.647,-59.2613867306513,-17.5445775652982
17.6475,-63.5565226588342,-32.2363697803318
17.648,-64.3472286137513,-41.4990162978265
17.6485,-64.0882441255783,-47.9927076402627
17.649,-57.5104860106243,-49.657469745084
17.6495,-37.1264540262635,-36.6980302708019
17.65,-4.94324675727939,-4.5966125436162
17.6505,28.0731488291758,35.2818609882321
17.651,52.3182620478143,66.4792137866415
17.6515,64.3288660899167,85.804912339006
17.652,64.6958288613743,102.339817631027
17.6525,57.089296783752,120.127095334052
17.653,46.8547280238249,132.196176238893
17.6535,35.6683769934218,133.444205008944
17.654,19.9417062536797,129.781804734694
17.6545,-2.37003308040574,129.013411170327
17.655,-27.656217381417,128.48335210562
17.6555,-52.2460274434788,117.706688728007
17.656,-75.6717769393133,90.5614278360223
17.6565,-93.940969128136,50.4881698139522
17.657,-97.1444387837493,5.72339088375417
17.6575,-81.0323858219823,-36.0436453720357
17.658,-55.4744070311612,-68.7827443836608
17.6585,-34.3567296011009,-88.3742207427301
17.659,-21.624444924665,-94.3461093679549
17.6595,-13.2171155580858,-90.8097629137384
17.66,-7.06162079900678,-84.4193095138913
17.6605,-3.87323370290783,-80.5470010533744
17.661,-2.38989340958712,-80.7464327625051
17.6615,-0.30143218136568,-83.4540752044381
17.662,3.4024958395642,-86.6824517538617
17.6625,10.604465697274,-89.4617798370708
17.663,22.9107046321944,-91.0954570633012
17.6635,35.4858876171303,-90.7194747165173
17.664,40.1724507016429,-88.3025851846203
17.6645,37.9146254227531,-84.7185135995932
17.665,37.7617140589924,-80.3081194307106
17.6655,40.0465526188224,-75.3297113491213
17.666,34.1814270953474,-72.4160678261912
17.6665,18.7081056936297,-75.0636884174557
17.667,6.96687477552487,-81.0294651616096
17.6675,3.95132394082938,-80.6866377074132
17.668,-3.55569820186751,-67.0408020624121
17.6685,-20.1719801363935,-46.2625586968072
17.669,-25.3282387285275,-32.9477738190239
17.6695,-3.55992776904988,-34.1030631326421
17.67,26.0604533257868,-42.2042305831391
17.6705,35.3843682187397,-45.5966545995069
17.671,28.4743256180516,-41.6136690842545
17.6715,30.3140797162005,-36.4629446077173
17.672,44.6390410580328,-34.8862922254029
17.6725,52.9768512311426,-33.9321866521976
17.673,50.3037552316987,-27.2349679798191
17.6735,50.9035534084424,-13.279938891234
17.674,59.2905017213525,2.21923904690676
17.6745,65.4643408527411,12.7973596567278
17.675,73.1820400014661,19.3916191239513
17.6755,104.065073532853,29.730273915725
17.676,161.904642283043,48.582342254597
17.6765,211.783967308749,71.3125989162136
17.677,205.97664897128,89.0888560451545
17.6775,124.757118235989,96.5407252216777
17.678,-3.34483503070839,89.871639024554
17.6785,-111.113319798233,62.2157898300636
17.679,-137.571569391399,10.9818518729381
17.6795,-86.0655894663103,-49.2610063708184
17.68,-24.3963307723943,-91.1424414733389
17.6805,-3.88104829394697,-97.5513000807681
17.681,-2.89673697803238,-75.2928993865253
17.6815,10.0759083772135,-42.0406185385644
17.682,-11.3450453756924,-6.03981948427869
17.6825,-143.190853115722,35.6024705634203
17.683,-358.69876510857,84.3057564919048
17.6835,-524.77372599939,133.805775694752
17.684,-554.110104729225,174.358181568483
17.6845,-490.250437587459,197.685567463601
17.685,-410.246588911121,201.291590484305
17.6855,-318.450023075683,193.258028575339
17.686,-189.945154165073,186.253041301899
17.6865,-49.8740764694132,176.865238352578
17.687,67.0024142881509,137.314450454696
17.6875,187.285727621764,45.0878293675583
17.688,343.591317806637,-77.1536620488547
17.6885,476.893210946754,-168.614290165575
17.689,484.641968608186,-187.356414023079
17.6895,361.154877849751,-149.563136597561
17.69,209.079754044843,-102.509164669207
17.6905,107.494056251399,-69.9986702027275
17.691,47.0513440036261,-40.0534655974992
17.6915,7.18874950931871,0.721733714725418
17.692,11.5039901930157,42.6835243194848
17.6925,66.7908123879418,68.3778625563535
17.693,115.100794559883,75.4701200879314
17.6935,100.547047378565,72.5921590638945
17.694,42.5448052539053,61.5804899487225
17.6945,-2.84100379641797,37.6937998724752
17.695,-20.3344113385515,5.1640914544024
17.6955,-30.6782850601842,-20.6208963073099
17.696,-37.6685158386117,-30.7188040159657
17.6965,-27.4637377639417,-33.9394250212233
17.697,-5.41101433739697,-43.8840379322438
17.6975,7.52119875251772,-59.3868831035153
17.698,7.3436334986028,-66.0350965516358
17.6985,4.066350181104,-56.5013154229934
17.699,-5.50348537584229,-40.839487817138
17.6995,-32.1216005030714,-32.580792015325
17.7,-67.2465343902157,-31.1345047339075
17.7005,-88.2135745021016,-25.6549302533945
17.701,-85.7590205126246,-13.6363988733049
17.7015,-65.0848763794447,-6.09487984397806
17.702,-28.3608001113575,-11.72051895207
17.7025,19.7498848061691,-23.5367536372397
17.703,57.219168911112,-26.9767435812111
17.7035,62.405549056866,-16.7593679742268
17.704,44.1661077581171,0.352273117863891
17.7045,30.5442253931651,16.7329974018965
17.705,29.4453546305523,30.7118762694858
17.7055,23.6129938376703,42.3914965166173
17.706,3.28219668993721,49.5594162118022
17.7065,-20.9705058163672,50.9123341991089
17.707,-41.0986275929428,49.6350564595385
17.7075,-64.2083089070385,50.3686828149021
17.708,-94.4429022279693,53.7109077827845
17.7085,-119.550771826594,55.40435090989
17.709,-123.889572858761,50.2283503841646
17.7095,-103.25946777223,35.9318739778863
17.71,-62.8403984950009,14.3290695630956
17.7105,-12.4555033616759,-10.547948723032
17.711,32.9312014636803,-35.5592501087839
17.7115,60.4982168247922,-59.9968396778983
17.712,71.9242720875621,-84.5173799896452
17.7125,79.1050360604459,-109.687933695876
17.713,86.0361244902071,-135.292241524645
17.7135,85.3924740644414,-158.462650940613
17.714,73.4160201997934,-171.821566172394
17.7145,55.2768497357681,-167.490113355195
17.715,33.5277252301151,-146.148324565888
17.7155,4.78801289372129,-119.081703444714
17.716,-27.5153969440299,-97.2051324444467
17.7165,-49.4655271314933,-80.6202631291776
17.717,-52.2158494968455,-63.5457035886808
17.7175,-42.1343570053834,-46.1242540208393
17.718,-30.3460897629442,-33.5099466802857
17.7185,-20.6014623210565,-24.0266476575457
17.719,-11.8611881621622,-7.44656632303133
17.7195,-4.32587941500194,21.7055745722316
17.72,2.09632987252796,56.192180432392
17.7205,8.366020126829,85.6988581814365
17.721,12.007338574099,108.497549097998
17.7215,9.58910830587616,128.063955225162
17.722,5.83568676011118,142.803024507593
17.7225,11.2051434549247,146.296278766821
17.723,26.7638651174029,136.543744519375
17.7235,40.3313601200406,119.386295167887
17.724,41.7085873671365,102.460049284163
17.7245,33.0100351121249,89.1734085797371
17.725,20.0683254620075,78.4931682342287
17.7255,3.78673261420693,67.9440099641078
17.726,-14.1138988315952,56.9098973752418
17.7265,-26.7121474859606,48.3817285604441
17.727,-31.2271664191853,46.1382492746738
17.7275,-34.8405354441633,49.1029602570641
17.728,-43.0981898505354,51.3171466279491
17.7285,-49.2181070068684,49.5293959182421
17.729,-42.9680337319042,47.2481994045727
17.7295,-24.3205537243077,48.0612975635206
17.73,-0.649950002026777,48.8868957398109
17.7305,23.5921310138773,44.7775735249397
17.731,45.7970896711589,37.060721459985
17.7315,59.0645051037025,30.2990747098253
17.732,57.0730289372444,23.3199897870283
17.7325,43.1495910855826,10.9032263594763
17.733,27.1905275388284,-5.76974331894609
17.7335,15.3547596685982,-18.3612142733435
17.734,7.78695612076219,-23.2735191185333
17.7345,2.24860198994071,-27.3021323582348
17.735,-6.00703946549181,-37.6436429956818
17.7355,-22.7412197780741,-51.8941396519649
17.736,-45.41714849487,-62.6724282897103
17.7365,-59.9477926009546,-67.8858441096481
17.737,-55.1904868741909,-71.0506021150188
17.7375,-37.0370720200169,-74.1794841074684
17.738,-19.9650708907277,-75.9852488676405
17.7385,-8.99426131835951,-76.2367501088116
17.739,0.336649560202584,-76.9253829227552
17.7395,8.31854872748475,-78.5822001529365
17.74,9.70575547480038,-79.0079155272235
17.7405,5.00574967455453,-76.4760928470723
17.741,1.44863312959828,-71.6391241351594
17.7415,1.66793198384354,-65.6792293342245
17.742,1.52022314284132,-58.8413903779092
17.7425,0.28869322380881,-51.4657709718301
17.743,3.0027418762133,-44.402018759177
17.7435,10.5094675896977,-37.3258970608478
17.744,16.5582227026923,-28.0949360044632
17.7445,17.3683174702392,-14.9870923885275
17.745,15.7080808102531,1.00251108996763
17.7455,13.4256910216456,16.6521117702387
17.746,8.91655678209704,28.7467238117847
17.7465,4.60175489232746,35.6683284249755
17.747,7.33492378217678,37.806873401323
17.7475,17.1621425554539,37.1416149349657
17.748,24.5825304364381,35.8095839748925
17.7485,24.2992018108482,34.265661281101
17.749,23.6923558853228,31.1029752102583
17.7495,31.2170812605646,25.367306809885
17.75,42.7961361478721,18.7602671710184
17.7505,46.7291849395647,14.5049208371931
17.751,38.040125960774,13.9623161614067
17.7515,22.0001309991974,15.8642244255248
17.752,6.09241072783186,19.7893325512054
17.7525,-6.93099406373378,28.5142203545399
17.753,-19.7385297653628,44.0882357035375
17.7535,-36.9185075279675,62.0252111184893
17.754,-59.3152079664049,73.1216428797401
17.7545,-81.5574917952411,72.7499775740101
17.755,-97.9987808902791,65.5685603675767
17.7555,-109.675187949306,58.8422487184987
17.756,-120.133662810262,54.0217887807854
17.7565,-125.849321036997,48.3510517105336
17.757,-118.298481565543,41.9087613623605
17.7575,-95.773000859041,37.1226019416466
17.758,-65.8766016253614,31.6198984429278
17.7585,-36.271612827142,18.0438775340314
17.759,-10.6582041638566,-6.3252265489468
17.7595,6.88603111999816,-34.2969261542032
17.76,13.5755496544901,-56.3163673284934
17.7605,14.8124851233148,-69.7800322176734
17.761,19.8195600954492,-77.6524599065007
17.7615,29.7522401474711,-81.65042612628
17.762,39.6297874150442,-81.782855618986
17.7625,50.3887371747298,-80.2815397676588
17.763,66.1016153695828,-80.0035036915064
17.7635,80.7754029728267,-79.0530167626446
17.764,84.4827017724134,-72.3692675958693
17.7645,82.8472916328335,-59.7281729401097
17.765,90.8239268674589,-47.1886752277522
17.7655,104.36345454895,-38.2211977284412
17.766,100.941678896055,-27.7174858043314
17.7665,75.2866568450355,-8.82545238234303
17.767,50.6246838230667,16.5472215750814
17.7675,43.1343059177535,38.2370437670155
17.768,39.5164731093899,48.2864222298239
17.7685,25.2739957739921,47.3608914987189
17.769,11.1566431324151,40.3202370714203
17.7695,11.5588326542307,28.8649727136444
17.77,18.6380525063044,11.2411137473132
17.7705,20.0551598830453,-11.6329916046537
17.771,21.0812841326554,-32.3386535893999
17.7715,25.0370265058908,-40.9809435458596
17.772,15.2628129988962,-33.4519041765857
17.7725,-13.3380934755199,-15.4071901473304
17.773,-28.3416344089543,2.39833353367438
17.7735,-3.76270259011899,12.9762122133141
17.774,29.5484076128323,17.7233002206546
17.7745,23.3530744380059,23.2646601081285
17.775,-10.9382542359904,34.6595832548025
17.7755,-17.2192638966001,51.1966706956285
17.776,15.7481667228022,67.3528806241249
17.7765,35.3704255955044,77.5185495541707
17.777,5.79618883271735,80.886048919863
17.7775,-45.6491521078141,82.0028690794806
17.778,-82.0337459122568,85.3313758523418
17.7785,-107.128798417597,89.1370604962005
17.779,-133.001295630347,86.7019100447084
17.7795,-140.463125406824,74.2900171451685
17.78,-110.283648784831,55.1841072673991
17.7805,-63.8683501343145,33.5365804520694
17.781,-34.3286786664403,6.861706089084
17.7815,-17.3600431709784,-30.526326664984
17.782,14.2137573718526,-76.1111281050537
17.7825,62.3430718038992,-115.396721587054
17.783,102.302974024493,-132.548291925591
17.7835,118.523708611919,-124.2455788396
17.784,115.43121875681,-102.310888125364
17.7845,103.855781356805,-83.6066218691566
17.785,99.5431638864583,-76.9590875850822
17.7855,119.024529759096,-77.3115132258236
17.786,149.774316778508,-71.5374013849595
17.7865,140.720921198979,-51.7288677271482
17.787,56.3529915518738,-23.2402868305089
17.7875,-67.8366834450807,2.56538752622338
17.788,-156.312063068691,23.1626919474543
17.7885,-177.536162545859,47.7561037983223
17.789,-170.789144341415,83.4628856512398
17.7895,-193.059008204901,123.699091889532
17.79,-264.456246461188,154.308324995608
17.7905,-360.589777007092,166.507507327288
17.791,-430.006961332534,157.89467127705
17.7915,-420.618647894442,125.325338204373
17.792,-318.414249760481,67.3154410368932
17.7925,-166.711484752845,-5.07544941544597
17.793,-29.2876048074158,-68.351106909528
17.7935,64.6313967599181,-102.524204236866
17.794,123.91990113657,-104.207715744936
17.7945,159.347041692592,-83.9460631841175
17.795,175.557017359275,-56.8509618287819
17.7955,191.122703556847,-36.8468994301236
17.796,226.76587195561,-31.1677699125362
17.7965,267.926725711165,-34.490054065291
17.797,273.210676547305,-33.7305112251813
17.7975,229.653909448848,-23.6304602091222
17.798,169.988340512533,-12.2271079444116
17.7985,126.377609514236,-5.99086822323933
17.799,98.052944631819,2.81822740231715
17.7995,76.1660091774888,24.590158704054
17.8,67.5063195558164,53.2047366710936
17.8005,73.9523767805006,70.0173780795342
17.801,76.004143664765,65.9980679760829
17.8015,59.6613716866888,49.3309417407747
17.802,38.8081857453037,30.4445353929075
17.8025,30.162170640485,10.3140528480429
17.803,25.6280819798958,-13.2205494108073
17.8035,10.9178883190828,-37.373175220593
17.804,-6.67463758497765,-58.2831658825199
17.8045,-12.6668489476902,-76.0231310418426
17.805,-12.8768449749516,-90.4590664028287
17.8055,-22.5776672454789,-97.8582534141969
17.806,-39.0470744238053,-96.5137397051542
17.8065,-47.7760878062458,-90.3789115565143
17.807,-47.8525149438388,-82.3543062087322
17.8075,-49.649239700239,-69.5753731973099
17.808,-53.4131197548417,-50.7602487142783
17.8085,-50.1847680644649,-32.4301317949583
17.809,-39.3804731774289,-20.9208581943113
17.8095,-27.3741441611843,-12.9865862171642
17.81,-13.1824550252182,-1.92606037750233
17.8105,6.98888584474158,11.064642408913
17.811,25.1914736309124,20.2290648909807
17.8115,29.0061766849949,26.7219558063047
17.812,20.3887368859658,36.7859192856726
17.8125,11.741062535037,49.5450244141854
17.813,6.98661172090622,56.9599773456766
17.8135,1.92379035195288,57.1412150344528
17.814,-1.70391690173056,57.8338972041501
17.8145,-0.504303555999422,63.61061886662
17.815,-4.49926403906269,68.6636258917615
17.8155,-28.2489087122084,66.8873544681809
17.816,-66.06522323692,60.9576457575877
17.8165,-93.576281699535,55.4530547345826
17.817,-96.7877100254209,48.2852414452576
17.8175,-85.1382587385864,36.8635599509639
17.818,-73.9988345904955,27.3556285733232
17.8185,-68.721917787938,28.2087357164938
17.819,-68.4889735626114,36.4613669112173
17.8195,-71.8493693404594,39.7160457614362
17.82,-73.9614836720576,32.5000914844997
17.8205,-68.7605209066791,22.8798312916307
17.821,-56.3029319693784,20.3020014066294
17.8215,-39.4408068849658,23.2095890203549
17.822,-15.507000493946,22.8079941100023
17.8225,16.3203951201882,14.8206701675996
17.823,42.0569448756583,2.46965033981256
17.8235,43.87106789657,-10.5131732120098
17.824,25.2241386721056,-24.8485401720879
17.8245,8.95093519435716,-42.3233922126426
17.825,7.51416804897769,-60.1229822752668
17.8255,11.2683304603243,-71.2086283538108
17.826,10.0666951338054,-70.6601703703915
17.8265,8.91163293559781,-60.2261596178826
17.827,14.4648967169223,-45.5947434850166
17.8275,22.0240889355052,-30.4997939600248
17.828,26.4961015439223,-15.8155612021206
17.8285,33.8599276840613,-3.50343652177513
17.829,50.975020518972,3.12212157934519
17.8295,73.5264461015151,5.02015652344565
17.83,92.8633117832862,9.0967171057762
17.8305,105.388444279065,20.0606000165555
17.831,107.476436153292,33.11619117833
17.8315,92.3109572251288,39.3827623872433
17.832,61.9830967896755,36.5854253897577
17.8325,33.0709284929932,28.6446219323414
17.833,19.1512522046548,16.0143603710867
17.8335,15.2676550315569,-5.36840907910073
17.834,9.12349629821398,-33.178820446798
17.8345,-1.13266838026043,-54.683318614231
17.835,-10.8403206919906,-59.887535396123
17.8355,-21.067758795273,-54.4152417451379
17.836,-33.2263124096737,-52.7927785431747
17.8365,-38.1782946252987,-61.1922180396347
17.837,-25.4727390303105,-73.1759855273747
17.8375,-0.240917768976688,-81.2718352953171
17.838,21.7939765049808,-85.2026772160957
17.8385,32.9974447762232,-86.6320062915755
17.839,35.220572990681,-82.0826489743055
17.8395,26.9478154105291,-66.0887502673758
17.84,5.16802688084043,-39.2812940995401
17.8405,-20.4184552546233,-9.68959697423631
17.841,-32.1669567176471,13.5689138368438
17.8415,-28.1580263856277,26.1778815578563
17.842,-26.8793728710494,29.5938177326755
17.8425,-41.6725287645653,29.0132453894956
17.843,-63.6282171036538,30.8657567526042
17.8435,-79.6847069901909,40.121934074306
17.844,-95.7758560931909,57.3147229885593
17.8445,-125.126019259585,76.766338174848
17.845,-156.517162482699,89.0424272109188
17.8455,-152.740653008956,88.4990168877034
17.846,-90.5567097404966,79.6572357061884
17.8465,5.92377378979945,73.0732544684599
17.847,83.376914911581,72.6074880754172
17.8475,110.231475645421,70.3349380062521
17.848,100.824472517455,58.1763560258266
17.8485,88.7004700881825,40.6365040482784
17.849,88.8360462246502,28.5693203998623
17.8495,94.1660040391422,22.6372827726468
17.85,96.6734936639877,14.0426329466066
17.8505,93.4796154014152,4.00509178796316
17.851,75.6190722070447,9.91377044385091
17.8515,32.1107341529042,42.7279461734204
17.852,-28.5785504852932,86.8163922589298
17.8525,-78.1348749346894,115.177978520807
17.853,-98.8980216959313,121.240077713612
17.8535,-100.981178627362,122.077772501259
17.854,-99.8851156831684,129.880545247455
17.8545,-93.3966907537473,134.649406371169
17.855,-75.0924651649583,120.980974541507
17.8555,-54.7274951152176,89.7784497538404
17.856,-43.4837891053217,53.0091508220183
17.8565,-29.1967444652686,14.8777579960866
17.857,8.49412120138889,-28.9785305508792
17.8575,61.4947170420343,-76.1735529668669
17.858,96.7550521790012,-114.28824923672
17.8585,99.2371571624723,-135.88572759277
17.859,89.4400197897341,-147.808972012936
17.8595,92.1203537548438,-160.818403178924
17.86,106.321052612599,-176.200998956653
17.8605,113.169084318956,-187.894754116796
17.861,96.4687347270414,-193.251412741402
17.8615,49.595976751576,-195.137737758034
17.862,-19.6255648891354,-195.064015889782
17.8625,-82.8493599633183,-190.462217499321
17.863,-108.870678821527,-179.673828905519
17.8635,-98.2392408161121,-164.952422661045
17.864,-82.9339382804837,-148.092517199416
17.8645,-81.5198988899453,-125.758441317903
17.865,-76.5923915875189,-92.1926402056608
17.8655,-52.3070262161244,-46.7327733289903
17.866,-28.2037122461127,1.89092450618073
17.8665,-26.4966872820203,38.3928433638993
17.867,-25.387260462889,49.2547254946412
17.8675,14.0168206218833,32.1836207682475
17.868,78.0680606880385,0.270143442867113
17.8685,100.726797729137,-24.7695803436083
17.869,46.6557310908363,-27.23753265471
17.8695,-39.3995603060419,-7.004443424585
17.87,-87.6136504631246,25.5962980278698
17.8705,-82.3775264123275,62.6091386143725
17.871,-60.386596106411,103.205593964597
17.8715,-47.6686069825945,146.264398426211
17.872,-32.7659060608748,183.344970738784
17.8725,-0.569024617850765,202.926124650287
17.873,38.9666582242796,200.189213532609
17.8735,67.9396922141462,179.573880400244
17.874,85.6284313130351,148.551541021199
17.8745,100.068651164064,112.460782862561
17.875,106.392808165207,76.0696742575875
17.8755,91.7579819076713,46.3373468746735
17.876,58.6250931810808,29.5121401887869
17.8765,27.0346770990109,24.8065801679233
17.877,11.3574605135402,23.0722125669597
17.8775,7.62585548892946,14.1634582669843
17.878,8.20949874083576,-3.473735319226
17.8785,15.5306908561044,-21.4536581510452
17.879,31.1956325470053,-30.7216785687246
17.8795,42.7347532044662,-31.2197813510603
17.88,37.2181650259976,-30.4064917757775
17.8805,23.0340515326433,-33.0130262431858
17.881,19.7821863100173,-35.8480336220605
17.8815,25.9989132960055,-33.7554577545202
17.882,17.2005422955502,-26.9953031003028
17.8825,-15.8183303517776,-19.9244802398905
17.883,-45.6990944726479,-14.7953686025782
17.8835,-41.7090993267185,-9.77861299515311
17.884,-11.8541262404775,-1.33823012716924
17.8845,7.57147811627987,13.7414818880524
17.885,-1.34663157297211,36.0088432784683
17.8855,-21.5412113778424,60.1378689974598
17.886,-30.3099893011508,77.6393571723929
17.8865,-26.7713644968851,87.0884706668797
17.887,-26.4416638720377,97.6042769168019
17.8875,-44.0421052601609,115.763499739778
17.888,-86.2433899635743,133.093401425577
17.8885,-145.223103600415,135.956713589468
17.889,-190.145108000224,125.037648420046
17.8895,-178.894720382517,111.604231340189
17.89,-93.6144892723773,93.0185462749644
17.8905,37.6567419086648,48.6027783283475
17.891,160.729424339856,-29.7014841830536
17.8915,231.967937629021,-114.555206965032
17.892,234.588363400229,-166.138943716739
17.8925,175.481434024994,-173.165389948747
17.893,82.5125938235182,-158.142582502559
17.8935,-1.8835284983366,-145.392685466659
17.894,-44.5403322975061,-138.849933650771
17.8945,-46.4953443387885,-132.222531175008
17.895,-38.1655944856644,-125.254437736325
17.8955,-47.8339602287203,-121.80033619678
17.896,-78.7597920709465,-120.880196645114
17.8965,-114.196527937063,-117.77003128346
17.897,-135.870182298051,-109.672666356376
17.8975,-136.765542592851,-96.1529243515405
17.898,-123.843931447939,-79.1913541371086
17.8985,-111.365710813416,-66.0101982274397
17.899,-107.031709274643,-64.8304345810365
17.8995,-103.440462275632,-72.9775352646183
17.9,-87.1294940730657,-76.0737445011024
17.9005,-55.2947039821613,-64.9780517311299
17.901,-17.8620580662626,-46.7197494507407
17.9015,16.1922812692988,-31.3625822231178
17.902,46.5988732104778,-15.2028558002797
17.9025,74.5212211529541,12.2209377004688
17.903,96.3680619837461,48.7138841529464
17.9035,109.732488081551,79.2634649048985
17.904,118.625741228425,94.6211587648014
17.9045,126.24564875975,98.8592518746533
17.905,127.378499933506,97.6885550506296
17.9055,115.647677555581,91.0464424818193
17.906,95.6927726387593,81.076324657521
17.9065,79.694403449909,76.4148404126477
17.907,71.5830588837336,81.0299473918463
17.9075,62.9784343483968,85.9090782042718
17.908,47.6369457979966,79.6086297930461
17.9085,31.5542361678344,62.8863841650411
17.909,21.2856890556087,46.5202481922413
17.9095,7.84442177812769,38.0940138391679
17.91,-25.9499432938487,36.9116383203154
17.9105,-80.8050763122452,39.1035835931924
17.911,-134.275850359606,41.5889525810598
17.9115,-164.014310606291,42.2757702080408
17.912,-168.786476775865,41.2775136516858
17.9125,-159.176371596869,41.3160761832692
17.913,-138.031721594874,43.9634428548142
17.9135,-104.604411520212,47.3514570225384
17.914,-70.6534339212426,49.5699418921686
17.9145,-50.1074134748485,49.8579276288224
17.915,-30.1379828164816,43.0981502377118
17.9155,23.7726931713877,19.857195007772
17.916,120.212355248236,-20.4651239538695
17.9165,216.625493933386,-61.2155692140718
17.917,260.105493431167,-82.7036530848418
17.9175,242.884803294546,-82.9433020296587
17.918,199.983304228145,-75.5748656092921
17.9185,162.844896000708,-69.4149170286461
17.919,138.370555912521,-61.0451259682459
17.9195,126.670344829214,-47.7141530156975
17.92,129.065003566896,-35.0556597767424
17.9205,132.256619143174,-27.4556269832118
17.921,110.076692034092,-20.7161912891246
17.9215,54.2933512914923,-10.3079068633234
17.922,-12.8415883819103,0.487659662164416
17.9225,-67.0400441210764,6.00242290991168
17.923,-106.615260016991,5.10546908131821
17.9235,-138.283739161211,-1.64023654051216
17.924,-157.074916169415,-13.7419774965876
17.9245,-157.358668177229,-23.9846783883537
17.925,-149.867593503006,-18.4459916961217
17.9255,-148.41250398557,8.13801832665886
17.926,-148.470497532091,43.1221637497498
17.9265,-137.01508526351,70.2912544028818
17.927,-116.53233980518,87.5165462699858
17.9275,-100.821617607404,101.019465460586
17.928,-91.7458076596019,107.979806789683
17.9285,-78.7717374279629,96.9770066205105
17.929,-59.2941597228686,63.9320666290177
17.9295,-41.2177175312306,17.1213242234029
17.93,-25.3505025939232,-32.978211620293
17.9305,-2.62774410224138,-79.6177396725281
17.931,28.670619573435,-116.703178437747
17.9315,57.8555350777763,-139.927118720419
17.932,76.6309673090483,-151.915664107918
17.9325,85.6595123679745,-158.288751134239
17.933,84.9515038093297,-158.742664413897
17.9335,72.5909359244092,-149.616153910381
17.934,56.5065084205858,-133.162741644156
17.9345,52.6048742156039,-114.137756139113
17.935,63.837378155159,-88.658147347772
17.9355,70.8693243749,-48.6548103908915
17.936,49.4301856589034,1.90475239721049
17.9365,-8.36547931423274,47.6028968641341
17.937,-88.4947753441826,80.2260119552848
17.9375,-161.255825324326,104.538298773228
17.938,-196.682505291535,123.763814192107
17.9385,-188.414184955354,134.01941037746
17.939,-161.014037827295,137.312682560564
17.9395,-138.968824906221,144.137679848253
17.94,-112.850273700371,155.88551272881
17.9405,-56.9415549171807,160.322363768327
17.941,24.2349346250692,153.392601076344
17.9415,97.9110737493433,147.84977429682
17.942,154.773515008459,146.694785116902
17.9425,220.7785829757,126.630624276372
17.943,299.900905487898,70.0638849344967
17.9435,341.961441100837,1.33417287142087
17.944,300.534350566569,-35.018780168872
17.9445,198.703429628429,-28.2707530632011
17.945,100.574164579563,-10.4071749836656
17.9455,32.944977457249,-12.6781638371757
17.946,-26.6060440440637,-37.3067098700111
17.9465,-93.4989323351772,-73.7524246259374
17.947,-150.784342556335,-115.995518400131
17.9475,-182.078784918994,-153.610546112237
17.948,-190.327223380258,-169.330424056877
17.9485,-173.553735888616,-161.958706988819
17.949,-117.839609351945,-155.075717065611
17.9495,-32.7277459918886,-165.618825507239
17.95,35.5669166885122,-176.415800478133
17.9505,50.7043020378603,-158.521665504884
17.951,28.2016324545444,-112.34092501631
17.9515,10.1052349902746,-66.9543142299685
17.952,12.6217491475812,-41.9156768891596
17.9525,20.110122037776,-28.349155638552
17.953,19.1868817232923,-9.16489028373379
17.9535,14.2435234053914,18.7973650611729
17.954,11.7566372339957,48.6394224168933
17.9545,9.49868915776005,76.5924126170286
17.955,4.49523697306651,102.16983318241
17.9555,-0.760814180848975,121.422667732465
17.956,-2.36355900194598,128.346690416892
17.9565,2.16368285509606,122.270291853827
17.957,13.4495716692386,110.148998357041
17.9575,25.5752014945815,101.362106788144
17.958,26.0521596658803,100.376154405764
17.9585,9.98569458633268,102.937762187005
17.959,-9.3108966611476,99.6306893743778
17.9595,-14.4383698229302,84.9498177932027
17.96,-6.21930772188365,62.4060174938346
17.9605,-0.7468228248773,39.5403478024906
17.961,-5.65769948633505,20.2601041467827
17.9615,-12.1115488587952,4.71610508835603
17.962,-11.9974466362976,-6.12220260671467
17.9625,-10.2489320414262,-10.5257791717768
17.963,-14.3365650291086,-9.82991985508846
17.9635,-21.6066057938506,-8.38669965501501
17.964,-24.9552102664289,-10.2256795449543
17.9645,-24.4697244622914,-18.4554423780267
17.965,-25.3551639629626,-35.7663800096872
17.9655,-28.5608380947729,-61.0660299236395
17.966,-31.577087759681,-86.9039818126325
17.9665,-36.100775507453,-104.97646822213
17.967,-46.0914833763946,-113.671812476664
17.9675,-57.7063112991053,-115.978412341336
17.968,-59.8986376372894,-111.237734340517
17.9685,-49.3527069868282,-94.957109360186
17.969,-38.1760402882576,-67.475339261921
17.9695,-39.2487561531523,-37.0647974543122
17.97,-46.8327962031487,-11.7258477242561
17.9705,-40.7654096793071,8.5508652854052
17.971,-11.7611246567521,28.6884194210155
17.9715,25.1869293780572,49.5721053654101
17.972,47.7130894703116,64.2256427318675
17.9725,51.0525296083906,63.1497717094857
17.973,49.45814878747,44.4688912038117
17.9735,55.8557200704715,19.4075223796741
17.974,68.1079135576629,4.8301336553737
17.9745,75.5714008720154,7.62776864078842
17.975,72.043879325476,19.0202198991796
17.9755,60.0101960357594,27.0727731504863
17.976,47.4617538423799,30.4600537239112
17.9765,42.8098519118059,34.4942883871032
17.977,48.1493653947128,38.376487493904
17.9775,55.0678766205878,35.9159311002068
17.978,51.583891946109,27.6399753324416
17.9785,35.9809604033929,21.9341838562893
17.979,19.7700403867886,22.2737797507589
17.9795,14.6196320101589,22.4586066996731
17.98,21.0377967530822,17.7911793791981
17.9805,32.556079627591,12.3808454868346
17.981,44.6371322947093,10.5556346565419
17.9815,53.7002517047895,8.72697622653735
17.982,52.761824508276,2.00343500200211
17.9825,36.9081883793719,-7.25055129110234
17.983,12.2038814630367,-14.1956576463077
17.9835,-7.99809368284901,-19.992461312451
17.984,-16.352997446921,-28.4546462789742
17.9845,-16.1274014896953,-37.773749144443
17.985,-12.9744430451979,-42.6857445675798
17.9855,-8.4208971985744,-42.8857687981635
17.986,-2.72933081922103,-43.0007011379506
17.9865,2.08537011631163,-45.3740116624266
17.987,5.6146068711423,-48.0937751079336
17.9875,11.178125898318,-48.9114439328596
17.988,20.5247393152931,-46.4233345796702
17.9885,28.7419251341302,-39.0298415804417
17.989,28.318577320325,-27.6076651291027
17.9895,18.0750124120062,-17.6699313213551
17.99,6.0837399315933,-13.9450690581373
17.9905,3.08961863649065,-14.0661007416935
17.991,11.5930956870094,-12.0242634112275
17.9915,18.8578124538362,-5.91205285382647
17.992,2.30046628476027,2.42696865477947
17.9925,-51.6094027810732,12.4899777642993
17.993,-130.888389619556,23.4959409422744
17.9935,-205.654279248095,30.1804411380533
17.994,-256.145073127683,28.0881007918001
17.9945,-287.681436004689,22.3087881716671
17.995,-312.648911596438,23.3039395413759
17.9955,-326.475632753616,34.3371245510317
17.996,-315.160614336842,50.6187811735481
17.9965,-282.172447709282,69.4786797422531
17.997,-246.735259735639,90.4771584127358
17.9975,-208.431160461242,104.697478233087
17.998,-135.434161285987,97.9526194198842
17.9985,-9.90399218186319,71.3158087727886
17.999,125.25396230143,46.1543617546566
17.9995,193.366261972471,38.0714946670665
18,164.454527630072,35.2157494390105
18.0005,89.808519477278,15.7582691509119
18.001,46.7039459401831,-19.4173278990469
18.0015,63.8502469896582,-47.3233613592149
18.002,113.172456663344,-54.5310981785188
18.0025,159.856126955736,-51.6964309177427
18.003,198.888412557286,-52.8287369226528
18.0035,244.8602172245,-55.5077711177771
18.004,304.243225160567,-51.0119363774287
18.0045,363.218613423006,-42.920103492327
18.005,394.207752515665,-42.8131056404603
18.0055,373.422817184654,-52.0136058234959
18.006,301.349651185787,-58.8249033374838
18.0065,207.930915657702,-53.2727212290121
18.007,129.881886398367,-36.8794233608711
18.0075,81.0747513884207,-18.5410671732949
18.008,49.8359272852574,-6.88943686167448
18.0085,20.6460754314998,-4.69309172224356
18.009,-13.301467748177,-3.96518346641151
18.0095,-56.3430477444977,10.4585525770499
18.01,-111.280834613964,43.2157227000326
18.0105,-167.593832349238,76.3088606507423
18.011,-202.221095797818,86.6311420581492
18.0115,-201.528184100881,76.3547253357133
18.012,-174.326915511581,72.1486447644718
18.0125,-137.324908933283,89.4272273635448
18.013,-98.0635808226654,111.46260012431
18.0135,-58.347282222201,113.127145134792
18.014,-20.4679513171792,92.2070232957349
18.0145,21.1511150770974,63.3341338743427
18.015,79.7537823895021,31.5495434080307
18.0155,149.523182982082,-8.90701183678239
18.016,190.037786442864,-53.5274128381541
18.0165,162.161367174731,-85.7539531411314
18.017,78.4873035809851,-99.8017385540807
18.0175,-4.52328818184966,-109.111112823858
18.018,-48.3079278072771,-126.137260014086
18.0185,-65.3023042798818,-146.666466899136
18.019,-84.7814963097593,-160.302562235502
18.0195,-110.122978413189,-164.3347255834
18.02,-126.985652611559,-159.619106796244
18.0205,-135.952287833512,-143.40080406294
18.021,-152.15715481298,-114.954984478334
18.0215,-177.076082226445,-80.0289072701716
18.022,-192.080566068591,-42.1792170990823
18.0225,-183.078431491124,1.69195405034413
18.023,-156.785634589354,49.7047535412794
18.0235,-128.183574565664,88.8036567612765
18.024,-103.316490420179,109.948247842396
18.0245,-80.2175700559675,120.47285375773
18.025,-58.5066280527658,130.18614522212
18.0255,-41.0816251107653,133.75928031837
18.026,-29.5745901814829,120.558845746049
18.0265,-22.1790274707047,95.6645906124643
18.027,-14.7147559668717,75.89997265576
18.0275,-3.57920870603516,67.4273940427234
18.028,9.73915764890503,60.6121966961507
18.0285,18.4361408029788,45.7254760095022
18.029,19.1971792177535,22.0073307434917
18.0295,19.6832751444158,-6.80198196000803
18.03,30.8456761753933,-34.2736631777362
18.0305,52.267812509973,-51.279740293513
18.031,72.4439708017802,-56.0592793927199
18.0315,84.1060201827385,-60.2237705780003
18.032,91.0129878301346,-71.2211310117187
18.0325,97.597672027867,-75.3126021298775
18.033,101.130302754557,-57.8484115814278
18.0335,98.9559637686922,-36.4258889342889
18.034,95.2695472963451,-47.1956874966079
18.0345,93.8792031282425,-93.0783599038543
18.035,90.6397080312845,-131.765649680758
18.0355,80.646533680586,-127.31046219922
18.036,67.7587135788447,-90.6374934255251
18.0365,58.4277730015583,-52.8075875522211
18.037,49.7986734526924,-20.1639299789167
18.0375,33.9032835990846,19.918957329739
18.038,13.2404930261171,63.4962401146604
18.0385,2.7529959847754,88.8239885517956
18.039,12.8397717864226,87.5325101020755
18.0395,35.4765695362904,73.9466302473018
18.04,50.4978663130536,62.4036233727779
18.0405,44.1967107733788,54.2461641436367
18.041,21.49018115996,49.5638999931167
18.0415,0.985165202627722,54.2297381821159
18.042,-3.26893731931142,69.497023697192
18.0425,3.96726717503614,87.4751819728042
18.043,6.14046303491974,102.262785492916
18.0435,-3.6212324039882,115.408446695976
18.044,-15.6202193033979,126.474514023651
18.0445,-21.7207411394921,128.359702250015
18.045,-29.644197404454,116.972380577286
18.0455,-48.735550660908,97.3881772270169
18.046,-70.0222096001084,75.8047148142846
18.0465,-75.8212973089217,52.2755354848508
18.047,-65.3256353860429,25.5939843727744
18.0475,-53.6545200393374,-0.538296370692712
18.048,-45.8547045250168,-20.2455940598777
18.0485,-30.645083562515,-30.4608768095797
18.049,-4.53428593519419,-31.6481385269958
18.0495,16.6435404191951,-28.0852889416078
18.05,20.0440682916684,-27.5717797407178
18.0505,13.5960509725542,-34.667606180617
18.051,8.90251419492595,-43.6616407231874
18.0515,0.44912476929785,-45.0957669217465
18.052,-22.2223771416389,-39.9966231864747
18.0525,-52.1578957434215,-39.5149138305827
18.053,-72.5087691010884,-48.2530885645398
18.0535,-79.6299530872431,-56.5034205829399
18.054,-81.2266429130642,-53.3318134707006
18.0545,-76.8633264428326,-39.9739615812053
18.055,-59.6910925530002,-24.9626870754638
18.0555,-35.0863570906854,-12.515707662717
18.056,-16.419758536771,-2.59045811115174
18.0565,-0.495557340015026,1.97423596214797
18.057,31.0058071068803,-3.86809130351115
18.0575,78.6720137672698,-20.1716954819259
18.058,114.504444939153,-40.4891053771668
18.0585,116.06441180727,-57.7944112204167
18.059,94.9694452537668,-69.1513994851573
18.0595,77.0434141598521,-74.9955266978326
18.06,68.236006542308,-76.4620424150376
18.0605,57.7484943305439,-74.2625100229633
18.061,44.1949146845261,-69.6427917750526
18.0615,37.2111977569833,-65.553833063278
18.062,36.4557527129626,-64.7314606619776
18.0625,29.2361064282097,-65.4192362701818
18.063,11.1316646028996,-62.0193743850549
18.0635,-7.59461970068596,-53.1149842665958
18.064,-19.9960034562624,-45.6687525232206
18.0645,-31.8604611113809,-46.2684109373303
18.065,-47.0749784234305,-50.7553503333756
18.0655,-56.8090416789265,-48.8740128607363
18.066,-52.0859447298684,-37.6336876114372
18.0665,-37.700682588064,-23.0573039617498
18.067,-25.0380908138514,-9.76283546475142
18.0675,-18.4477916290134,3.00718352317635
18.068,-16.6180387182202,14.8936022532479
18.0685,-20.0587425101463,23.0318876009326
18.069,-27.8027973598513,29.1768252093665
18.0695,-32.3737650045598,39.7028171704341
18.07,-28.0924592905611,55.4384137487558
18.0705,-20.5226414604963,69.1758928409645
18.071,-17.907981471293,76.0822004140682
18.0715,-16.4903662994968,78.1689582681243
18.072,-4.83922709206467,75.0894759275288
18.0725,19.1027768522143,60.5548550758413
18.073,45.567769155142,34.4627482763164
18.0735,65.4262995271073,9.97766001302142
18.074,73.4211331313704,0.160328658689969
18.0745,61.5077647429181,3.55131152458875
18.075,25.8586910717083,10.4390369429941
18.0755,-16.5404454863707,17.0805091908733
18.076,-36.4987226719359,24.9855078943284
18.0765,-27.2753517416119,31.6832910584904
18.077,-15.7299533987343,32.8530763792396
18.0775,-27.6412047025466,31.2768670128073
18.078,-56.7701739672128,34.1528422984618
18.0785,-82.9574791005122,42.3238672453301
18.079,-104.220637221303,50.1597193922955
18.0795,-126.442864696894,55.2186103431707
18.08,-132.344713593857,59.9379040902574
18.0805,-94.4607560345002,63.7011413415957
18.081,-22.589590912111,61.1629778672181
18.0815,32.9256516489155,50.3208241096312
18.082,39.100958260834,36.3537580926659
18.0825,17.4401593144962,25.4451532739433
18.083,6.53044274929266,18.9233763061255
18.0835,9.37088212555679,14.6113143784765
18.084,0.918275866481984,10.4450266863142
18.0845,-28.0093456116613,5.96229384415522
18.085,-61.9391758041615,2.60966527369544
18.0855,-87.7404274506468,2.29989083678443
18.086,-102.465302326142,4.19802905936383
18.0865,-96.2374168411108,5.43066623962386
18.087,-56.0566419721768,7.07134116728989
18.0875,6.54214495039953,14.6436738766371
18.088,55.4478647660385,27.7616243205141
18.0885,68.8757903057523,34.197192214552
18.089,61.0886931209058,22.6874976987363
18.0895,56.5835088805585,0.0580652756386271
18.09,62.4844040501737,-13.2681779216531
18.0905,80.5048627551875,-6.91707031467953
18.091,126.181732518794,6.29571885393543
18.0915,210.303149493655,3.96915917009292
18.092,306.682653289655,-21.7016601863889
18.0925,361.893377488027,-54.7518880794946
18.093,343.111998310155,-69.7232955739399
18.0935,265.7222679064,-56.4290585560087
18.094,172.128735212048,-31.4947563808756
18.0945,93.3781186192752,-22.4999060628016
18.095,33.6354213897637,-39.9618050449068
18.0955,-17.3655505265495,-70.0258567020094
18.096,-63.8850384945665,-95.2163280079854
18.0965,-96.3940269337606,-112.08377967031
18.097,-103.798182620901,-122.753816306638
18.0975,-90.7838347156181,-120.958407800588
18.098,-74.8525439719423,-99.3134060354105
18.0985,-63.6415968998335,-63.6373085153139
18.099,-46.4685348228387,-26.343288663019
18.0995,-16.5604133488867,10.109981242737
18.1,10.1342826860486,49.4584993144078
18.1005,12.9995555344184,85.2207526592561
18.101,-4.56771139973652,104.148435957969
18.1015,-22.8152619077911,105.29980875604
18.102,-37.6827591856768,99.6085292937127
18.1025,-63.5964208550391,89.7198376774069
18.103,-102.686683890087,67.3180824222488
18.1035,-134.54026073553,33.6112189002382
18.104,-146.475201639297,4.68909337079026
18.1045,-153.765140481322,-10.0594098196847
18.105,-173.581587181617,-18.6365448193854
18.1055,-193.915240527534,-28.0502437569589
18.106,-189.515215129646,-32.0373075506771
18.1065,-161.698274614177,-27.452732188793
18.107,-139.811519907379,-26.3131396958499
18.1075,-140.377262892638,-37.2129949285341
18.108,-142.391011659042,-48.8803190590235
18.1085,-112.028590203314,-49.3721291467362
18.109,-42.4478043910225,-50.7056224735278
18.1095,39.2354652515325,-74.9478655052461
18.11,99.46426877626,-121.540699274405
18.1105,125.035253335557,-166.263702439828
18.111,123.96994151472,-188.988866789854
18.1115,107.676237717349,-185.82236532409
18.112,78.965970924289,-157.589962584212
18.1125,38.9439616358397,-106.316125933753
18.113,-0.418117303900333,-45.1667218872292
18.1135,-20.1854512227327,5.91497871756464
18.114,-13.6714730564468,40.3762547245604
18.1145,5.13119619245008,68.2832117188443
18.115,17.147102168221,95.7582582716748
18.1155,16.9349413257535,114.607074748297
18.116,10.8089102604928,117.952920083074
18.1165,2.78850276513052,113.643031788804
18.117,-8.53208222421693,114.092749602641
18.1175,-21.8347156744775,121.87459603736
18.118,-30.5679428848267,132.433001282493
18.1185,-28.5378419781813,142.712629265606
18.119,-12.591956134137,149.43810109645
18.1195,17.3423197153301,145.777383744686
18.12,53.7032384930354,127.901943099405
18.1205,80.5905553373679,100.558209037594
18.121,88.2920640529094,70.1547252733512
18.1215,87.3984722684966,37.390615841761
18.122,96.9614755979803,3.02463787226341
18.1225,117.773020982963,-24.4433058602176
18.123,129.705360741883,-35.2623108177041
18.1235,118.852487142329,-30.1844802559442
18.124,94.6809831017523,-18.7127621871591
18.1245,73.9815003655619,-7.60208806427315
18.125,59.7437529698794,1.95442736081417
18.1255,45.3556624613531,7.38979294704289
18.126,29.8216262141861,3.83792567688136
18.1265,16.7283741402425,-7.62356279815839
18.127,4.37927970877739,-17.6059896609847
18.1275,-10.6174791647857,-18.6919354670665
18.128,-23.2603106274716,-14.3528408198975
18.1285,-25.1672179225409,-13.3108962228238
18.129,-17.9238198792009,-17.3600915790994
18.1295,-10.7681603743953,-19.9656848839527
18.13,-6.28253313883756,-17.0562286461372
18.1305,0.29439812146333,-13.8625358864256
18.131,7.52744072934751,-17.6026104827627
18.1315,6.11195444850555,-26.5384204927353
18.132,-5.79265870540861,-31.3465528186844
18.1325,-16.6081293914949,-26.7435813275231
18.133,-16.4182926540105,-16.7161421329329
18.1335,-9.3050792814984,-7.41476165143082
18.134,-4.55506949027907,-0.175489955661602
18.1345,-3.46473714451335,5.88844831802957
18.135,-2.39399303975581,9.43449906828488
18.1355,-2.53417032731764,9.37717317986336
18.136,-7.57003098793002,8.27262532519813
18.1365,-15.1435603765108,8.62752469739966
18.137,-19.5536099098462,8.52075519088397
18.1375,-21.7623076823662,5.23706103346196
18.138,-28.6100829019733,0.384406690766809
18.1385,-41.4587078973691,-3.50519003492779
18.139,-52.7454128834829,-8.62587462959187
18.1395,-56.3173866088142,-18.2904883288152
18.14,-56.030994920692,-29.7452866121933
18.1405,-60.681566185099,-36.8377010464471
18.141,-73.1690696959587,-38.56842719554
18.1415,-87.5298702684544,-38.818978553516
18.142,-95.3358713003425,-38.6935419106788
18.1425,-92.9717132734765,-35.7681032546894
18.143,-83.1319349128292,-30.3651056817026
18.1435,-70.5669039605339,-25.5603258560398
18.144,-56.7776780970923,-20.7133984639864
18.1445,-39.0682373266443,-11.8951277922296
18.145,-15.0232123365299,0.459519517378625
18.1455,12.7883896259626,10.8926587173925
18.146,37.6057431161324,16.6058318580946
18.1465,53.7553613154763,19.0290420428433
18.147,59.9664410467736,17.2925027716599
18.1475,57.1005496806142,8.42227144585184
18.148,44.1862018377562,-3.91557635305799
18.1485,19.6621626621441,-9.61809965458386
18.149,-11.7646021013551,-5.48118466301444
18.1495,-36.3495842829224,-1.14634151323602
18.15,-41.2446108926758,-6.53399552873789
18.1505,-28.5748506667306,-19.0229673471037
18.151,-13.5521669032637,-28.3047777508141
18.1515,-4.56176227632757,-29.2486786286187
18.152,8.12301634691078,-24.797858987627
18.1525,35.6688094244762,-19.8369751550569
18.153,68.6509875469873,-17.0554315609498
18.1535,85.3667863963628,-16.3389715306972
18.154,81.8546970370586,-14.6180246883363
18.1545,78.1857577618159,-8.54477950043591
18.155,88.9132947461173,0.48028763487653
18.1555,101.159058196565,6.87825297869482
18.156,92.9679113109906,7.82404595433837
18.1565,63.2903888177669,5.57252127205752
18.157,30.4001551862208,1.74509645795689
18.1575,6.75524574813909,-5.35275524459067
18.158,-10.5310498723812,-15.7996900241527
18.1585,-26.9296630913666,-26.0880712425478
18.159,-41.7666924512467,-34.237472737735
18.1595,-52.6945282592214,-40.9117727747432
18.16,-58.0396553212578,-43.6581525873874
18.1605,-54.2280466227514,-37.8692577592
18.161,-40.8518579441318,-26.7362014566261
18.1615,-28.5457413883055,-21.2346318889177
18.162,-31.5626353807267,-24.3318632027129
18.1625,-51.3345795974786,-23.5920406533477
18.163,-76.1340866794568,-7.4041674898629
18.1635,-95.794084752046,18.2426247043065
18.164,-105.567861213133,38.03271944675
18.1645,-97.4197073020604,47.0400217167087
18.165,-63.9101851177863,52.7790003864775
18.1655,-13.5447573737961,61.273995387983
18.166,34.9164830280537,70.8456730439678
18.1665,79.6891465980142,78.5300042590997
18.167,139.01388446191,84.1839168162398
18.1675,214.909000526676,87.5430362890642
18.168,271.400160893407,86.8506576769348
18.1685,269.664515606949,81.0056025618196
18.169,216.93439603775,70.5737850225138
18.1695,159.349531015839,58.7827349439371
18.17,126.266379130636,52.7540219895298
18.1705,99.4030159813653,57.517529402812
18.171,43.0893777964137,65.3347725108298
18.1715,-46.1600881820187,59.3743828356121
18.172,-128.765606487785,35.043302915933
18.1725,-159.369386924535,9.90552049231553
18.173,-133.23658998978,3.26465500499008
18.1735,-94.2423005789527,12.5031896374217
18.174,-91.8336710423881,19.6847615478702
18.1745,-129.613681398522,15.0647795146515
18.175,-165.3555049894,2.12679992476026
18.1755,-163.365621444193,-14.9095081068278
18.176,-130.763444605295,-34.0330162019219
18.1765,-92.5635867011123,-48.5464335499044
18.177,-50.7880141826804,-51.6866894006291
18.1775,7.22953155077333,-47.877885947789
18.178,69.4499954005291,-46.6667275594389
18.1785,98.6311133179823,-46.4099980480909
18.179,77.0128150377058,-37.9590803877477
18.1795,29.1084001719638,-24.4150943697187
18.18,-9.72451035569936,-21.1631812376555
18.1805,-30.5956418183224,-32.5779961340353
18.181,-46.6154977676025,-43.4073495700128
18.1815,-65.2897777328812,-39.3947836255947
18.182,-78.702000403466,-24.3527317211097
18.1825,-74.7582277562918,-10.5329324002547
18.183,-49.7419847158793,-2.82356481143884
18.1835,-14.4498087475144,0.965127897930514
18.184,8.79203692440847,3.18600705149749
18.1845,3.68882522722498,5.68577651912274
18.185,-21.4059882771379,8.82420815457991
18.1855,-41.4265274796131,7.99063796416765
18.186,-44.3171942548343,-0.869370608905732
18.1865,-41.4974469723199,-11.3542096467764
18.187,-44.8943895202591,-13.1489535301863
18.1875,-48.6504700542508,-9.05819109847948
18.188,-42.9683291614541,-11.3519191747081
18.1885,-32.5030345612347,-19.4122135021604
18.189,-27.7968546610293,-18.8837101640927
18.1895,-27.7958759499006,-8.31248376971593
18.19,-23.9574492981735,-6.26160891216997
18.1905,-15.1829034219174,-21.4621142093528
18.191,-7.39044109714077,-36.6618918787843
18.1915,-4.04940490505998,-38.5295190646372
18.192,-6.01594869222474,-44.6336391855748
18.1925,-12.3047747055466,-77.7932885434813
18.193,-11.3020521311026,-126.247329762061
18.1935,17.4470844587229,-154.452869889787
18.194,78.0867279970904,-147.357839729081
18.1945,143.973775866138,-120.440264775878
18.195,184.038507584081,-89.2621675919126
18.1955,195.954751488556,-53.7219717185255
18.196,197.499893447973,-14.8326673722368
18.1965,195.71977845634,15.4781617121474
18.197,187.388001286278,29.5023834691095
18.1975,182.765977415372,33.6732046766608
18.198,199.712399236348,36.9731681914635
18.1985,230.946285423077,41.1284316017827
18.199,242.452519062493,46.1331672235048
18.1995,211.565661274806,54.1012812909869
18.2,146.001134587752,64.5547123145392
18.2005,61.1465206656815,76.0997318572044
18.201,-35.4027273075089,92.9435668593385
18.2015,-127.200359834885,117.227054254321
18.202,-185.41378583322,135.435416447351
18.2025,-201.515183485365,128.432105956344
18.203,-202.023217810408,97.2888638506088
18.2035,-209.565695667416,63.0206574145547
18.204,-208.770711697997,37.7278252308904
18.2045,-175.82438260914,14.1657941176724
18.205,-124.694061815819,-10.8970999725708
18.2055,-92.2270748931208,-24.0275604651572
18.206,-86.3016580536415,-17.4598159563688
18.2065,-82.235917562126,-5.71874827796105
18.207,-68.9108125836942,-4.50701635492558
18.2075,-63.9016154029819,-7.44736880229545
18.208,-75.3181122600304,-0.477507733960894
18.2085,-80.3698938298709,12.7659764974959
18.209,-58.4885460916876,18.5447589857529
18.2095,-22.7580884268079,17.2542862937913
18.21,0.366847230600901,20.62867333145
18.2105,6.29833138056336,29.6424768530558
18.211,9.15332830867932,34.0185965968108
18.2115,15.9464454189432,31.8541060905281
18.212,22.238583331834,31.9559559971939
18.2125,25.3760153750541,36.0754237186554
18.213,25.6212879423475,35.2845541925497
18.2135,19.8395727940076,26.7713877325305
18.214,8.21894670298254,19.6969813861066
18.2145,1.39806857809766,20.3324659583602
18.215,6.99914793248901,23.9702362889009
18.2155,15.2477763051033,25.8353861970191
18.216,12.9821550785808,28.1814532002154
18.2165,5.58774691988383,31.430868615169
18.217,6.89541208709508,29.3060565000485
18.2175,11.7405002742747,19.3676944102106
18.218,0.594568124903326,9.41115760147357
18.2185,-27.1442842848397,6.45288286519988
18.219,-46.7511759464737,6.30667915211824
18.2195,-41.9463357116125,0.167231883856386
18.22,-25.1610305005024,-14.6813254317822
18.2205,-13.8017480951821,-36.0537572122893
18.221,-4.81577118012301,-61.8866779855515
18.2215,11.8716868280764,-87.4420016943296
18.222,29.0023004277273,-103.486363607546
18.2225,30.0246061801281,-105.5036134189
18.223,14.1968808881193,-101.832144010353
18.2235,-3.29909190486451,-105.547674660497
18.224,-12.13338612536,-119.279551853362
18.2245,-12.6123040222683,-132.860049694491
18.225,-4.37119779331858,-134.57252370033
18.2255,14.2969403746079,-120.798736353339
18.226,36.0058562458385,-96.5930935444308
18.2265,48.5926567572649,-70.967233788903
18.227,52.6561508098144,-50.3339434316957
18.2275,62.5109421149701,-33.4282425284585
18.228,87.4929833056014,-14.2840122941252
18.2285,123.597758320507,7.80877175325153
18.229,163.197216206852,25.277953216171
18.2295,196.653960350439,33.009149076256
18.23,201.524332428686,37.6473133036752
18.2305,151.976821934132,49.5801537917996
18.231,53.8513023870578,67.9493386839995
18.2315,-44.2782062541483,81.1884850448672
18.232,-94.2726314516396,82.6492996188694
18.2325,-96.6367342603709,78.3965679307883
18.233,-89.6267000666095,76.8971674431556
18.2335,-96.5059122326916,77.0018377290291
18.234,-104.647147785993,70.9747081445059
18.2345,-97.457234413687,56.2902060042906
18.235,-82.937629915796,39.1963565745713
18.2355,-77.220598531054,26.8470255207268
18.236,-75.9005620602536,19.9758810144462
18.2365,-61.4308527479204,14.9384883626867
18.237,-33.735429074676,10.4050457925392
18.2375,-14.3823855820675,8.80525046191597
18.238,-17.1978540849285,10.8922818709316
18.2385,-29.7535918535647,11.764727646052
18.239,-31.9744038530619,5.15237822870227
18.2395,-22.3234293378664,-8.6788251667775
18.24,-14.5099996286333,-21.921379110717
18.2405,-14.825798742077,-27.0207310798287
18.241,-16.0315803397817,-23.6715350675891
18.2415,-12.2953418015043,-17.1708367205899
18.242,-6.96377241367466,-11.8592727983897
18.2425,-2.6477959500837,-7.93465627088506
18.243,4.56353094359064,-3.4039301356652
18.2435,15.4928016117135,2.7874817449097
18.244,23.4451892944414,9.12505330997137
18.2445,27.4996201736191,11.9142607067185
18.245,40.0797006956946,8.21447063935226
18.2455,69.7239932810851,-0.412199771509359
18.246,104.111311480875,-8.17575505001145
18.2465,124.332345564714,-10.6721479077512
18.247,131.017108373208,-9.4938128776454
18.2475,139.913430921105,-9.70082675804099
18.248,152.56635253392,-13.2838750310725
18.2485,148.673128998907,-16.8216593851327
18.249,111.647911949034,-15.639282982576
18.2495,47.8460982513876,-9.07097480788187
18.25,-23.8098216617148,-1.18525528596065
18.2505,-87.6755308413539,3.53392613486722
18.251,-132.624305988214,5.24802668765413
18.2515,-153.447911362931,8.78369503214517
18.252,-159.30276048499,17.3759527967261
18.2525,-166.361659661962,27.4259861188649
18.253,-172.79574926589,32.4517840665942
18.2535,-156.452244965233,32.0379310998022
18.254,-109.813957370586,32.2828776855985
18.2545,-61.4896940331244,35.4269029689828
18.255,-45.2364046140916,34.1126503351581
18.2555,-59.6736784388578,21.0097956163458
18.256,-77.8982370028523,1.27677069855043
18.2565,-85.7292620830245,-10.7857115489236
18.257,-86.6882687777829,-7.47040504182093
18.2575,-77.0077562453849,4.77020436849052
18.258,-44.8184822479006,13.8446568163019
18.2585,4.5355551557318,13.5473961431031
18.259,48.7649891261171,5.77748861055462
18.2595,79.0391993452957,-3.75841238372937
18.26,105.236886373065,-9.30897136507158
18.2605,124.733960585004,-7.9077144216751
18.261,115.047974335977,-1.817338993902
18.2615,73.426810857795,2.81165608414312
18.262,37.8196545110077,1.12921623212963
18.2625,43.7584379313931,-7.47133385412022
18.263,76.8369023669929,-21.0068722800081
18.2635,93.7339054792206,-36.0571308291257
18.264,79.6974653762279,-46.6352863677492
18.2645,58.5537180306224,-46.4477896116044
18.265,51.5470499932534,-35.3557791488211
18.2655,55.1059830081973,-20.7989202328061
18.266,61.6926293568641,-10.0181602998361
18.2665,74.7221389970719,-3.4772237817213
18.267,90.8117096610599,1.3483910200213
18.2675,88.1744856347352,3.29602089817785
18.268,50.4509679487762,-0.558328136345474
18.2685,-7.88735889797169,-8.52400610743454
18.269,-54.4750502565059,-15.6175751574857
18.2695,-72.123180537598,-21.1068682287306
18.27,-68.2433197279029,-29.4443916153401
18.2705,-57.0412142655016,-42.4128641417001
18.271,-45.5322121556151,-54.6151225496556
18.2715,-36.4909068387315,-58.7776165315524
18.272,-32.9861433933299,-52.5982875114368
18.2725,-35.0360974672346,-38.9338777656764
18.273,-37.9331279821596,-22.3539188683304
18.2735,-38.0772827506675,-7.4423386756747
18.274,-36.876462404502,2.34608469962391
18.2745,-35.973687128087,6.89039157643266
18.275,-32.3752200468406,9.18667973402554
18.2755,-22.7106587031748,11.4082303006383
18.276,-10.3806907397288,12.7195115855261
18.2765,-3.45922307343541,11.9312229521371
18.277,-5.22169074617003,9.70166259807532
18.2775,-11.0162471483264,6.38720323160777
18.278,-15.3549483093313,0.716578461818803
18.2785,-17.0101095026188,-6.45934337650462
18.279,-14.6355654480603,-9.6836001228387
18.2795,-3.73050186495199,-4.22650817829898
18.28,15.4183709985229,7.4093058688242
18.2805,31.2721278877895,18.5564410698029
18.281,32.0305042406492,27.4806903495091
18.2815,21.7378945855466,38.7953270134812
18.282,14.6284122490702,54.931936585285
18.2825,12.0427735341987,70.7500887968456
18.283,-2.16710609162881,79.2094259747848
18.2835,-35.9154006409703,79.0194664335821
18.284,-69.1419120628505,73.1807589219558
18.2845,-71.9384448639734,62.2855520252209
18.285,-38.8756625584307,44.1640618031688
18.2855,3.81439835805669,20.7226402048463
18.286,22.7961598828752,1.08079977555152
18.2865,2.92983481401971,-5.03859282717601
18.287,-45.1189468477856,3.95308677555425
18.2875,-90.048939457588,21.1403870654342
18.288,-95.8698801530995,38.5238901187429
18.2885,-48.5959931445059,52.5412102372779
18.289,27.3520643797136,62.5443936874713
18.2895,87.9188713688462,67.2699689311941
18.29,108.472622380052,65.2142221588687
18.2905,98.6909714436037,56.73126898439
18.291,80.5657017516194,42.922451624044
18.2915,64.5423177098981,23.5065205143774
18.292,50.8986263253046,-0.736785784221116
18.2925,40.4751572899694,-23.8245697820995
18.293,33.1973868574818,-37.6883767101974
18.2935,23.8478885579506,-41.4696337364774
18.294,9.81865560249132,-43.7572972117146
18.2945,-1.59847360359474,-52.3469316135717
18.295,-2.38732457466844,-64.8105261334569
18.2955,4.12699876076929,-73.0068787137551
18.296,9.01151105984256,-74.2281207267115
18.2965,11.0688344061949,-72.8221713428932
18.297,14.4037855822952,-72.2305144763281
18.2975,16.0010770674644,-71.3991073208957
18.298,7.69460189596129,-69.8547433627238
18.2985,-9.52256622825039,-71.0729167320938
18.299,-24.6863188051651,-78.3904518108489
18.2995,-32.5802331099575,-90.7350837645555
18.3,-39.5171803388424,-103.939844751078
18.3005,-49.4686232002358,-113.242103131242
18.301,-54.9401532158274,-113.440774262137
18.3015,-48.5438122928145,-100.758142113478
18.302,-35.0953716810292,-77.3893619465134
18.3025,-23.5098940948868,-51.4159679080355
18.303,-13.3224982301998,-29.3353545110191
18.3035,0.30397443166328,-10.3205220730735
18.304,12.7718792610909,10.5238242692729
18.3045,14.4154756460342,35.7122758531283
18.305,9.03315911578125,63.8822546167221
18.3055,14.8235378748579,91.348545325868
18.306,40.714332024455,112.069108624661
18.3065,71.190813013934,118.95279575679
18.307,83.1264816413627,109.55562985188
18.3075,71.5689688887536,89.7812200283944
18.308,49.4965997879445,69.1266651935366
18.3085,26.6355398645781,53.2131892477765
18.309,1.49760057556327,42.9394157599205
18.3095,-24.4401866537571,38.1681008337661
18.31,-38.2901785148485,37.9044222026629
18.3105,-30.6253758774922,38.1512961951691
18.311,-11.7939828540903,34.3972448161231
18.3115,-2.88411909666271,26.5610723378966
18.312,-12.0238714552057,17.7739671450109
18.3125,-28.0822772169489,8.22703657646341
18.313,-37.6259637037382,-5.3363032646149
18.3135,-39.2590084648781,-22.5657568084918
18.314,-38.3247262521316,-35.9135868507784
18.3145,-35.2923230338492,-37.077291476104
18.315,-25.9925391966094,-25.2914652753367
18.3155,-10.1323768213895,-7.16314089130152
18.316,6.34444432827966,10.1708261786208
18.3165,17.0301155134536,23.4506779142453
18.317,19.6073390915717,31.9242292389444
18.3175,14.7164447201375,34.7836132702068
18.318,2.83394585694693,31.7493185549914
18.3185,-17.0181001842873,25.4073127542444
18.319,-45.4303196227395,20.8057841360411
18.3195,-77.97729638259,21.0583867313988
