time_s,EMG_ch1_uV,EMG_ch2_uV
5.0055,-7.03324105917126,62.3462193825356
5.006,-2.3497908911341,78.771078588145
5.0065,0.862025718953575,91.1560942836721
5.007,2.39548354137411,96.3980264903308
5.0075,0.718236263947519,96.0459706433562
5.008,-4.24454157787759,94.9891099429092
5.0085,-9.04236917682524,95.5562227463357
5.009,-9.53805331185267,95.3923766975325
5.0095,-4.92839224600858,91.8449818802439
5.01,2.24455000928637,85.3919146348647
5.0105,8.92378052715671,77.4075164748622
5.011,13.3139283702904,67.7936987498977
5.0115,15.31175364604,56.8248329047016
5.012,16.6895994064582,46.2125910291982
5.0125,19.762368698112,35.9575718826043
5.013,24.5287389349027,23.3449426004706
5.0135,28.3652005940821,8.1172368409686
5.014,29.9096189253031,-4.32685361369847
5.0145,31.4165754241411,-8.6159079708523
5.015,34.9070148985594,-6.00354567313986
5.0155,37.6355645313644,-1.53207982177849
5.016,34.9109777702683,3.27143343710831
5.0165,26.9681523128313,10.6275658185449
5.017,19.2729392102374,21.0920169700473
5.0175,15.3593330014071,32.7968042877848
5.018,12.8547132399929,45.7999985261486
5.0185,7.90811794226222,62.7062588514166
5.019,0.247039441936293,84.0330348312886
5.0195,-8.08419325466791,105.89274568306
5.02,-15.8382690929275,122.882783579801
5.0205,-21.692774337059,131.350858015771
5.021,-23.0490256573432,130.367632696728
5.0215,-19.3350470553309,121.852716564431
5.022,-14.7233852709072,109.232086698402
5.0225,-13.6191168799774,94.1389823676939
5.023,-14.4008767472021,75.9375829112467
5.0235,-11.7788704461854,56.3109594018108
5.024,-5.12101619536001,40.7451509353648
5.0245,0.220469015400804,31.0372934547635
5.025,1.10741179454067,19.6012141364539
5.0255,1.60624328137247,-1.90069322332383
5.026,6.60578268386244,-29.4046911554659
5.0265,13.5157176665255,-49.5903173961701
5.027,14.9324760690474,-57.2206049851952
5.0275,9.24602515776452,-61.9448437884667
5.028,4.41741137846948,-75.0317422677308
5.0285,9.07200882894753,-96.2003080189821
5.029,21.897808285718,-118.200168989013
5.0295,32.6480233036754,-138.659215351496
5.03,33.2992082992219,-160.750770641465
5.0305,25.4312119198912,-184.904275279849
5.031,15.7011527171448,-206.252626424956
5.0315,7.23539562485573,-219.997520948224
5.032,-1.24804092207269,-224.838525447947
5.0325,-9.8394547404398,-221.178134566148
5.033,-16.1493009063107,-209.752076882948
5.0335,-20.1071901039156,-192.375632109048
5.034,-24.8500846052636,-170.847568321044
5.0345,-30.4715427106325,-144.520002369952
5.035,-31.7415509774127,-111.777194788036
5.0355,-26.2208335145301,-74.8766979604124
5.036,-20.8497221824167,-40.563505896036
5.0365,-24.8359528889238,-13.5224579031757
5.037,-37.7849229271311,9.62504616231993
5.0375,-50.3818187397823,37.027074779739
5.038,-56.0413036474291,71.4020967800516
5.0385,-56.3295754326756,104.934649959098
5.039,-54.6981576115719,126.453551811026
5.0395,-50.6755903730388,133.045780090836
5.04,-42.4890588337493,131.725092255944
5.0405,-31.4529494248713,129.221108489349
5.041,-21.1698234787451,123.955450990504
5.0415,-14.1877043641921,110.581804799132
5.042,-10.0623612615453,88.7293029579782
5.0425,-4.63188257955708,62.5658628209751
5.043,8.20654182203921,34.0263155968467
5.0435,30.5587442580124,2.50666644144201
5.044,56.4595807453728,-29.0645545510495
5.0445,77.1010246082157,-54.1349848831922
5.045,89.4443430976746,-70.0796373336341
5.0455,95.6150879414936,-80.5623947622768
5.046,95.5038083214949,-88.1888142424766
5.0465,86.911792139421,-89.6266430464897
5.047,73.1614284836164,-80.7424036045375
5.0475,62.1163489480929,-62.2055786891819
5.048,54.5698842189015,-37.0879978776244
5.0485,41.5367496664651,-7.47221283731285
5.049,18.3792580716952,22.6978350441551
5.0495,-5.05093619922627,45.6766795697818
5.05,-15.4684840770658,56.0800606013372
5.0505,-13.1252142190508,56.7388874454403
5.051,-10.7063384161756,54.2864419550581
5.0515,-17.9036583576505,51.4585924205684
5.052,-33.5929846708746,48.1507057759383
5.0525,-51.4159006702541,47.3411005523297
5.053,-66.1784194023024,53.9929500983398
5.0535,-74.5765506941865,68.5373963833598
5.054,-75.2780062607266,86.0369710276207
5.0545,-69.8977348307602,101.477111860046
5.055,-61.1199373669388,112.107468154422
5.0555,-49.8744971988857,115.729456727229
5.056,-36.5233120326313,111.408873835769
5.0565,-23.3354033226258,101.673477566877
5.057,-12.8872511114074,89.8795007425964
5.0575,-5.49506070816931,75.9116078261869
5.058,-0.715689973548254,58.7450055805785
5.0585,1.19662567061358,42.2310041471192
5.059,2.34301692285838,32.5895358388794
5.0595,7.96071869508372,29.8183963476706
5.06,19.3467300005633,27.4630807903628
5.0605,29.2988639135534,22.3296231784378
5.061,30.5635010842608,18.7115847382397
5.0615,26.2211112881271,20.6138209785724
5.062,24.888606457864,25.2874125451048
5.0625,27.5409620072314,28.0401488573087
5.063,27.0183104854756,28.7291576107309
5.0635,20.2454069288647,29.0801124526465
5.064,12.6810195244818,27.5579895979137
5.0645,9.3013396989843,22.4725973966617
5.065,8.93220085582059,17.8185158937055
5.0655,9.98235615919296,19.8762586751606
5.066,14.3966671173091,28.0149634296133
5.0665,22.0040164045582,33.9163144045185
5.067,27.1259523813116,31.0067470074739
5.0675,25.5485907011467,20.6041620503057
5.068,20.3431950353152,7.16246417625753
5.0685,16.493792872524,-8.64285535891585
5.069,13.8747404205514,-28.758385005501
5.0695,9.99978577510559,-51.7616748975017
5.07,5.99512287858967,-71.9959643903707
5.0705,4.64625297713226,-85.0751508682987
5.071,4.85765840849596,-91.53146718437
5.0715,3.13168820239134,-93.8763358114491
5.072,-0.473016729286732,-92.325914878607
5.0725,-2.28336108485378,-85.7708031381913
5.073,-0.929766203072068,-75.986929824425
5.0735,0.0781672124871137,-68.0675912919851
5.074,-3.35326210866761,-65.871583962077
5.0745,-10.4952705658671,-68.3163124037855
5.075,-15.2271549186079,-70.2980894254779
5.0755,-11.0943293694797,-66.1441579637256
5.076,1.86159982180546,-53.3154072009807
5.0765,15.5019876527317,-35.84201006145
5.077,20.9928032879279,-23.7686985434725
5.0775,17.9160730542931,-24.6714146981973
5.078,13.2664678257317,-34.4383154248698
5.0785,11.3501454695599,-41.597375010558
5.079,8.86177938411023,-43.7706980519183
5.0795,1.49441746262442,-54.0784367519342
5.08,-8.84908562871391,-85.0579027655836
5.0805,-16.2854552285924,-130.107992842499
5.081,-17.1739112690437,-168.699133467292
5.0815,-11.6328067209592,-188.410304577088
5.082,-2.52931080491437,-193.52447468522
5.0825,3.77107164966773,-191.756952268481
5.083,-0.624190199709697,-182.2011573341
5.0835,-17.6301841634867,-160.888426196794
5.084,-39.4812559753597,-131.13950920589
5.0845,-56.2811704204501,-101.731282066527
5.085,-65.1911080034579,-77.6808895846506
5.0855,-68.5773096119447,-57.4163719162658
5.086,-66.5407890369166,-36.7037460439573
5.0865,-57.809820668262,-11.3579561497156
5.087,-46.9152699569538,22.1040973750069
5.0875,-43.0208769967654,64.6246073720708
5.088,-49.1239316448265,113.585272815205
5.0885,-57.2612976312029,164.753889225973
5.089,-57.5312640722427,213.301112081959
5.0895,-48.896424294054,252.230518090561
5.09,-38.2826396355513,274.041020116258
5.0905,-31.1027605290099,277.067067171714
5.091,-25.7981625923164,267.229452990337
5.0915,-17.5423649544007,250.65065182404
5.092,-5.23080303818765,227.657898107164
5.0925,6.5201881904817,197.090083919031
5.093,12.6858544719024,162.563788539715
5.0935,14.4991830717524,129.565500563417
5.094,18.8994842220043,98.8842041759623
5.0945,30.3534656645993,68.0436520558608
5.095,45.3357024750709,37.6175363229358
5.0955,57.3016820749164,11.0536262759352
5.096,65.5634581281022,-10.8325592763775
5.0965,75.7893081538385,-30.1346313945625
5.097,91.9117380773526,-46.6262189547651
5.0975,110.85897836919,-56.6359283300921
5.098,125.99707825293,-57.7080727937881
5.0985,132.954887353998,-51.1507951143135
5.099,130.914969312257,-40.0084080334602
5.0995,120.786080847803,-27.6426429597024
5.1,104.347083827781,-17.8616739733693
5.1005,84.2597721805673,-12.8110384446982
5.101,63.2290602054413,-10.5533414970816
5.1015,42.8960990480702,-7.66743450203762
5.102,23.5761574207804,-3.92470497628539
5.1025,4.6642591154981,-1.44644610484912
5.103,-14.3518717017422,-0.0432068313954599
5.1035,-32.5794748514781,3.00266484268271
5.104,-48.1388952503069,8.87116950256857
5.1045,-60.7871885437379,16.1450929677199
5.105,-72.5069966882069,22.9096822515475
5.1055,-83.2985064635378,26.4090871774999
5.106,-88.1057047016053,22.2868007398627
5.1065,-81.9357001417812,9.28654991974002
5.107,-67.8030780814747,-5.98323472535652
5.1075,-54.9077431359568,-14.5371810593618
5.108,-47.4698873426078,-15.4119804685636
5.1085,-39.9702027692547,-15.221519108514
5.109,-26.5071199697781,-17.431587761613
5.1095,-10.7544141307538,-18.7709482829835
5.11,-1.66817866787346,-17.5507094648389
5.1105,-1.59425199046774,-18.1825567826316
5.111,-4.41513695147828,-23.977337455455
5.1115,-5.2070822961504,-31.7323802581824
5.112,-5.78536050307032,-37.9117166241169
5.1125,-8.74259940544792,-44.9369965292722
5.113,-11.2319837361025,-56.278027054012
5.1135,-8.90603280977644,-69.5352372861566
5.114,-3.20962596533293,-79.8233720720377
5.1145,-0.143565064937176,-86.907187203744
5.115,-2.58517265415778,-93.6487408950349
5.1155,-7.78061667444664,-99.6467996159708
5.116,-12.5459443439524,-101.600439105167
5.1165,-17.1897380776332,-98.6684257003693
5.117,-22.9254873930343,-93.0456605314818
5.1175,-28.3089600040671,-86.252177739532
5.118,-30.5037335130347,-78.5462322595734
5.1185,-28.723106247734,-70.5716290047264
5.119,-24.6533631451571,-61.7228106732729
5.1195,-20.2365797166771,-48.2221844080831
5.12,-16.2779400652181,-26.9023265544237
5.1205,-12.536262201744,-0.200085512566333
5.121,-8.13091695513868,26.0317051561842
5.1215,-2.43186577222605,48.7707835580638
5.122,3.72429647249679,68.7266927679789
5.1225,8.38709352223782,86.4101704482655
5.123,10.5024167082186,100.977425220894
5.1235,10.5948791396373,112.052565636982
5.124,9.31193512225694,119.456923832807
5.1245,7.12721129512439,122.460397279962
5.125,6.03395924798811,122.620038126945
5.1255,8.88613196439135,125.459620747893
5.126,15.2449741571055,135.122313556434
5.1265,20.2380213970261,148.706359794116
5.127,20.1771257869005,159.732305851066
5.1275,17.5944674450086,164.922035622473
5.128,17.8221497834402,162.730904649959
5.1285,21.9740891777189,148.353405239534
5.129,26.6341104773976,118.028175533413
5.1295,29.7158013067927,77.5234221346469
5.13,33.0846563756927,37.9586663561767
5.1305,39.1569205130554,1.98659016074851
5.131,47.640521569361,-37.8753015827558
5.1315,55.8489630737909,-85.0243182703478
5.132,60.1218451042379,-131.483903600763
5.1325,57.4901020065478,-169.254743883253
5.133,48.4688424506717,-201.112711069581
5.1335,37.5861832244716,-233.379325784052
5.134,28.6347867911923,-263.583513160051
5.1345,20.6162953081887,-282.914960976316
5.135,11.2899419483352,-287.57212063177
5.1355,2.36263669532462,-280.477717581891
5.136,-3.8503775800375,-264.073906810327
5.1365,-10.9932541596971,-239.065021771566
5.137,-24.7368482018455,-209.990922158736
5.1375,-42.1107688242324,-184.881569400179
5.138,-52.6139803052961,-167.184077606422
5.1385,-52.315336235902,-152.03739533693
5.139,-49.2190121991721,-131.675554082281
5.1395,-50.4878936723669,-101.490458991063
5.14,-51.7040697649611,-61.1286480105656
5.1405,-45.3687001769353,-14.0537224913033
5.141,-34.399778700122,33.0057263337193
5.1415,-28.8017153171218,73.9393893427858
5.142,-31.5406325377795,108.135688678333
5.1425,-35.8702000053705,139.28402369673
5.143,-36.3251604053219,169.372607759234
5.1435,-35.0507344875447,196.987313063153
5.144,-35.6634880356745,221.280469373836
5.1445,-36.7385309413695,243.206826608678
5.145,-34.6605641580883,261.781560835752
5.1455,-29.7450621039732,273.413678264044
5.146,-26.2115467069912,276.86163438259
5.1465,-26.5770709946836,275.039773043211
5.147,-27.7842039668796,269.821179027237
5.1475,-23.8163194943109,259.207246177278
5.148,-12.4830811573711,242.865018466766
5.1485,1.55056009953175,226.524504045433
5.149,12.3503059631902,216.034620413278
5.1495,19.9692886526156,209.311319773482
5.15,28.3467290964752,199.222898670535
5.1505,36.9649781620758,183.261133322918
5.151,40.9412185075006,165.000385658087
5.1515,40.6348837015601,146.011364442286
5.152,43.5913085737075,122.292039491765
5.1525,53.1285092915312,91.3103167020156
5.153,62.6764131857179,58.2797921659242
5.1535,67.4414389799072,31.5820580997181
5.154,73.7564994572104,13.8558183617284
5.1545,87.4249485533999,0.5300778890535
5.155,99.0661288241989,-14.3615641207677
5.1555,93.6427828871496,-33.8389103278529
5.156,72.2463027369563,-58.2149257312215
5.1565,51.538684845839,-86.0934120504065
5.157,40.9600064545089,-114.761170554825
5.1575,33.1331400135276,-142.284776707475
5.158,20.0206280903336,-170.075431579356
5.1585,6.1756665001947,-201.326700722248
5.159,-0.850722983906318,-235.890322699595
5.1595,-3.62921914672429,-268.389077081379
5.16,-9.94976544461645,-292.731006105786
5.1605,-21.2507917182061,-307.449378859262
5.161,-33.9181418540461,-315.477010532705
5.1615,-47.1776945775705,-319.63381491362
5.162,-61.5347492038796,-319.776348150429
5.1625,-72.4977098324075,-314.045693649016
5.163,-73.7966240233395,-301.611642675511
5.1635,-65.8136469714184,-283.896383237923
5.164,-54.7331268837378,-263.758232375983
5.1645,-44.5096654768029,-243.831504844427
5.165,-35.4451873174337,-225.440379994088
5.1655,-29.330222078728,-208.594288281677
5.166,-28.8970248740839,-192.22142280714
5.1665,-31.3358895458462,-173.939341706398
5.167,-28.9595974222832,-150.348438482005
5.1675,-19.3744205322065,-118.679116307914
5.168,-10.3258110394168,-78.0679016996297
5.1685,-10.2687102022867,-28.7942186563713
5.169,-16.6276376323364,28.3490509065196
5.1695,-18.1548441344512,90.0009358412099
5.17,-9.25881392757129,148.615012061627
5.1705,1.84434088216505,196.103765952764
5.171,2.00909150306452,229.652003794084
5.1715,-11.2448895604728,251.525275437852
5.172,-26.360282005507,263.277490326712
5.1725,-30.5114977727242,264.065781346752
5.173,-22.5942926635569,255.766041414194
5.1735,-11.6591443392624,244.960037958007
5.174,-5.60234697146816,236.402353050649
5.1745,-5.0900984499019,227.981419690856
5.175,-6.72181944791667,216.150377981189
5.1755,-7.55397439760901,203.33434655584
5.176,-6.54235352140256,194.939569572576
5.1765,-4.93912070047865,191.053324044849
5.177,-4.85016255389331,186.88556288139
5.1775,-4.34578470981209,180.785321784542
5.178,4.04261368035797,175.851586550641
5.1785,24.6925977036539,172.936123674679
5.179,49.5964191556912,168.077312175056
5.1795,63.6947220783434,159.487180320132
5.18,59.997950606583,152.442836676987
5.1805,44.2969209947635,153.612680275888
5.181,25.630898900976,163.108289954408
5.1815,9.32316798891063,175.031430168822
5.182,-0.321603101318713,183.712238919196
5.1825,0.455803707937477,185.993842293538
5.183,9.2631678249361,177.704837567931
5.1835,18.7553226615109,150.920010156637
5.184,26.2904213530335,97.8869595370551
5.1845,34.6998718823994,20.2657979513235
5.185,41.2373561043373,-65.8277788711967
5.1855,36.7415246841478,-138.821300174041
5.186,21.588118781233,-189.655133557415
5.1865,11.1947117784649,-227.777954752226
5.187,16.3258859637877,-265.03279934935
5.1875,27.6203219933473,-298.059430723863
5.188,30.9340455828399,-314.594855399919
5.1885,29.006340145549,-313.909830364424
5.189,33.2231575294403,-309.048175432033
5.1895,40.144700525311,-307.42463130836
5.19,33.7902801466929,-301.570675590434
5.1905,10.4269392331924,-284.356962437408
5.191,-15.2314104645035,-261.70380232055
5.1915,-30.7938759271094,-241.190107080568
5.192,-38.6546808566263,-217.505718453659
5.1925,-44.1111756413234,-181.130751990088
5.193,-45.1282028046933,-135.732265240576
5.1935,-40.2947578023021,-94.4000999131796
5.194,-35.1127577370737,-61.3669115203298
5.1945,-32.72216390365,-29.9367404873282
5.195,-27.993254137472,1.67927886453225
5.1955,-18.5388468038088,24.8209864942663
5.196,-12.8977402817322,33.7914791306218
5.1965,-19.0368441279155,35.0218025191107
5.197,-31.4441885892701,38.4338798142399
5.1975,-38.3345360046552,46.9952791422143
5.198,-36.5312357465371,59.0785402760601
5.1985,-31.1654808734877,74.8376295299999
5.199,-25.3142281147883,95.0862475127878
5.1995,-18.4680700616299,117.372535939627
5.2,-12.123153654113,136.485271026248
5.2005,-8.74531770875025,146.309271277351
5.201,-6.73497468403272,140.732616947937
5.2015,-2.77493573842108,118.027640741859
5.202,2.73286294208651,86.1357224306442
5.2025,8.15572151739786,58.0926546479595
5.203,15.6218228995501,39.5115738741086
5.2035,27.1368198333383,25.4767358955144
5.204,38.4281517119853,11.9493094554863
5.2045,43.6480122068891,3.82607025199171
5.205,44.0315731980856,7.39161054984507
5.2055,44.482836617554,20.2782402869069
5.206,43.3900739910865,34.3912249049242
5.2065,34.4839100506652,44.801629876018
5.207,18.8274948957311,50.2170475442139
5.2075,6.13413532939285,48.0116034227478
5.208,1.87731649397362,35.5223008989416
5.2085,0.507102147297233,15.9636785302594
5.209,-5.25576087144916,-1.42901493772454
5.2095,-14.6248286990733,-7.35613770166658
5.21,-22.1206904151512,3.37437115788663
5.2105,-25.4167913800272,31.0613994613964
5.211,-24.9880719527768,70.2668869703088
5.2115,-19.714112235673,110.388450329486
5.212,-8.51337265154794,140.387220354619
5.2125,4.66534959740271,153.663959115035
5.213,12.1070663491415,148.657318799434
5.2135,9.57828004444716,128.111465248058
5.214,0.0743273398622468,99.4104097550429
5.2145,-10.3962267682429,71.1159380865348
5.215,-19.0759846441537,45.1154271679396
5.2155,-26.9154801285966,15.2840413495068
5.216,-33.2049941273489,-22.2150363754172
5.2165,-32.5875364314785,-60.8570551370977
5.217,-20.654895250918,-90.9295516448578
5.2175,-2.14053118591968,-111.592391368792
5.218,10.7570536885406,-129.778511045589
5.2185,10.4572005944139,-149.490452901339
5.219,1.30192829056569,-169.134523267292
5.2195,-7.46323698041751,-188.070389866359
5.22,-11.9806069127248,-207.484570701255
5.2205,-13.1955463670627,-223.463048830869
5.221,-10.4648088081134,-226.947948957737
5.2215,-2.73948675707761,-214.335897677149
5.222,5.7736650689443,-192.880406728227
5.2225,8.78921161109658,-171.917702519338
5.223,7.09051206716412,-152.878505975965
5.2235,7.49021844374767,-131.52094559785
5.224,11.6477044095856,-106.28714208361
5.2245,13.4065515281546,-80.0287743709763
5.225,9.76342525956319,-55.3000892386881
5.2255,6.65051864514872,-31.3828196028666
5.226,8.85618731860348,-4.90362275237985
5.2265,11.0006804155316,28.6358349897958
5.227,5.64077626623523,71.9084682141289
5.2275,-4.34636235648589,121.719429739702
5.228,-9.69819868206109,169.431752532382
5.2285,-8.65628638334402,207.712295683068
5.229,-8.18965174701142,235.403821130627
5.2295,-11.2485811377474,254.096659697627
5.23,-11.4649727628087,262.974894640245
5.2305,-3.75394326040305,260.942353819721
5.231,6.67989772852857,252.095793619661
5.2315,11.208706844105,244.351495230066
5.232,9.53796428059933,242.107510713491
5.2325,8.98888412875528,243.151544442675
5.233,14.0213172290318,242.619704468452
5.2335,21.788668819583,236.778865958669
5.234,27.6256076117576,223.085059483015
5.2345,29.8711874516083,200.792330784551
5.235,28.2636079041745,173.066555488229
5.2355,22.2040182575614,144.963978912074
5.236,13.3168609054136,116.948038180388
5.2365,6.55926522160323,83.0996049931155
5.237,5.38248731827079,38.5377265099342
5.2375,7.41549066054869,-13.1252602033121
5.238,7.96403903916195,-62.1528207171791
5.2385,6.52753808025604,-100.792490940043
5.239,6.55825314635471,-126.552236191626
5.2395,9.49116360023764,-139.738096465843
5.24,12.7614607103671,-142.286254207321
5.2405,14.0956222059135,-139.074524653331
5.241,14.2603057696598,-136.666017590505
5.2415,14.4850371025576,-139.858950676701
5.242,14.2708702157803,-151.582184641353
5.2425,13.2020450027952,-174.714012813495
5.243,12.0797490365041,-208.726762536165
5.2435,10.5078467029105,-244.075107168897
5.244,6.03682983411282,-266.791493644278
5.2445,-2.10836963240071,-273.025276246316
5.245,-10.6428865274916,-274.444116859194
5.2455,-15.7505922520151,-284.217294963912
5.246,-17.1720249747266,-301.543389265312
5.2465,-17.035412349343,-316.180891056167
5.247,-16.970567282315,-324.784606300877
5.2475,-18.4642570267237,-333.805552235806
5.248,-23.3331014098135,-346.22162374776
5.2485,-30.8195675289749,-354.423306419187
5.249,-36.4414826662982,-349.252854608142
5.2495,-36.9941739650354,-328.435514749306
5.25,-34.783590657846,-291.526260399498
5.2505,-33.6074059534555,-233.683697586368
5.251,-32.7453768316146,-152.088572703299
5.2515,-29.15742140728,-54.9376745336534
5.252,-23.953289447881,43.4644629685299
5.2525,-21.6200046356279,135.391748038725
5.253,-23.1871650269375,221.44114951803
5.2535,-24.9888931912545,300.954859821853
5.254,-24.6664252094829,368.035114084291
5.2545,-23.872807887202,418.362213521495
5.255,-23.8233673403565,453.75962229265
5.2555,-22.3229604867315,477.420452069568
5.256,-17.5560940527554,489.665536055324
5.2565,-12.1997934972214,491.578682904685
5.257,-11.2728224904775,487.972011128746
5.2575,-16.5615823729634,481.406658025945
5.258,-24.0793773927058,465.585668453469
5.2585,-26.8642820101944,430.307693329215
5.259,-20.9869280846356,373.237405719377
5.2595,-9.52118282329403,302.733384579834
5.26,0.94932459530449,228.696575961587
5.2605,8.82895310897509,155.379887946047
5.261,19.7784222550556,85.499364977338
5.2615,38.0901275864052,26.4816352048889
5.262,58.8790783129269,-13.7591591427008
5.2625,72.7317811559645,-36.7511356919474
5.263,75.6829172019192,-53.1584804079527
5.2635,70.4166746280555,-70.2518360943234
5.264,60.5287428647763,-84.2692757043706
5.2645,49.4115443546744,-88.6473904582
5.265,42.6163721194061,-85.336054517058
5.2655,44.1006958863834,-82.0104211696884
5.266,50.3254008770575,-81.0089875455865
5.2665,54.493185173409,-79.4379601957737
5.267,56.361412212658,-80.8258503041971
5.2675,60.7982810930725,-97.7539106394161
5.268,66.4076737042772,-137.952152056693
5.2685,63.8406003433086,-193.404275574877
5.269,47.828630500574,-248.455790173381
5.2695,23.6518889511085,-294.248430899182
5.27,-1.53008186440597,-329.694312153357
5.2705,-27.2198830423375,-353.074165076737
5.271,-55.5951508560721,-361.474462625706
5.2715,-84.3490165918761,-357.671535083568
5.272,-107.374624063188,-349.356706526269
5.2725,-118.964417491071,-339.451474213786
5.273,-115.972165831696,-322.774055225837
5.2735,-100.972957965401,-294.389646857267
5.274,-83.8901919340105,-256.603782462725
5.2745,-73.0041591708303,-215.31842771854
5.275,-62.5535899434491,-173.29578563813
5.2755,-38.0725761057157,-129.66235384485
5.276,2.4803416684178,-83.2079919903245
5.2765,42.1812756947697,-33.5074734532617
5.277,64.5591265588984,19.4575340858495
5.2775,69.9671537229803,74.5020981661065
5.278,66.593571945155,128.546184428166
5.2785,56.3831454009024,177.476020114202
5.279,40.0005417784719,217.417214010139
5.2795,26.0081843564708,246.229699123869
5.28,21.4719755522009,265.638260818482
5.2805,19.0132633002724,281.162967726001
5.281,6.27969878414746,297.881663955615
5.2815,-15.837323923043,316.920373801419
5.282,-37.3889920322735,337.234246635163
5.2825,-57.4336051801946,357.613409988454
5.283,-81.9058058687641,373.558989731115
5.2835,-104.252056023954,376.195843929063
5.284,-105.55506432331,360.699897246903
5.2845,-78.7916260149086,333.282982865933
5.285,-39.1715923466923,302.136224007776
5.2855,-4.38834819103707,263.564431663774
5.286,23.2288303056619,208.031643868296
5.2865,48.167452812146,141.374849769563
5.287,67.7184244664929,87.6072695940128
5.2875,77.2335182195827,63.5273387982479
5.288,81.3446718888868,59.1279796094784
5.2885,88.5286949007441,51.2073041677669
5.289,98.1406909059018,29.4824596403036
5.2895,101.948646406757,0.0261242945590231
5.29,96.2972741908131,-31.6163295956802
5.2905,85.0965144121504,-68.6803188934449
5.291,72.3015839733876,-114.503858023581
5.2915,58.3715763574386,-164.780249739717
5.292,43.7551269312862,-211.034678535063
5.2925,30.2622110075717,-246.971602253542
5.293,18.8286059706792,-270.644187306016
5.2935,9.86767557563006,-284.408915628517
5.294,5.13925130910969,-292.823621555036
5.2945,5.35841865811352,-297.625803843196
5.295,6.52386411030142,-296.585917424237
5.2955,2.33643097870254,-290.811073286454
5.296,-9.71853593463449,-289.460792376551
5.2965,-27.1676347947044,-300.542548987842
5.297,-46.4277244348146,-318.626164710835
5.2975,-64.9537743586032,-328.391719091083
5.298,-80.3155149512404,-319.887805887725
5.2985,-90.4111275698971,-294.569381820632
5.299,-95.0923408321514,-257.933621753217
5.2995,-95.9391871082334,-213.942461168082
5.3,-94.6657077232465,-166.744053363201
5.3005,-92.7449298348578,-119.972938559714
5.301,-91.0515465331867,-72.8525722878371
5.3015,-87.9157185431684,-24.0061331560963
5.302,-79.1193597927487,19.6206974525742
5.3025,-62.8172994337662,45.7486608427514
5.303,-44.1405221861193,52.1280253781788
5.3035,-32.184931077632,52.5521609265388
5.304,-31.5664159103775,64.2278620174604
5.3045,-38.066123266682,94.5885491341647
5.305,-42.6668506921059,142.178985304559
5.3055,-38.735049011676,201.86149000225
5.306,-25.4312719556593,263.715191742851
5.3065,-6.25652109507929,314.031366101728
5.307,13.5184036007395,345.03152028386
5.3075,27.8919017346607,359.933701935754
5.308,31.4718034839784,363.045285211796
5.3085,23.5679216756939,349.777912508511
5.309,11.4651380799673,313.536240674036
5.3095,5.98825575955304,258.959118238134
5.31,11.3644623788578,200.56492353688
5.3105,21.9014976170483,149.53832844259
5.311,30.8175615386792,108.055962241273
5.3115,38.7236970783897,74.9014899425261
5.312,49.578602825729,49.1184264779655
5.3125,62.2650200057763,27.2860502864237
5.313,72.5633924920574,3.39298351809474
5.3135,81.0471641353309,-25.9115109731158
5.314,91.3866475511252,-58.3949945570959
5.3145,101.613607497986,-88.5089865882605
5.315,105.392784691895,-109.867371993096
5.3155,102.823585528449,-117.009017266924
5.316,101.403997052525,-109.383582268377
5.3165,103.858953028647,-93.6457281242921
5.317,103.584212712602,-78.0550436379175
5.3175,96.0054434752499,-64.5086346719343
5.318,85.7313325798549,-49.6037469376392
5.3185,76.5069521463275,-32.7488607249417
5.319,62.2845084450945,-18.0756234871824
5.3195,36.9164273442707,-7.47825750611363
5.32,7.0012280747361,3.2221419213522
5.3205,-14.7703942354295,18.5517089892545
5.321,-26.4022927625133,36.9391205659567
5.3215,-37.4950570764583,52.6235978773095
5.322,-53.9586842570477,62.4991479518066
5.3225,-70.0731294586128,69.4677437576595
5.323,-77.1701875759999,79.868987015906
5.3235,-74.156113868398,97.943510391096
5.324,-67.5986136289527,121.310934063292
5.3245,-65.3903724193909,141.23062844127
5.325,-71.2210180931014,148.189298714516
5.3255,-81.9793256259196,137.585215271677
5.326,-90.0806033200011,110.428659207801
5.3265,-90.607855019069,71.0557758708784
5.327,-85.4007552357466,26.0649911474611
5.3275,-78.2312538086414,-16.9492006573077
5.328,-68.849373021802,-53.134748891209
5.3285,-55.7088816671208,-82.2375553442994
5.329,-41.845216600092,-104.914369059031
5.3295,-32.5795832759772,-119.859900080777
5.33,-28.4414516875027,-128.087082883533
5.3305,-25.1618956054655,-136.973216560939
5.331,-19.7609627900595,-154.014875174117
5.3315,-12.1370136445211,-177.448526924136
5.332,-2.00451536569352,-199.091486890494
5.3325,10.4208413020497,-216.403653467147
5.333,21.3415462691153,-234.9080110454
5.3335,26.2402444059681,-256.708122373238
5.334,25.6922471264155,-272.949520984041
5.3345,23.7058475340887,-271.850645407423
5.335,21.0109224360554,-250.840524742185
5.3355,15.313386579869,-217.937398635932
5.336,7.88954592277095,-184.246574247001
5.3365,4.16579131948567,-157.33558035122
5.337,6.90432258220967,-138.273728636238
5.3375,13.4232324890784,-121.602408145668
5.338,19.9287618417196,-99.8420627205937
5.3385,24.3133548749484,-70.0308443719784
5.339,25.1270474727056,-34.6578689910535
5.3395,22.6622346345368,3.07282725230429
5.34,20.5145075611875,40.4886252533511
5.3405,21.1693193471463,72.0768285769537
5.341,21.6184002170799,92.2602363542821
5.3415,19.3601321152541,105.400680505566
5.342,20.0469519418718,126.35117190892
5.3425,30.0907473874752,163.638871786495
5.343,43.1583239520514,204.620936522302
5.3435,45.8458337217171,223.943310799657
5.344,38.3995094044296,206.837038091969
5.3445,36.8556690297225,160.801183353368
5.345,49.224425873258,106.476776109331
5.3455,61.7701871641625,61.6512035169938
5.346,57.5043539539645,32.5093258829769
5.3465,38.0474679689623,14.6226456177009
5.347,16.8395647316111,1.0100274765442
5.3475,-0.342478904759761,-8.45446662659747
5.348,-15.4058160825554,-6.06729490643876
5.3485,-25.5667956244237,13.7442429429524
5.349,-26.7139398750719,46.5295684007079
5.3495,-27.0155668808659,83.3750908672465
5.35,-41.2460957019076,120.454944330248
5.3505,-68.5321436204064,156.822261721778
5.351,-88.6907526156975,185.792698596078
5.3515,-86.0825526262485,198.025262286046
5.352,-67.3890077864423,194.485470215176
5.3525,-50.5066022215232,187.754347915193
5.353,-44.7684916973267,186.3415302549
5.3535,-48.2923524592823,184.03585621075
5.354,-56.3001149608181,169.718937934136
5.3545,-63.1246674601365,142.907490273419
5.355,-61.3290833359271,114.22846703741
5.3555,-48.3251090740065,94.0506472501665
5.356,-32.0020678850222,86.0473235556201
5.3565,-22.4353621075368,88.8439965779133
5.357,-19.468629929776,96.9740589514784
5.3575,-15.1553720893672,100.551455312214
5.358,-6.5942837545759,90.4190759737081
5.3585,1.93078608853436,65.7147604554876
5.359,9.49686428374457,33.1577240476635
5.3595,22.0902507106134,-0.772499746765069
5.36,42.4986857717161,-31.8178872776281
5.3605,64.1960078704819,-52.2120121659442
5.361,80.0188243666061,-51.6250238791469
5.3615,90.9527838806896,-29.7115517825537
5.362,100.815771153833,-1.95645085707303
5.3625,107.455734089649,15.4629979556741
5.363,106.277496397186,24.1601640966174
5.3635,99.1085960563356,37.6594099579734
5.364,91.9994517529609,57.7330889659748
5.3645,86.1407258012947,68.7500051360867
5.365,78.5721673787636,60.3500536107949
5.3655,70.406068463989,43.2017801512423
5.366,65.2967074087944,30.1939792048489
5.3665,59.6545859755989,10.0704258512662
5.367,44.7367855742393,-43.1384464925676
5.3675,21.0798922869755,-134.667164855631
5.368,0.137918958797308,-239.624513549748
5.3685,-13.2254730829085,-334.380293417164
5.369,-27.9947221089987,-422.22298488886
5.3695,-47.8159804943753,-516.944684125757
5.37,-56.1791163605954,-612.521710115658
5.3705,-36.0914129339136,-684.861595823895
5.371,1.32356554727608,-719.536480812012
5.3715,25.0135303719144,-723.117125635124
5.372,20.4592864471252,-706.692089381238
5.3725,2.17004789165253,-670.868028911827
5.373,-12.3821559697881,-610.57843499509
5.3735,-24.6134934683791,-524.964346772511
5.374,-43.273656042337,-417.690512181558
5.3745,-65.5800778025864,-294.53363668169
5.375,-82.0004916150008,-165.47292516665
5.3755,-91.1892732042949,-43.9757203501048
5.376,-98.5026630150939,60.6779864874867
5.3765,-105.28182709214,148.146468616956
5.377,-110.24451821838,222.61251164741
5.3775,-116.945529140948,287.198070047469
5.378,-128.598978498086,343.485780128766
5.3785,-137.738858383223,391.180213429315
5.379,-131.940932511591,425.882251835528
5.3795,-110.191763193625,442.341464347785
5.38,-85.04870729608,443.677449325098
5.3805,-68.1392076495435,443.882979173155
5.381,-60.8675860695493,457.140706154826
5.3815,-59.0479406600078,485.363735092796
5.382,-58.3541067977134,517.128107167424
5.3825,-54.1123588455791,537.238018196161
5.383,-43.1838723500994,538.100067122997
5.3835,-27.4384886849285,525.234544423431
5.384,-8.94052508217128,511.434793366996
5.3845,17.7780305823344,502.558951032342
5.385,59.2453971228484,491.460716881393
5.3855,107.373877969396,470.656481417517
5.386,141.303952158712,446.09011982272
5.3865,150.565242644832,427.706571401952
5.387,147.260627091311,408.372783120281
5.3875,147.73509813673,366.830102115875
5.388,150.357091278733,295.959076489283
5.3885,142.120178653724,214.961844442346
5.389,122.087891361895,145.707967345184
5.3895,105.05542773248,87.9078640356525
5.39,101.299651085831,26.8222495899318
5.3905,104.171836401015,-44.7194917695175
5.391,101.956333160878,-123.761307946974
5.3915,92.7637218059429,-208.343034817935
5.392,80.7631431333162,-296.791830829259
5.3925,64.5218155069541,-379.516346858821
5.393,39.2943308742406,-444.837224652512
5.3935,9.33549461571417,-492.594728154454
5.394,-12.3241651159002,-531.691190335529
5.3945,-19.9215386813186,-564.822180115978
5.395,-23.4019374207996,-585.043955705598
5.3955,-34.9392974337476,-586.53789826771
5.396,-51.9234722250652,-569.362564018118
5.3965,-60.8569971251678,-533.971514298758
5.397,-55.574192827631,-480.122936245044
5.3975,-42.7044480266977,-411.749154044655
5.398,-29.1522207804409,-335.919807916624
5.3985,-14.6795253634765,-258.010907859547
5.399,-1.0122493752721,-183.659564556777
5.3995,2.17326807116079,-120.390455894081
5.4,-10.2739745740898,-68.4590767933759
5.4005,-27.0993861989577,-17.1332382549764
5.401,-32.6358459083428,36.5157490496938
5.4015,-27.9387633968709,72.4461398898169
5.402,-28.3337316670882,71.6249555512838
5.4025,-39.8738645889351,53.2795017211128
5.403,-50.2505725380342,64.0600614398716
5.4035,-46.8831634345117,123.283203966199
5.404,-33.7463709456567,199.619310038999
5.4045,-24.0142286918552,251.015644260686
5.405,-23.6845215749597,266.071957484993
5.4055,-29.2567479891591,251.589653089966
5.406,-35.5611856207054,201.182439237104
5.4065,-38.7808179406209,102.317410902725
5.407,-36.533915054008,-33.7761418828002
5.4075,-32.2594219302663,-171.887776255387
5.408,-35.5766826986434,-280.54938610643
5.4085,-50.5201785120928,-344.409391775738
5.409,-66.3423964795234,-355.349951996056
5.4095,-68.3708986201098,-312.841622653757
5.41,-56.5337451315281,-234.501907273551
5.4105,-44.4835121946119,-148.322841722878
5.411,-40.266617337015,-69.8349098607289
5.4115,-36.8243845076624,1.09938621856453
5.412,-24.3688313122522,61.9094678312162
5.4125,-4.53236501359505,103.367387983679
5.413,12.6518740068907,127.122432810005
5.4135,21.22019148951,148.477742521064
5.414,24.2546183616539,173.113912669979
5.4145,29.1956139206436,187.421685584931
5.415,41.4463723026695,184.295200961421
5.4155,60.1798650203713,184.712848354088
5.416,77.6002025455011,216.35611719419
5.4165,84.4397744573493,277.06251896534
5.417,78.8227142070537,335.776956466149
5.4175,68.0085351092177,368.196447837604
5.418,59.2979319574065,377.384661890246
5.4185,51.4009417561137,378.291923171298
5.419,37.7532175507778,375.654892880834
5.4195,17.244623565273,362.966905793608
5.42,-1.28028934650281,334.229459425309
5.4205,-5.79580669593168,290.455987987917
5.421,8.03504535911861,240.631604242786
5.4215,31.8118666874377,201.099823691863
5.422,50.137588870199,186.545093477579
5.4225,53.6398503767428,192.918599544348
5.423,46.9908463181624,193.708302731575
5.4235,41.3333939596138,163.563385722517
5.424,38.217691136519,105.048049071816
5.4245,26.1159323277861,42.1867664335269
5.425,-3.36780863842447,-12.866374905318
5.4255,-40.4908027664886,-73.8186836354204
5.426,-65.613167393255,-155.264737404691
5.4265,-70.9427228386628,-246.930945937899
5.427,-66.2554583645286,-325.478663113706
5.4275,-61.9474389524039,-382.862491460003
5.428,-55.3763284353765,-426.043088328446
5.4285,-40.018711649136,-452.968285590144
5.429,-21.5336702793722,-449.645469093606
5.4295,-14.4078976065803,-414.552825472756
5.43,-22.8984474381844,-366.414750117217
5.4305,-34.3093631603813,-318.787893513622
5.431,-34.7027437895816,-263.772892060594
5.4315,-24.8879912510034,-192.804763596364
5.432,-15.849637853385,-117.805910582439
5.4325,-13.1040002451131,-55.4071854221994
5.433,-12.4837973990502,-2.73983783293079
5.4335,-9.7159765786156,52.0089796465843
5.434,-7.13681802192905,104.519994064007
5.4345,-9.45529612062677,141.682398974051
5.435,-17.4275397294273,168.488406366927
5.4355,-27.0404673411658,203.621565414871
5.436,-31.1688024772078,247.605737317479
5.4365,-21.6903942551403,277.154916874631
5.437,4.30554784090065,274.087161184959
5.4375,37.7815659608344,239.008519347897
5.438,62.6048684354772,173.142969984961
5.4385,71.6167415794035,71.5013173381569
5.439,73.8200915778849,-55.4464801441733
5.4395,80.4867089600643,-176.306425322269
5.44,88.0278778801307,-271.559419393592
5.4405,82.2617961510958,-355.595059896218
5.441,58.7349424693524,-450.562174487566
5.4415,30.8547666905392,-553.173906291923
5.442,15.4818963242458,-643.141528031654
5.4425,16.1095488275859,-708.347542638099
5.443,23.2273972270402,-741.323365726513
5.4435,26.4050286608813,-725.232540684016
5.444,21.556241358174,-649.796268193039
5.4445,9.20836864030163,-534.113760387476
5.445,-8.82400598687933,-407.128540636001
5.4455,-29.7509426896719,-267.884632301905
5.446,-48.9152652489678,-92.4925352323473
5.4465,-60.3655431722173,116.256110325958
5.447,-59.8137342153144,313.493622445115
5.4475,-48.5711364680823,457.791983603866
5.448,-34.0253839195241,551.633625022118
5.4485,-24.0174679895333,623.75818181916
5.449,-20.5561383494581,688.715500264248
5.4495,-20.6164021234684,740.046464268143
5.45,-21.7950232609864,771.039615307539
5.4505,-23.6657566522383,783.395063336541
5.451,-24.5459867486847,778.794674629081
5.4515,-22.5215277872638,755.372385171583
5.452,-20.8649179695644,711.667287554284
5.4525,-26.4659453963228,645.598314001973
5.453,-39.621218168089,552.357898263477
5.4535,-50.7607767138054,431.93110601656
5.454,-52.0067301600258,297.047990073119
5.4545,-47.1346179932205,166.461727762064
5.455,-43.7700450390339,51.4908044968169
5.4555,-39.9942876412121,-45.4932184601469
5.456,-27.9787775765929,-122.242860066131
5.4565,-9.88850878024306,-173.58086496112
5.457,0.51673506952784,-196.9336144469
5.4575,-4.07080122641622,-196.311037911232
5.458,-13.4629710480674,-181.589135201537
5.4585,-13.3449853990027,-166.455917187649
5.459,-3.01903885290101,-162.773036165424
5.4595,9.16523025288445,-170.911841313762
5.46,24.0446814823228,-177.943958747647
5.4605,52.8645243418434,-171.269609582478
5.461,97.3317393856702,-152.462615351677
5.4615,138.892422449838,-132.500424980801
5.462,156.115124852417,-116.50061427625
5.4625,147.666076901168,-101.552006998033
5.463,129.596409215307,-88.8401791431113
5.4635,112.938621650345,-87.4048771347269
5.464,94.5648997723287,-101.107461144325
5.4645,71.1506453555426,-119.538317185801
5.465,50.3504562179798,-129.61017779226
5.4655,40.2202738725983,-132.103928929641
5.466,34.3993806075889,-136.881688597741
5.4665,17.8425428980371,-140.99258525649
5.467,-14.270129116628,-123.094551518831
5.4675,-51.2392419487961,-70.1782085969017
5.468,-79.9700596368893,-6.27973572243019
5.4685,-95.8108159746894,18.5243416882281
5.469,-99.5466447366758,-26.777096916134
5.4695,-91.6912283750496,-127.437997950764
5.47,-74.0853054297439,-245.362725632309
5.4705,-52.6049393176974,-356.311994765178
5.471,-34.2909184432524,-452.949370154889
5.4715,-23.7127005872955,-522.716020340073
5.472,-22.7655499874487,-548.680707568313
5.4725,-29.5777118970995,-537.196500924699
5.473,-36.0755982572059,-520.938128641275
5.4735,-32.1824591134587,-517.835111151662
5.474,-16.4528403940369,-502.123338573064
5.4745,0.67795141029105,-437.223337049352
5.475,7.25020982884408,-329.433191168616
5.4755,0.660838852759549,-224.706460965789
5.476,-13.1814054267626,-150.848046161236
5.4765,-26.8092893095815,-86.6505291345648
5.477,-34.7648479582186,1.02588996932537
5.4775,-35.6611223436291,109.34178372111
5.478,-34.9447749463855,208.632807821021
5.4785,-41.2588100664896,290.179153562708
5.479,-55.9305467004578,380.580856334047
5.4795,-70.3988691896694,502.145042730952
5.48,-77.7828946132389,634.599798276124
5.4805,-81.0258265770988,729.089097511279
5.481,-84.2845378421793,755.575581621901
5.4815,-83.3024242173562,727.083456086661
5.482,-72.7293521139837,679.977808795377
5.4825,-57.0892777454522,640.950989507009
5.483,-43.8365735860168,613.981734714627
5.4835,-29.6885578941634,586.858825941003
5.484,-6.43182324263629,541.73873264224
5.4845,21.3247278448809,467.421204098576
5.485,38.2219341594546,373.819463314344
5.4855,40.1581129457622,292.152924144256
5.486,41.1083710490776,248.845075512475
5.4865,53.3199795559761,238.376373484519
5.487,73.1391242472762,232.702069264179
5.4875,93.7089156522642,217.577963684266
5.488,119.477227977405,204.153001557217
5.4885,155.510106880486,199.596227643829
5.489,189.530827093466,184.897682502096
5.4895,199.460806776507,137.323421999078
5.49,179.195754636804,62.3394931673582
5.4905,146.038361228003,-16.6678327323221
5.491,119.795519456553,-93.7875972414659
5.4915,102.667622760944,-182.96577594817
5.492,84.3281637514166,-283.907848394063
5.4925,61.0463854162446,-367.516661279697
5.493,42.2925211966347,-405.110582098095
5.4935,37.7650276541012,-399.346781235804
5.494,42.7664519506533,-379.607608473548
5.4945,41.0477275024329,-379.29830809907
5.495,22.2593752470837,-422.359514458821
5.4955,-7.61783415440476,-512.980777028222
5.496,-35.6776841594954,-623.216841025995
5.4965,-57.3962984999593,-703.887689922906
5.497,-76.6426149036277,-727.337966366155
5.4975,-93.540782007648,-714.692427569826
5.498,-101.982123165578,-705.176631228831
5.4985,-101.04735327046,-704.213195186906
5.499,-99.8424084628979,-681.843957962692
5.4995,-105.711714815255,-621.684408044273
5.5,-114.186707876476,-547.751639015196
5.5005,-116.572983702218,-492.0233437696
5.501,-112.08980252528,-452.739400925095
5.5015,-105.692652176615,-402.128455490677
5.502,-98.2128441697536,-327.933576494946
5.5025,-86.6520360386137,-249.539201253707
5.503,-72.1167043296331,-190.828335757149
5.5035,-59.6486146653707,-148.919902015961
5.504,-50.4908543407461,-96.2725485012669
5.5045,-41.2938478266767,-9.52741396956146
5.505,-31.4104589625253,108.132366249314
5.5055,-24.6180321012831,231.968222483244
5.506,-22.0638133549101,340.037485654657
5.5065,-19.0014001684303,431.254030674895
5.507,-11.1285852279519,518.842423099524
5.5075,-0.181794296738121,607.957424188163
5.508,9.71204840285914,685.589783981838
5.5085,18.7814866318294,736.392717900063
5.509,31.6586329038453,763.709132347775
5.5095,50.8579034937386,786.376105697601
5.51,71.6112817059559,814.184663422631
5.5105,84.3728713427152,835.189182349933
5.511,83.9495858032185,832.380250045301
5.5115,76.2631101058783,806.114116230623
5.512,73.4710554212854,770.917220470004
5.5125,80.8559395865751,732.443080366455
5.513,91.0518415892921,678.458695271003
5.5135,93.2192496598227,596.512179086368
5.514,84.8876316374659,493.145986159545
5.5145,71.5983495575347,389.985404573255
5.515,57.847375010672,305.344169906386
5.5155,43.1652617609097,244.410397055544
5.516,26.0474811592187,201.815735287385
5.5165,7.41718560946892,165.619227085241
5.517,-9.90416995764959,121.665091617932
5.5175,-22.4621650522993,63.5222014462168
5.518,-27.6626801019503,-1.08335763210399
5.5185,-26.5650906697654,-60.901152926563
5.519,-24.2134876835331,-118.446431246804
5.5195,-25.1637462714119,-188.621656141688
5.52,-30.2843856913502,-278.936259607963
5.5205,-39.0497616030995,-380.285513541657
5.521,-50.652201130436,-480.608235186075
5.5215,-59.8330424579892,-577.757392592127
5.522,-57.2640602542547,-672.081737746615
5.5225,-40.4278233227844,-754.677387865387
5.523,-20.419395817636,-812.782296443022
5.5235,-11.0745948053778,-842.568459122548
5.524,-14.1759979469145,-848.319493642683
5.5245,-22.1833513591243,-833.38217906925
5.525,-31.633778033048,-801.976223750245
5.5255,-44.1083670747692,-767.134680286991
5.526,-56.072411408905,-744.17106077564
5.5265,-59.503206172545,-732.986583492448
5.527,-54.2541041190945,-715.505491404899
5.5275,-49.5204330765592,-674.687059286763
5.528,-50.095251895474,-609.44821895518
5.5285,-50.4491021904068,-526.53266350309
5.529,-45.8207563872709,-424.056199729629
5.5295,-39.7717243675665,-291.178105167809
5.53,-35.8550587506291,-124.268277487819
5.5305,-30.4490756451329,60.9564876677614
5.531,-20.1508364088129,235.649438922137
5.5315,-9.47738987712007,376.642500861882
5.532,-5.10476963713433,480.254802109858
5.5325,-7.84186830860059,558.679740278383
5.533,-14.5380679310801,623.75339936093
5.5335,-20.8730138134324,675.900994417772
5.534,-17.6829787276764,709.176331775706
5.5345,6.16198718897581,723.521978758682
5.535,49.1844223274978,727.880107739236
5.5355,93.5744136074514,731.1115907145
5.536,125.364455101909,732.325776593352
5.5365,150.911855391124,721.170189462455
5.537,182.112722989808,687.511629219375
5.5375,212.147575182101,631.178645933896
5.538,221.040773527532,561.686548377458
5.5385,203.022322528597,487.647806227275
5.539,173.094777337351,409.014053595198
5.5395,145.237916038393,322.676279878321
5.54,118.59269604182,231.145919470441
5.5405,88.9423157387688,137.814621324018
5.541,59.2665238599665,37.187989978957
5.5415,30.5536312740031,-76.9671204513496
5.542,-6.2520227376672,-192.977981878719
5.5425,-57.3230149041376,-287.520898950512
5.543,-110.86702082237,-358.439197790827
5.5435,-145.71214696497,-435.514088406346
5.544,-152.52611017675,-544.467523469206
5.5445,-138.476564412668,-671.668535147409
5.545,-114.152856268305,-780.242478663702
5.5455,-86.2126891484304,-851.188958030246
5.546,-62.7985326381853,-889.390948285391
5.5465,-54.7433413899314,-896.06679224901
5.547,-65.0376880408755,-859.310499272627
5.5475,-82.6790263980226,-774.246431202122
5.548,-93.2051335763546,-653.439678305838
5.5485,-92.9947130609092,-512.350108760062
5.549,-88.5039915035498,-358.336397256011
5.5495,-83.8154921645916,-195.962651522439
5.55,-75.6328308341406,-28.6417249289235
5.5505,-61.5109517969707,146.643483124445
5.551,-46.7725909154955,331.862426617237
5.5515,-38.911653373792,515.127201133409
5.552,-38.3228713973307,681.053604754911
5.5525,-39.2316551453686,831.242543827217
5.553,-38.0519537867917,972.638626705198
5.5535,-35.4989022189217,1086.45163685132
5.554,-30.4680037494914,1137.62019964173
5.5545,-17.7352358028558,1122.23051504698
5.555,5.18311891922339,1075.14983806653
5.5555,32.388534247957,1016.56510210075
5.556,54.513081992982,921.696329505381
5.5565,68.2804219974537,765.863824658929
5.557,79.1324616036978,571.224182419061
5.5575,94.8945390186558,377.184510216873
5.558,117.36058173479,185.027678313672
5.5585,138.868799870846,-30.7104528899063
5.559,147.520473706894,-265.413201529475
5.5595,138.449551349115,-475.888667876182
5.56,119.936958910702,-628.963383567644
5.5605,105.067258089615,-728.320432084356
5.561,97.3173732838775,-790.82480349119
5.5615,88.6491553268254,-825.150713259114
5.562,71.8714661805515,-840.276760816003
5.5625,48.6745398148322,-847.987951513472
5.563,23.6853857201212,-843.606486081575
5.5635,-2.24646660332055,-802.955243206293
5.564,-28.6449436453306,-712.722857247221
5.5645,-51.7237290587743,-594.316820028056
5.565,-69.5813145319944,-489.26597583854
5.5655,-85.567023151585,-426.633217884767
5.566,-100.629730923793,-404.548526560027
5.5665,-108.076155803506,-392.829994553929
5.567,-103.311602891561,-353.099680040132
5.5675,-93.5572093122683,-267.018980500675
5.568,-88.8435662295305,-145.507971371486
5.5685,-87.0907596648696,-5.38958175281459
5.569,-78.0143654584404,150.459740986603
5.5695,-59.6799505023188,314.207967640744
5.57,-41.2028342761786,450.972943185042
5.5705,-30.23416958324,527.158461914017
5.571,-27.8218132179067,555.318003027072
5.5715,-34.3979058538916,575.594225098129
5.572,-48.482947729615,590.909839505576
5.5725,-58.1337540340188,560.116082259013
5.573,-47.4486012113359,467.708022710061
5.5735,-17.9209107715635,360.342596454764
5.574,7.21595511788417,289.149641634199
5.5745,7.89700276306428,248.522062600942
5.575,-10.7360788641922,204.020783202332
5.5755,-27.980945223214,154.53169083896
5.576,-32.0964503450733,126.440524440308
5.5765,-27.0351151783616,119.945921649018
5.577,-20.4269356794468,103.683204752163
5.5775,-14.93294557213,63.5192334836128
5.578,-10.2254654770514,20.9398308710819
5.5785,-5.34100202955829,-6.06901347209869
5.579,2.4116988201363,-32.1755382398149
5.5795,16.3612566336349,-79.963585669394
5.58,36.9299803769786,-143.612422856578
5.5805,60.6207796902193,-191.481665000286
5.581,81.6558205604382,-196.256896871788
5.5815,94.0612530783737,-154.978102661967
5.582,95.5657782781444,-88.7255744066152
5.5825,91.7183541934585,-31.7300394904353
5.583,92.6572238672766,-15.2891433665406
5.5835,102.292261384607,-51.9104457992899
5.584,112.629390848851,-130.04942474023
5.5845,111.242008244898,-222.413699449515
5.585,92.7399396105121,-300.555236719793
5.5855,62.4566272487613,-347.931457426938
5.586,32.8729051030485,-363.480369234782
5.5865,17.3310034285908,-349.617521085715
5.587,20.9349510255881,-297.085341316947
5.5875,33.5123573659045,-192.67962805203
5.588,36.4364870769493,-47.7437308948937
5.5885,21.3231917393719,93.7033170620074
5.589,-1.46112756410983,188.47962031867
5.5895,-16.5687938444908,229.571295584974
5.59,-20.9328184207671,237.41323501304
5.5905,-21.8690409216531,225.331304368399
5.591,-23.0644786904834,191.164866950184
5.5915,-21.0666901503111,140.18698581839
5.592,-14.35387599711,97.0754697734438
5.5925,-7.68625357905611,87.5812118859464
5.593,-5.7228087182255,115.992100191856
5.5935,-7.83446694230211,163.750026887187
5.594,-11.365758486292,205.055774498844
5.5945,-16.1584294789552,223.492303739366
5.595,-23.4778003111433,217.556527306088
5.5955,-32.5710379205573,189.456885942964
5.596,-40.4006542312472,130.048118642037
5.5965,-44.6902572816994,26.6243397131735
5.597,-46.525859249496,-107.946141415897
5.5975,-48.711350645256,-227.380473858764
5.598,-50.3245704780715,-287.325260398712
5.5985,-44.9750789027489,-281.206835703415
5.599,-28.7385973827309,-230.581830815501
5.5995,-9.03812840435349,-153.203838449429
5.6,0.770690860930623,-58.6060385382564
5.6005,-2.58474957925604,36.4956902353966
5.601,-8.10010603063035,114.118534415659
5.6015,-5.16776270390944,173.926845471757
5.602,4.70833993075932,224.134337882387
5.6025,15.2731258535079,255.385120356909
5.603,25.9743819426167,247.326579283674
5.6035,36.3327512585457,202.435761553336
5.604,36.6675488308013,149.159832257033
5.6045,17.0859616441365,106.204560060136
5.605,-15.4630602394153,65.6273407363902
5.6055,-40.4383970296268,17.1171726117947
5.606,-45.7942314013986,-33.8642132521305
5.6065,-38.128672130444,-81.0041212057777
5.607,-29.3630158247718,-128.112243606278
5.6075,-22.7688068258417,-173.77410077257
5.608,-16.1266683234829,-205.997012091305
5.6085,-10.4647189861008,-226.670509556413
5.609,-9.42577967591381,-262.792040327266
5.6095,-14.8183984632432,-335.407800148109
5.61,-27.7572656578778,-429.250330057703
5.6105,-49.7234295957367,-507.185218347326
5.611,-77.240138200936,-543.501108317827
5.6115,-99.4138700432164,-532.304286940789
5.612,-107.021613000596,-479.573433646701
5.6125,-102.109264329239,-404.025142706966
5.613,-93.16569430071,-333.64981846294
5.6135,-82.8843271731647,-283.316867404519
5.614,-67.6235511082809,-242.074401289191
5.6145,-48.4560267481174,-192.743956802712
5.615,-33.8954623725278,-130.842377873832
5.6155,-27.5408279590054,-51.4298424951427
5.616,-20.2442008973026,64.6748758401843
5.6165,-2.39605260464359,228.994179990481
5.617,19.7511452637284,420.390863101212
5.6175,30.1393646646831,603.53142745488
5.618,26.3988844191598,763.233276195392
5.6185,27.3694405816121,898.465173196183
5.619,51.1087109273597,992.428384501379
5.6195,92.0324697181187,1018.7625432429
5.62,127.638033020648,978.541372235292
5.6205,143.342546387568,905.564305580454
5.621,141.453329587126,829.424043964972
5.6215,128.562283516165,752.711160189717
5.622,106.611927665606,667.961681921509
5.6225,79.5535176404101,576.475997329852
5.623,58.5391091069933,483.112057770312
5.6235,53.6892467318378,388.190707523245
5.624,65.7720047343272,290.336002967331
5.6245,90.1000184528659,185.05226677076
5.625,122.7081578466,61.580457069912
5.6255,157.659887037617,-79.7766313950279
5.626,183.864800683306,-207.301227001546
5.6265,191.473762474752,-281.896668787504
5.627,179.37925373646,-312.64258310894
5.6275,152.546081405764,-364.345479678676
5.628,115.245783407921,-490.064605670801
5.6285,70.6455076682499,-670.204038642426
5.629,23.1105804702367,-836.543314830618
5.6295,-23.6129764365663,-945.502563771179
5.63,-67.7315355049513,-1008.44733950614
5.6305,-106.177034996283,-1056.85206659801
5.631,-134.302518237901,-1100.13290723075
5.6315,-151.578337448054,-1122.73329000983
5.632,-162.57931802635,-1108.86428119301
5.6325,-170.090037008523,-1059.71795700678
5.633,-174.0255619646,-985.988553596097
5.6335,-178.756496394457,-886.739687193391
5.634,-189.926965801277,-743.889579954774
5.6345,-198.573617526093,-548.653254857288
5.635,-182.963140586008,-331.442642584023
5.6355,-138.652442823276,-147.922140218095
5.636,-94.1743425396276,-26.8178840730948
5.6365,-79.2362801928571,55.2982488950803
5.637,-85.8634976573835,137.999856438109
5.6375,-81.7514032098514,230.919297358212
5.638,-57.5503450670802,318.348629280313
5.6385,-36.8339184651919,394.813570097509
5.639,-36.8416844909567,471.013859608068
5.6395,-43.5427297700191,548.213147539724
5.64,-35.7783394152683,612.193701815484
5.6405,-14.5891904066515,658.280401432058
5.641,5.78829105553921,701.724763177083
5.6415,21.8550857638024,752.916794505357
5.642,39.2433165129103,798.205167491899
5.6425,55.1692440977393,818.323061943359
5.643,58.3895167936163,814.221624809192
5.6435,45.3304824096434,799.976656337724
5.644,26.2724539166742,778.101270616589
5.6445,16.1533335429866,738.698681390102
5.645,24.6158438509515,679.629226810394
5.6455,51.3533616508894,608.284158532509
5.646,85.402738457609,519.329192545238
5.6465,112.512690567759,390.099449712502
5.647,127.475617221815,213.622519681084
5.6475,134.570409427948,26.6147254700643
5.648,134.034591187368,-114.45834142742
5.6485,118.911610347479,-186.77012896747
5.649,92.0845468468414,-217.360436202927
5.6495,73.9727983470351,-243.797026147628
5.65,79.4818887266489,-273.599524033761
5.6505,95.0955344021744,-290.680764264006
5.651,94.9802990290738,-286.916314583758
5.6515,76.2327515709709,-268.961041667643
5.652,60.8953333767865,-238.696967906015
5.6525,62.0822536840745,-187.442160239824
5.653,65.7272878392256,-116.733063359604
5.6535,53.3271697372834,-52.9942919046052
5.654,28.8218518898921,-31.7693506565937
5.6545,10.4215929350117,-69.7177895107856
5.655,2.57828498304564,-153.749020122182
5.6555,-10.4749655378087,-251.540571576316
5.656,-42.1305887956684,-330.561848718829
5.6565,-83.4951564545505,-375.182169573277
5.657,-111.692026371624,-392.469047332214
5.6575,-115.310765965012,-399.319699457045
5.658,-105.823879555788,-401.210486140041
5.6585,-101.767963489744,-385.997388484795
5.659,-106.435349104127,-338.436329034977
5.6595,-107.845652368481,-255.763022950799
5.66,-99.1972480018756,-150.332725354385
5.6605,-89.2585858853713,-46.3140073491889
5.661,-88.0778832130144,25.5916296438213
5.6615,-91.260987742462,44.8046740916342
5.662,-86.6721892996327,23.0524562103675
5.6625,-70.6229656166902,2.50635108185568
5.663,-48.1299504527736,20.2301716753396
5.6635,-22.3942813282201,75.6438454339088
5.664,4.29222085904382,138.640732087843
5.6645,22.3403717462052,184.612254546357
5.665,21.4890893424589,213.097983280346
5.6655,6.70038132602672,236.092478513603
5.666,-5.34122039434352,259.162708140755
5.6665,-8.30600660603226,275.615417430182
5.667,-11.9071471827884,272.056880518233
5.6675,-20.833932631498,237.265976907152
5.668,-21.8644354647086,169.317598661467
5.6685,-1.76084790341779,75.3234321937057
5.669,32.3520810440952,-36.4681018239851
5.6695,62.157434106544,-161.497571964806
5.67,80.6812143589976,-293.881634169145
5.6705,93.7000287465411,-420.925452183294
5.671,103.362151054545,-526.33240060583
5.6715,103.227259344697,-595.631144141219
5.672,88.8995452139503,-617.565919607423
5.6725,63.2344327677118,-589.208153425027
5.673,30.915044574182,-525.52656004657
5.6735,-3.05555196054243,-453.713851866336
5.674,-29.6022695073102,-386.127997124496
5.6745,-40.2000956783024,-304.96201931567
5.675,-37.3725979608128,-187.226271899248
5.6755,-32.710335561415,-41.4323707914271
5.676,-32.6940476658613,96.1263143421713
5.6765,-34.0075048662198,202.990341726626
5.677,-34.0911713043466,294.275755685967
5.6775,-37.1472239487863,400.46877080254
5.678,-46.0982192538027,533.610506231469
5.6785,-56.7259593952152,681.790032961574
5.679,-64.2605145155257,826.512883365474
5.6795,-68.7042643503199,955.618671740636
5.68,-69.3376078915346,1063.22229114317
5.6805,-61.4340132168477,1143.48779191373
5.681,-43.7849105524878,1182.89584534995
5.6815,-22.4731241246474,1159.20145871019
5.682,-1.49112142046139,1058.37810010948
5.6825,23.0995079922212,898.668081263893
5.683,53.383624888068,727.501139223342
5.6835,82.3767729381851,581.170652599489
5.684,104.858990833839,449.476620370304
5.6845,126.147135095675,291.442187479906
5.685,147.990347628249,87.0806477816153
5.6855,154.160416078961,-136.824078807229
5.686,127.45373257319,-337.188026320562
5.6865,78.2306602955522,-501.914606022662
5.687,37.9049573295537,-655.995155243524
5.6875,22.0913727275241,-821.864034968077
5.688,16.6734581992033,-986.198556007686
5.6885,4.09917868097726,-1115.0521748234
5.689,-13.5605180922423,-1195.44565760552
5.6895,-24.7003094772084,-1246.68774730844
5.69,-24.7117765345245,-1286.79997272283
5.6905,-12.1912144322984,-1303.12659577701
5.691,15.9391827793145,-1270.73109524097
5.6915,51.6929159128803,-1191.88938549826
5.692,71.4252819346026,-1097.3691872009
5.6925,60.8569774393946,-1006.2703756839
5.693,35.6596695682797,-902.914820224831
5.6935,20.1689737354794,-763.109472975482
5.694,13.8686905175661,-589.570176465175
5.6945,-1.19800194222318,-408.317040946526
5.695,-26.0022126570339,-240.243486957451
5.6955,-42.1731141238472,-92.6655237581205
5.696,-44.7148599608631,27.3452948556586
5.6965,-51.7677312874352,113.252339376509
5.697,-73.4807874478932,178.167433936596
5.6975,-93.191432787957,256.838649907643
5.698,-92.8404436681548,376.219570534211
5.6985,-79.3315801923122,530.81751545725
5.699,-69.518275833778,695.052667946712
5.6995,-63.3465900598966,851.730409484111
5.7,-51.4180436032359,996.67663546203
5.7005,-39.9253541577838,1121.06111155481
5.701,-45.7454845618721,1206.76201546566
5.7015,-67.6201565142948,1245.35530609007
5.702,-81.6835843602926,1251.00313590158
5.7025,-70.6537864413667,1245.44195790442
5.703,-43.8155606371142,1235.20896359046
5.7035,-22.1060843619043,1212.07934552368
5.704,-13.8654799314031,1172.38680782079
5.7045,-12.2904362061677,1123.43387139395
5.705,-9.50627921580484,1065.52668242557
5.7055,-5.27900093798754,975.903867697009
5.706,-4.37331442837296,821.954353421258
5.7065,-10.4632365939863,593.356987486867
5.707,-22.0845097221342,316.304687196527
5.7075,-32.2788443765605,33.0341549325209
5.708,-32.7915313574259,-228.259210584914
5.7085,-19.7635678336487,-457.972211489409
5.709,4.00140598582411,-645.058329481919
5.7095,30.1896410229377,-768.515675667193
5.71,47.7011000889984,-820.045636816655
5.7105,49.0376971785558,-827.830162450716
5.711,38.6057160394395,-840.374915129113
5.7115,31.5918598223025,-881.384446289316
5.712,39.4628069817934,-931.271107403931
5.7125,59.2078606538853,-958.416634581992
5.713,81.6845446163753,-955.569708762248
5.7135,105.120267829993,-933.956623660267
5.714,130.651223285844,-894.362774933793
5.7145,148.204957202127,-826.90030235554
5.715,141.521358508344,-739.672878588403
5.7155,110.967125654072,-665.93921283796
5.716,78.9656497475585,-631.647677658356
5.7165,64.9989809596173,-626.827850618083
5.717,63.5430380568493,-617.423336106934
5.7175,54.3565302088736,-575.859678461582
5.718,26.7542763124973,-492.891418666707
5.7185,-15.7844734703372,-372.251183831239
5.719,-67.6802992881856,-228.684062516325
5.7195,-123.247091136432,-86.5711843349478
5.72,-167.434034880168,32.4962812287262
5.7205,-179.613500823057,120.872595736706
5.721,-154.062389306007,178.420886891593
5.7215,-109.252189652911,202.538488983885
5.722,-70.2567831565203,195.657093257474
5.7225,-46.8400882404168,176.571604625287
5.723,-34.2061835216814,169.522159504458
5.7235,-28.6136163613637,183.244934294863
5.724,-31.1960668427441,214.049775701476
5.7245,-37.3107340690587,268.20561589039
5.725,-34.3494832935025,363.654192813548
5.7255,-16.6035992061887,502.341824199537
5.726,4.8591959323225,652.363029486106
5.7265,15.5429776890137,766.442059513653
5.727,17.3355556969161,814.4050356759
5.7275,25.8138091096938,797.298285123016
5.728,47.512910775294,740.132850855623
5.7285,68.5753721884909,675.471543811154
5.729,70.0301486569694,625.767341357758
5.7295,49.1104150076812,596.869389371291
5.73,21.7249848376493,593.462783519447
5.7305,7.8286649015187,635.975461116851
5.731,17.1095551194558,742.368571551331
5.7315,43.9734527828615,885.587575743434
5.732,71.9797316091298,989.006055016647
5.7325,86.6316179434221,984.102948331696
5.733,87.6472203429549,866.749464095364
5.7335,85.376159095863,684.896493875456
5.734,83.234023289626,483.76474902956
5.7345,71.2154508013998,283.978568755161
5.735,42.4998252908862,102.843268213643
5.7355,8.26913523924085,-38.5824114060814
5.736,-14.1107982197037,-143.154635474211
5.7365,-21.9636993234567,-250.967170429543
5.737,-24.4803959551688,-407.367044388053
5.7375,-23.5469734758701,-626.783556476952
5.738,-13.0728410507005,-896.797263665628
5.7385,2.24921514640987,-1200.40133776452
5.739,4.56332222132331,-1513.3189744583
5.7395,-13.839947252831,-1788.26097962792
5.74,-37.9573670668482,-1968.7502143594
5.7405,-50.0114157013416,-2027.73946434859
5.741,-51.9284213042935,-1982.56951215881
5.7415,-57.7835284395708,-1870.39001860041
5.742,-71.9308125799549,-1720.01666880115
5.7425,-86.7296512730297,-1546.39926143807
5.743,-97.5824990818937,-1352.86118918821
5.7435,-107.660200953157,-1128.36175256267
5.744,-117.63836187863,-855.362353749246
5.7445,-121.204458678024,-532.521145493864
5.745,-114.07704195156,-182.504761560102
5.7455,-100.913290823612,170.422434657859
5.746,-89.2489554932367,520.219753876921
5.7465,-79.7647511461343,866.240950647321
5.747,-66.1049252896364,1191.86652367345
5.7475,-44.3150449467628,1471.02362131776
5.748,-20.5827385736183,1688.23532666216
5.7485,-6.63579145192106,1836.56613063593
5.749,-5.07928642927514,1904.02269688045
5.7495,-1.96849661033561,1882.88170539562
5.75,20.1731727991259,1787.8607428544
5.7505,61.9250359000722,1640.40015007602
5.751,105.73642975387,1434.71263999963
5.7515,135.880275766599,1148.2854078766
5.752,152.187700565457,796.587871794196
5.7525,161.744856767347,451.665630048293
5.753,166.208846454726,187.500641510976
5.7535,163.822801418781,21.5198374260335
5.754,157.218792765593,-77.6739458901221
5.7545,151.19895435081,-145.13643057708
5.755,145.991100475525,-200.982795398514
5.7555,138.109230850089,-256.677733003319
5.756,123.904681865798,-310.706960784701
5.7565,97.4986898459094,-344.933484968675
5.757,51.2967300989802,-349.476546171857
5.7575,-13.2160242483079,-347.388194875322
5.758,-78.0448193977541,-373.54398972329
5.7585,-119.583638792876,-432.827117691001
5.759,-127.257675321549,-499.504953383502
5.7595,-109.358860031916,-552.894531057033
5.76,-84.4219853187541,-590.090419893072
5.7605,-68.9537903204061,-606.663894482569
5.761,-66.2205156377699,-593.025941057457
5.7615,-61.8463094325065,-555.782873248164
5.762,-37.4230748756758,-519.704767765506
5.7625,5.81769143856648,-499.840824041236
5.763,44.3048696059876,-487.643244525216
5.7635,58.3215954143322,-468.005376848689
5.764,50.6233103656008,-432.927405210438
5.7645,32.2156834823219,-377.707339465635
5.765,4.64430721972124,-304.223113336005
5.7655,-29.3390629157196,-228.735019817576
5.766,-51.8352010215857,-163.112496809128
5.7665,-48.6150264254576,-88.5443548099832
5.767,-34.6499076038577,22.1035470710314
5.7675,-38.1502306195008,152.769962000727
5.768,-62.639760772962,252.67562201564
5.7685,-87.6015016649028,309.218851099094
5.769,-103.89740470363,373.118955110898
5.7695,-120.912870951524,488.119736239744
5.77,-135.551356355735,633.855276073977
5.7705,-124.690377436949,770.362433874918
5.771,-81.4517104539098,901.074930787114
5.7715,-33.2514361206753,1043.28714854112
5.772,-6.07980840857804,1162.29504657605
5.7725,8.2085220712381,1194.47903555622
5.773,29.3280119082197,1129.9277544425
5.7735,52.1877711608092,1015.04199286036
5.774,57.6399829748658,865.333806544759
5.7745,47.2107230452811,629.882536862479
5.775,41.0550120844576,267.681471688711
5.7755,46.4403013668666,-178.361384848597
5.776,51.3963155493558,-611.321753384863
5.7765,47.6981962112111,-958.897492627004
5.777,39.283033881654,-1200.79067381285
5.7775,28.8603935348939,-1346.10167398665
5.778,17.3492150096533,-1417.86586237821
5.7785,17.6907688905943,-1450.08713985676
5.779,46.24340638829,-1471.44685930448
5.7795,93.0941841212706,-1488.44391795557
5.78,121.080117932456,-1492.9091602253
5.7805,106.516287617593,-1475.89756186497
5.781,66.5834916752352,-1421.33988238379
5.7815,34.3277903437288,-1298.48697361415
5.782,19.211016049619,-1081.67281702782
5.7825,6.79085770373113,-777.081081451749
5.783,-12.6511465795968,-418.855351414134
5.7835,-33.7653185271805,-42.5992343300927
5.784,-51.7002475726417,328.174474424954
5.7845,-70.2876142492591,677.561934396237
5.785,-90.6380617469416,993.799793072869
5.7855,-105.122037498771,1267.4948921114
5.786,-110.141683763289,1482.85610967486
5.7865,-114.787090839337,1615.7207432625
5.787,-126.313889908623,1652.62197062984
5.7875,-133.029668090627,1608.30822796932
5.788,-114.829487170862,1511.99124725001
5.7885,-71.147689115954,1379.14528389881
5.789,-26.4148044131095,1210.2424758903
5.7895,-3.17925139912209,1015.10055413247
5.79,-0.179704238737679,820.893993238125
5.7905,-4.03458226555556,650.335769018937
5.791,-11.2091487795625,505.33117614845
5.7915,-24.285607969341,380.645301880576
5.792,-33.591580609601,282.263455361045
5.7925,-22.1742508231359,217.799271936433
5.793,9.399780693835,172.277081164022
5.7935,41.6461186126079,109.965933356735
5.794,65.9439729491395,8.82443355014042
5.7945,97.9141022841858,-114.531724223872
5.795,148.96648015948,-225.165646214365
5.7955,199.966360588659,-313.594368909845
5.796,221.829921415733,-407.796082759376
5.7965,214.105369245717,-537.97708396678
5.797,203.331347390308,-700.568016933559
5.7975,205.484327786175,-865.659246397999
5.798,209.396655438837,-1009.84649760136
5.7985,200.310311886956,-1127.11879140423
5.799,182.10689528075,-1212.92244084964
5.7995,167.25622890105,-1256.18167582421
5.8,156.439269117022,-1249.68770902466
5.8005,138.294171120654,-1193.63329595839
5.801,102.843460663059,-1085.79937397247
5.8015,46.8402127145865,-923.847121214122
5.802,-28.8915135244174,-723.663028125184
5.8025,-117.223239545623,-521.236810796821
5.803,-199.730548232434,-347.811030851548
5.8035,-252.395258291138,-213.546046284535
5.804,-262.786172582047,-118.822521348002
5.8045,-242.177515231539,-62.1639606896035
5.805,-217.584942486644,-24.5099600105629
5.8055,-208.3530419752,36.3610010781886
5.806,-210.185570965779,154.717555485588
5.8065,-204.467710694721,326.39676572197
5.807,-181.892479671221,521.930925798977
5.8075,-150.697664686115,718.011234956434
5.808,-120.990714053179,898.020133008592
5.8085,-90.9077942488311,1032.50432210092
5.809,-55.1392091921509,1085.12230029923
5.8095,-18.9422794425461,1040.49847599574
5.81,7.23477357289693,911.913614891301
5.8105,22.8601361674069,725.371682996152
5.811,35.5694657924181,512.448406881533
5.8115,45.8889658674474,312.030579053406
5.812,45.3827989097227,154.034302850979
5.8125,31.5858689967919,37.6534103615606
5.813,14.7653725411388,-56.5670201810704
5.8135,6.25959033212357,-133.334682517814
5.814,6.85936394723529,-181.089888497334
5.8145,9.02475735077958,-200.924166174502
5.815,4.7765229260343,-207.458053602473
5.8155,-9.45623426950991,-193.895482118557
5.816,-29.1115415255708,-126.347641350645
5.8165,-41.2468482058755,10.5661577407149
5.817,-34.3569721825819,186.690040402748
5.8175,-10.2790279213208,363.088661946357
5.818,17.853695198113,531.796262912742
5.8185,38.3433466677537,694.314868119134
5.819,46.4003118776839,821.932742895194
5.8195,40.9340338438802,872.285334728542
5.82,25.9340780212512,837.754380849847
5.8205,13.7969582951844,745.437039884904
5.821,16.4494222832239,611.351466007462
5.8215,32.2716379341507,427.387598994361
5.822,50.8180664560067,199.593519577208
5.8225,68.7942050963606,-31.4115372714453
5.823,89.0542367839162,-224.2193180959
5.8235,105.062447544414,-371.075563496327
5.824,103.169936873302,-485.054721347432
5.8245,84.2791869119856,-572.531779013045
5.825,67.0645920110442,-637.96210494054
5.8255,62.7396050159799,-702.435240645554
5.826,61.3235454515143,-792.47471467218
5.8265,50.5727597355376,-909.127003153178
5.827,32.9590371436531,-1022.20601097659
5.8275,14.0185102345092,-1095.78337502413
5.828,-9.21199209846994,-1109.48949829376
5.8285,-33.3225814289552,-1058.49671159404
5.829,-37.7940347218192,-949.68053791534
5.8295,-10.0586056339632,-804.18864100544
5.83,27.7743638237844,-652.18798404366
5.8305,39.0797138862862,-514.02738499583
5.831,16.3466344068808,-388.44819900369
5.8315,-14.4589653666661,-264.791789340176
5.832,-30.9329047985884,-144.924258313606
5.8325,-35.6459126249517,-47.5171701787863
5.833,-39.6733069297672,10.8813158159135
5.8335,-45.5108556926316,36.9394681610341
5.834,-52.9506218475761,60.7572691246527
5.8345,-64.2929247819321,112.581266147633
5.835,-73.5285998146208,196.107155415558
5.8355,-63.9006067785011,284.580631713506
5.836,-28.5465288798649,346.437218439182
5.8365,14.849279520056,375.519765858376
5.837,41.4470373307114,392.55995914591
5.8375,46.1171388265597,417.868203108198
5.838,42.9552320270027,452.794688853416
5.8385,41.98171862798,494.191858294974
5.839,37.6648011033866,553.713755411656
5.8395,21.2944402362555,642.000236933361
5.84,-4.90406417734654,736.186992904439
5.8405,-30.8631368562692,790.891157613913
5.841,-50.244998471487,795.922103762472
5.8415,-62.4717369412347,799.841594982067
5.842,-65.8276582746066,848.138021862838
5.8425,-57.8948889658773,909.111013452314
5.843,-46.437580208204,895.023607140414
5.8435,-50.0899231280444,759.223847288848
5.844,-75.9621488392255,540.326743316797
5.8445,-100.086687403667,300.617147109368
5.845,-86.6604797946665,55.7058144278552
5.8455,-31.5989757205315,-209.385118495183
5.846,28.1675227199902,-481.445790577695
5.8465,58.4944428368549,-714.482154714621
5.847,67.0912970847742,-875.636694485359
5.8475,84.2251543865257,-963.125179782107
5.848,116.835182662075,-980.880750084386
5.8485,143.658262457691,-927.887474473556
5.849,150.552402836371,-819.516518847467
5.8495,145.295133493383,-692.90516107936
5.85,133.827622109157,-579.369595935761
5.8505,106.598338392204,-487.769861707541
5.851,61.2333237536425,-418.276399091786
5.8515,19.7896318446021,-369.344273798171
5.852,4.60257613774963,-323.467099308958
5.8525,6.16828515184895,-251.597577070789
5.853,-7.25306690578083,-148.054802622829
5.8535,-50.6106165949646,-43.0155642480137
5.854,-105.917520663137,34.8599510955512
5.8545,-143.940957794105,92.4452387961501
5.855,-150.428825165314,155.70117922617
5.8555,-130.706925283827,237.513469078742
5.856,-100.190042773261,337.797913126791
5.8565,-75.1121840064048,455.952610474745
5.857,-64.5399532556631,580.680698895978
5.8575,-64.2417649273074,681.908868487958
5.858,-60.3842208402748,736.662932689903
5.8585,-43.4892288457976,753.148189205012
5.859,-18.0692428931532,749.229778957056
5.8595,3.8703698295665,721.588313284195
5.86,17.0835675403334,661.781652561098
5.8605,26.2576914633007,588.28352641979
5.861,34.24952580658,528.565199882691
5.8615,33.35905399064,476.417433873557
5.862,15.079320326898,402.875085482318
5.8625,-13.6829602116831,307.04169326575
5.863,-33.5357947595931,216.566621500486
5.8635,-34.696188979639,132.644258702724
5.864,-27.7937478485823,16.7333135780132
5.8645,-27.0261335560045,-150.67862130943
5.865,-30.4619041154259,-334.327322064142
5.8655,-25.8074630160099,-491.417506369893
5.866,-9.44774634953272,-625.798912220663
5.8665,11.5796490425768,-767.442402954135
5.867,33.0163495396604,-919.777728158256
5.8675,56.1908104268742,-1055.95473709119
5.868,77.7933371196881,-1151.58381023602
5.8685,89.0741489087425,-1194.13286975742
5.869,87.871345468328,-1173.33000873017
5.8695,82.1319207110617,-1090.87106300106
5.87,79.3669007808608,-971.916159573422
5.8705,80.4707984680306,-841.772922205793
5.871,83.6894509805143,-698.307213605147
5.8715,84.7438068317814,-530.855488494179
5.872,73.5196354825161,-354.62434511047
5.8725,43.3056148367625,-192.134420040761
5.873,4.97121280728579,-22.5580268432203
5.8735,-21.4113261070836,212.383579497638
5.874,-32.1324335730852,536.594766909889
5.8745,-42.9810276664826,896.693825962424
5.875,-62.749532772528,1205.63320104174
5.8755,-79.7925442276078,1413.58830146106
5.876,-82.7103454914093,1523.82098083647
5.8765,-77.9910318267115,1553.98754376315
5.877,-75.2396916355378,1502.36614438382
5.8775,-69.5264380456195,1355.87668328502
5.878,-53.5170667856434,1125.66489351124
5.8785,-35.5161780733585,866.607271239398
5.879,-28.4169325103003,646.402916054964
5.8795,-28.4782797602759,484.340686971246
5.88,-21.5894559483283,331.568939512124
5.8805,-5.03128524426003,127.964786478787
5.881,12.624858687625,-131.586568458083
5.8815,28.190617144024,-407.275281805592
5.882,44.1736004592719,-675.793440269762
5.8825,56.5808832602654,-944.20754198684
5.883,60.1147519577685,-1201.79858766122
5.8835,63.8385254923376,-1399.56438622322
5.884,82.9645393716438,-1496.61961389504
5.8845,112.718382065575,-1497.37688600015
5.885,127.612521083923,-1422.89695308289
5.8855,112.145923226178,-1275.20836290716
5.886,78.0005001859829,-1059.26328732179
5.8865,44.6851726764893,-816.926133189117
5.887,16.2341499497151,-600.807622442285
5.8875,-14.5027851764903,-420.451135617446
5.888,-48.4861397713248,-243.844706802712
5.8885,-77.4552457032111,-47.6707368277956
5.889,-94.2110746556678,161.356410934976
5.8895,-99.7652868607339,370.435170418966
5.89,-101.92866951515,574.147533244878
5.8905,-108.048549341778,760.526533568071
5.891,-116.199581124396,911.960580828675
5.8915,-115.542749695463,1026.98229599304
5.892,-101.041119135598,1115.56457926698
5.8925,-83.8099167926901,1165.05600820104
5.893,-76.7406181966051,1139.74798552549
5.8935,-72.8290909609877,1031.51564433439
5.894,-52.0842455141845,887.785439510753
5.8945,-11.3365171155413,767.735974168128
5.895,27.718007551031,686.721776258379
5.8955,45.2566589438784,622.869689692897
5.896,44.5488231700928,559.146189647512
5.8965,39.5714905688245,490.531324718019
5.897,34.6873079949121,403.251008983617
5.8975,26.9038223916786,284.334524600092
5.898,17.6069777197906,153.714221746697
5.8985,9.52792983770665,53.0160524058617
5.899,-0.926958873362476,-9.67336097074971
5.8995,-15.6139030536057,-77.7792002386571
5.9,-22.9640525927841,-194.3230537459
5.9005,-6.86182088601541,-354.557179572528
5.901,32.9222011170422,-526.919373799182
5.9015,78.582330755293,-696.630376314986
5.902,113.356946004909,-860.448239262434
5.9025,135.463290920227,-995.233164509014
5.903,152.175535655517,-1069.82410993329
5.9035,167.022748242238,-1089.07517541879
5.904,176.465607611836,-1094.00390825746
5.9045,176.351452585656,-1108.9187208699
5.905,168.278093128645,-1112.72893747524
5.9055,157.856782869259,-1071.88458229681
5.906,145.773273596389,-977.026026454685
5.9065,122.987788842349,-833.320216450348
5.907,79.6377778645963,-639.655071871368
5.9075,18.3489586003913,-401.652175074299
5.908,-47.1253649069733,-151.022405785881
5.9085,-106.426150437289,72.1976209645541
5.909,-157.350323282178,250.942877097389
5.9095,-194.546540210938,388.937349998735
5.91,-205.911177637742,488.734115306604
5.9105,-189.749078885085,552.476027866163
5.911,-167.077214906727,595.104769384545
5.9115,-163.248293733011,633.223415036056
5.912,-178.568464159274,665.757447646902
5.9125,-188.157797179049,687.039244931197
5.913,-172.417941859708,710.837083266642
5.9135,-138.68507766768,752.526946473068
5.914,-109.414379969301,790.283684984788
5.9145,-95.8493889055298,776.838876819893
5.915,-88.5054808298916,695.462128016324
5.9155,-70.3387868492553,574.561786755853
5.916,-34.5433480467835,440.533988849415
5.9165,10.2391177749505,291.664202235539
5.917,48.8893928743866,135.280481632936
5.9175,71.9884699541425,14.985171679875
5.918,80.1948186959756,-31.355076935288
5.9185,80.2081390681483,-21.3298105750954
5.919,79.4288331479279,-5.88929055604232
5.9195,82.7702757414406,-9.41433744668451
5.92,89.9105162122994,-16.4415793844759
5.9205,95.051801412128,-4.60038482568896
5.921,93.3110647156253,38.4430847616402
5.9215,87.6410875689934,122.35007507432
5.922,84.6916503277541,245.688554507314
5.9225,83.6322208805412,377.850097539491
5.923,76.0698079102517,475.66284122569
5.9235,59.5686936952603,524.057119640694
5.924,43.5667510384472,540.148290465743
5.9245,36.2105615830446,532.576472540007
5.925,31.3995832083659,478.222657445514
5.9255,16.5824116987804,351.020890560493
5.926,-9.63846314591708,161.996951233405
5.9265,-34.8568832120356,-39.5024538632536
5.927,-46.5683780381218,-201.777567388405
5.9275,-42.6601185353038,-309.731089731171
5.928,-29.1291820785494,-395.891780820976
5.9285,-13.4758069273454,-508.713351857226
5.929,-2.00972038060325,-659.138968401693
5.9295,-0.127359932998185,-804.130203678109
5.93,-12.0296817535591,-897.100329898912
5.9305,-37.5588014188441,-946.972525967081
5.931,-66.7138772000206,-1005.02627625965
5.9315,-79.977152245658,-1094.85880531326
5.932,-62.3410308197493,-1180.85652487864
5.9325,-19.7596108054024,-1212.14032064238
5.933,25.4707601373543,-1173.56815518185
5.9335,59.2264618935161,-1080.82633783985
5.934,86.9611561977581,-946.38512459711
5.9345,115.111750419883,-771.039555468459
5.935,132.28526898352,-559.818336847674
5.9355,122.059557769582,-328.125611711454
5.936,88.52629462737,-92.652497777478
5.9365,53.640287391395,135.13515971631
5.937,29.8981763495732,347.677900070265
5.9375,10.682903833837,536.031131548397
5.938,-9.49708770801469,681.299539328319
5.9385,-21.0174076047723,754.479153935427
5.939,-15.4394560650529,740.769685205312
5.9395,-5.55884072865226,668.435210619532
5.94,-15.3513898079644,595.185363494035
5.9405,-51.1578941300674,553.225704713486
5.941,-92.7592655311133,520.709338901113
5.9415,-115.42883311084,459.460279572929
5.942,-114.831669611233,365.28521802406
5.9425,-106.699432026625,262.695770126142
5.943,-105.64342642191,164.757015581898
5.9435,-109.687736400692,67.5235859937005
5.944,-106.34513330312,-18.494553196047
5.9445,-89.0355797078377,-63.2547578271846
5.945,-62.526422198256,-55.0067112537174
5.9455,-33.8579843683458,-18.382778534734
5.946,-4.95471604817454,24.1910790684556
5.9465,23.3416630501653,90.4460548715185
5.947,46.2308425515032,210.382470866792
5.9475,59.2090500621804,368.335233577787
5.948,63.4676880813395,505.778276563814
5.9485,62.0340421332175,590.428515058916
5.949,54.4085055364679,653.463965339491
5.9495,40.8568994374361,736.765590158617
5.95,27.9174675745284,826.223334476609
5.9505,21.6151075115116,872.843572001668
5.951,17.6049098516838,871.51627298833
5.9515,7.00218611528658,873.684300163163
5.952,-8.63842014273659,905.410650614865
5.9525,-17.3646784867681,908.735944239665
5.953,-12.8074356240104,796.064183611954
5.9535,-1.29561064159281,544.278577329915
5.954,8.88677492649635,205.530015069652
5.9545,16.455852107654,-158.461587402535
5.955,22.5256028211766,-514.09413915735
5.9555,26.7983410523672,-834.895572865975
5.956,33.686606546416,-1090.32417810595
5.9565,52.7666574329186,-1273.11513094162
5.957,84.2842231183965,-1406.7938499644
5.9575,110.640550173343,-1505.1272592444
5.958,112.637783315769,-1545.35860255307
5.9585,91.4955288468128,-1500.15136737127
5.959,65.6412321071804,-1375.87820590004
5.9595,47.4206633988445,-1197.06582437522
5.96,32.8860689355028,-969.492818481929
5.9605,15.0981949048586,-686.741851058549
5.961,-3.54727662388314,-367.8268281673
5.9615,-17.9541062098565,-62.7219224319626
5.962,-31.4472646243757,183.973755459094
5.9625,-51.5702006404868,360.935615154077
5.963,-77.5250039247211,481.337810280286
5.9635,-99.9563569195134,559.986827777371
5.964,-113.618057466736,603.140587054707
5.9645,-122.717113595418,613.578661023706
5.965,-130.245822036017,602.113122845729
5.9655,-128.435286313768,591.71934688698
5.966,-107.229766672922,600.596042631824
5.9665,-70.461970555609,617.280274758344
5.967,-36.0516879507189,606.14800982176
5.9675,-18.1439177624312,548.010856600224
5.968,-14.0873191758998,462.738593665143
5.9685,-11.1181312419643,378.587505069578
5.969,-0.809417222559075,293.647493401193
5.9695,16.0733456750436,188.662846298311
5.97,33.5497794112939,68.1268028370596
5.9705,44.013417524018,-37.115338703731
5.971,41.8584459197699,-105.334810277311
5.9715,29.6303733278581,-136.619282243439
5.972,18.2081767224938,-130.094644305111
5.9725,15.342618875346,-77.9064749695281
5.973,16.495378384078,7.86547794510598
5.9735,12.9839562265743,88.2675030074694
5.974,6.11627979877446,135.646287454333
5.9745,5.1288463867129,161.659429920703
5.975,12.9252628423303,189.458293498928
5.9755,23.4847686258601,212.804398802834
5.976,33.2720481628151,204.229575341248
5.9765,43.9262174647534,153.771617186855
5.977,50.7035930704126,74.321292678471
5.9775,40.5814974605444,-30.4531992562838
5.978,10.5169947036551,-178.828907526426
5.9785,-20.4920067812785,-382.789685173949
5.979,-28.1411930990295,-623.820137561663
5.9795,-8.60120648217765,-868.33054489215
5.98,20.477469787401,-1095.01354752298
5.9805,42.1280539551496,-1291.73500942797
5.981,54.4934310718092,-1431.3262189886
5.9815,63.1664042448873,-1470.90746113953
5.982,67.7176583110613,-1386.69243305105
5.9825,60.6717457627574,-1203.81744195923
5.983,37.4929672015128,-980.285454437647
5.9835,4.48070821137087,-756.777670742648
5.984,-24.4089458422619,-525.61394841616
5.9845,-39.5788639686332,-252.280337406686
5.985,-44.1132216199421,76.6835339625403
5.9855,-47.471325843155,434.925520748243
5.986,-51.3806780282158,784.518042503483
5.9865,-47.2656792216725,1110.55516894774
5.987,-29.3128814672348,1417.26949157817
5.9875,-3.82497928304566,1696.02396289149
5.988,18.4042152777375,1914.48488674408
5.9885,33.2833864524653,2045.50322165842
5.989,42.0416247775777,2097.65200404725
5.9895,44.9520914993871,2105.39027459876
5.99,43.80231082578,2088.09627961646
5.9905,45.3046809049117,2023.46957927922
5.991,52.669434761896,1861.60778063246
5.9915,57.2518851074807,1565.57603889112
5.992,48.9655427114298,1147.03081829062
5.9925,33.0271269521086,671.951587835182
5.993,24.5964098176255,227.570292714356
5.9935,26.2180021461119,-131.16373243481
5.994,22.9071218790452,-411.641266134266
5.9945,3.53357784708204,-660.410070602377
5.995,-23.6966930338926,-911.52444898483
5.9955,-42.7196921195523,-1161.29418853555
5.996,-47.581118101611,-1387.21494396064
5.9965,-43.154823744728,-1576.43827730258
5.997,-36.8392322611231,-1731.41541041286
5.9975,-36.7955643683245,-1858.64508715712
5.998,-50.03644236608,-1957.17463650909
5.9985,-72.678377837292,-2009.08997829439
5.999,-88.0397447706562,-1979.31954119859
5.9995,-84.3518134282347,-1841.45747187225
6,-70.1313974135015,-1615.17687560647
6.0005,-62.4888815067013,-1365.99609567334
6.001,-64.4762944618793,-1154.47970470837
6.0015,-65.0825476319714,-992.863101654286
6.002,-58.5926324600769,-858.66369812516
6.0025,-50.8853730404616,-732.101664062007
6.003,-46.3971599468099,-599.821548239165
6.0035,-41.9003758137487,-437.704670209529
6.004,-36.1011660107836,-223.157533404729
6.0045,-33.0515550403803,33.9578542707481
6.005,-30.8871992944203,297.310283692211
6.0055,-19.0409986937083,543.419538175095
6.006,4.7463023575348,772.21884857757
6.0065,23.7249180933137,977.907114626929
6.007,19.1652433041213,1140.22290131191
6.0075,-6.64788990881949,1257.00120719985
6.008,-33.8577932736194,1357.69264008223
6.0085,-48.1108626991691,1463.27675345112
6.009,-50.7105507191013,1551.06290582149
6.0095,-47.4520278636523,1581.11593562533
6.01,-37.881665957723,1544.74650897046
6.0105,-18.726678009338,1465.12961158052
6.011,9.09821076260934,1359.20171041278
6.0115,41.8042083366624,1222.75687286925
6.012,78.0573216990508,1051.85705481349
6.0125,118.756625190753,858.223589712228
6.013,161.040363289018,657.781342217913
6.0135,194.311072266116,455.90430533762
6.014,204.807783456837,249.0243041526
6.0145,186.713886570849,34.8099111119886
6.015,148.571947407176,-180.891936913299
6.0155,106.204993059598,-383.276857294443
6.016,69.8805440994947,-555.164360615446
6.0165,41.9859918496374,-686.773895502481
6.017,25.1765223833618,-777.55971821848
6.0175,23.740343985799,-830.256328373174
6.018,33.6730179261648,-850.597322246867
6.0185,39.9765855071904,-851.002034395212
6.019,30.9007975898407,-839.916552099414
6.0195,10.0160523220392,-802.965727732127
6.02,-11.5728362330332,-709.639227867347
6.0205,-29.52287721768,-547.76983764418
6.021,-46.1284735261544,-339.91395416476
6.0215,-61.522813853001,-119.029260833832
6.022,-73.3409362411092,96.2955658435966
6.0225,-81.1601106632105,292.528636449102
6.023,-83.5156139672206,446.307368504229
6.0235,-75.3478289832417,538.477603150592
6.024,-57.5264069133041,573.677124015031
6.0245,-43.5584932805436,571.727575701351
6.025,-44.6066109901781,550.199191266439
6.0255,-50.7491815861525,526.157068578133
6.026,-40.4592848846235,513.752527151523
6.0265,-8.68753808008477,496.378260175247
6.027,26.498760726315,419.296563079152
6.0275,45.6613953722805,243.974258817929
6.028,45.0131864176834,4.66947045851702
6.0285,32.4106406483983,-219.283245991692
6.029,19.625258342106,-385.687514228829
6.0295,18.8023778484578,-515.557757701257
6.03,31.6634475419169,-640.521277702383
6.0305,40.2030097571692,-761.515897609033
6.031,23.7771202028077,-869.448828991315
6.0315,-11.4436396781399,-972.352938585883
6.032,-37.2401516619015,-1079.90104901989
6.0325,-42.0134648969283,-1180.61395833418
6.033,-44.4195023050982,-1252.34828603964
6.0335,-59.4138048281892,-1279.82844744006
6.034,-72.9319766877512,-1247.05170835804
6.0345,-67.3327921989515,-1130.23728782355
6.035,-53.3364702306788,-920.877701396131
6.0355,-53.6348156282583,-649.040925028552
6.036,-66.1572719744533,-365.087532411589
6.0365,-67.8607689193796,-97.5335938429352
6.037,-50.5347186021327,162.152330302131
6.0375,-31.2874842027698,435.026885342286
6.038,-27.8719575684747,720.942038319552
6.0385,-40.7563057025811,985.710138651175
6.039,-59.2675883713761,1178.06079010076
6.0395,-70.667315982643,1265.02712825002
6.04,-64.6945188323785,1255.89757249109
6.0405,-43.3836067881735,1190.30366888614
6.041,-23.5136703282342,1105.50355869529
6.0415,-14.5199543461306,1021.08073910601
6.042,0.910933456931894,948.545158946497
6.0425,44.8488574835102,899.388247674158
6.043,105.479704847222,880.509284737921
6.0435,143.136288390801,889.566360392523
6.044,138.048512423072,908.296491633934
6.0445,111.483020095975,885.67885869228
6.045,93.9903078738273,740.696306867967
6.0455,91.6864667883755,419.22927774123
6.046,90.4208084895116,-38.5214738740776
6.0465,74.9384185587171,-511.039505257659
6.047,36.7535496733165,-891.761727739761
6.0475,-18.1885866392536,-1160.49294967948
6.048,-61.2442972212057,-1357.74531859957
6.0485,-60.7202529859893,-1516.21015183099
6.049,-22.3105623039541,-1632.17028214151
6.0495,8.80550364963534,-1679.54141575961
6.05,1.46387833644396,-1629.70729609315
6.0505,-22.9589755857312,-1472.49669872777
6.051,-22.9670569740619,-1234.96018885268
6.0515,8.13181524832261,-964.365786191113
6.052,41.1881012707175,-678.000608176661
6.0525,52.4365876973099,-349.619421843986
6.053,40.6670722134849,36.2035540746442
6.0535,10.2435603751263,438.9009038125
6.054,-35.672088600698,796.808449732045
6.0545,-83.104143361703,1089.17458895513
6.055,-111.697189398528,1335.72101018074
6.0555,-118.150755846681,1551.04058079072
6.056,-118.467067749638,1731.36932065433
6.0565,-120.265105128571,1873.08178178831
6.057,-107.606955060643,1965.84079089886
6.0575,-61.9386546113474,1970.16805196854
6.058,12.1132248575589,1838.14226590007
6.0585,89.1663139287785,1563.63582172387
6.059,143.995205315381,1189.69022631697
6.0595,166.206865566804,768.317393028443
6.06,163.761817782774,337.577046674392
6.0605,158.198966040796,-69.418518346339
6.061,168.224025764355,-429.194352098852
6.0615,189.822934254312,-744.550108593257
6.062,196.643336641645,-1024.08745372107
6.0625,166.406213617354,-1242.14927567779
6.063,104.776723215434,-1353.55524745469
6.0635,39.0522028649506,-1353.20079537344
6.064,-9.29266567300522,-1282.88280512985
6.0645,-41.6905911122041,-1168.9126680814
6.065,-73.3683587642622,-995.142730409696
6.0655,-111.024748552199,-758.473940283265
6.066,-142.297534317544,-510.702331887876
6.0665,-149.292412881973,-312.81333668771
6.067,-131.50494857128,-176.428820786162
6.0675,-109.472547626518,-82.3453974129893
6.068,-102.235453376405,-30.5749253325568
6.0685,-106.913293132596,-34.0331558406471
6.069,-106.6792712937,-80.7718966769373
6.0695,-93.262782127798,-142.849704015698
6.07,-72.2915162686119,-215.409931679996
6.0705,-50.6181602438675,-312.392743397139
6.071,-30.7425284147089,-428.573422657845
6.0715,-17.0981197041528,-540.248131975331
6.072,-14.5361487408071,-643.45168046824
6.0725,-17.4447959782143,-757.267922980046
6.073,-12.4798737118007,-879.147587937933
6.0735,2.56753372264806,-960.511039109627
6.074,13.3908698225089,-938.033232692043
6.0745,9.07254817824864,-777.997725420117
6.075,-3.14759515747572,-491.990577374136
6.0755,-11.5721905715579,-129.175621208335
6.076,-18.386457578808,243.411386157373
6.0765,-31.7389783249907,571.50608644435
6.077,-46.0789968781544,834.457373096531
6.0775,-45.5986578051888,1032.91083225348
6.078,-26.747527467277,1165.33071100673
6.0785,-3.95370907976352,1231.36039326867
6.079,9.83509657394812,1247.41621047215
6.0795,16.8996211003013,1234.64281675603
6.08,24.1370101244052,1196.12811259079
6.0805,28.9977441763172,1131.69812317284
6.081,25.1164318229324,1071.14590614527
6.0815,16.9873321467065,1057.63727891132
6.082,19.7865164149027,1086.9401720967
6.0825,44.3579923892288,1090.77731004061
6.083,86.8204050791378,997.997528411813
6.0835,131.456831195126,796.829049518331
6.084,159.182890638478,527.996265106087
6.0845,155.979641899903,237.92161543528
6.085,122.00000663928,-45.223084121715
6.0855,75.530083511262,-305.56418302892
6.086,41.9415439099373,-530.701182395754
6.0865,33.4376873532215,-707.9437585291
6.087,41.0826024168457,-824.726099876332
6.0875,47.9296191765259,-879.341307236659
6.088,45.2858089746311,-890.033415254701
6.0885,32.9595780564894,-878.623879352618
6.089,10.1896081613872,-844.050509281996
6.0895,-24.0482468539062,-769.165748110329
6.09,-61.9843787093304,-654.303688967739
6.0905,-87.1908982687447,-522.216285873776
6.091,-88.9189859213396,-386.261167267436
6.0915,-73.8321146242079,-238.143429094006
6.092,-60.5925236717701,-74.0229409484771
6.0925,-62.9968488980446,91.0411304018953
6.093,-77.8962715625421,238.741273190338
6.0935,-88.1900476499307,346.67960681584
6.094,-79.1213107825161,366.368810221472
6.0945,-53.7484984690827,246.406036166114
6.095,-29.9632331591149,2.39822917815501
6.0955,-19.9168337848558,-273.113949298796
6.096,-17.6791644962528,-500.577654241595
6.0965,-12.6504003626302,-680.553172675464
6.097,-7.74651176665193,-842.327065516341
6.0975,-12.2354104032021,-970.009908729044
6.098,-20.7254916475538,-1030.3084713864
6.0985,-15.9774128091876,-1037.71670492613
6.099,4.73985778619123,-1024.80781602744
6.0995,21.5594473194332,-965.111784244683
6.1,16.4295836573043,-797.811847291308
6.1005,-7.50667986327086,-530.223495661445
6.101,-36.7811314051578,-247.294210118843
6.1015,-62.3943683924984,-5.88156889536001
6.102,-74.3947420139315,216.675597955418
6.1025,-58.4155100095752,446.224924814334
6.103,-13.7271994288442,645.622947258453
6.1035,36.773361643764,762.899314818156
6.104,70.8448675114057,800.484493178977
6.1045,90.8899688277583,797.81634170412
6.105,107.146169167228,780.86064607819
6.1055,110.18563681664,765.949408503432
6.106,85.4631647559557,781.029071930075
6.1065,48.3412868304424,840.811234206806
6.107,35.1606331898924,920.096483447087
6.1075,57.0044176423413,984.098954021467
6.108,88.2823397091771,1025.62779194666
6.1085,105.810578629576,1046.30823131026
6.109,111.882488475189,1030.09079483619
6.1095,108.856729331969,969.61845060137
6.11,80.0031256606796,890.742527530444
6.1105,17.0744874081742,810.870644346537
6.111,-52.782649961954,698.362041219017
6.1115,-92.4692748019205,517.872550406243
6.112,-97.6858627312532,292.745696901451
6.1125,-93.9130204643555,70.4444521207128
6.113,-98.0675041748405,-156.231438287216
6.1135,-103.086296826108,-432.856663841319
6.114,-96.8721651608532,-752.992677043728
6.1145,-77.743289358948,-1045.42493458786
6.115,-50.8547281719251,-1260.28864839747
6.1155,-24.4139547026596,-1412.83268283214
6.116,-10.452107701553,-1527.09683312001
6.1165,-16.4764019628569,-1589.72116743979
6.117,-34.840180964972,-1584.21975490871
6.1175,-50.598796457497,-1524.45144662047
6.118,-59.3261419435041,-1421.84637274621
6.1185,-66.1453015466289,-1254.59371245561
6.119,-68.4802407801788,-1001.35806538237
6.1195,-54.4218608159848,-678.197503870825
6.12,-22.1916275059622,-314.167110644181
6.1205,11.0690237305326,81.6256403154246
6.121,27.044942222664,496.760517927515
6.1215,25.2624705778222,883.821204103294
6.122,18.4236374652439,1189.86004446981
6.1225,14.8253330929018,1406.21402599814
6.123,12.5955927982759,1558.45986138449
6.1235,9.5847654595562,1656.51548611894
6.124,12.6718064754649,1684.55780732542
6.1245,32.5225909366922,1635.45075904337
6.125,66.8347748915601,1526.63999043215
6.1255,92.3202272733856,1377.87212126137
6.126,83.55394711153,1189.78188055338
6.1265,44.700504522774,946.781126389787
6.127,12.5787491822588,634.510498599645
6.1275,17.2060876529905,262.853104418644
6.128,45.7125118211361,-120.826725073449
6.1285,59.0688767345945,-457.375055494943
6.129,40.9234115016386,-728.266434513449
6.1295,13.2878522458581,-964.333362102149
6.13,3.03682755181893,-1184.11221102841
6.1305,11.1826486009856,-1345.01554603312
6.131,22.9018981888201,-1386.10605639825
6.1315,31.959321494724,-1306.28978319588
6.132,41.5218021026167,-1165.66548207766
6.1325,50.1694061407553,-1014.11525677989
6.133,51.9200195797554,-854.179481344532
6.1335,46.9390155823674,-678.148813966483
6.134,40.2295355513148,-505.000578873461
6.1345,30.7497275499093,-360.655095317193
6.135,12.4630334418262,-242.930704224477
6.1355,-12.9049563831804,-127.476685839382
6.136,-33.5753912845514,0.214904728300034
6.1365,-41.2845306263587,134.940917351179
6.137,-40.2975764727418,271.227463597903
6.1375,-39.5458912335062,418.212178702483
6.138,-41.7745789937633,584.540094235789
6.1385,-44.9930809267532,746.372608204761
6.139,-49.3834196011208,840.577980274961
6.1395,-55.358017896862,808.517924636356
6.14,-56.5773091730198,653.555358560273
6.1405,-43.7359881635632,442.478100837596
6.141,-18.7631139479225,243.738605949928
6.1415,1.35342163260776,79.270086602388
6.142,1.60974693293493,-59.1418076439053
6.1425,-13.576893572919,-177.143394461325
6.143,-27.7320772029184,-285.196535057746
6.1435,-34.9739321909072,-411.685414974822
6.144,-43.9879121399608,-570.568908575454
6.1445,-56.8593352560735,-728.250624484256
6.145,-57.5041353393359,-840.182501881275
6.1455,-32.4628449439012,-913.782487632994
6.146,4.85345897610271,-995.997951727356
6.1465,25.2804660488195,-1099.38739761164
6.147,17.4504815285244,-1180.41085409899
6.1475,-2.97204106320257,-1195.6286540781
6.148,-17.9607648330855,-1139.49424821149
6.1485,-26.9297508350124,-1016.95211140645
6.149,-37.26293149553,-820.105467750052
6.1495,-47.9886432860171,-551.863941909121
6.15,-52.039418759802,-239.53828612674
6.1505,-46.853692543346,94.9372468895456
6.151,-34.2218677815892,448.498034891317
6.1515,-15.7123082796006,803.4227159026
6.152,3.73375213057888,1114.70473152908
6.1525,13.7719099928573,1354.99347698045
6.153,10.2190665323867,1540.53376322339
6.1535,5.06844804446905,1685.88124635238
6.154,14.5563417377634,1765.11106337916
6.1545,37.9245307224698,1751.01259951782
6.155,57.0143106281634,1663.856607173
6.1555,57.5455061080472,1543.80239638963
6.156,43.1566377281583,1400.51823851096
6.1565,27.5963213008233,1231.77723775046
6.157,20.5980396050415,1068.95634669338
6.1575,23.2304818156011,953.911949244816
6.158,29.8165514068921,881.301753659212
6.1585,30.9358470642308,809.833321538531
6.159,20.3956969845473,722.048536627141
6.1595,3.81542727571363,625.648784960526
6.16,-3.10977426167861,502.680294614742
6.1605,11.0942975112269,313.49415930235
6.161,42.0497398375341,61.00772825899
6.1615,72.8568475177898,-193.260867408142
6.162,86.8106961611538,-386.696089305085
6.1625,77.8558619268846,-492.638380831975
6.163,53.9652785820776,-504.872457551062
6.1635,31.4891550713105,-440.824056196246
6.164,20.8712549673896,-367.64074124912
6.1645,16.323352052709,-362.029164932595
6.165,5.64881750770587,-417.48731444426
6.1655,-8.12806505422508,-444.278456876594
6.166,-4.65410011725448,-391.365453985432
6.1665,27.151045810355,-318.115488587073
6.167,68.7107326581202,-312.867225633339
6.1675,89.7833606233501,-394.550780523593
6.168,83.2644481647959,-537.12597900467
6.1685,69.4812303729426,-735.717368859066
6.169,66.2503689790106,-989.814268101822
6.1695,68.4748902318521,-1266.93211919462
6.17,61.5732495736099,-1549.52621975635
6.1705,41.5975541039012,-1876.48561724492
6.171,12.6278286120347,-2256.39264704718
6.1715,-24.9897882337502,-2567.62680637983
6.172,-69.5904810007107,-2641.5607739644
6.1725,-106.543582325914,-2448.34466848979
6.173,-118.158696549251,-2118.20161336871
6.1735,-108.126498267013,-1772.72544002
6.174,-103.118471269708,-1421.76323730622
6.1745,-122.733667444872,-1043.50359620746
6.175,-155.771696653014,-666.761557011352
6.1755,-174.208975033664,-318.745053179967
6.176,-165.66455102802,34.9222831846376
6.1765,-143.506523132341,431.248236866079
6.177,-127.034638868977,838.454269792117
6.1775,-121.015186621287,1201.39238202272
6.178,-117.372228507548,1517.20669509912
6.1785,-109.919360258672,1808.15606343446
6.179,-100.536243333423,2054.34520462341
6.1795,-91.9109247045102,2213.34224972059
6.18,-80.3401929796776,2280.45489475674
6.1805,-59.3973189464233,2273.15255616454
6.181,-28.8364590424026,2180.29275835877
6.1815,3.8828783623529,1985.95926649431
6.182,31.0521640548018,1724.68470838382
6.1825,50.6627659954136,1454.70984723275
6.183,64.960290777746,1193.75459726529
6.1835,77.7282036086125,939.917671123973
6.184,94.5446216902147,733.649107858039
6.1845,119.53732713069,623.648577849872
6.185,146.876116445484,580.327859981323
6.1855,160.907739082044,523.644494742725
6.186,152.644170800394,440.414036316686
6.1865,132.96142347071,393.043683490512
6.187,120.513643500488,401.599384192986
6.1875,118.618054971723,406.133091253407
6.188,114.997911689685,370.140361864773
6.1885,104.282468394709,323.896288182532
6.189,97.1812643747464,257.06921324453
6.1895,102.338707565733,68.2995455282457
6.19,111.402994449918,-293.904851267784
6.1905,110.599195090623,-717.180851190603
6.191,97.4077410533132,-1057.12145215971
6.1915,76.1965909803605,-1332.462554069
6.192,46.5140163204163,-1670.09337743289
6.1925,8.69980400333648,-2074.0661190217
6.193,-24.6214108695409,-2373.3450099844
6.1935,-37.3025771230451,-2421.77369947358
6.194,-29.4299507210599,-2248.12012302111
6.1945,-17.0032120469428,-1969.79402342131
6.195,-12.240433901961,-1649.47459091878
6.1955,-14.8776406325848,-1298.51202937271
6.196,-22.5167212163361,-953.372148053544
6.1965,-36.8560858478828,-668.095447955208
6.197,-56.2045795911206,-453.7150600381
6.1975,-72.4252748664923,-278.546085370487
6.198,-80.5947344621468,-111.416053466104
6.1985,-84.5034658596905,73.0232228216459
6.199,-89.0775382565321,304.791493703758
6.1995,-94.4250008390411,587.973048835596
6.2,-100.043543682029,875.901236563749
6.2005,-106.504513186091,1115.32473456587
6.201,-108.922615372924,1295.31633185772
6.2015,-97.4045345550315,1412.48590500377
6.202,-70.4181193548958,1415.84331735497
6.2025,-41.4748856272308,1249.52800051198
6.203,-26.2561914371389,946.714858147431
6.2035,-27.7430050048502,623.052677051575
6.204,-38.7532802723747,368.07833321698
6.2045,-53.0247416985611,189.878722752778
6.205,-67.1766668745395,70.1410674411423
6.2055,-76.7982073284203,13.2560558680293
6.206,-78.7022234755429,16.1901769068935
6.2065,-75.0558403187006,40.9098032315816
6.207,-68.996844683026,53.9486134124575
6.2075,-57.822144530802,61.5134013012654
6.208,-36.2189528234229,78.7259883741692
6.2085,-5.06346838127888,100.603450972123
6.209,28.2225874580864,133.3873276484
6.2095,57.4195571335793,212.18897452704
6.21,80.8563113753932,342.21441189389
6.2105,97.0676445091591,458.498097942483
6.211,101.750008782136,502.400467360289
6.2115,91.5331197037083,515.191219411807
6.212,69.9493537041998,589.117191508809
6.2125,48.1084270350093,731.394150966683
6.213,36.963330758541,843.93970211261
6.2135,36.6417983250087,846.965693567078
6.214,35.7484803462554,757.623888728678
6.2145,25.859806827911,624.604369799589
6.215,14.7992720428441,450.815132470891
6.2155,18.285783918531,226.794673778894
6.216,38.577774474667,-7.35168254039351
6.2165,60.5176031608913,-193.04882340769
6.217,71.2722210678991,-325.838128992328
6.2175,74.4461534190192,-446.419391625304
6.218,79.6981633584822,-568.607025651614
6.2185,87.7773052855824,-660.523206783042
6.219,93.3485794952209,-695.863750209206
6.2195,94.5556472313031,-685.719916429524
6.22,90.4203929985369,-656.538811090273
6.2205,74.861811975169,-629.263101400383
6.221,43.6494408958098,-624.762768612605
6.2215,4.06311587014295,-657.448006536487
6.222,-30.8285302747639,-710.527481806138
6.2225,-54.2648506489222,-740.767561399244
6.223,-65.2594284523154,-722.981733975448
6.2235,-62.3120497460906,-679.813353152903
6.224,-47.9847604961297,-664.747422454061
6.2245,-34.3404588261991,-728.149992274398
6.225,-31.2028880971465,-893.660310093813
6.2255,-32.2934831860537,-1138.90141838927
6.226,-26.0991499548691,-1390.47891358328
6.2265,-17.4265436099925,-1562.47007773183
6.227,-22.0865664325218,-1616.44595235509
6.2275,-40.1341683973464,-1572.55206710055
6.228,-52.1403417471965,-1459.19529611282
6.2285,-46.6565265816494,-1277.36090666836
6.229,-34.6138023422725,-1025.93643840689
6.2295,-28.6511390512229,-730.129313593
6.23,-23.9521130889373,-413.37560058952
6.2305,-11.1055020863406,-59.9759636960079
6.231,5.35004318383092,355.540909020103
6.2315,15.5492394907315,806.768192024273
6.232,21.1964838567549,1223.40832282514
6.2325,27.2841631085417,1568.79489254092
6.233,23.4830585084365,1869.71869556333
6.2335,-7.00839970151014,2147.0045004916
6.234,-58.9807516309476,2354.02666450427
6.2345,-101.405288732202,2427.25139039812
6.235,-107.711737621269,2376.65314837807
6.2355,-80.4760902959523,2269.88398306397
6.236,-42.7591923547663,2126.21889737822
6.2365,-14.3722748424032,1888.96934413135
6.237,-0.872297595171985,1531.94772315292
6.2375,3.3500521818795,1137.37220534013
6.238,8.86014949177222,812.50004611066
6.2385,23.6092846380376,563.32129109371
6.239,45.3631393798831,318.310866491745
6.2395,63.4834289095995,60.6083136359931
6.24,70.8004648927137,-144.694052632738
6.2405,69.8137593744769,-267.454327317634
6.241,64.4877616217871,-375.855315597751
6.2415,51.9602361880075,-538.789416658703
6.242,28.6376727704347,-724.272473486951
6.2425,0.517815715993319,-850.400454019345
6.243,-20.6012138370812,-893.255013112726
6.2435,-30.6928005425789,-881.530798015723
6.244,-36.4173720771972,-817.174316826925
6.2445,-43.7620032966939,-677.8816934143
6.245,-50.5804019102522,-490.925538564229
6.2455,-53.2932912816356,-329.980158351426
6.246,-55.0767070203233,-222.434432442228
6.2465,-62.0573990537679,-119.435743354905
6.247,-74.1809062592339,14.0584780627615
6.2475,-84.7428604790113,123.610772767715
6.248,-87.7401035903137,114.28296173217
6.2485,-81.8228211666345,-47.4763891697016
6.249,-68.4163562192478,-305.546036217043
6.2495,-50.4583025739305,-571.432549173799
6.25,-32.3758612330763,-789.410520390191
6.2505,-16.6573704249665,-952.586117839555
6.251,-0.483880949621297,-1069.60247228347
6.2515,19.5687108004936,-1124.58905718555
6.252,39.7920264824432,-1086.07537791427
6.2525,52.7286101793663,-961.548596214206
6.253,59.6108189524782,-810.517738442055
6.2535,71.8327965468051,-670.715347337611
6.254,95.5613672585081,-500.038614372837
6.2545,121.209687467713,-243.659931481343
6.255,134.418050465637,59.9865289561567
6.2555,132.875866550041,308.478975010192
6.256,125.738823622594,470.599474647906
6.2565,120.610198557811,617.391384255524
6.257,118.888735481357,797.636077616471
6.2575,120.664089237533,956.585905624524
6.258,124.623722572567,1020.49160472717
6.2585,123.61835801104,997.164367002393
6.259,109.286166783118,934.192650639748
6.2595,82.2843068091328,828.617428302739
6.26,50.9279943197254,651.28936860511
6.2605,20.0419859939922,431.823356659601
6.261,-10.3691895108453,240.291647622816
6.2615,-35.9856971290164,85.2526954932009
6.262,-49.5605264613802,-103.030706180534
6.2625,-54.5371427784395,-371.03853293628
6.263,-65.1499406276283,-672.507505986493
6.2635,-86.1233089983982,-922.646639777767
6.264,-102.660184730071,-1087.05388067003
6.2645,-99.8436157782814,-1191.27329373357
6.265,-83.9144559293678,-1263.09698736931
6.2655,-73.649257615591,-1293.13855201745
6.266,-75.9877589139297,-1250.52093009729
6.2665,-80.9226720856944,-1118.39245638664
6.267,-77.4282900814878,-902.179029938268
6.2675,-64.6776339642777,-609.099854776837
6.268,-49.5681897047962,-242.089887444437
6.2685,-42.0014407107943,171.782986399816
6.269,-50.5048727765809,568.525232618197
6.2695,-73.5490480823632,895.782496300306
6.27,-96.8743060767505,1163.94628126372
6.2705,-108.037747486458,1408.95304425288
6.271,-111.145733727295,1609.25162872143
6.2715,-117.472586121933,1690.8340719502
6.272,-124.766084170345,1621.76911408598
6.2725,-119.016449315278,1447.34922023026
6.273,-95.7856163973071,1219.10315317732
6.2735,-64.422588393623,954.468281615302
6.274,-28.7337727542761,692.31708773841
6.2745,19.5994145191082,509.904813014287
6.275,80.6315270364947,427.258798242463
6.2755,134.438700473173,358.569501348827
6.276,161.902503147679,228.035813261424
6.2765,166.334282331983,80.2779538914005
6.277,161.904200313685,-0.289942280492268
6.2775,150.384107226106,-25.2847603878476
6.278,124.948717270345,-60.9561711904692
6.2785,90.7087382974272,-97.0366873058342
6.279,63.6057257053097,-83.8226154168712
6.2795,49.3061505828282,-90.0838804325089
6.28,38.7430478742139,-284.052511865633
6.2805,26.5897702001416,-712.040806382341
6.281,19.576643053256,-1200.48721676929
6.2815,21.6887859006016,-1536.38308994339
6.282,24.1623606349138,-1666.75934913877
6.2825,18.0894425341324,-1666.37424059373
6.283,7.61856509949672,-1589.00359883109
6.2835,2.33376941335999,-1432.06237318159
6.284,3.26190390347477,-1201.84712736775
6.2845,4.36468840259786,-932.120515230267
6.285,2.67421479327261,-648.563314607178
6.2855,-0.995941072482547,-365.083027225498
6.286,-7.74616271886545,-103.408931379692
6.2865,-19.2556936802779,121.769000175906
6.287,-32.7147915341052,323.898555444192
6.2875,-43.6133426792795,521.457400865383
6.288,-52.0819638052421,709.641592720698
6.2885,-60.6718931412816,876.605495043522
6.289,-67.7213839602144,1023.90683040628
6.2895,-69.5837045280449,1148.44472712512
6.29,-68.3449651660896,1231.5874960933
6.2905,-69.5923328370783,1269.66263931445
6.291,-71.3191246830008,1284.60094238762
6.2915,-62.5373213495234,1277.8809031347
6.292,-36.840774140738,1205.64025793464
6.2925,-2.14668474230667,1030.07381883524
6.293,27.8708479326554,768.542214230761
6.2935,48.7560949765896,467.797761510474
6.294,66.3885690478838,165.861760220824
6.2945,84.5157475620805,-92.6582530831915
6.295,97.0119505202066,-252.0745152034
6.2955,94.6686277466854,-308.880134025147
6.296,76.3588768692803,-348.028449165985
6.2965,50.5834819274718,-460.082902975949
6.297,27.5908576786407,-637.485715896652
6.2975,12.8230637516493,-797.111027500327
6.298,6.73169931743871,-885.908517165244
6.2985,6.26014641269371,-916.122589124435
6.299,5.25667255277716,-912.108191757154
6.2995,-1.78486829619047,-875.265024393342
6.3,-12.9087038875156,-800.646231323204
6.3005,-19.6073270295866,-691.166364930633
6.301,-19.3465052238213,-560.839766755559
6.3015,-22.9384702674306,-450.041217796937
6.302,-41.2232056830541,-412.532012763297
6.3025,-66.3539141884483,-447.835284052368
6.303,-77.0937222270185,-473.921289128383
6.3035,-64.970951117008,-416.64314273758
6.304,-44.7246191268609,-299.513201464407
6.3045,-33.8231727230971,-187.083621474348
6.305,-31.9253644386506,-71.8641816666698
6.3055,-28.6698221179961,97.1045062852008
6.306,-22.0947156904738,286.026019188816
6.3065,-17.1051597278809,380.770719024828
6.307,-12.0082196432253,346.8975866798
6.3075,-1.03652834519507,296.9715109486
6.308,11.8226435220849,349.838944684115
6.3085,15.7735237972844,490.905693745407
6.309,10.9389750428567,627.993152895702
6.3095,10.0481379088755,729.096413413662
6.31,19.9747150869376,833.166757481877
6.3105,34.3293400565908,952.123005796832
6.311,47.9505737300133,1029.65683288989
6.3115,64.6062164993298,995.381065435365
6.312,82.8363874723932,817.513266862576
6.3125,87.3566649207051,509.330661984677
6.313,66.4391759940493,125.468394855121
6.3135,29.475946914634,-248.400937502075
6.314,-4.35386000621197,-540.16593802902
6.3145,-28.8627022032501,-736.961394486638
6.315,-51.390717937074,-866.821122699977
6.3155,-76.0210169920101,-933.451999001597
6.316,-98.3008626567045,-893.952370979037
6.3165,-113.762827678887,-714.867916099521
6.317,-120.447337429782,-439.180353022983
6.3175,-114.622393667529,-180.949523609864
6.318,-94.389376792623,-43.2412699969234
6.3185,-66.3650923825221,-37.7123892228859
6.319,-39.3212852505267,-88.3108563788878
6.3195,-13.4139442374038,-113.226861793141
6.32,14.1033566624304,-88.8205826231178
6.3205,36.4632563595028,-30.2249667043554
6.321,45.4258397946588,55.4323719581569
6.3215,50.468252706757,161.613568859524
6.322,71.873857381394,254.160259591306
6.3225,110.010127459476,304.46626888767
6.323,138.624395251057,342.89404793623
6.3235,137.792346810764,418.830422041386
6.324,118.743260894136,502.672263343565
6.3245,104.097221225404,496.586203253708
6.325,96.5550963825265,370.085684307467
6.3255,83.1036849750199,221.868861702991
6.326,61.5170508249897,164.986542335559
6.3265,44.2321046527128,203.124494879883
6.327,38.0074841881553,265.422966294661
6.3275,35.819888691701,307.848534723369
6.328,30.2348004509648,318.595160901038
6.3285,21.4570591764549,273.820677681097
6.329,9.74063889787761,171.453920832842
6.3295,-7.75936471348816,83.2117862376068
6.33,-28.1873980284583,88.8631453677533
6.3305,-41.7029353957806,166.241024130042
6.331,-44.8148288785578,220.231019623598
6.3315,-46.5737867660191,210.391220772311
6.332,-55.4346828474018,165.686674487825
6.3325,-67.5129478549513,77.0594456708028
6.333,-75.3116889179302,-118.002785154361
6.3335,-82.0023744766846,-410.079414073905
6.334,-97.1138631507922,-671.007878379394
6.3345,-119.244936313511,-789.908060021609
6.335,-131.782166411204,-788.233296951573
6.3355,-119.1179211167,-746.701712942829
6.336,-83.6752203786537,-688.095383822844
6.3365,-44.4900250687062,-601.840035415293
6.337,-20.1023349430215,-522.389758199639
6.3375,-13.7031385839263,-490.722672740355
6.338,-13.8925568468352,-468.005203573523
6.3385,-7.95907200309944,-373.608000110088
6.339,7.19842015299619,-196.270086465186
6.3395,26.4447442493184,5.2500039738804
6.34,44.3353616157712,195.867248104532
6.3405,57.9390592096936,378.259461299316
6.341,63.7845739350962,522.595995318186
6.3415,57.5952446292065,572.926826923878
6.342,39.2284078212273,535.731470469325
6.3425,15.728747617353,476.997120062476
6.343,-2.00458108796466,409.027396373672
6.3435,-5.89838752435655,267.149873420375
6.344,3.26957939638547,39.1985658509649
6.3445,14.0080190324994,-165.111117630809
6.345,11.5396221622285,-237.803518692851
6.3455,-7.69119708601346,-204.863305359322
6.346,-30.51404515697,-168.624720873149
6.3465,-41.2652696991327,-168.880814966635
6.347,-39.4232502273821,-174.97249258792
6.3475,-36.0930702411767,-176.112239925497
6.348,-35.1456772310215,-193.575875145186
6.3485,-28.68987139576,-217.410844452771
6.349,-13.001657861455,-209.345991641285
6.3495,2.91720937289843,-167.879102564206
6.35,11.102193562435,-123.176524002457
6.3505,17.3696110988568,-68.3169624685066
6.351,31.4045448423164,34.082463654707
6.3515,50.8442053103797,171.693490174389
6.352,65.1111386739097,285.256457669141
6.3525,71.0166815863333,370.195629522028
6.353,74.6740409006445,494.487626605719
6.3535,79.6679413212815,670.801920845951
6.354,82.355676681983,780.589962222613
6.3545,78.8410437829068,694.103616328822
6.355,69.1887340853528,427.609221603336
6.3555,54.5289287059257,116.808795525251
6.356,36.4069350615622,-139.478671237127
6.3565,18.8864849131158,-340.335659334678
6.357,5.05215150358985,-499.649687238621
6.3575,-8.30001695233724,-581.588626155113
6.358,-25.9856554358064,-549.561248829209
6.3585,-44.6129962839774,-433.898879274321
6.359,-54.6011778363524,-314.178987929426
6.3595,-52.9198765282916,-251.168358264237
6.36,-46.6803696084383,-254.296616302783
6.3605,-41.9582198642214,-293.72820377048
6.361,-35.728422205812,-317.260128054291
6.3615,-22.4102376576606,-268.506023689867
6.362,-3.45502144711401,-125.0645090206
6.3625,13.3313517231122,67.1066188379979
6.363,21.2264991863376,214.713503872531
6.3635,19.5970894443027,252.816106960071
6.364,14.5663568229206,201.642932786523
6.3645,15.547398858911,140.683737284958
6.365,27.1639098009365,128.523170808538
6.3655,43.1357332629941,158.208334656352
6.366,51.1420152156805,188.021041110979
6.3665,43.9830619222186,194.695793407041
6.367,22.9075684068922,185.77133074561
6.3675,-8.02260522390571,179.027820111013
6.368,-44.2569222963612,191.719254325654
6.3685,-77.6339216134745,240.789456871588
6.369,-98.7932464622382,329.919283724134
6.3695,-105.576077007198,435.923648003641
6.37,-103.687585572879,523.793202260143
6.3705,-97.2899275556655,574.292815705527
6.371,-84.5318364817061,586.721940562574
6.3715,-63.702804983165,565.433925279273
6.372,-37.3603708550787,519.39013016523
6.3725,-8.66998245506126,458.646427447684
6.373,19.6087600006728,366.82214732472
6.3735,41.2511820219098,197.128238212276
6.374,50.2000781738549,-63.9232110276367
6.3745,50.445277455458,-339.757359156579
6.375,52.6900582018889,-518.427827339259
6.3755,57.5088424838684,-564.325176299321
6.376,52.7826315655796,-530.596636726569
6.3765,33.9375013179525,-467.223166159369
6.377,14.8874103333232,-386.369628564418
6.3775,8.91214486366203,-333.831346894482
6.378,8.8040710620128,-407.204472610987
6.3785,-1.35617104252967,-633.594967041915
6.379,-22.0894200391928,-875.374687713862
6.3795,-39.805509046522,-936.005269967281
6.38,-47.2469961473597,-754.247258922454
6.3805,-49.1449671174571,-443.464260472458
6.381,-50.8546297608472,-149.092014448587
6.3815,-54.4442961145489,77.1214540812042
6.382,-62.8477016207446,257.696611758929
6.3825,-73.6336467599685,402.925031237221
6.383,-71.2741108484826,484.874146924916
6.3835,-42.4012556640003,486.644588661126
6.384,0.727798665385354,446.448575833698
6.3845,29.32508959812,428.513067649455
6.385,33.9146830579492,444.301221770052
6.3855,33.8226094278567,428.03602623102
6.386,45.350142419386,322.143422338066
6.3865,58.9962990073841,168.126065615435
6.387,59.0737124088089,58.0701718410889
6.3875,49.3223667861818,-1.08024468712862
6.388,43.6103860995841,-103.698775194998
6.3885,43.3945193955669,-304.345556646577
6.389,41.8912206720637,-532.87345817761
6.3895,42.5848775173784,-691.324156384495
6.39,54.6162488720088,-765.684433391941
6.3905,72.1716063780426,-783.92468717896
6.391,75.7822886244767,-729.915103600028
6.3915,56.2379081199539,-578.644350990341
6.392,24.5603690178208,-369.575311639797
6.3925,-3.27065394596296,-162.025087515829
6.393,-19.9925670374349,46.4033259691547
6.3935,-24.5192917002903,277.354801310507
6.394,-18.3727454415029,488.608818155047
6.3945,-8.10345817504068,625.142215435152
6.395,-0.247349417007556,713.868193578358
6.3955,9.9280244793403,797.446505221499
6.396,33.7090479250503,803.950255015335
6.3965,68.3324779854164,617.117421425782
6.397,92.8836725315562,277.109550525044
6.3975,92.5551247392272,-26.6010220878815
6.398,76.6404021073273,-188.628838720268
6.3985,62.4280380612768,-281.362413381694
6.399,50.3893940034099,-376.606923912383
6.3995,28.7828351422789,-418.709712091189
6.4,-2.71547887142114,-357.174523575588
6.4005,-29.9192634448995,-278.680076401167
6.401,-45.035766180712,-287.684554302915
6.4015,-56.3131553258085,-334.505185213009
6.402,-72.2777000035446,-279.395128482169
6.4025,-88.0362545168002,-82.5304416158736
6.403,-94.6367623692564,167.591600935981
6.4035,-93.5759656570123,379.625799610354
6.404,-93.0724020786424,526.619282718661
6.4045,-94.9124722110197,618.278146619398
6.405,-93.8521969842327,683.755335901303
6.4055,-87.5555478017129,754.256056123467
6.406,-78.585475510836,796.967979404156
6.4065,-66.9582592406359,707.718119944415
6.407,-48.8697861169752,444.621117988819
6.4075,-24.8662638124127,126.466881832189
6.408,-2.92393132730263,-86.6927162088698
6.4085,9.86421062858616,-172.28111760101
6.409,14.4438051504642,-215.734640176577
6.4095,15.9967754116503,-249.597359209989
6.41,16.9880147815737,-242.788446325945
6.4105,17.1261229665564,-228.195616130293
6.411,16.7250895993941,-300.56965761517
6.4115,16.1623503417946,-460.681469308396
6.412,14.2340736278151,-578.125513383313
6.4125,10.8185464976415,-555.807948156043
6.413,9.4888301426363,-441.898304892654
6.4135,13.4140098841313,-334.46605535672
6.414,19.1913724866335,-258.327486909251
6.4145,18.4588468061944,-188.528940112421
6.415,6.41051158613586,-122.558626175327
6.4155,-13.0974796819751,-66.2567787187623
6.416,-30.6824394297051,0.385816995533558
6.4165,-38.1858067341899,85.6017797381895
6.417,-33.7211051973114,152.593483101914
6.4175,-22.8939319203013,172.432101452814
6.418,-14.8499508246881,175.115282918327
6.4185,-14.981397927771,201.947999649758
6.419,-21.4308888151358,238.241162704598
6.4195,-29.1885382857481,240.396242238382
6.42,-35.0743764117446,208.192484226996
6.4205,-36.6361077447261,186.360153908558
6.421,-29.8267582460543,204.026857563931
6.4215,-12.962588078571,242.561018804468
6.422,8.4060839411675,255.778120797395
6.4225,25.9088843222885,206.969273870823
6.423,37.646528890802,103.42241667379
6.4235,48.5400830697075,5.33223234506719
6.424,61.6195328218203,-25.1343739842015
6.4245,74.2814990420721,5.53666589957629
6.425,84.1948098452833,33.9417451195754
6.4255,93.8514381480281,30.7509964801927
6.426,107.088157501894,33.8651537851994
6.4265,124.395158982688,70.1207860900717
6.427,142.406653824471,98.3257522006472
6.4275,154.191816355121,73.3144434301202
6.428,150.147339584397,22.5257080836222
6.4285,124.566132915737,1.62168728735245
6.429,83.4356149066066,-1.16390110859736
6.4295,40.9641020944537,-59.4194318293452
6.43,6.62114742585881,-216.805745504374
6.4305,-19.7713646932219,-447.137029754943
6.431,-39.792658091184,-696.206945156429
6.4315,-51.0394265897571,-912.811483387696
6.432,-53.1470170814567,-1036.28064920017
6.4325,-51.915848051341,-1004.28076600054
6.433,-52.8386215692127,-801.687109648871
6.4335,-56.4889540450102,-488.205649889251
6.434,-63.7366591343352,-168.113718409781
6.4345,-77.1895135909786,64.1824201784134
6.435,-92.0808021595554,167.184118321638
6.4355,-95.72265714058,173.657675981868
6.436,-85.5501698295376,171.234889343593
6.4365,-78.9540807680144,235.736172464974
6.437,-92.0983206733688,370.691566543632
6.4375,-114.517748377487,515.82327662084
6.438,-119.481303644253,606.521838892612
6.4385,-97.4869317628624,613.631749455928
6.439,-64.7654168500128,541.832815630136
6.4395,-38.4822145314026,419.534413727796
6.44,-19.0812324293774,291.698855426328
6.4405,-0.913547936305599,198.099422457939
6.441,14.7116483685819,148.386249265821
6.4415,25.2434837767938,128.118693547735
6.442,34.5214792266025,129.784066876847
6.4425,45.3924699326116,164.662971134102
6.443,52.0822325896014,239.742913770976
6.4435,48.1671878084889,331.44051648083
6.444,36.8581332803299,389.074287966487
6.4445,26.8539412592884,368.65599651279
6.445,22.79177458116,269.999473064097
6.4455,24.7416828336162,140.840794380027
6.446,31.0745825876108,35.9019374027186
6.4465,36.3892722679949,-29.205861307604
6.447,33.1243157173266,-76.9176108455481
6.4475,21.7044138508363,-129.312631101086
6.448,13.2865595092273,-189.835477651962
6.4485,16.0551455037001,-256.644592272016
6.449,24.5794938567322,-324.023913558848
6.4495,28.9700044459482,-367.08882461238
6.45,27.8254419266834,-356.667351065674
6.4505,24.9447621569496,-299.727801760514
6.451,20.8226323964642,-237.254735709894
6.4515,16.4902086148681,-194.644070417951
6.452,18.0520984700583,-166.246054778368
6.4525,25.8923629800456,-152.691541708158
6.453,26.3297493130295,-165.330871335405
6.4535,8.23879020533706,-178.585229373224
6.454,-16.7855281059932,-136.887987399523
6.4545,-26.8907321471992,-44.6419299886373
6.455,-20.2900947704689,6.34590466222154
6.4555,-15.4559986331275,-51.7402131731869
6.456,-20.1117143623929,-174.593549134132
6.4565,-19.5647953752721,-286.303496798912
6.457,-2.99349299619217,-392.239144230774
6.4575,16.1744923117534,-526.907267809173
6.458,18.3917993335343,-629.944370292445
6.4585,4.28166856373043,-584.515558043973
6.459,-10.5341851139649,-378.338365388375
6.4595,-18.6773982941536,-125.368509946148
6.46,-25.5062830630034,89.0816586549558
6.4605,-34.6616828387881,287.347012980693
6.461,-41.5941059770672,491.237583698279
6.4615,-40.9848407509954,632.487727264955
6.462,-32.0002077410513,637.292704420197
6.4625,-16.905416211242,536.300321516813
6.463,-1.40204942178661,424.475511209705
6.4635,5.13329458439653,354.818696549052
6.464,-3.12269789997068,325.80420138643
6.4645,-21.1158294905344,327.182685197508
6.465,-37.7195164846389,333.067733397245
6.4655,-46.4715731048216,285.039709707193
6.466,-47.3974675246338,155.298824651767
6.4665,-41.8697788119434,14.2981809504653
6.467,-32.2643972955749,-25.7193274873886
6.4675,-23.894683589685,67.3945465045085
6.468,-19.423023148507,223.281567130092
6.4685,-12.4451672280088,354.557965701521
6.469,5.60841286890581,416.02060569727
6.4695,32.0206668165265,393.721167615605
6.47,53.5130408222721,298.493151413329
6.4705,61.6193212993574,179.006161256331
6.471,60.9598902802203,91.8641506781769
6.4715,60.5914740532316,44.1292156396387
6.472,63.1819615573635,-1.36338126161835
6.4725,65.510486501452,-62.3508808380186
6.473,64.9333918316157,-118.969539097643
6.4735,61.844613674927,-160.779602652523
6.474,57.9695558235029,-203.715563910792
6.4745,54.1374070085903,-246.76037299844
6.475,48.5095629214805,-257.47927546782
6.4755,37.4298638752462,-223.32113922486
6.476,20.5626696941558,-177.892036765615
6.4765,4.30020539873251,-147.729869350313
6.477,-3.63612277293459,-106.844267163008
6.4775,-2.9400003753073,-22.3401088763802
6.478,-0.956589820909516,72.1184895267949
6.4785,-4.77360156095405,85.2760553011158
6.479,-16.1468247663313,-46.9572458488158
6.4795,-32.4972402656572,-298.477718807438
6.48,-48.1124755964715,-565.703753283058
6.4805,-55.3848141946575,-733.373540127919
6.481,-50.5955428292443,-747.177441796546
6.4815,-39.1872532559428,-644.665112760496
6.482,-31.1176237445192,-509.242844425602
6.4825,-31.1911201716838,-382.827414108345
6.483,-37.8394045531716,-238.921799837642
6.4835,-48.9763256411963,-56.318616793213
6.484,-61.9994561709051,107.468875790808
6.4845,-69.2680873280558,160.048097080683
6.485,-62.7788553407717,93.7281822957659
6.4855,-45.1319685456338,19.8982321526994
6.486,-27.5739486868681,54.4685046459353
6.4865,-14.5100471762017,184.609763805557
6.487,1.64876529874932,281.701095463194
6.4875,26.2754959874726,250.012405040368
6.488,51.5673937649899,132.242061677638
6.4885,65.9109110384193,43.83445254469
6.489,67.8367628975525,21.7626268587553
6.4895,64.3601203065305,-16.6606921180882
6.49,60.5715806539382,-151.360063907286
6.4905,56.7344046271921,-334.988782176375
6.491,50.7314397475952,-429.131993908819
6.4915,37.5712394926477,-351.124521556515
6.492,12.0943064842,-148.993720933053
6.4925,-20.4353244355928,63.0413154738557
6.493,-41.4451214398015,203.267759967597
6.4935,-36.1769784241705,253.815286191797
6.494,-12.0559282962254,241.21484667395
6.4945,7.6184095005771,215.596700250793
6.495,7.05221279046733,224.993907519429
6.4955,-11.1820489921612,280.807682903861
6.496,-35.3333373083641,354.721082521869
6.4965,-55.2052523420578,418.914536214434
6.497,-64.3712562136548,471.248937331622
6.4975,-61.46256153539,511.019766522134
6.498,-52.3100793947143,518.717140958288
6.4985,-44.7206061124456,484.059454093254
6.499,-39.0529523888051,430.701754683869
6.4995,-28.9634494639621,382.254550850692
6.5,-12.2905428782612,320.93819755343
6.5005,4.69360695332361,215.514679785484
6.501,15.4756655176498,80.6574154491183
6.5015,20.3489805012733,-30.3840644408707
6.502,23.4814046112378,-93.3843227297221
6.5025,27.9192006091238,-136.746932384054
6.503,35.3970834506726,-187.675131474097
6.5035,46.3485413903519,-227.534185872285
6.504,57.6488746427708,-221.414832409319
6.5045,63.9576383393564,-171.657320946856
6.505,63.1913597780168,-119.196662895497
6.5055,57.8170433952993,-99.7798043954401
6.506,50.3382249910237,-115.886431349761
6.5065,41.3479259030758,-149.194270791593
6.507,32.253080129039,-187.330730437145
6.5075,25.1778067607919,-234.108956235828
6.508,19.2675933105147,-296.669664360214
6.5085,11.5619018712754,-365.306549619971
6.509,2.09544945295078,-410.519471660423
6.5095,-6.68905033988748,-405.388396937502
6.51,-15.6533393577688,-349.371545184793
6.5105,-27.800215390327,-264.865084065703
6.511,-40.4695463126885,-172.683386034857
6.5115,-45.9405998782672,-77.213083417919
6.512,-42.5440254098716,27.2981980875191
6.5125,-38.4712694844174,144.410362357412
6.513,-40.8870965386741,268.513199632837
6.5135,-47.1749943468093,381.979156656513
6.514,-50.5840171641906,458.71099356645
6.5145,-48.4097972028693,477.149884268607
6.515,-40.4769539702047,432.590998230794
6.5155,-26.1320168252602,337.631948360663
6.516,-8.40424841408647,215.858246650377
6.5165,4.59896006592877,95.3606689058542
6.517,8.8934850825754,-3.73193684289228
6.5175,10.6777196662758,-83.2185158238023
6.518,17.2533686381869,-158.751009686653
6.5185,26.8455530267688,-230.361732092466
6.519,34.1949276331523,-274.213847228262
6.5195,40.9218345022564,-275.618266198433
6.52,51.0859158246497,-255.62285405255
6.5205,59.6301494009579,-245.477721496581
6.521,55.621478816136,-244.04925309525
6.5215,37.242714557622,-221.806122933298
6.522,15.1397305245206,-162.841154204719
6.5225,-0.31118839084775,-83.7055038227285
6.523,-8.09601570704226,-12.3536262240531
6.5235,-11.9396354710627,36.3187106544035
6.524,-13.5615083741331,67.8376700924315
6.5245,-12.9788252442069,103.791268197255
6.525,-10.5210850731109,159.840263576736
6.5255,-6.4093159114314,212.15059115796
6.526,-1.67934872452014,201.886057420742
6.5265,0.256764032116063,99.1080609894701
6.527,-3.06034873540285,-50.7101213686242
6.5275,-8.62204871729323,-173.585360120317
6.528,-11.2595408848114,-246.725076206122
6.5285,-10.633243734246,-294.043480871458
6.529,-9.57970084788104,-315.607628096035
6.5295,-6.72175221671862,-275.833300294155
6.53,1.80946247668958,-168.22421727316
6.5305,12.6835645142455,-40.1078782568171
6.531,15.5601031279063,64.7859067379094
6.5315,6.09693047456503,143.37181429877
6.532,-7.87844644651581,194.143923330872
6.5325,-16.9797967428396,191.126815068587
6.533,-21.2421424967001,129.831163722113
6.5335,-26.0983177543483,56.5408844620086
6.534,-32.3507175382327,10.7436951687652
6.5345,-35.4959322533969,-28.0459167146496
6.535,-32.2388526834189,-92.1211889826117
6.5355,-23.463055477735,-152.914907512342
6.536,-12.9515992004701,-147.858409095626
6.5365,-6.38581222557189,-65.0971005590701
6.537,-8.79233349687206,46.9612180631554
6.5375,-19.0380973723019,147.597672490208
6.538,-28.6549406622629,235.790345637118
6.5385,-29.6036143754049,315.796401147153
6.539,-21.9932764780736,375.542080501639
6.5395,-11.6029142087956,409.138510756401
6.54,-1.77768371575605,427.160345959704
6.5405,8.70438340256811,432.552513150571
6.541,20.572126154107,409.746679110392
6.5415,30.350001635789,345.217948646124
6.542,32.8183481728319,240.961820469216
6.5425,26.2826342855451,107.925938362365
6.543,14.9974937699599,-33.2478341133637
6.5435,5.93977603591385,-148.110053663802
6.544,2.5508466411587,-211.238932925111
6.5445,2.67333996297544,-236.0360287842
6.545,3.74388629698668,-260.419869147997
6.5455,7.25864442561159,-301.612583760142
6.546,14.4028516155307,-343.621661594919
6.5465,19.9621932910112,-364.555074052577
6.547,17.2850739893609,-352.074130730441
6.5475,9.06447268261445,-296.317555800182
6.548,5.55264840731639,-197.319560874984
6.5485,9.91432387809158,-81.4518571936867
6.549,13.0207137955799,16.7573745698643
6.5495,7.37653754087976,91.9505453333866
6.55,-0.462726207713382,160.821078627193
6.5505,1.73191145962339,216.754024635003
6.551,14.9708851274584,224.003884715721
6.5515,27.6024205741881,167.263644768288
6.552,29.3656196640736,79.596353857921
6.5525,21.2360392775455,7.68449774340574
6.553,11.7902236132727,-29.8640304153518
6.5535,8.42623933156732,-39.8167017922463
6.554,12.2906862418128,-31.9871451073962
6.5545,18.3513909440627,-13.4206526763338
6.555,19.9418752774761,9.17990998711199
6.5555,14.9783103770535,30.6185657835193
6.556,7.24364737372497,42.7578770761502
6.5565,0.904480455885939,32.3055385710856
6.557,-3.79977995341185,-1.46965982612024
6.5575,-8.1179014337374,-34.5025751503103
6.558,-11.6176439534646,-47.0296345640014
6.5585,-14.1461600539838,-57.4973403366173
6.559,-17.6946185902933,-97.2783010938823
6.5595,-23.1060058864684,-157.618578151646
6.56,-27.8633803081531,-199.371883430573
6.5605,-30.313453612594,-214.254277244537
6.561,-32.8158808444612,-232.40259502338
6.5615,-37.0959539960399,-262.014488612997
6.562,-39.9509178940244,-268.435705566009
6.5625,-37.8347709604829,-230.783182411269
6.563,-32.3280457515972,-176.416742217269
6.5635,-26.3010491179123,-136.53515514386
6.564,-18.0668328690156,-106.23230702029
6.5645,-4.92648257441602,-71.5979106657644
6.565,10.5064860263492,-36.1509021672746
6.5655,23.6439729370003,6.96404406454995
6.566,34.8023609207759,87.2686966866694
6.5665,45.9973128043577,205.894241062134
6.567,53.6183979685778,309.806229734068
6.5675,52.7542075081011,357.256038174615
6.568,47.6947174251181,375.084454924412
6.5685,48.8785222019318,406.783708573113
6.569,58.3159230394883,436.358673110869
6.5695,66.5995745190295,418.045906532551
6.57,66.3767994473467,358.429404800679
6.5705,60.1840553310525,308.560025009536
6.571,51.6478901814491,282.912981512575
6.5715,37.9805465793915,243.363143890622
6.572,17.5724891686986,166.271288652532
6.5725,-2.06394751578757,76.068904274457
6.573,-12.4960511353864,3.70415365956051
6.5735,-17.1078778823717,-48.5266137266565
6.574,-27.5320012810318,-93.3761713807196
6.5745,-48.0733319399361,-143.603431121697
6.575,-70.3606793854132,-212.882921484584
6.5755,-84.1746753314132,-297.837156312812
6.576,-87.9219176926021,-360.081667219248
6.5765,-86.2932363102314,-364.638416122913
6.577,-82.1285728669753,-336.267063296459
6.5775,-74.7222316589896,-332.70752462698
6.578,-64.6808161659302,-354.6569707455
6.5785,-56.3470610507999,-330.982288179706
6.579,-53.8293918443815,-213.845775704243
6.5795,-56.3988783648652,-46.059799535294
6.58,-59.6848758051292,94.7505832274129
6.5805,-60.4155520593652,184.119686895942
6.581,-57.4553331087271,247.066876351675
6.5815,-48.6994587940317,290.487150844498
6.582,-31.3175634309117,283.173452059663
6.5825,-7.4605074306311,204.889075624535
6.583,13.7310140774466,85.7829999062574
6.5835,23.8719062629622,-18.1984583238563
6.584,23.6132108732345,-82.7314409002271
6.5845,19.7693009729407,-138.051475327245
6.585,15.8272317137828,-227.606819679002
6.5855,9.66365729285123,-344.530413776273
6.586,0.0401516267462076,-423.528582277987
6.5865,-9.45349257119993,-407.295044129238
6.587,-14.1179210599393,-309.634035737863
6.5875,-12.606866718476,-198.004895301312
6.588,-6.71043647802744,-124.355717789053
6.5885,0.885463919491311,-88.5512920965527
6.589,8.04574889491424,-54.6350561607178
6.5895,14.292819336071,18.3544980250105
6.59,20.6434321327057,145.28215823369
6.5905,27.621498867522,287.995392706961
6.591,35.5259269042237,376.912525351369
6.5915,48.0229031060906,389.775217504516
6.592,70.6722913660111,385.533215285952
6.5925,100.891992596644,417.668239854389
6.593,123.777476764522,440.72981310518
6.5935,126.093551983149,368.733298717517
6.594,112.714194612498,215.377375275188
6.5945,100.368901872372,96.2326837028839
6.595,95.4277683683106,76.7853053127497
6.5955,88.0496356501301,94.8165745529773
6.596,70.467157297438,66.281091631083
6.5965,50.0306077881718,-1.75964320132767
6.597,37.7779680301723,-52.1551935178424
6.5975,32.635951298496,-73.2626084873869
6.598,25.4754501347817,-92.7296617510514
6.5985,13.677063601542,-113.842893001656
6.599,3.26683009362327,-118.346700060851
6.5995,-0.800501132653482,-111.157212313285
6.6,0.618566631811883,-111.908164829596
6.6005,4.30455132311148,-118.166923428328
6.601,6.92335528013673,-118.573689040657
6.6015,4.89154582525507,-123.789338943238
6.602,-2.85059373001302,-144.385373731165
6.6025,-12.4423210214072,-158.503564419645
6.603,-19.1489912667251,-142.999544207666
6.6035,-22.4468204330553,-115.967204837947
6.604,-24.0200894729593,-103.910267985747
6.6045,-23.733597949942,-86.3579853474601
6.605,-22.1622917123688,-22.4234242041334
6.6055,-24.0708929940884,80.9130492679288
6.606,-33.1922844807486,175.327136552668
6.6065,-45.0927731628923,235.271356612907
6.607,-51.5990141643178,268.529931060244
6.6075,-51.9365546411332,274.099095748612
6.608,-53.3418622270867,241.212025353837
6.6085,-60.2239152444821,184.285893960949
6.609,-68.8812421682609,126.83673506108
6.6095,-74.7362411326331,53.7540497321838
6.61,-79.4252443658138,-66.9698454329395
6.6105,-87.6512823636106,-215.760633252476
6.611,-100.36559530557,-332.722858890547
6.6115,-113.663278963546,-403.262289499567
6.612,-122.293149137631,-470.675967220502
6.6125,-122.830005550871,-545.001046370168
6.613,-115.618621931438,-558.577817331927
6.6135,-104.608070034565,-445.671909650533
6.614,-92.8877418328255,-224.21337841162
6.6145,-77.7071032880696,30.6758926085528
6.615,-53.0651422075249,256.089288150389
6.6155,-18.8026093696463,416.516230121903
6.616,15.7869343750961,490.71390662696
6.6165,39.806350376738,485.153060327187
6.617,50.5940255047629,440.250301493537
6.6175,54.1852993499965,391.45454632591
6.618,58.1506160774322,336.406992916848
6.6185,66.3297383344463,257.293478965052
6.619,78.741310259824,154.444896702775
6.6195,92.7219117929241,40.4121899790884
6.62,103.330815256671,-76.0802479951802
6.6205,105.430711566446,-181.596591673928
6.621,97.7923638495828,-254.463770889986
6.6215,84.7962446814182,-285.235469805581
6.622,72.6382577367365,-280.668622290304
6.6225,63.8730918586476,-240.959414554825
6.623,56.8466095817177,-164.099607932402
6.6235,50.0371518172345,-79.3948456496294
6.624,44.2791582917988,-32.280458678287
6.6245,39.6106659634374,-17.9511463508885
6.625,33.1655882522622,20.8051469340593
6.6255,23.6258541168887,99.9297932995829
6.626,15.66550544147,148.445213455468
6.6265,15.1102889602184,100.831764747695
6.627,20.0413586131947,-6.86197266598442
6.6275,21.8084151667281,-85.4309048951769
6.628,15.6438807381015,-103.847752077945
6.6285,5.01023858359761,-96.721444833361
6.629,-6.11010654851571,-88.9287653260044
6.6295,-19.0445403495594,-76.3508702368447
6.63,-34.9002277553241,-66.0332933023647
6.6305,-49.0053559334509,-71.6562865888357
6.631,-56.7241105426144,-73.3089697246165
6.6315,-60.9850080167526,-39.1945738870602
6.632,-67.5084582825391,14.5494278964775
6.6325,-74.5247448584221,40.8440981057647
6.633,-73.4350191965205,35.9513819640816
6.6335,-59.0751883939728,37.771737621266
6.634,-34.3107896838553,49.5471317932811
6.6345,-5.31826229630924,31.8722964338488
6.635,22.533702819841,-17.5377078472706
6.6355,44.678909377445,-44.8148868494615
6.636,58.7195163318727,-24.8883229206568
6.6365,66.4786448039556,0.477003908000811
6.637,70.6651012134432,4.16730428894025
6.6375,69.6444292326862,28.8383143029303
6.638,59.7058712027649,109.548205354559
6.6385,42.1899631272374,194.112194224455
6.639,24.0270025224777,204.06029636755
6.6395,11.5093550071427,142.229972986567
6.64,7.31321346158894,79.0488801172782
6.6405,11.4380297886125,55.8098829161952
6.641,18.7892788752788,62.7686702937459
6.6415,17.6527392287259,95.5026749206646
6.642,-0.296292956587716,163.254949841714
6.6425,-26.9443600078146,239.191681963475
6.643,-43.4103810604462,267.542176002643
6.6435,-42.2718288542307,240.043839918821
6.644,-36.2527480759493,215.275979293993
6.6445,-40.0174889376877,236.928021707575
6.645,-51.084459228577,271.89562142352
6.6455,-56.1663626662299,256.901569816666
6.646,-50.5938713294151,176.060257117902
6.6465,-41.9707563354198,63.5031841234061
6.647,-36.6537433610488,-47.0849828273186
6.6475,-31.8548954906142,-143.081826873957
6.648,-22.7349794448325,-215.609251326489
6.6485,-10.5739788370119,-253.190438148151
6.649,-0.433182429284787,-255.957242447379
6.6495,5.83164180309936,-241.057624812512
6.65,11.0705913131699,-232.742980699618
6.6505,18.4829821555036,-252.210469009726
6.651,27.5749176715935,-306.816920380274
6.6515,34.3545789369359,-376.532034154448
6.652,34.8452983588398,-419.073410307225
6.6525,28.19157845693,-404.80301754822
6.653,16.7553029084353,-346.050158077025
6.6535,4.63682553534877,-282.030038086728
6.654,-3.11210650804072,-238.233355482708
6.6545,-2.34836367295833,-211.498500906998
6.655,5.71497156198925,-189.859101106282
6.6555,13.1457045870415,-168.369150563738
6.656,12.4539795805137,-139.42402384162
6.6565,4.73192691809233,-83.0438209517279
6.657,-3.3321646556207,15.794087241274
6.6575,-9.21577570062198,138.968957488348
6.658,-15.0214550155181,236.352431175809
6.6585,-18.6476738130472,266.702873026596
6.659,-13.6842582952713,239.1956989224
6.6595,-1.66245737922453,206.505071465235
6.66,4.36129578578322,210.000482592987
6.6605,-4.58847162880264,236.64028248856
6.661,-20.2396530163236,239.894659642913
6.6615,-27.0390847129229,200.332165428318
6.662,-20.8452333955021,149.813934201294
6.6625,-10.0602064748292,130.243039148801
6.663,-2.1583955282343,143.123743004585
6.6635,1.67158409872795,152.13356923903
6.664,0.410616819164006,124.824171188928
6.6645,-8.11903063617785,55.9803230356393
6.665,-20.8495396228103,-41.7762290650375
6.6655,-29.5693415544519,-146.679337956446
6.666,-30.2374630760355,-224.031461590817
6.6665,-26.9853284824691,-237.258167486487
6.667,-25.2950863940906,-179.544547908338
6.6675,-26.234209345482,-85.7207716942311
6.668,-28.5735975879629,-0.698888114392394
6.6685,-30.9923533298848,57.7335967766907
6.669,-30.0112640470001,96.8398888641353
6.6695,-20.5602402675928,123.179650157239
6.67,-1.1707058363733,138.565806551888
6.6705,24.7097981179647,155.848833363101
6.671,53.3676156979365,192.116941204419
6.6715,82.1045623791699,236.047895426786
6.672,104.830299049599,241.576958510863
6.6725,112.64697197229,173.606787670945
6.673,102.869297467959,54.251546522193
6.6735,83.5382570600458,-52.2762973111599
6.674,65.1347145806496,-100.350519381214
6.6745,50.6861864276032,-96.7472890242178
6.675,37.2061169615831,-75.4265944156574
6.6755,23.4590114215563,-55.6535834655004
6.676,11.5446111744559,-34.5853610335377
6.6765,2.26383918105152,-10.2721991916636
6.677,-6.5150347586195,5.38846163543781
6.6775,-16.3806389304219,1.0290810174596
6.678,-26.1208662382638,-15.8988453197428
6.6785,-33.8009734575646,-24.862509847184
6.679,-39.3568293176304,-17.81186446085
6.6795,-43.904158222574,-12.7811930673495
6.68,-47.0651218957392,-34.1868161346697
6.6805,-46.7092530114121,-78.8227849345514
6.681,-42.8725826884772,-110.595557542639
6.6815,-40.8809708873455,-97.6869418040784
6.682,-46.7387392990482,-50.1291055071092
6.6825,-57.778398230531,-7.8534034173436
6.683,-61.8892800395434,8.11127812984518
6.6835,-49.9583815444426,15.0359889779214
6.684,-26.3602376276258,30.5151774297499
6.6845,-2.86736709849087,34.6145545496019
6.685,14.6656302585277,-4.57837045789284
6.6855,27.5339483765025,-73.7176904616345
6.686,35.1185384324473,-115.824663039268
6.6865,33.6922266749067,-103.403465168079
6.687,24.9196696901132,-83.7783729853812
6.6875,16.9588231846172,-122.733474836429
6.688,14.2710238219676,-213.273565611597
6.6885,13.2349065524953,-271.691606713757
6.689,10.319079195181,-227.750409218002
6.6895,6.85946650740412,-93.1926611864643
6.69,2.03166559022134,66.3672224847129
6.6905,-10.3509782050831,199.494008396686
6.691,-31.0494530915413,289.543848082998
6.6915,-47.5662892295512,330.028113983675
6.692,-45.3373472698572,312.965244357574
6.6925,-24.1395913423754,243.063282192875
6.693,2.45604802298674,143.797171890908
6.6935,21.0606963870617,45.2995094873375
6.694,26.8320696080436,-25.709500619183
6.6945,22.1391634134847,-52.0616260401823
6.695,14.0732992639575,-39.402547445453
6.6955,11.2216187933845,-18.6694663611932
6.696,16.3920407001362,-16.3242117048717
6.6965,23.3173851588736,-24.6381039039655
6.697,24.9218680624461,-20.9047327299267
6.6975,22.3374002597219,-10.8222402288908
6.698,20.9915200189967,-23.4598780784725
6.6985,21.4795059992029,-60.1153785488853
6.699,20.7744830133268,-82.1212407939339
6.6995,19.2566031613272,-65.1765660568354
6.7,19.1329457239274,-36.2013778067615
6.7005,18.5052487345216,-32.8657889710461
6.701,15.0021357880591,-50.9093173194812
6.7015,12.7950977853054,-61.3411594038741
6.702,16.514087151835,-62.6226714415019
6.7025,19.7162155829837,-80.8790721146232
6.703,10.7370739746978,-123.538544332289
6.7035,-8.72278772563324,-163.603860073581
6.704,-22.2239578814002,-171.571723462896
6.7045,-19.6772109212686,-140.115397471876
6.705,-9.8221810403623,-78.3547405668095
6.7055,-6.60769526735737,-4.49078885413868
6.706,-12.5661085188467,57.7792148631376
6.7065,-22.3833730306775,99.5717918681212
6.707,-33.8827161238256,140.880852721228
6.7075,-45.4081281721363,196.852042207716
6.708,-48.1607485688452,233.642087990704
6.7085,-33.4060510933868,196.787462913588
6.709,-7.56208093325438,92.43072387714
6.7095,9.25804756810593,-0.511664377119128
6.71,3.57063515066349,-21.7072027837208
6.7105,-16.5911169983666,1.80524016696832
6.711,-29.547816124277,8.41122278102508
6.7115,-21.1089794162659,-7.34767088099364
6.712,2.93791927899093,-0.340343241961919
6.7125,24.3336474412282,44.7152274967273
6.713,31.240054639353,87.2568282509559
6.7135,27.9047230859364,89.4263781251915
6.714,24.4383529890428,60.7867934772312
6.7145,21.4914175882555,31.2375730212803
6.715,12.3497468587369,10.6031560243659
6.7155,-1.2825607992515,-5.94614475184247
6.716,-6.61711124064664,-15.42166999006
6.7165,2.66877775766856,-12.7941369065382
6.717,15.6572323478099,-6.79649672271078
6.7175,18.5159928409084,-10.6387063545554
6.718,12.2865211285785,-24.3905417434093
6.7185,7.16182651230327,-41.2992092117951
6.719,4.68877535815342,-61.6055925160467
6.7195,-2.98066134310481,-80.9036308097255
6.72,-18.2924150490253,-72.8685603644179
6.7205,-33.9052079938381,-11.786123912099
6.721,-43.679869978455,81.1548054509293
6.7215,-48.5602896313561,138.315488322681
6.722,-50.072900762043,109.402026932971
6.7225,-46.9310195441547,10.7654724822073
6.723,-40.9641735019134,-105.730001672626
6.7235,-38.8137342375103,-217.348322363011
6.724,-44.1128872820775,-333.899448047433
6.7245,-53.5079894729473,-440.857315068079
6.725,-62.3408238850837,-480.782824371877
6.7255,-67.8322115821107,-415.666533301982
6.726,-64.8719182089051,-280.824673495489
6.7265,-47.0059274406829,-140.511990981949
6.727,-16.3508839605475,-1.357647156794
6.7275,14.1206290516047,187.034523580457
6.728,33.6013744587254,436.444684852157
6.7285,43.7617832647421,663.20969230161
6.729,51.9067068358909,754.166478630263
6.7295,60.1769711688552,672.338985421881
6.73,67.2443499700533,477.516984365876
6.7305,74.2362213838785,261.353119694842
6.731,80.6877938560247,89.5115175517249
6.7315,79.0141986917569,-8.145926472278
6.732,62.6335593047134,-34.5818486849847
6.7325,38.4261144876308,-26.7512317599769
6.733,22.7001719168271,-33.5863069661004
6.7335,24.2053999083137,-73.7491142013466
6.734,37.4196895229832,-124.607222757922
6.7345,52.165899671501,-159.21576030527
6.735,62.6368936726089,-177.435062746275
6.7355,66.4748456678314,-189.619447789264
6.736,63.0596331819169,-188.598774115648
6.7365,56.1962621526028,-160.878409188446
6.737,52.92865225311,-118.923133156824
6.7375,56.0192305065902,-98.8818907885326
6.738,61.1574914596724,-121.225811342615
6.7385,63.6296214057442,-167.741459593681
6.739,63.3845288906085,-202.952970908306
6.7395,60.9592215175215,-208.202236782189
6.74,52.9192222792696,-189.732682542184
6.7405,35.4184886463536,-162.311554620584
6.741,9.89116888708734,-131.910565871795
6.7415,-17.7769584331695,-90.1164852291472
6.742,-41.7952455156874,-22.3548899819554
6.7425,-58.3724278387875,72.6936617514187
6.743,-66.1868891589169,169.971600168806
6.7435,-67.8350780517382,233.977341073277
6.744,-68.6237654245893,253.928374057288
6.7445,-71.5578259065208,254.015973248097
6.745,-75.6497290446519,260.752465954292
6.7455,-80.6784405446045,270.955732767802
6.746,-89.674426037703,265.814225100498
6.7465,-103.36025112958,246.580791672481
6.747,-115.835231813578,233.015543180968
6.7475,-120.646560634705,225.882963650773
6.748,-118.724978944984,195.320172644616
6.7485,-114.87829624989,117.759130182394
6.749,-107.871248911386,7.13032900036214
6.7495,-90.5379303276973,-103.963042317843
6.75,-61.0793329555709,-199.707430869451
6.7505,-28.9644108549569,-282.244750107512
6.751,-6.45568986976998,-350.417232077812
6.7515,3.10171362129657,-398.247293916147
6.752,6.1362650952958,-428.705680895161
6.7525,9.89410048076811,-448.142378364001
6.753,15.2015031085991,-447.181315791813
6.7535,17.8642071844947,-404.684902030496
6.754,15.3602139519364,-312.550917069266
6.7545,10.4884833901074,-182.997572930894
6.755,7.45944575829707,-33.6905674430607
6.7555,5.58281540008092,115.636206299448
6.756,0.365330125601457,232.198703242082
6.7565,-7.6911651911344,281.518982961493
6.757,-9.38447032794261,262.7614157088
6.7575,3.59066927869076,215.952303495683
6.758,26.8968758002042,179.069458216838
6.7585,46.0995238092858,148.446689708396
6.759,50.997155589757,95.1891073853721
6.7595,43.8933383678991,12.7786140702633
6.76,34.4496107889737,-66.3483441839999
6.7605,31.3947964495279,-100.651023944261
6.761,39.7161691978184,-77.8183164310933
6.7615,59.7432450821633,-24.4185756570606
6.762,85.0050620994792,18.9701315843611
6.7625,104.23498402492,35.4522347664967
6.763,109.496180103688,46.2111637686412
6.7635,101.689166888581,82.1989031418241
6.764,86.9899767496739,142.772234451763
6.7645,70.3219913905974,193.052494622786
6.765,53.9403953182973,203.229124637401
6.7655,39.4112994629224,177.325214596332
6.766,27.8008669013128,140.069442547464
6.7665,18.8948156396229,111.282830011226
6.767,11.8778932134447,101.0505128201
6.7675,5.65694554513548,114.591661929995
6.768,-1.76082031751356,147.99716723482
6.7685,-11.1614011223237,186.319548644465
6.769,-18.2801817865654,214.629019052206
6.7695,-16.1193199789874,225.520825254635
6.77,-4.03084508561027,215.100905045242
6.7705,8.75220471900257,185.610444510297
6.771,12.1293025206017,153.942507437218
6.7715,5.19852810812974,137.359718742707
6.772,-5.75238313925743,124.407614780209
6.7725,-16.0123225441714,83.0414419351467
6.773,-24.6211218342559,7.00974132797022
6.7735,-30.3651219649446,-73.5246931894788
6.774,-31.6130971973368,-142.241097173774
6.7745,-30.1440546800226,-223.869600231682
6.775,-30.4745283438216,-334.523457472555
6.7755,-34.5731997900801,-438.372878692527
6.776,-40.2040591346607,-494.485170114128
6.7765,-44.3367316825548,-521.149766170124
6.777,-45.4348913435072,-562.941449042531
6.7775,-43.2958180817532,-607.662684032897
6.778,-39.7780769124235,-590.989485710043
6.7785,-38.4373821482589,-482.050081997454
6.779,-39.9688984202394,-312.053156931289
6.7795,-39.8057004737028,-116.997045105412
6.78,-34.4935090575044,87.1223497580415
6.7805,-28.0674615351154,258.109990684511
6.781,-26.0564847690005,324.693012327594
6.7815,-25.1059790633066,272.736530486181
6.782,-16.8480044346873,187.896369993715
6.7825,-2.42881675668426,163.743440664004
6.783,6.05446012765279,197.198600489013
6.7835,2.09073648655095,218.253296106344
6.784,-5.24373928488018,193.65852503692
6.7845,-3.19330920395621,148.620197045871
6.785,8.76767201899745,104.695650242706
6.7855,20.7702202259442,55.7914109510644
6.786,25.5808802625866,6.63676500839258
6.7865,23.5506648477916,-17.4008148156098
6.787,17.8684340109607,-12.8919655203444
6.7875,11.302216864007,-11.5037843418987
6.788,6.38385821451262,-33.7981989771045
6.7885,3.96716423565135,-59.6771017753956
6.789,2.29682657641555,-60.9354391813302
6.7895,0.349881080382452,-38.3340945366097
6.79,-0.235998217834473,-9.72745870575584
6.7905,0.583218184256831,18.2847712069192
6.791,-1.11426189008907,49.8527294535241
6.7915,-7.03206585191184,86.3983820337164
6.792,-11.9758837876521,128.991770310807
6.7925,-10.9411144859202,181.861628766737
6.793,-7.55547450644921,238.846947228758
6.7935,-8.84258941292981,275.200191715991
6.794,-13.9290506431734,266.907166136669
6.7945,-15.3008919309069,215.261878201846
6.795,-10.384749234303,144.855772598982
6.7955,-4.71625957092656,80.493258869351
6.796,-3.43039633447057,29.2969667120403
6.7965,-6.03541492105839,-19.877623372166
6.797,-9.906095367313,-80.9697596917119
6.7975,-12.6038577913215,-148.328777783848
6.798,-10.2938443486986,-191.320533129478
6.7985,-0.511035634256299,-181.785569546001
6.799,12.3064721035171,-125.891387966237
6.7995,20.1449053472802,-56.8687401573103
6.8,21.1947521193608,0.155851290657074
6.8005,20.1097132439516,38.431699857175
6.801,18.4229953119613,49.6929619519261
6.8015,13.1435198227673,24.2408893006734
6.802,6.68021729297777,-21.699432988939
6.8025,8.44177398359359,-51.1655241494935
6.803,21.6120734716657,-58.3005367072031
6.8035,36.7287443868002,-85.0417384326707
6.804,44.7951965674933,-155.248408142496
6.8045,49.4208508040629,-215.654768706743
6.805,58.2844508994399,-186.064381089442
6.8055,68.8872325069628,-63.4790541588936
6.806,72.3143808725455,64.8698953779288
6.8065,67.5361752542375,119.259954124184
6.807,62.2760232644414,103.664712760937
6.8075,60.4996798887221,73.2188603485672
6.808,57.151931758025,60.7058696925416
6.8085,45.8728630089063,60.3599008380847
6.809,26.0045124279893,61.9326876443485
6.8095,1.88053447048724,69.594435961998
6.81,-19.9391217646968,90.3342907606882
6.8105,-33.6786087823913,121.440734341002
6.811,-39.5984121143866,148.565593698072
6.8115,-44.7032136342278,150.367211851934
6.812,-52.9647477111152,116.177905905355
6.8125,-57.447764041676,66.1597924592684
6.813,-49.2832069894363,36.2052341864574
6.8135,-32.4156713117857,30.4724402611825
6.814,-20.6612001925599,10.7505712733174
6.8145,-20.4998117600411,-47.1959632440046
6.815,-26.0376070743933,-111.811902275177
6.8155,-31.6808591142296,-142.757456692714
6.816,-39.1262546816318,-157.672895927125
6.8165,-48.3061201463865,-204.663517816475
6.817,-52.0486745711274,-277.528153243582
6.8175,-46.680516797769,-314.525631385839
6.818,-39.9163232989897,-288.580833695793
6.8185,-40.1691937840603,-240.797172640796
6.819,-43.9675643211839,-203.12240338772
6.8195,-42.4244218547415,-148.104052805627
6.82,-35.6159259625814,-57.2267585803806
6.8205,-31.147105191632,15.135288843185
6.821,-30.8143605235941,9.53818960507154
6.8215,-28.3583061869418,-41.5669088279671
6.822,-20.7736675985358,-57.4675029302071
6.8225,-13.2480134833019,-33.6201723054616
6.823,-10.5591223654825,-44.8136616959725
6.8235,-10.5006261416337,-120.067373865917
6.824,-9.36415361070061,-190.707887573025
6.8245,-8.74325772288517,-187.254562154892
6.825,-12.361507503078,-122.118666764538
6.8255,-18.6599310668826,-41.2986088077327
6.826,-20.4377336902663,46.9400876266958
6.8265,-11.7226597965688,148.546898332773
6.827,6.29750012642188,237.691368809473
6.8275,25.6761065448361,290.702689383928
6.828,38.038822176529,333.295600412441
6.8285,42.0242786504179,397.966683037139
6.829,44.2900719998283,457.98080791078
6.8295,51.295089017806,459.959845068661
6.83,60.9079640203946,404.699908919155
6.8305,65.6175544608482,336.19196071836
6.831,64.0652622034497,259.576315601634
6.8315,64.3757164926765,134.247889378984
6.832,73.0737305359906,-44.4670254281803
6.8325,84.488154471831,-214.272779692214
6.833,86.1305159386599,-313.235368995002
6.8335,73.5155927760321,-332.763914938178
6.834,54.829817717831,-291.327592596603
6.8345,40.2437267606915,-205.823426496726
6.835,31.3321149803059,-110.153490240537
6.8355,23.9580375227735,-52.2449325671466
6.836,17.6048552618119,-37.4091750849818
6.8365,15.6625608442417,-10.4881934109564
6.837,16.5566387424515,70.5764177651509
6.8375,11.3496032412977,171.170314018336
6.838,-5.31576834312035,221.567976333823
6.8385,-25.6198159765215,196.169675570425
6.839,-36.0589434993282,121.164749922587
6.8395,-33.8264924511996,32.6323374811537
6.84,-29.6972222964724,-34.147844036751
6.8405,-33.4027195058398,-38.9048023203393
6.841,-42.150382028006,30.5381081056707
6.8415,-47.1290627078248,127.06130752649
6.842,-46.3186231106482,188.020266715111
6.8425,-45.1843602314027,207.272635612297
6.843,-47.2781296343573,226.795703234922
6.8435,-50.1962024990415,260.565127839312
6.844,-50.4980800562883,268.200243422251
6.8445,-47.5075499374012,209.953875817148
6.845,-41.5080683498156,91.2187022367459
6.8455,-32.4534097347142,-57.6212091617318
6.846,-22.0571200416425,-213.022263267828
6.8465,-14.209745876544,-356.443591268125
6.847,-11.7150777316386,-468.135893807711
6.8475,-14.1480413852455,-539.091822571376
6.848,-19.1464133742253,-572.017462579097
6.8485,-23.9248605752282,-563.773954517134
6.849,-25.8221732561935,-507.867149106271
6.8495,-23.8527847528533,-418.168691822701
6.85,-19.7797817057017,-322.014292673112
6.8505,-15.7815291953358,-221.195166408149
6.851,-12.1136263238609,-91.1970674477669
6.8515,-9.43063979334769,65.8111950297021
6.852,-10.895495219302,199.991888736889
6.8525,-17.2528811430175,270.151854351342
6.853,-21.9061568846858,293.716661648131
6.8535,-17.7285241309575,311.931176990842
6.854,-8.11873400221304,329.31831432482
6.8545,-2.90933633158077,322.28791054677
6.855,-2.10010622156198,288.771413340775
6.8555,6.25529421993188,247.057928505609
6.856,27.2630940931682,193.309599575712
6.8565,48.4146681203736,105.081022740879
6.857,56.2886515766738,-7.61331472059184
6.8575,56.0174845211835,-95.2457440842688
6.858,62.3370588233026,-128.019562485448
6.8585,75.9047081598008,-130.335613536298
6.859,82.1488698461077,-137.813551692596
6.8595,73.3284414511857,-147.923769778251
6.86,58.3334123288086,-137.77544659557
6.8605,47.1447577822226,-109.603937950565
6.861,37.550916037592,-87.9208226055789
6.8615,23.9241827990978,-80.0372395291266
6.862,9.86644590320549,-67.6404582793845
6.8625,3.5571017195135,-38.2116664594897
6.863,6.20704642975806,-2.12184552295227
6.8635,12.8381382606454,27.5378993767001
6.864,20.1013860672872,55.1457928756057
6.8645,25.8179441967875,92.4361568306226
6.865,24.6295328886928,137.110538324549
6.8655,12.7266820091127,171.375577185614
6.866,-4.6510471196106,179.788383003667
6.8665,-18.1477980146366,161.788314029677
6.867,-25.869057441764,124.041138081177
6.8675,-32.6694748514762,64.793133569408
6.868,-38.7549094599806,-23.3623316963224
6.8685,-38.0344359922194,-127.770679983215
6.869,-29.6270345464547,-203.952601359821
6.8695,-22.2123536143855,-212.375269703454
6.87,-22.2980865617543,-170.181028625493
6.8705,-24.7991329462399,-141.756558237175
6.871,-21.01046887444,-163.594192743035
6.8715,-11.260446084287,-200.458423490573
6.872,-3.53204146569542,-197.250039487216
6.8725,-2.49689099442159,-151.682906365093
6.873,-6.00819638710453,-101.017917468321
6.8735,-10.9420181256446,-53.3485904665728
6.874,-16.5157290082139,17.2056295156894
6.8745,-21.609281256959,103.476186948838
6.875,-23.9442333929033,148.376372353902
6.8755,-23.6419630320085,122.633521311622
6.876,-24.3188795760264,77.2694386625813
6.8765,-28.765339983988,80.8198905377315
6.877,-35.1914124258705,136.982939527828
6.8775,-38.91849803169,209.902930147013
6.878,-37.1389656779567,302.547439450787
6.8785,-32.0728286391463,443.60691843368
6.879,-29.8338037427912,598.22164728562
6.8795,-34.5270326134811,661.941162665227
6.88,-41.9474220536903,575.542263009729
6.8805,-41.5818157441611,400.172009343881
6.881,-28.3010515446666,240.026124516044
6.8815,-10.3256724640568,121.995021575277
6.882,-0.842787461594599,-4.89473952912393
6.8825,-2.09927530718555,-169.608596606872
6.883,-3.09002128303899,-328.181077587594
6.8835,6.07635606615982,-416.868044047528
6.884,23.2298561289645,-420.112666396413
6.8845,39.9989183008879,-372.010223851956
6.885,52.5998206777064,-313.20299968035
6.8855,61.5141449865748,-262.657265818129
6.886,64.7349567125999,-220.883909242202
6.8865,58.8820150919146,-185.687972603307
6.887,46.5443677126489,-161.643789307247
6.8875,35.9749729078425,-154.180296593146
6.888,31.8366733116783,-154.747731566486
6.8885,30.876578076851,-140.091377637165
6.889,28.4314085907027,-95.0023231466873
6.8895,24.7608327024956,-31.8411928840316
6.89,22.3834023547175,19.9596559157844
6.8905,21.1483675355009,39.1497794408776
6.891,19.700936203899,22.2676481240853
6.8915,19.0560208947353,-20.0169861430113
6.892,20.4189915882206,-63.1431148588274
6.8925,21.0493440300969,-76.0606376174555
6.893,16.9384681469818,-47.5314324353731
6.8935,9.37730557387567,-0.888094161568166
6.894,4.28995547202445,33.3922190494081
6.8945,3.98686044438449,53.2696323362768
6.895,3.91933387573395,75.0669541263504
6.8955,0.12359787682748,97.5721014374363
6.896,-3.89047045538162,103.963700055594
6.8965,-2.09403984333865,95.4367809264097
6.897,3.97292976429366,88.9803101436298
6.8975,5.41924125154615,76.9972095688332
6.898,-2.52938639043335,26.2941947104264
6.8985,-13.5801281404653,-65.6823137280486
6.899,-17.9079105791955,-146.300809734808
6.8995,-13.9868584945023,-165.198083179348
6.9,-8.95498928069772,-132.714114407404
6.9005,-8.23681833539065,-95.0156042616899
6.901,-9.48891574853917,-72.5246763062406
6.9015,-8.18640247528647,-53.2830889484299
6.902,-5.22404113598851,-29.0399076920616
6.9025,-5.77120242654323,-0.824347797846718
6.903,-12.7843808079613,42.0626981916108
6.9035,-25.0208200886312,109.910517026202
6.904,-39.9589379158534,179.382046989673
6.9045,-54.6670297009798,207.568996309709
6.905,-64.3572288357589,184.730194579087
6.9055,-64.9087346871528,142.789205577785
6.906,-58.2166779805624,106.834364721142
6.9065,-50.9357553612378,71.9578218931651
6.907,-45.6448816148263,38.1378159319508
6.9075,-36.9332898844537,30.5151747057033
6.908,-19.4452093267983,60.2142488708405
6.9085,3.27407214394862,91.3185275441413
6.909,22.0345184463937,76.0253459307396
6.9095,32.0043950262743,9.91130608143356
6.91,34.9952237646393,-68.1098558907312
6.9105,33.1504050687412,-117.115249378285
6.911,25.8905481265271,-117.505355577387
6.9115,14.2263159896084,-72.0615423543815
6.912,3.8175538178449,-10.8173674163417
6.9125,1.12372598025325,16.4402249773866
6.913,7.67535231718218,-19.1707683711637
6.9135,18.5147836821577,-94.8433692550195
6.914,25.2713708799114,-164.26624161449
6.9145,22.4038580513676,-206.544853082685
6.915,13.0237178524438,-225.061910052453
6.9155,6.3238544541944,-213.171831393009
6.916,5.08701598358003,-158.210021400206
6.9165,-1.28109924727739,-75.992265391059
6.917,-23.6577358345833,-0.053480987517847
6.9175,-53.932824508891,72.1492204430931
6.918,-68.7470331421147,181.820956569867
6.9185,-55.8719661490569,335.707722275094
6.919,-27.8918856376031,462.981737538479
6.9195,-4.13086617486457,477.822958909086
6.92,12.0283421517557,369.692535325491
6.9205,28.7651805860421,205.06623300006
6.921,46.0608376662272,52.9437386571376
6.9215,53.4957740052636,-62.1068864039534
6.922,46.8088717955188,-140.754610500315
6.9225,35.1647148387197,-179.193246438165
6.923,29.4669303132272,-172.854917969315
6.9235,31.7436679718567,-132.986061430651
6.924,38.5749000758137,-84.911637839272
6.9245,47.3475254686025,-50.9282758354645
6.925,55.3478424294463,-36.6624978330154
6.9255,58.5514718005782,-32.4077437678541
6.926,55.3344732486188,-30.3316067632214
6.9265,47.6420346084677,-40.6041221637688
6.927,36.5439340834695,-80.1447741407901
6.9275,21.3240581105375,-140.547762530313
6.928,4.76157657599101,-182.856474850879
6.9285,-6.48554037932798,-178.610652993707
6.929,-10.0598402407135,-143.644806694241
6.9295,-11.5323289725375,-112.773309429829
6.93,-16.377807809729,-91.9795729966028
6.9305,-22.8718507455764,-59.7144655198428
6.931,-26.5747335020425,-8.32937802903533
6.9315,-27.3710525650921,45.8348900106636
6.932,-27.8407435935324,94.3556917554389
6.9325,-28.5385727378745,146.157157030327
6.933,-29.3012218978008,194.330819847054
6.9335,-32.0007778737716,204.006098862218
6.934,-37.8550363409671,154.575704767792
6.9345,-44.8212650727042,73.6907131183132
6.935,-50.8341668775772,7.69845370391038
6.9355,-55.6566177322098,-26.1639600784305
6.936,-56.059199501111,-38.4481392578348
6.9365,-44.828358825887,-37.5902893274842
6.937,-20.8519692269559,-30.4386550409459
6.9375,4.10717551002141,-39.2172032622508
6.938,16.2020089031488,-79.9482653649883
6.9385,14.7410951680308,-122.569259155105
6.939,10.0092226792716,-108.963533135614
6.9395,8.68979625189004,-25.0988149006041
6.94,9.57617250335691,71.7727431180863
6.9405,11.9713840734169,116.182727609842
6.941,18.23746690459,104.324172693079
6.9415,25.8980155480122,81.4776487317708
6.942,25.6583894616565,78.1567080672388
6.9425,11.851754092972,85.7080206660635
6.943,-9.78912993416099,86.4049087238738
6.9435,-27.9109714681563,77.4345193332741
6.944,-35.8064287371554,60.1636659272303
6.9445,-34.6979705203828,29.2861071044877
6.945,-30.7791025548653,-14.2722795371365
6.9455,-29.9381663076591,-52.0289595046582
6.946,-31.2984253862965,-61.5598029232595
6.9465,-25.7783815042002,-37.0705327177339
6.947,-6.3364691331161,8.18096387770912
6.9475,19.9766280706662,52.8376502812848
6.948,36.7800682759852,76.4499304348067
6.9485,36.8575307190181,67.5595892826901
6.949,29.0888477085846,33.3119053892332
6.9495,24.5550017260003,-2.68501817007143
6.95,23.7211452566246,-20.9291767747747
6.9505,22.1916405562575,-23.9896068048046
6.951,21.2014240102612,-29.2187238099268
6.9515,24.1841053368351,-46.5461113967874
6.952,27.8289648900847,-69.7964667195551
6.9525,25.5058842138265,-87.5001211883604
6.953,17.5538113790792,-93.7827292812578
6.9535,10.3201197952115,-87.4008554501334
6.954,6.0453778650444,-68.0604023420033
6.9545,1.24994095970494,-39.7473668906055
6.955,-5.02316408631246,-15.2215482715146
6.9555,-9.08640085662649,-10.6698695289694
6.956,-10.0951605227798,-31.6600303565373
6.9565,-12.465672582327,-65.0279020167848
6.957,-18.0077787828406,-89.2829883820855
6.9575,-21.9632496956515,-96.100510416141
6.958,-20.9588681008875,-97.5748703654684
6.9585,-19.6187833527315,-106.635307196944
6.959,-23.6866488343471,-114.450846937545
6.9595,-29.7715128220184,-97.8376866149578
6.96,-28.0566793243418,-49.0722727778953
6.9605,-14.443136519855,13.2669615294967
6.961,5.17168399326483,65.1871498190274
6.9615,22.9761644297656,95.6947619650998
6.962,36.7050821689074,101.182604467549
6.9625,47.4043468106414,80.8353490064882
6.963,54.2339996403372,49.6919848363088
6.9635,55.279473761534,36.8184532762803
6.964,51.3538299124123,49.143150142946
6.9645,44.9416240125677,51.8248710791723
6.965,35.8842319283689,12.2847283765943
6.9655,22.0443330265289,-45.114307415603
6.966,5.14759431463264,-61.5984950936786
6.9665,-7.69449756794027,-21.0149026096065
6.967,-11.0251661147969,30.9687395584047
6.9675,-7.87212531540081,53.2511898821304
6.968,-6.8726383092589,58.4593505054736
6.9685,-13.1090661362755,75.4752352261547
6.969,-23.6600835409115,95.3242123045458
6.9695,-31.6591952215522,87.6348457630475
6.97,-32.8476722080371,52.9002090974393
6.9705,-28.3955501986154,23.535064883092
6.971,-23.1036895312522,18.7943789999613
6.9715,-21.1116260259324,28.0984465669645
6.972,-22.3726758693169,38.5057509218636
6.9725,-23.2690394917609,53.0001034469151
6.973,-20.6780580181358,77.1806595852911
6.9735,-14.1303529733925,106.824040499218
6.974,-4.10099916385337,133.239183528245
6.9745,8.45151990083775,148.174045970205
6.975,19.2685861876193,143.989064206379
6.9755,21.8139722337404,121.899315177832
6.976,15.047111106631,96.4161799309769
6.9765,6.51466292336492,77.0365681782687
6.977,2.41674828483832,51.6612620266217
6.9775,-1.82802743918053,6.47619113337763
6.978,-13.4845065634258,-45.1613415222341
6.9785,-27.3297867104973,-78.8324133057015
6.979,-28.9784291126667,-100.860659207795
6.9795,-14.9218577778466,-144.503164290963
6.98,1.02632555119788,-219.909350252116
6.9805,5.95458195911115,-296.122976499718
6.981,3.50589235017623,-341.9696757211
6.9815,4.51782610167103,-358.275208251074
6.982,9.57671371840115,-357.533314716654
6.9825,9.88667567247769,-338.031216229706
6.983,0.931519862790038,-294.849403961473
6.9835,-13.7655971695214,-232.44166567056
6.984,-29.7274193593208,-146.205952737782
6.9845,-43.3697045246335,-14.0639128962781
6.985,-47.9958742798233,167.562295475183
6.9855,-37.0472778786966,354.508001385889
6.986,-12.8157999433469,487.02054022687
6.9865,14.5122017299041,540.526837140527
6.987,37.1480814260728,522.923171306779
6.9875,52.9631770162938,437.957894907845
6.988,58.9349810626105,285.725938860521
6.9885,50.169434328556,96.2592120227532
6.989,28.8307823685877,-71.2678366279509
6.9895,7.0568235951973,-173.447624020116
6.99,-4.27147542488868,-209.309807451853
6.9905,-6.03166370761563,-200.64011285204
6.991,-6.61612114853074,-166.56857483789
6.9915,-10.7990041705153,-121.454252876745
6.992,-16.4678946219367,-76.397480707937
6.9925,-19.3189170834843,-32.9746716631971
6.993,-16.5408381324843,11.195498602528
6.9935,-7.29796283337857,46.5493846414047
6.994,6.74400123581472,57.2303996055033
6.9945,21.2783674010906,47.3227432455242
6.995,31.6344435048142,43.2706539746718
6.9955,35.5656511770834,60.8530078401257
6.996,33.9749276456517,84.8280467848931
6.9965,30.034401962895,91.1815501952956
6.997,26.9984706813986,75.0477323464474
6.9975,24.5095992010395,44.6559326630518
6.998,17.428583145721,1.33772863798215
6.9985,1.65566196703335,-57.3690329565565
6.999,-18.6019337162103,-121.038724808257
6.9995,-33.4163124278871,-168.524901455466
7,-38.6079011703695,-187.051768010225
7.0005,-40.9385748040009,-180.865104622053
7.001,-49.1938066843152,-162.700638998365
7.0015,-62.7450627978052,-143.144497551737
7.002,-72.0614478943803,-125.405695570728
7.0025,-69.3431221325408,-104.293404773356
7.003,-56.1465378989893,-72.8009254017413
7.0035,-40.6414521202566,-33.8993992935375
7.004,-28.6294087378432,-1.54201990422934
7.0045,-17.8464609265307,13.9341265601643
7.005,-2.08278166308757,15.4141592295594
7.0055,18.7836040892381,9.87770281924669
7.006,35.9343211983151,-1.49900511932993
7.0065,41.8453365530913,-16.3557352021972
7.007,40.3286343055677,-23.2062314128049
7.0075,40.8244119722942,-12.6916726741047
7.008,44.5331509960348,8.4036723400702
7.0085,43.5793022211768,27.4165274208422
7.009,34.0711656870493,47.0165905737935
7.0095,21.8783311026536,81.0396269522438
7.01,13.4585265457803,127.527819334151
7.0105,9.13913561470514,161.086281527781
7.011,8.67760035706841,160.11775604374
7.0115,14.442328562864,131.921814650111
7.012,23.4261175589857,101.49861313267
7.0125,24.8987970472652,81.5834556693533
7.013,14.3985183023636,63.8597438831246
7.0135,3.14449619556843,37.5213130645054
7.014,3.94827517566608,6.2886654465156
7.0145,13.3201339462734,-15.7381958322191
7.015,18.1834887735157,-18.5419379826705
7.0155,15.7150535098461,-2.57063317094726
7.016,13.9472154366821,24.4461379669259
7.0165,15.2793145238575,50.9684401483339
7.017,13.922400037916,63.5568075605726
7.0175,10.8700918073463,52.5996462701914
7.018,16.649026563164,20.1138961425653
7.0185,33.8042922510081,-20.5408377664509
7.019,49.2624528604101,-55.5774532066824
7.0195,52.0552228448251,-80.2797160280933
7.02,48.5958968047725,-96.2312684184408
7.0205,50.9801150819733,-101.687700621086
7.021,57.7450329381472,-88.2609604791098
7.0215,56.674119978177,-47.774192908706
7.022,42.1082924369734,17.1682547134104
7.0225,19.5120436514331,87.2176794291817
7.023,-4.7414135165338,133.005893823672
7.0235,-29.0226912688895,136.863213519669
7.024,-52.4798344830875,112.364477792516
7.0245,-72.8995371862068,94.0664129917166
7.025,-89.1207663854871,99.9043022637941
7.0255,-101.017797653277,110.736731051221
7.026,-108.41389959479,96.8970580159786
7.0265,-113.951667982632,56.9061942820111
7.027,-122.812711274983,14.3508534179317
7.0275,-132.745804633715,-18.2419151749122
7.028,-128.833287781199,-50.9348544607008
7.0285,-98.8241148435526,-89.6739762200606
7.029,-52.8586577593578,-120.826700704329
7.0295,-17.1829398108069,-133.478519129721
7.03,-6.51030987167636,-139.370703649918
7.0305,-11.984545205974,-155.495931647169
7.031,-17.9022591461145,-178.876152930264
7.0315,-18.6577585033722,-193.397712174588
7.032,-14.4508312817455,-192.399616967358
7.0325,-2.54420258112558,-180.628874392044
7.033,16.9653052162016,-162.658670053746
7.0335,34.1307632123826,-143.629768656921
7.034,38.5705358360549,-132.313860616205
7.0345,32.0725907161949,-126.795015596675
7.035,23.6646711652141,-104.884864070689
7.0355,17.1064186573425,-47.5054214000087
7.036,12.7227379169795,33.5809373935925
7.0365,16.3653965957968,109.882040466073
7.037,33.2707135347357,171.952194329446
7.0375,54.2489515393403,228.297637185167
7.038,61.7188589300432,271.784557711
7.0385,51.8860219572309,275.067768368291
7.039,38.6704145638525,226.269505277342
7.0395,32.0199948684337,147.069875338835
7.04,25.5316600233859,68.134591863767
7.0405,12.9750802247198,7.09950288030982
7.041,4.63195564227347,-24.175533749688
7.0415,14.6102854797776,-18.2601925438408
7.042,38.9814082528686,7.88172870515129
7.0425,59.7456202847019,17.9102944324632
7.043,67.5795556194021,2.49647664793734
7.0435,68.4526266513249,-0.85783261958117
7.044,68.3913392957666,39.8595253835304
7.0445,64.0277504904515,96.304118133107
7.045,51.5994045629836,108.358845046128
7.0455,35.8664861102185,58.7900017901001
7.046,24.7307823904358,-12.2833419546113
7.0465,20.2374746991424,-65.4637330066019
7.047,18.4176445371769,-102.687374751393
7.0475,13.8603813005854,-142.908280002975
7.048,2.45746968444771,-184.941853640717
7.0485,-15.5052883331669,-210.086048851958
7.049,-32.8067947157672,-206.253886652741
7.0495,-40.6781836990073,-176.975578114589
7.05,-38.9751773638713,-135.789601324607
7.0505,-36.2471986311531,-98.1748081614287
7.051,-37.9544951519331,-68.9274869753936
7.0515,-40.7039730070413,-33.756457288748
7.052,-40.9448897363139,23.6554123586508
7.0525,-42.0419586731317,91.5727976658576
7.053,-47.0106158449211,132.368287571863
7.0535,-50.3419872732027,124.031066961549
7.054,-44.8391034007351,87.8740279150341
7.0545,-33.0322954524727,65.442288280242
7.055,-23.789141923072,77.3548661352404
7.0555,-19.2019338728875,113.034736072891
7.056,-12.6665025766612,150.300928145601
7.0565,-0.225127362720316,173.608136643545
7.057,13.1136819679737,179.039630213341
7.0575,20.0130514355372,170.572421475221
7.058,18.4220856142877,148.653529017538
7.0585,10.728924214425,101.582828510871
7.059,-0.210836516729334,19.9580871672882
7.0595,-11.8649586333122,-75.9994723628307
7.06,-21.8755316907829,-139.852328504661
7.0605,-29.1717636636076,-142.041679830668
7.061,-33.8125401625345,-98.2323619297657
7.0615,-35.5501866163935,-43.9628386682783
7.062,-34.2693181025796,3.66947492058695
7.0625,-30.8258301736233,42.339622122781
7.063,-24.8954091976439,59.0150585493873
7.0635,-13.9040388233153,37.7977004536635
7.064,1.79177511384806,-8.46016164955549
7.0645,14.7042093855908,-41.5281260802846
7.065,17.4261815854923,-40.6485549181074
7.0655,13.5571430718649,-23.4707574286622
7.066,14.1882699838579,-16.6394544706294
7.0665,22.1225993767067,-22.3292594781393
7.067,27.177918035501,-24.9507634197596
7.0675,20.671739844261,-19.0408453978889
7.068,7.52656769453808,-18.0870693750799
7.0685,-1.42650098057858,-40.29421748833
7.069,-3.40006933723282,-91.664963399691
7.0695,-3.14135933448863,-157.379167136773
7.07,-2.67739499585421,-205.590269671588
7.0705,0.517000590856934,-207.192222967481
7.071,6.738553190395,-158.106999635682
7.0715,12.9274161750808,-78.884031990659
7.072,18.575168532298,7.15618213510811
7.0725,26.4446429154019,85.9857104282896
7.073,36.3611120030461,143.322464892323
7.0735,43.9889044916249,160.164200872674
7.074,47.6453923886911,129.562440278144
7.0745,51.1024273797479,68.9616287966186
7.075,56.4844429823808,5.09758935569277
7.0755,58.4515141166283,-47.2107376995146
7.076,49.84142622965,-83.1641996192973
7.0765,31.6073443327454,-95.406641317212
7.077,13.4798363279659,-79.2490273541294
7.0775,4.46014149793835,-46.9570567941045
7.078,4.58437480758573,-20.3892445865781
7.0785,6.53943669363374,-5.85910026998932
7.079,4.14436281495863,12.5446812581464
7.0795,-2.08782752626446,50.3979858019573
7.08,-8.20689581724286,102.36354367884
7.0805,-14.1140536841731,148.459333118281
7.081,-24.3608755191093,173.198947585236
7.0815,-40.3274030477059,172.957453818409
7.082,-55.037720874575,151.200111868171
7.0825,-59.9652324426733,115.832510591696
7.083,-55.6986045896094,80.2857541005076
7.0835,-51.0514180309626,58.3194578920648
7.084,-51.3032631702101,52.3028992244852
7.0845,-52.288492368841,49.0565650555873
7.085,-48.0728366871024,32.307084483024
7.0855,-39.9575511928049,0.188526633730349
7.086,-34.1592678060543,-33.3579250267833
7.0865,-33.2163955980588,-56.7918300311268
7.087,-33.5250578726344,-76.0813189482622
7.0875,-30.1831124902917,-105.14669254047
7.088,-21.3251585575072,-142.648602928167
7.0885,-8.80828569220604,-167.50821886724
7.089,2.59624918039555,-162.143420580631
7.0895,7.92295659713207,-133.501193574245
7.09,7.1370645335234,-103.159891357802
7.0905,6.66732718853508,-79.437715712116
7.091,12.303005267041,-48.84920182872
7.0915,21.0424402496698,1.85047921093768
7.092,24.0029444809325,62.1044574027241
7.0925,17.6313302321166,103.377967181196
7.093,7.51832100518677,108.163569748279
7.0935,-0.216757696697114,86.9258319711601
7.094,-6.43944061993308,62.06166805828
7.0945,-14.8275306638734,39.0508500881234
7.095,-24.4546808806147,2.3408456399306
7.0955,-31.2293617734586,-57.9000053894426
7.096,-33.8849892463391,-124.057813524165
7.0965,-33.0049588745505,-164.582414179135
7.097,-25.707995848557,-164.499392037755
7.0975,-7.97128864422056,-132.802959900572
7.098,17.0279829040455,-83.2158490188289
7.0985,39.2886810884761,-22.0538995795338
7.099,53.3246091591784,42.2036566827649
7.0995,63.8016517809473,92.3013231780045
7.1,76.6117950741705,115.573430185183
7.1005,89.9807859460645,116.159767409315
7.101,99.8813066719696,105.110642405508
7.1015,109.316542100426,85.3940451121632
7.102,123.72616775823,56.8926828460468
7.1025,138.627689456291,30.5650656358421
7.103,140.915790651568,24.4147733743957
7.1035,124.712905535883,44.7336218335171
7.104,98.7906844988605,80.0694905412658
7.1045,74.6703225976078,113.803866726796
7.105,53.4150574833168,134.510313008013
7.1055,29.2190679427924,134.245841037364
7.106,1.37657615464963,107.607188335851
7.1065,-23.9510936125146,58.6186887785983
7.107,-42.3119748839159,3.74496822747943
7.1075,-55.8983736624053,-37.5070144202273
7.108,-70.2266397675081,-55.4475722267827
7.1085,-89.687581988984,-54.3340054317435
7.109,-115.252201708636,-46.2531426199988
7.1095,-141.890644375721,-40.610104059882
7.11,-158.369706285141,-37.2866198274833
7.1105,-154.60450007922,-30.7344681232899
7.111,-131.278780370625,-21.6002686777821
7.1115,-99.740622332083,-19.6730446268087
7.112,-71.6137452171579,-30.6644020611575
7.1125,-50.9041669477576,-44.216661533375
7.113,-36.2703668558391,-42.5901557690852
7.1135,-27.0258407370876,-20.5063517338863
7.114,-24.5560054656583,9.1892052493264
7.1145,-29.5585975193488,27.5207091602149
7.115,-39.3132781629747,20.6153644367117
7.1155,-46.9761010970559,-16.8954873375371
7.116,-44.698712947552,-76.8316080698669
7.1165,-30.9181886782457,-132.947604353768
7.117,-14.7948365770234,-153.46446965608
7.1175,-9.1032585631566,-127.815621101505
7.118,-16.4270915964604,-77.2047665158441
7.1185,-25.3733507337033,-32.0351770735408
7.119,-22.8190159182134,-1.26592625110294
7.1195,-7.40879048502417,29.9574496538483
7.12,11.2853441079951,73.6499539233467
7.1205,24.0644041877364,117.490290294601
7.121,29.2508151420572,134.705945245364
7.1215,30.8701089008817,113.606680359869
7.122,34.1593606596736,71.5648314167404
7.1225,42.859805480972,35.6648947829462
7.123,57.6240981322616,12.3426435350721
7.1235,75.7419443437503,-16.6552987498244
7.124,92.9751235532321,-67.5049176551856
7.1245,105.130084910079,-132.488836109279
7.125,107.925881081632,-190.194160033545
7.1255,98.6605926660402,-229.104607850364
7.126,80.6658125846565,-250.984956022627
7.1265,63.2966136741822,-255.379025078221
7.127,53.3485241273594,-233.23080057296
7.1275,48.0136449366794,-177.977736261749
7.128,40.639908148384,-95.9846846165103
7.1285,31.9489545020655,-5.50031017883189
7.129,29.4656513550222,69.8554261417928
7.1295,35.1597697596743,111.217212099038
7.13,39.9495997478672,119.377706299084
7.1305,33.770290300872,119.090238867939
7.131,16.8902305682134,137.145490661066
7.1315,-2.27682089285193,174.256936640263
7.132,-17.3790498952065,208.165621507407
7.1325,-28.5801396170015,224.438364190784
7.133,-39.4345483728813,230.882439077458
7.1335,-52.8997800292442,238.717810620411
7.134,-68.2797873307077,245.368103333709
7.1345,-78.8099974770786,245.46113930065
7.135,-75.2833543528766,246.400951424995
7.1355,-57.2229262063633,258.714257549966
7.136,-38.4799192642185,274.934913274364
7.1365,-35.064420192768,268.535050792897
7.137,-46.7976341095007,213.785295599647
7.1375,-57.0479421583138,104.233850750985
7.138,-52.5146740197182,-41.5829543738385
7.1385,-37.5192066410054,-186.840889244733
7.139,-25.4362724125771,-295.458046903528
7.1395,-21.6192734831137,-352.719096219018
7.14,-20.8839503740888,-365.521590486675
7.1405,-18.7889510043458,-342.365554207168
7.141,-17.7310897760873,-284.356259087473
7.1415,-20.5556966381375,-201.476187116654
7.142,-23.7553304193971,-123.297227964749
7.1425,-20.9293369001741,-78.1307666996355
7.143,-11.2748408123642,-67.1118922401911
7.1435,-1.45215217971422,-71.513573953566
7.144,1.95013211987652,-80.4749633076124
7.1445,1.01901908425463,-97.2700470732611
7.145,5.84990936356119,-120.520681543351
7.1455,23.1350894963289,-134.560170598786
7.146,45.6902045939397,-122.768805128266
7.1465,57.3842529330018,-82.5563026059556
7.147,51.260275566719,-25.0291100466894
7.1475,39.2429937990189,35.5686056701926
7.148,38.7028196729291,93.5567273345605
7.1485,51.1595493637421,156.640426530363
7.149,60.7906042328443,233.190245780769
7.1495,54.2843929059331,309.538838291853
7.15,34.7814475432818,350.391908661578
7.1505,13.2649199114998,332.608227782165
7.151,-6.12737936062766,268.047772482962
7.1515,-25.1651183477287,179.347260522049
7.152,-40.8620059708499,68.317777502305
7.1525,-45.4496074038184,-65.2342904374262
7.153,-37.3956603806751,-182.546798169008
7.1535,-24.9076251019475,-222.43247965616
7.154,-16.1021885541264,-170.682097154426
7.1545,-11.1600345071269,-84.7199398908028
7.155,-6.58803514271745,-31.8909349740623
7.1555,-1.74712325500679,-24.0228217789495
7.156,2.80614602556794,-29.7107288832225
7.1565,9.0866898648759,-28.9441236323072
7.157,18.5795734469768,-28.6938639479896
7.1575,27.7163010530903,-35.8654863281565
7.158,31.465094004931,-42.9568729718352
7.1585,30.3982198296417,-41.5864385319705
7.159,29.7055847247167,-32.6354665834703
7.1595,31.6753284835174,-22.5006364142403
7.16,33.5209595794478,-21.5263444239946
7.1605,32.6635690491982,-41.8411673724693
7.161,29.6161036017731,-82.0678852684757
7.1615,24.8388140696162,-118.032212437871
7.162,17.4251048259869,-124.903349502903
7.1625,8.89129623914255,-106.911637119175
7.163,3.99004858240338,-89.4779456896928
7.1635,4.66567392425036,-83.2946969593114
7.164,6.49136585565412,-73.2136557842377
7.1645,4.54176279492247,-43.3389721893293
7.165,0.0272986065956827,4.6284871847254
7.1655,-2.80304214815654,61.6210537612624
7.166,-3.92030476474717,122.737871875383
7.1665,-6.73614942079918,181.891964603299
7.167,-11.2729822662426,228.563630161302
7.1675,-13.5590628408081,256.360762017033
7.168,-12.2313324930268,263.683638916279
7.1685,-10.6084127507762,243.152275909118
7.169,-10.6549389658924,185.865092179114
7.1695,-9.67039139231783,101.477413856883
7.17,-5.76356831633667,16.6938409465917
7.1705,-2.63718886376602,-55.3323219217444
7.171,-5.02636103936043,-126.78339660273
7.1715,-11.8678518747561,-204.039540835798
7.172,-18.1589819852206,-262.87882314037
7.1725,-22.5064017009606,-274.668221062837
7.173,-28.9261633034669,-245.409813380714
7.1735,-40.9225879937763,-206.484902573121
7.174,-56.6413943979227,-172.714563296507
7.1745,-70.6591137838829,-132.045121691641
7.175,-78.9206207658902,-75.4080032300363
7.1755,-81.4998810920473,-14.0852977603322
7.176,-81.5850857750863,38.1354745134094
7.1765,-81.8226238208873,82.0677782089007
7.177,-81.0866672767156,123.43838193781
7.1775,-75.5532918864817,158.012677760054
7.178,-63.7023453784002,174.896348326522
7.1785,-49.1182914447018,167.879704204805
7.179,-37.3032717527081,139.292335940692
7.1795,-30.9680986247154,99.5596837417313
7.18,-29.3912199857496,65.2548313141916
7.1805,-30.331580117448,49.2639544447278
7.181,-30.70272686202,49.7427391272679
7.1815,-27.3190484727668,55.3117231318762
7.182,-19.3701399602089,60.9165713789168
7.1825,-8.64520656066698,69.0407439013188
7.183,4.50077680809269,76.2062350384176
7.1835,22.5115455553591,72.6491593438257
7.184,44.851021833184,58.8354921565766
7.1845,64.3555354187362,47.3848179480995
7.185,74.8828526570671,41.4383323133601
7.1855,80.6535762026162,25.0891067216398
7.186,91.5352508979475,-14.2486589839732
7.1865,109.507219479749,-65.1318678512476
7.187,126.43037804611,-104.795653794132
7.1875,135.416021031904,-122.66416844167
7.188,136.558559396467,-119.513622269276
7.1885,129.420450242158,-93.7005253023037
7.189,108.917202731694,-45.28282106862
7.1895,74.9073199047638,9.89944856108856
7.19,39.5376562618087,46.0895767613974
7.1905,17.1867089820112,49.5714768457499
7.191,10.0893826398364,26.9126246950729
7.1915,10.506000144333,-5.3322935264548
7.192,14.2655349336876,-29.4244414825333
7.1925,24.147924792274,-29.7913480089001
7.193,40.1886391153084,-2.2047463845409
7.1935,54.5704429865792,38.1878532449817
7.194,59.2623060314143,66.9220068184442
7.1945,54.5458606600504,69.4134654325217
7.195,47.6338613320762,45.5431111437901
7.1955,45.3535910494283,1.62203373183363
7.196,48.875239916944,-51.119576993986
7.1965,52.5464789060519,-95.2655867671783
7.197,47.218049312293,-119.300853456487
7.1975,28.2304241999598,-130.13156619503
7.198,1.7998573754391,-140.59126159586
7.1985,-19.1011874232808,-146.268954822278
7.199,-27.1086555597551,-130.114828337538
7.1995,-27.4755748613755,-90.5139021826107
7.2,-31.9959597672211,-48.6614154814989
7.2005,-47.1136251370701,-24.5648068718735
7.201,-67.9864864044831,-18.9837264391013
7.2015,-82.7619468826719,-20.2991980105852
7.202,-83.249158550738,-14.3339234883686
7.2025,-73.4883339102596,11.7146406851311
7.203,-67.0036076092933,53.4793690047471
7.2035,-72.6818250486155,74.075958737359
7.204,-83.9837319092069,31.1575692906671
7.2045,-85.8526070474922,-66.6280463538714
7.205,-72.3475977718273,-151.591652981304
7.2055,-53.2779516615291,-162.670687582703
7.206,-42.703817456941,-102.74627090901
7.2065,-45.6144566615977,-16.7518257241921
7.207,-57.7610845082083,63.8578053408137
7.2075,-73.2017125367844,130.98163342255
7.208,-87.3034414071935,175.944171951694
7.2085,-95.5170536304931,191.528329637772
7.209,-95.0745403583347,191.171090781014
7.2095,-88.166964857337,194.677570488172
7.21,-79.8586760206911,197.359715637687
7.2105,-72.1460649219485,181.995028228473
7.211,-62.1941962380437,156.977629904139
7.2115,-46.7639100406994,146.622016042418
7.212,-26.8333608484232,140.414792235244
7.2125,-7.60763601903829,91.9475971738016
7.213,5.42668329615751,-15.2498275602168
7.2135,11.2838522449746,-134.682552954327
7.214,15.1470787991509,-211.879473539171
7.2145,23.749972071695,-243.157574908259
7.215,37.5859819453095,-252.895610551599
7.2155,49.3264320941191,-240.842134020256
7.216,52.1911970864709,-192.359334769106
7.2165,48.584618166764,-125.98758774935
7.217,47.5751704806987,-83.4959738234085
7.2175,54.237013242485,-66.8622890899838
7.218,64.2471692504261,-24.4342107841095
7.2185,69.1488637617189,80.7467087785921
7.219,64.3245337872049,212.746342195308
7.2195,51.260797127798,293.439386979429
7.22,34.9289609506831,278.592477104667
7.2205,21.1303550577175,187.572442994403
7.221,14.8569707620001,69.1229526998037
7.2215,18.0452130140622,-40.9974089479478
7.222,27.2876289323572,-127.954530617064
7.2225,34.4480292680138,-181.606251646898
7.223,31.7696053774721,-187.368272322036
7.2235,18.6516372466535,-137.614944389885
7.224,3.62241604225201,-49.1617655894194
7.2245,-2.4293471218773,39.3990986298513
7.225,3.589707100573,96.2534230336842
7.2255,14.5613303210685,120.86533834137
7.226,21.6464771649535,133.667294870746
7.2265,23.2086353221722,145.670273321389
7.227,23.5028244421225,150.442084862132
7.2275,24.9359004883464,144.318045507964
7.228,25.6776969996725,136.087925020242
7.2285,24.5392983566609,128.868264754086
7.229,23.8351392322149,108.538108715571
7.2295,25.6873945476104,64.6298514120583
7.23,28.4148107101467,12.3734245842387
7.2305,28.5969306580118,-22.5959854087737
7.231,24.5938997072212,-36.0025331751353
7.2315,16.2265723863471,-44.7686077171847
7.232,3.48884625179803,-58.0563042538734
7.2325,-11.2686970018496,-67.7930956140775
7.233,-21.3322715280495,-71.4802848497354
7.2335,-20.0128741125113,-85.0105909093078
7.234,-8.30963000807511,-120.459405180321
7.2345,4.18084427071426,-163.417257404839
7.235,7.82952461922457,-187.920144752691
7.2355,1.9570758640771,-189.418257500891
7.236,-5.09834997254973,-188.754144624669
7.2365,-3.829743602325,-202.275299401052
7.237,8.86558416128338,-218.916574680324
7.2375,28.2325421193937,-212.206506194366
7.238,45.9952595093629,-170.256939992652
7.2385,56.3582349859531,-109.927257294831
7.239,58.9248953423024,-62.8614456685598
7.2395,56.259804628967,-48.4959258866316
7.24,49.1393790368749,-58.4569616428793
7.2405,35.7452982041643,-65.8410116621965
7.241,16.3699788386748,-50.0736067340967
7.2415,-3.08247461315939,-12.2973489274693
7.242,-15.2849833479657,33.0634264798017
7.2425,-19.2707425648925,76.7062460188694
7.243,-21.4595659033204,118.514578570278
7.2435,-28.1013306763267,154.788137907216
7.244,-38.9155959716058,170.252586059043
7.2445,-48.998242446363,149.818514969866
7.245,-53.8585714356438,97.5761480334689
7.2455,-50.5033276071728,39.0624849647445
7.246,-37.3723035732511,1.57976191729783
7.2465,-18.2595738046427,-7.06494782423717
7.247,-4.71684502918291,1.08163278453962
7.2475,-8.29235416768116,12.8333717941917
7.248,-28.4955137618647,27.5922641730439
7.2485,-52.2324178415113,50.3393603297661
7.249,-66.5363586270104,77.3269397249372
7.2495,-68.3646101765249,97.3051357723656
7.25,-61.4283717345797,106.223015414275
7.2505,-49.6061036225473,112.468093092917
7.251,-37.3660798958108,126.160160003447
7.2515,-31.3765550845068,151.162752810385
7.252,-35.0598357136085,188.52615121914
7.2525,-43.3255636887941,235.142701991033
7.253,-48.0707548435541,272.229222781111
7.2535,-47.6859517570817,268.658577603344
7.254,-46.1207762459552,210.799572120975
7.2545,-44.0580523082725,122.878782087756
7.255,-37.5370376507492,43.5297802243681
7.2555,-25.706954184866,-12.7172810498746
7.256,-13.532012232321,-54.7979315768831
7.2565,-4.9025334605571,-82.1398034184359
7.257,1.2212844480539,-77.7016826688679
7.2575,5.1319457377249,-40.2334931693621
7.258,2.635956339199,-0.550124843239278
7.2585,-8.05564240343552,9.82395911831957
7.259,-19.1883001983458,-7.64150288834095
7.2595,-18.7629678548034,-30.0981274289542
7.26,-2.56365981481099,-45.2595382211485
7.2605,21.9233471472594,-54.2551281427063
7.261,42.3558538866712,-54.0495919167242
7.2615,49.9634351961132,-41.9237132005999
7.262,43.6254048656457,-36.9526647984305
7.2625,30.0010821182061,-72.6230855987645
7.263,19.4379067226482,-156.661709620495
7.2635,17.993413414497,-251.986525339632
7.264,21.9747019117167,-310.567048528773
7.2645,21.6439121575872,-320.253857566302
7.265,10.8439864701821,-306.813103662756
7.2655,-7.42727913329438,-290.979408995808
7.266,-24.0946913031291,-255.392853223839
7.2665,-31.5263891927137,-164.048504616868
7.267,-28.8174542647327,-14.9169595198993
7.2675,-20.83202213385,136.640136063936
7.268,-11.8081997294994,219.142353455579
7.2685,-0.142232782839468,211.2829451738
7.269,18.7996573957346,157.664670887136
7.2695,44.8153572314984,115.717023876944
7.27,70.8605079183263,98.9944912417745
7.2705,89.9597505416038,80.0009218690604
7.271,100.855773537509,34.1519828894332
7.2715,104.999922235572,-35.911037304058
7.272,101.704545090213,-110.803379212117
7.2725,89.7718457685869,-168.495075012013
7.273,71.5339951228117,-190.28489179981
7.2735,52.2448482329326,-173.506411646535
7.274,37.979665652182,-141.553414003837
7.2745,36.4898967056735,-123.110739793573
7.275,54.6028184048509,-116.133103894313
7.2755,87.6751124262874,-89.4445435426446
7.276,114.578806569462,-26.3507357170363
7.2765,112.707905147315,51.9075869681886
7.277,80.3517349319194,116.274978845607
7.2775,38.2011390626948,164.087229487684
7.278,6.71971457999677,206.146458014954
7.2785,-12.1593735525407,235.404134230367
7.279,-28.3251403344706,232.879002193965
7.2795,-45.1740304893463,199.783263056518
7.28,-54.4624939692138,160.959616007297
7.2805,-47.7475053257393,133.843461068203
7.281,-28.3334839741261,111.869685756507
7.2815,-11.2235476998059,84.1274451727432
7.282,-12.1242800614503,56.6178437308555
7.2825,-34.7508260804339,44.2971424684876
7.283,-67.2592674502355,49.85885842376
7.2835,-92.4942734116373,59.6764645240767
7.284,-103.123036285738,59.573267064432
7.2845,-105.929713567717,50.0283884506319
7.285,-111.698379777774,43.4570960733023
7.2855,-123.756808863102,43.9691177841178
7.286,-136.757089857867,31.5158022139235
7.2865,-142.72543069268,-22.6560740153835
7.287,-136.302982172494,-116.914456936402
7.2875,-117.374864478238,-206.700428419744
7.288,-91.2854837838166,-247.1417062023
7.2885,-64.3065606234768,-242.111087884156
7.289,-37.0132219532339,-230.778971976996
7.2895,-4.82773164094822,-228.083924907697
7.29,32.846840076126,-206.565500887382
7.2905,67.3354047850745,-146.847180487184
7.291,87.8805644051618,-77.5431435181245
7.2915,92.2736968696574,-40.6483024875885
7.292,87.9775229446837,-35.5087897944647
7.2925,85.0011682343014,-27.1400958393634
7.293,89.5935806134523,-0.325371291830937
7.2935,100.776607302335,29.7489760268556
7.294,108.564663768642,60.9847723287218
7.2945,98.8161890786948,117.450867505425
7.295,66.3498989896233,198.927188131562
7.2955,23.3619138379372,250.419947719069
7.296,-9.89070975218471,218.23298936719
7.2965,-23.6723213991445,123.108028980799
7.297,-25.4804819991144,41.9657549674912
7.2975,-29.3368041699711,18.9985377740676
7.298,-42.4184637911624,28.5300039436227
7.2985,-61.9081132555732,30.8947296667537
7.299,-80.2980195670908,28.1349024389079
7.2995,-91.8144605852878,42.9554490026787
7.3,-95.5950875687222,70.7075220026801
7.3005,-93.3817004112095,84.9418085703484
7.301,-83.8853786499327,78.0570412083392
7.3015,-62.4792398509973,64.475109333772
7.302,-29.8237870989531,47.377546483186
7.3025,2.35436633050113,14.6008135802925
7.303,20.2738222684091,-26.6912607765591
7.3035,22.3006309178166,-41.6400031046267
7.304,18.5291800225459,-11.1019457509485
7.3045,16.9054294110987,36.4994031489349
7.305,16.9279634792516,56.2902548068062
7.3055,17.7538174966574,38.0664590918787
7.306,23.4441369176421,8.37137182084937
7.3065,35.1444271977201,-9.65538758055039
7.307,44.832555612946,-18.5914017509055
7.3075,43.8017216712364,-31.0092394654072
7.308,33.9000544482419,-49.2329012127592
7.3085,24.4877620226229,-64.795223664702
7.309,21.0156213517327,-67.628762651948
7.3095,22.4160960592208,-53.4160109479585
7.31,27.4123739816433,-29.3435914873723
7.3105,36.4121949572627,-12.2968018922364
7.311,47.1046087308819,-13.2423312726828
7.3115,54.2284798523581,-23.8366693849885
7.312,55.3049157917587,-25.8197297712964
7.3125,52.5501749761488,-11.2053088415516
7.313,48.2024441104575,15.1596578191308
7.3135,42.1272813899257,47.4291406455525
7.314,35.4208459324308,78.9446212174167
7.3145,31.965145804928,94.902426622346
7.315,33.1168696842299,85.6220367871694
7.3155,33.254261010851,69.4172510390873
7.316,24.1862717368652,77.5724042690451
7.3165,3.94389127264201,103.613378396117
7.317,-20.6232811212612,90.0823324530828
7.3175,-40.183295539624,-9.86682793832403
7.318,-50.9859339305453,-168.79338278931
7.3185,-56.5617410595925,-307.662698734563
7.319,-62.0010258786053,-377.391024442303
7.3195,-67.3183172042281,-392.810782274935
7.32,-67.5424211922344,-387.017426618568
7.3205,-59.7158404838621,-363.875351992983
7.321,-48.2815353946772,-309.434640248557
7.3215,-41.6073118714194,-224.21595861717
7.322,-43.1417109109848,-120.457147061382
7.3225,-47.13566393104,-3.18601256819176
7.323,-43.1197187380772,120.018854609265
7.3235,-24.0536651512011,221.138927365399
7.324,8.7732466314686,275.977232315692
7.3245,46.5313724460518,307.009577325555
7.325,77.8321013473916,367.547050294569
7.3255,94.7647979839012,467.113423824434
7.326,96.3825130878341,538.920668911583
7.3265,87.6235253246405,505.894161604982
7.327,75.0624508785339,362.734096147431
7.3275,62.9252802632927,167.706972342267
7.328,51.9795560782328,-31.2022334609161
7.3285,41.5634502746223,-225.3139739284
7.329,32.2557626836744,-403.859764232068
7.3295,25.6187812872086,-528.022937494324
7.33,21.1840944933752,-568.832323061688
7.3305,15.8576155413168,-544.698785002473
7.331,8.02132880888711,-495.73836100329
7.3315,0.0397873965958274,-437.031305195545
7.332,-5.92609568017407,-361.318761940442
7.3325,-11.7386802490176,-273.029172406381
7.333,-18.3193278030566,-188.162585321554
7.3335,-19.7873370516851,-104.672739166456
7.334,-10.2759654216363,-3.92250559769368
7.3345,3.97714589700473,114.255544749685
7.335,8.50367931057768,224.879602384495
7.3355,-1.66504546537498,313.615694860777
7.336,-17.9122828200507,392.859497842779
7.3365,-34.8187111705773,468.827966817301
7.337,-58.465258018322,517.215344657492
7.3375,-89.6933691045934,512.919034813625
7.338,-111.714139402791,467.308318014752
7.3385,-109.427720983519,412.742114952318
7.339,-93.5656604174554,360.895926915328
7.3395,-88.0274770305666,300.239885547677
7.34,-95.8807937595945,228.241786377656
7.3405,-96.4357505142471,160.008173874831
7.341,-77.9531785524068,103.708803312846
7.3415,-54.4984368158249,50.8230839426813
7.342,-42.7891146136231,-2.6108040807986
7.3425,-38.4408854760004,-44.7601122078289
7.343,-27.1996334518497,-68.6016157385302
7.3435,-8.60290031647199,-89.1660178774379
7.344,4.90567802500091,-127.371655609505
7.3445,6.21757306574085,-184.049967117932
7.345,-0.86949322470174,-238.87998807102
7.3455,-10.5932126580848,-268.882817768802
7.346,-19.4794111512785,-261.604571206833
7.3465,-23.6212965701061,-218.633361985835
7.347,-20.1879275592869,-156.77990081585
7.3475,-10.95556368081,-102.510212390589
7.348,0.928525844801294,-76.0318569585499
7.3485,14.7662327470246,-78.9393167129105
7.349,27.7311869059148,-97.8424563894429
7.3495,31.3696708985011,-115.480232795842
7.35,20.3889428265053,-117.370667320286
7.3505,1.91323419558703,-97.1248917344964
7.351,-11.166781223407,-62.8360536491195
7.3515,-13.4461105336025,-33.0918908718403
7.352,-7.52808481795232,-19.7005385619208
7.3525,4.20099929733207,-17.6271924776599
7.353,19.9917333325691,-16.3598334825104
7.3535,34.1311477552236,-14.9622255923556
7.354,40.7456473444749,-18.4718278976324
7.3545,40.9118674661266,-24.2873573354578
7.355,40.0331848688803,-21.5391538065352
7.3555,42.7221704479742,-3.5674162265105
7.356,57.5495472581703,24.5465722803635
7.3565,98.5936848836634,49.8231130178631
7.357,167.768435148924,59.40247403324
7.3575,239.605693292148,48.2148130022612
7.358,280.568849824087,22.5678548137387
7.3585,284.509314465769,-7.27217502691503
7.359,273.514100664088,-39.124254471887
7.3595,261.593059176806,-75.1683817643888
7.36,234.967272522167,-103.979212637323
7.3605,175.465633970668,-101.001972147038
7.361,88.5524485147993,-57.4753252887266
7.3615,-1.45797990417437,4.11137606853025
7.362,-72.630168184533,57.5082170580911
7.3625,-113.794457733514,102.265732791558
7.363,-124.878636562635,146.166800540643
7.3635,-120.628752460894,171.585379734965
7.364,-123.632616408749,150.829344381025
7.3645,-140.81743327183,93.8975217263337
7.365,-154.482466246461,48.5213706272216
7.3655,-147.883324163086,43.3538721429312
7.366,-130.353090265922,58.4663660552969
7.3665,-122.628161687852,64.6436133871899
7.367,-125.47105827724,64.4159222364984
7.3675,-121.250225622964,74.2296353638325
7.368,-103.440594987956,89.8258801470208
7.3685,-85.7624160648928,96.9331310301461
7.369,-80.5492101866056,101.843202016711
7.3695,-84.6620091076677,122.447191848386
7.37,-90.5119441275584,154.666254691202
7.3705,-95.8035027783334,173.028974209292
7.371,-96.7696359808112,162.840513052028
7.3715,-85.9117193418449,130.124508689718
7.372,-64.6826459919722,80.7029773024195
7.3725,-47.0595706917208,11.2808289635086
7.373,-41.536047994735,-75.1964481992824
7.3735,-38.776200415059,-162.537794369002
7.374,-26.150780662356,-233.52989174954
7.3745,-6.19222787138245,-277.219251213012
7.375,9.44616269834386,-286.503372218156
7.3755,17.4177729678866,-264.800044449313
7.376,22.8114661858506,-233.243886720846
7.3765,26.8062976523639,-212.09598807279
7.377,26.3328101162344,-193.941125768414
7.3775,23.6930158824929,-154.128448793155
7.378,24.124036387181,-88.9937451939639
7.3785,23.5167899678272,-22.4202460155737
7.379,11.1784622198641,29.7297916708364
7.3795,-11.1098490437194,79.2669990210089
7.38,-23.8423901300158,141.150872587856
7.3805,-11.2785757762603,208.541742415632
7.381,19.0106831242697,260.323271181488
7.3815,46.6965732154379,273.869506849458
7.382,63.9996821240089,223.798971319169
7.3825,79.8724726814894,95.8075703749407
7.383,99.392642305008,-79.5460867725856
7.3835,110.56387838169,-228.818949050005
7.384,98.6759866609719,-295.415579926603
7.3845,68.1040212480539,-285.815639952529
7.385,40.6596377100851,-242.024820590955
7.3855,31.6136567969317,-190.402241465126
7.386,33.8914966475595,-142.629450634781
7.3865,29.2555190849243,-123.727804656908
7.387,10.8538642047255,-154.977302163954
7.3875,-10.2266937274711,-209.867379330253
7.388,-19.4473555459766,-225.375874659129
7.3885,-14.9288950141829,-168.541645271397
7.389,-7.66518727019482,-66.6005548455602
7.3895,-8.60318107127268,36.5193296557181
7.39,-18.1363450073233,125.900471060696
7.3905,-28.04275104244,203.990065121598
7.391,-31.6793860710393,260.133690067154
7.3915,-30.1802417060048,278.820738684957
7.392,-28.2117844137264,268.420570122104
7.3925,-26.3903680504167,257.259313576901
7.393,-21.6015348089507,258.919231728523
7.3935,-13.8276842899727,256.174502067001
7.394,-6.86545996338502,224.334350053201
7.3945,-0.341051875184662,162.29583220447
7.395,12.5427638659544,94.2616062902428
7.3955,33.9062262104984,42.9751467988098
7.396,53.1080956258099,7.57904047423451
7.3965,58.1514879922009,-27.6969672595961
7.397,52.6604639582967,-66.9969510293435
7.3975,51.4225796743632,-96.3353190803684
7.398,58.2075705317326,-106.374313458106
7.3985,58.8509983570622,-106.85330094705
7.399,41.7844316230985,-106.025313095512
7.3995,16.6352357620572,-88.7052675600898
7.4,3.354156097975,-36.2909271453775
7.4005,7.00382081098747,35.953280292067
7.401,12.5121802154686,85.7972732261425
7.4015,3.97265903462302,92.228102574332
7.402,-18.3878930005834,75.5997285332311
7.4025,-41.7293253977758,62.3656952019767
7.403,-54.4777711971471,50.8849558645651
7.4035,-53.0567168315718,26.3088593479013
7.404,-39.0463167248636,-7.52445300059129
7.4045,-15.6435368439421,-30.6368660475101
7.405,11.587605580299,-33.6716546471532
7.4055,33.428278818386,-25.1767349018574
7.406,40.8091096159735,-14.8771725609739
7.4065,32.2826438462471,-2.38488637993057
7.407,15.9778050488124,19.002946333025
7.4075,1.08105369649993,56.7085251366542
7.408,-11.0574412772188,113.569463786068
7.4085,-22.5636484077726,177.502244338413
7.409,-27.6125824592099,219.316235580476
7.4095,-15.5770338575767,213.866586187291
7.41,9.46069224223253,166.316555118213
7.4105,22.2845008622061,108.825409025127
7.411,1.93833356083434,67.7884006379814
7.4115,-39.5184934164853,40.1540509081541
7.412,-66.6495364773373,4.77976556285823
7.4125,-60.9364396640124,-48.2796914840396
7.413,-39.7229725162805,-104.76588896953
7.4135,-30.3712452686128,-141.33210297712
7.414,-37.9384176962343,-150.428463299437
7.4145,-48.9335973372269,-148.370423365696
7.415,-57.1974148457635,-158.259792196544
7.4155,-68.8197221558306,-185.949308597116
7.416,-82.8731623271814,-214.386074472373
7.4165,-85.7594472313322,-220.926527625364
7.417,-72.4239967596592,-198.618317137285
7.4175,-59.0501399177216,-162.319649142937
7.418,-61.2698793461955,-137.193636969868
7.4185,-67.9071397864003,-139.64839620754
7.419,-52.7254347898956,-165.162880334481
7.4195,-11.0289054261936,-194.608508623441
7.42,31.3914528707276,-213.953571507784
7.4205,50.1739219019029,-224.005461972631
7.421,49.4512788764167,-228.30958126811
7.4215,48.630690116032,-220.406019566743
7.422,53.5815589356654,-192.899084705747
7.4225,54.0232019758853,-151.788852110791
7.423,43.7227337179682,-107.134798716699
7.4235,28.9816487991003,-54.2622318281373
7.424,16.8991556264608,16.006565858324
7.4245,6.52912594688803,87.3529684902619
7.425,-5.99497432080854,121.286454908204
7.4255,-21.8934068893503,102.616860822588
7.426,-40.4038104747873,66.0910439841796
7.4265,-55.9754974035672,63.1126726196586
7.427,-53.6266999956595,110.367019388013
7.4275,-19.2204640678111,181.859352348583
7.428,39.033972139745,242.29969981755
7.4285,89.3116028881699,275.885814159431
7.429,106.931579429282,288.652044929015
7.4295,101.837195565053,295.429819799247
7.43,105.883222272696,304.366672313437
7.4305,135.060864989817,309.632898297431
7.431,173.674861209039,302.468674179302
7.4315,196.025219103535,288.30729102326
7.432,194.165636206953,280.985178959909
7.4325,179.462912919826,279.104548791639
7.433,163.008415795039,267.458026782846
7.4335,143.08788242044,249.462669795496
7.434,113.210240701611,254.10116932817
7.4345,75.7736831187796,290.498291987171
7.435,40.1453821581859,313.855043474848
7.4355,7.38457762408026,264.372745551284
7.436,-33.8769093223608,134.08166704501
7.4365,-89.3862953797979,-26.7455840227514
7.437,-143.177117166411,-162.942281237668
7.4375,-170.523316757142,-251.264977992437
7.438,-165.968565405959,-291.027636572091
7.4385,-147.914754492407,-289.235832819667
7.439,-134.803915705105,-262.992554504144
7.4395,-128.274597388625,-236.316092439642
7.44,-121.961880699549,-225.143386601002
7.4405,-112.968845727622,-234.033634461273
7.441,-98.2588780727684,-262.951620473307
7.4415,-73.7623212014575,-300.25086268497
7.442,-47.6826401821158,-315.597817073431
7.4425,-42.0769736956731,-286.48012459727
7.443,-66.6892400514642,-232.785435332226
7.4435,-100.381017048869,-198.635061900094
7.444,-114.46242859375,-197.487686720898
7.4445,-107.431181115405,-206.289205498951
7.445,-99.1271803402672,-220.814978262218
7.4455,-96.1472282834981,-276.773483236889
7.446,-84.8573511303155,-389.79452960478
7.4465,-59.2490736192218,-505.103527744521
7.447,-33.5873132299309,-544.714070772358
7.4475,-20.0438704143052,-492.50018464519
7.448,-11.4983136577736,-400.574839358075
7.4485,3.68814963291376,-318.751346958809
7.449,23.8593115302036,-249.215247048579
7.4495,41.2817002505627,-169.331163786391
7.45,55.5007594712396,-66.6155788304493
7.4505,68.9022865105728,59.2701126038478
7.451,78.4108611366198,206.251328713468
7.4515,81.8877338745638,367.315479799439
7.452,84.8933483841386,529.404101337803
7.4525,91.4719814758814,681.324382584386
7.453,95.3473962700684,811.216822137824
7.4535,89.3271385733656,892.726130646643
7.454,76.5961662300497,891.297063461778
7.4545,64.3381195622556,797.764783700489
7.455,54.0337877511253,647.810269058021
7.4555,46.8723268314996,496.967446946367
7.456,49.057581692355,378.799731373116
7.4565,59.7674149224029,290.884916670746
7.457,63.1848858761235,212.613145327619
7.4575,48.3006087043235,128.259800730605
7.458,30.6783749645224,39.7019347916695
7.4585,37.0921226132115,-32.8545581520887
7.459,70.0581942519208,-66.0829827681027
7.4595,103.111731737705,-59.1090394942219
7.46,110.785254693428,-41.7163543497637
7.4605,88.8296317088129,-47.4623911157203
7.461,46.5661772426213,-80.1524207002212
7.4615,-2.35669250327344,-117.624566472272
7.462,-39.1549981952709,-146.873207060414
7.4625,-49.1446886115976,-177.874524767567
7.463,-39.984640430498,-215.805391230689
7.4635,-36.2401884660328,-239.2395765512
7.464,-48.3612147137769,-227.432670562627
7.4645,-61.2895126328201,-200.836632495057
7.465,-61.331851045931,-207.065879786093
7.4655,-57.1726508266337,-260.102706513221
7.466,-61.125875113297,-315.630500746013
7.4665,-65.1813488990034,-320.568952963468
7.467,-54.4281011526089,-270.54621454039
7.4675,-34.2423969116752,-201.145573771674
7.468,-23.6019218541618,-137.132176325266
7.4685,-26.123110314919,-76.9001816744541
7.469,-27.9510331127358,-23.562095200253
7.4695,-23.4646494761267,-2.11807633136007
7.47,-22.7785817799343,-32.4557105068145
7.4705,-29.9003543015693,-99.1038947964825
7.471,-32.3280261084209,-158.97779753494
7.4715,-21.2774924422359,-173.970440936836
7.472,-7.61029230583823,-134.743752493788
7.4725,-6.02849859957551,-63.5858174798394
7.473,-13.1096607841496,3.01704470204976
7.4735,-12.9590946875202,45.9753456362462
7.474,0.723395659489502,81.004272383284
7.4745,18.7019306925938,132.820260016493
7.475,29.4366838821188,191.50351407101
7.4755,29.2744445034339,213.991539947262
7.476,20.4683079650551,177.121166725325
7.4765,6.86825920323175,109.944836896227
7.477,-6.89616094666329,59.3258845824546
7.4775,-16.6736441733428,39.925238280754
7.478,-21.5326974249796,35.6483524889368
7.4785,-24.2589046114143,34.670555941767
7.479,-28.7815514462534,36.5347639126246
7.4795,-36.4864994912299,30.037881665212
7.48,-43.4866342001884,-7.4405582458927
7.4805,-42.9479946167562,-79.6976256461001
7.481,-33.5041239769076,-157.075956868546
7.4815,-23.107162378883,-201.779594259235
7.482,-18.2120624723853,-200.594771007602
7.4825,-10.9983161723756,-168.719947009588
7.483,12.6500814431958,-128.909388077189
7.4835,51.3065527557926,-91.577384375535
7.484,86.0206590929508,-51.646512510764
7.4845,104.719154128272,-1.91848176196108
7.485,115.578943392895,51.7203545031937
7.4855,127.110345840314,93.3338972334028
7.486,128.184294057629,116.919635287757
7.4865,103.881616633172,134.561905155089
7.487,63.537642118098,158.230063623608
7.4875,34.1428986974548,182.453972909812
7.488,26.5070285900856,194.422062695405
7.4885,24.4239928893125,192.148827140369
7.489,9.40595740907692,179.87321927423
7.4895,-19.0861300560184,153.364113741306
7.49,-51.8364306341093,106.213869701836
7.4905,-82.8489384203262,47.2598969369027
7.491,-106.622935745565,-4.02729231636445
7.4915,-115.90776960917,-38.5698632546016
7.492,-112.935240646774,-61.0453981144286
7.4925,-113.167874031983,-75.5909791847852
7.493,-126.034449025867,-83.8494636125824
7.4935,-138.644120448788,-94.8724157832527
7.494,-131.241868287571,-118.189323970909
7.4945,-105.294151000187,-144.589682625433
7.495,-82.9821103750164,-150.961362587352
7.4955,-77.769792581388,-129.273119164566
7.496,-77.3024593270085,-96.628360257362
7.4965,-61.3793920391727,-72.0842003583177
7.497,-29.3537090286961,-56.8330264932103
7.4975,-0.763705765572818,-41.5907158139882
7.498,10.0474412458601,-20.2887527014032
7.4985,11.1372429078745,8.65533522100641
7.499,19.6085464957876,42.740612175956
7.4995,36.9477165550437,72.5401061158624
7.5,49.1776371273395,89.2506289829914
7.5005,52.6099104115534,97.73680266362
7.501,64.4840123155765,111.342955126061
7.5015,96.92201611492,134.29502914956
7.502,133.126236047469,162.974730779754
7.5025,149.971811380503,201.389155213153
7.503,158.241867055084,253.613866606081
7.5035,192.149642015026,299.147665176111
7.504,251.788433743717,301.927373895947
7.5045,284.404847117047,254.837041603301
7.505,244.596390974372,193.925091550347
7.5055,155.57842054677,155.798765236366
7.506,84.2720043945192,139.866033705192
7.5065,63.256707505753,125.182200844716
7.507,63.8308481026299,104.395599361955
7.5075,45.6985635140383,84.4274242214334
7.508,6.25967497850331,69.9617133873025
7.5085,-29.2451449191974,62.0591030864227
7.509,-46.1693856675085,58.6114594557227
7.5095,-52.9835757170332,44.3711607482806
7.51,-64.9349197328585,-0.267891219427638
7.5105,-88.7689377466267,-68.5207589728281
7.511,-120.590518281822,-131.328971046357
7.5115,-150.300099030527,-190.076650635908
7.512,-169.176441710142,-292.806967304058
7.5125,-176.969357147931,-465.444078264468
7.513,-179.281565539968,-653.585825857596
7.5135,-176.91251749638,-773.913554649094
7.514,-163.659382376486,-805.240892435262
7.5145,-137.578706608425,-785.222748850396
7.515,-108.025298392554,-733.798878368033
7.5155,-86.1071351598401,-635.555139099803
7.516,-71.6874695585688,-495.35735750894
7.5165,-54.4094310522425,-352.695919201875
7.517,-26.1472299506838,-226.658442589608
7.5175,9.20375093423363,-96.2538643744082
7.518,36.3539605956497,46.7941161455994
7.5185,40.2032301957646,173.885906001111
7.519,22.2402831224189,271.931993814264
7.5195,4.86817439400445,371.842031142132
7.52,11.7061562929791,489.929865106974
7.5205,41.9427642286858,583.135358924487
7.521,71.5260151299022,607.14780166019
7.5215,80.7826191757081,586.478089881777
7.522,71.1227902793016,576.051586765428
7.5225,52.380306269139,576.000791890522
7.523,27.8308393863964,541.107226649657
7.5235,0.853177163817754,464.908699420558
7.524,-16.2230599292252,393.970882140953
7.5245,-15.1101263441137,349.580685349203
7.525,-6.64292915042064,289.58491198619
7.5255,-6.65048511319129,174.437869597361
7.526,-9.64438591827428,33.5599001549891
7.5265,5.55435148279156,-66.8049207399333
7.527,41.1504183814517,-102.011149806447
7.5275,68.8109947778923,-106.505881721825
7.528,62.615839182785,-121.691042306231
7.5285,31.6218399577602,-149.998542138549
7.529,7.2082885515387,-162.667435078701
7.5295,5.37486035324735,-140.511319328998
7.53,15.4213989775306,-100.830531682551
7.5305,22.7338528092834,-81.9421736588628
7.531,26.5241080075924,-99.741783010654
7.5315,30.2090185072034,-128.231992178609
7.532,27.732819450804,-134.49306469254
7.5325,11.5139134920251,-124.339650922171
7.533,-11.0985841280923,-132.403244013422
7.5335,-21.5357273069215,-169.650959517027
7.534,-11.5874955708007,-207.591450662305
7.5345,7.099415225038,-221.867519147091
7.535,17.8071123850839,-225.606454083417
7.5355,15.955321253073,-243.635343181411
7.536,7.57614109630225,-273.733745492113
7.5365,-2.50783341806992,-293.123126798379
7.537,-13.6645906110253,-289.226251597968
7.5375,-24.1386236014505,-264.049337554722
7.538,-30.8676255186116,-218.849693554512
7.5385,-34.8437673700934,-155.150934070055
7.539,-40.8417606347435,-83.5138524033509
7.5395,-50.70717908555,-10.4137311266912
7.54,-60.7381832692066,78.3274278874775
7.5405,-65.8619967186327,197.861089521088
7.541,-62.9830883554608,327.991460725092
7.5415,-51.3138499109106,419.721543310976
7.542,-34.2830173324055,445.193984096102
7.5425,-20.8217063586828,423.127662311022
7.543,-19.3977899089347,386.278060036041
7.5435,-29.3690937428147,341.59192154906
7.544,-41.2193198607107,278.160002695358
7.5445,-44.7450164882941,203.247216519802
7.545,-34.1209890057276,148.655657343847
7.5455,-8.54431666708384,135.854402646732
7.546,25.3780038993126,144.889371108046
7.5465,54.5601874045127,127.600171771694
7.547,71.5802650076893,55.2096147368866
7.5475,84.5005115964186,-48.1026819498081
7.548,104.339426655313,-123.854596560673
7.5485,123.610757524261,-135.63116123607
7.549,121.272599976339,-103.636245385704
7.5495,92.7137435330346,-78.2243340747906
7.55,60.3389475051482,-85.6324628905464
7.5505,46.0038360435411,-112.123448040358
7.551,45.55363838939,-137.512985812216
7.5515,42.123416269887,-162.896409496438
7.552,33.7681853637616,-195.872925372884
7.5525,32.1319961421689,-225.732854177851
7.553,39.0359015890532,-231.672568503791
7.5535,40.8383150298575,-209.430324789878
7.554,27.0074914050058,-174.150900188674
7.5545,2.31096697763508,-139.41506508638
7.555,-21.405975856779,-107.310246689227
7.5555,-36.1726977874392,-78.0144787264503
7.556,-38.8158253140359,-54.6503170960909
7.5565,-29.4551679436279,-36.2825585774184
7.557,-12.6100061236614,-18.4868957578281
7.5575,4.6752653626918,-4.04902343493828
7.558,16.9812050194484,-1.48560017508815
7.5585,20.2015969329659,-9.41898189204455
7.559,10.4901029133496,-15.1902767585192
7.5595,-10.3257924220516,-15.0652930346305
7.56,-31.2409250009411,-22.7909350204379
7.5605,-41.8654665922883,-48.0345249454593
7.561,-44.3948926664108,-76.7460085412404
7.5615,-48.598204064829,-85.0089364012822
7.562,-56.8505030143007,-65.2198345930869
7.5625,-62.5811553481827,-27.3547180913478
7.563,-62.3074036417076,17.8991133128504
7.5635,-59.7538644290598,63.3192267149807
7.564,-57.2390009397769,98.8976588946635
7.5645,-51.0436917901234,118.655555408256
7.565,-36.6508707959451,131.857683541796
7.5655,-13.2503994335561,150.412025952325
7.566,14.5347941976797,164.488650208139
7.5665,32.7207302235174,148.756577569733
7.567,22.3215240361054,97.9185992960092
7.5675,-18.3448630285453,39.552291678276
7.568,-58.8584943969488,3.59402826463818
7.5685,-62.2530483899324,-6.79591752151009
7.569,-28.3641061485722,-5.08542629036123
7.5695,5.06882136054239,3.50870581050649
7.57,9.58271171421663,23.8117971538854
7.5705,-3.64631870800947,58.1520799217816
7.571,-9.4391366875981,105.997859348702
7.5715,-5.36489771258126,168.827303175726
7.572,-5.69045238097677,241.465282380314
7.5725,-12.1924455637217,303.084006089919
7.573,-13.2126490425213,330.084110229993
7.5735,-7.59140167313582,317.055428964551
7.574,-8.62037196452746,277.123076101821
7.5745,-20.8329111278064,226.547936096576
7.575,-28.7014379746851,178.199860712174
7.5755,-15.9469659384545,142.975790427674
7.576,12.7025503326145,123.11240616809
7.5765,35.6387059085321,105.918461996481
7.577,36.0436514531048,75.9645701526364
7.5775,15.8634299251782,31.8076365783992
7.578,-8.49708721386155,-19.2073401496864
7.5785,-21.2692531990192,-77.0232778929615
7.579,-19.3578191976095,-144.190282016017
7.5795,-11.690145522748,-206.76773115016
7.58,-9.02320122618278,-236.924893733797
7.5805,-16.543501444583,-220.503710533508
7.581,-33.5356133681247,-175.148417201364
7.5815,-52.9597847425865,-142.991047876505
7.582,-61.0473156057251,-172.549147941037
7.5825,-46.9730298762985,-295.376597290888
7.583,-17.2375636063627,-495.410628270727
7.5835,8.22529528408607,-699.18761028441
7.584,19.3485131988616,-819.352790085597
7.5845,25.7014428527782,-819.884287620358
7.585,36.7816230238267,-730.756424702531
7.5855,45.5158077866457,-602.281274778033
7.586,43.8771521669742,-465.137455784317
7.5865,43.2889128750033,-333.028896582431
7.587,60.6842585834203,-211.678562584277
7.5875,89.7340092794147,-89.540760814753
7.588,106.160333286097,55.2947086639174
7.5885,101.563567028363,218.761650325506
7.589,92.5496114011113,360.813224293776
7.5895,92.452526673331,452.421323116506
7.59,92.4513694927631,513.485545030772
7.5905,79.2136542420229,577.352232258423
7.591,56.8737068606386,632.54920371498
7.5915,41.3540137939876,633.904516583127
7.592,42.6044018898066,569.470628157691
7.5925,59.8224939779903,484.414911590633
7.593,83.9316555344829,428.826491786719
7.5935,97.2618727340997,402.218456608036
7.594,82.0575265253354,359.461700927886
7.5945,39.6984868878547,258.534547754999
7.595,-6.95564393569243,97.0432632359567
7.5955,-39.5087317751277,-84.9000280272495
7.596,-63.0557810957042,-230.310704023061
7.5965,-89.3517122749506,-302.896573125784
7.597,-112.283549453155,-306.892225858371
7.5975,-115.822115646194,-269.647816841485
7.598,-99.1905786459813,-210.286395259942
7.5985,-76.2239435498746,-133.567480539123
7.599,-52.540018226415,-46.028426050759
7.5995,-21.7803738245041,40.18947437229
7.6,14.1174303619502,119.621839463682
7.6005,39.135623578612,193.019445655813
7.601,44.0767228357713,252.196659169917
7.6015,38.4671383923478,281.431167622452
7.602,32.8985711654029,279.325520018731
7.6025,21.5766476049766,265.20374224667
7.603,-6.51114595634335,256.644969716803
7.6035,-46.9367871209087,251.823718481987
7.604,-81.3634939711189,240.600485014446
7.6045,-95.8192173861802,222.460670679702
7.605,-89.7260137068121,205.48660635229
7.6055,-71.5667546510419,194.663850709034
7.606,-53.7976930463885,186.523646493864
7.6065,-47.6254905653017,168.071318972014
7.607,-53.4883251617576,117.026514286766
7.6075,-59.0600729334459,12.663500927045
7.608,-54.6814940503267,-145.435765067923
7.6085,-47.4056944963097,-332.747853220339
7.609,-50.0331533121748,-516.383878135218
7.6095,-58.9901193241056,-671.418857541625
7.61,-55.6222115086595,-781.956908407515
7.6105,-30.7918869672536,-838.370227869989
7.611,3.20514534547743,-840.959219911501
7.6115,28.2322151651829,-801.162874802614
7.612,37.158041123392,-734.88266130573
7.6125,31.5708381169161,-657.359249618204
7.613,14.8712457870093,-581.505430795343
7.6135,-4.87521096951064,-509.624109589459
7.614,-15.8393105431213,-423.711591768024
7.6145,-16.3357193561286,-294.588330917398
7.615,-19.7028547833235,-107.977112242825
7.6155,-34.4239965008161,120.666684495597
7.616,-47.0325663114043,354.833274565514
7.6165,-38.6754942053692,552.291366150318
7.617,-13.4189138881966,676.640230847944
7.6175,6.94704071461667,711.882720273669
7.618,15.9558637490752,672.802751984053
7.6185,32.1794738947086,591.248475544973
7.619,69.5402083515407,488.592081439651
7.6195,112.642046759183,370.538288348418
7.62,132.665812024224,246.583499628085
7.6205,119.598560247273,135.813667291147
7.621,88.8909142514221,48.1401995125481
7.6215,61.6555997438997,-21.9076701816775
7.622,47.3265902793242,-73.0646510632422
7.6225,42.4040033457304,-85.5785053052901
7.623,37.4141359325928,-45.1476453977203
7.6235,24.5399587562762,32.6660185723439
7.624,2.51312733857196,114.252817282312
7.6245,-25.8895344985434,175.885822390021
7.625,-60.1369327408858,211.860795517829
7.6255,-98.8758428759262,226.788142848363
7.626,-128.603970869964,230.667929068544
7.6265,-126.076919964016,231.690770032708
7.627,-81.7570628316368,224.204584934484
7.6275,-15.7208304686404,193.471100713672
7.628,39.2710265805683,139.276261065372
7.6285,67.8128982971198,80.9534211662841
7.629,77.3991959396057,30.8927210656835
7.6295,78.929152526888,-18.8480319336988
7.63,73.9988770703027,-71.0250650903148
7.6305,62.0119374124101,-104.547073104214
7.631,48.5312717372124,-100.728413566773
7.6315,41.1853202784909,-71.3477412776128
7.632,42.0839897287244,-38.6068419264266
7.6325,46.3383515072385,-2.52657569888881
7.633,44.1327958015546,46.3505077654595
7.6335,25.3262698076024,95.201051022537
7.634,-10.4900395669883,119.878805566381
7.6345,-47.1146360676376,120.156444967594
7.635,-62.607826127927,114.324727634538
7.6355,-51.3624397945963,103.583723961634
7.636,-30.7173399301417,72.9694971167268
7.6365,-21.7994521481355,25.8034830468089
7.637,-26.8126836334167,-16.5254387193882
7.6375,-28.2227484382413,-53.1379603705114
7.638,-8.61140705996524,-108.708432003923
7.6385,29.8933744499501,-190.626605352153
7.639,64.2308382120504,-272.537492426462
7.6395,69.2622408635184,-334.318670985886
7.64,41.7310624093585,-388.800613698607
7.6405,4.94454723645543,-449.467354495787
7.641,-14.3865374294057,-497.123864163369
7.6415,-12.5985498950378,-503.027118241046
7.642,-7.15554276073773,-467.690257710766
7.6425,-11.0164930419086,-413.190944692208
7.643,-18.9025419130252,-349.94437821952
7.6435,-20.3705931770842,-274.358730498873
7.644,-14.9352335388807,-190.737937470524
7.6445,-7.3188788377162,-112.042797929079
7.645,3.24286868922737,-40.2305946556718
7.6455,18.3366641611302,36.4968164469103
7.646,29.4099215764282,125.328520361539
7.6465,23.1111297656882,218.458298223266
7.647,-1.04270089261244,300.360605202922
7.6475,-26.6350367085274,358.074215453525
7.648,-37.6955082441483,387.469208034118
7.6485,-35.4144153113865,395.160139218824
7.649,-33.7834304117564,389.140711591201
7.6495,-40.9447387085101,363.822961465979
7.65,-49.087332537023,304.11441173946
7.6505,-44.5148320829208,209.658779657123
7.651,-26.344912862597,101.785617144746
7.6515,-11.1911769098492,-2.58131822843698
7.652,-15.181207911417,-108.714223249517
7.6525,-32.622234832262,-221.306991457097
7.653,-39.3778139603575,-317.904777853744
7.6535,-20.5639643872533,-365.915934821453
7.654,11.508349782622,-359.678480980852
7.6545,33.5821245295977,-321.562168305759
7.655,40.6166699158929,-271.193262066005
7.6555,47.7985069156145,-214.095071739362
7.656,63.3956630571867,-158.354800045214
7.6565,72.8151908660973,-117.727715325421
7.657,58.5036186752982,-90.1639507672434
7.6575,27.2936801382621,-52.2751553439511
7.658,3.69262279457397,11.9794025529665
7.6585,-3.9420827131777,88.8996869298957
7.659,-15.9275857930825,154.098537160082
7.6595,-51.5706996411845,205.359622200087
7.66,-96.7965887201895,260.475455191922
7.6605,-115.597818576708,324.127564835418
7.661,-92.344826547577,375.346510242476
7.6615,-48.8845569611535,398.089847792689
7.662,-15.2828218067037,410.53478041034
7.6625,3.59287170606926,441.707363027995
7.663,21.6888986081359,479.073762163275
7.6635,40.9075062255228,466.422366223905
7.664,43.6006443961555,372.044375263785
7.6645,18.1142025987347,239.888819786378
7.665,-20.9945224354279,144.276302101561
7.6655,-45.8922997947297,102.305212582059
7.666,-42.7984334882652,64.1783642895004
7.6665,-21.1126796305728,-10.0124559823656
7.667,-0.903282889365127,-102.45998031083
7.6675,2.23048496049439,-178.507811774188
7.668,-15.3741806575337,-236.019945029594
7.6685,-43.4455218532577,-286.170761667869
7.669,-62.7295728370168,-314.777181598553
7.6695,-59.5475354542018,-299.846566958049
7.67,-38.5569912079273,-252.136137861663
7.6705,-16.8689973539542,-203.292824362344
7.671,-4.02118777075429,-162.424372703392
7.6715,6.837231994197,-116.969098072689
7.672,25.236115324384,-70.104204041228
7.6725,47.7742410535183,-42.2392611996487
7.673,63.3339088455953,-34.7993301464921
7.6735,69.7715664413559,-25.4047058469748
7.674,75.5880259994791,-4.59185304655051
7.6745,84.739709872324,11.8761157166661
7.675,89.8682753995483,14.6886907291632
7.6755,84.9315493832705,17.2223645732932
7.676,75.9353720973658,29.5866555174973
7.6765,71.6974635765499,41.3279010875541
7.677,69.7950847285423,42.8334761078462
7.6775,60.0308099171312,42.2012523161309
7.678,37.9569875926253,46.0874393720542
7.6785,7.02377670330834,41.5775494066759
7.679,-27.7952070842841,12.9993294102722
7.6795,-57.7530011981052,-34.3635973811342
7.68,-66.3566989499809,-78.163387036162
7.6805,-43.7837046046416,-97.4275729880478
7.681,-6.71522394878933,-83.1753482883642
7.6815,12.3419847304113,-44.8409862859365
7.682,1.30032131257244,-9.52335634175115
7.6825,-19.9923918306671,2.77652084507057
7.683,-30.1794730563289,6.93150827939606
7.6835,-30.5320942518753,34.267691614196
7.684,-27.0988014923729,80.6882888214648
7.6845,-8.23433360912059,99.460869512729
7.685,37.2580009519241,58.2055992550817
7.6855,90.5686911182853,-22.789523939595
7.686,118.378168671262,-105.580182707525
7.6865,116.30667454841,-180.470035947526
7.687,111.441064840582,-252.075309155826
7.6875,117.516147991993,-302.962862426346
7.688,112.974327922264,-304.332627254803
7.6885,76.197541588357,-252.353207624725
7.689,22.4293076805427,-167.022600810587
7.6895,-13.2138612940844,-66.2537222501383
7.69,-19.2266505826338,30.6333247225509
7.6905,-17.0173030357443,86.4492175388668
7.691,-31.4835210993351,73.3119214130888
7.6915,-67.003602492931,20.3015067403907
7.692,-111.907099258089,-0.330308132479513
7.6925,-154.569646032026,50.7234528632944
7.693,-190.71397324241,137.369048990572
7.6935,-218.702731021198,191.485158671952
7.694,-230.000204746637,181.711261290091
7.6945,-208.130466693604,131.418487003882
7.695,-146.159288692283,85.9207681147954
7.6955,-67.1022257848353,73.417306640427
7.696,-13.8418561896759,86.5507817807426
7.6965,-7.91230379491271,91.1082504588534
7.697,-25.9072357001623,56.8317327253434
7.6975,-28.0838297418596,-17.3198488863448
7.698,-3.92155544613092,-111.572687262569
7.6985,24.0917744020768,-210.870809103069
7.699,36.788911272818,-306.842761407467
7.6995,40.1806405931509,-379.978477942436
7.7,48.7430787789555,-404.163244979464
7.7005,64.0658109629442,-374.594021403554
7.701,79.2836704642191,-310.782463786658
7.7015,92.8540596943997,-224.38010527235
7.702,105.867096921699,-105.896425433344
7.7025,112.21488430692,43.0365673581141
7.703,104.29044948481,184.55712097477
7.7035,86.9264193528992,273.852461580078
7.704,73.5757096657463,304.288010572299
7.7045,65.8389914698347,304.739229922143
7.705,47.4016940999757,299.364126885927
7.7055,5.58631645355788,290.573164540368
7.706,-48.4113861447644,279.436636437804
7.7065,-91.1147666002826,279.451452703192
7.707,-114.651800061259,298.940323746984
7.7075,-129.443166421301,321.468063239953
7.708,-138.112017265917,316.731208319117
7.7085,-124.734008009805,270.819655110278
7.709,-82.8617438799168,200.532733282856
7.7095,-40.6749029481242,136.720155876846
7.71,-35.4504776259072,95.4620871227455
7.7105,-63.8830325990594,67.5424159571133
7.711,-79.7218693443831,35.9800103074074
7.7115,-48.6270986286658,-1.26839127006316
7.712,11.9466594713424,-32.2966697720563
7.7125,58.9380108233544,-52.095816556758
7.713,74.8946919177227,-71.068869630652
7.7135,77.1060825784042,-97.9892185307875
7.714,85.6233788222004,-123.208034186689
7.7145,101.669264365361,-127.107658202662
7.715,116.404632050854,-101.212761238036
7.7155,124.916293222887,-54.4837979719287
7.716,128.125585984847,-2.64695875919108
7.7165,130.493702206076,41.8755473715647
7.717,136.595434284286,73.0181195984651
7.7175,141.571124191973,92.442234962035
7.718,127.465966100392,107.191943427062
7.7185,81.5137658085087,119.802951986138
7.719,18.3050219187362,122.445364915644
7.7195,-29.5999760034712,108.196510014533
7.72,-46.5324935968108,86.7360124477473
7.7205,-47.4228937173654,78.4153722263416
7.721,-53.1748036556912,88.4707053226222
7.7215,-66.0804473885079,94.844878405995
7.722,-77.5437338223575,69.5350256520931
7.7225,-86.9591930232237,10.5949858752963
7.723,-98.2699830108967,-52.1320106067356
7.7235,-103.335953711296,-82.9907707632359
7.724,-83.6083823612685,-69.1674535027123
7.7245,-30.5592919425827,-25.6328242533357
7.725,43.4804449953816,20.4015581249569
7.7255,115.635095885609,44.624465639087
7.726,166.884194618273,30.3580887466039
7.7265,186.520125045105,-29.4079233935121
7.727,172.601751875158,-126.853482242133
7.7275,135.160939321783,-239.97501284705
7.728,94.4886130922307,-346.829032449324
7.7285,67.1079838168183,-440.628093498479
7.729,50.6448879787799,-525.67824036036
7.7295,27.0596362456855,-598.155694532358
7.73,-16.0974336869903,-639.277768267274
7.7305,-71.7753475965308,-633.973903031782
7.731,-125.178257724234,-592.366318177907
7.7315,-173.641304713345,-544.567159443033
7.732,-223.1951203764,-512.281628503967
7.7325,-265.906110194206,-489.494482611638
7.733,-277.154611501943,-452.668663733202
7.7335,-245.857260014967,-385.981744552382
7.734,-195.827260985645,-292.735603232812
7.7345,-161.941234590602,-184.614636165622
7.735,-150.931023610374,-67.8692322677227
7.7355,-141.275017745377,54.5623484502296
7.736,-117.826477931882,171.957246491937
7.7365,-87.4402936566782,267.598857370834
7.737,-58.891521797393,335.799057933123
7.7375,-27.4300026209756,390.03465548502
7.738,12.2433683018205,446.799669038472
7.7385,53.4091239125422,504.271888852595
7.739,88.2673018473929,543.654014937678
7.7395,118.626003301844,550.273016251208
7.74,144.47430341122,527.592831791539
7.7405,153.899793036832,492.067542174729
7.741,138.748166678899,460.767628685351
7.7415,112.195540153645,442.790045310121
7.742,95.7221795561302,434.473031640694
7.7425,92.8159191476407,420.853689782575
7.743,88.692422719734,387.284256778946
7.7435,72.8801589846178,331.405800997424
7.744,49.4133489834008,261.187586510914
7.7445,26.5804798439628,184.99600006483
7.745,8.70621646115317,111.002607505582
7.7455,-2.50566367408658,52.5084302443396
7.746,-9.11040153803233,21.2403957628319
7.7465,-18.2564865411004,13.8829628913068
7.747,-31.7515504097719,16.3167374338372
7.7475,-36.3245132083337,23.2398202682899
7.748,-17.3959789291599,41.5996459575692
7.7485,17.2719072286465,71.051639083445
7.749,41.8061832845704,94.4100841540276
7.7495,43.4900538107511,94.9408187976714
7.75,36.9116088516111,72.5285212075418
7.7505,41.9215558492949,35.9901546958364
7.751,60.1515710732413,-8.91617586150577
7.7515,81.316624099713,-55.4996379506035
7.752,101.377755179731,-92.6962412018675
7.7525,122.123709165446,-117.295078507373
7.753,138.308899167619,-139.622653666732
7.7535,137.75680126716,-165.825285843511
7.754,115.389465190617,-185.7617303393
7.7545,80.4606841145621,-192.498217172175
7.755,48.1661105461932,-202.393567502336
7.7555,26.3739858248723,-236.63696285246
7.756,9.93517252610819,-289.099556315897
7.7565,-13.1014761981677,-331.619767767727
7.757,-47.59171642271,-347.688208851439
7.7575,-83.4152652189647,-342.498557475851
7.758,-105.562466357913,-322.715310336031
7.7585,-112.113016497244,-287.418104236969
7.759,-115.169864214356,-240.972563672312
7.7595,-121.702494659882,-195.697648052251
7.76,-122.394277807341,-157.276497601523
7.7605,-106.101245517374,-123.05538093034
7.761,-77.8985835850258,-97.0419424644464
7.7615,-52.7179850179226,-89.1488184763671
7.762,-34.8430175476217,-95.3459547509956
7.7625,-14.9319916587821,-95.3595149226489
7.763,12.2686219958331,-75.1083395389786
7.7635,37.7305725428342,-35.9527337026869
7.764,49.837758954549,20.5964902889631
7.7645,48.6954361620214,96.7040857223029
7.765,42.4358907168191,180.543128405012
7.7655,33.4229033729753,247.287465603519
7.766,15.6125104672184,289.563511990792
7.7665,-13.8661688756888,326.723267425922
7.767,-46.0945523224447,369.340884265092
7.7675,-67.0636079394035,393.358009569912
7.768,-71.5592301863635,367.569169962792
7.7685,-67.4054568158511,292.279097369633
7.769,-65.8853832165088,194.168687184364
7.7695,-70.6191838660587,98.5914117745486
7.77,-76.5840937126243,25.7636452050414
7.7705,-76.4732319083945,-3.43452539543599
7.771,-65.0881390189526,13.7401929543076
7.7715,-41.0515576867366,45.4421026273503
7.772,-10.3573004598489,54.7677737219218
7.7725,12.7138689065832,42.9831741378083
7.773,16.0566130969538,39.4623376394154
7.7735,4.36281880202849,51.4990077051147
7.774,-2.82187823434951,51.2218245640338
7.7745,7.2223545846334,16.1316175266948
7.775,25.1886963033837,-41.9915133331106
7.7755,32.5029511151118,-96.8440692422536
7.776,25.5594808207343,-136.258271999222
7.7765,18.07064269994,-161.751500120148
7.777,19.5222322340521,-175.933955543112
7.7775,22.4964963100681,-180.588573161682
7.778,17.7976807072612,-176.068147838789
7.7785,13.4905914029162,-157.248095454654
7.779,26.2356754195696,-123.098864671833
7.7795,54.4155797103244,-94.161839445361
7.78,72.9698953658164,-102.754598059631
7.7805,62.1137304855199,-155.768341223858
7.781,32.8794355938768,-221.694225551098
7.7815,13.6208357358503,-265.984413533544
7.782,15.0600496899109,-286.851743512546
7.7825,21.1780227402728,-304.066537196939
7.783,15.316709806417,-324.705731341495
7.7835,1.16211427811998,-336.542450680789
7.784,-9.75677730165322,-328.788659786088
7.7845,-19.8758550358048,-303.024499375912
7.785,-41.3507537894483,-264.963414897007
7.7855,-74.3433067075956,-218.754897598453
7.786,-102.825866290879,-170.668978593289
7.7865,-112.736976725906,-127.8320373582
7.787,-104.23305636018,-89.8857612249178
7.7875,-84.8050430999551,-48.1959075659345
7.788,-60.0201316159369,4.25652491817287
7.7885,-33.2489429520601,66.7317476066738
7.789,-4.85880097592241,136.14742068446
7.7895,31.5343374155121,214.034463288612
7.79,81.6907257284855,303.38941336427
7.7905,134.384820415325,398.392089034708
7.791,163.336829482153,481.339860586264
7.7915,155.120380303001,535.123730940926
7.792,127.724871614528,559.361900383469
7.7925,110.919706571187,568.223615532617
7.793,113.737652583083,569.48716084507
7.7935,122.542261918365,553.926341365517
7.794,126.022941464858,512.606651918302
7.7945,126.596893650524,455.590786066931
7.795,126.743645840637,399.912580972896
7.7955,120.21161481675,345.133822528934
7.796,103.678035908326,279.57667197866
7.7965,84.8478470604297,210.106160564327
7.797,69.0306824099646,163.07123202159
7.7975,46.2049630448,146.46498175575
7.798,3.32505696701314,130.25971479753
7.7985,-54.4803763288709,80.5119140651447
7.799,-106.330451176626,2.06847340718179
7.7995,-138.184516796246,-68.338506993256
7.8,-152.995488518454,-104.653403188401
7.8005,-158.628356508947,-112.156604023633
7.801,-157.311455866009,-109.864306873535
7.8015,-150.639666133595,-108.376149231931
7.802,-144.102547130159,-107.834824326876
7.8025,-139.396405115204,-107.401323148848
7.803,-130.366433402517,-112.099381172432
7.8035,-114.618089598936,-133.415717474842
7.804,-101.308576160296,-181.863511774595
7.8045,-96.5012114206813,-254.050262938057
7.805,-87.3749160840117,-328.341757849751
7.8055,-56.327079201486,-377.688327698122
7.806,-9.36789653090313,-385.781407382238
7.8065,25.8582440446446,-350.08593598772
7.807,33.7949387075676,-277.789297764251
7.8075,27.5783407985084,-187.367361584702
7.808,26.0431979555391,-108.177145341222
7.8085,30.1366079800933,-65.2260399999042
7.809,33.2794999305028,-61.6545482601709
7.8095,40.4270254510109,-82.7245981822571
7.81,59.2797668828097,-116.648845390892
7.8105,80.9165815240596,-162.894339746174
7.811,88.0405312175325,-218.457739690009
7.8115,79.3447456365302,-266.503700824469
7.812,67.9629559894963,-287.525293742371
7.8125,56.6453476333782,-278.34028385274
7.813,33.3234075490075,-251.313628305552
7.8135,-5.03370384738718,-214.415548272675
7.814,-41.9168255784948,-161.95047366538
7.8145,-62.7284853524994,-91.8931284689918
7.815,-73.0648129871781,-23.8328618868868
7.8155,-86.3831474715374,16.1459523322994
7.816,-104.240784751195,28.9433832864185
7.8165,-118.447422378944,43.0481880668934
7.817,-124.593297839148,73.9850676580388
7.8175,-123.879824681005,102.680219599343
7.818,-116.909524904666,111.65446318775
7.8185,-103.185306183013,123.665942313657
7.819,-82.9155516796285,171.843222204403
7.8195,-55.4666769901149,237.340493006803
7.82,-21.8680910841558,255.081333865162
7.8205,9.53717787435514,191.934872280034
7.821,30.5723437029734,86.6818340856494
7.8215,50.2117893507721,-5.11977576620054
7.822,90.3322258190706,-76.1847236921758
7.8225,155.590492661759,-151.768569564714
7.823,219.942018838558,-233.718547264731
7.8235,254.276686331902,-295.822285975208
7.824,255.74595220777,-324.385927404473
7.8245,237.022068385798,-329.009520831287
7.825,200.321557104413,-313.367581993635
7.8255,142.522441773666,-264.336226047348
7.826,77.9649044955573,-175.520868827811
7.8265,32.0608118670681,-60.1144825534506
7.827,11.1565837633842,64.0207321484472
7.8275,-2.09273461350545,184.267472190061
7.828,-20.8609157165694,287.597129522515
7.8285,-39.1467838560175,365.868608724091
7.829,-47.9764020747173,429.670518675485
7.8295,-48.7904616599043,495.521732968651
7.83,-43.7585038954562,554.475131347638
7.8305,-28.4927306460665,575.870530415243
7.831,-4.15558209405829,550.238582285956
7.8315,15.3659837698048,505.055030651815
7.832,19.1564273859465,464.895869899108
7.8325,13.9543133594162,419.109604747287
7.833,13.7968585903434,349.430850389222
7.8335,21.0368583004965,270.623567731619
7.834,25.5979607463832,215.13653342132
7.8345,18.6839974431848,184.990647924444
7.835,1.13587725439296,147.883297480887
7.8355,-18.5320184093593,83.9067229341482
7.836,-31.4049616819863,11.4380961906234
7.8365,-37.9642403336629,-43.0977245145045
7.837,-50.9833560702211,-81.2647858805299
7.8375,-80.397403042311,-122.574578814169
7.838,-114.555097201371,-171.479891416045
7.8385,-128.690956219939,-214.726479823417
7.839,-116.470360822845,-247.642189306325
7.8395,-100.017021639508,-281.218883769039
7.84,-100.516423917324,-316.478347412545
7.8405,-111.430691648482,-330.20446048844
7.841,-112.652934817487,-301.449014883212
7.8415,-100.792575964146,-241.581114841405
7.842,-90.22254279713,-180.018252775277
7.8425,-89.6219687579172,-125.862740435093
7.843,-92.514475658244,-64.8054730943236
7.8435,-89.4889579530064,6.19194473255904
7.844,-77.07409270372,65.6696817535722
7.8445,-54.7355328615261,97.5880749707531
7.845,-24.4796379731516,111.44821172069
7.8455,5.58088329827498,116.819838309521
7.846,27.0568084926187,97.4217612973811
7.8465,42.0504841127176,33.0615272135228
7.847,59.7906460893777,-64.4552593694975
7.8475,81.8021295051699,-160.01135926785
7.848,98.9105850112255,-232.469271263225
7.8485,104.17226039737,-282.61646230504
7.849,100.13406827362,-312.167493618987
7.8495,91.0236928063901,-320.380153330261
7.85,76.5059853702407,-319.075747236933
7.8505,57.9429263463716,-325.328967826229
7.851,44.1650300085165,-336.222554630274
7.8515,44.295901988987,-332.227583733662
7.852,56.699168255925,-307.829146281579
7.8525,69.2993588969878,-277.366339240917
7.853,71.2046120039404,-248.269053313828
7.8535,62.9955614638467,-211.49239567301
7.854,55.1660737255985,-162.263930361254
7.8545,55.1568293446241,-105.975814897084
7.855,56.2570018467185,-37.9157948662352
7.8555,43.9683094418656,55.8633324048143
7.856,15.8004436231518,166.671072937171
7.8565,-11.360321958436,258.21402025695
7.857,-19.6401504743222,308.921839467134
7.8575,-10.799721381694,337.660695084296
7.858,-0.332689911882321,372.923312064432
7.8585,4.56403280245673,418.749868646
7.859,9.57457053117506,466.1944008612
7.8595,16.9646282958153,511.858625995115
7.86,18.2613851116117,541.71253530182
7.8605,8.00069248266496,521.013398893265
7.861,-5.76628458641268,432.246599090056
7.8615,-12.2671762491372,308.826106231701
7.862,-12.5999054487464,200.523019226411
7.8625,-15.711471191167,114.958184477644
7.863,-23.6687586655404,22.2440939375663
7.8635,-28.5744712058948,-90.7971348915775
7.864,-23.5430806363042,-202.819498749011
7.8645,-11.3018150131829,-291.63611319011
7.865,-0.865530568361712,-355.210322403788
7.8655,1.49083609621281,-396.855216853255
7.866,-3.31410992667494,-416.922609417087
7.8665,-11.0688690419462,-424.034228193803
7.867,-21.3633244024985,-429.885440009514
7.8675,-37.8813311243179,-426.311758311085
7.868,-59.2316058849045,-389.243394575804
7.8685,-72.6910603998195,-311.725186989896
7.869,-63.5730391540024,-212.027901883121
7.8695,-31.9003489714575,-102.665509255048
7.87,5.1654723016507,25.7077341306046
7.8705,29.3775418659401,178.036969762982
7.871,36.2479795054487,331.874447377415
7.8715,33.0830762772082,454.747750508401
7.872,27.5260469702639,531.42498373295
7.8725,21.5143362968632,563.916951111573
7.873,13.5463133988583,558.80745249112
7.8735,3.31062970540383,525.696736552002
7.874,-5.6329434791471,474.266709657668
7.8745,-7.55777692723221,400.350761425386
7.875,-1.06305752550302,288.013100133776
7.8755,6.33570463223158,140.141067591475
7.876,3.77617490037118,-4.45296355051387
7.8765,-11.6916727256844,-102.725621071571
7.877,-32.4717760183713,-151.368684309826
7.8775,-49.6336641743131,-183.652007238047
7.878,-60.6780776551993,-225.75190500763
7.8785,-66.5272185104425,-272.250234315053
7.879,-65.6003213767595,-305.339194465164
7.8795,-55.7858187636272,-321.77512383816
7.88,-41.1639589413034,-332.72206972959
7.8805,-32.1192376569213,-346.716292102436
7.881,-36.0004205445228,-363.197549808067
7.8815,-48.3963382023752,-379.724442331206
7.882,-56.6542784684376,-395.273923818689
7.8825,-53.9741188232655,-402.557990336952
7.883,-47.0682424686266,-383.924899414705
7.8835,-44.9480995931089,-325.182412544433
7.884,-42.5990570110611,-236.473632487421
7.8845,-25.3605533908456,-152.2185085462
7.885,8.71989161601858,-102.205731070182
7.8855,42.5228962854506,-82.9138076263611
7.886,62.5065749690566,-61.8059017853063
7.8865,76.168969041219,-9.28578418977012
7.887,95.5043045453741,77.0674914697015
7.8875,113.330502519312,177.211070646254
7.888,112.878960046364,270.007988361664
7.8885,95.4398523105516,346.898492313625
7.889,79.6160411557268,406.994129956762
7.8895,73.8295088624147,442.841027064646
7.89,67.7617526196966,437.596275608452
7.8905,52.3532020616819,383.603531724393
7.891,29.3505561197549,301.880738484119
7.8915,-2.18621878267957,231.368444455829
7.892,-47.2287881245257,194.044052783191
7.8925,-94.0216140182221,179.814772432649
7.893,-113.612044737971,169.420376791652
7.8935,-95.6335345505655,158.464036820299
7.894,-68.0310385646126,150.559076889389
7.8945,-63.2780452876076,142.483329040576
7.895,-77.2876981019522,131.392157491608
7.8955,-80.1467164838254,124.670801572929
7.896,-57.2910510492772,125.686941577211
7.8965,-19.7853041864635,121.146296039677
7.897,19.0734939516802,102.215845534501
7.8975,55.2899642829747,86.7289714861736
7.898,84.9487347025982,95.2993898472857
7.8985,105.692840953804,113.619337771883
7.899,129.861311610128,108.008423535952
7.8995,175.147350687317,74.8047566076965
7.9,233.437188547154,41.2003829794477
7.9005,264.573535696526,14.8101465853101
7.901,234.036019889908,-30.8267524830764
7.9015,151.60894395276,-108.08224572931
7.902,65.7939800354096,-186.841885725316
7.9025,22.5772337559815,-235.141976347898
7.903,30.5585317257228,-260.476254691064
7.9035,59.9629382194617,-285.449104728118
7.904,72.1438661789858,-304.317978865118
7.9045,52.4839294465503,-293.401144236095
7.905,14.9651444982996,-252.416255055649
7.9055,-24.083483061062,-207.592262144903
7.906,-65.9145383155641,-178.294759568474
7.9065,-115.011272225083,-162.188426409953
7.907,-157.392717335686,-150.358121291301
7.9075,-172.848325155908,-138.919822443826
7.908,-165.243766063033,-127.504974935423
7.9085,-159.508931603701,-120.509395983363
7.909,-166.060050272871,-127.357059503065
7.9095,-169.187270008807,-150.496235802979
7.91,-157.918365964441,-177.360792925056
7.9105,-147.165880729619,-192.048015696761
7.911,-153.41970403545,-186.647267824964
7.9115,-165.41427383085,-155.79637031522
7.912,-158.195664497239,-98.4933273624863
7.9125,-128.193989358197,-38.3594072018205
7.913,-95.9668601509427,-19.3319434203427
7.9135,-76.9196814368777,-55.8327740625807
7.914,-65.2960102715551,-103.704293408347
7.9145,-47.9683744300928,-110.793264762741
7.915,-20.9853054985071,-84.7149731024326
7.9155,10.7415633041775,-76.0935720308661
7.916,40.6728389703587,-101.284817330439
7.9165,63.792573452072,-122.158582413102
7.917,78.6267115631275,-107.023314867566
7.9175,88.6874375610042,-70.9302458850589
7.918,98.1619716292239,-38.9820788577496
7.9185,106.388101242109,-4.77389574220169
7.919,111.045550063279,48.0722403564726
7.9195,115.206744628197,107.016705929448
7.92,124.468899038704,143.54947988475
7.9205,136.883594927715,153.545353198275
7.921,142.320177420303,158.875909187286
7.9215,133.20570362253,174.609842989732
7.922,110.124193387494,197.243076514609
7.9225,75.4755481412404,223.219902295353
7.923,28.7642837017977,257.132978012381
7.9235,-26.8570942367929,296.586376840507
7.924,-77.5383858269132,324.504678662538
7.9245,-104.480642810662,324.124975606814
7.925,-97.7751204515121,293.342177220928
7.9255,-63.4795134914912,239.938133633718
7.926,-18.5194177696817,171.182666942174
7.9265,19.8847042917189,95.2918384415513
7.927,42.2772337218391,28.2517518720517
7.9275,49.0051583463519,-10.7982384189705
7.928,46.1146035048207,-15.4732358093874
7.9285,38.3060878793613,-0.475347845349139
7.929,25.0384358451683,11.8580535236267
7.9295,3.6003569229173,15.7565302979678
7.93,-24.1402536645716,28.9249589335768
7.9305,-48.8729813747601,71.0486544751411
7.931,-58.7126156014344,138.261296295771
7.9315,-47.8845749569468,204.814822085672
7.932,-21.6396999173857,248.346146457557
7.9325,6.50192379354341,266.004873837478
7.933,22.5593535305175,265.25201893475
7.9335,19.4265326149608,247.655919723038
7.934,-0.154265431157896,207.402913734608
7.9345,-26.1285563477079,141.881469511708
7.935,-47.5760600484941,58.5913636109971
7.9355,-58.1931809905621,-28.2770209229711
7.936,-55.9011994306266,-106.640119236677
7.9365,-38.3790497959356,-172.428922349283
7.937,-2.67745544332237,-227.217463403596
7.9375,47.8338582751479,-271.129286424906
7.938,97.8967427097448,-301.611042881602
7.9385,126.73723149438,-319.349797992572
7.939,123.650151333194,-328.001053513852
7.9395,97.5407568187245,-323.569383554419
7.94,68.9556770774505,-292.500348082563
7.9405,50.1460876204866,-230.076224429568
7.941,32.8166904778027,-155.203008577718
7.9415,-0.95281312216655,-94.8058867036479
7.942,-53.4398061555313,-55.1680891729778
7.9425,-101.891747783188,-19.4689585190233
7.943,-121.342822966782,27.8009916940047
7.9435,-113.633052574156,85.5680234087501
7.944,-102.543715974999,144.364541160366
7.9445,-99.3733854340355,196.527428346703
7.945,-88.3058499825751,236.007645161175
7.9455,-54.6174657540514,259.695288134977
7.946,-13.6304447485623,272.186126957982
7.9465,5.52690907007034,279.762258973087
7.947,-0.664607154295556,278.383628257088
7.9475,-5.48835696178693,257.77841905036
7.948,11.8874259178177,217.080210197358
7.9485,42.2289003855445,164.200451005366
7.949,64.4549897945273,101.649678068231
7.9495,74.6757978051901,30.0032881430153
7.95,86.3408086372555,-36.1724606183321
7.9505,107.884096039007,-81.3267220763531
7.951,130.254084398696,-124.414560981476
7.9515,136.386546488977,-211.334869516644
7.952,118.523137214579,-350.640016709613
7.9525,85.6973680937218,-479.24958308946
7.953,54.6035573102377,-521.754114531646
7.9535,32.9578705849214,-473.961556607243
7.954,15.347509881941,-401.090848553393
7.9545,-2.34003930428114,-359.835846221861
7.955,-12.9402000486812,-350.665602849016
7.9555,-12.1596031954024,-346.005005018639
7.956,-14.9830916054501,-333.726138233161
7.9565,-40.8125788788887,-320.01766304274
7.957,-83.0848754529466,-310.767369986273
7.9575,-111.667567497788,-306.897484577517
7.958,-109.347683537231,-308.290466827158
7.9585,-89.2924575281,-311.466982556397
7.959,-71.2592804542184,-309.91229562331
7.9595,-59.2002561236717,-301.378546046363
7.96,-51.5558522991576,-284.799959002221
7.9605,-53.8810354249395,-245.813902304002
7.961,-65.2834677567401,-160.203855033406
7.9615,-68.2380801685088,-23.4711922304711
7.962,-51.5212334244929,132.221979610301
7.9625,-32.4329838789644,262.247209672408
7.963,-36.1714628953601,345.15234887834
7.9635,-60.7233343859169,386.727754376317
7.964,-82.1196493574216,399.433102241123
7.9645,-88.394469375245,393.418684643482
7.965,-86.5692985529267,383.71458575575
7.9655,-78.8892843263237,388.910954128171
7.966,-55.8760158260772,417.197352694397
7.9665,-16.8633982786344,460.763220303927
7.967,22.4291103373755,503.867484247987
7.9675,49.6282413614839,528.320752384158
7.968,68.0820452322081,514.515518724062
7.9685,83.9110130705308,453.844257778832
7.969,93.8178837515581,366.473659237545
7.9695,90.8127859314382,292.911014494251
7.97,70.957279476689,255.569661640288
7.9705,32.3046328104881,235.50830885279
7.971,-20.0979762121762,197.814025397433
7.9715,-67.0216181267757,133.136905624084
7.972,-88.4305665703625,60.6046822173384
7.9725,-86.6965469891953,-4.53147960427885
7.973,-79.9933369840087,-65.3283612460731
7.9735,-70.3979784683549,-121.369594074213
7.974,-40.3855817098115,-153.461960859528
7.9745,11.4878508058494,-145.123355857986
7.975,56.2329987860879,-107.539658390482
7.9755,72.4502368716453,-66.7357003692212
7.976,78.0571382499687,-33.0593900903072
7.9765,101.835731815892,-0.600981366156994
7.977,138.821801021087,28.1008107790789
7.9775,160.313952310728,38.8920132529613
7.978,158.852636709178,30.7715757959827
7.9785,153.353639791549,22.521992173859
7.979,149.940137331749,23.9498118828701
7.9795,128.508027958028,17.7052003854833
7.98,80.8004076556892,-14.5943270655933
7.9805,39.2392532921309,-59.863124549079
7.981,46.5727464489347,-85.5882999124228
7.9815,103.771897065216,-79.3368968193974
7.982,164.806658239221,-58.9417908898716
7.9825,184.074993883616,-44.1997733506212
7.983,158.256990521512,-35.107486201831
7.9835,117.174208825263,-22.5995234782176
7.984,81.3689064477721,-7.79816433857736
7.9845,40.3931097635717,-2.4229806570442
7.985,-23.4245841162693,-16.1592215830195
7.9855,-100.168496633839,-48.7560841544019
7.986,-156.221224483427,-90.1524723736875
7.9865,-173.57359956799,-124.604686133027
7.987,-170.027216402873,-138.180600454862
7.9875,-172.549512835372,-126.128984622737
7.988,-184.108336649628,-93.9303969550609
7.9885,-190.006585725433,-53.9450969462032
7.989,-185.695257728304,-23.1511308891159
7.9895,-178.429366729351,-17.7897558342062
7.99,-165.046833911599,-40.6924260413203
7.9905,-130.02674110932,-74.2025139191378
7.991,-71.6808359770136,-92.7232475177662
7.9915,-14.0251491656214,-82.6745493900546
7.992,17.3899836864552,-47.3608062000716
7.9925,21.8888720183191,-0.633320944166996
7.993,17.4986793800752,32.5252907469416
7.9935,15.8961548895215,17.4607506473786
7.994,12.6309602339278,-64.9426987141814
7.9945,-1.25617896067379,-189.234862477673
7.995,-25.6894407642848,-300.281492492679
7.9955,-50.1824184052026,-366.790102845624
7.996,-63.4670814164642,-405.450402010194
7.9965,-64.7163471227222,-443.533615195412
7.997,-64.0908549600793,-477.00680954294
7.9975,-69.1930551604961,-483.39698880596
7.998,-73.9113529144314,-460.368061728658
7.9985,-67.6567669469944,-426.011061927132
7.999,-53.4494193610136,-386.827772673356
7.9995,-45.8609349806101,-331.319469210704
8,-49.4337840546803,-256.993729957523
8.0005,-51.5728074643844,-179.943985934428
8.001,-42.7439449758916,-109.99222412567
8.0015,-31.3293025034799,-36.109417880309
8.002,-26.8968597017309,52.5090447029794
8.0025,-17.4443922914156,146.879777182629
8.003,20.4260000994579,232.25693610968
8.0035,88.5593999385378,308.021187367878
8.004,157.51411609999,378.643939583207
8.0045,194.464800719327,435.774647332925
8.005,193.260500427973,467.608229829407
8.0055,172.972658617278,480.520092896694
8.006,153.755100312742,491.930249380674
8.0065,140.634137163215,500.989205054262
8.007,127.6468501131,484.583047319855
8.0075,110.362600527095,429.802803547415
8.008,91.6082387527962,357.984411093552
8.0085,76.7572530984175,307.065107474666
8.009,65.3137399655959,296.293837430441
8.0095,48.4841783763477,314.46783876727
8.01,17.1974303519196,335.887450475689
8.0105,-25.6476319694194,339.329215045287
8.011,-61.3723767632581,316.035746644263
8.0115,-66.5103579043818,270.769833731937
8.012,-30.8029756098489,218.63616314844
8.0125,33.2976725437308,175.266405915754
8.013,98.4620133927275,145.308883962442
8.0135,141.508451426482,120.953490928195
8.014,157.506757349865,93.6887782969738
8.0145,157.181632720894,67.612266395053
8.015,151.586531260714,59.1349626554228
8.0155,140.545594074224,80.4801803330039
8.016,116.766711688954,122.269195961967
8.0165,79.1044072295053,155.248580337487
8.017,37.3370968397511,152.426854140918
8.0175,2.39290162233986,108.082483856056
8.018,-23.6028103037945,32.8590350482611
8.0185,-43.3042080076098,-64.3840218271941
8.019,-54.9766748867382,-180.838537574502
8.0195,-56.9138488822605,-307.49670144986
8.02,-60.0909157498866,-425.233457576733
8.0205,-82.4411813591376,-519.589087663928
8.021,-123.102569013819,-591.939635943953
8.0215,-155.099913346471,-649.368570479364
8.022,-158.302401409803,-690.170007215679
8.0225,-151.132911478089,-707.506937783588
8.023,-168.948002779658,-701.683756851432
8.0235,-212.464513181359,-678.522075327565
8.024,-241.964247080888,-638.89510617585
8.0245,-230.966558416318,-580.984116198234
8.025,-202.336125510121,-511.725583826528
8.0255,-193.123758430403,-444.121116499493
8.026,-201.482799152816,-381.285198015136
8.0265,-194.614573252348,-313.657943992232
8.027,-161.862797759745,-234.518565984248
8.0275,-130.929054568958,-147.035661019257
8.028,-125.959916580693,-51.6648671958807
8.0285,-132.473113176237,60.6648920870351
8.029,-117.02940461472,193.056387043295
8.0295,-69.0042801614738,329.31864164894
8.03,-10.1344152368388,447.366585223762
8.0305,31.7377319007634,539.941383145662
8.031,49.4085816247237,610.487791663914
8.0315,59.0338438920184,653.551185443862
8.032,80.6557485680576,654.921381044409
8.0325,115.113221018587,613.831778691199
8.033,141.4421800346,553.067100898543
8.0335,140.965445102338,500.634529684206
8.034,119.48773623988,466.576277087596
8.0345,97.2297795698981,440.296317072971
8.035,82.571870983858,404.780103176219
8.0355,70.5596224584576,350.832642776664
8.036,63.9959271713466,283.066039413182
8.0365,74.752600439813,215.558879425742
8.037,99.5284672592922,158.837689114696
8.0375,115.065191967289,111.173380673989
8.038,106.964429952743,67.6469773131009
8.0385,84.629562650589,35.9764760149166
8.039,58.4632131048128,32.7510785044938
8.0395,27.4626200922992,60.0530958609335
8.04,7.99185205120886,94.8429066436718
8.0405,46.2286612759733,107.765239236929
8.041,163.757748421261,85.928149450484
8.0415,303.061207261159,32.6075809223774
8.042,370.005108234285,-44.8101581669001
8.0425,334.516501772181,-135.23479131943
8.043,253.36587132871,-219.383374197234
8.0435,187.49511191121,-280.15249296034
8.044,138.943361988555,-318.340055460453
8.0445,88.5825464678628,-348.04990279998
8.045,51.5378214631774,-376.974962120178
8.0455,51.307718971708,-402.020868152069
8.046,63.5084681583515,-424.119442888323
8.0465,37.8090635686207,-452.963810779862
8.047,-26.3026078696319,-491.370766168315
8.0475,-73.0940390383995,-527.013318252176
8.048,-71.5279723752357,-548.529652673837
8.0485,-60.9996856620804,-560.608646775135
8.049,-91.6827379409552,-571.835944993459
8.0495,-151.083080044499,-572.632490378165
8.05,-185.351326974775,-537.032620155757
8.0505,-177.702116684919,-446.796678035797
8.051,-167.637018926002,-307.305815316453
8.0515,-191.49279840137,-141.259560121961
8.052,-235.165921908575,26.4369426369968
8.0525,-257.198831841841,178.989771967088
8.053,-238.245974780648,311.21672135262
8.0535,-193.484186004717,425.445165310508
8.054,-148.113751537661,521.586777193424
8.0545,-114.850709377214,593.13154195486
8.055,-91.4858337445071,635.741679210903
8.0555,-70.0969557151666,654.300212289809
8.056,-46.8477527385423,654.633630226016
8.0565,-24.7402240549534,633.586208276323
8.057,-6.62039654011482,587.221532341052
8.0575,11.1537289643782,524.682767080074
8.058,32.3759033544592,460.766793045661
8.0585,51.727166127831,395.787766089816
8.059,61.2090389227534,317.429907039096
8.0595,63.285321269794,224.66907784251
8.06,64.7040662312941,134.283257171284
8.0605,58.1763721978443,57.8677590765154
8.061,28.3758633640417,-11.9492075833498
8.0615,-18.0028308551142,-82.7176071269346
8.062,-47.1679940772326,-144.835765712332
8.0625,-36.816570001532,-188.128985484724
8.063,-6.01560052363123,-224.036087709853
8.0635,9.22185705480857,-271.102400777816
8.064,-0.187893459692387,-322.431764972244
8.0645,-13.7827816240631,-347.806296581017
8.065,-14.3621966795734,-331.296610448809
8.0655,-4.00312222920296,-290.740585438858
8.066,8.67631079056462,-253.622102071149
8.0665,17.8304994673289,-226.056693712285
8.067,17.1833269636569,-194.498409283628
8.0675,5.16856106554942,-150.880796436105
8.068,-5.26148221897845,-107.258029281429
8.0685,1.68808690039379,-87.1115682731327
8.069,21.2191781778371,-105.978286847015
8.0695,32.623084527931,-158.801727624064
8.07,30.0874620150265,-223.88275469091
8.0705,30.8735584184232,-279.895078316581
8.071,46.9050231278266,-319.092025321243
8.0715,66.1895720297139,-344.303118037558
8.072,72.534779368603,-358.382683391906
8.0725,68.4854448798722,-361.152011953768
8.073,66.3208064226201,-351.654216238071
8.0735,68.0595778857066,-326.277941332374
8.074,67.1824465408142,-278.68886298342
8.0745,61.3585743140704,-209.980450624385
8.075,51.6217333774714,-135.15120638061
8.0755,36.3365431075277,-69.2963805377144
8.076,17.1114131763396,-9.67066690676704
8.0765,3.84589847314987,57.7306017806249
8.077,2.35156318912471,135.455218333049
8.0775,2.15307863170991,210.275042725656
8.078,-12.1308954935848,270.876637671866
8.0785,-40.3592597700775,317.716016614078
8.079,-67.1074841624149,355.839642580046
8.0795,-79.8541365976893,391.44639869307
8.08,-79.7357207883462,435.469137260808
8.0805,-77.0763585549224,494.757832244995
8.081,-81.5082992233607,557.638319623314
8.0815,-92.1782272529829,604.533887488451
8.082,-94.1795226530973,635.342831995971
8.0825,-72.4913951134843,667.221336189942
8.083,-33.6325333384887,700.738947760125
8.0835,-2.20154408280293,710.903660483064
8.084,10.8128618574319,681.9364831318
8.0845,22.2874524419479,628.766135363298
8.085,49.0871156122856,570.674017949604
8.0855,82.362412332001,506.834167338486
8.086,107.071955515723,435.840150522128
8.0865,131.492070643003,374.731684148765
8.087,171.034852782568,332.391634463798
8.0875,211.164549276343,285.321228921329
8.088,217.567295897772,212.192616005156
8.0885,185.051252182176,134.697186125644
8.089,146.843136908443,83.4888249808531
8.0895,126.493063985834,33.0424949537522
8.09,107.87805051394,-81.9069354288062
8.0905,68.7026255882978,-278.581453853475
8.091,20.0884312925719,-496.901662396942
8.0915,-11.242860051998,-671.74433431209
8.092,-26.4634616491218,-797.05379297816
8.0925,-53.6032189460163,-899.658742061968
8.093,-105.330047366737,-985.941936425051
8.0935,-160.250702649132,-1044.17691054343
8.094,-191.181471269148,-1074.74531501895
8.0945,-195.333304746659,-1086.94617428662
8.095,-187.746780565307,-1081.0002082265
8.0955,-176.727886127858,-1057.61027770871
8.096,-158.778799715197,-1027.56393391693
8.0965,-133.928205751268,-984.35072155765
8.097,-112.438168961224,-885.238254271035
8.0975,-101.042868611624,-696.126907671899
8.098,-90.8238492086243,-448.526858086576
8.0985,-68.5847787243966,-216.994262167612
8.099,-38.2365211813743,-39.7381276083714
8.0995,-19.9227300553791,107.212793412146
8.1,-24.369396048456,255.48573989221
8.1005,-37.6053580690856,398.645674935497
8.101,-38.1484160041872,512.296194531519
8.1015,-21.8190106557111,590.462612960079
8.102,-0.517991038849806,643.191817887447
8.1025,17.3811065671351,676.187656162347
8.103,33.8146178847359,689.080690235008
8.1035,51.2239916025207,681.163570839202
8.104,67.6357254070157,647.308914524628
8.1045,81.1572824798457,581.304856531925
8.105,89.6802022140591,493.405098265388
8.1055,87.1341154122233,410.414964759299
8.106,70.3080202827531,347.812309634294
8.1065,48.7086392786897,296.736391242566
8.107,36.7965676724753,249.525299599616
8.1075,36.467181126847,219.070154152753
8.108,37.9956759374659,214.235124820625
8.1085,37.3365936992788,212.190695433666
8.109,38.9611946197166,180.312851745731
8.1095,40.6647917540155,118.464072615917
8.11,30.999998578032,56.4255975572697
8.1105,6.87828384845245,13.1062905973796
8.111,-19.2284203474077,-19.25947558516
8.1115,-34.9107641468775,-51.7908094099474
8.112,-38.6814993211523,-83.5343645094253
8.1125,-31.3792854197622,-112.790754972944
8.113,-11.7992063320022,-141.586149248614
8.1135,11.7890051662003,-161.022350085178
8.114,20.9515949190057,-151.656008610362
8.1145,9.48309594600157,-109.931157496766
8.115,-4.59434129711758,-59.9235418484425
8.1155,-0.461630542828064,-28.5241141015854
8.116,21.3328579794474,-22.0083302828834
8.1165,45.4146129098608,-36.2350258140995
8.117,61.2629957596501,-73.0565044182672
8.1175,65.0354013467882,-129.989024891031
8.118,52.4390459342258,-185.960965483769
8.1185,24.2346331187831,-217.63996174556
8.119,-7.0790779199386,-224.743544565266
8.1195,-27.7254996987205,-221.783267145866
8.12,-34.9770559819759,-210.2998727417
8.1205,-32.0009332004425,-181.084370617201
8.121,-20.6634873543288,-144.077736711093
8.1215,-8.47225188477178,-131.470958572414
8.122,-8.65469246819685,-158.994086868795
8.1225,-19.0593257043428,-199.398299852588
8.123,-15.1098280325385,-208.043036442946
8.1235,17.0197712152699,-166.126693500267
8.124,52.6526170176809,-87.7581838329276
8.1245,57.7808954998528,6.33697602868208
8.125,36.8511176150031,105.999951659004
8.1255,23.7565941869068,204.038671136257
8.126,29.7836974896695,285.440290743839
8.1265,32.1547086799042,330.175243256992
8.127,17.4273819196206,324.133133109958
8.1275,3.54182655504857,269.346165714355
8.128,5.87751712449214,188.771978194821
8.1285,9.44122852881691,117.569646912956
8.129,-5.58242809647716,80.2798377781468
8.1295,-30.8789823745162,75.2036831574448
8.13,-43.8224045658792,86.2780580291474
8.1305,-40.3963751678997,106.963877337419
8.131,-34.0321908434819,141.960885843745
8.1315,-31.3895831700131,186.524189771374
8.132,-28.9967257674894,219.877135987854
8.1325,-28.2556156337229,227.764347947607
8.133,-35.7437195134818,221.345047436113
8.1335,-50.7713910120929,222.719209288635
8.134,-66.8388878476124,237.440844305144
8.1345,-83.0046095914308,252.040001032165
8.135,-100.901522482545,254.918070488548
8.1355,-113.40694068399,247.889476515488
8.136,-109.920816645291,237.414003157181
8.1365,-91.7848474433123,225.394081693129
8.137,-70.06275844692,211.150804415797
8.1375,-48.8958127539958,194.274582202271
8.138,-23.267600603338,173.392457219798
8.1385,7.1114426018774,149.484460824261
8.139,34.2310075595413,130.752586577931
8.1395,53.1242041090099,123.119927922338
8.14,65.3600692248259,112.186167462271
8.1405,70.362728066966,67.3623277856934
8.141,65.2045058322902,-25.7988910439343
8.1415,54.6995952554319,-145.317946919607
8.142,49.3283617732981,-256.159856807569
8.1425,50.4355203910174,-348.994368814049
8.143,50.0340372300364,-443.352336364593
8.1435,47.9270948429901,-553.760101034222
8.144,53.2806912917337,-665.861511644772
8.1445,62.7241806267239,-750.559555755656
8.145,54.2476952055722,-793.465523877988
8.1455,15.9294942567235,-804.553334165204
8.146,-33.1493749094364,-802.421071552178
8.1465,-66.5019291369662,-793.492096036147
8.147,-82.9771123353584,-766.803232057511
8.1475,-96.9913656973342,-708.571599908703
8.148,-106.50650855306,-619.71043242505
8.1485,-96.778908954943,-512.882746724121
8.149,-73.0446591877136,-391.239941335997
8.1495,-59.2708288371315,-242.423497844912
8.15,-56.1466128142129,-64.9239583124375
8.1505,-28.4752326319212,109.382066759884
8.151,47.4850738017427,238.342516552441
8.1515,145.347136619016,313.994931974847
8.152,219.707329936553,364.656336752425
8.1525,259.665565008651,410.208411950306
8.153,284.171526585971,437.798347164237
8.1535,295.30000207305,432.354721563235
8.154,271.981990514954,408.545345443843
8.1545,214.584492004184,391.00745192089
8.155,162.533750301304,377.111931407643
8.1555,149.094069411032,345.155582029578
8.156,158.447121007455,293.797712841006
8.1565,146.733310238987,246.134051776017
8.157,92.8637224316307,211.067133667119
8.1575,10.8042596995792,165.475401594268
8.158,-77.4851758240568,87.3587928136123
8.1585,-159.282767325822,-9.63665457924433
8.159,-223.981155137949,-89.4778250235445
8.1595,-259.598561673908,-132.590885925667
8.16,-263.61980195564,-148.787816286727
8.1605,-247.978254151025,-156.384241841379
8.161,-229.333955634122,-159.339551662899
8.1615,-219.225469027708,-143.982679873132
8.162,-221.591174651401,-91.8322025987499
8.1625,-230.883653082153,2.95221778686691
8.163,-232.548503662955,124.296384277401
8.1635,-214.067431349041,243.577157306326
8.164,-177.166871499188,339.944315724154
8.1645,-133.179319822606,408.573192216559
8.165,-87.5916133731319,450.897797352335
8.1655,-37.5542372210744,467.511327336757
8.166,15.3909406124281,464.559933856065
8.1665,59.7749419091527,455.235205772819
8.167,84.910058242644,445.535588724224
8.1675,91.2900927276104,427.04169532323
8.168,88.1240056071874,393.285067425226
8.1685,84.8733789222516,353.290987585829
8.169,85.3034827218395,314.442651930012
8.1695,85.1192205344607,259.859573293129
8.17,76.5546068002506,163.386622036836
8.1705,60.0220611059962,28.0336928654982
8.171,46.8377405515903,-108.653971304425
8.1715,41.9600068667498,-212.362793613929
8.172,29.9674952141222,-279.397744890979
8.1725,-5.8554998706853,-320.833180335546
8.173,-50.5439664672923,-338.126636940893
8.1735,-62.7192689613433,-329.097984857855
8.174,-22.4176546008409,-305.436546230948
8.1745,39.608603415503,-285.155009186355
8.175,72.7573162454815,-270.720367832096
8.1755,59.184199259622,-249.244632705174
8.176,25.0746364652019,-212.791815327122
8.1765,6.35398550064126,-164.923640518397
8.177,16.0112403970505,-107.789969003689
8.1775,43.0653010365214,-38.358914916638
8.178,70.8230151451569,37.8490547747867
8.1785,90.92327847057,102.940133023399
8.179,104.076149145001,145.788715727163
8.1795,111.667555444376,176.530282930557
8.18,109.798233491265,212.24924699453
8.1805,95.3519090937943,253.097824214037
8.181,76.3565601263183,281.871471954861
8.1815,67.6431885918187,284.950527366133
8.182,72.926478276049,264.809821440947
8.1825,79.5840194155264,231.290749689551
8.183,76.5281610336381,188.09366827124
8.1835,68.230612898964,131.752121707221
8.184,62.4420840399763,60.8816487937324
8.1845,52.425580185515,-16.9110883726302
8.185,24.6945724764986,-88.1401954748862
8.1855,-18.488856789907,-144.344846556931
8.186,-57.2340068052832,-190.409172358628
8.1865,-76.0224613324082,-240.276896019916
8.187,-78.5042432010724,-303.566569436619
8.1875,-79.4279830632157,-379.010005274593
8.188,-89.9852699111795,-461.56934077349
8.1885,-111.397771150968,-550.059413202158
8.189,-133.558507288289,-643.095264294832
8.1895,-138.014218999136,-732.425751412576
8.19,-112.082967825207,-807.20379890401
8.1905,-65.0811713326597,-861.597860962558
8.191,-23.4466951627164,-890.240163016028
8.1915,-4.64592256489039,-879.031168517321
8.192,-1.85269502433826,-812.304267643104
8.1925,0.878852983621368,-692.433536674108
8.193,5.88890806217301,-544.002932128893
8.1935,3.24367873616325,-394.464508084572
8.194,-9.83761913953578,-256.126453669561
8.1945,-22.7251507782427,-127.529847474786
8.195,-26.3891031743929,-2.3897249236705
8.1955,-25.2008810115729,126.412254368119
8.196,-28.3693082900872,260.329272396559
8.1965,-36.2639648427816,385.571432870147
8.197,-43.0729059119918,480.735134107534
8.1975,-49.2144723120703,543.264299033094
8.198,-60.3741186050898,597.582500461441
8.1985,-72.7210810420627,664.727837643895
8.199,-70.4402786441764,734.907101064892
8.1995,-46.2994520602086,786.860664109012
8.2,-17.3707365624251,822.974252814286
8.2005,-8.05421559448425,857.890034057834
8.201,-19.0217602346504,874.220836113712
8.2015,-25.5935896561081,822.915018458537
8.202,-9.8891960315351,683.471068812119
8.2025,17.1669248593092,501.505155882609
8.203,32.7866167577038,346.682762524522
8.2035,31.4876523559038,247.240203373883
8.204,26.7355779864789,183.433548812823
8.2045,28.9944171753528,130.297205537695
8.205,34.4833684347045,81.4890755764432
8.2055,35.9620240121242,37.6484412884164
8.206,34.4626162093384,-1.68965116912413
8.2065,36.0413190787615,-30.9036707573485
8.207,42.2129867608127,-42.7316130109876
8.2075,48.1091427045716,-44.0893454597503
8.208,49.4655832073609,-50.5067029190433
8.2085,50.2156108410882,-61.162922354593
8.209,61.8247168130936,-57.231614635103
8.2095,91.2359302969649,-30.65336412571
8.21,127.983709754285,3.9367121330505
8.2105,148.977616720572,34.6014950654464
8.211,141.161656285385,69.8546042992291
8.2115,114.972020156028,115.846041080771
8.212,89.39038658819,151.909921924912
8.2125,68.9675722809871,150.175813521064
8.213,45.0511944010083,112.477399870481
8.2135,16.0463608468915,68.1294624010598
8.214,-6.94198858475694,37.4893629402537
8.2145,-17.1661462096902,15.0461609354983
8.215,-23.5156616762089,-12.5895295352596
8.2155,-38.5131769575394,-51.3565225401151
8.216,-62.0128359976991,-107.568475061066
8.2165,-82.2891919961115,-193.859977622061
8.217,-88.097233424666,-314.635990497077
8.2175,-75.7333841257734,-452.27340346012
8.218,-50.6477503482438,-577.27361047216
8.2185,-27.6673672317558,-670.170987451339
8.219,-23.596142973941,-729.242637792511
8.2195,-41.5932021424316,-760.439396703699
8.22,-65.2582254963232,-765.203891672102
8.2205,-74.3647737217235,-737.803964299532
8.221,-64.6426007419113,-672.519820449181
8.2215,-47.3261044497253,-573.630098472089
8.222,-33.1160350532486,-457.254822936219
8.2225,-24.4109174862597,-340.794749169945
8.223,-21.5441292913859,-231.679419132053
8.2235,-27.051607555833,-128.897611511225
8.224,-40.6433993955723,-31.0632023400432
8.2245,-55.9157850590122,64.255304355918
8.225,-65.3412599890092,165.413236821987
8.2255,-64.7778364344993,278.335809743276
8.226,-51.686293198173,390.516204713881
8.2265,-24.6099668927781,474.30170724919
8.227,11.6128512100832,512.218580400895
8.2275,44.3985412345401,511.189118807124
8.228,62.6230806620238,486.607372780636
8.2285,66.2239884973841,442.72206491092
8.229,63.4814297934158,378.743336557138
8.2295,60.5118743410163,305.649369810111
8.23,56.6955398144811,241.20235599961
8.2305,48.4291870493676,188.970798765015
8.231,33.3157151417066,136.344353242733
8.2315,12.2595952122643,77.5075012888406
8.232,-8.17483910888592,27.406373215214
8.2325,-17.6526545565274,5.65803780427858
8.233,-13.0920112083866,13.1872541503897
8.2335,-7.22374735754336,32.0573587847688
8.234,-17.237903446935,44.5519851235587
8.2345,-41.6949286936593,46.2012274651392
8.235,-57.3231286035297,43.874714784968
8.2355,-45.6189870936217,49.4902687988996
8.236,-16.4820758981711,74.4775613887177
8.2365,3.21040411487054,120.530693285734
8.237,0.865476990668338,171.792964532214
8.2375,-11.4022384938145,203.330513390351
8.238,-16.0816125536146,203.60020787631
8.2385,-9.61564594140424,184.182355188742
8.239,-0.0567820486692918,160.908152747524
8.2395,6.1475100287158,130.216166850507
8.24,9.8620245148859,75.5734442992666
8.2405,15.6328621528172,-2.26141995407831
8.241,25.6240540915263,-74.7661175251086
8.2415,35.6086378770325,-114.303811885466
8.242,37.7947697583232,-125.847727829896
8.2425,31.0934381205624,-139.469555490301
8.243,25.7389065990256,-174.544714986226
8.2435,31.1027750073584,-222.626516099083
8.244,42.045105066151,-265.457262247514
8.2445,47.3911027464607,-296.921701022681
8.245,49.4362962168148,-321.039328036622
8.2455,59.9427558305545,-338.296953413614
8.246,74.8220856482816,-345.213895062474
8.2465,71.3280226329197,-344.438308452853
8.247,40.326493851948,-344.52047904681
8.2475,5.01002397731753,-347.096937774309
8.248,-8.0764434286263,-341.345581518821
8.2485,-4.51596351953477,-315.839376994768
8.249,-9.85595783228473,-272.206208961199
8.2495,-30.225162298653,-221.858488994229
8.25,-47.1571414508713,-170.380338124221
8.2505,-49.9802220894699,-110.605706914154
8.251,-50.7433172449626,-32.7525454186675
8.2515,-61.114919113197,62.9890800906233
8.252,-73.0957711133809,166.750644913914
8.2525,-72.8279199671316,266.801450528134
8.253,-60.2064367299348,350.80239354654
8.2535,-43.7072193486416,403.125361707317
8.254,-25.5147224051732,412.26264779493
8.2545,-3.85049704133011,384.517182503794
8.255,15.3533224830129,342.626094821808
8.2555,21.0060648627421,306.814331151474
8.256,11.4213352980028,284.108048811515
8.2565,-0.685237096230285,278.309620773164
8.257,0.232492645850286,296.631624316918
8.2575,18.0290999462,335.400501646446
8.258,42.0639312236371,370.470054923204
8.2585,58.2924913597952,379.007183078393
8.259,62.6270781013714,366.331802452617
8.2595,60.5743115401551,355.039589264252
8.26,53.7212188596029,351.390844222294
8.2605,35.5292601752179,341.670822721887
8.261,7.37367784678712,320.099314300711
8.2615,-11.5458554481154,295.454293201598
8.262,-5.6827247351047,263.44046247931
8.2625,10.7071384941242,198.380769464057
8.263,8.15034657345324,89.4335605516858
8.2635,-17.0283036167383,-33.9870146415141
8.264,-36.9005227661808,-133.900728815132
8.2645,-32.2002965205059,-208.174985326968
8.265,-16.8780102444729,-282.208683020044
8.2655,-11.5680839784571,-366.446561311797
8.266,-13.0279428573462,-446.291260626878
8.2665,-7.19173193081183,-509.297825818082
8.267,3.37654931892913,-556.640040923422
8.2675,5.90781044409735,-585.932079855834
8.268,0.804903905363853,-587.128770547872
8.2685,-2.48784103941095,-563.18892579497
8.269,-6.00845532604042,-534.58825277434
8.2695,-18.4236980372638,-512.547967763275
8.27,-33.8732581714615,-483.354336755288
8.2705,-37.690194020469,-429.822144744041
8.271,-32.8890920276279,-354.373379892617
8.2715,-39.4921867179039,-269.673889525137
8.272,-64.0954960813844,-180.392270556503
8.2725,-89.2950814200346,-89.6107014846384
8.273,-98.1070520907411,-13.1853381910962
8.2735,-90.4322132932113,30.8077977014579
8.274,-69.0944268525214,44.7270307703454
8.2745,-29.1092035244994,49.0434766210481
8.275,27.3488834412632,57.0171154771716
8.2755,80.5746328498139,62.7675575102783
8.276,111.82744991895,55.6204902597921
8.2765,122.062140754029,37.2907524901734
8.277,120.546867683879,22.8251875791703
8.2775,105.285674664862,29.7759551943713
8.278,69.6941456361418,64.8173681568095
8.2785,23.1975778736252,113.962638557925
8.279,-9.82872565653029,147.845061902026
8.2795,-13.2790474255619,146.109977707075
8.28,5.20757007539597,118.220645128231
8.2805,20.9504970161687,93.4318887386388
8.281,11.1803716490829,90.0256534732041
8.2815,-26.6892748029176,102.247308052987
8.282,-69.6394426468163,117.693458181706
8.2825,-87.1907842790406,136.164089834079
8.283,-70.8996927264386,165.023006365095
8.2835,-40.7293348939005,203.851644037548
8.284,-18.7412910248533,242.513304802978
8.2845,-6.84961825549766,271.381400158902
8.285,2.23652656041885,286.414953097368
8.2855,5.54422047863576,285.937985363963
8.286,-3.4158232587127,269.926106311754
8.2865,-17.26697821603,243.940626276753
8.287,-22.5245269376418,218.433690982739
8.2875,-21.1844079474977,201.202984898272
8.288,-26.2696102110045,192.914182147351
8.2885,-36.368676412134,191.344830533199
8.289,-34.009523172986,196.455091987111
8.2895,-13.7001081754074,207.863507130939
8.29,6.94169769768465,219.54072697026
8.2905,13.2771242183883,222.098140616225
8.291,15.387683057615,211.452601882706
8.2915,30.7393365518646,191.687222454226
8.292,56.0941732181968,167.599797372671
8.2925,72.1519337207512,138.01649145737
8.293,71.3485167970198,100.017740586491
8.2935,66.335961712061,57.2660911742989
8.294,70.1938559753959,19.0520219678999
8.2945,79.4374180025302,-9.0184008720161
8.295,80.1780528111325,-29.5951175777963
8.2955,64.1336908198496,-48.9456272943365
8.296,35.2081577110382,-71.9500811111989
8.2965,5.48528881548777,-101.998044631398
8.297,-11.374400332748,-140.53709491788
8.2975,-6.8419452371317,-183.948686041937
8.298,15.7213013521976,-224.177144734925
8.2985,39.8663930049474,-254.953900920921
8.299,46.8029669859208,-275.524272201185
8.2995,32.4484379920284,-288.288405047695
8.3,12.2709726314298,-297.059952139522
8.3005,3.60732326630258,-307.791250693745
8.301,4.02583999780691,-324.165523676514
8.3015,-3.75629938825656,-339.777471957303
8.302,-23.1957454486961,-341.863785676891
8.3025,-33.5498672676628,-327.456006999854
8.303,-19.4851714358676,-308.824765548957
8.3035,-0.0708807926426755,-296.80013282182
8.304,-8.6295647608099,-286.385609162895
8.3045,-46.2567036463132,-268.164925343191
8.305,-76.9550359788317,-246.85097735516
8.3055,-74.1555059496105,-234.584909838821
8.306,-51.9365457023619,-228.212175669362
8.3065,-38.9507686407386,-208.632527732592
8.307,-38.9389015250355,-166.118389708752
8.3075,-34.1355125198113,-113.521369173477
8.308,-16.5024619003464,-68.1701002650207
8.3085,3.23707864169022,-30.3079616761533
8.309,12.4935129522016,13.7131178352244
8.3095,6.36302681370719,74.1005802633366
8.31,-16.1124188410073,149.169275969785
8.3105,-48.9214522805143,226.528259243024
8.311,-73.4726722872258,286.069372361354
8.3115,-72.0404028368737,309.219232932346
8.312,-49.1313037424412,294.025050465215
8.3125,-26.9541675577388,256.949232244734
8.313,-18.5277010842691,213.538391981658
8.3135,-18.0096030912857,163.582974870747
8.314,-18.2737448279665,103.214758148634
8.3145,-22.2099412740446,44.2171169646251
8.315,-31.4892381263331,8.70972037977584
8.3155,-38.6392402045916,7.27097478555875
8.316,-38.4008846501896,33.2292126505899
8.3165,-35.3992145228873,75.469846470366
8.317,-32.1597251316813,123.504487998167
8.3175,-20.400511442198,161.299487297391
8.318,5.30921447871608,173.415418453114
8.3185,33.8053566360182,163.429181656185
8.319,49.0789102259888,152.847303672491
8.3195,50.8103737925597,153.874405405964
8.32,52.3038224493294,155.149127544542
8.3205,60.7441437640663,144.032533652809
8.321,69.554101324955,130.938122271873
8.3215,69.8242168292054,136.201110709066
8.322,60.8602446241958,159.20982733424
8.3225,47.9022118455588,177.338992193114
8.323,34.9368045289153,174.73234601015
8.3235,21.7894201869904,156.834064782682
8.324,6.19057375690864,133.865938349933
8.3245,-11.6347490258632,104.548589057288
8.325,-26.4047314346921,63.3758249588115
8.3255,-32.2394953771539,13.1148756371205
8.326,-29.7941677340351,-38.9337565259649
8.3265,-24.8803446561396,-89.600083871856
8.327,-19.8313744028042,-135.555380998418
8.3275,-12.1348653922858,-166.109344821201
8.328,-2.4091648016024,-171.258027014457
8.3285,4.23287680202047,-155.844151910302
8.329,7.72700613480641,-137.188085974191
8.3295,15.7612676080911,-128.348859972654
8.33,32.4206143466182,-129.997399491316
8.3305,51.7128818619612,-137.47179960056
8.331,66.988597295903,-146.928843611095
8.3315,78.3879901849649,-152.33819233749
8.332,85.5994224752188,-143.875806021874
8.3325,83.1430237889805,-113.690165680024
8.333,70.7803028654237,-59.8382208482371
8.3335,59.0294972118025,15.8731058196043
8.334,54.481155171446,106.601424548154
8.3345,48.4579410623261,193.68767033539
8.335,31.376913611144,249.203190280408
8.3355,9.60043482115572,253.847440368597
8.336,-5.32713434461416,211.038667353826
8.3365,-16.140996808652,139.638558628398
8.337,-32.4498896704858,57.0243875882045
8.3375,-49.8398049491511,-25.6449421062216
8.338,-54.9986558427718,-98.0043115788615
8.3385,-49.7056207432295,-152.346678626632
8.339,-50.6654510423866,-192.045167192146
8.3395,-63.5086328223781,-229.256105220751
8.34,-74.5786549829075,-270.914950230859
8.3405,-72.9927561186427,-312.369686850504
8.341,-64.8026938433215,-345.781707750319
8.3415,-58.8884658465609,-367.083925448552
8.342,-53.0043877173807,-371.541512999987
8.3425,-41.7453607147648,-350.931563846253
8.343,-26.927902176059,-302.582108507491
8.3435,-12.4097778114647,-236.863940239097
8.344,1.8923378997457,-168.628285167162
8.3445,14.3989180709798,-103.323686303935
8.345,19.4026181690307,-37.0634771274345
8.3455,16.0371675623455,32.3804283614708
8.346,11.0236173098378,101.547106254139
8.3465,7.77174692507183,166.864094517466
8.347,2.36584569757177,226.824086547946
8.3475,-5.16211134664642,277.709910603032
8.348,-6.88652558594948,313.38944278873
8.3485,-0.276755801328508,331.158803130507
8.349,6.1432846516305,332.78222981542
8.3495,7.36444625997349,318.535564907091
8.35,9.7579831525966,286.360521771577
8.3505,15.4752094128141,239.922374850649
8.351,11.9332154093143,191.628230050137
8.3515,-10.162031378824,152.354331502389
8.352,-38.0535885847081,121.479993266069
8.3525,-50.4815254733522,91.8066874260709
8.353,-43.9251130991013,61.3190661736899
8.3535,-32.7754456764443,34.507348242776
8.354,-28.8643386119139,14.1028494687459
8.3545,-33.1333488082636,-1.75078396390895
8.355,-42.3264294468905,-13.8271304019613
8.3555,-50.3145385610518,-19.7959144384755
8.356,-45.9396703739849,-20.3134011200879
8.3565,-23.1939801038204,-21.9883254609863
8.357,7.05560549061347,-30.3574372359181
8.3575,27.0238060011705,-43.0270034676357
8.358,33.3088771146944,-53.6439035330803
8.3585,37.9137053502757,-60.3633314465395
8.359,48.9659665434206,-66.0190084691287
8.3595,61.597212614883,-71.1120472585044
8.36,68.7413024755213,-71.6220905253157
8.3605,70.5077160046858,-64.6624397276142
8.361,70.2628525596622,-52.2636312222655
8.3615,69.3195822087536,-37.5647760510502
8.362,67.7610784670724,-20.2045734083281
8.3625,64.7270392631822,2.04591193927604
8.363,57.4812248565318,28.9879712092339
8.3635,45.7753280328448,57.5324326082285
8.364,36.2453684577289,83.7024194268278
8.3645,36.1461475163787,102.676933156085
8.365,43.1118202895402,109.011649886375
8.3655,46.0967381525574,101.063985396185
8.366,34.8353768382511,84.9881378663041
8.3665,5.03654415413105,70.1134581477558
8.367,-39.3214252089963,59.0341099481814
8.3675,-81.7254050572126,45.716356973291
8.368,-99.2647617114318,25.3221958187615
8.3685,-85.6238498484079,2.40767521569232
8.369,-63.2373540625345,-14.4353802641014
8.3695,-58.8347869524649,-24.5699098030907
8.37,-69.8842129645793,-37.9516506481423
8.3705,-70.1741670219044,-65.4139486032349
8.371,-47.0462798191552,-108.998798999436
8.3715,-15.9292301621145,-162.156142066913
8.372,4.04202884273622,-216.040580078186
8.3725,11.2034810675021,-263.098573917481
8.373,12.320763023616,-296.152679740015
8.3735,8.9141678575821,-307.726859623169
8.374,2.67530174520099,-292.722975385535
8.3745,2.03044199843307,-252.457765446282
8.375,11.6481901895047,-196.099122227694
8.3755,23.090095297898,-137.421620991715
8.376,25.5381087917045,-88.1815592478803
8.3765,20.1226634259016,-52.2963798435386
8.377,16.1336893654935,-25.269411089577
8.3775,18.4871427331529,0.441982722344958
8.378,25.0579196462143,28.6666559551067
8.3785,30.625770807296,57.2361927535264
8.379,28.5116152167099,81.362142492774
8.3795,15.7253339633024,98.2429307772766
8.38,1.81861586367693,108.474465775464
8.3805,3.30393670354577,114.54015641877
8.381,21.239633384076,118.91097725024
8.3815,33.4093222519766,122.107082266632
8.382,19.7541124521899,120.709591264177
8.3825,-11.0063509395062,108.673908663289
8.383,-32.3115222142707,83.9784549629245
8.3835,-33.3408210821717,54.0185801989059
8.384,-28.9377708506989,31.0874760467296
8.3845,-36.515808768534,22.2337437452647
8.385,-54.805371467569,27.537317425371
8.3855,-68.7631023866887,48.1563386167506
8.386,-67.6038656836997,87.9689270393142
8.3865,-53.7449626066792,142.079944418299
8.387,-37.7796799378394,190.622379749037
8.3875,-27.1658589685085,213.339918429143
8.388,-18.6220831660994,208.160508676157
8.3885,-2.61072206491513,187.715324860824
8.389,22.7180208680215,160.882504521397
8.3895,44.9561269579046,128.649142973436
8.39,48.990888918781,96.436943274372
8.3905,33.3228222714153,75.0988169218865
8.391,10.78935938598,64.1758975172768
8.3915,-5.16604639797116,47.4503621811356
8.392,-10.4883331717054,14.7507296310339
8.3925,-8.31388624022289,-22.0123759834338
8.393,-2.18670025843096,-46.2912832025023
8.3935,7.27604368689911,-62.6748797523947
8.394,21.1565936785943,-90.9865342229857
8.3945,38.0409261429389,-137.57939556323
8.395,51.2538204565625,-186.056942029453
8.3955,53.4284384343291,-216.861095063266
8.396,45.0284022739171,-224.304903532476
8.3965,33.9642467872478,-212.657708422884
8.397,24.3660455135706,-186.872952614747
8.3975,11.2326483149404,-151.573805694663
8.398,-9.11578900741059,-110.811188461626
8.3985,-28.5162644183781,-64.782301004262
8.399,-34.290095528371,-13.3464389602582
8.3995,-25.0777830945021,35.3100162167932
8.4,-12.6233878779986,67.8584354592675
8.4005,-7.96906285848249,80.578586324532
8.401,-11.232683463444,82.3589864986663
8.4015,-15.578270277012,79.6871925870375
8.402,-16.7659066716526,68.7012077822504
8.4025,-16.553227836041,47.745091305827
8.403,-17.8535943575624,26.9192835522958
8.4035,-17.9952307667362,15.0486976830845
8.404,-9.44702672225902,4.8118343305051
8.4045,9.51495577562462,-17.3802282188548
8.405,27.4046601648433,-50.7413153922799
8.4055,30.2745592424753,-80.3433381063893
8.406,20.2273813400434,-95.4057561065782
8.4065,14.002204262031,-96.318785635814
8.407,20.2174791943359,-84.71113404674
8.4075,28.567181224969,-58.9498663182803
8.408,27.656125760666,-22.3631248291549
8.4085,22.225015872125,14.594983266216
8.409,22.1347582684875,45.8699120772942
8.4095,23.8014625671899,76.3234780016261
8.41,16.7920185404324,111.441034165458
8.4105,3.12205894172131,146.259709441283
8.411,-5.41220259096096,170.141499692722
8.4115,-6.73649045580914,178.17820783894
8.412,-9.93860596137491,171.963000743909
8.4125,-17.0331003444153,152.318652836881
8.413,-18.6734268317904,118.399842732374
8.4135,-11.4126958704291,73.979034919533
8.414,-5.15017898866091,28.6450685498693
8.4145,-7.35932637862075,-9.86127293164943
8.415,-11.5015189545139,-41.7794181223416
8.4155,-8.29093761489118,-71.8052405453471
8.416,0.704760056558331,-101.197550389841
8.4165,7.74687366208623,-125.734592293503
8.417,9.51694028620251,-141.310751167955
8.4175,6.45560951042048,-149.413517791757
8.418,-1.40289171969551,-155.409259820355
8.4185,-11.1658428594867,-161.840664747336
8.419,-15.9134205997877,-165.272343009477
8.4195,-13.7208261917726,-160.578573555502
8.42,-12.4937718926155,-146.878159129217
8.4205,-18.9586727315984,-127.569228531296
8.421,-27.6883073722579,-105.190545661948
8.4215,-28.4756140769489,-78.3972331339354
8.422,-21.0535301031207,-44.9473581013891
8.4225,-14.9694199468671,-7.00234047572645
8.423,-16.4727382967269,27.5107430039911
8.4235,-21.6960084298161,49.8391184055927
8.424,-22.2778161939536,57.6593037703888
8.4245,-13.8058855937363,56.942235973093
8.425,-0.110262378336097,55.1128079460697
8.4255,8.09733268504187,53.0100105732567
8.426,2.04083694162507,46.5209477712525
8.4265,-14.4250955890921,36.0960243656954
8.427,-26.991880424654,29.6993295249843
8.4275,-27.6341283165066,33.3561245094606
8.428,-24.0645460821032,43.0232906480286
8.4285,-26.8703663786821,50.901582227951
8.429,-32.7226007915788,57.1461515395696
8.4295,-29.3111353967762,68.9571604274021
8.43,-14.3296008770335,88.5112664843788
8.4305,0.560074932198961,108.248494944354
8.431,5.79076120828117,119.766393135811
8.4315,5.31443907732865,121.99515305797
8.432,8.6333959834676,118.016318974129
8.4325,17.9977016267407,108.6500854431
8.433,28.6043803946882,93.1726329663466
8.4335,37.8963644237178,73.2494359965555
8.434,48.7897586212978,52.0900103997091
8.4345,62.8678673122413,31.4794612629796
8.435,73.6798331262124,12.9059827329531
8.4355,70.4027094571336,-0.238470307215334
8.436,49.8292436586495,-5.32195047523918
8.4365,22.7264664189549,-4.39537026700364
8.437,4.20309048806168,-2.24286078688136
8.4375,-2.27777958264173,-1.4896100130096
8.438,-6.10749863040466,-2.89242020758241
8.4385,-13.3392519658886,-8.93942924017328
8.439,-16.6103253063473,-21.8234989429143
8.4395,-7.05512751534966,-37.0462343543413
8.44,9.80373867202505,-44.3914746320872
8.4405,19.6355026644131,-38.7194188632809
8.441,18.7712130011135,-26.9091983893272
8.4415,18.1500476597054,-20.6710277329034
8.442,26.4751712665719,-24.1097770020003
8.4425,38.2618225908656,-31.3687046667143
8.443,42.237206177123,-35.0649422701604
8.4435,34.454045663159,-33.3203722285521
8.444,18.4192507141986,-28.6397725776379
8.4445,-1.47707357847155,-23.5772573865396
8.445,-20.0497789993972,-19.1157164625498
8.4455,-29.0072672451955,-15.3889657241538
8.446,-22.7860717835929,-12.5344736314799
8.4465,-7.0406130746473,-11.4609618131048
8.447,4.4554422689312,-13.8185948285753
8.4475,3.35298030583076,-20.0510515171203
8.448,-5.7935517739314,-27.9987124055257
8.4485,-12.558655231562,-35.5833273787813
8.449,-12.3956628596633,-44.5177031210447
8.4495,-10.002037239049,-57.9854899121748
8.45,-13.0423969171282,-73.6428653286203
8.4505,-24.2908393604987,-82.581978040659
8.451,-39.2097458320308,-78.1342690447184
8.4515,-50.2076017816906,-63.6403823188991
8.452,-53.5776136645876,-48.7167708138742
8.4525,-52.4677084146897,-39.4278385165581
8.453,-52.4587971953031,-35.0333070299228
8.4535,-54.6983517766688,-32.968014180592
8.454,-55.1721301483994,-33.0250545768686
8.4545,-50.6650729202713,-35.9440026526799
8.455,-42.3095943570985,-40.4101843152206
8.4555,-31.6442351989745,-42.6338827473716
8.456,-16.9995057120065,-38.4314500473935
8.4565,1.62212841664125,-26.655681349315
8.457,16.602138919385,-11.8686354612617
8.4575,19.103285618258,-2.03245411492051
8.458,12.6754824426435,-0.962468848757046
8.4585,12.65025297671,-3.73293900405106
8.459,26.8076543421526,-1.88718327120083
8.4595,42.7718561034632,7.29933414090698
8.46,42.5903892416114,18.5017993251146
8.4605,26.5501625071297,23.9157263160603
8.461,13.3103011946273,19.2140497834284
8.4615,16.7077202608629,6.6913830262075
8.462,31.4957626568194,-3.60955147385231
8.4625,43.8895890236302,1.57031330940235
8.463,47.3303893708104,26.784339611556
8.4635,43.6465928182279,60.2126997282857
8.464,36.6731791665195,83.176878246076
8.4645,31.2931099170503,88.099880957594
8.465,33.0137934091701,82.4032067899718
8.4655,41.0101669798834,75.0656921018748
8.466,45.0509996786486,66.9958054613971
8.4665,36.3764037580397,57.4627543921482
8.467,19.4626341447175,52.1653759147773
8.4675,6.5971692209263,57.8873032348674
8.468,2.59501824534932,72.6632616105461
8.4685,1.45885823836384,87.5704980192334
8.469,-2.92044048375111,96.7107579164106
8.4695,-9.65210779604306,100.1849390684
8.47,-14.6800893980048,98.3988826630342
8.4705,-15.5689954931006,89.5482613140939
8.471,-11.6336403001615,74.4982109574799
8.4715,-4.96690433680675,59.9278629960703
8.472,-2.62327453065845,52.9308420743382
8.4725,-12.2511924433896,53.0021259293352
8.473,-32.9324463413341,52.0726278403162
8.4735,-53.9909736034909,44.3047390228906
8.474,-64.8101071300002,34.6975042116871
8.4745,-63.1702934306827,34.1677918379156
8.475,-53.8211264118962,44.542225829883
8.4755,-43.3114180170892,53.0567342746713
8.476,-37.2116895920802,46.8296893158192
8.4765,-37.2588042559828,29.577545808503
8.477,-38.3804232501372,16.5729663710713
8.4775,-32.2920870114252,14.1526292188055
8.478,-17.0640465085694,13.0465582956244
8.4785,-0.422521386209501,3.30720659011823
8.479,8.98629995869877,-13.7313525025486
8.4795,11.2253797051434,-32.4869677220983
8.48,13.5723762411017,-52.7367223222669
8.4805,21.2371059382692,-74.7530257342258
8.481,31.4848834785005,-91.8143716055472
8.4815,35.6686267578419,-97.04099179141
8.482,26.4349210011427,-94.7778340630201
8.4825,5.19204046494017,-97.2156358170698
8.483,-16.9830749054043,-110.756951100935
8.4835,-28.829636037598,-131.156248717692
8.484,-30.1807243446968,-149.892450556658
8.4845,-30.5359852625353,-159.838152420916
8.485,-35.6973170100105,-157.357868539093
8.4855,-40.4957586055219,-145.337911754025
8.486,-36.9830845306968,-132.962564502768
8.4865,-24.8087883986889,-127.529492255371
8.487,-9.37555877599665,-128.373669466027
8.4875,6.14720239485378,-132.623337443407
8.488,21.4876909433416,-141.7633004322
8.4885,34.5693804580377,-155.526948275505
8.489,42.3589282620843,-164.447276562277
8.4895,46.108500671561,-158.715510595238
8.49,50.5674680480641,-142.240313861617
8.4905,57.2257227296743,-127.613297302567
8.491,62.3762221856062,-118.028282009339
8.4915,62.6960108421143,-104.977439701026
8.492,58.9822044015293,-84.2919388501567
8.4925,53.1299661164915,-62.6250835989832
8.493,45.0630601604362,-44.5455883956147
8.4935,34.9357916913204,-23.96958717911
8.494,25.6495805046883,5.74190293220044
8.4945,20.1242096041365,41.5675678735734
8.495,17.1895162883359,77.1013937261986
8.4955,13.0377528684513,112.384258098884
8.496,6.92665238485181,150.810663580026
8.4965,3.14240059327435,191.132054795185
8.497,5.87885636287674,228.919519404208
8.4975,13.1823220531364,262.532449637597
8.498,17.9510774576426,291.791961410143
8.4985,15.4732473377051,312.771219248292
8.499,8.36702759628773,318.709204744669
8.4995,2.49141772172677,305.540858454794
8.5,-0.888446188427098,274.658288031943
8.5005,-6.09207040108811,232.4694736915
8.501,-15.9273257956539,188.737280823035
8.5015,-26.743497867436,151.930417733179
8.502,-32.8363513315838,123.695041987406
8.5025,-34.0583957914888,99.9035912624061
8.503,-36.1438245911459,77.3806283584892
8.5035,-43.596905986606,55.782280278092
8.504,-54.6576299656457,33.0996061146379
8.5045,-64.1136970309605,5.61880383539305
8.505,-69.3356775131084,-25.7323116237818
8.5055,-71.8815904151767,-54.7151217498987
8.506,-73.7326202290423,-77.2877326054663
8.5065,-74.0528978768152,-93.6216550489032
8.507,-70.8515779288696,-101.255677511388
8.5075,-64.4082562045261,-95.0585075238652
8.508,-56.3646758370828,-78.3406675914836
8.5085,-45.3094314632508,-65.1695993519301
8.509,-26.8175507258156,-64.443990435688
8.5095,-0.470382611210943,-68.3384366747365
8.51,25.6804731633124,-64.0668635670023
8.5105,41.7720868159442,-51.1162216149179
8.511,46.8196339766799,-38.547357366807
8.5115,49.2741250723458,-30.7260513449988
8.512,56.8855049725758,-25.6840570062238
8.5125,69.138649196724,-24.0924190160451
8.513,79.4671899361444,-29.0909467563007
8.5135,81.1058344642226,-37.7852784875385
8.514,70.7604465284445,-42.171163007146
8.5145,51.4144825431316,-39.3413512226237
8.515,32.8508860482843,-33.8140517861437
8.5155,24.4002151712771,-30.0739951021002
8.516,24.6230493784415,-29.9319468545322
8.5165,22.4962907157813,-36.4675307400437
8.517,11.3894039434948,-52.0174432693842
8.5175,-3.00655162457469,-71.2866092894782
8.518,-12.0832249968618,-84.6453086559183
8.5185,-16.1299024667485,-90.4198670932476
8.519,-21.2109969093307,-96.4332006742445
8.5195,-28.7543966054965,-106.376080158849
8.52,-35.3722114583031,-111.695428905103
8.5205,-40.3320859824547,-101.803986363429
8.521,-45.4463826542321,-77.9651205067519
8.5215,-48.3575729800868,-52.8840843511396
8.522,-43.4648679151399,-39.1124950678954
8.5225,-30.1948271109173,-39.940443367275
8.523,-13.6678940510012,-48.0620806475969
8.5235,3.92925330062677,-50.2832938752433
8.524,25.7572547970207,-36.404004429892
8.5245,51.6241557114996,-7.13181086571531
8.525,72.9720287638471,26.4900036087456
8.5255,80.4534901309815,51.6424364373509
8.526,72.8786432355506,61.3731287277497
8.5265,56.3023214770314,56.5272445055575
8.527,38.1691580502864,44.3537073971888
8.5275,24.3344943880013,34.515182416226
8.528,17.1500264876236,32.2063421337527
8.5285,13.3868096618422,34.9572574624203
8.529,7.55972038938373,38.8980960242323
8.5295,-0.894315589798711,45.6732679796736
8.53,-8.35853324194227,57.6721285390795
8.5305,-16.1568717495166,68.7105715858422
8.531,-31.1512123429544,68.1557169520543
8.5315,-52.4988561769856,55.8307864938303
8.532,-65.5848270178409,45.0980056142871
8.5325,-57.5751655038763,47.6910765913078
8.533,-34.3365952222869,61.1168974724717
8.5335,-13.2488071972315,73.8892783935767
8.534,-2.80939828323848,77.6082519380956
8.5345,1.21530569916172,70.9610531920631
8.535,2.49018650435498,57.7848635803868
8.5355,-0.897717575676299,45.1301286126807
8.536,-7.77947876740959,37.9472028145669
8.5365,-12.6370383268315,31.6247928024559
8.537,-16.7612946851329,15.0232056996573
8.5375,-29.5737468591023,-14.6478869858466
8.538,-52.9713287775001,-45.3111214506367
8.5385,-74.3156589106616,-63.6042759218728
8.539,-82.5354197392239,-69.8102030974729
8.5395,-82.0025332879028,-72.9937338983042
8.54,-80.8331246107386,-76.3360849827166
8.5405,-74.1812322453692,-75.8138471762949
8.541,-53.0332602338855,-70.4544712687365
8.5415,-24.833691269925,-63.9361189518371
8.542,-9.04310035153805,-55.4526295026612
8.5425,-10.9329531967977,-38.2235800868903
8.543,-14.5421249865944,-10.9724020649119
8.5435,-6.58649421378287,15.4343975085696
8.544,5.78522041378901,28.0116796329943
8.5445,9.62118575688519,25.4896212182872
8.545,8.40442481288291,18.2514885717239
8.5455,18.2500795086734,16.2572356629611
8.546,46.5316603343162,20.7106122508043
8.5465,83.9080527831139,27.0678541227269
8.547,114.791832341738,32.0045049328489
8.5475,127.264967579644,34.7247871106334
8.548,115.601030974187,33.4390019963693
8.5485,83.9843795824152,25.4424492293248
8.549,49.4849458639797,12.9825119776806
8.5495,32.4118158286428,5.48534098605997
8.55,38.6909557315043,10.843225246286
8.5505,55.2249519089838,25.0092444880241
8.551,64.443360128676,35.2789044879358
8.5515,59.7077771128601,34.866972590115
8.552,45.5403596446033,29.3264325964607
8.5525,28.0801976513394,26.432633220666
8.553,9.15931328520943,24.6970976465152
8.5535,-12.2471802975447,16.0589442911121
8.554,-35.5310182406562,-2.93321300117698
8.5545,-56.0143265671825,-26.5229234552234
8.555,-68.2481073216157,-44.7277769554038
8.5555,-72.6711550139559,-50.6010453377832
8.556,-75.6037413238015,-45.1269084833605
8.5565,-79.2820237855907,-37.6260210468978
8.557,-76.1368532962423,-38.6165786247105
8.5575,-58.9117791049426,-48.9692995713767
8.558,-31.9677325512571,-57.85148250069
8.5585,-3.37093117879599,-53.5383874821749
8.559,30.1544136189006,-33.8222580939216
8.5595,75.9848993274244,-4.43694748994365
8.56,122.759306168055,27.7622829309401
8.5605,142.172023685101,56.1723984779446
8.561,121.975191970164,73.8561975352253
8.5615,83.2176066194454,77.7903959085656
8.562,53.4857764086255,71.9076839637421
8.5625,35.8024107450051,61.9140988177441
8.563,18.9161242756118,50.0341085575794
8.5635,6.50959481350793,38.7299468091949
8.564,13.4494153716816,34.4702585093724
8.5645,35.6014915823589,40.537229155617
8.565,46.458218554341,49.1181400672625
8.5655,30.0953453310667,48.1959011332134
8.566,0.524515124941274,34.7617201676232
8.5665,-19.5765301521992,14.8474755841626
8.567,-25.1707695976576,-6.1810261199136
8.5675,-25.0593655752539,-24.7629374815988
8.568,-25.2931129435112,-34.2728341650138
8.5685,-29.1631794764467,-31.8349795521584
8.569,-44.4477523088654,-30.2058737604198
8.5695,-75.5582763971476,-48.0976801020487
8.57,-110.796294819348,-82.4266125055531
8.5705,-129.156842662855,-102.687480357914
8.571,-120.895781434054,-83.8184604636023
8.5715,-95.0062647298752,-37.6954513319475
8.572,-67.5555291924657,-1.12214006758931
8.5725,-48.7088772720017,3.92137404434981
8.573,-39.7939209697569,-11.8542795634567
8.5735,-36.7775471390989,-24.8340063236873
8.574,-35.8726043693738,-25.1670441480787
8.5745,-38.1311674620956,-21.0159605576238
8.575,-46.6345094269006,-24.595855740846
8.5755,-58.0047514547686,-39.9600625670461
8.576,-62.4240240260239,-61.1223312148062
8.5765,-55.5079786321158,-76.6153907545694
8.577,-43.3634736215087,-76.1924041507391
8.5775,-31.1053991891458,-57.8121207935302
8.578,-15.2220597838845,-30.9422999382807
8.5785,4.39466851452184,-11.1674673709729
8.579,14.2903809347838,-8.10240455530641
8.5795,2.79093928519779,-18.3685564612553
8.58,-20.0683391445118,-32.5854556833158
8.5805,-32.680403834299,-47.2561421672202
8.581,-28.8322810459664,-63.2195352556282
8.5815,-18.9969185422793,-72.286726188927
8.582,-6.78665937115183,-57.2884139152188
8.5825,16.173039076095,-14.8204560486728
8.583,47.6642599516581,30.2863680102275
8.5835,66.9383807388379,47.9801628436202
8.584,60.7017043396331,38.8535872743411
8.5845,42.7819994442552,32.4573724063746
8.585,34.9219701672413,48.2574459334402
8.5855,38.7890219172907,73.8908460882599
8.586,40.9557769152199,88.3038606136918
8.5865,37.1932746090857,90.7494125974241
8.587,35.6760771767247,94.319241888975
8.5875,39.6979504411715,101.8726978332
8.588,42.9089593807611,104.124824311823
8.5885,42.6924671185092,96.5881045888963
8.589,45.4248349525861,83.8726021713723
8.5895,54.9570346319599,68.9174142724188
8.59,65.2910281826564,50.9056087665962
8.5905,68.7678842452311,33.8589392906583
8.591,65.075648165429,25.2863616326111
8.5915,59.0400691360396,24.4382429040444
8.592,54.6388049475581,22.1044148054574
8.5925,53.6661049265724,14.3073198657607
8.593,55.9459753980238,6.89520483819021
8.5935,58.4624298670195,4.2466343283295
8.594,57.0859175411513,2.92842501860603
8.5945,50.3166793760309,0.0564253754158518
8.595,39.4633590265654,-1.23515935719841
8.5955,26.2600396028978,0.400345559377214
8.596,13.408932165228,-0.54315155670977
8.5965,5.46358646446618,-7.47783964654651
8.597,4.26172408093934,-14.2597854664201
8.5975,4.54981824433918,-13.4455994923387
8.598,-0.599633959888517,-7.23040267845923
8.5985,-10.4291068845343,-3.5606200090909
8.599,-17.6624611260862,-4.82145735625976
8.5995,-18.7442671936804,-6.71437771540465
8.6,-17.607254687211,-6.18954157288153
8.6005,-19.0833512191956,-4.82243106717165
8.601,-23.8300920723929,-5.39396783101872
8.6015,-30.360358457156,-9.50250933161697
8.602,-37.2089468614185,-17.6219626747438
8.6025,-42.6165604656351,-28.0446883108259
8.603,-46.7773754427364,-36.9613480190534
8.6035,-54.2407933007738,-42.6677789819096
8.604,-68.3923339603608,-48.2903409716729
8.6045,-83.1851111335949,-57.2119648176618
8.605,-86.6473125179297,-66.6467319379102
8.6055,-74.2558054609698,-68.2585640214962
8.606,-53.5743517645961,-55.1567083844451
8.6065,-34.5672013849739,-28.4430636103312
8.607,-20.9357321883287,0.912519139874096
8.6075,-11.831838983594,17.5271053956074
8.608,-5.25091364490474,14.2178447959233
8.6085,2.34726551681859,0.495215662520563
8.609,12.9421164778715,-7.05165554522639
8.6095,20.7781848404582,-4.55169997888354
8.61,16.2644167044478,-4.13651916507934
8.6105,-0.528386500128509,-14.7776327285341
8.611,-17.3778743062886,-29.1347623767925
8.6115,-25.2093281138951,-35.7859989175816
8.612,-28.6216800779312,-34.980595128516
8.6125,-35.728143628985,-32.1184998475184
8.613,-45.1724103655663,-24.3529282790983
8.6135,-51.1301027433864,-8.62543808301498
8.614,-54.5319980251325,2.16672184577562
8.6145,-58.5205932167533,-9.70217958509132
8.615,-56.0598019108141,-36.881916813235
8.6155,-34.2125235361413,-46.1883153557674
8.616,7.13464504404643,-17.1549618921346
8.6165,49.5625474315243,30.8095276892527
8.617,73.217553846462,60.2677483500082
8.6175,74.9510381459194,56.1731952606791
8.618,66.8702608139374,34.1721519769535
8.6185,60.9772611061388,15.9316051816886
8.619,58.5739516387629,9.21746149536674
8.6195,53.0154216161936,10.3477184128537
8.62,39.9607042086708,14.1901704972927
8.6205,23.6452627093796,18.2312892622711
8.621,12.3755866566848,22.6254459833348
8.6215,8.60871820586237,28.5102298549918
8.622,6.58213208700828,33.9659711281628
8.6225,0.994883930330843,33.4028729920945
8.623,-5.50795803977839,24.8312923378832
8.6235,-6.4578782837674,15.0918861944058
8.624,-0.562221177220371,12.2834985929102
8.6245,6.75859444478374,14.8485121255125
8.625,9.2082853266169,14.3347886371416
8.6255,4.39777952021757,7.71326170472907
8.626,-5.43321521293977,0.0164537399878407
8.6265,-15.2041342369901,-5.05889827889493
8.627,-21.2415133017476,-9.50515520498571
8.6275,-24.9269293617464,-14.0961901807355
8.628,-29.2559342498521,-14.2229407785447
8.6285,-31.5672205267012,-6.57744709179209
8.629,-25.597016037857,4.88717457730537
8.6295,-12.7900125898557,13.7168129138223
8.63,-3.93792722728962,18.1988553782675
8.6305,-4.63190654761202,20.2987625177193
8.631,-6.51243483526099,20.5101980328735
8.6315,0.0133074723699533,17.7643739280709
8.632,11.3320541728031,12.4391796154586
8.6325,17.7773020042413,5.71619111964627
8.633,18.9011506511785,-2.61961795714081
8.6335,20.6115404734291,-11.9758972455296
8.634,21.9117072999997,-17.4380002865296
