time_s,EMG_ch1_uV,EMG_ch2_uV
32.753,19.4743807160642,31.014156426462
32.7535,11.8157187561607,31.0497092109239
32.754,-0.43007340086781,28.3104023202803
32.7545,-15.2158405557589,20.0080331886309
32.755,-26.8564107476184,10.5561656914946
32.7555,-33.8874914004871,7.85406932810931
32.756,-38.9063514990468,12.0284534060945
32.7565,-41.4788718453078,15.041248935464
32.757,-38.2612169346869,11.7709809307884
32.7575,-31.2006129386201,4.92977358792469
32.758,-28.1248242623863,-1.56918107396756
32.7585,-31.5826008749048,-7.3171543876223
32.759,-33.2976237302698,-11.8223289601257
32.7595,-24.84219664016,-12.7173442582083
32.76,-9.44117529428672,-10.5155673311965
32.7605,2.30231754499497,-9.87015451945161
32.761,5.26918370219535,-12.8265826659682
32.7615,2.79327811416175,-15.3478503514485
32.762,-0.929798692612049,-13.8280725917303
32.7625,-5.22229275078503,-10.5033245713851
32.763,-10.4101732099356,-8.20584923094669
32.7635,-16.8571544358782,-3.8939024160905
32.764,-27.0751120429303,6.87057409461022
32.7645,-43.226674968344,21.1055884796047
32.765,-60.6042747025983,29.8389058635634
32.7655,-68.4712441530038,28.2693743248864
32.766,-60.9462298717757,20.2061410620688
32.7665,-44.3666106760831,12.2877617780862
32.767,-30.6786050436596,7.72011588191871
32.7675,-25.4328469077035,6.18212979085075
32.768,-25.5250494011852,5.88283956705816
32.7685,-27.2273553144092,4.01917031653682
32.769,-31.586065993728,-1.73974211445832
32.7695,-40.0903301877875,-9.94004478925129
32.77,-48.2929822222808,-15.3272100269158
32.7705,-47.8245371345795,-14.1632202035317
32.771,-35.2218228580193,-8.40369156127468
32.7715,-16.1301530754679,-2.88357651548698
32.772,0.823009842682461,0.598964514197624
32.7725,12.4557706542683,4.34365310034496
32.773,21.0584341805586,10.275909610604
32.7735,27.895202593992,16.6345255159031
32.774,31.4715689102594,20.0158688773838
32.7745,33.2245514993566,19.4952161740526
32.775,39.7346566625665,17.5670251293624
32.7755,54.8692637453577,17.5068927804522
32.776,72.4611057137309,20.9159179970289
32.7765,82.1973492483582,27.6572146875088
32.777,82.2659711722717,36.5823852207034
32.7775,80.8766391812403,45.231127311789
32.778,84.2496280198763,49.7205904609675
32.7785,88.3248104699786,46.7360582054473
32.779,85.2845459135031,36.2004321062808
32.7795,74.0918588880086,21.1956613612431
32.78,60.2615693782387,4.8739822894547
32.7805,47.9340312252787,-11.9800822704811
32.781,37.3177308635077,-30.2441737985059
32.7815,28.761419413424,-50.2727795617384
32.782,23.5081252099471,-70.8649366915126
32.7825,19.5566772468603,-89.6280608751691
32.783,12.6620407703115,-103.877195449846
32.7835,4.66086501061424,-111.945610277745
32.784,5.69419221869787,-114.219957107482
32.7845,22.2451303715257,-112.249934145835
32.785,45.4280272448288,-106.427047801149
32.7855,58.1115722529611,-95.6429106418259
32.786,53.9427033832956,-80.2119407057096
32.7865,42.4754313811989,-64.0698724732979
32.787,33.3094358932149,-52.3138054016925
32.7875,22.7967093286509,-46.5061202250124
32.788,2.67101656056781,-43.4706047126011
32.7885,-23.8808557588402,-38.6159743275345
32.789,-44.3849191859705,-29.406662909971
32.7895,-53.9026380260706,-15.8973513158834
32.79,-59.76821324819,0.307327172007333
32.7905,-67.5860180906035,16.7713566662498
32.791,-72.1727671245701,31.1731258026994
32.7915,-67.9940812268399,43.0847285524226
32.792,-60.7051279338961,54.9567398973082
32.7925,-59.803304867408,70.5321294621784
32.793,-64.4403746693079,91.512009288247
32.7935,-65.8584872683822,115.215042283923
32.794,-61.7530317967936,135.357106757613
32.7945,-58.2558390759502,145.807051750388
32.795,-57.0763568509735,144.527912926196
32.7955,-50.7335726869771,133.982224217681
32.796,-34.6221493760825,117.496351311176
32.7965,-15.7576528665398,96.1963027428312
32.797,-3.56040615883917,70.9570254154044
32.7975,2.1763240576499,46.5760641799565
32.798,7.21636342470434,30.7235767168458
32.7985,10.9984222561161,26.6666043263366
32.799,7.27264677772822,28.7312835845617
32.7995,-4.06531514712174,27.7362086331899
32.8,-13.6016018848361,20.6424681531853
32.8005,-13.4906122009154,12.4766144336736
32.801,-7.02520959181643,8.79734642436171
32.8015,-3.83354143161969,9.26238787493931
32.802,-8.23115335393477,9.73460256029193
32.8025,-15.5551305803388,7.639931067905
32.803,-18.9968532140296,2.51014193703259
32.8035,-17.0233662657668,-6.68289126892838
32.804,-13.1075442094732,-20.8963940138936
32.8045,-10.0689343514889,-38.0145669491336
32.805,-7.57887795041901,-53.8851028160453
32.8055,-6.03401077121841,-66.8718613523039
32.806,-9.54757797623063,-78.374955430005
32.8065,-20.7006189876033,-88.1521511982623
32.807,-33.1732600341034,-92.7316452315168
32.8075,-35.5496011040499,-90.5668824256891
32.808,-24.87196900307,-85.7830201169591
32.8085,-11.2916764657221,-83.8604063802016
32.809,-5.18364326871912,-85.5968095587947
32.8095,-4.27949878411706,-88.211707633578
32.81,0.451569039436755,-90.3729119195991
32.8105,9.85775270731011,-92.279556711936
32.811,15.8574146951,-91.9260865980563
32.8115,14.686790932607,-85.8067915092161
32.812,11.9172014843139,-73.901338119271
32.8125,12.3187699518095,-60.4051219365756
32.813,13.183860331846,-48.5510084233608
32.8135,12.0513503776749,-37.5616039507434
32.814,13.5390837245292,-25.395112995885
32.8145,21.631238383117,-11.4158909809021
32.815,30.3536742773746,4.6079708563047
32.8155,30.317192146795,22.8658995882251
32.816,22.1767843569335,41.2514914658403
32.8165,15.6118363826677,55.7238052076999
32.817,15.5235268827181,64.8775288644941
32.8175,17.3247180063183,71.5381653918364
32.818,17.5648296518466,77.9073297370894
32.8185,21.471739142724,82.1460242328463
32.819,35.0638778728649,82.5609749182886
32.8195,54.3679203476258,82.2748926889628
32.82,67.9375133081876,85.51517471075
32.8205,68.461114288617,90.4486266088731
32.821,58.0812894161961,89.8024497156233
32.8215,43.6178217423733,78.8578157035911
32.822,30.5345177829641,60.0796964857486
32.8225,21.5625063500333,40.0452601880371
32.823,17.6222979164667,24.8509996798609
32.8235,18.0641631175879,18.6619379596996
32.824,20.6512914514053,22.8706587895944
32.8245,22.1495377388605,34.048847972408
32.825,19.7436364577272,44.33043272745
32.8255,13.5485222335791,46.6750346510323
32.826,8.22184351336248,40.6902162135347
32.8265,9.66142874454903,32.7097575018132
32.827,18.0400475463123,29.596791974852
32.8275,26.0949327000683,32.350344551662
32.828,27.3309598287192,36.0013963083489
32.8285,24.5573607484033,35.7166340512904
32.829,26.3927597611339,31.8948714170219
32.8295,35.5111910837509,28.2469864349602
32.83,44.6694484683589,26.1766328647563
32.8305,45.7270430335246,23.5384882378844
32.831,38.8987957420077,18.497205251961
32.8315,30.9242698127505,11.3586667896719
32.832,27.1457892505647,1.94267790002796
32.8325,27.9045138518938,-11.3358580363556
32.833,29.8758406084253,-27.9510175932899
32.8335,27.595993815372,-43.9118329400736
32.834,15.7274940051409,-56.3811044826261
32.8345,-6.45127840153651,-67.2138016783657
32.835,-33.7514929585869,-79.4920680307286
32.8355,-60.9145698176786,-92.9805429804493
32.836,-87.6444274464036,-105.596202392454
32.8365,-114.172402303688,-116.706361906475
32.837,-134.662861451537,-125.738375172796
32.8375,-141.640258889147,-130.026784834634
32.838,-136.719633597235,-127.864526602751
32.8385,-129.961210716105,-121.714023343667
32.839,-126.79894677049,-114.612266104526
32.8395,-122.250268674138,-105.569953532054
32.84,-111.325811385702,-92.8748468942001
32.8405,-98.5685307932319,-79.6796407835036
32.841,-91.4523706384788,-70.7160692609633
32.8415,-88.7235529070714,-64.4865094343099
32.842,-81.8959729759348,-54.157078437816
32.8425,-66.2696967725423,-35.6364887699402
32.843,-44.9794937484231,-9.76923481347728
32.8435,-23.8314900841079,21.7937876580219
32.844,-7.36808148773644,55.7761654356023
32.8445,1.60856758735347,82.8794891868435
32.845,4.27833556560293,93.0182663131476
32.8455,6.52631244669713,87.5907074283144
32.846,11.8945682162005,79.3607993941602
32.8465,15.123420593369,77.0806721085617
32.847,9.32266172219706,77.050955788181
32.8475,-1.15355538994883,73.177309603034
32.848,-2.99721376872286,67.4190172085207
32.8485,9.63751257090343,64.3400567549923
32.849,28.9802656408064,61.854809895188
32.8495,46.5279393802267,54.7495427157506
32.85,63.7195727725342,42.9622608443077
32.8505,84.563492097638,29.3942290241543
32.851,104.853506427195,13.5141372408111
32.8515,116.404911154628,-5.18598640330752
32.852,118.088517981876,-20.3969107588142
32.8525,115.498334928807,-24.0293752114539
32.853,112.011757154927,-16.8633674358395
32.8535,106.733450688406,-6.67713984811904
32.854,99.7838514856061,3.18751016190827
32.8545,93.1705996746062,15.4014751225346
32.855,86.6183796478844,29.2470068749147
32.8555,77.9459070527606,38.9424167989429
32.856,67.6074156960489,43.5897503147536
32.8565,57.9805072056976,50.2229326139996
32.857,48.1986791953788,62.525659994228
32.8575,34.8096031371072,73.2703174168899
32.858,18.1522777403725,73.4290690280425
32.8585,3.0740814763824,63.8733986029835
32.859,-7.91916724297817,52.2821139915522
32.8595,-17.3592823744583,41.9731907075059
32.86,-26.6106480497465,30.0303353774828
32.8605,-31.5882025769269,15.037667105025
32.861,-28.3028063189634,0.849595487926822
32.8615,-19.9159774040603,-8.14400807005696
32.862,-14.4615987909024,-11.9142962919452
32.8625,-16.5492912089293,-13.9469930351924
32.863,-24.2433019671798,-17.5519554957481
32.8635,-33.6690394879798,-23.4781286799666
32.864,-43.5951231548982,-29.7251474238514
32.8645,-54.0981806322521,-33.4416211592477
32.865,-62.5827555628698,-33.9036075045618
32.8655,-64.1489053268026,-33.6045920494923
32.866,-57.1083390256021,-35.9722776349802
32.8665,-46.2366828405997,-42.3561126144836
32.867,-37.9814083767281,-51.1054942327101
32.8675,-33.2805829322265,-58.2146713898118
32.868,-28.5020506320775,-58.613301781152
32.8685,-23.2608635290989,-48.9414238194213
32.869,-22.2608729129643,-30.8060741374441
32.8695,-27.2846838510417,-10.6623589849293
32.87,-32.3727036195376,4.59622549103577
32.8705,-31.0805637768869,11.8802662288548
32.871,-24.684757838722,12.2926787269572
32.8715,-18.4908114692872,9.01184886441684
32.872,-13.6595046800951,5.17288975944687
32.8725,-8.62884536307836,2.15028173662399
32.873,-5.54822981575864,-1.10859419117238
32.8735,-7.72768569888951,-6.47835339005367
32.874,-11.9070013233946,-14.4187713049416
32.8745,-10.8847574053273,-23.9946417503323
32.875,-4.02101935323299,-33.9298158485915
32.8755,2.58563610267002,-41.826674778336
32.876,7.32950481027498,-43.8106809712574
32.8765,16.0962866641452,-38.0216623577576
32.877,31.0896222153662,-27.5138480231281
32.8775,44.5182137369181,-16.2582543527655
32.878,48.2763312917166,-3.60851118359414
32.8785,43.9535202730971,12.3937585858304
32.879,38.2465542217304,27.3770480110249
32.8795,33.406253280479,33.5106487784916
32.88,27.1964169487315,31.2052131154194
32.8805,18.0579148894788,30.2022621406152
32.881,5.7364337441871,35.5939624454169
32.8815,-8.79278098014301,40.2716032595935
32.882,-19.3201121006878,36.622456129653
32.8825,-15.5147321286187,28.7950955435613
32.883,5.22105422235992,25.8859500955872
32.8835,30.3818241204991,28.1474897759595
32.884,43.5432805721348,28.4342420024297
32.8845,40.7671774244163,23.8670680891066
32.885,30.3155284089178,17.3397339713239
32.8855,19.4361940517788,9.74262857495966
32.886,8.87683171728466,-0.269343465421055
32.8865,-1.64426143981649,-9.88393247194741
32.887,-11.0522481245913,-14.6672819609616
32.8875,-20.2159124803816,-17.3751406561831
32.888,-30.3172316628876,-24.9283673415449
32.8885,-37.3098593746436,-35.7914605561756
32.889,-35.0995197537609,-40.2583303311431
32.8895,-25.4624779212204,-35.8259323227501
32.89,-17.7387435352463,-32.366244168744
32.8905,-16.5690305296429,-37.5064530056302
32.891,-16.8517670793828,-46.0462946371932
32.8915,-14.0322584070235,-50.092713419028
32.892,-12.6466654064941,-51.5431478131537
32.8925,-19.515280547413,-56.472941948008
32.893,-33.226801781004,-63.2249135747036
32.8935,-46.0510263836745,-65.0459008919564
32.894,-53.5183129301256,-60.963085457219
32.8945,-56.9442930894903,-55.4999195270451
32.895,-58.0192290199333,-49.5648823163471
32.8955,-55.7981881224521,-39.7611611725135
32.896,-49.3442457792363,-26.4347855519606
32.8965,-40.1615289751555,-15.1881774723273
32.897,-31.0171989041776,-9.18042774253108
32.8975,-23.4156815863903,-5.23296531082325
32.898,-16.3091767487238,1.06992988309223
32.8985,-7.12137185929281,10.287811282212
32.899,5.19026686351315,19.9071149212203
32.8995,18.3876114035193,26.9246927874844
32.9,29.8009936256742,29.191101238418
32.9005,40.2435621835633,27.1410164236832
32.901,52.412069801724,24.7791585591684
32.9015,65.7679506352861,26.9187144165372
32.902,76.4166872687175,35.280868365062
32.9025,81.9632690260207,48.2172464389926
32.903,82.2937154603506,62.6226766599471
32.9035,75.4834510466528,74.5462490509772
32.904,58.9466988326563,80.478685473772
32.9045,36.8582548909949,80.768938371297
32.905,20.1545251206084,79.5630899576379
32.9055,14.5579762362242,78.803823357352
32.906,13.4962125449506,75.3611199740866
32.9065,8.44771293510634,67.4778552301223
32.907,2.14433969157205,60.2331992314212
32.9075,4.27347265008143,59.1858008731785
32.908,16.0342567879347,61.2284275435418
32.9085,26.7336516564756,58.0273390751084
32.909,26.6607515057583,47.3808794384994
32.9095,17.341130924217,35.1505624175458
32.91,7.2486845396818,26.4660017086693
32.9105,2.17935433478123,21.1286509084108
32.911,2.15393096657346,18.1095646070768
32.9115,4.06052863244327,18.6769322165671
32.912,4.62658979930128,23.4112626231797
32.9125,2.97342484395665,30.5272882428267
32.913,2.14080830496739,38.6115662249943
32.9135,6.44299001766808,47.745635093686
32.914,16.2603204267798,57.5168547564484
32.9145,27.2994077586413,67.0538016969576
32.915,35.6695577219865,76.5123513502122
32.9155,41.2119032081917,85.2189705582311
32.916,44.7005711189335,90.087518836959
32.9165,44.5789896640823,90.2410529685784
32.917,38.8392154406567,90.3282793299525
32.9175,28.462787601172,92.3454751382171
32.918,16.5321687777239,86.3859013851716
32.9185,4.60820306300093,59.0599049318565
32.919,-8.00499911447852,12.0277487960924
32.9195,-21.5676645341042,-36.8832986263252
32.92,-34.1008134821146,-73.1837102046515
32.9205,-42.6679099982535,-97.6280108802128
32.921,-45.7489703496542,-116.415348991152
32.9215,-44.2288226742688,-130.495639129549
32.922,-40.5412745210794,-140.906035786116
32.9225,-37.0080412608261,-154.958155243823
32.923,-34.8189220412265,-177.252058037537
32.9235,-34.3427276038354,-200.017335537243
32.924,-35.8159282327197,-211.660669259174
32.9245,-39.0211935369734,-211.620729994463
32.925,-42.3876274152234,-208.768533462062
32.9255,-43.4395760948715,-208.230875767681
32.926,-41.1942101903357,-208.269485317807
32.9265,-38.3782294679756,-208.121732054692
32.927,-40.4203912131398,-209.84831044275
32.9275,-50.7087080749653,-212.147078389006
32.928,-66.2894172276283,-210.038125004451
32.9285,-79.8401736571827,-201.845184304225
32.929,-87.3566027069146,-190.16776433287
32.9295,-92.0404998943011,-175.119445393633
32.93,-97.6619541227485,-153.256094203716
32.9305,-99.9937605511588,-125.29713054099
32.931,-90.7753176937768,-99.0884321564855
32.9315,-71.2822240480994,-81.5772064058345
32.932,-55.1607573816479,-71.1650189617058
32.9325,-52.7692700772777,-59.6714793265068
32.933,-57.2928207672854,-38.485655451209
32.9335,-52.9864397434388,-2.1783319921581
32.934,-34.6794120845971,48.6835288230633
32.9345,-11.8583479944018,105.413865612325
32.935,5.63524135438635,155.832919109203
32.9355,17.5628193139379,194.460631145992
32.936,27.0538678912262,225.866693103053
32.9365,32.6085222024202,255.964543451144
32.937,31.9451997188844,283.480545437133
32.9375,29.0265168975617,303.234845672272
32.938,30.8334510104861,314.677897077543
32.9385,38.6024782451619,322.516178815464
32.939,46.9823308992917,330.170774960129
32.9395,51.3581333746935,337.029304309009
32.94,52.4600722847013,341.915234254264
32.9405,54.1555817218884,344.842139347837
32.941,59.8819665018869,344.060940938762
32.9415,71.1717067995911,334.961902188394
32.942,86.8227007085652,314.279530504787
32.9425,103.082448333484,283.287655002667
32.943,116.676123066784,244.773376303666
32.9435,127.796601300044,198.979457153612
32.944,138.323002476875,145.594831731836
32.9445,147.415240504294,88.5629930659612
32.945,151.507145913824,35.0760518245821
32.9455,149.380997380626,-10.8542739202164
32.946,144.710276164998,-50.921164549012
32.9465,141.361910836306,-87.8306169875415
32.947,137.13216153336,-121.174603033879
32.9475,124.907291515553,-149.550839608333
32.948,101.598160851809,-173.665299893888
32.9485,74.6961073199544,-194.491155997501
32.949,56.803771041098,-210.426722413652
32.9495,51.6807277129176,-219.353748847375
32.95,47.5558889624344,-222.343849216221
32.9505,28.0421116280749,-222.975644306066
32.951,-9.58772685668809,-224.570417222949
32.9515,-49.9533392584556,-230.288423791136
32.952,-74.8177651260278,-243.068448458919
32.9525,-80.314377816219,-261.481569452609
32.953,-77.5093717083114,-277.869731764987
32.9535,-79.3649076551761,-285.285534580655
32.954,-90.8851955837919,-284.57538998211
32.9545,-109.434325651128,-279.731748924107
32.955,-128.406678730553,-268.659642810282
32.9555,-139.502505398869,-245.574035241236
32.956,-137.032588510071,-211.455323521075
32.9565,-124.132441197652,-173.957587546926
32.957,-112.184567395078,-136.401159243501
32.9575,-109.877469936755,-95.4136581601744
32.958,-113.373099347015,-51.2384202258439
32.9585,-110.687919897019,-11.0383033093182
32.959,-95.9268776260113,21.8862018361889
32.9595,-75.8302978127592,53.176800515449
32.96,-61.0913351984351,86.5735694464283
32.9605,-54.4875285067893,116.949981173632
32.961,-50.3829221723594,140.826910951568
32.9615,-43.7037994380241,164.460330020642
32.962,-35.1589885208531,191.656922183286
32.9625,-27.6131406182444,211.442657309558
32.963,-21.4916097236718,210.607643784081
32.9635,-15.7555828943325,194.126050908924
32.964,-10.5399555874161,179.820404371359
32.9645,-6.1965776905332,174.46538428016
32.965,-1.561896236597,168.577249606568
32.9655,4.26830444855272,155.483062773438
32.966,10.0524014320961,141.66040927573
32.9665,15.0591777332964,133.652467094002
32.967,21.8199135313122,126.492327731247
32.9675,32.2633775484493,112.119303075021
32.968,42.0984120237667,90.7880960176927
32.9685,44.1423922563606,67.0443548362216
32.969,38.1177082552078,41.1911271342184
32.9695,32.1782292586477,12.3141762497729
32.97,32.2730398571313,-15.0535970773611
32.9705,34.2694403116036,-34.8453741612987
32.971,30.2510241681362,-47.4235698896768
32.9715,19.2842244499507,-57.4741366973995
32.972,7.23663398359725,-65.7751679628752
32.9725,-2.16512974389527,-68.3633523912009
32.973,-10.5608842434348,-62.705913952526
32.9735,-18.836437877923,-50.3268851259332
32.974,-22.7898233147842,-34.2952137079276
32.9745,-17.93126893004,-17.7338342857646
32.975,-6.49312975680274,-3.6497619143692
32.9755,3.42214845859115,7.16309814099322
32.976,6.02840998626934,17.063484281207
32.9765,3.74007339347294,27.718607946632
32.977,3.82668674760292,37.0656082807495
32.9775,9.49849840065732,43.0750255750445
32.978,16.068792172395,48.1511898887537
32.9785,17.4894857809743,55.3423187999588
32.979,15.2437026078013,61.5611286011053
32.9795,17.3464274395928,59.8347833772379
32.98,28.2634649836,48.8090937360698
32.9805,43.706636018569,35.4412592711289
32.981,57.0894203285815,26.5077057221856
32.9815,67.0459679080972,20.8747383496951
32.982,75.2743638415901,12.5315530705293
32.9825,80.7554867707763,-1.07043264018606
32.983,81.3960004981487,-16.4695529211433
32.9835,79.3213421523929,-28.9811824723911
32.984,78.5205914170605,-37.4583324181686
32.9845,77.5251074954636,-44.0645276317623
32.985,70.2159984529915,-51.4096276640722
32.9855,54.7318433629222,-61.367190972807
32.986,36.0432196374371,-75.7456192489863
32.9865,18.1012060291931,-95.7835691133832
32.987,-0.79092314245601,-119.897515720701
32.9875,-21.7446306030955,-143.248339357987
32.988,-39.9018446158291,-161.2405589064
32.9885,-50.0972923906409,-173.104498509769
32.989,-53.9743156614041,-180.69485532693
32.9895,-56.0515225672345,-184.396675455092
32.99,-55.7228016941393,-182.438637759605
32.9905,-49.6931302576685,-174.567578180847
32.991,-41.0007687590599,-164.056869027468
32.9915,-38.1367613616485,-154.323483341718
32.992,-43.5475700927214,-144.353035029213
32.9925,-49.2326372287159,-129.069145175364
32.993,-47.2226951838212,-104.803422538073
32.9935,-40.0571487146819,-74.1887645459806
32.994,-36.8342954000565,-45.006645310792
32.9945,-41.9051652979403,-23.2912606818369
32.995,-51.8179954277977,-7.66704399316841
32.9955,-61.4246605570761,8.18336423803414
32.996,-68.0325634027915,27.7188334714647
32.9965,-69.880792805172,49.1132169720549
32.997,-65.4661496136994,71.5452774804203
32.9975,-55.8932224470203,99.5596079220702
32.998,-44.1830647058348,136.855371929777
32.9985,-30.2517054330845,177.984567293074
32.999,-9.97263333523151,211.254879876396
32.9995,17.5868576724173,229.478606736564
33,44.4681380783951,233.883234299424
33.0005,59.8284342001108,228.525071718066
33.001,61.5844845682056,216.373424561693
33.0015,58.5787738608621,201.355000176722
33.002,60.5953195511226,188.468847678933
33.0025,69.3692466591543,179.221981645444
33.003,80.3446558136378,170.334482547403
33.0035,89.432287151407,158.462981382895
33.004,94.9936973891542,143.038750206379
33.0045,95.6651062244478,123.966091185341
33.005,90.4405850716067,100.821043814187
33.0055,80.7759724734176,75.3199171056636
33.006,69.407190427503,50.2414852009077
33.0065,56.5065348492689,25.2767386723632
33.007,39.5576756050176,-0.824362750724993
33.0075,18.0445847033765,-23.4338930391994
33.008,-3.66853767924366,-34.3503891926615
33.0085,-19.3842848099908,-33.0837932838066
33.009,-26.024028527851,-28.7442278339391
33.0095,-25.2283637857173,-28.0683786036502
33.01,-21.652703423299,-29.6712943671074
33.0105,-20.369176041978,-33.0927198642277
33.011,-24.1718080410868,-41.9157933065102
33.0115,-31.8804847208073,-50.6543775042481
33.012,-39.9026658717579,-41.7297840579456
33.0125,-46.1157075387015,-9.9721964730847
33.013,-51.2194233919858,18.9942352633524
33.0135,-55.8519546806961,13.4685931003723
33.014,-58.3095670721946,-24.3435343185769
33.0145,-56.7988357477603,-61.41857165794
33.015,-52.6516736077692,-76.1067974939012
33.0155,-49.0520660628608,-76.3565838671757
33.016,-46.7403830399579,-72.8371939406816
33.0165,-42.8718693498122,-59.8547277118023
33.017,-34.758456665025,-38.4009436479683
33.0175,-23.787949512303,-36.4874389566549
33.018,-15.0006538631429,-79.9402737013141
33.0185,-12.9299254829334,-150.749670235091
33.019,-17.9128917221,-199.809183854208
33.0195,-26.4016522945822,-201.795471275971
33.02,-34.7806999054351,-176.664489929526
33.0205,-42.2187217062501,-154.049700608649
33.021,-49.2611857917811,-138.147681293616
33.0215,-55.0144989047412,-117.151898986699
33.022,-57.916009495032,-88.2901692403747
33.0225,-58.5755994277428,-57.7725827345878
33.023,-58.5567270387028,-28.0471764169081
33.0235,-55.9121748140358,-1.49560305139797
33.024,-45.8504385885064,11.656122990396
33.0245,-27.6998617944005,7.05132884251314
33.025,-7.31044579491501,3.76773724934776
33.0255,10.5683248289476,29.3914849398046
33.026,28.5468134197878,85.8486278880348
33.0265,50.7175816356949,146.053668326843
33.027,73.678237993519,187.814201879476
33.0275,89.5388327696998,214.750480158104
33.028,96.3133983711197,236.778378743783
33.0285,98.5137388949174,246.654255726202
33.029,97.633432904464,230.090268009289
33.0295,89.79727907334,188.831989085511
33.03,75.1178048200354,137.929576067622
33.0305,62.1155936857437,84.9598643738738
33.031,58.2441072671328,26.5676100988031
33.0315,60.9738666968224,-36.4202701170504
33.032,62.5142612810431,-94.7765314222149
33.0325,58.7607548279141,-142.971669084049
33.033,49.3083941834561,-183.009131959446
33.0335,34.179915504593,-213.554545773011
33.034,17.2285364890761,-227.264404123016
33.0345,8.44544865796533,-224.147395846201
33.035,14.1429039795442,-217.030934264446
33.0355,26.0458909494604,-215.668001741526
33.036,28.2817666143203,-212.078349087596
33.0365,15.774664541108,-189.622254019227
33.037,-1.34629754562298,-142.809978881612
33.0375,-12.4728236230071,-81.7409297398485
33.038,-18.1359489652966,-20.1154271111254
33.0385,-24.4621419441891,34.6601763060697
33.039,-33.1873592924383,80.7402376903986
33.0395,-41.9505192320076,116.822013933578
33.04,-49.8694534494556,139.113490973881
33.0405,-57.8961431310408,142.086640504537
33.041,-66.0030146758371,123.307567334835
33.0415,-73.2679257365644,87.6703623972065
33.042,-78.707094586343,43.6438352779025
33.0425,-80.3459005652401,-5.28900135787966
33.043,-76.8602214855336,-61.009052405302
33.0435,-71.8133907163828,-121.267311449267
33.044,-71.3615606364921,-175.453712578871
33.0445,-74.5333797737278,-213.352141507239
33.045,-71.054514120576,-233.793212474711
33.0455,-54.1514628024385,-241.052886865267
33.046,-31.6047336391881,-236.69552509495
33.0465,-17.9174783059086,-219.037023158871
33.047,-17.9950527322269,-187.75453192968
33.0475,-24.6380864659715,-145.606409459111
33.048,-29.9093142645138,-97.6894009417907
33.0485,-31.4452030877778,-50.283868296502
33.049,-27.6727263399628,-6.53148249658937
33.0495,-14.7375440462629,38.0505543961903
33.05,8.32722021724007,90.9035872060199
33.0505,35.7372479328452,152.136045865369
33.051,59.4797589015431,214.845174686574
33.0515,76.0955337768034,276.395775418106
33.052,88.4572848006512,340.784421505559
33.0525,102.874614554993,407.416640241757
33.053,123.546593099501,467.586737541874
33.0535,146.540945357154,516.284182211104
33.054,160.376903027507,556.347261822392
33.0545,156.898511925847,584.917007305179
33.055,140.359538037276,588.656106889258
33.0555,120.25401267595,562.276089291101
33.056,96.8094345198237,519.690922344354
33.0565,62.5661698235477,474.504623002965
33.057,19.9990265931966,421.40984239959
33.0575,-12.8742132077686,352.400155243202
33.058,-21.7034150037076,279.723067720471
33.0585,-14.108931747192,221.659986618255
33.059,-10.1506216253993,172.099056315063
33.0595,-17.5004443701435,106.74699123964
33.06,-24.2716868611463,17.3292975509567
33.0605,-16.0486220014163,-82.1017797523209
33.061,7.10085114708714,-181.550845878841
33.0615,32.1936372627117,-283.041591441771
33.062,46.8073254216002,-379.122557972185
33.0625,48.3061690751717,-449.823522640731
33.063,41.8056255153402,-491.779653683439
33.0635,30.9947301805256,-528.359451588632
33.064,11.9974374078333,-577.128193748803
33.0645,-21.406491200478,-625.134111479742
33.065,-65.9755636095639,-649.365562779096
33.0655,-106.752705085735,-642.35363764183
33.066,-130.010380011136,-600.230836728388
33.0665,-135.212944537408,-504.75842815865
33.067,-130.75121827531,-344.882999494121
33.0675,-122.669147316705,-150.297121500934
33.068,-113.783440070205,20.5628413337075
33.0685,-109.220805203331,128.62405733187
33.069,-112.524532087496,177.435953398274
33.0695,-116.73796349322,192.965160431614
33.07,-109.796317452286,197.991592645696
33.0705,-91.4115149485277,206.015708155237
33.071,-75.0978030983233,220.98889986768
33.0715,-68.6801971157216,233.408907994259
33.072,-61.5811074633237,224.181675743025
33.0725,-39.1697163445777,177.624712582626
33.073,-3.89497045456778,88.6774474102004
33.0735,26.3526860275685,-38.2088398160168
33.074,37.8245026016346,-187.632673980175
33.0745,31.4512203579743,-332.543873415485
33.075,16.8629182301059,-447.06487973646
33.0755,4.8276714681259,-523.960689561974
33.076,4.84611748323744,-573.153890683106
33.0765,20.3408732026015,-602.090085825689
33.077,42.4367860001046,-604.480879744518
33.0775,54.6910009371122,-569.623888915364
33.078,48.0959358934149,-496.3700067553
33.0785,28.0885485837641,-395.790527011069
33.079,5.45772592120214,-283.98796813658
33.0795,-13.8776994932227,-172.610537692599
33.08,-27.0555671102863,-63.4736789492454
33.0805,-29.3386859294832,46.1315480641652
33.081,-18.9116696776134,151.635455580003
33.0815,-4.29969856966439,241.924363697731
33.082,0.877504285326208,317.992171469105
33.0825,-7.65106452357288,402.089349436951
33.083,-19.8296711479778,514.826915425357
33.0835,-21.6900866924943,645.316965484534
33.084,-7.03416080586533,756.146376813145
33.0845,21.6285847099516,817.795885523433
33.085,58.3659197976114,827.657495213977
33.0855,96.6371010900051,797.124518164209
33.086,130.364758863305,735.442164930472
33.0865,156.839942704369,650.60915606509
33.087,177.963853718696,552.705295772258
33.0875,195.795629955616,447.810091141781
33.088,207.487652372207,336.373480530081
33.0885,206.717252511961,223.347543874024
33.089,188.74556175524,121.469460643372
33.0895,151.804835857112,37.3182870042173
33.09,96.7349694061916,-38.6080804121017
33.0905,31.4519725428444,-119.066180086069
33.091,-24.9446395138823,-201.171316819262
33.0915,-51.4247951022937,-267.79965778016
33.092,-44.3785508450784,-305.549749691259
33.0925,-24.0074895213818,-315.22312234855
33.093,-15.8436306106879,-306.479705105871
33.0935,-27.556468325061,-288.286625031434
33.094,-48.0241649700902,-264.465579129434
33.0945,-65.4590966909699,-234.122429311483
33.095,-78.0575868197184,-195.987346501733
33.0955,-86.9557445019905,-154.655115516647
33.096,-88.8382503398242,-121.136965944806
33.0965,-81.6789671821738,-103.86265024943
33.097,-72.0865316625254,-100.070893478932
33.0975,-69.4476273696828,-99.9010685317583
33.098,-74.7194479227796,-98.9835519703878
33.0985,-81.4214815000734,-102.939518970156
33.099,-87.0108127959787,-117.799999181029
33.0995,-96.4684973417015,-139.510451437303
33.1,-112.729335948865,-156.827345023455
33.1005,-129.182657518386,-163.67144095574
33.101,-135.630105162908,-164.402426208747
33.1015,-128.631513708916,-165.736504382881
33.102,-112.179371872879,-167.550546993899
33.1025,-90.3283084985954,-164.852392235751
33.103,-63.9689620703771,-155.461701767126
33.1035,-35.152800533993,-140.96611402752
33.104,-10.2804896199843,-122.724054740805
33.1045,4.10244429995844,-103.460558532156
33.105,7.93400739566427,-91.3022257737578
33.1055,8.16048871445397,-93.3687877505407
33.106,12.0264151319262,-103.474908782893
33.1065,20.1371940271608,-104.544534345471
33.107,26.736635686017,-87.2571942317637
33.1075,27.5757934002389,-59.4563461987239
33.108,27.2146135707106,-32.9538795190604
33.1085,36.1544341492149,-7.9596343439757
33.109,58.457788307666,24.3350835884897
33.1095,83.6582630354066,69.965644912723
33.11,95.1779309014963,127.671444619587
33.1105,88.1875060570716,189.161846533519
33.111,75.6582499834494,239.153097439966
33.1115,73.8420421165483,264.169699435993
33.112,84.364686112219,268.854447647147
33.1125,94.6954074858792,275.224723601617
33.113,94.5249889127644,297.307453441999
33.1135,85.8195841232489,325.365401499439
33.114,75.8625185981538,345.233347176768
33.1145,66.7631743136994,362.746334810349
33.115,56.5465075412365,393.562437885682
33.1155,47.0105114675387,435.732821765194
33.116,44.2196228658175,470.222476947835
33.1165,50.7940220466993,486.348581742682
33.117,61.7573621923615,489.668872267605
33.1175,69.3291722572197,483.988669352873
33.118,69.6926090687197,460.938620648212
33.1185,64.6849788925345,410.079915790823
33.119,59.0318370767414,327.493581280423
33.1195,56.2387732849247,214.576689449169
33.12,55.1028878411462,82.274702299829
33.1205,50.2746543768785,-42.9334571974595
33.121,38.8202122215108,-133.037874517712
33.1215,25.9547351717197,-183.494372675766
33.122,19.9839215810221,-214.354608607025
33.1225,19.8629865050648,-247.110689917343
33.123,12.3530915717734,-293.031020796209
33.1235,-13.9669550196058,-360.008888250536
33.124,-54.1493486124209,-448.354626164085
33.1245,-91.29379036892,-535.899189493275
33.125,-114.688056154168,-590.723848286444
33.1255,-128.089259901017,-610.059854854701
33.126,-139.459942568634,-627.982549333328
33.1265,-149.703650009249,-671.996368387822
33.127,-156.483660341278,-728.783214466763
33.1275,-163.196236409106,-766.384915351387
33.128,-174.407076474478,-772.67603787427
33.1285,-183.179101316666,-753.075116759666
33.129,-174.185331885972,-704.469255543744
33.1295,-144.910692605588,-616.458634507032
33.13,-115.024000915347,-496.229220954388
33.1305,-105.251762437831,-373.421647054064
33.131,-112.083369617314,-277.53512967087
33.1315,-114.658698373397,-218.757561773329
33.132,-104.021115075687,-186.412023370488
33.1325,-91.3004047609079,-156.130483328805
33.133,-84.8584126379288,-104.701394524148
33.1335,-75.2361073616176,-30.517656639734
33.134,-51.8600156685678,43.8846037766016
33.1345,-21.7575910463912,98.6163526331126
33.135,1.50377147428625,138.924096203232
33.1355,17.7545465716404,181.185639934624
33.136,32.9990940857201,227.65580749018
33.1365,39.4758608341941,271.592991815398
33.137,24.1321193243279,318.222214630882
33.1375,-2.70886693781605,378.692825927736
33.138,-9.04555404338138,446.497847098398
33.1385,20.0987868528266,502.557542247692
33.139,62.9408189034177,545.023075278706
33.1395,91.0858293769016,591.599380070833
33.14,104.716804658801,646.750380095685
33.1405,123.437058089956,688.310061269299
33.141,153.75991708813,697.156074880895
33.1415,183.311503736357,681.469394471525
33.142,200.794435669428,657.686189196615
33.1425,203.681379260218,623.287628993553
33.143,189.025958155616,566.70688300489
33.1435,155.771846397341,494.199303658368
33.144,118.775451291946,426.886814030041
33.1445,102.906928042222,374.25601858345
33.145,115.048186420012,328.70140433023
33.1455,133.808553807299,287.359286445232
33.146,135.181493201758,261.631242278765
33.1465,119.229127266997,256.91538386807
33.147,103.541389142578,255.193500206483
33.1475,98.7864082854275,230.299759543572
33.148,100.553783401598,177.036150586037
33.1485,99.8031964352466,115.345513067283
33.149,90.8354925113598,65.0903733542772
33.1495,70.8763491296489,23.8845388988887
33.15,41.1985390458608,-27.0459503747376
33.1505,9.76125084066224,-99.0009110312498
33.151,-13.9453905079253,-181.05725920472
33.1515,-28.88628257573,-247.381374994294
33.152,-43.3103788924498,-277.501783642331
33.1525,-63.7987506464225,-271.9463785572
33.153,-86.1165432120806,-251.22854556148
33.1535,-98.9481281032982,-239.113684193895
33.154,-96.3006864089663,-245.140670201592
33.1545,-85.5306108595126,-263.500892990772
33.155,-82.1133698422599,-287.173888400134
33.1555,-94.8500199918847,-317.122982300318
33.156,-116.543272200477,-355.219353922561
33.1565,-131.59068350476,-395.640415019711
33.157,-132.361356702636,-430.810807391881
33.1575,-124.526273056751,-461.404289871249
33.158,-116.636001682529,-492.528290922796
33.1585,-110.665079413105,-524.751029075641
33.159,-105.424162100431,-559.177364204654
33.1595,-102.679642317923,-605.887534012433
33.16,-103.545570072435,-670.084010416509
33.1605,-102.480567706687,-728.285699978842
33.161,-92.1019223118748,-736.468676443532
33.1615,-73.2522670290283,-671.570416291837
33.162,-54.4334428667905,-554.102040366949
33.1625,-41.2950584756483,-422.422574030181
33.163,-32.210768529602,-296.041659641759
33.1635,-24.8749268640021,-172.472501390875
33.164,-21.2951305418525,-47.6417386098944
33.1645,-23.4128046184435,74.1271407467106
33.165,-28.4039460352526,184.334567367648
33.1655,-32.5805518300616,274.635095953331
33.166,-37.1732688627061,341.997012730395
33.1665,-44.9746541650326,394.465721786152
33.167,-51.4780303155671,441.100606816591
33.1675,-45.1369876324298,469.811398385518
33.168,-20.6179708065869,451.235866539485
33.1685,10.6911295952518,378.479377533154
33.169,29.561897748331,288.792163593785
33.1695,30.4139143619385,227.484029394514
33.17,29.0410379050992,200.74250101733
33.1705,43.7513594332932,182.845414557622
33.171,71.3250286032354,159.184255443962
33.1715,88.597859914312,138.610073045826
33.172,78.4906211013841,129.895911214048
33.1725,47.9279134823826,131.34330882074
33.173,17.8522102285564,141.408052877398
33.1735,2.59513779198714,155.439849702053
33.174,3.98645525222434,154.072270823127
33.1745,18.975956207593,122.568494465437
33.175,43.3634983765806,83.8379596436408
33.1755,69.1129441071436,82.7123457857031
33.176,86.9742731769016,128.648561119325
33.1765,95.2184787804442,180.196210616385
33.177,101.324992170595,196.498390203407
33.1775,112.173006648079,177.969939970553
33.178,125.305599137063,143.786191195579
33.1785,132.367439685561,99.4625461774496
33.179,129.676530562445,50.2937491126458
33.1795,122.875419221403,22.7983453003569
33.18,120.013743951133,40.9595847756208
33.1805,120.160428962228,90.3056236898624
33.181,111.222353625361,130.535738837083
33.1815,82.9473876491121,138.709438996982
33.182,42.0646858549259,121.272677457684
33.1825,8.93856233265128,91.8766287968047
33.183,-3.58063223887643,59.2743888053303
33.1835,-2.71799340234049,32.6956568067817
33.184,-3.75310858280978,17.9961544165244
33.1845,-12.785645111492,8.81736025072484
33.185,-28.805621936885,-2.13956192372771
33.1855,-54.9425205208189,-5.54685412225803
33.186,-93.0130718160114,13.8259831124277
33.1865,-128.172260870503,49.9368915902397
33.187,-135.638933086073,75.8109791589916
33.1875,-109.874541474264,73.7879700044564
33.188,-75.7890210762318,55.1532597711312
33.1885,-61.9953168567951,50.5378981327662
33.189,-70.7546205443661,87.9658042328105
33.1895,-83.1275938207064,172.010619349955
33.19,-86.1142810828498,272.580173025426
33.1905,-82.3652240018376,343.628754813031
33.191,-76.8981901814083,366.011715597893
33.1915,-68.5659079017782,357.302456505665
33.192,-57.516573482699,321.981638920921
33.1925,-50.1313686837574,218.355427052204
33.193,-50.1747635482942,18.4248762652425
33.1935,-50.8615708068818,-210.369684980511
33.194,-41.5044624464217,-341.079200391879
33.1945,-19.3654084528162,-323.630000461472
33.195,8.75522666384513,-242.40719580406
33.1955,34.2736541837552,-213.552961649721
33.196,52.8508036867008,-263.767808951944
33.1965,64.672039009087,-342.508325470232
33.197,72.3423317023575,-414.909835108619
33.1975,78.2801471325856,-489.587988007171
33.198,82.0445474730884,-571.201890807876
33.1985,80.1836176020588,-641.076244912646
33.199,69.6331960379957,-689.755725588666
33.1995,50.6696594758803,-726.330524098811
33.2,26.036251133221,-746.414515887605
33.2005,-1.17139742676471,-728.17257699394
33.201,-27.2952166362572,-672.418500282364
33.2015,-47.5184098334189,-610.925429147993
33.202,-58.5699402702808,-556.951188580997
33.2025,-62.7035265551114,-481.369892830317
33.203,-67.1280799460302,-363.512134848657
33.2035,-77.8936856762758,-235.523759966131
33.204,-94.1405290748472,-140.84063581879
33.2045,-108.419340652479,-69.378693985908
33.205,-112.577767887754,23.5956623873295
33.2055,-104.195312161603,141.260167923392
33.206,-88.9530876047789,231.427250942174
33.2065,-77.0371470928689,256.962264831487
33.207,-75.0899232724672,245.147600091162
33.2075,-79.6114788980442,252.377757917656
33.208,-79.2157723512163,306.863416407229
33.2085,-65.7882574081862,401.234537795985
33.209,-43.0184988183679,514.159167708119
33.2095,-21.1634913793412,615.281514239771
33.21,-3.86580218346897,668.573820810371
33.2105,15.2115182738608,659.193083017863
33.211,41.6341596113667,609.634678157785
33.2115,72.7876241235749,551.088710055301
33.212,106.242875883926,492.316189871999
33.2125,148.828038841977,437.3249678627
33.213,206.195537615915,411.897611541223
33.2135,264.1242566254,432.276892678389
33.214,292.870056910751,455.770606749463
33.2145,276.620911374756,411.835238863745
33.215,231.009553910572,295.583086783549
33.2155,184.539478994579,189.577533704008
33.216,149.54733935343,169.650014334356
33.2165,121.043953016428,220.886386206563
33.217,98.7078022791791,272.127644332153
33.2175,94.4037464088978,282.020319458079
33.218,113.054549955148,254.897000924928
33.2185,136.954374332792,196.146695287787
33.219,139.135986488093,100.77420103123
33.2195,109.831608795648,-16.199328723856
33.22,62.9049848243824,-119.120287722079
33.2205,16.9853031162039,-190.593900236924
33.221,-23.3330336558877,-244.703286123026
33.2215,-65.8357168150336,-297.560985173689
33.222,-115.502818718582,-349.401546512105
33.2225,-165.778360356315,-397.506784694111
33.223,-204.250377164479,-440.060428764249
33.2235,-223.680249564844,-464.386092637935
33.224,-226.949191058537,-458.816789430592
33.2245,-224.081178560341,-437.779484113489
33.225,-225.910868283335,-422.249552061173
33.2255,-237.274782107554,-391.828809603407
33.226,-251.705260040293,-297.735782149765
33.2265,-253.237714644939,-136.62878945103
33.227,-228.80679368651,33.6522697314631
33.2275,-182.160127742576,174.699249241516
33.228,-133.454740040971,312.176914661613
33.2285,-102.410005879244,456.539583759812
33.229,-92.3672281980677,528.432352030673
33.2295,-91.1738987780894,438.387297132592
33.23,-84.2958899433934,226.357986834805
33.2305,-64.1277940999133,46.2478708991316
33.231,-29.4042094891352,-1.03338477888529
33.2315,18.1555760920952,40.825864499888
33.232,73.4455811778751,74.8909243788164
33.2325,126.048281696523,70.3782123875124
33.233,162.8300185092,53.026133094362
33.2335,176.764556161417,28.4279566340131
33.234,175.240228224943,-26.4945036712279
33.2345,176.49468239325,-117.117103054887
33.235,192.143326406987,-228.701280670789
33.2355,212.679037105633,-364.718884819284
33.236,215.604916480536,-543.445856052623
33.2365,190.032410601943,-751.3645054022
33.237,148.33391677173,-932.778290121164
33.2375,110.839476080822,-1033.27094790517
33.238,84.7502369656055,-1030.66377099556
33.2385,62.7654435662859,-924.273024302847
33.239,36.8407206306363,-727.000759052463
33.2395,5.74776720067647,-479.731164821284
33.24,-28.1853429706326,-244.086179914034
33.2405,-62.0412761253423,-56.8855743941896
33.241,-92.2783907172208,96.5484809329
33.2415,-117.604915500841,247.679192036262
33.242,-141.567125569941,393.917442753632
33.2425,-167.043781793594,500.39083126313
33.243,-188.670413578181,548.870251947943
33.2435,-195.724724525762,567.261664099611
33.244,-181.964933825046,602.073679985367
33.2445,-148.485675659555,666.73725071954
33.245,-99.5759732258562,725.623428311967
33.2455,-42.2637401031912,732.527454054727
33.246,12.276409436624,677.802426764346
33.2465,55.1511568356722,584.972663954463
33.247,87.4197209149903,464.494392472056
33.2475,114.341602296332,298.240828614236
33.248,133.932781252413,86.1912202097686
33.2485,141.095627752564,-117.902989902586
33.249,141.943203600162,-253.217753772362
33.2495,150.222075049308,-322.0316232216
33.25,165.355618763801,-370.422660582978
33.2505,167.237024801702,-400.046411136012
33.251,141.443170294896,-351.097944565772
33.2515,99.7229414275372,-193.180192436212
33.252,65.1491596833262,14.457329554865
33.2525,43.9791089638097,189.971926323823
33.253,23.5707518692587,320.052946959605
33.2535,-5.58038330366801,440.171237203629
33.254,-37.0495060483456,554.07953403939
33.2545,-57.645890501645,631.547858732285
33.255,-60.6565047596613,674.466960443022
33.2555,-48.344312854526,721.049005002242
33.256,-27.557452119193,772.420925143496
33.2565,-6.09118822887371,768.789351758127
33.257,8.62326415889793,663.400216561608
33.2575,9.87091290881965,480.950729966638
33.258,-5.30161702128734,277.157214426176
33.2585,-28.5809671919369,74.6624809749836
33.259,-38.8739993800166,-131.030112589977
33.2595,-19.5086127484663,-330.340990020882
33.26,19.2828916637113,-501.218185656667
33.2605,45.4519171472892,-639.188846146236
33.261,39.341114751754,-756.730589069207
33.2615,13.1806712469221,-859.845887095373
33.262,-11.4328868612428,-945.949076697073
33.2625,-33.4932496350934,-1015.25010751726
33.263,-65.6889557738782,-1064.39085753046
33.2635,-106.603676736601,-1077.92306127632
33.264,-139.543844303141,-1043.95801731997
33.2645,-157.914486697072,-969.56393636426
33.265,-173.363035210403,-868.070801909349
33.2655,-195.33523470543,-747.456594063372
33.266,-218.496002605531,-626.423567304399
33.2665,-235.82742684225,-537.655368139252
33.267,-249.108435747641,-487.11360261213
33.2675,-257.712314789964,-429.217253618903
33.268,-249.6207788824,-316.580736246853
33.2685,-215.124806563385,-162.710468505931
33.269,-161.854740737267,-21.6210920608217
33.2695,-106.32179036085,84.4721060157405
33.27,-56.8618299362706,179.858881549461
33.2705,-14.2456506654543,285.506789841075
33.271,17.6316776318075,397.605304007247
33.2715,34.5265578810803,515.677457552953
33.272,43.4710725518678,644.492008172426
33.2725,59.7500812889787,754.938668168345
33.273,89.5940922882212,788.025249233153
33.2735,122.991571178897,725.697762074138
33.274,145.739154767032,628.474527876794
33.2745,153.298251594986,575.764749530464
33.275,151.708116899838,589.684506516452
33.2755,150.86578263426,640.536115527564
33.276,159.942202392228,704.149523975735
33.2765,184.717896284466,779.259407600769
33.277,223.845539748621,854.64926611933
33.2775,267.187914648876,890.979798936108
33.278,300.68068054924,848.071156504972
33.2785,315.733595934147,722.288931805291
33.279,315.213561309387,551.306019524944
33.2795,308.964018633083,381.741452118371
33.28,301.333002013457,232.072199903777
33.2805,284.638907481716,90.7316082217017
33.281,249.62902093135,-49.6184353655261
33.2815,202.673385857423,-171.313273631579
33.282,165.715893536002,-256.366643735326
33.2825,153.877424291047,-313.565128556999
33.283,156.646113197502,-357.593040748348
33.2835,147.418079433995,-375.612546456339
33.284,110.901166996606,-344.546851410795
33.2845,55.9781601269661,-270.253544172189
33.285,1.53456946563954,-175.498092333324
33.2855,-44.5322949306094,-62.1402994261974
33.286,-88.7332610188864,69.9371679006831
33.2865,-137.485343062768,178.52344270008
33.287,-184.516822644685,217.467023692763
33.2875,-215.602233890696,223.735619668116
33.288,-224.779372272237,292.026085075965
33.2885,-221.623118807337,434.086011457012
33.289,-219.015168181764,534.67078538515
33.2895,-216.425943741723,497.018229074137
33.29,-202.248180550056,371.519165786904
33.2905,-173.868778214507,274.491152351839
33.291,-147.175704927858,224.592144485402
33.2915,-139.341437580075,136.937215703281
33.292,-146.990526323789,-43.8396211572027
33.2925,-150.661293140222,-281.780089568464
33.293,-140.128511837709,-516.849594797968
33.2935,-125.75064625245,-727.671785327919
33.294,-121.926415742951,-921.527623705734
33.2945,-128.666167819353,-1118.01785541788
33.295,-137.358085461768,-1352.90104258379
33.2955,-149.016600126608,-1649.89860205445
33.296,-175.444357521604,-1972.93782940615
33.2965,-221.247747686529,-2237.88492418459
33.297,-274.050111083686,-2375.46998730043
33.2975,-317.127020820925,-2355.43334521214
33.298,-344.798216999774,-2164.19390614838
33.2985,-358.966561941554,-1810.36335632495
33.299,-356.613770870732,-1352.89580864923
33.2995,-331.593725765236,-873.907814901882
33.3,-288.278585061486,-415.441170468441
33.3005,-242.967346246223,17.2840854362371
33.301,-208.268846360012,395.715086046977
33.3015,-183.621780882839,670.191004695742
33.302,-163.858651255372,842.842779826829
33.3025,-146.663365695095,981.652357233318
33.303,-123.881567355294,1141.54387349798
33.3035,-74.7033427670722,1318.35671693932
33.304,19.007840499199,1494.433183708
33.3045,151.677041028014,1670.91048087515
33.305,297.24915770424,1826.52620784165
33.3055,431.524185374807,1899.83451560974
33.306,542.33460291089,1853.54127591058
33.3065,621.015403410148,1717.64170884073
33.307,658.554342077871,1536.22994257552
33.3075,654.81544518533,1314.97080068988
33.308,621.799890917191,1059.34135178892
33.3085,573.26805635156,820.938113312169
33.309,518.97280161809,654.69773868036
33.3095,471.342978853619,556.893837606562
33.31,445.648813377787,487.531883255625
33.3105,444.594815121051,426.206895844803
33.311,449.360875355966,363.886879546709
33.3115,433.807536748707,270.87912730445
33.312,384.137778806934,126.602150801165
33.3125,301.990211834466,-36.8442443832249
33.313,197.877904327388,-170.342266667561
33.3135,89.7239276253283,-273.75690940202
33.314,-0.138431622873399,-380.432387437656
33.3145,-58.22097148294,-488.030000705581
33.315,-88.7225428625067,-552.512187854407
33.3155,-103.937381820563,-547.256817547232
33.316,-112.027912208215,-490.166911027829
33.3165,-121.169738038585,-420.678600338939
33.317,-146.120590818048,-386.022025925063
33.3175,-196.1980650431,-432.385736736152
33.318,-260.315332268652,-559.03351704775
33.3185,-317.541584478727,-687.826140155011
33.319,-360.306017655218,-727.989483632574
33.3195,-393.043405920525,-670.407767952303
33.32,-410.274877906925,-573.790000455727
33.3205,-396.255085383977,-465.917024357144
33.321,-352.985982609963,-317.554451710591
33.3215,-310.651492893491,-120.062105869395
33.322,-296.311325446175,71.8424394381567
33.3225,-302.211284764308,198.0703067879
33.323,-298.776502497344,249.175753649142
33.3235,-272.785655641292,243.933091827004
33.324,-238.475004035499,192.82750572186
33.3245,-212.700017737403,106.86210268693
33.325,-193.048150828854,5.90593388334319
33.3255,-164.777568962812,-104.700504829312
33.326,-120.775703048425,-232.964662965863
33.3265,-68.9897746809478,-356.434551281588
33.327,-23.8112759606036,-417.511798510588
33.3275,6.12469657771716,-389.904029811836
33.328,23.3331437187927,-317.281938598259
33.3285,36.9933438275444,-256.351771092418
33.329,52.7082401177361,-210.856457557207
33.3295,66.8941275345361,-154.627647551838
33.33,72.6443122286796,-93.5858936452773
33.3305,69.9363170305392,-63.4677956573441
33.331,66.812507328229,-75.842305367078
33.3315,70.3015457157961,-100.335480466521
33.332,79.4520773244727,-99.7191405922346
33.3325,88.4216062257524,-61.8272436333248
33.333,93.0997400182693,-0.375250564575519
33.3335,91.9395723881881,59.5102101978966
33.334,82.6695646991812,99.7377583933254
33.3345,63.3186484664016,121.846785985834
33.335,38.644290347533,134.377295554105
33.3355,22.8931928694526,128.409449413422
33.336,31.8009232885554,87.8961879941832
33.3365,69.2030031086546,30.4232631315878
33.337,121.235495946508,8.89209079826738
33.3375,164.500943863136,55.8992025605409
33.338,181.305791383775,149.958007383765
33.3385,169.28823628639,252.085463566641
33.339,138.878302884538,348.161353547612
33.3395,102.748863859797,435.121980366044
33.34,67.5442498983355,495.124741681703
33.3405,35.0723540750843,511.971089989315
33.341,9.5371655861796,490.017723000487
33.3415,-0.482293488167229,430.959381780136
33.342,9.81344435250321,319.698282038076
33.3425,33.5867019935509,165.943549207145
33.343,57.4176774889922,30.8011498619272
33.3435,74.2091773842744,-33.6472531095783
33.344,86.5235549891072,-54.5603160946524
33.3445,96.7415784668528,-102.833125603108
33.345,100.132531447656,-198.202457494125
33.3455,90.9804316196779,-295.534025707303
33.346,70.4581335586462,-359.640112787615
33.3465,43.7427048959832,-405.021353292472
33.347,13.1911275696356,-457.250299182468
33.3475,-20.3088806029016,-519.879674589695
33.348,-52.0846089036839,-589.95668295456
33.3485,-75.8286329591598,-665.706774828578
33.349,-90.3288695525811,-723.221145510197
33.3495,-99.8804648433732,-719.972588499154
33.35,-109.162345666143,-640.727203375139
33.3505,-121.258812788188,-515.806055462933
33.351,-138.467839984086,-380.888778001273
33.3515,-160.423779941018,-242.60985142915
33.352,-182.828037796596,-95.091295271586
33.3525,-201.448948484057,54.6042397402184
33.353,-214.381466529795,192.028304844494
33.3535,-216.901485478051,307.732207207319
33.354,-200.259986326917,395.86580728096
33.3545,-163.203615886177,460.14018938179
33.355,-119.266388987985,524.198139989081
33.3555,-82.0114362040956,608.331447746828
33.356,-46.6115298743991,689.094993567016
33.3565,1.25352222168772,714.145924384839
33.357,59.9041938347633,671.402130072858
33.3575,110.372238068967,613.032229400306
33.358,143.024409958272,591.925232638284
33.3585,169.728640980391,601.841287882136
33.359,202.581603315495,601.680954786073
33.3595,234.775420144128,572.302348156941
33.36,253.272778475215,522.574337281535
33.3605,259.217371117028,461.013462496153
33.361,262.618232344262,392.577617318435
33.3615,263.915518897575,331.418283983381
33.362,254.131827628377,288.644893674046
33.3625,229.839226435538,252.440100907969
33.363,196.521307274029,200.099896973192
33.3635,159.105352149641,123.783516087329
33.364,119.099734545319,29.7818381977321
33.3645,79.4908382953236,-76.4255131875886
33.365,43.1830951447034,-187.668130060138
33.3655,7.56076506208836,-289.082793157934
33.366,-31.3000064949363,-371.833170681715
33.3665,-70.576167672307,-442.543307528236
33.367,-104.682543849067,-504.849843250804
33.3675,-134.705946806314,-546.665053687704
33.368,-164.812028750346,-563.156691240246
33.3685,-191.958909829901,-574.664852710175
33.369,-210.234990950106,-597.707571086573
33.3695,-224.074492234691,-612.460605131466
33.37,-244.309035907991,-586.655942978103
33.3705,-269.433789570874,-522.753711026528
33.371,-283.530695735158,-453.76543437971
33.3715,-276.943323496326,-396.688877588767
33.372,-257.014571738849,-334.481178624813
33.3725,-232.215410434567,-240.688699488762
33.373,-197.707486740964,-101.145528959334
33.3735,-147.282611360032,80.0309372134697
33.374,-91.3391867784748,269.518448270275
33.3745,-49.6440316274299,406.701030590602
33.375,-27.8657609933779,448.607044710939
33.3755,-11.6509420903875,416.877064233877
33.376,15.2042431195381,377.376699413933
33.3765,54.8774265762635,373.570990821881
33.377,99.8564476585558,400.746975078282
33.3775,145.482210671978,435.298886100195
33.378,191.425739790018,451.722892893227
33.3785,232.187070653055,409.600855110297
33.379,253.074975897453,267.398803470719
33.3795,241.592619423931,30.8662566429119
33.38,203.119701989182,-237.22499321763
33.3805,160.216171090425,-472.011897633511
33.381,132.831350276876,-651.340713969303
33.3815,122.506577465183,-777.58406932564
33.382,119.548505691671,-845.773464456617
33.3825,119.439358500461,-852.586132540659
33.383,122.345561117692,-816.626718923068
33.3835,119.525230729687,-765.148555510199
33.384,94.8990667998808,-708.916630577457
33.3845,45.7152121033358,-642.918656926154
33.385,-8.94641400526497,-558.670865103923
33.3855,-48.4973314674349,-443.84804447638
33.386,-72.5671285720941,-285.993342175851
33.3865,-94.1518385668721,-92.3397369256339
33.387,-117.304601130938,105.919931815551
33.3875,-132.443172260201,280.985318328243
33.388,-131.407339197593,427.897473637405
33.3885,-116.107855985888,550.310564109195
33.389,-90.611290092842,647.160639721254
33.3895,-54.058983873439,722.544088973893
33.39,-6.94677085223483,782.300830236161
33.3905,40.2400420752097,805.725858922419
33.391,70.6909872306531,753.017912405602
33.3915,74.23257554687,628.992086261506
33.392,55.191999882568,510.41928630929
33.3925,27.5339275967472,470.441415758254
33.393,3.03467529141229,493.3333760392
33.3935,-15.7585181796871,503.838332553386
33.394,-32.4553646988554,465.242067938536
33.3945,-50.2330588805621,400.44077952109
33.395,-70.5621180947712,323.442612348725
33.3955,-95.1682201254202,208.193675958086
33.396,-123.546842156684,40.7940853647658
33.3965,-149.184952875587,-145.024302345536
33.397,-164.623214855462,-310.559083463476
33.3975,-171.26058547524,-455.160908822352
33.398,-177.801428078205,-588.424886560493
33.3985,-187.787529390926,-687.06025118106
33.399,-196.705173143345,-712.743218703107
33.3995,-204.182971745655,-659.856578494327
33.4,-218.641988473806,-558.701876912401
33.4005,-241.986247138301,-437.447811127571
33.401,-257.85394367318,-299.496990110295
33.4015,-245.893593814537,-133.097843713156
33.402,-203.536233966724,69.5221423412546
33.4025,-143.613823576257,295.073141748659
33.403,-73.9430781702257,501.673590311954
33.4035,8.77844191640096,640.233600459826
33.404,104.538449982945,695.190410770787
33.4045,200.36659681207,694.192659334897
33.405,278.968039824013,669.791229917915
33.4055,331.589702204011,626.001877252536
33.406,361.876274705329,550.132729235192
33.4065,382.660754478341,436.806765024908
33.407,407.533251067489,287.260703325206
33.4075,437.310329395448,107.729383706898
33.408,454.524671200295,-72.5757735503882
33.4085,439.600334768835,-204.774197677348
33.409,393.66111448747,-267.675866295303
33.4095,337.284024115587,-295.251106596003
33.41,285.434259911159,-331.947012398791
33.4105,232.681848912322,-378.245599038756
33.411,166.264004502482,-408.406476565545
33.4115,85.4343360235186,-422.330289697189
33.412,3.93598263700139,-442.264744581395
33.4125,-59.3865478216896,-471.2654685024
33.413,-89.1150964188316,-496.068870896471
33.4135,-81.5611318920715,-522.556817618722
33.414,-51.6716187888163,-561.702308206612
33.4145,-26.1852975559219,-580.120733433778
33.415,-23.1664961811735,-513.973281565513
33.4155,-40.0977879608228,-345.556585089913
33.416,-63.3653847389653,-126.650898356351
33.4165,-83.2925718396441,85.5321482212537
33.417,-97.607319258591,273.559868704616
33.4175,-108.469947549463,427.185621315339
33.418,-121.072782360299,516.568126099219
33.4185,-137.811922802844,533.183583344678
33.419,-148.840756047427,521.617072949325
33.4195,-136.93265245157,530.036048477497
33.42,-98.8279357201201,548.740373533396
33.4205,-53.8842770762848,530.341209513376
33.421,-23.3696295890354,454.135715369318
33.4215,-8.6925291473975,341.899324281464
33.422,0.989680028886587,226.515237638519
33.4225,8.63136313455342,132.896362918557
33.423,10.1178106966334,73.530652647455
33.4235,8.7532942421797,32.4012734363102
33.424,12.3814429555383,-36.0406706880173
33.4245,16.7963425157172,-164.364589464474
33.425,6.86911009095933,-332.968626222217
33.4255,-23.8209438417179,-486.584932682989
33.426,-67.1792151472352,-574.757973139016
33.4265,-116.583879922708,-568.425019303834
33.427,-175.313424122346,-473.567470806172
33.4275,-243.803750353827,-355.734257973602
33.428,-310.200555259125,-312.42505617191
33.4285,-361.416117949582,-375.996879360908
33.429,-395.86486708179,-468.856090825518
33.4295,-418.446593321698,-497.099455970354
33.43,-429.0646634996,-459.342735526511
33.4305,-422.251381632931,-412.844634517332
33.431,-393.542799033551,-367.859240850644
33.4315,-342.000747440102,-292.226353328143
33.432,-271.6367688063,-204.174234285955
33.4325,-193.838827895527,-171.904127982216
33.433,-121.867670032846,-210.348207870605
33.4335,-58.3059439236395,-257.405769348372
33.434,5.93194074216599,-272.178432474356
33.4345,75.4681878180544,-279.435336068186
33.435,139.898894758863,-288.062230086253
33.4355,184.808968422031,-246.298408879657
33.436,206.883393319688,-127.255254663252
33.4365,211.878861894249,10.6302513859661
33.437,204.39536024257,108.994544324154
33.4375,188.284165374159,197.74687471701
33.438,172.792837355503,331.625668589173
33.4385,169.304804175838,488.796398692823
33.439,183.001965186369,609.552291445301
33.4395,212.215106401249,699.463171810105
33.44,251.384331765301,809.947182865628
33.4405,289.430872104237,935.721915680029
33.441,313.13331242986,1016.27879097155
33.4415,322.690799647641,1035.09077208348
33.442,338.517756119659,1035.82908234491
33.4425,379.390950245074,1032.97004819968
33.443,434.987982872436,987.47664185638
33.4435,471.964311126863,894.7083316603
33.444,467.467959359579,821.599575954844
33.4445,426.0007836805,814.812315078715
33.445,364.626017534661,827.198255194446
33.4455,296.731361455801,779.975820480624
33.446,233.672196539274,656.989561314896
33.4465,185.808154863784,496.224630624214
33.447,150.496262186176,324.679593454975
33.4475,108.499695936347,148.190898421122
33.448,43.6718757816078,-19.4429182286923
33.4485,-38.5667214284235,-165.092748665041
33.449,-120.009865162563,-304.535344641694
33.4495,-190.237184897893,-466.183615143161
33.45,-248.661710335613,-652.825405343826
33.4505,-291.663021167647,-845.553660791218
33.451,-310.925180409799,-1033.41610970971
33.4515,-305.729921319218,-1210.31156890891
33.452,-287.98214847898,-1353.1419633217
33.4525,-272.961537121492,-1433.72145938492
33.453,-270.490337108806,-1446.71648170453
33.4535,-284.280577804863,-1399.27005949483
33.454,-312.147407671756,-1282.13367610438
33.4545,-345.549003003104,-1084.35971627117
33.455,-375.608384292599,-833.926202843583
33.4555,-401.082576421826,-587.883996230049
33.456,-424.091381000555,-374.117722343201
33.4565,-437.30084420499,-172.34021416184
33.457,-424.434838310786,35.4983162992087
33.4575,-377.945228135724,221.432421623959
33.458,-308.122341153047,333.782103637181
33.4585,-227.936605596949,345.256610649766
33.459,-136.015295108034,266.303718589008
33.4595,-24.8257690544283,130.171134412282
33.46,98.1499906638514,-17.0964223833744
33.4605,209.739507964648,-127.568545492583
33.461,292.560718479819,-178.282764086746
33.4615,346.004372508975,-187.722400078627
33.462,372.643903659821,-191.389795150821
33.4625,366.709705710804,-201.404186679995
33.463,326.444235225078,-199.80602969747
33.4635,269.142384028498,-166.45605474671
33.464,219.135960530569,-99.0075145372774
33.4645,182.609242569693,-7.62198633357976
33.465,147.933307147488,92.3827841686864
33.4655,111.664381141211,178.669064209686
33.466,88.5297546723061,231.257622598094
33.4665,88.6328591901364,258.604849829972
33.467,98.7220802282175,305.018822973963
33.4675,98.701340242851,413.135612329528
33.468,87.4212625167267,575.340524607391
33.4685,77.0706168399148,733.771135492254
33.469,67.833145140033,834.470603630803
33.4695,46.7921292651133,874.287960623025
33.47,13.564899612743,888.459834523474
33.4705,-10.6147221496437,900.927500441395
33.471,-7.80730080863074,901.464927233713
33.4715,14.1598648363052,871.645625320923
33.472,32.9563942186999,815.951199437973
33.4725,36.9290536140949,753.274779388077
33.473,30.4005296644374,684.256472211892
33.4735,21.5092481114348,584.42626712988
33.474,15.391948519175,435.146359723757
33.4745,15.1851383843024,251.193196395577
33.475,19.5588074616568,70.943910582723
33.4755,20.7091551405615,-73.3691601956814
33.476,12.4984995762066,-169.46347866374
33.4765,-1.56212778376163,-220.201058513119
33.477,-15.9118480564921,-240.41503057067
33.4775,-35.1934101459823,-254.774089425446
33.478,-68.8343651057821,-281.41703282697
33.4785,-114.605138451934,-315.116640274864
33.479,-158.714290082427,-342.501419543459
33.4795,-193.602136788103,-376.989025140675
33.48,-224.267546375925,-454.8854303382
33.4805,-253.066754417792,-579.694822734309
33.481,-270.102887787978,-690.172859629806
33.4815,-267.323300670419,-714.544947444358
33.482,-253.264373786779,-652.975090219556
33.4825,-242.09227435167,-577.077188856201
33.483,-232.472561365932,-542.574514256449
33.4835,-209.923940630849,-529.99947072271
33.484,-169.754222473867,-484.412503971114
33.4845,-124.687835322558,-387.803817744042
33.485,-84.7804931875155,-269.607257938762
33.4855,-40.4239261415369,-164.576156293279
33.486,24.9329524785467,-90.8248593059423
33.4865,110.244393391695,-62.4307998810754
33.487,195.519815527929,-90.098838037629
33.4875,264.345054950707,-159.47516057462
33.488,317.851575491734,-230.549788467977
33.4885,362.774106008879,-271.495311640982
33.489,393.410970725298,-280.055012989747
33.4895,392.645581972878,-262.550075099916
33.49,348.791273195093,-208.118522828584
33.4905,267.119797065594,-102.535373385091
33.491,167.095450504946,37.3621267287913
33.4915,72.6555727722111,160.412486613944
33.492,2.32716418972786,218.082921681415
33.4925,-38.8510063237821,201.451044568418
33.493,-60.3246784012133,145.475194607642
33.4935,-75.6823474049708,105.425462219753
33.494,-89.7256889509405,126.5489430349
33.4945,-97.5178701955248,221.823350456578
33.495,-95.2417697609651,367.089620074088
33.4955,-87.5930990506537,516.590277571421
33.496,-83.0103202385651,627.566848154931
33.4965,-84.3861229389449,676.301839927454
33.497,-85.7758686196357,661.94251029269
33.4975,-76.9933141812456,606.306436898691
33.498,-52.4071577747604,547.036818060759
33.4985,-17.8153200427434,512.860082820553
33.499,12.6257755062434,494.31543434032
33.4995,29.5990430639772,449.691205426204
33.5,37.2517684921277,354.569833397891
33.5005,45.0616465006299,237.261824858436
33.501,54.2719383433576,144.093555294668
33.5015,58.8810767570855,72.7092766510533
33.502,57.5080549542502,-29.7573123192984
33.5025,54.8087060475782,-189.748564077661
33.503,50.6546035226286,-358.551278230719
33.5035,37.8718609229391,-469.978008542722
33.504,14.0243452591507,-528.284331071121
33.5045,-13.2549691516961,-598.747708527635
33.505,-37.3999032881531,-712.065206720381
33.5055,-62.5422969389661,-817.536260500366
33.506,-97.4866834050716,-843.484329684842
33.5065,-145.100930029246,-771.426633812346
33.507,-199.363821099731,-633.411565527116
33.5075,-245.929596985345,-469.562838583991
33.508,-265.282708915911,-318.587937398704
33.5085,-246.606772977132,-224.400458881197
33.509,-201.567475952577,-207.938592594505
33.5095,-151.59332719909,-233.660185282229
33.51,-97.060900589452,-234.935783821415
33.5105,-15.7225500574423,-175.0055481874
33.511,98.1357854410383,-62.1114159333677
33.5115,210.574431327526,86.0712433973708
33.512,282.031554769297,256.914079492253
33.5125,312.32000264862,419.920938130316
33.513,330.943037543623,529.948772299185
33.5135,350.686926497025,574.096071387424
33.514,354.656516733377,590.068406856532
33.5145,328.223323662957,617.921131947136
33.515,281.261179185689,653.7984725208
33.5155,234.116185038002,670.41638374308
33.516,198.832594519221,661.603446045282
33.5165,178.463256627144,639.258953361738
33.517,168.799403714489,599.913912074958
33.5175,155.543371371475,524.937851664976
33.518,123.961083716076,411.67460437614
33.5185,76.1741360966761,280.447264071855
33.519,26.107392313994,150.653366965056
33.5195,-24.6788778073247,29.3409838647136
33.52,-89.3035082741797,-79.1640327567885
33.5205,-169.02257252681,-174.01351722612
33.521,-242.523382785448,-265.485542973803
33.5215,-290.786855336172,-355.252773452684
33.522,-317.271238931093,-409.299998031296
33.5225,-334.169943054348,-387.025604698883
33.523,-344.266282172331,-311.22316838584
33.5235,-347.557462191098,-270.186975499316
33.524,-350.589995773643,-316.226861166304
33.5245,-355.607321965003,-389.636478099401
33.525,-353.662231167919,-390.335254785503
33.5255,-341.895137624502,-312.127071310797
33.526,-332.792420768058,-248.392806445442
33.5265,-329.179301764754,-255.615259343989
33.527,-304.720746904874,-272.296605437506
33.5275,-232.762890550646,-210.811298333784
33.528,-126.290037427608,-80.1882573268368
33.5285,-25.5207923692659,44.6305951844827
33.529,48.8607162965656,149.557931802038
33.5295,104.77928541741,298.011461414131
33.53,143.880287320307,509.203067079212
33.5305,148.657410045941,691.740820785932
33.531,114.328301449956,741.514397822508
33.5315,68.5235972984296,659.996201537367
33.532,42.7612787776917,526.990860079009
33.5325,40.4530658985534,390.423899917031
33.533,48.4999466241811,243.309055164963
33.5335,66.3126087635721,93.8456889312694
33.534,103.728488351047,-10.9383707892065
33.5345,156.903248566446,-47.5604102614013
33.535,205.4410863213,-52.9904694437738
33.5355,234.400114647443,-76.3560635929921
33.536,246.216345749045,-129.774646804149
33.5365,249.34960256796,-208.162650189619
33.537,246.145285075222,-319.818675839947
33.5375,235.315959124413,-461.244694144497
33.538,217.99508100455,-584.444709009598
33.5385,196.52484032102,-630.553300398626
33.539,172.195146389141,-595.457112063514
33.5395,148.116381323587,-537.09678624299
33.54,130.779756626575,-515.945241656313
33.5405,124.61838147446,-541.519287297028
33.541,126.207626998652,-572.016618092464
33.5415,126.568348015177,-553.009539023565
33.542,118.674430247553,-464.307247423893
33.5425,100.7943353715,-344.254174077239
33.543,73.4074453005449,-261.94809713566
33.5435,36.9366653634333,-252.876745519857
33.544,-4.04595042782144,-290.306597248118
33.5445,-35.7561250988305,-329.329886449588
33.545,-40.7193415822342,-357.510917193751
33.5455,-14.429349925757,-377.585259143661
33.546,23.7080899104316,-361.660330964984
33.5465,41.6911316905169,-267.820284242518
33.547,21.2952847940648,-103.806788053938
33.5475,-27.4967323356253,67.7935771587043
33.548,-79.1757645926774,202.627924184975
33.5485,-116.459770345937,316.966319676478
33.549,-138.139982625863,433.524689546386
33.5495,-147.22428694173,517.454227543833
33.55,-140.999677354059,508.017972364413
33.5505,-117.930775666651,404.792199207254
33.551,-88.5931521731208,282.746327458118
33.5515,-70.4583313671132,214.253018155661
33.552,-71.0273939184727,206.415040121801
33.5525,-83.2456362653842,229.770165849446
33.553,-99.5528926983276,280.498607888731
33.5535,-121.670854349644,381.49749315059
33.554,-149.594417436359,527.962185501421
33.5545,-168.356831896816,663.939987275733
33.555,-158.716063116511,727.176119927106
33.5555,-121.268032027731,704.42725749083
33.556,-78.3582348757827,634.281085265943
33.5565,-47.2961361654164,569.321041359617
33.557,-20.3804198492963,546.131768556835
33.5575,21.3580895176729,575.291746241875
33.558,79.9003862166367,636.734388397019
33.5585,133.299882049557,688.434849724611
33.559,154.945255771933,700.538509818594
33.5595,134.280146274269,681.866804937181
33.56,80.5577403376696,655.963900576601
33.5605,12.7856998239957,614.204701441832
33.561,-52.7794234225793,517.202471939317
33.5615,-109.587396920359,346.000902432796
33.562,-158.81622633666,125.838076471661
33.5625,-201.838409693252,-108.616036849997
33.563,-236.25026932484,-342.083454134214
33.5635,-259.523075623593,-555.972792819258
33.564,-273.346374984379,-706.015397032449
33.5645,-280.966930466833,-753.183430575487
33.565,-279.63540990794,-704.187339410278
33.5655,-256.462872100474,-597.710581651147
33.566,-193.90354770354,-463.21860350838
33.5665,-84.5888200520278,-317.019709714658
33.567,55.7381325283827,-184.896902764486
33.5675,194.853253561538,-96.970038790592
33.568,310.203902798861,-62.1644628814473
33.5685,404.347208438593,-70.3893110026729
33.569,485.521545521494,-114.89072810785
33.5695,538.554202062518,-190.634177756024
33.57,532.435482297017,-278.733925687483
33.5705,459.410884935204,-358.232434192815
33.571,349.295520875923,-427.271989758767
33.5715,237.478751453864,-487.749264496242
33.572,135.468663513036,-519.634961847388
33.5725,44.6606179335579,-504.236557212597
33.573,-19.1825052693125,-467.08911749364
33.5735,-38.4601370421478,-458.978774792724
33.574,-24.0130508256562,-492.16176271284
33.5745,-10.2124957101673,-532.428269955652
33.575,-17.8414704596732,-558.280616949537
33.5755,-37.6689805713051,-586.943274815095
33.576,-52.3787447665399,-630.307631744956
33.5765,-59.4999967502756,-665.865887395364
33.577,-68.7383753475108,-670.877209767973
33.5775,-89.6800848804154,-650.372213569921
33.578,-127.447332954939,-609.829880862372
33.5785,-180.365570137097,-532.616410976975
33.579,-236.905227567734,-408.928957480601
33.5795,-282.643201041875,-258.827224022207
33.58,-313.372857091366,-102.888684742425
33.5805,-334.431544478077,62.091506919702
33.581,-347.062943949165,233.687090861518
33.5815,-345.991652920893,379.116778083113
33.582,-332.1918454122,469.129472758668
33.5825,-315.276333369057,512.849384845343
33.583,-296.513393135019,532.608169666361
33.5835,-259.058855252207,529.666022138804
33.584,-184.004338309114,500.185045589951
33.5845,-72.3796324409104,452.580947584201
33.585,53.8114783459398,377.864355059421
33.5855,169.525867253636,243.93158431143
33.586,263.771046433556,69.1106568583771
33.5865,343.220863598752,-35.1411057880095
33.587,420.020089352767,34.6352410935047
33.5875,491.693795150965,240.593706456621
33.588,534.645082998973,434.32940791877
33.5885,525.464729169265,517.618053326731
33.589,469.041602416884,513.893700342839
33.5895,397.693523116523,486.507165549438
33.59,342.047921620502,462.232927797298
33.5905,310.368489925556,452.791878396568
33.591,294.179821416257,478.981553672262
33.5915,280.639593081775,534.845759414412
33.592,256.167718749471,580.76756739266
33.5925,210.448239311883,608.521738488128
33.593,143.925344411251,663.567445794258
33.5935,64.9489839825744,761.947785832035
33.594,-21.6096532474992,833.302108404331
33.5945,-112.795406226759,800.457679824714
33.595,-194.411767839221,681.961974905138
33.5955,-245.426666145583,559.393749272603
33.596,-263.187544731626,465.703449833673
33.5965,-271.971682692341,363.431628414014
33.597,-296.922155445269,222.79061501876
33.5975,-337.233775408256,66.0731291791715
33.598,-371.373977122122,-67.3092752107287
33.5985,-380.604816348227,-155.640914341945
33.599,-362.674484504788,-191.57219336985
33.5995,-331.701688485833,-183.297637395041
33.6,-308.148694761613,-164.562191434998
33.6005,-297.856950465163,-171.117837671944
33.601,-279.4544849153,-205.116031108978
33.6015,-229.157162329036,-252.080963558607
33.602,-161.497911758726,-324.79421825247
33.6025,-122.158571242627,-445.671913941313
33.603,-128.270904963161,-585.422223924405
33.6035,-139.126365597998,-673.372366617609
33.604,-106.165785415372,-687.716286083645
33.6045,-32.9080099743811,-687.179425921378
33.605,39.2771241535604,-723.057557484769
33.6055,89.6326484083571,-762.887346767003
33.606,132.559104115801,-745.687292373974
33.6065,180.938593237702,-683.576942189435
33.607,224.597417160178,-652.65810380005
33.6075,246.517083319902,-686.433124353524
33.608,237.712795276104,-727.680154289519
33.6085,195.237541365293,-703.3266513335
33.609,126.126734037438,-616.233817249152
33.6095,53.3501586006108,-538.93164105214
33.61,-2.81599383269364,-529.299170546312
33.6105,-49.0341714240367,-572.798080535003
33.611,-103.079081444197,-605.739278505541
33.6115,-155.04755029867,-578.473423616979
33.612,-170.883019623998,-487.604241092733
33.6125,-138.876849526798,-357.318354613548
33.613,-85.7567661355607,-209.786002184812
33.6135,-37.0803973308865,-61.9340022292755
33.614,13.2643499747608,64.4914552199429
33.6145,81.0214307166503,149.880945093506
33.615,162.056454996079,192.492410550592
33.6155,241.351946944263,205.220672010778
33.616,312.207568753974,203.599245814391
33.6165,368.745339912468,213.921498113072
33.617,396.57798009203,281.087861313514
33.6175,391.823128466658,431.08584678046
33.618,377.032137508418,616.921603926173
33.6185,376.759454284059,737.682519612672
33.619,384.245133626599,737.937659157721
33.6195,370.379363812663,669.263621550454
33.62,319.510806921498,628.990577678308
33.6205,239.6145916266,653.348924087891
33.621,144.240283939026,698.661803229755
33.6215,45.0513038098977,718.278238548793
33.622,-39.7678470725512,723.403544197977
33.6225,-91.259999226335,757.385399075372
33.623,-111.759769784383,829.935339525461
33.6235,-130.995186389837,894.233455330889
33.624,-184.335015523766,890.288756628964
33.6245,-286.26222297196,807.463124561431
33.625,-419.166633956293,698.715833234997
33.6255,-540.286394185778,623.800134885877
33.626,-607.170873583209,577.78724702252
33.6265,-610.555740844392,489.006202940144
33.627,-581.250031093376,295.439767372996
33.6275,-555.33338060202,16.6568465785475
33.628,-537.145655063425,-249.557181755447
33.6285,-506.973618319928,-390.094928403727
33.629,-455.645140997485,-346.352903288427
33.6295,-390.615490422206,-162.243963380978
33.63,-310.043233160802,16.9272567118401
33.6305,-195.870669726801,26.4927488620064
33.631,-42.6263232646512,-193.322980294415
33.6315,124.082829534037,-549.066852776794
33.632,270.146166978243,-879.255435441263
33.6325,382.427204108798,-1079.50717812245
33.633,464.576341414693,-1144.24424619061
33.6335,514.968248719355,-1123.55897629336
33.634,525.659586651121,-1071.58085133354
33.6345,500.196782422446,-1015.30251898283
33.635,456.570000710023,-936.732057118997
33.6355,407.516732524063,-792.42691062121
33.636,347.310122126876,-573.754017802716
33.6365,266.040283821876,-332.024151664631
33.637,173.751495991937,-120.720669328309
33.6375,100.605566499716,60.1214220347458
33.638,66.8652778218285,226.148439197161
33.6385,57.3121844516447,345.536986281223
33.639,37.4634320095624,368.862040888392
33.6395,-0.792343862255788,307.234830408739
33.64,-22.116107625422,221.598903303603
33.6405,11.1840828319038,137.589139709035
33.641,88.2719846459549,29.715517817194
33.6415,157.01782318452,-105.242211202938
33.642,180.979165340442,-217.778926955531
33.6425,171.176125584067,-263.988120752573
33.643,158.137810742227,-246.952262890322
33.6435,153.675940302301,-188.592082768566
33.644,152.968734744191,-105.545456015484
33.6445,155.532213221668,-17.7114511569821
33.645,160.528444178499,71.5448639940857
33.6455,148.072396487795,205.043634045869
33.646,89.8548791297605,415.244850943666
33.6465,-16.6442288508582,631.907013523773
33.647,-140.803655309293,729.964097990125
33.6475,-251.111611120751,693.732696685093
33.648,-340.3207632643,639.842225756508
33.6485,-411.404947496592,629.013495834327
33.649,-454.110313876828,553.746351943936
33.6495,-451.370867061421,297.489295633806
33.65,-402.94286958026,-72.1500005563503
33.6505,-328.312638923809,-373.061257362703
33.651,-248.427811905285,-519.575588448249
33.6515,-177.918554654471,-555.319488809082
33.652,-134.043140366243,-512.838410331158
33.6525,-134.625381985835,-367.278068158516
33.653,-177.175892453995,-133.332187236435
33.6535,-232.338575948223,105.876098527419
33.654,-272.062216458463,298.088415174185
33.6545,-298.583797272298,464.257954190805
33.655,-332.026284419326,610.184600023951
33.6555,-373.402811299085,673.00194054167
33.656,-397.689940876713,597.455230080971
33.6565,-386.436983918159,407.276480631572
33.657,-348.933501164738,162.202132581635
33.6575,-300.146110152522,-107.615223430845
33.658,-232.244944027324,-388.542287526287
33.6585,-125.272469534221,-646.677222487529
33.659,21.1104655891137,-841.051584178344
33.6595,184.715456405086,-948.308651321484
33.66,347.146955415769,-955.343311579322
33.6605,503.538611217657,-858.027408846279
33.661,642.472872087889,-681.28798258235
33.6615,735.773547820206,-466.594291366802
33.662,761.202412599859,-230.206722654845
33.6625,725.207818495887,25.2280240570411
33.663,652.388666935472,250.956400334268
33.6635,560.820847855592,362.709316555671
33.664,458.746914452262,340.51111194312
33.6645,357.224797916311,270.08953862673
33.665,269.980932126693,247.782977808963
33.6655,200.913552967291,278.867541567902
33.666,142.910982563721,302.829014214257
33.6665,89.3652074194807,286.777431423728
33.667,38.1220950123971,257.460170928256
33.6675,-14.0701124232274,261.878710987248
33.668,-69.3618725881946,325.577748629198
33.6685,-119.924808691562,435.699503261125
33.669,-152.466345962045,548.834902795546
33.6695,-165.354902873152,632.50659639265
33.67,-172.964663218513,704.097333960499
33.6705,-190.500088867244,800.598989392787
33.671,-222.553930775498,906.766964772963
33.6715,-266.646613417799,952.770239083598
33.672,-314.402360901787,892.755945957178
33.6725,-344.482648668221,744.91810978284
33.673,-330.300333249576,544.221981574977
33.6735,-267.996550866594,302.387363894726
33.674,-186.929384385344,28.7576738530796
33.6745,-117.737552462935,-257.28260069062
33.675,-56.3892364055035,-548.479550899804
33.6755,23.9254699912663,-832.623892942451
33.676,127.810964756432,-1044.37820946935
33.6765,221.856035909716,-1103.65539586624
33.677,266.944232762057,-1025.8648552139
33.6775,252.791471289661,-921.728312368299
33.678,196.744194599978,-854.790726045052
33.6785,123.192878171856,-774.66378875586
33.679,53.4275429263597,-631.082457213262
33.6795,4.22267580158316,-467.175400405787
33.68,-18.4184639179182,-338.095444213112
33.6805,-23.582695466755,-221.935014556228
33.681,-26.2148189421098,-94.8237685286575
33.6815,-33.7480500023605,-23.3679199940531
33.682,-43.839395279847,-83.3277896217974
33.6825,-49.6403057778573,-230.874097326543
33.683,-42.5758871053296,-343.753335998969
33.6835,-16.6638612123257,-355.571868846386
33.684,21.5543773222105,-278.124087464421
33.6845,51.2927692364695,-144.538412362029
33.685,54.2299082758055,-12.7446650286742
33.6855,31.0192405060347,36.3956580204798
33.686,-5.33146534127668,3.9176388517917
33.6865,-47.5039549129294,14.9973089101212
33.687,-93.8026418458715,143.852547126628
33.6875,-132.025597799206,261.420482880299
33.688,-139.063949291204,198.978178629549
33.6885,-104.898119821917,10.9511116375416
33.689,-49.6311855468477,-94.1547902032098
33.6895,-8.73561266737877,-58.1903773388282
33.69,-3.34115367425198,-22.6310312225184
33.6905,-27.301069078742,-69.9737277300436
33.691,-57.5928110422142,-113.03855171831
33.6915,-72.3481815393278,-84.3653478429235
33.692,-64.1744591646242,-42.2140309150568
33.6925,-45.0050222306728,-10.1044129209272
33.693,-39.0937937563289,108.570445147684
33.6935,-65.3040537191334,346.853244795405
33.694,-121.289280989548,561.761126295905
33.6945,-183.431223636882,630.90263655638
33.695,-222.457342126862,625.715086350137
33.6955,-221.718386661473,652.762822958424
33.696,-184.707631899222,647.953968951313
33.6965,-127.517754409847,491.554967274385
33.697,-64.6618726453575,236.519594542235
33.6975,-3.60763422647727,52.8563380587442
33.698,47.8251222344807,3.29532431655505
33.6985,77.1276258552815,31.6552546467058
33.699,78.7433197183527,122.816309147937
33.6995,65.7340763222665,304.153032692563
33.7,57.4046502826163,509.092589882042
33.7005,54.6463963143222,605.092780984724
33.701,40.8007427289146,567.960891713783
33.7015,11.3437980097804,491.493396510188
33.702,-11.6184441306882,416.475168928712
33.7025,-4.74991128459407,285.187062910859
33.703,27.4477446632477,80.5324546464179
33.7035,61.2470592526013,-125.959470954798
33.704,82.6052427806195,-296.357967804393
33.7045,93.4774581155094,-469.374475110956
33.705,97.4668472241207,-639.746682241095
33.7055,98.2516804820756,-716.940447110222
33.706,109.172305677473,-664.491991294164
33.7065,142.327201270291,-576.99343918976
33.707,183.517349085914,-550.500955345325
33.7075,198.287921231678,-559.649832281692
33.708,173.459966850576,-525.289159976976
33.7085,136.643933780857,-426.422928965357
33.709,121.103679897059,-283.905934862188
33.7095,124.309323881262,-110.0927204344
33.71,118.447162198846,55.4644008358511
33.7105,93.9909520656952,129.898760610729
33.711,72.9910220929102,85.3201691775212
33.7115,78.7182212248886,8.19174381162471
33.712,108.311423122717,-17.078469328311
33.7125,140.470977081084,-33.1188075233124
33.713,158.818598811862,-130.865236016769
33.7135,160.901059968094,-284.209349241415
33.714,151.070596853217,-363.021431391123
33.7145,131.921047706644,-301.490680855439
33.715,102.265655979107,-159.815844207929
33.7155,61.5850909192189,-7.21415496225899
33.716,16.0081424398516,168.332559730221
33.7165,-23.7494196723666,393.615104564093
33.717,-53.9927100494092,616.980156742518
33.7175,-82.7541284069218,739.4652696705
33.718,-115.575208346521,715.8007313073
33.7185,-141.190936133638,583.202042197149
33.719,-143.626979933203,404.63165747545
33.7195,-128.389603019295,224.257862221792
33.72,-122.647339021166,75.7173609335743
33.7205,-144.004807960823,-12.08062046986
33.721,-180.671814861631,-42.0183696689986
33.7215,-209.681325787934,-52.0963546262658
33.722,-223.094253996212,-56.727284737606
33.7225,-225.47307023517,-4.38783894838151
33.723,-216.776268779222,157.123624757089
33.7235,-195.770434452694,378.882633740017
33.724,-176.691051954151,538.797139376966
33.7245,-182.754028176581,590.121358411257
33.725,-217.616430949171,610.553663935674
33.7255,-257.008527261377,656.250873004579
33.726,-275.409500629932,641.049253397955
33.7265,-269.628133858759,450.496977767585
33.727,-248.742968006251,128.804887352255
33.7275,-213.385943775457,-162.091785648287
33.728,-158.725801695442,-357.532368455213
33.7285,-91.5143055784784,-541.070421329023
33.729,-29.7352408582989,-759.794115774509
33.7295,13.9638927939709,-916.755110402632
33.73,38.7325712883996,-915.835587889096
33.7305,48.6796744894278,-812.172597029051
33.731,51.9475803708074,-724.269467003962
33.7315,64.6855650630092,-669.48855514519
33.732,100.555848924616,-597.377954916087
33.7325,153.469996045838,-542.229203285039
33.733,205.042938415445,-613.025493260915
33.7335,252.936541839696,-820.211417822967
33.734,314.093203902255,-1017.76076214928
33.7345,389.472172877947,-1059.83779125758
33.735,442.948610008037,-945.62274762089
33.7355,434.994846615049,-768.137282681782
33.736,370.064520760501,-584.220992797138
33.7365,292.693979092072,-398.311804326931
33.737,240.32779507721,-233.0860813288
33.7375,216.054277748351,-131.372700233162
33.738,203.387186963539,-81.0649626326808
33.7385,186.597858173956,-6.24591827951854
33.739,153.331898572148,133.359366902232
33.7395,96.6787886065947,282.48101839387
33.74,24.524841392098,377.943694605039
33.7405,-43.1182204136299,459.257079315869
33.741,-90.1024507491227,617.816829333613
33.7415,-108.311724523266,842.17141446937
33.742,-90.1106525229828,1000.47519432037
33.7425,-38.4200097075376,1009.86135290231
33.743,12.2804901335434,946.911985341695
33.7435,12.197450999169,932.520120559563
33.744,-49.7843006864304,973.240392005503
33.7445,-127.730671760008,996.119075021415
33.745,-173.006255369421,985.80555863211
33.7455,-190.220525002121,980.100863396975
33.746,-217.518225097165,956.038137901666
33.7465,-267.135692769114,841.629840541128
33.747,-314.690634103549,649.768399478754
33.7475,-339.578257580959,486.02100856748
33.748,-344.007493565202,392.133581972974
33.7485,-330.27748327306,286.755049130131
33.749,-288.842514236658,107.52791598286
33.7495,-218.638366792732,-85.0502899930558
33.75,-136.716019368456,-203.147953014955
33.7505,-56.4188196439709,-241.748765278019
33.751,26.3745042343206,-228.71720540427
33.7515,114.738570348375,-154.201360825912
33.752,193.929579358536,-33.5510737667967
33.7525,243.882860870264,37.9038473466041
33.753,256.523762811447,-5.87620366321536
33.7535,233.864091703036,-94.0406468093294
33.754,183.970257163017,-122.781641472867
33.7545,127.192143553372,-121.281135863339
33.755,89.592630131594,-203.789401133583
33.7555,77.2603648534879,-383.520923491317
33.756,69.9198834117771,-546.531817906848
33.7565,50.7193369111847,-605.094262820425
33.757,27.0432454796052,-575.495308836414
33.7575,9.09411577508432,-500.499604371901
33.758,-13.4004777813963,-392.585195261103
33.7585,-51.9487790311832,-272.142645322994
33.759,-91.1153996239144,-178.266455003563
33.7595,-105.93399669237,-117.274935142666
33.76,-100.640170440181,-65.1904222396683
33.7605,-103.024739225526,-33.6551870681777
33.761,-120.799358150846,-68.7498998088097
33.7615,-129.712193493571,-174.978079874338
33.762,-109.896850500927,-302.844504376318
33.7625,-69.5091294935002,-414.088195760091
33.763,-21.7302811749463,-493.178763873351
33.7635,40.0019219207857,-502.900526375236
33.764,125.658011978275,-418.235879261689
33.7645,218.955155529139,-310.513171531219
33.765,281.691757564154,-298.555389652508
33.7655,285.703358724358,-389.508489768932
33.766,231.666540838877,-460.299922142664
33.7665,141.319453936084,-428.129269601831
33.767,41.825090764735,-343.509276564018
33.7675,-44.0173190425685,-275.488373986606
33.768,-103.07416854468,-212.941380348178
33.7685,-133.507878391777,-145.41883724336
33.769,-141.566170662548,-135.121397589986
33.7695,-137.511914021463,-207.401816832921
33.77,-133.156870715489,-248.756579549592
33.7705,-136.712785878037,-132.303132696328
33.771,-145.674203625646,98.7544182390467
33.7715,-148.255650222222,286.003609316679
33.772,-136.111374639034,369.247207864704
33.7725,-113.465103255068,431.592317651001
33.773,-89.9231903646155,532.521563754087
33.7735,-65.9649665068555,607.72803313529
33.774,-30.306676695455,571.729234437257
33.7745,26.1751089737097,441.302190707699
33.775,94.7508868607208,308.622436220503
33.7755,149.468566952087,236.449536400889
33.776,167.119452718884,218.724583429924
33.7765,148.62398754924,218.294404218082
33.777,118.393943460123,212.165638200845
33.7775,100.445414958038,205.9228711804
33.778,97.7905558344313,214.139929939165
33.7785,96.9187911274215,227.386276891948
33.779,86.3148003131517,213.999313855979
33.7795,64.5896953228121,167.696390279424
33.78,36.0943658864588,128.945814571656
33.7805,8.27024635314215,132.030497887012
33.781,-9.19596914788966,155.454545409575
33.7815,-13.1581271866331,161.189451734967
33.782,-14.9037160581158,159.223960946038
33.7825,-29.2334580222407,185.476258247644
33.783,-54.5645931021989,231.651609032646
33.7835,-73.5081227315503,250.627110073866
33.784,-74.2230383952183,224.561596322918
33.7845,-59.9583486651122,172.508486634793
33.785,-34.7660496143408,91.7641277966209
33.7855,7.04626572236498,-45.4814080127108
33.786,69.3491540441617,-219.946200200377
33.7865,141.234787113146,-346.221387843625
33.787,203.284785747621,-360.030650777776
33.7875,240.094593457905,-291.176619991425
33.788,242.728021545584,-222.358653838431
33.7885,210.94714752101,-200.669795155463
33.789,161.853923347402,-209.074811121834
33.7895,123.574542592986,-196.570523559862
33.79,105.487610964097,-112.958985839733
33.7905,83.4868061558806,58.9661567889548
33.791,32.6287363715853,272.007471477479
33.7915,-30.637925913545,425.450011568622
33.792,-60.6305191402096,436.084340877999
33.7925,-40.4896585259292,304.400260927205
33.793,-8.64921162747345,105.258572688068
33.7935,-16.6945018025534,-79.1545719483968
33.794,-74.1203400860119,-210.683171054412
33.7945,-147.591196039153,-293.669603216885
33.795,-204.900717005433,-342.451243377323
33.7955,-242.12373959781,-358.953733779916
33.796,-269.129565146496,-339.94294698228
33.7965,-287.6596187124,-292.773080818337
33.797,-295.607715259364,-223.775483982473
33.7975,-304.169859968409,-112.858484463167
33.798,-333.409950074599,64.9396550219136
33.7985,-384.123683904389,272.16629670874
33.799,-423.062831727207,399.595895391525
33.7995,-408.91421472121,367.618566572641
33.8,-335.379255551751,216.912256418689
33.8005,-240.074136840066,51.5500049584874
33.801,-164.608858414772,-89.3993096706973
33.8015,-110.389606276286,-241.049072970838
33.802,-41.1184255680929,-401.005564927838
33.8025,72.2087306654151,-491.24120394097
33.803,215.161999766613,-462.178643247689
33.8035,339.188639968428,-365.907748061808
33.804,402.479519335214,-275.144521476236
33.8045,401.36825787885,-181.720808770253
33.805,366.299692843066,-39.2488313605799
33.8055,330.029061348349,127.032975243326
33.806,299.56477865963,226.200557498893
33.8065,259.284480226567,212.790408222649
33.807,199.676048373533,133.841232963695
33.8075,135.66663547009,63.1008725162072
33.808,91.0783558933054,41.4700118909377
33.8085,70.8476798170899,87.2085230063471
33.809,58.836313020773,201.322288819136
33.8095,41.5368563248679,330.946207176902
33.81,22.2466087874345,377.406664433868
33.8105,9.10957323759028,291.200779890639
33.811,0.794967406923366,136.954354265148
33.8115,-8.27573391726532,21.2006167852079
33.812,-16.5776888952608,-27.6959423884273
33.8125,-18.9669414625617,-61.050507533862
33.813,-16.8141729102207,-103.376171722057
33.8135,-14.6953053211908,-109.228094955354
33.814,-9.28544659683861,-47.13584852569
33.8145,7.55151939751965,30.0497507578517
33.815,33.2017364102058,45.7389461470447
33.8155,51.9206951147767,-1.53637438435494
33.816,52.8038568860834,-51.8998513041844
33.8165,42.3547092765664,-80.2353292137418
33.817,32.6750520223068,-121.513868804405
33.8175,24.2504445888381,-196.611351850214
33.818,11.5466247569478,-263.188036633875
33.8185,3.14136185723038,-258.336005575561
33.819,21.0990723974966,-158.692831347646
33.8195,71.6918749306517,7.3191971135142
33.82,125.131220237022,169.858552206644
33.8205,137.285051138076,240.211741297138
33.821,91.9493973092471,179.749113211339
33.8215,12.4790426750603,65.0618192654538
33.822,-69.6321005568166,27.9717112356666
33.8225,-146.087500251088,101.604087792658
33.823,-223.737990137747,181.04064341704
33.8235,-293.976350017402,168.681992241067
33.824,-326.267816720355,90.197335794914
33.8245,-297.582853942174,13.7018788551793
33.825,-220.445396078036,-70.6560242457547
33.8255,-133.461627199937,-201.788126593893
33.826,-64.2755378610655,-333.782951281395
33.8265,-7.6579676881395,-381.465417648523
33.827,56.0934698108313,-355.590276276717
33.8275,124.934017256842,-341.72694930466
33.828,168.160908321888,-351.274676928887
33.8285,163.58970612852,-308.778312479913
33.829,133.930414072771,-200.452197079511
33.8295,127.587763504135,-117.501519823495
33.83,158.124429990849,-112.912858586181
33.8305,181.31904766455,-121.755443491704
33.831,148.719587208279,-77.7510876610808
33.8315,71.608554752824,-12.3446104519739
33.832,8.60201739385019,27.6959042974724
33.8325,-5.85234870358946,71.5173564465879
33.833,6.44689376250164,152.022483575821
33.8335,10.8987674975994,217.955331864175
33.834,5.44889988490462,209.698828917487
33.8345,4.06711827180493,165.806090131807
33.835,-1.09472793326845,162.78301096913
33.8355,-30.5580205537468,198.603990811641
33.836,-79.1833370390855,232.565875126578
33.8365,-116.926280791085,294.411534544057
33.837,-130.064901696008,435.835440920503
33.8375,-136.921675343951,593.08527540911
33.838,-155.560826363907,622.62277755129
33.8385,-177.229609583019,489.216704373642
33.839,-182.890252013096,313.034329198318
33.8395,-168.363664532241,203.286628802515
33.84,-139.389469121547,144.030804883319
33.8405,-97.0013200754415,86.4904838403813
33.841,-45.8852034174648,59.321142468289
33.8415,-7.74364946339393,112.824633355629
33.842,-6.35158658269091,211.69726269805
33.8425,-41.0492568451679,261.501428941277
33.843,-89.9985943584238,219.970263247259
33.8435,-137.229141131454,124.888076728208
33.844,-180.113185136517,24.2221259848445
33.8445,-211.292555909691,-71.7319488377457
33.845,-214.726095651858,-166.948664880822
33.8455,-188.553440658202,-244.562822661324
33.846,-154.330745032236,-271.229727497374
33.8465,-127.334216404501,-231.137746618025
33.847,-86.5136172614275,-151.649220138064
33.8475,7.75122203313644,-84.9938924662559
33.848,163.684762738701,-51.6720103099456
33.8485,335.731414624768,-17.40786483017
33.849,455.167655153289,44.0210292367789
33.8495,479.987003550544,81.3269314209737
33.85,419.338465933552,14.7752816066048
33.8505,320.131485132413,-137.212137263784
33.851,231.997160336212,-242.635283182361
33.8515,175.625572198468,-205.672829072482
33.852,136.842262907426,-89.656832328556
33.8525,91.0971684927982,-43.6765860989316
33.853,33.5519234991838,-132.130550737013
33.8535,-18.0265077713484,-283.340977373895
33.854,-47.2343606956387,-389.342904654137
33.8545,-54.9258940478441,-403.691853845536
33.855,-46.6340300020778,-341.684132691104
33.8555,-15.5435703725267,-238.649321131616
33.856,48.0429891288714,-135.222302828358
33.8565,132.821514348818,-73.4612382896168
33.857,206.924706646368,-71.9458336218733
33.8575,247.415010097916,-104.986604809334
33.858,258.500480445068,-123.509704733959
33.8585,252.768856115971,-101.50822766817
33.859,225.309384480526,-58.3697303156917
33.8595,162.430505031136,-37.9746237183987
33.86,72.968963897389,-72.1549700801199
33.8605,-8.88043526389616,-161.868209671905
33.861,-60.791513594799,-279.072320432329
33.8615,-98.124143286065,-375.055707654103
33.862,-148.341946019836,-397.945782573895
33.8625,-209.669071746697,-329.970034260754
33.863,-255.970916312352,-217.72491600443
33.8635,-280.537766803852,-143.615356950687
33.864,-308.210782080113,-148.23077246452
33.8645,-350.392446212187,-195.753959291027
33.865,-369.74332725855,-233.238527635146
33.8655,-317.238941703785,-258.884840748935
33.866,-198.843697879667,-293.486609525698
33.8665,-77.125962005448,-300.587793558249
33.867,0.189400564546629,-195.643805440491
33.8675,48.6329907302257,43.542490361921
33.868,107.885872334689,317.824645348542
33.8685,174.121622459895,494.25064994054
33.869,200.485300173036,535.345600680405
33.8695,163.511619611306,515.616369710223
33.87,101.830126306686,524.981035373754
33.8705,74.4922697176748,584.082840057192
33.871,94.4724530357764,648.214429972669
33.8715,120.038817318995,666.274676706755
33.872,107.366775129632,628.083002025918
33.8725,55.0623619728809,567.205139307518
33.873,-7.26836037907591,524.659617585333
33.8735,-60.0227514540443,507.427057289612
33.874,-108.855300711487,482.750781319636
33.8745,-162.828837402144,412.738326917284
33.875,-214.822944386018,288.947685006266
33.8755,-253.556970687494,135.369448370762
33.876,-284.576572894351,-8.14290752182241
33.8765,-321.302008025485,-101.762436565438
33.877,-353.62830795733,-124.443609814471
33.8775,-343.015036175694,-94.2004920479239
33.878,-262.463399868009,-62.993096712102
33.8785,-134.73294286102,-75.9912815469225
33.879,-16.7941602013803,-133.295197199742
33.8795,54.5890834143889,-195.44656018109
33.88,92.3449007777355,-222.947693589353
33.8805,132.587347238975,-206.468942852309
33.881,187.697498148792,-163.362348801211
33.8815,231.966230893542,-110.828551784822
33.882,230.879668006432,-43.9205022236147
33.8825,179.7539542863,56.5390687459448
33.883,112.049440347622,189.806594684757
33.8835,69.8105120547582,315.005115750941
33.884,67.0125405625677,376.072934281315
33.8845,83.8674521256876,345.491352294649
33.885,94.4183974258681,236.764139474018
33.8855,90.7239379058417,85.1644482908991
33.886,76.7368377129908,-65.0154237698046
33.8865,50.4564981305777,-163.755487483796
33.887,5.88463377876583,-179.183676847266
33.8875,-51.0845462622197,-130.897284822635
33.888,-102.448773983646,-83.7957530390767
33.8885,-134.199042507855,-101.767942810389
33.889,-140.816644562559,-214.565976142361
33.8895,-113.74473295764,-414.414894881656
33.89,-42.2446792686243,-650.240497271708
33.8905,64.895217015396,-828.487881467038
33.891,169.79425107781,-868.123034280774
33.8915,230.712748016555,-777.434978234172
33.892,234.777635594425,-644.277772932542
33.8925,200.019277246167,-531.645224093479
33.893,151.445593279438,-419.28428266589
33.8935,104.64749002568,-271.963868786681
33.894,68.6336510014983,-118.598584735201
33.8945,50.7938286797996,-14.2731880884345
33.895,52.77270531413,44.8844387917674
33.8955,66.5378383795326,107.21711957316
33.896,80.2270061971093,177.136420387443
33.8965,87.9774245278532,204.687882014893
33.897,91.8712053487333,172.293561220076
33.8975,94.1639539640721,134.931737007567
33.898,90.7458603376626,148.302060084889
33.8985,76.2047323904926,200.258329529358
33.899,54.3894872908751,247.330799905689
33.8995,37.0375842344297,287.713120398678
33.9,28.9765616350406,354.554413627542
33.9005,22.553998308836,446.413578903703
33.901,13.0652942480646,503.179550959599
33.9015,10.2015802020072,460.431538058045
33.902,21.4206612995399,308.609950174656
33.9025,31.4152659585058,94.2841290012729
33.903,17.5441017988753,-116.088860735115
33.9035,-14.851714367681,-261.39352495656
33.904,-34.1522708280379,-296.134824448744
33.9045,-26.5015639924105,-211.357309747923
33.905,-18.5225775455638,-56.9195078725443
33.9055,-43.3618805196218,81.250769116614
33.906,-99.4700964478847,152.379196857358
33.9065,-158.165765213707,181.276948259455
33.907,-199.530375002075,213.181169275239
33.9075,-223.247065309033,228.976882640685
33.908,-233.135505068061,160.093066412686
33.9085,-231.277350389325,-0.345170089420577
33.909,-224.585600883204,-150.249612868929
33.9095,-218.924281067352,-184.439413035089
33.91,-206.288625637258,-122.924600919859
33.9105,-173.807244582136,-88.1553825250566
33.911,-127.282696551284,-163.005353911702
33.9115,-90.1224017640857,-311.07678572765
33.912,-73.5320121079661,-432.875673954991
33.9125,-61.0096247068968,-457.199426909687
33.913,-31.1593058458741,-370.557935810118
33.9135,12.4285998970179,-199.58457838872
33.914,43.6440455283388,10.463738571897
33.9145,43.4451595113409,220.681900686599
33.915,19.3778938325285,420.731297189667
33.9155,-6.25155155703008,616.059641021648
33.916,-23.2736211758009,788.769478352132
33.9165,-42.15327825247,888.759104568364
33.917,-73.0003898224078,870.762095636504
33.9175,-104.171223578846,728.631735525989
33.918,-114.175603316816,496.863443951705
33.9185,-102.579671891522,238.037799808314
33.919,-91.4162193316618,22.2440862907097
33.9195,-90.502626860201,-112.794188908767
33.92,-80.6572243563203,-187.115717311952
33.9205,-45.4689377523744,-242.622730795593
33.921,-3.63680115441114,-287.471850409624
33.9215,11.314338777789,-307.226116554951
33.922,-4.1743208413452,-319.818431280882
33.9225,-18.4903059035018,-365.275949215283
33.923,-0.118563754330178,-433.286064193381
33.9235,57.3764257435782,-458.937038798253
33.924,137.342840344055,-413.132915023077
33.9245,207.655224356921,-342.345267120022
33.925,235.828525724094,-289.687675801573
33.9255,223.710766767299,-238.097749424453
33.926,223.483074696736,-177.479315556396
33.9265,287.623628387486,-162.623120675426
33.927,397.682638682126,-227.269812598749
33.9275,472.705247477407,-285.414199536548
33.928,459.355798980433,-214.483664872781
33.9285,385.913348780926,-25.5498978674121
33.929,312.282666789202,139.972844764756
33.9295,255.651091882883,190.00206166236
33.93,191.214126154746,172.451467198629
33.9305,105.175150509224,167.312392519996
33.931,14.0894190043526,176.425322213337
33.9315,-61.7653844474867,166.536897804248
33.932,-116.36537030982,148.693658584928
33.9325,-149.102553553855,148.724184116112
33.933,-160.528432276845,144.303709735867
33.9335,-161.213587853645,95.8713623079346
33.934,-167.622457766698,9.75586556496913
33.9345,-182.10418775967,-89.4184702236
33.935,-187.24503410171,-220.319938784438
33.9355,-165.319987869837,-404.41697381475
33.936,-116.859878474621,-571.449035509325
33.9365,-57.2230834528188,-585.440464309546
33.937,-0.377979355113963,-393.489759638226
33.9375,50.6169890990945,-97.4227794731736
33.938,98.4213138008729,152.762417205855
33.9385,137.491666916283,298.445261375883
33.939,148.138060047855,378.522493917847
33.9395,111.665825304595,438.428833814743
33.94,33.2749465496377,480.454486754593
33.9405,-57.7390802361766,484.507530733625
33.941,-133.591115578192,430.127873640224
33.9415,-185.950027818491,302.416128575378
33.942,-217.238258160504,120.27281680816
33.9425,-228.577091990003,-38.2753963373543
33.943,-224.930502267407,-88.2608817497961
33.9435,-219.55525061294,-39.4686321715393
33.944,-220.662160196362,-7.69129994526712
33.9445,-221.216761897956,-87.8315596614786
33.945,-211.447684488895,-239.062537186511
33.9455,-191.669809065649,-333.794085704876
33.946,-162.514532860156,-301.283834847364
33.9465,-115.968674462989,-176.358341197417
33.947,-53.211048416241,-18.8945290320762
33.9475,-1.09801814708671,151.181713294568
33.948,10.2252488528217,324.232327849182
33.9485,-17.5763244041453,465.374745871438
33.949,-56.2580170877853,545.898908530807
33.9495,-86.9609211059328,574.837265982257
33.95,-111.629535583119,568.252971196548
33.9505,-132.891223896908,519.982448422391
33.951,-146.867451759198,431.571837267948
33.9515,-157.340673470521,331.993557499586
33.952,-171.167557164163,231.349153770435
33.9525,-171.251655186916,98.8320435870588
33.953,-118.621407852492,-64.3155213338838
33.9535,1.54685605487952,-176.72026347
33.954,150.630482503942,-172.571740051151
33.9545,268.265064009982,-110.330135067912
33.955,322.880493754412,-101.039806281365
33.9555,320.389797540219,-151.697383274372
33.956,279.741660268484,-180.666206621547
33.9565,221.494072026729,-180.093121280248
33.957,172.383091576264,-236.328021293782
33.9575,155.128775078459,-355.306701390668
33.958,166.215104203319,-399.238344660802
33.9585,177.404720282486,-287.311246898417
33.959,166.599966314353,-163.848252454017
33.9595,139.608336470766,-242.878126014976
33.96,117.158750897993,-522.992644156823
33.9605,109.114281837313,-771.457851177712
33.961,110.143395765556,-793.41697497608
33.9615,117.126725123319,-628.379388736114
33.962,139.566466194339,-463.719113040018
33.9625,186.045262439237,-424.750088720279
33.963,243.630977358872,-480.288580910796
33.9635,279.860911821248,-508.306217001696
33.964,270.889424682952,-419.667988106015
33.9645,224.468306346653,-233.044598422513
33.965,168.755612551402,-44.180685230076
33.9655,119.240086052231,79.7730258578241
33.966,63.9373894354189,163.255337482857
33.9665,-16.0480556758128,267.779063417187
33.967,-116.833251843374,398.547052482348
33.9675,-207.901336019415,496.75161047058
33.968,-257.563804141103,512.735565661243
33.9685,-260.311709957501,457.608127131352
33.969,-238.664526924202,389.740401378708
33.9695,-218.73248468579,370.371425662432
33.97,-206.617037994312,416.429840869806
33.9705,-192.541182768618,474.691911703176
33.971,-174.969794427116,461.91358896003
33.9715,-168.642440106302,353.517277758825
33.972,-183.249647687695,209.60430948102
33.9725,-205.743988745814,93.7694473338906
33.973,-215.309557422848,5.00456051724962
33.9735,-207.108649054794,-79.2286496260287
33.974,-186.830482073546,-143.620899346495
33.9745,-150.203262634341,-174.907392805945
33.975,-89.0667199600731,-217.653782958865
33.9755,-14.8852084788456,-315.282397836544
33.976,48.4179769414522,-420.079368727738
33.9765,98.088055326193,-442.235448183417
33.977,151.59005454691,-380.413018034129
33.9775,201.574692136261,-322.615404759472
33.978,202.423359507848,-306.727958664068
33.9785,127.979545966265,-252.151195631258
33.979,22.2701388237769,-58.1865855270734
33.9795,-41.2109394865146,272.851070023827
33.98,-43.7938204552357,626.767119284962
33.9805,-33.1465211963214,862.124643747876
33.981,-51.3182090557149,910.367050662088
33.9815,-85.78856872132,831.203646404544
33.982,-103.194643100438,759.910162025647
33.9825,-99.7960883258289,764.864772490374
33.983,-93.5871455241494,782.723361929579
33.9835,-86.1106761953385,733.644140926515
33.984,-63.6284420174953,645.655793443183
33.9845,-32.1338386891244,588.014096067204
33.985,-22.3427330809856,537.347121321121
33.9855,-51.1380995752695,424.790658750812
33.986,-96.9508865511857,278.944986290146
33.9865,-125.527290011321,179.904304617889
33.987,-127.558682146324,81.1715872800591
33.9875,-117.154986683459,-159.460980532976
33.988,-102.55199371782,-540.284344690521
33.9885,-77.7323366693445,-866.372968328519
33.989,-42.7218256460489,-999.126391977799
33.9895,-11.1314919846975,-1003.23476320605
33.99,14.6670362145502,-968.627518395675
33.9905,62.1412565628172,-849.799725932721
33.991,162.324377476009,-607.835702092086
33.9915,304.779222503896,-369.973025110248
33.992,433.892784004637,-280.915820846328
33.9925,496.175582705906,-289.492155867273
33.993,483.773632251641,-253.378329687553
33.9935,428.895636557067,-185.564243566035
33.994,365.935232178862,-211.133495280458
33.9945,306.289455360184,-315.225755237343
33.995,242.852064954003,-333.921003757387
33.9955,168.6767524354,-217.66558856361
33.996,89.804065605324,-126.644502233569
33.9965,21.5320044183379,-199.300159656966
33.997,-28.8016813700238,-360.172621222835
33.9975,-71.1362346074902,-438.769322895304
33.998,-115.457965170431,-385.961603269982
33.9985,-147.766317975265,-291.25143519532
33.999,-140.711909352739,-243.183036393219
33.9995,-94.676068694082,-243.304519316945
34,-50.1099120255659,-233.667249089645
34.0005,-44.6542719203754,-167.76382436767
34.001,-73.056687671071,-64.3784415182406
34.0015,-108.437240519567,2.77986860089666
34.002,-148.33675121631,-9.66394164875705
34.0025,-209.266798730274,-51.6012334434024
34.003,-279.078107383232,-35.5833453908097
34.0035,-309.808359581447,65.9630207377367
34.004,-271.731234434432,224.68785287596
34.0045,-190.993130184811,421.592082500606
34.005,-117.556830282714,636.764496901794
34.0055,-74.4295364428118,802.488987544349
34.006,-55.8687791811313,854.03050090046
34.0065,-56.7744122973459,810.063984354771
34.007,-75.8646545965605,712.030609663527
34.0075,-96.4718965348378,510.961152095951
34.008,-93.4110772440301,145.155083668415
34.0085,-65.3447789748345,-265.510911273565
34.009,-39.5703149537602,-457.165657752681
34.0095,-34.5672976777048,-320.225720653456
34.01,-33.6009697518902,-43.7149810140755
34.0105,-9.25213794741228,117.287108308389
34.011,35.9219562084293,123.510667717861
34.0115,69.6342627421732,117.449642118295
34.012,68.4430947975091,194.84085316912
34.0125,41.2585326286296,318.734226824581
34.013,11.45070115221,415.808878762143
34.0135,-10.5849796580122,458.593164883965
34.014,-27.2240940028844,463.231539913167
34.0145,-36.0054642155197,467.983398225625
34.015,-29.1292791553445,499.43745018758
34.0155,-10.6071436789511,524.390661874364
34.016,2.69144490413206,475.77778009891
34.0165,5.15597367029304,362.577578495366
34.017,14.8638965152961,288.647681923259
34.0175,49.6137711620814,302.070385783303
34.018,99.6734486969945,296.453709071085
34.0185,139.845281905817,152.211448377965
34.019,163.299282158192,-79.7375028761602
34.0195,185.521394193545,-246.376482084741
34.02,215.577989936337,-312.832844651114
34.0205,242.63996655856,-390.178215937466
34.021,254.98989734787,-542.026348461711
34.0215,253.7193678525,-688.346893365101
34.022,239.871516085763,-742.396639411551
34.0225,206.914595948603,-738.930426568724
34.023,159.886521594218,-757.53601456565
34.0235,126.631825212275,-790.766119364294
34.024,130.573035897087,-770.063821971798
34.0245,158.488363098395,-685.751702441853
34.025,171.305144538542,-601.707864803321
34.0255,144.386466539399,-555.633540457731
34.026,86.2641132468021,-507.258444312759
34.0265,22.6918689310814,-397.779199850936
34.027,-25.7882748019702,-215.986084576154
34.0275,-54.7479147343234,9.86291912990074
34.028,-76.4196364636299,242.582728986943
34.0285,-106.952277403199,427.46602428189
34.029,-145.354058782987,490.742493426391
34.0295,-172.096591807904,405.870517014002
34.03,-177.199726528107,259.252106124539
34.0305,-177.93972583044,192.409902924886
34.031,-194.824304469669,256.496755570284
34.0315,-222.852003577204,369.222707113344
34.032,-246.152171087393,441.126355995129
34.0325,-269.301022287626,486.931225085631
34.033,-308.421511989023,558.002783626485
34.0335,-358.522902175758,618.109295486705
34.034,-398.054523049815,577.8235396165
34.0345,-421.491775536417,437.387136098769
34.035,-435.934410077704,301.628487677926
34.0355,-428.13321880861,239.637737805372
34.036,-374.748885863166,211.852645142448
34.0365,-292.437802929265,161.259878626363
34.037,-234.680964111488,99.3074865462272
34.0375,-219.713704351727,60.3145481606265
34.038,-201.668844663578,30.3322976107446
34.0385,-140.431906966692,-38.5275934515318
34.039,-61.3463206955106,-188.368051325902
34.0395,-6.89194886600226,-449.595770147996
34.04,37.967127108675,-808.034596631389
34.0405,121.519569407347,-1145.01487030358
34.041,246.11628787459,-1281.22867705152
34.0415,368.453863797741,-1135.41088346207
34.042,471.32232203099,-799.021444481629
34.0425,575.292100188466,-428.321288565722
34.043,669.433193452501,-121.741173972679
34.0435,689.433494261771,79.684827584239
34.044,598.018474621481,168.795445854537
34.0445,449.703387485904,205.123073881165
34.045,338.068412022689,282.162084395479
34.0455,297.263453337094,392.841891117785
34.046,284.560821584127,409.245449368314
34.0465,246.171082352882,267.347816156144
34.047,172.858948195212,82.4672490938785
34.0475,97.4003423602741,-4.10162360567963
34.048,59.8011226070996,0.294811167386182
34.0485,74.2952144833651,17.7001237673248
34.049,118.031661071966,47.0023016266532
34.0495,155.161429532846,98.5586020645388
34.05,176.409071755372,78.7994926732182
34.0505,201.316924101539,-84.1433814011276
34.051,234.276074023196,-259.873822775565
34.0515,240.776975325398,-249.95596602539
34.052,187.792559978501,-74.6338233574253
34.0525,91.0247384376993,63.9589505258479
34.053,-4.42716014739228,93.5270788142216
34.0535,-81.3673003702472,142.483088795232
34.054,-160.838553413089,280.429733844998
34.0545,-257.519486667052,402.490161840113
34.055,-352.237601646803,438.426014826329
34.0555,-415.949563727138,477.615186688355
34.056,-442.061543548231,582.782811821695
34.0565,-447.392391111179,650.660805986191
34.057,-455.149650522026,583.249747380468
34.0575,-483.103621501609,458.101782536495
34.058,-536.344944315407,396.577309549907
34.0585,-604.540563777094,379.162890731053
34.059,-672.751802028892,325.426951432102
34.0595,-735.258589091996,255.410360802909
34.06,-788.118910369588,227.26035423268
34.0605,-807.413256389781,192.006071206183
34.061,-749.422956144616,56.7907974105618
34.0615,-582.019890474878,-156.75305462858
34.062,-313.812144415474,-347.41227296706
34.0625,6.06761013004207,-484.142096359265
34.063,309.417292052564,-593.302371668835
34.0635,534.422576822653,-631.778986332123
34.064,647.894286242898,-510.583897093381
34.0645,655.254758314593,-246.46379515506
34.065,590.860689552597,19.6896904283071
34.0655,500.43547925358,166.983693003251
34.066,429.436705503082,177.706804899524
34.0665,407.281931518071,83.7175599105348
34.067,422.844391655986,-84.5974243928238
34.0675,427.381631026458,-287.74088816227
34.068,388.787525020534,-478.656258019846
34.0685,338.514551824378,-620.744595574748
34.069,334.361565242539,-672.647933374493
34.0695,376.225374339205,-590.328624838088
34.07,395.42419021006,-393.119315455557
34.0705,339.353218477316,-181.383932496454
34.071,230.265756870153,-26.3590372418677
34.0715,119.90020603409,108.91903693443
34.072,24.2836895187044,273.547611563511
34.0725,-61.1687740886121,419.268104566015
34.073,-115.292472517452,478.671596664543
34.0735,-114.134006857973,492.82745664061
34.074,-89.5409351209297,548.312388367552
34.0745,-110.539515050797,628.137310534523
34.075,-198.193345373314,639.965531687245
34.0755,-301.695373601641,558.194107120314
34.076,-369.702448043305,418.802364461084
34.0765,-402.831368916993,206.566650341005
34.077,-417.041615831325,-115.354056527836
34.0775,-398.351930943799,-479.650675621512
34.078,-329.189546786136,-763.200589527177
34.0785,-230.74392083217,-962.718647141819
34.079,-138.21510245723,-1175.53601561487
34.0795,-47.8915547232732,-1387.69341710316
34.08,72.6579314622442,-1433.34434641723
34.0805,224.989896134748,-1212.57094914763
34.081,363.170256633476,-817.213974916194
34.0815,440.046541217655,-389.019692882225
34.082,445.67668558315,16.0292726710978
34.0825,397.77159050996,358.327540800624
34.083,318.536973843816,544.788480689914
34.0835,228.147154637382,532.720773587674
34.084,142.269708353763,417.468360193854
34.0845,67.0697996144365,325.675070385043
34.085,5.82589095868844,285.257167897874
34.0855,-31.6815767139955,266.233073883129
34.086,-41.4675387943144,270.661700094711
34.0865,-43.1135827394848,303.462274597847
34.087,-64.2332244081962,322.726553398941
34.0875,-107.296062573185,299.99220316748
34.088,-153.026825319773,276.545878605386
34.0885,-194.834856839263,292.651270820204
34.089,-241.646143638962,317.282760993764
34.0895,-284.303957530004,310.960896700246
34.09,-294.429933007355,294.606902040286
34.0905,-269.839776989226,287.059450279049
34.091,-246.29132322496,240.870111395246
34.0915,-242.641501393521,122.99272237841
34.092,-228.368734924684,4.85078413061017
34.0925,-177.438256813927,-12.6193526149645
34.093,-124.804918235427,79.4441692643627
34.0935,-125.517449670061,225.761244270223
34.094,-173.42561650831,402.531134879443
34.0945,-205.819298268955,593.503987954725
34.095,-183.219513963342,713.464026219361
34.0955,-121.250685050369,663.293621287246
34.096,-44.6382967978841,457.229144551812
34.0965,42.6586736147143,218.818312591665
34.097,131.146665526798,57.9285566528985
34.0975,196.080913748809,11.9422478100069
34.098,236.978220197703,78.7749023484953
34.0985,289.3106307721,220.307111592205
34.099,367.605667208277,334.674618469637
34.0995,425.941925160651,304.51977360254
34.1,408.320553790504,99.6424899494693
34.1005,319.703598063686,-197.603941925725
34.101,216.757707499835,-462.41382600204
34.1015,143.343442154895,-596.89045996926
34.102,105.082803457259,-561.319377852057
34.1025,93.0163425703632,-387.122093218032
34.103,94.3900600872118,-150.414741332031
34.1035,81.7131628981854,89.3639357993366
34.104,26.0942360169889,298.100480858927
34.1045,-68.5929280517155,412.287216323393
34.105,-165.131168827328,354.072975528913
34.1055,-230.543125481734,142.744699312869
34.106,-257.474638415278,-87.7043827787495
34.1065,-252.781534196151,-240.368254415229
34.107,-232.58269683196,-346.898189209268
34.1075,-230.503496225508,-452.187680696963
34.108,-276.894893114301,-521.029903473426
34.1085,-353.130458643276,-556.753232263906
34.109,-392.996835326189,-688.334903347425
34.1095,-353.151796807372,-984.002605075785
34.11,-264.242420127292,-1275.00663488264
34.1105,-185.492334455555,-1355.58673323592
34.111,-120.180719837961,-1292.05928293568
34.1115,-9.16857797735218,-1310.90091633111
34.112,187.293562512011,-1405.20594648848
34.1125,428.380196003796,-1305.6658035491
34.113,627.832829270801,-890.693075181077
34.1135,733.632006844441,-387.380765667374
34.114,755.0906595417,-57.9270765877367
34.1145,721.702874853635,118.601866501835
34.115,642.233529324628,321.223824545432
34.1155,513.893514512629,605.916103937658
34.116,353.681025499185,895.118402227294
34.1165,199.038327707823,1119.42083690292
34.117,76.9942731819902,1219.84899114919
34.1175,-13.796678968175,1112.96656223435
34.118,-87.9450362173064,809.47596984084
34.1185,-153.248238256512,495.062949793449
34.119,-211.590777873214,352.385413789536
34.1195,-267.468802828419,366.316308187174
34.12,-323.602731872311,434.592365382968
34.1205,-372.963138900282,585.216835833978
34.121,-403.927198371334,905.978488759084
34.1215,-409.778968900847,1302.06561841832
34.122,-389.021303817086,1517.55227225968
34.1225,-346.857870808919,1415.06689199777
34.123,-304.544770932691,1081.10053436308
34.1235,-290.90633480885,636.836257581987
34.124,-303.498216637862,106.914353629455
34.1245,-288.530097245826,-466.586048146969
34.125,-189.44976886084,-924.196077116855
34.1255,-18.9188739049956,-1110.60744818806
34.126,144.375042986572,-1031.83564606754
34.1265,239.917646422391,-820.792572415865
34.127,280.516262770622,-593.915125151994
34.1275,307.819449552631,-387.83283314474
34.128,320.520133208814,-180.948931557431
34.1285,280.882868751823,80.2983992412415
34.129,183.048102634513,437.996022817729
34.1295,76.1876530150777,848.881039433372
34.13,6.46867222225959,1171.64819761926
34.1305,-39.7238354475397,1273.40340283363
34.131,-113.574032149171,1149.91760647398
34.1315,-235.219774577455,917.023944678184
34.132,-368.923955324776,677.150706623938
34.1325,-467.021667984479,405.80500544374
34.133,-516.79304613926,-2.59905270718973
34.1335,-528.997159184673,-545.019838561024
34.134,-495.553085915819,-992.257001851626
34.1345,-391.613169755149,-1058.90596619395
34.135,-230.747014469378,-737.253876300751
34.1355,-89.8099943006355,-369.68108211672
34.136,-44.5606911750398,-296.447249480911
34.1365,-82.8930210162498,-503.915930675942
34.137,-111.392063592908,-739.949312868665
34.1375,-55.7952269453091,-905.371036650009
34.138,69.4936651137815,-1141.02072655133
34.1385,203.12689541013,-1519.61516826723
34.139,320.990138983938,-1848.99399405936
34.1395,452.870165146002,-1877.47108543722
34.14,627.774768753767,-1571.67493657753
34.1405,827.760695918142,-1098.78281664055
34.141,992.173165447041,-629.792792144907
34.1415,1049.64823797405,-249.528454290393
34.142,955.665102965066,22.8957533566416
34.1425,728.759594261928,224.571841176563
34.143,456.501090587346,412.670163367156
34.1435,243.266643419092,574.602672019984
34.144,136.017685032509,637.527080123022
34.1445,102.754666510531,620.513560127767
34.145,78.5348632545759,679.479541775957
34.1455,19.2924130336138,908.026046624412
34.146,-81.2779299053345,1178.71133628856
34.1465,-198.647432937673,1294.26887667299
34.147,-292.687144117226,1229.45976377786
34.1475,-340.09197369332,1106.25469484804
34.148,-365.299933645258,992.16083762373
34.1485,-419.211975350166,860.011087910931
34.149,-512.194943448479,706.636867102374
34.1495,-589.438861254387,565.355302182267
34.15,-595.013925642666,413.853285132965
34.1505,-541.621470798279,204.850279350695
34.151,-485.376943104566,-16.4430696652494
34.1515,-441.946266171885,-155.597863179417
34.152,-367.509061927218,-223.478300505018
34.1525,-229.750602183033,-307.982788158813
34.153,-61.6803455196049,-396.014262908394
34.1535,75.9750213730156,-392.696253714632
34.154,161.288563375163,-345.324915592208
34.1545,214.760500023626,-458.703216622653
34.155,254.027259481054,-798.960856042594
34.1555,277.328539724838,-1143.63801404026
34.156,288.048604613624,-1247.10567472863
34.1565,302.630387854221,-1126.10002397973
34.157,323.128340372984,-948.500897536338
34.1575,326.050948838449,-752.248834518501
34.158,295.747913165086,-440.640722126833
34.1585,251.808680457096,8.61734091254435
34.159,220.768297578976,495.906737303204
34.1595,189.149564204497,935.327908322847
34.16,110.705665860156,1292.75358894465
34.1605,-35.987730923137,1504.75185090068
34.161,-218.214515429066,1508.84839296502
34.1615,-385.767992140926,1366.24726036708
34.162,-517.853208247757,1214.19020861206
34.1625,-619.048053504713,1061.70758324571
34.163,-686.174520412103,762.314760704386
34.1635,-705.774283555975,249.132145301861
34.164,-680.585189572859,-312.101585830065
34.1645,-630.148621365576,-682.316970725635
34.165,-556.025854334111,-782.504392025572
34.1655,-430.894771952502,-696.494185925789
34.166,-242.853944561737,-520.519527355936
34.1665,-35.6860926653587,-313.202096683083
34.167,123.03198172098,-154.071023574593
34.1675,213.803535546738,-135.913411593802
34.168,280.08389654708,-273.981442464998
34.1685,363.03174460169,-479.830009976674
34.169,445.201418687553,-641.085455784318
34.1695,479.884145037465,-692.701394342935
34.17,461.394787171401,-615.968328117947
34.1705,435.558420114684,-422.40228529208
34.171,437.330431209726,-158.480792173966
34.1715,443.641054682204,108.867141476658
34.172,401.716755184315,331.915350883541
34.1725,288.373573949433,487.972020629265
34.173,128.428806861354,544.957410897117
34.1735,-29.2607799289622,464.226669485306
34.174,-134.670363061359,263.596562534761
34.1745,-149.676810878333,43.6885489823977
34.175,-69.7865328281054,-89.935016547944
34.1755,61.695218916062,-118.702244909664
34.176,181.007460301232,-93.5562577395324
34.1765,251.579512490775,-46.4448213040049
34.177,272.025020948531,26.3340696013768
34.1775,243.362636937327,94.3933368393473
34.178,160.483764090044,76.9642144585758
34.1785,47.2118646869834,-64.8977084124309
34.179,-32.6964109950397,-265.99892655529
34.1795,-30.0447662642149,-432.998854520449
34.18,36.4159835337648,-546.355675156062
34.1805,106.156930390244,-635.309539891141
34.181,149.521224225288,-691.003039185898
34.1815,190.600225346056,-683.395050045399
34.182,259.122213407224,-645.032508144136
34.1825,341.239538104985,-638.481942294223
34.183,385.471230826338,-624.447099023111
34.1835,349.554015702886,-464.125088564326
34.184,240.752589129127,-108.685054147797
34.1845,112.654573081895,291.423805814928
34.185,14.2538594856177,539.172865576165
34.1855,-60.0900811247016,599.486671956258
34.186,-152.579526747906,584.355743690119
34.1865,-268.041750817434,584.035381747936
34.187,-348.540376450597,609.147996145911
34.1875,-346.069709963025,668.355483812021
34.188,-293.155678524711,783.743279563885
34.1885,-264.454198682378,909.968832491276
34.189,-288.074038312319,938.117236873158
34.1895,-337.120675177513,825.0187088196
34.19,-390.681921079994,643.75382012115
34.1905,-446.714081091692,454.286828078651
34.191,-479.957790824898,192.847072736031
34.1915,-452.194092669628,-230.754002555338
34.192,-378.863285622336,-758.611987083604
34.1925,-326.605865585069,-1189.43247896937
34.193,-320.964427454428,-1361.83193930367
34.1935,-311.19340350942,-1277.94706071377
34.194,-255.792919596886,-1043.86404322714
34.1945,-187.006038405329,-753.399988578157
34.195,-149.995425772795,-458.736546514791
34.1955,-131.753519802081,-194.16923174955
34.196,-104.441756030485,39.5314277471777
34.1965,-93.1327743127855,296.821733877003
34.197,-132.557786471015,623.45312851818
34.1975,-185.877179698691,954.011355378433
34.198,-178.475928138392,1130.46711062247
34.1985,-100.609344775388,1063.26182713861
34.199,-11.468905802971,836.702342291465
34.1995,52.1671233314022,605.252210386956
34.2,107.835468191453,412.971966483089
34.2005,170.960416815157,183.737862244842
34.201,233.264799341055,-112.058634643849
34.2015,304.568930732488,-360.297090547539
34.202,410.802077440058,-416.006086069036
34.2025,533.961296718141,-272.317021355865
34.203,614.851139277194,-72.4717617641684
34.2035,637.286401438629,29.4363768006983
34.204,650.53827335818,-8.57435557128334
34.2045,679.67472370075,-112.744500586724
34.205,672.095602090413,-179.365158495997
34.2055,574.645508807555,-166.060016110993
34.206,416.130712107309,-112.314666811825
34.2065,265.9171860798,-69.7285894048789
34.207,146.837108967754,-26.1922936233142
34.2075,37.1589811859343,67.931167166135
34.208,-69.1661732185433,205.45824108466
34.2085,-154.561084972638,308.994084709496
34.209,-215.271567319857,327.998441934093
34.2095,-263.949301555478,297.848572116207
34.21,-301.747347104468,279.471282499643
34.2105,-319.150440493836,293.595631949525
34.211,-317.593779485244,340.714766439478
34.2115,-309.21049772405,419.605548823306
34.212,-308.504639777932,482.33660782163
34.2125,-337.028106523433,442.766545657896
34.213,-405.092242810944,295.585402439
34.2135,-466.363194406234,156.988597150825
34.214,-430.689726639763,96.3701961200639
34.2145,-261.190422940485,-11.0690841228968
34.215,-25.6944459628815,-339.322516910701
34.2155,187.869111211649,-842.332993866668
34.216,365.946004356113,-1260.27824045845
34.2165,525.319972210116,-1409.02647086333
34.217,621.251702077217,-1347.21658659903
34.2175,587.390187215437,-1224.29515113132
34.218,451.773011637637,-1078.51656822574
34.2185,321.227755809716,-854.986847008081
34.219,240.582376755275,-541.725146555977
34.2195,150.061041167187,-203.79164254493
34.22,3.12558663011164,80.3588707179652
34.2205,-154.772996530074,258.847873582529
34.221,-263.066127271648,316.796162488641
34.2215,-331.673541201561,299.922726425765
34.222,-400.993507820996,303.621648063485
34.2225,-471.318164771547,390.462084209095
34.223,-522.190449174612,526.386250874942
34.2235,-556.083264282671,622.976871562326
34.224,-573.068756560298,624.929696693483
34.2245,-544.274711107543,535.874282308661
34.225,-463.037435457731,383.52602425633
34.2255,-383.2380024883,189.131936849678
34.226,-348.476804882702,-37.8876167246885
34.2265,-316.377302209339,-290.77842844179
34.227,-216.131831300672,-547.084997503393
34.2275,-53.4273334197458,-765.821280539137
34.228,110.889299388864,-919.983471640846
34.2285,264.290866892197,-1015.81693592506
34.229,442.325519468974,-1050.84193886439
34.2295,626.731949234814,-980.029828346021
34.23,728.191668915926,-776.528640749227
34.2305,696.007182915048,-503.314006541875
34.231,582.012162205677,-254.035861092313
34.2315,468.434106812646,-36.5797646298511
34.232,386.646229362316,201.957067502349
34.2325,334.390310435302,445.789977271963
34.233,317.012398770239,616.397418368323
34.2335,328.280201763864,722.351221528317
34.234,328.460056891665,875.958340962482
34.2345,283.646281368404,1103.71471209983
34.235,203.182865449068,1256.19117249333
34.2355,110.318317376701,1195.24598461142
34.236,7.6734729331142,984.069503021692
34.2365,-95.7209767822421,799.88015689646
34.237,-157.015916130604,734.779470055274
34.2375,-144.376126512994,779.616052074278
34.238,-91.03292158977,924.056652629757
34.2385,-64.6600829215301,1139.23241128915
34.239,-94.4554201507621,1305.48801577889
34.2395,-160.431141313046,1301.01055124843
34.24,-238.789394804361,1163.35593588707
34.2405,-321.549858489037,1045.40359267385
34.241,-402.111117972648,998.658932704024
34.2415,-474.85380426606,905.198366254331
34.242,-539.548185411024,646.440743932108
34.2425,-579.339130471454,245.028226073924
34.243,-557.505220713005,-190.201667654113
34.2435,-477.557716340443,-573.778316124211
34.244,-423.48054618905,-860.437828318195
34.2445,-478.403283922534,-1034.31680543886
34.245,-604.646226639732,-1142.01501592895
34.2455,-666.289351596643,-1284.79068600365
34.246,-585.311818427861,-1512.85080552103
34.2465,-419.501261434312,-1742.61898319383
34.247,-261.698316017898,-1821.90349142318
34.2475,-116.816043056074,-1678.91101409054
34.248,76.3920561146236,-1392.28577499844
34.2485,335.663797494325,-1118.81180310325
34.249,598.196642865387,-958.53295578727
34.2495,784.879876189941,-886.474891709765
34.25,866.475786426293,-812.012386746484
34.2505,867.253960689594,-688.51097107299
34.251,827.383692478231,-534.976996245872
34.2515,766.174258433269,-361.414539439896
34.252,675.004473816513,-141.174077884844
34.2525,549.40470767002,112.354731915379
34.253,422.935150513772,306.479370361846
34.2535,344.871269091483,363.115412445724
34.254,318.029796232822,308.634366925266
34.2545,288.161302737231,221.957680266406
34.255,211.428207845826,145.44480397947
34.2555,105.163594687301,100.09943688049
34.256,11.7446048895471,119.414764727984
34.2565,-58.1656260538627,187.868015853581
34.257,-117.225993085761,211.684107808372
34.2575,-163.208459081941,149.080300027361
34.258,-187.619920441323,107.545901155564
34.2585,-205.564843926851,195.947153486108
34.259,-236.620396175794,340.180029148656
34.2595,-264.789899864302,386.38190580515
34.26,-257.475086641994,334.712917456152
34.2605,-222.648201571097,298.302592149956
34.261,-210.198232121957,263.436288169459
34.2615,-252.651497612838,102.210752307511
34.262,-334.115180096045,-159.391092429714
34.2625,-416.244929938168,-310.89942913715
34.263,-459.694355116476,-267.702878140904
34.2635,-419.421190100504,-201.340570465433
34.264,-264.381693917687,-244.589411572023
34.2645,-23.6472379568514,-259.88978706689
34.265,215.696514248626,-64.5217960994253
34.2655,377.590016320422,264.386350430178
34.266,447.803700244164,499.485326594147
34.2665,451.518129216252,580.483121063563
34.267,412.783204382375,636.319296501445
34.2675,352.785087983432,749.704024109376
34.268,295.517807314214,874.94768042283
34.2685,243.896481171111,964.750236548168
34.269,166.729390971525,1025.30918243969
34.2695,37.0735785364047,1047.85610343546
34.27,-124.878417483054,1004.29055570173
34.2705,-267.550309503249,907.396713039001
34.271,-358.292301458544,789.215342545552
34.2715,-400.63610604057,653.354545183583
34.272,-410.788863941588,530.929371497603
34.2725,-396.14634747335,510.787956336416
34.273,-353.99592917602,592.365426499047
34.2735,-280.160722307597,583.827650228009
34.274,-184.380792524723,310.843937117187
34.2745,-101.322851106939,-116.608111690253
34.275,-68.5644069280486,-420.051617773366
34.2755,-81.9184900773008,-510.475928947443
34.276,-92.8121424623271,-544.01170426915
34.2765,-67.5920092591402,-626.454105887967
34.277,-28.4755376866684,-678.783420415169
34.2775,-12.5785689186447,-649.980673380714
34.278,-13.388313994837,-655.394971194906
34.2785,1.55439569214851,-788.006393083356
34.279,29.7851965485936,-944.112157500692
34.2795,33.7405276070217,-964.604542509349
34.28,-0.492661269433493,-844.540076679175
34.2805,-44.956697802045,-691.401440845586
34.281,-75.3724672882304,-567.944025961885
34.2815,-95.989454961098,-486.63810374781
34.282,-109.328698937686,-477.17079271272
34.2825,-101.808392428,-536.326608677305
34.283,-78.1744927589027,-563.619056826998
34.2835,-69.8881154156903,-465.294548184432
34.284,-77.4660601288057,-298.398961990994
34.2845,-37.4606573209666,-212.521347183642
34.285,108.34623062698,-257.663295945177
34.2855,324.681435201748,-329.662907725259
34.286,505.365354064821,-304.565593240191
34.2865,581.133321445392,-165.132804942958
34.287,569.285417725127,7.7134105015023
34.2875,517.966956044209,123.705844945482
34.288,445.321698404969,159.113081866702
34.2885,352.044309815118,166.687405761641
34.289,259.161071059282,207.840741302383
34.2895,198.374038442166,279.883092283489
34.29,172.983361145202,341.493066249289
34.2905,152.024575216459,394.17879015211
34.291,103.363268889673,465.445500481809
34.2915,20.3596520040244,505.135631286513
34.292,-80.6641395780948,396.608630352769
34.2925,-176.430775815089,119.856643156539
34.293,-250.448204454004,-178.10515330277
34.2935,-300.472791552248,-338.11880090115
34.294,-333.412567128372,-348.095375217116
34.2945,-348.858684460671,-290.495025001227
34.295,-333.195283701397,-208.7539886117
34.2955,-278.601142994722,-108.846476819655
34.296,-202.43895826997,-32.1381697835908
34.2965,-134.696034364497,-28.9019661205687
34.297,-87.3007999039088,-87.4979702392284
34.2975,-49.6311830663315,-162.462101282023
34.298,-15.9036433201149,-236.268614790612
34.2985,-0.128308859929924,-282.303142924662
34.299,-13.5485944648188,-215.989948706351
34.2995,-39.0262765788679,19.9993261874809
34.3,-43.0134370158631,344.876910970884
34.3005,-10.3620157100608,602.604862949468
34.301,43.1714715168581,722.277736424363
34.3015,90.6826493261086,742.943380513761
34.302,116.471662286262,710.362395326484
34.3025,120.954976058057,645.301701810823
34.303,114.839264558464,596.568369701279
34.3035,109.357289411477,615.388480936886
34.304,103.026699717629,664.734418463379
34.3045,78.9460331889697,649.721460953818
34.305,27.2458920464097,558.400577239756
34.3055,-30.032185728898,481.00167991704
34.306,-53.6928177227685,458.013223255489
34.3065,-33.9080691516365,400.50095718495
34.307,-6.04800761108066,221.506233762063
34.3075,-8.79888350402447,-18.1348917695203
34.308,-40.573789561584,-170.571777524031
34.3085,-71.2268702771092,-185.05069995227
34.309,-81.2560119461242,-170.264534061523
34.3095,-67.419862281212,-264.003996932634
34.31,-22.265205515932,-470.996713763778
34.3105,58.5571330117209,-651.202194514312
34.311,146.422550809536,-671.783703426822
34.3115,189.873874216066,-554.840503105775
34.312,170.503816200825,-445.347563479309
34.3125,127.027594241714,-434.854881905748
34.313,106.613381830401,-468.793943890852
34.3135,109.66566195398,-452.398501334574
34.314,101.63598485816,-384.481035034637
34.3145,64.2864126822909,-321.54383686196
34.315,11.231053947157,-252.166416145531
34.3155,-39.5721909746917,-94.596520671124
34.316,-84.1492776092052,182.297782630822
34.3165,-123.591654616999,502.031212481428
34.317,-157.091412127227,752.846317900345
34.3175,-187.098888851691,874.892670295637
34.318,-216.827472946844,882.275061555983
34.3185,-241.766948777918,839.01200898584
34.319,-257.475136138857,797.907583686676
34.3195,-273.823383429775,725.348306407577
34.32,-303.412415268533,518.895280088115
34.3205,-335.490334198141,147.946392130786
34.321,-342.386787589055,-268.032560102875
34.3215,-316.507414020795,-587.149637566581
34.322,-278.338907520907,-797.426165702133
34.3225,-237.116779683551,-952.666940947049
34.323,-166.461421594223,-1017.02220215803
34.3235,-40.5252639585098,-910.967755479379
34.324,117.210487648106,-689.204219257583
34.3245,242.342622009958,-519.926969536205
34.325,285.071903978504,-470.518325678823
34.3255,247.056673651427,-454.264088001472
34.326,171.045352623412,-414.91305272859
34.3265,107.915712321453,-410.763699258892
34.327,87.5044235631581,-460.684589340986
34.3275,104.642696463246,-460.47688591571
34.328,131.339169331458,-344.504717888683
34.3285,148.997209566205,-202.001534574788
34.329,163.771983517032,-129.030470522433
34.3295,184.415874528049,-80.2272381554999
34.33,198.751027382201,17.44094142789
34.3305,189.129993889347,114.138114186637
34.331,162.462987286343,141.550226359231
34.3315,144.548787947669,177.898940921539
34.332,148.622192205476,340.906540708638
34.3325,169.11572000254,560.929708432412
34.333,201.340784265818,628.057091080793
34.3335,240.28920339308,463.905280976246
34.334,257.406471848396,208.56877186347
34.3345,209.435251325727,28.6154812521921
34.335,88.5840966234107,-38.6516473970718
34.3355,-52.8840921157402,-37.9928894074588
34.336,-144.685013098793,-16.2926230312744
34.3365,-156.536957939901,-22.689677228205
34.337,-107.604990333918,-87.7453354399883
34.3375,-35.4291332050068,-165.305172979846
34.338,30.1418919998301,-173.922623636843
34.3385,75.9763012056818,-117.660144748467
34.339,107.707419619321,-83.253380448544
34.3395,139.233338700311,-98.9306609355804
34.34,170.991650230292,-89.1782880329041
34.3405,186.806773475797,-2.00194728978222
34.341,179.517489182237,110.445786713238
34.3415,164.531641521722,185.198888213381
34.342,153.684078305035,242.675409387476
34.3425,129.744991025959,333.245705848692
34.343,66.0837056731469,454.118531395463
34.3435,-37.4253177975011,571.876422224486
34.344,-155.380116632181,673.801305508082
34.3445,-262.90188259768,751.289693565184
34.345,-341.237822355055,784.935875654363
34.3455,-370.731128663229,788.855118377853
34.346,-347.577609898864,815.583857047576
34.3465,-304.114817173091,872.192961474775
34.347,-285.295117602854,885.117360476672
34.3475,-305.199486906816,794.790438572702
34.348,-349.689159342745,631.950973786399
34.3485,-413.064226594206,452.916741124063
34.349,-493.957926282487,257.651471647635
34.3495,-554.614056066899,27.4887313065575
34.35,-532.32690621959,-217.118799685502
34.3505,-412.40014679283,-464.743743392835
34.351,-251.337099538469,-757.095571690497
34.3515,-101.235829247245,-1094.79557651185
34.352,51.7310996330503,-1346.03799964107
34.3525,236.415124435283,-1360.36293741327
34.353,417.097625490159,-1163.50067290686
34.3535,518.605668602949,-938.881940105595
34.354,520.308122436637,-808.315031162734
34.3545,473.633978611343,-721.769742340393
34.355,423.698999868963,-582.030138517367
34.3555,362.346865233803,-387.489272689054
34.356,273.776774038865,-206.189905571282
34.3565,182.471114008434,-73.7110390431517
34.357,125.107883493079,28.5761616406646
34.3575,100.939491101723,128.008025315947
34.358,81.0965242147379,233.64634895405
34.3585,53.5149157317943,332.715399900907
34.359,31.6117594465987,388.534735932104
34.3595,24.7799185948768,363.972826761366
34.36,23.7271098544359,268.333904824391
34.3605,15.5197392842861,164.385875558052
34.361,-3.09757302474111,115.233127661513
34.3615,-28.9342679029389,135.256452221832
34.362,-57.1296975238838,189.155547050674
34.3625,-80.8185128575981,216.053345944134
34.363,-93.7502291445233,165.136581318746
34.3635,-94.2121611926797,46.2449397149772
34.364,-82.5613366162241,-59.3990460012429
34.3645,-58.6596932008435,-81.9817715279895
34.365,-27.790818978292,-50.7702395026021
34.3655,-4.64921496965378,-45.0307128065394
34.366,-2.62043708921677,-63.6045564267348
34.3665,-20.1103437789163,-22.8941062303818
34.367,-44.4235406320953,95.9851548535894
34.3675,-68.4469792200186,187.636885254564
34.368,-96.8510330365769,164.62105721786
34.3685,-135.257826458058,84.5892839747774
34.369,-179.207960367523,59.029979785903
34.3695,-216.664999157116,90.9893110999946
34.37,-238.666051178382,96.0063725855732
34.3705,-244.168691740423,51.9342446201768
34.371,-233.428457692336,23.9939931813174
34.3715,-199.510505903567,40.5681786105654
34.372,-134.092051762643,42.9088892754343
34.3725,-47.2859217641544,-11.5068500806979
34.373,25.1468764617313,-74.3308289244293
34.3735,48.8195577909918,-80.1703957139697
34.374,29.164686724298,-38.1383540564548
34.3745,13.0056941561102,-1.01713510008755
34.375,44.2887687160483,14.8566006404215
34.3755,122.012993130825,26.5222088308827
34.376,205.16002704134,27.8379474196177
34.3765,253.369398399911,-9.76530301816935
34.377,258.857019017028,-85.0666566717974
34.3775,244.845180877693,-156.4532645859
34.378,239.53791937862,-187.443491913195
34.3785,249.652141628928,-177.426306375234
34.379,255.67012010041,-148.388645821038
34.3795,234.018743775239,-125.398529954275
34.38,183.79913909953,-129.754461367008
34.3805,128.679114229632,-166.097248827245
34.381,94.8044328258872,-209.135520804905
34.3815,92.5405616030719,-220.813734577909
34.382,115.50678086963,-188.128626021903
34.3825,146.252962961262,-131.996934801414
34.383,164.659933865387,-75.9434332113321
34.3835,164.191321050459,-22.2700820106291
34.384,159.636802173914,32.8378212871606
34.3845,163.664604315879,77.2028922570971
34.385,156.661261248394,94.2637002358697
34.3855,102.318563829924,92.1247390237025
34.386,-0.417692779266923,101.713286530897
34.3865,-104.889397829288,138.571710143634
34.387,-169.43744081201,178.497438149965
34.3875,-200.154587078537,184.217507713428
34.388,-223.087623987992,152.586465768214
34.3885,-236.82040432454,120.919244655831
34.389,-221.2667818284,122.093665268993
34.3895,-179.731509592567,145.266307432012
34.39,-140.213737585321,152.043539422576
34.3905,-118.400103138478,125.633566684565
34.391,-107.038263120741,89.3433557813538
34.3915,-101.69093817367,72.6286727875534
34.392,-110.432494555018,69.797517436643
34.3925,-133.358393948381,44.6729929867487
34.393,-154.55962281991,-21.5886372549508
34.3935,-160.829872610191,-95.3400938168428
34.394,-151.999321516316,-113.661291573985
34.3945,-130.968997059929,-46.0480533926364
34.395,-101.577239630353,74.5305455850685
34.3955,-77.2639492084048,188.34861571223
34.396,-71.3537200123075,268.078667499026
34.3965,-76.357984005549,329.147577204671
34.397,-74.4127175523155,388.83850535386
34.3975,-70.8172063422782,435.987349086054
34.398,-91.1406397930109,442.791492007492
34.3985,-136.649715104832,387.23900122435
34.399,-169.621912801723,262.154541278497
34.3995,-159.247656468605,88.2932904254613
34.4,-120.749242524864,-72.1519470814008
34.4005,-90.5202128377914,-146.117674985452
34.401,-80.0744688396099,-119.725693702728
34.4015,-74.5342850675006,-61.1139792304546
34.402,-62.1438243778628,-51.6281595852575
34.4025,-42.4717373828226,-110.066308727241
34.403,-13.0073867756351,-203.142110781388
34.4035,31.580230114039,-302.214374473862
34.404,88.5784537334274,-392.116957404382
34.4045,149.001244492289,-444.232171460562
34.405,206.096763590539,-431.700243221826
34.4055,251.208104533934,-372.515271237111
34.406,269.06902338264,-316.600346101537
34.4065,251.532995908772,-285.431525643829
34.407,210.732270685451,-259.687599952698
34.4075,165.698737614824,-226.810285031464
34.408,121.656048668439,-197.720297891107
34.4085,75.7842144956559,-169.301037044638
34.409,37.03637022148,-116.574303382472
34.4095,23.5556268830241,-39.3240801386424
34.41,41.3997393940662,26.111853615562
34.4105,78.1437901715478,63.5326797373496
34.411,115.708860146449,104.243977679742
34.4115,139.361782640936,169.580686102367
34.412,139.488094620314,224.347063526553
34.4125,118.289652834743,223.768138782122
34.413,91.8093525727813,177.669532013854
34.4135,72.8169050671376,131.119658366416
34.414,55.6378033216535,104.527810225686
34.4145,30.7399483199652,88.0458186984759
34.415,7.57141623054416,73.3947494203836
34.4155,4.29265660369769,54.2751419041068
34.416,18.0067226819961,13.7692576810058
34.4165,26.4004260207756,-51.6562818912741
34.417,20.5020029624117,-111.690100272956
34.4175,14.4532291569255,-140.718411205231
34.418,17.3041247922381,-158.034000857296
34.4185,16.7309943943592,-191.11811016623
34.419,2.32976078465793,-219.845998232525
34.4195,-12.7927144900207,-205.837840274263
34.42,-9.28174795415298,-163.003313079606
34.4205,11.2970773685279,-143.544790007701
34.421,31.482537447895,-156.494081264682
34.4215,41.835732436751,-154.600041539183
34.422,45.906015806274,-108.478610058705
34.4225,47.8153900036463,-43.6377496743147
34.423,48.716775918995,7.77280985405578
34.4235,50.7194344791426,46.6938072504686
34.424,50.0860358080205,84.7094318479503
34.4245,29.7976411683142,121.952390449573
34.425,-25.2015297540171,159.222645088997
34.4255,-104.414353768305,193.928928313751
34.426,-178.11472490218,198.2617938433
34.4265,-230.457697523105,149.025640284542
34.427,-271.552534174177,89.1087837343201
34.4275,-309.976970374491,103.388347501888
34.428,-329.178809606364,210.892355427492
34.4285,-307.195985490466,333.485916561174
34.429,-252.66336532137,397.350681335515
34.4295,-203.320743894107,408.306476272928
34.43,-186.695160491473,392.268706389959
34.4305,-194.722598518265,327.041818307704
34.431,-200.34071607941,194.946005325491
34.4315,-186.757624905473,54.7225313552456
34.432,-153.288722991002,-12.1058487745903
34.4325,-103.250914229443,-1.38099387250067
34.433,-39.3712960028666,28.9123899892766
34.4335,30.7679948137438,46.3152222391875
34.434,94.5238838069656,48.0854483417446
34.4345,141.189350463751,4.00320413807901
34.435,165.947732459286,-117.540372672869
34.4355,170.300202625896,-266.576443350393
34.436,164.032129541624,-338.737087852309
34.4365,162.005121964576,-304.104519211039
34.437,170.138773944403,-238.358263741609
34.4375,177.476995619808,-204.463427355435
34.438,171.939805113203,-175.201860503206
34.4385,160.942712343155,-106.934597205987
34.439,162.320374289378,-21.5743364566446
34.4395,173.010367509758,35.988062403452
34.44,162.126269006138,69.8165089226338
34.4405,104.488905771894,106.275779222714
34.441,12.6629216049986,134.451674632648
34.4415,-72.2824754057021,130.635725687714
34.442,-115.8614209027,114.899065926668
34.4425,-110.685255439684,126.048945466577
34.443,-71.2267069308461,155.382117022517
34.4435,-19.4493684790781,155.745838640009
34.444,26.5268175991011,105.751586501133
34.4445,58.0204303205738,19.732090417598
34.445,72.9693537825126,-93.6331371895991
34.4455,69.533166960728,-232.427908044152
34.446,49.4338836539389,-366.388423185331
34.4465,29.2277896889143,-449.878778740543
34.447,37.369957946544,-472.118618856634
34.4475,89.8615287386292,-453.492671915661
34.448,170.641386706269,-397.193826446089
34.4485,240.614170826213,-295.292226595257
34.449,264.518370048219,-181.509654318084
34.4495,231.123737568843,-114.57365204865
34.45,158.218193329607,-91.368582333204
34.4505,82.0093112123312,-37.5349291390879
34.451,30.5663415738601,83.1139197448759
34.4515,0.0576124153796453,204.123070364197
34.452,-35.0126642456964,245.696769253337
34.4525,-84.2335785135083,223.915651817391
34.453,-127.309526478207,216.494735192803
34.4535,-144.879110954598,251.246497565274
34.454,-146.49324063963,289.286541976347
34.4545,-153.154555988292,302.152426116308
34.455,-166.355870592749,301.935400898764
34.4555,-173.873505064201,294.090861939186
34.456,-175.312118170632,258.205485348933
34.4565,-178.548931726195,190.190426339408
34.457,-176.553365985395,118.926913461985
34.4575,-152.997568304226,65.0440197799396
34.458,-112.171973525618,20.8412939011154
34.4585,-81.2150778851761,-15.7758696518415
34.459,-77.8460172698,-28.7423625700263
34.4595,-93.0125770771697,-25.0618502436984
34.46,-107.523834657583,-47.504799756492
34.4605,-107.169360460435,-115.714158044023
34.461,-79.6153606557348,-187.132487942592
34.4615,-19.8661426400764,-210.15532981019
34.462,52.0666501573365,-188.836699487801
34.4625,99.3016748354698,-158.111304164613
34.463,106.222918012892,-119.810584776621
34.4635,92.9464769816784,-50.331292838605
34.464,82.1450095874237,39.9458259336267
34.4645,70.1546456647232,104.415622391608
34.465,45.2265648162425,121.143685334974
34.4655,16.2903478314007,115.387518730528
34.466,2.76923126382262,112.433934585373
34.4665,6.52459152831774,103.754736130764
34.467,13.7429440567828,74.4052422344473
34.4675,17.2801034404227,34.3035591914215
34.468,18.1264557100662,3.38931538200877
34.4685,10.9830827728731,-14.7300778579937
34.469,-9.90588735820889,-29.4266507336102
34.4695,-31.3754487339376,-48.750206763795
34.47,-28.8747479619555,-77.9607383750075
34.4705,1.43418967034257,-115.421989420671
34.471,34.2269716136724,-142.134843486064
34.4715,45.3417186820662,-134.814326129582
34.472,37.8400247619667,-98.4369972202369
34.4725,30.8463053160496,-65.5907637205454
34.473,33.8756661367532,-54.8244180348845
34.4735,42.0275561590941,-53.9982373483666
34.474,49.3161972616958,-56.2213873760695
34.4745,55.5819840140391,-80.6279353068362
34.475,61.0847938516303,-132.765564301028
34.4755,61.7984208055049,-172.085352780983
34.476,52.5433039620776,-155.425506653728
34.4765,33.0389371711775,-98.9499794617614
34.477,10.5067710949915,-60.6426908402339
34.4775,-3.76714177593152,-66.5138897281515
34.478,-2.40846938109261,-88.0424777280848
34.4785,12.1201146667545,-92.9926257500509
34.479,30.1843175929357,-85.1738697174112
34.4795,43.7873403897375,-84.4797753476659
34.48,52.1336430205125,-93.3157673638535
34.4805,59.1944945604237,-95.5066694864929
34.481,67.0789749910441,-71.8328510895565
34.4815,71.450542421006,-9.31386337803897
34.482,63.2555005125362,87.5033964585563
34.4825,37.1139222258879,186.934888416627
34.483,-0.853942425386691,250.114420854681
34.4835,-36.5267115508587,272.528811568603
34.484,-61.5609705778891,292.27674248566
34.4845,-80.5672347881611,345.271034030625
34.485,-100.665410911427,422.880129029531
34.4855,-117.126424129285,485.388079375027
34.486,-117.095114687953,507.775312962002
34.4865,-99.6575930797451,496.837522829372
34.487,-85.7538816207628,464.583711164736
34.4875,-100.482398611091,398.886752841202
34.488,-144.087285655306,271.724994050759
34.4885,-185.562411161914,79.9190557115289
34.489,-190.782107131136,-127.996798492232
34.4895,-156.607913262997,-279.597514087855
34.49,-110.934080988016,-341.602753354508
34.4905,-76.9122555704536,-345.488978999032
34.491,-45.6076578670423,-339.890142209317
34.4915,7.63892112297427,-331.267506859484
34.492,85.885932245521,-293.68944157521
34.4925,162.476476378419,-228.25459140018
34.493,209.123665382452,-178.649784438054
34.4935,218.799515494703,-178.089707272243
34.494,199.342223590366,-207.922134653343
34.4945,160.561800025098,-226.097028864884
34.495,115.982593503456,-217.087604987131
34.4955,83.6373059405692,-193.830245809639
34.496,71.8825782237009,-165.189344563857
34.4965,71.5487693993069,-126.099630578321
34.497,71.9187591201543,-75.9105508844568
34.4975,75.177356168399,-26.1703317673724
34.498,82.8312496376106,11.6800007347254
34.4985,78.4987235433269,33.2767176384316
34.499,43.9435731314541,36.2542110459959
34.4995,-10.8752128458987,21.7806067278007
34.5,-53.1861597589406,4.13011888644249
34.5005,-64.6412681438898,7.04580079213117
34.501,-56.3681204424309,42.4079248696813
34.5015,-44.359043542596,94.9947183049942
34.502,-29.0657252373688,132.698930846823
34.5025,-8.80893432729865,134.576365585714
34.503,2.34579954944702,112.47890916545
34.5035,-14.8832698457685,104.094353300466
34.504,-62.4837042175155,134.885749219481
34.5045,-122.301594591105,181.044667228922
34.505,-170.048435980124,181.123198947781
34.5055,-186.030499021009,99.6956605605641
34.506,-161.746561798798,-24.0844278850856
34.5065,-107.643300465872,-109.772733973819
34.507,-49.6291512051467,-122.300750194207
34.5075,-7.25980213361674,-107.340345024788
34.508,22.5959916456248,-126.1698334167
34.5085,53.5230098087775,-170.969816220692
34.509,86.601340575065,-173.591783317295
34.5095,109.91446681863,-99.1933437471989
34.51,117.20796772887,2.10935478957252
34.5105,115.049005425594,58.6349153478748
34.511,111.536078123046,68.1560773821391
34.5115,108.168965418493,89.2161595124254
34.512,103.350026464707,149.596175074719
34.5125,93.4671522238306,207.516554571
34.513,68.7646463544216,216.679363954192
34.5135,19.571143741817,189.445361394901
34.514,-47.39707785178,165.08907668776
34.5145,-106.877152648516,143.991849329213
34.515,-136.052403529458,94.6999361628632
34.5155,-133.782864503041,14.9504931013844
34.516,-115.833367763184,-55.2969547177686
34.5165,-97.6921374982622,-84.003282363191
34.517,-87.1673618066269,-77.9038969426089
34.5175,-86.4595792640137,-58.1999408528741
34.518,-91.629954227953,-34.2941441742141
34.5185,-91.8243539003405,-9.79179930343803
34.519,-77.1549932923501,10.4738623122197
34.5195,-48.3981789864816,28.70639770836
34.52,-14.9961318016989,48.3910598473508
34.5205,14.633088693542,54.7539187750794
34.521,35.8404053903757,25.4821804234508
34.5215,44.1456099607385,-31.3075037678927
34.522,37.6478766028255,-76.0988390097526
34.5225,23.3013876574363,-86.7620678468436
34.523,12.3652583549876,-83.4086966625876
34.5235,7.46727459898394,-91.6632510952036
34.524,2.32198285328693,-107.935755803559
34.5245,-2.3590927200107,-118.650693645887
34.525,7.55407153668565,-126.617854123048
34.5255,41.440597293122,-133.490217354856
34.526,85.3992955558062,-118.945690887799
34.5265,112.929300237302,-67.4705706789435
34.527,113.147568810106,-1.22630304754054
34.5275,99.2172005031336,42.658295704757
34.528,88.6603101422801,57.4088300305876
34.5285,85.1239610303562,62.8582164440287
34.529,82.1054877482662,66.7445283560062
34.5295,74.2261983349541,59.4397519368041
34.53,57.9086524205662,41.9192587794419
34.5305,29.0585003488662,27.6256823484933
34.531,-9.77114748840495,13.3583862227032
34.5315,-44.0479765928943,-24.4638846389429
34.532,-60.0334699907821,-94.4361759545829
34.5325,-62.1779440646232,-168.418347284543
34.533,-66.9497899442905,-204.746501902575
34.5335,-77.3775001814994,-185.015597639398
34.534,-75.1544630261674,-125.916999349769
34.5345,-44.6864419456211,-62.5267514884042
34.535,4.07414337505464,-18.8224173483337
34.5355,46.3465160022967,11.5792647451206
34.536,69.8283727889718,50.2706112822662
34.5365,79.9235069511343,95.4867103101483
34.537,81.9196884623703,114.289402523363
34.5375,73.3985358431946,86.9706073727931
34.538,56.9252593700345,42.3368532158313
34.5385,45.3424500741589,25.8626775161284
34.539,45.6361850435003,44.4731252995089
34.5395,47.9582194266597,69.0175329178567
34.54,40.7397987401029,82.5821369392318
34.5405,27.713048641026,94.9932410313574
34.541,17.4572899289732,110.685867342494
34.5415,3.96485017251007,114.115872662662
34.542,-25.0618213630973,94.695060438183
34.5425,-63.2936206518687,62.0395398211862
34.543,-88.3971122895326,30.0666661415227
34.5435,-92.5865389430561,7.95834979256081
34.544,-92.1849567999586,10.5297605755905
34.5445,-100.080576730707,50.5920528793484
34.545,-107.493607820624,111.089786199923
34.5455,-105.074131077386,149.639246540847
34.546,-103.965661822929,144.465518993945
34.5465,-116.78529940344,115.484861092889
34.547,-130.775284896559,87.8592846457966
34.5475,-123.657923580577,58.210435638153
34.548,-100.130374300492,15.7767535385806
34.5485,-87.6752768759914,-23.6068744429317
34.549,-95.8634164808104,-31.7884509326416
34.5495,-103.905072732282,-9.13567952139967
34.55,-93.692840091082,11.5015024059053
34.5505,-72.0860819619741,1.80055342051253
34.551,-50.4502209437271,-35.3060545137739
34.5515,-23.7370415569912,-76.0971742204472
34.552,13.8232787415402,-102.977035798728
34.5525,48.3131241726002,-119.124439632198
34.553,60.8896989430964,-139.156477878317
34.5535,54.3956643341173,-163.034515809768
34.554,48.5160033105881,-162.239405062331
34.5545,54.5567120676968,-105.6889048945
34.555,70.2003688850188,-4.19242190610053
34.5555,93.2324190707774,85.9041592356871
34.556,122.812730655484,114.668789739605
34.5565,148.534638644976,83.9677586331939
34.557,154.594720501324,31.1528593544989
34.5575,137.588193748287,-19.3455073462537
34.558,109.226810287457,-70.714836223007
34.5585,81.4534572145846,-127.146106725408
34.559,60.4017704663051,-173.908505553828
34.5595,54.1684402433697,-190.175909111751
34.56,71.3043168829631,-171.544183493985
34.5605,106.526978516587,-134.366799100142
34.561,139.2103509229,-102.23122524594
34.5615,152.256588970666,-90.2211599071429
34.562,145.313574263661,-98.0867861319036
34.5625,126.291920492443,-114.488127850757
34.563,98.7460422032987,-126.262603757686
34.5635,62.8960968203924,-124.396930866749
34.564,22.7240267802025,-106.385461714692
34.5645,-12.828913246426,-78.9599334455809
34.565,-32.5385366955183,-56.2285876190734
34.5655,-27.3584035858067,-47.0930725833709
34.566,-0.203343757386545,-44.2982668922634
34.5665,27.4321455088915,-33.0648170845551
34.567,28.2646881476283,-9.90311590070988
34.5675,-5.97799915921271,15.5078734360402
34.568,-57.4011011248035,35.9041212333215
34.5685,-100.979308752076,53.290826221366
34.569,-123.929533542189,71.4029986119444
34.5695,-126.256060708629,95.1186661186216
34.57,-114.233126642583,137.673208047089
34.5705,-99.5605431102035,209.931262268278
34.571,-95.4536672681204,295.490694712991
34.5715,-104.701377281531,354.611985871898
34.572,-116.084837191589,366.405976885853
34.5725,-117.948486459348,354.177555053131
34.573,-110.158264253104,354.192061042908
34.5735,-98.9761316773093,369.373707557957
34.574,-88.4230231725189,369.962147334439
34.5745,-83.1911037038038,332.698124100742
34.575,-91.500190235401,261.521734766183
34.5755,-114.643721718818,172.7002604114
34.576,-138.197527437713,79.3232914125387
34.5765,-143.729825010424,-4.11449467103451
34.577,-128.068353026736,-57.6689206956563
34.5775,-104.223404074998,-70.4622492054799
34.578,-85.6815167700401,-56.948417257921
34.5785,-76.4750149145217,-49.1711094461786
34.579,-73.7904427118484,-68.0318353968527
34.5795,-72.0956000832693,-104.31728167193
34.58,-64.9071583745389,-132.736636201194
34.5805,-48.5107999390791,-143.930808982922
34.581,-23.8667832343563,-153.423254957343
34.5815,8.35364334345589,-173.736880016667
34.582,50.4895858715677,-190.120474427128
34.5825,99.6461257299844,-181.087831531832
34.583,141.417270064466,-157.777446537378
34.5835,161.756870058884,-159.308437077058
34.584,164.56504167686,-202.108290208036
34.5845,168.377117659045,-253.565051750288
34.585,183.955351439103,-269.646539785347
34.5855,202.822336614418,-245.932541197244
34.586,210.762972002075,-216.935177298473
34.5865,206.042233299107,-212.602091863602
34.587,199.447844928185,-228.597228712091
34.5875,199.46408199343,-235.780231624795
34.588,201.620263355406,-209.679446622926
34.5885,192.66761105728,-153.253677148345
34.589,164.671366183789,-95.3270741600325
34.5895,125.305497237528,-61.6000957659991
34.59,92.9587902187053,-45.9065202293932
34.5905,79.7370396318483,-20.8203627705352
34.591,79.8407203749709,21.364497701121
34.5915,75.6184318095089,55.5751438651764
34.592,53.3247434309175,60.750353127821
34.5925,12.4999063217977,52.0839223443677
34.593,-35.5733062938396,60.9570950356973
34.5935,-75.171414901008,95.3043643661621
34.594,-95.7382368946333,136.283669703341
34.5945,-99.4809731733676,164.125388215997
34.595,-98.3037906997759,170.384679697087
34.5955,-100.490941328501,153.062922513972
34.596,-103.27248096944,118.055082473636
34.5965,-101.248358975384,82.1525106017366
34.597,-96.8823689524921,60.987524284249
34.5975,-96.5790357318539,57.1808586405737
34.598,-100.216196668796,67.4790688412657
34.5985,-102.486081927226,89.4534245906742
34.599,-103.934366509376,110.795447676691
34.5995,-113.913221773205,110.211344290341
34.6,-140.95876745369,87.2631945368297
34.6005,-182.886961291787,73.4383498232316
34.601,-225.363781896693,90.9361385279987
34.6015,-248.253974439199,120.529542027124
34.602,-237.372220405854,140.396046089184
34.6025,-194.989422535789,173.266390638478
34.603,-137.454846948038,246.328984452763
34.6035,-81.1576751419278,316.225961411206
34.604,-35.7098489165752,297.552212294628
34.6045,-10.7959433294795,180.490344893487
34.605,-15.9972044752535,62.2088315515513
34.6055,-43.8680862930324,28.3200871739339
34.606,-64.5392626501413,48.2062167735176
34.6065,-53.0509213748215,31.1444136881628
34.607,-16.8793642597549,-46.0607346340147
34.6075,18.214321376475,-118.870089564602
34.608,43.5185116173769,-128.741695278874
34.6085,69.3621258538629,-88.5004209168123
34.609,95.0647409259792,-51.6437815276369
34.6095,102.17953160993,-53.7454618297378
34.61,85.6806850152282,-93.0981167239721
34.6105,70.8300881293547,-142.073326975403
34.611,84.4875252698706,-167.02095453988
34.6115,122.776099804075,-155.426950422664
34.612,160.933757913065,-131.089393538934
34.6125,185.069050224939,-128.977349942651
34.613,199.794065093819,-152.908973129893
34.6135,211.251673844907,-173.116340101847
34.614,217.779748060132,-166.44183190299
34.6145,216.409039019859,-140.888577761066
34.615,207.307267979138,-116.522176934168
34.6155,189.991253959466,-100.503210185595
34.616,161.342160895102,-89.8597278122305
34.6165,119.083029642873,-84.716569505812
34.617,66.5607343445344,-87.3369271664807
34.6175,16.7564281937278,-95.059044391755
34.618,-10.4257725149881,-101.876870838573
34.6185,-5.19894206392384,-103.576701610004
34.619,14.5338252695863,-99.3859871158549
34.6195,14.4411707124406,-92.7419473367881
34.62,-19.3974960313531,-87.5710284205002
34.6205,-64.294996193437,-76.085131469123
34.621,-89.6818807553992,-37.0076643884431
34.6215,-91.0998250580416,37.6543592975365
34.622,-84.1536195581184,116.570158290138
34.6225,-76.1528029287573,151.103132074483
34.623,-62.1775760389481,128.98907852272
34.6235,-44.4641373574378,87.7682230411113
34.624,-36.0410090493081,67.898945612165
34.6245,-43.0350092709814,72.3374612006264
34.625,-58.9280068079346,83.2914940549987
34.6255,-79.7490175495398,96.7081286847042
34.626,-110.480994096991,119.328091178671
34.6265,-150.4892140717,146.862439898791
34.627,-185.121279535709,169.170906891286
34.6275,-200.300248639518,187.435337795869
34.628,-197.022944052361,200.433791908731
34.6285,-183.565697110534,179.808431340338
34.629,-160.563208119428,91.4253642663525
34.6295,-123.343247169924,-50.0796945005634
34.63,-75.7100623258729,-173.911164566412
34.6305,-32.2280146140073,-217.027983425619
34.631,-5.12144940252722,-181.889731283179
34.6315,7.16115054672955,-119.175599136364
34.632,17.2075831425023,-69.259751565555
34.6325,35.8767256478533,-38.4853029206971
34.633,62.1228727183052,-20.4192628603584
34.6335,84.8220020361901,-12.4229083007212
34.634,94.6274033657341,-5.92780671333329
34.6345,92.6460011659039,18.4486878548668
34.635,85.9468358262365,69.2452531089064
34.6355,76.9187101093845,123.821867563054
34.636,61.0925338937047,145.591203326773
34.6365,34.9717532616171,126.255248946726
34.637,2.55365716713087,100.859847437881
34.6375,-25.5988032285656,110.37779598418
34.638,-37.0777241234884,153.115724942161
34.6385,-23.3385863226007,187.168291942047
34.639,14.4510936144867,183.464830535083
34.6395,64.9413096410567,158.364590983033
34.64,114.664923382023,139.835913872719
34.6405,155.41970471143,117.939281233348
34.641,181.886846177503,57.6895537349752
34.6415,187.586775411143,-40.5894459856272
34.642,170.823272117929,-125.36253877841
34.6425,141.904204222216,-151.73820167373
34.643,115.311599095871,-131.927859654124
34.6435,94.5866258722467,-110.145700303182
34.644,73.2524451862805,-106.694797953771
34.6445,50.8430511176963,-110.218940137978
34.645,37.3557972679871,-111.098613092573
34.6455,37.3148639150091,-113.423355256304
34.646,38.1578522128634,-117.242925409158
34.6465,22.0345174688475,-114.906447843172
34.647,-14.3986031227408,-107.298033735003
34.6475,-56.9156397260314,-102.840733201093
34.648,-87.8358397713142,-98.1926832247656
34.6485,-100.096045478815,-79.8641627934648
34.649,-100.532477026547,-47.7220729478587
34.6495,-102.7125967011,-16.9142902043266
34.65,-114.903236499609,6.78943488977498
34.6505,-133.625551219347,31.8281873512608
34.651,-150.725829073483,55.3830935155397
34.6515,-165.569687235722,56.594196057618
34.652,-185.358115691171,26.7831546966933
34.6525,-213.552159461465,-13.2824132039116
34.653,-243.860875105934,-39.176885194486
34.6535,-266.318468944635,-48.8533915378291
34.654,-273.419064289666,-51.5108144516874
34.6545,-260.571739645757,-49.2173586491033
34.655,-228.814903835737,-43.2872324320698
34.6555,-187.953001580737,-39.9935318030365
34.656,-147.094540154143,-34.1906783529907
34.6565,-100.099997993125,-7.14157331075948
34.657,-33.034074223713,39.8088323333975
34.6575,48.7099140755273,69.3743076012303
34.658,115.891266023169,51.568520743964
34.6585,150.501146401743,7.54522394106752
34.659,173.362442429265,-16.3181184977302
34.6595,218.702838194441,-4.52469797610817
34.66,286.191741166773,25.7144623962599
34.6605,336.678629348597,63.8121469169688
34.661,336.446055957585,108.951217025266
34.6615,290.102805149021,140.267635962529
34.662,227.255540754846,126.89095684667
34.6625,172.994951921506,75.3504587181723
34.663,138.82307846908,30.4085862548226
34.6635,127.766750927186,15.735423589735
34.664,133.732398751242,5.29157394444987
34.6645,140.774505021247,-30.9651488532269
34.665,135.20448390447,-82.6396179549176
34.6655,119.110511520695,-120.5674650861
34.666,105.566018245167,-138.107890261587
34.6665,100.961777872582,-146.684589036468
34.667,97.7714022182107,-148.186241431251
34.6675,85.3404390367169,-137.288362727756
34.668,63.2327546491629,-120.943797944995
34.6685,41.5392385012429,-112.420198062957
34.669,29.1750740022928,-109.681475658257
34.6695,23.1242762173993,-96.607650743909
34.67,10.0866410762568,-63.7317505741438
34.6705,-20.261383533272,-16.7193248513784
34.671,-64.1470084182089,31.5287086338356
34.6715,-107.067781793449,68.1043661461421
34.672,-136.978674466221,84.9595196856417
34.6725,-151.9768322186,84.8371516548084
34.673,-157.489885440499,77.9895323777208
34.6735,-161.384419636787,70.2005682432205
34.674,-171.379654727637,63.6783711673231
34.6745,-190.172868148329,70.8717128721166
34.675,-209.870191144386,108.972418421684
34.6755,-216.072080581225,171.650432188212
34.676,-201.378822790077,223.861846806794
34.6765,-172.404764991544,237.871281143237
34.677,-142.118202042455,220.092485187765
34.6775,-119.762900556809,191.500483023603
34.678,-110.067908999432,160.997784893606
34.6785,-115.392423848788,134.192925736419
34.679,-132.559925415139,126.557622167838
34.6795,-151.625411345289,141.947878491953
34.68,-164.088175919915,153.63853540685
34.6805,-170.112634875153,135.558149285474
34.681,-172.798526604821,100.705640185583
34.6815,-169.024597225764,76.1562079093989
34.682,-152.882558004307,48.0506697632537
34.6825,-125.236258293126,-27.6445780512668
34.683,-90.7231786599301,-153.0037585779
34.6835,-45.5524088104983,-265.358936303367
34.684,21.2295291781482,-307.032263252598
34.6845,109.597061724295,-290.822763361527
34.685,199.022347919177,-270.959141196555
34.6855,264.187997608982,-266.978297245437
34.686,297.908940361717,-246.601584661124
34.6865,313.95594411655,-180.555439373424
34.687,329.100460683659,-87.2249285078489
34.6875,346.721014861462,-12.6435798360217
34.688,357.479165634271,19.5672835214677
34.6885,352.164266642905,25.5175445309826
34.689,332.081674887184,33.2120174752159
34.6895,307.140463098224,49.556210200994
34.69,283.774897995875,58.2674043790393
34.6905,255.550924088155,42.1530433957689
34.691,207.902574497698,-0.273690770901086
34.6915,132.980783267142,-55.3017903630796
34.692,38.7867445925701,-100.119575978846
34.6925,-55.5601121314492,-110.576511944451
34.693,-131.244505855038,-78.3240635145797
34.6935,-178.671431087341,-25.5270429388125
34.694,-201.816381442554,10.8463361417312
34.6945,-215.67211991079,17.5623814364544
34.695,-233.086483093683,16.2323970224103
34.6955,-250.120626607736,27.7918956762483
34.696,-249.904811743027,41.5912491949108
34.6965,-225.671811144811,35.9289055812535
34.697,-193.081812464607,16.7025275771601
34.6975,-171.045354853178,12.304930421028
34.698,-155.954522701436,32.0749068098165
34.6985,-128.265988595785,50.4321167662121
34.699,-83.9674431087225,37.3020909838759
34.6995,-43.9709379228809,-8.57194971166803
34.7,-25.9265407661184,-60.7360697648411
34.7005,-20.0047176392501,-90.1840370273615
34.701,-4.20231595482225,-86.4594675564601
34.7015,25.2169747260542,-60.0834542519785
34.702,52.5909576841617,-26.7899677551397
34.7025,67.2451667140712,10.1397931157564
34.703,73.2706599417542,56.6827069182199
34.7035,75.2541427519972,108.551231216628
34.704,70.6762145533788,149.039539895431
34.7045,61.334340602483,170.741418051583
34.705,56.5526151340016,181.29517874943
34.7055,54.5798555899327,178.682450806527
34.706,33.8104530193411,144.861475090611
34.7065,-21.2202534283313,83.1534212636899
34.707,-90.8117431823305,37.2270874553845
34.7075,-133.54141832894,40.9417938773563
34.708,-128.705765087426,65.379683395497
34.7085,-91.8453283262813,52.521023379664
34.709,-47.7114586963058,-6.80207739604631
34.7095,-4.27413972623082,-66.598973018815
34.71,39.6978557466093,-93.2911876268507
34.7105,76.3552134547591,-97.892677044413
34.711,92.6360162792666,-96.6588455860036
34.7115,87.268574568859,-82.3563855331302
34.712,72.9654750852664,-49.6068635585512
34.7125,64.4608089613808,-13.5271648809996
34.713,72.5374290592056,13.7940595960246
34.7135,104.520269329799,34.5535696859343
34.714,156.96746394494,38.5711197219794
34.7145,206.630673454552,1.20049499694856
34.715,221.126251350599,-69.7724704839236
34.7155,186.117438774705,-119.241075796792
34.716,118.010979136405,-107.580267929271
34.7165,47.2051419123988,-63.145380592906
34.717,-6.26210697840222,-41.8047392793034
34.7175,-39.0618754790768,-56.6728846765498
34.718,-55.4356695605948,-80.2328357391946
34.7185,-59.8992285838087,-95.1997486617061
34.719,-57.0910955981178,-104.448329576978
34.7195,-52.8361613634477,-102.868075265535
34.72,-53.7016120873529,-79.8224107694692
34.7205,-65.4540609308224,-47.3962277311103
34.721,-88.8420765486367,-31.0632998458118
34.7215,-115.244397284457,-30.2073524637865
34.722,-130.824622702522,-18.6712652351152
34.7225,-129.178283700634,11.7825030148791
34.723,-117.170782497187,37.7725009988362
34.7235,-104.431733801729,41.0589640269225
34.724,-90.9975085584584,32.9044232364545
34.7245,-72.2495602750588,32.0528239333696
34.725,-53.7031236200086,41.1286827700277
34.7255,-50.2517091656406,56.5733910531242
34.726,-66.5042036120509,81.6903416289566
34.7265,-85.9016032376473,113.475032507898
34.727,-87.1386226200788,129.534290562806
34.7275,-67.5420850503739,105.984310908825
34.728,-42.5284270568276,46.5681885620958
34.7285,-24.8088816171828,-14.7123901464961
34.729,-14.1092811677648,-38.8953799476202
34.7295,-7.18920789283515,-7.15185354023671
34.73,-5.13627834662546,73.6771882348345
34.7305,-4.92346048480784,181.663436391841
34.731,3.91306209548884,290.027470322038
34.7315,22.1343536971199,365.960968997979
34.732,29.167097558294,370.075569722534
34.7325,5.91977196032889,278.662609829569
34.733,-32.7272784583656,117.253024957053
34.7335,-47.028118972614,-42.4362200200935
34.734,-19.4215464661322,-137.600935666294
34.7345,23.3410639794115,-165.059505838913
34.735,44.4131952536085,-169.524960286771
34.7355,40.2741513038067,-190.641756310042
34.736,38.2209886350919,-233.046968996489
34.7365,60.660137164493,-276.749159018267
34.737,105.115788289978,-296.748709295167
34.7375,151.951615890511,-276.069693462409
34.738,177.435451089282,-217.879401576639
34.7385,164.611950313988,-145.794152429511
34.739,117.369300755391,-81.0449625489185
34.7395,63.2797429008014,-23.9427216610365
34.74,30.3112579650885,30.3114090441292
34.7405,21.8301541604548,67.9534577246503
34.741,24.1902116567704,69.3280260866995
34.7415,31.9309587098945,39.8681859899993
34.742,48.904480072797,6.86756661265508
34.7425,69.2218066538356,-12.6306130186264
34.743,77.9417094154975,-20.9047122504027
34.7435,71.0652493915405,-20.6496916989803
34.744,54.8974202534861,-11.4936700729234
34.7445,25.3598116422782,-5.09459279566993
34.745,-27.4258035514327,-17.4630236823663
34.7455,-88.7787896975626,-41.3403541608581
34.746,-120.708000763556,-49.8669113132843
34.7465,-106.137102667985,-33.0934941896564
34.747,-68.456246428689,-6.75404910312514
34.7475,-33.7016032092057,20.9958159594766
34.748,-0.101017701339111,62.5587723398352
34.7485,34.8105173788418,116.743428794182
34.749,46.0025058131651,149.260929254127
34.7495,13.9532529097411,131.062998764605
34.75,-32.5288462011155,79.8577013897322
34.7505,-44.6094290170031,41.1220431576289
34.751,-16.0515633159941,37.9039824398176
34.7515,18.8675942415525,58.6054825392916
34.752,43.9648256388836,86.1382586268302
34.7525,75.4217745723303,117.735985977703
34.753,113.588917318834,154.157408515046
34.7535,124.985214936396,182.760296124088
34.754,91.4525383697715,179.137186501133
34.7545,42.4840873625129,129.308715538253
34.755,14.1613851175663,54.5463092185207
34.7555,3.07621122361583,6.49452470649862
34.756,-11.9910092505401,20.3270680915302
34.7565,-25.1548171614008,72.8427554065264
34.757,-13.2436178317425,106.168670478864
34.7575,20.148258466899,94.7063354892844
34.758,40.9452909969796,64.8863713622991
34.7585,23.5537192601926,43.4951261580442
34.759,-27.9387847712464,17.6333080119875
34.7595,-94.3594706057754,-35.3358109138554
34.76,-156.269043614804,-104.020237230217
34.7605,-196.107757633429,-155.315107618067
34.761,-207.342883275269,-174.37484456719
34.7615,-205.053100605026,-169.268431580098
34.762,-210.906240480069,-150.94432020141
34.7625,-224.52458048311,-132.454041332469
34.763,-224.084291641026,-133.371192445098
34.7635,-197.026465590602,-157.311341469242
34.764,-154.533251555379,-175.840224551522
34.7645,-111.729741576831,-163.452962027155
34.765,-69.229301556063,-140.177130789463
34.7655,-22.1795649330914,-148.272006975032
34.766,24.4825307923644,-191.09866516612
34.7665,59.8796320894602,-228.622635511985
34.767,80.4633285837755,-234.637849868883
34.7675,92.8196112021561,-223.013707628505
34.768,106.486946621681,-207.509904136305
34.7685,126.000941456898,-170.402430030697
34.769,145.208052486847,-94.689396462661
34.7695,149.223690568635,-6.95111201923434
34.77,129.0065783938,38.1596290252801
34.7705,94.5800645616067,12.7616773303874
34.771,66.2464395407488,-56.905862679467
34.7715,52.3342665302847,-112.520935881859
34.772,43.7442702225458,-105.539097780632
34.7725,29.5127562199726,-26.8759999269892
34.773,6.62598027132115,90.8754808667481
34.7735,-25.0709007274823,198.910383038653
34.774,-61.9770593911841,264.946397464603
34.7745,-86.2692989706534,286.182455516521
34.775,-73.568381639131,280.011358500679
34.7755,-23.1210857281862,269.927653691924
34.776,31.3750183827091,271.859773039228
34.7765,54.5667382746941,279.498634204283
34.777,45.7377017112998,267.077202582996
34.7775,31.2779412332179,221.495950309134
34.778,30.2059278891406,166.48872593982
34.7785,42.4921676945707,135.833249357763
34.779,64.9554750156368,127.069852217294
34.7795,98.6174917136356,106.909335682442
34.78,137.869240458324,62.5063440083144
34.7805,168.318308152211,17.2490978539986
34.781,181.47933365135,-11.5439232850454
34.7815,180.975496101107,-36.9657690666135
34.782,170.128684454495,-66.1663212715615
34.7825,144.742071077774,-71.2478052153047
34.783,103.789677320178,-27.6878269659216
34.7835,55.7221612156668,38.4508303458298
34.784,5.35533821866258,77.58583331283
34.7845,-55.319902554178,82.0328704736241
34.785,-130.461267867366,89.0765815125567
34.7855,-200.658081499856,118.686462498817
34.786,-235.751710677369,141.949174032882
34.7865,-228.92853499982,121.410841734549
34.787,-205.178194842763,55.7125149066726
34.7875,-190.473469905296,-30.1218309299483
34.788,-182.661334877981,-115.638744544406
34.7885,-161.167028238504,-185.956097248484
34.789,-118.132012374745,-219.3360664284
34.7895,-68.1673626143354,-202.781999328928
34.79,-29.0543905958045,-159.166868973035
34.7905,-4.59291768630226,-134.299701894774
34.791,10.7887780832223,-146.494940920752
34.7915,21.6416466179335,-163.37820357673
34.792,33.2146058548456,-141.595742552204
34.7925,54.8259927959985,-80.3281592386554
34.793,89.4207241041923,-19.0444909391008
34.7935,122.757093913802,14.2150787414774
34.794,135.760463152208,30.6324090317176
34.7945,129.375954680748,49.0876724603627
34.795,125.588303510099,58.9136018372194
34.7955,139.115707488603,37.5673523002543
34.796,158.783225520391,-4.18448521345182
34.7965,164.374939238577,-24.4081311538075
34.797,151.957543099491,-2.91359837443761
34.7975,131.31697615528,32.5014263002582
34.798,106.233311164148,45.0144126875521
34.7985,72.9993807256569,33.2874874438281
34.799,36.1486480570278,19.5641611916853
34.7995,8.53384234163315,10.9137382393384
34.8,-8.12677739536146,-2.48559657006363
34.8005,-27.6566643148592,-18.3566313561571
34.801,-56.6268151977122,-18.2478359037855
34.8015,-80.3774758479311,4.97640098416328
34.802,-83.6197178060683,35.1424763222937
34.8025,-74.9484625387615,52.3796589723746
34.803,-75.4261372053512,49.391081639716
34.8035,-88.1741116706857,26.7401043763477
34.804,-97.3938166183386,-9.45417465523305
34.8045,-98.583186125639,-40.1402052444997
34.805,-110.580686268334,-43.7511484425256
34.8055,-146.989101671431,-25.6686583252517
34.806,-188.608590039352,-21.2753314431669
34.8065,-200.250712649539,-55.11941722815
34.807,-171.627371773766,-109.528078083315
34.8075,-127.954738692655,-149.508286958254
34.808,-98.8342910641635,-166.649847809853
34.8085,-88.4365214095157,-176.297604941527
34.809,-81.4448070577205,-178.290235982958
34.8095,-68.4547510047318,-150.749247373621
34.81,-55.1528741869197,-92.0723825994048
34.8105,-49.7153844711315,-43.7661958765361
34.811,-51.6810034819021,-48.5831484586824
34.8115,-55.8220234421844,-95.374230486171
34.812,-59.6333560840808,-127.908101615914
34.8125,-61.4486450995525,-108.934352960147
34.813,-54.742359890243,-56.7260549676854
34.8135,-31.0614268088483,-12.7760423462551
34.814,10.0549847835692,7.79443561747135
34.8145,57.4027262609399,18.6727882576779
34.815,95.6785803015238,28.6944899212569
34.8155,114.875636151913,29.896809323139
34.816,112.676006298472,19.75994096309
34.8165,93.0151058785966,12.4257238663688
34.817,67.0714187885259,15.8269731235248
34.8175,53.1066735240275,13.605892784803
34.818,67.4165003904255,-12.304847994137
34.8185,110.684997452505,-48.7985016183677
34.819,165.220337408476,-60.8728383992458
34.8195,208.823137076862,-34.2485568361032
34.82,230.845499881346,7.97150467949342
34.8205,234.35916449318,35.944303351027
34.821,228.095634657404,46.4060092518859
34.8215,221.912302993943,57.8554881343433
34.822,224.261630081653,83.9964857231641
34.8225,229.53795656782,122.019660937836
34.823,204.989957587253,159.000048177434
34.8235,108.81440884501,178.836930828912
34.824,-58.9196622800465,169.183704939874
34.8245,-228.431126856735,135.422550665837
34.825,-306.461345338002,106.676365424642
34.8255,-260.764748489044,114.221470767591
34.826,-147.911540197858,159.280414138971
34.8265,-51.6056700802685,211.364188864928
34.827,-8.00645497101296,243.637040107987
34.8275,-0.805066026534873,261.426027041573
34.828,-7.74095916735173,287.093740980243
34.8285,-22.6538444569389,322.453847289681
34.829,-37.5968035510279,340.482348731548
34.8295,-36.6234923182354,320.031949809416
34.83,-18.5650130133746,279.807696055784
34.8305,-1.9625496892678,264.932289586803
34.831,7.8382458048224,296.990290714538
34.8315,35.4218034763549,346.372844458439
34.832,96.6654365145805,361.806621888241
34.8325,157.113238327507,322.109988223967
34.833,156.623905314231,248.343006029078
34.8335,74.8792095528277,167.776938041764
34.834,-47.5183291338383,83.003354844298
34.8345,-151.822424168089,-15.3945999535478
34.835,-204.693382853877,-120.818113047813
34.8355,-201.136065786794,-213.369098638537
34.836,-153.410956344137,-285.57154258099
34.8365,-90.8393467423698,-346.909069425064
34.837,-50.3442988744787,-401.131110386592
34.8375,-47.6442283267693,-436.613077610978
34.838,-64.8141963346454,-446.90765387698
34.8385,-75.8708582588832,-446.848829939091
34.839,-73.2328497415608,-457.054307859065
34.8395,-58.8698082702475,-481.308886450836
34.84,-25.8170337974763,-508.477237520036
34.8405,30.6078835520234,-526.507588861651
34.841,90.3730822477839,-522.91609502776
34.8415,118.449294912525,-483.192948841556
34.842,98.1267267953908,-407.940331924257
34.8425,42.8245696981392,-326.002845605314
34.843,-20.957695801782,-269.543390096597
34.8435,-68.5243682415485,-236.902080116362
34.844,-81.5892473962642,-201.304510245914
34.8445,-59.6752335439923,-156.405885830922
34.845,-28.8516103053858,-124.892523924675
34.8455,-20.7156923593963,-112.199932275873
34.846,-38.1748656538374,-83.0254531653046
34.8465,-56.6706141982838,-9.43729132532936
34.847,-60.3719381945591,79.2107675032916
34.8475,-58.1786829591949,127.28333322558
34.848,-60.0924501494023,123.590846345632
34.8485,-60.112280766129,108.119498855516
34.849,-53.1661302052652,112.273800361561
34.8495,-48.5431130832006,128.127054667255
34.85,-51.3670225226819,140.962046554305
34.8505,-48.0681861792608,153.966821195596
34.851,-28.1368806792177,164.223875134279
34.8515,-5.60544872457254,148.576519956268
34.852,1.88464645534685,100.722367470917
34.8525,4.42271639604098,58.1934340644227
34.853,27.6688606815639,62.2691446601486
34.8535,75.8718742691193,107.832634305783
34.854,129.024686380949,162.124206148693
34.8545,172.373575582563,215.707619929764
34.855,205.157422943552,277.115122841659
34.8555,220.917573017883,327.938258618492
34.856,204.769050227543,330.145999907163
34.8565,157.389274244578,283.875060417796
34.857,101.74583290647,235.627561782213
34.8575,57.5332623252863,214.410096755718
34.858,25.3133286490489,197.768150375868
34.8585,3.08000096153103,161.702582704412
34.859,0.158491310983627,127.060737341088
34.8595,21.8302431280157,124.28873730634
34.86,52.7015109936853,140.498617362229
34.8605,67.9531389107737,140.002188415287
34.861,54.0646097412122,119.604741091902
34.8615,12.6814936598444,104.630407294251
34.862,-43.6402237488866,102.407560248705
34.8625,-90.9522169301841,102.03383520033
34.863,-102.461138314383,114.959424955524
34.8635,-70.7874716673006,167.540170542978
34.864,-14.80832117287,242.477423697175
34.8645,43.1250255357378,270.627106498499
34.865,95.7853021845492,205.015513802092
34.8655,139.071128932885,75.3278352113286
34.866,157.85214273667,-51.9130832837952
34.8665,140.243521629933,-142.193934635965
34.867,94.5722040128038,-200.333633676839
34.8675,34.9065093150018,-234.987937713986
34.868,-39.4104269162696,-248.405905832431
34.8685,-128.982723883837,-249.631583197787
34.869,-208.280401864135,-248.439536619387
34.8695,-241.756268342456,-239.809142635067
34.87,-227.359950348488,-216.057110714854
34.8705,-200.569508879787,-189.466367550498
34.871,-190.195722415358,-182.434335770951
34.8715,-190.630613081849,-199.847291907108
34.872,-183.484792611298,-230.539089774358
34.8725,-164.68502375539,-269.115406132203
34.873,-138.683186438286,-312.476193111158
34.8735,-104.604604242689,-339.01037351109
34.874,-63.5288048093085,-319.682829907117
34.8745,-26.0091790158109,-254.780013900621
34.875,3.22025612743984,-176.826749989799
34.8755,37.5271883064756,-111.484692882779
34.876,89.497352274366,-56.8798086691904
34.8765,147.573524996849,-6.69314972096399
34.877,187.47544950681,31.6688144151636
34.8775,201.154461498562,54.6901358425265
34.878,197.823361233565,76.9464572825724
34.8785,180.288112546412,110.702186333044
34.879,140.229813724336,146.671487715572
34.8795,80.1893423435163,170.957322991683
34.88,22.4741396197777,187.113722850164
34.8805,-13.1015423605123,203.942519011823
34.881,-29.2212781254005,213.476396728421
34.8815,-39.8393096178408,201.723555806171
34.882,-47.8439950594078,174.731112937092
34.8825,-45.1050842917355,153.32117668026
34.883,-30.623589464449,142.67939149702
34.8835,-17.2877349534926,124.652283330676
34.884,-19.1390521477794,83.3352484722085
34.8845,-39.0516474779196,26.0127160525045
34.885,-70.7722034732743,-24.3623822622875
34.8855,-106.33114657658,-49.0155768009787
34.886,-136.723110217142,-45.2947205084085
34.8865,-150.096793685668,-27.5638746374213
34.887,-138.089806119476,-16.680008010537
34.8875,-106.643755169193,-20.5608966948888
34.888,-75.210959709791,-24.8937710243014
34.8885,-59.5631848773501,-10.3420320907666
34.889,-56.0971487984056,22.0738552934188
34.8895,-47.237277487205,51.5093911792984
34.89,-21.9326737103793,62.7213100117352
34.8905,14.4116213436531,60.0753084127069
34.891,51.7749543415488,52.7754911937113
34.8915,90.8251956433105,36.5144255768838
34.892,139.776606841097,-1.21826372080337
34.8925,197.511426578007,-61.4894001626344
34.893,246.934778930483,-128.022894002728
34.8935,269.097801802092,-181.01590794026
34.894,262.009769835056,-209.551868802674
34.8945,242.173564588208,-207.502815633073
34.895,226.866439978019,-166.445633227899
34.8955,216.554586406361,-86.1517071946987
34.896,196.412081885586,7.77371428044952
34.8965,154.927148830893,73.5240316381623
34.897,98.8035525283605,92.7918351626146
34.8975,47.6636618539319,91.531874637345
34.898,14.6746629001109,106.929203484487
34.8985,-6.05450801218572,141.267388926637
34.899,-33.2326204666419,166.480678719693
34.8995,-80.4101849875525,168.163399577455
34.9,-142.095038965109,159.658057257347
34.9005,-194.811686109599,150.762585480067
34.901,-213.517625296664,130.320162156137
34.9015,-192.169673220594,90.6470360301991
34.902,-150.378390522968,44.3722109860668
34.9025,-117.532208571613,1.70516824451946
34.903,-108.28233200429,-45.7522069881505
34.9035,-113.20062413773,-98.5109891534022
34.904,-111.366913562997,-128.152455116765
34.9045,-89.3826575930888,-109.663853791964
34.905,-50.5241924344097,-60.4204953132798
34.9055,-11.6852608824055,-18.7343158234723
34.906,7.47596478444023,7.22605062152869
34.9065,-1.27472287562135,40.4669426402857
34.907,-26.5049707751174,89.6678459559615
34.9075,-45.3051894214405,130.819076991762
34.908,-43.3160558671284,135.59820605944
34.9085,-26.4553130993476,95.4264078116643
34.909,-12.6054894798222,17.4803515828714
34.9095,-14.1603400627901,-79.8580326926464
34.91,-28.8911454223936,-165.601081476495
34.9105,-43.7836292514718,-213.097447547723
34.911,-46.1511660233684,-224.93411212071
34.9115,-35.0148883555636,-226.447602503284
34.912,-23.8232357981212,-234.974811440889
34.9125,-27.823368174025,-251.018202325393
34.913,-45.7982697853838,-273.030381572311
34.9135,-58.7153119377048,-296.664108106925
34.914,-51.1912675099014,-303.060321070635
34.9145,-31.3067429094967,-276.717068111877
34.915,-23.4638397384306,-236.466914703377
34.9155,-42.0839665118512,-219.257614458626
34.916,-76.8703402337219,-228.29898274059
34.9165,-104.568464407062,-226.71196167806
34.917,-111.112436901694,-189.124421891588
34.9175,-99.3647084980275,-128.00382200706
34.918,-77.5348135184356,-59.2454184951149
34.9185,-46.991763083933,22.6226542357777
34.919,-7.57260870911766,115.693534873779
34.9195,28.504031440037,189.492841154119
34.92,41.4028006726005,219.509346792577
34.9205,30.1258553164766,220.612863686073
34.921,23.7709695431864,221.980308638648
34.9215,51.6655370032812,229.440745213763
34.922,106.807573174095,236.634280176768
34.9225,155.752497958172,251.638454859707
34.923,183.298084565871,282.060140789246
34.9235,206.366592377959,308.794979360175
34.924,238.936530213456,306.391558838259
34.9245,267.44765343372,282.185241983937
34.925,276.453881793539,267.643885347892
34.9255,278.680549144804,275.201843847031
34.926,296.041643313317,288.346576158727
34.9265,321.58212504388,293.17890160628
34.927,324.7781466729,299.119449874452
34.9275,290.70048159048,325.957529243209
34.928,231.611132883524,379.955357468335
34.9285,161.366904525567,437.627101897603
34.929,82.0223454966061,449.380328258199
34.9295,-0.368011812940059,379.535128490209
34.93,-69.1580473517677,256.006445717711
34.9305,-116.135600545994,155.031903939343
34.931,-151.049843670387,113.428933990288
34.9315,-183.340350026661,81.8404653877654
34.932,-208.860489413066,-1.93869059971649
34.9325,-223.569512658406,-117.398662828651
34.933,-235.677536041056,-185.209900763109
34.9335,-252.407386733813,-174.553400535874
34.934,-266.581149316687,-135.207305932949
34.9345,-268.94316479676,-120.803045722518
34.935,-264.285756823536,-130.677506918496
34.9355,-262.672589235561,-143.008660863138
34.936,-262.555861362765,-160.778514197689
34.9365,-255.631288094887,-196.672167478657
34.937,-242.272898437144,-240.918281437337
34.9375,-228.755396216063,-272.092704357836
34.938,-213.092141924934,-284.466949040133
34.9385,-186.54828494389,-285.763037229049
34.939,-147.331855301633,-280.905452533936
34.9395,-101.425537926804,-271.937475439243
34.94,-51.4738519130822,-262.148532427549
34.9405,3.80988336942811,-251.890209584103
34.941,59.9162076093179,-244.528022096517
34.9415,107.765306030685,-260.057954561621
34.942,145.705272295776,-319.343757494654
34.9425,179.642712120033,-404.899095587581
34.943,209.193674787071,-462.591603627092
34.9435,224.355074084582,-460.059964386908
34.944,220.302814744733,-424.150564707481
34.9445,206.154911250952,-402.677531662181
34.945,192.304064585121,-406.665235986915
34.9455,175.559982351637,-409.369549379929
34.946,145.048015039113,-386.375277589121
34.9465,100.83648225669,-335.226987097993
34.947,60.3103338143958,-267.436423644304
34.9475,44.9519929185844,-202.749094618422
34.948,62.7369496977686,-163.080139596049
34.9485,102.391234737803,-151.284707839352
34.949,142.335474794631,-140.021470069106
34.9495,165.791620780468,-98.7249064953224
34.95,169.935660540172,-28.3568982712393
34.9505,162.022947801217,44.8029506801236
34.951,147.495363898534,105.560160904381
34.9515,123.746923037598,165.595327520979
34.952,86.9523310034019,244.79560645423
34.9525,42.7961678358523,347.166645307217
34.953,5.10672417463068,452.032261674149
34.9535,-18.7488966676053,522.178748477462
34.954,-36.3158767972152,530.141765227786
34.9545,-57.1672985523897,488.896505298243
34.955,-74.358414883452,449.865909813647
34.9555,-70.7249626788208,457.744220371344
34.956,-47.6637677521454,510.682824793675
34.9565,-34.2881386221602,572.053790619539
34.957,-55.4697237119718,611.177585595789
34.9575,-99.8367450588318,621.021611769676
34.958,-136.66319418577,607.485198515691
34.9585,-159.677563919832,579.582303591116
34.959,-191.814578323255,546.46550018974
34.9595,-243.293176093276,510.381478320334
34.96,-288.998334067024,465.654811405872
34.9605,-301.404916628923,412.892783781545
34.961,-288.03151260392,363.123899570823
34.9615,-277.383024257955,314.447461968652
34.962,-279.189967413391,238.392461724062
34.9625,-279.088105169692,111.817032832361
34.963,-266.561373515424,-44.5368189206686
34.9635,-246.652026639149,-181.57582733941
34.964,-223.644912241581,-271.662632599126
34.9645,-192.076737275339,-321.448454246381
34.965,-148.251047490719,-341.805863757845
34.9655,-95.059310548646,-336.111021742118
34.966,-29.1230836535983,-322.179470964299
34.9665,63.222539995265,-332.670887586317
34.967,186.879657467306,-374.090152368286
34.9675,321.184954463496,-404.551446469865
34.968,429.266029081728,-373.650237225017
34.9685,482.055488044905,-278.913188332249
34.969,473.766849201455,-172.524045539847
34.9695,422.943621007525,-118.869381884707
34.97,361.812165100482,-149.49601281623
34.9705,315.273914928666,-243.811172727123
34.971,282.514388706413,-339.990458673692
34.9715,242.831927414223,-375.428847056515
34.972,183.76814538227,-335.045910308344
34.9725,119.129919154198,-261.754552926747
34.973,74.9039999573423,-212.266992579692
34.9735,60.7381966384675,-204.369465223764
34.974,58.9389954962281,-212.045489252119
34.9745,39.3728405411955,-205.269613940901
34.975,-15.5024699645402,-183.214486736846
34.9755,-94.5578452535443,-168.102158214421
34.976,-162.897058876598,-174.821913347443
34.9765,-187.287549325002,-192.112779865994
34.977,-162.736181793523,-194.574170769567
34.9775,-114.781511318232,-171.747250238888
34.978,-75.4470565682502,-139.630571089093
34.9785,-58.7907093047769,-118.257071792654
34.979,-58.2335257911233,-103.853538344939
34.9795,-60.5476394888965,-75.0936253816553
34.98,-57.7469866991428,-25.0995107565812
34.9805,-47.7046836788806,28.5577178294521
34.981,-27.5786099984481,70.4086449918216
34.9815,9.80830863947459,108.161405196295
34.982,68.0813873039086,156.178054241467
34.9825,133.168091447706,208.603854654092
34.983,173.89679778472,243.175590261449
34.9835,167.002848166745,248.431571030182
34.984,121.218542290112,236.724601749155
34.9845,68.4065706520454,231.727770389426
34.985,31.6393093923826,249.879885723446
34.9855,10.9962514611399,290.356595894196
34.986,-2.17972662326992,334.569385869272
34.9865,-13.9163558597784,356.96566348975
34.987,-34.9093146154989,344.278920923747
34.9875,-80.0854001932452,305.770141624228
34.988,-145.237214493464,262.400901156949
34.9885,-195.170223849828,228.791457138081
34.989,-195.124979094473,207.423005016715
34.9895,-153.869436644969,192.311500582462
34.99,-120.767061718569,170.822726608634
34.9905,-136.586766708123,128.635341907856
34.991,-196.737785373286,64.1904334117677
34.9915,-264.341293997997,-3.73224425674276
34.992,-307.483002080925,-52.0443763141914
34.9925,-317.508245374122,-75.3361937125521
34.993,-301.373412891486,-83.3583890891187
34.9935,-269.515892167831,-80.186131846262
34.994,-231.492327967012,-59.971805579973
34.9945,-193.57822955826,-26.4904150201647
34.995,-153.88761900961,-4.0057941462669
34.9955,-101.989869639238,-18.9167251257493
34.996,-29.3530549156057,-74.3545618687308
34.9965,57.308678327508,-147.990298858625
34.997,136.140995769081,-211.476756064385
34.9975,187.652024792562,-248.655614100576
34.998,212.127132021742,-259.856026755533
34.9985,227.331105667829,-255.395304306542
34.999,249.659659626691,-245.190204199034
34.9995,279.919769392136,-231.544563388314
35,305.376831022103,-211.235708180481
35.0005,310.714935703654,-184.098460477179
35.001,288.391814120107,-156.799704309311
35.0015,245.567190662461,-136.8735551296
35.002,202.18862441175,-124.742750625398
35.0025,175.087405230778,-111.464178788816
35.003,160.98799025035,-81.8346121231745
35.0035,141.54107588698,-22.6571505277205
35.004,108.055750925692,62.3026287673865
35.0045,73.68649055203,141.63495181421
35.005,56.1776594269371,171.399353255554
35.0055,55.9363427952165,135.335426640958
35.006,58.2608939993599,69.9981895311992
35.0065,51.1825183319245,36.2457424940801
35.007,32.7961527987491,57.3148906228263
35.0075,5.87820176749711,92.0161910528275
35.008,-24.5849956058924,79.163562413847
35.0085,-50.0046864204916,5.97713491372454
35.009,-63.166767301404,-77.7790076948929
35.0095,-65.0209445126845,-113.758613256855
35.01,-60.7652944900352,-91.1623744523013
35.0105,-50.9882258485619,-44.3182663670812
35.011,-33.5545710326065,-7.86345025668906
35.0115,-12.6045659521359,10.9383869984191
35.012,1.96136944432486,21.7506962259564
35.0125,3.47771982536743,33.6240313071205
35.013,-9.1810520822491,53.9819207297304
35.0135,-35.4964703513021,89.9859399611636
35.014,-70.5436053748248,138.898966568172
35.0145,-100.176237877393,184.065984467341
35.015,-110.477827715998,210.107031867012
35.0155,-104.157088934542,216.7234442072
35.016,-97.872033435715,209.356580052139
35.0165,-100.425138720794,184.356240453726
35.017,-102.556197482228,136.987037708343
35.0175,-91.3851583737196,79.3495637697736
35.018,-65.8507010453888,33.225897867779
35.0185,-34.2317416703411,3.26957836670731
35.019,-6.01211814978738,-27.3258576448276
35.0195,9.19881187911863,-69.1269012433325
35.02,5.48381642732698,-108.134556290972
35.0205,-9.00021992061627,-123.462709748074
35.021,-15.1525184777507,-112.246449447281
35.0215,-6.06905538098646,-87.1720829639099
35.022,1.34675300595302,-58.7399333079165
35.0225,-10.7032939962509,-31.9262750442436
35.023,-33.8437178443898,-13.2031272169027
35.0235,-44.313845668453,-6.268641201475
35.024,-37.6483905838387,-2.84850369133055
35.0245,-36.3907968577332,9.35979378221059
35.025,-60.935826062797,29.3888481587556
35.0255,-106.419584133367,44.848232712847
35.026,-152.958541878039,51.4033613786062
35.0265,-185.705405215724,58.1997969097506
35.027,-197.064880293178,70.9393411553383
35.0275,-181.320746166741,81.3556605916363
35.028,-141.429049241235,79.1110587204303
35.0285,-97.2542901050382,64.106741491563
35.029,-73.374565900854,40.6006486892094
35.0295,-75.4824283749188,9.76827108065297
35.03,-86.3713269120834,-21.4467250903813
35.0305,-88.1059369829757,-32.594851352641
35.031,-81.8276354241875,-6.5119187606625
35.0315,-80.9242157549114,45.5883696449048
35.032,-88.2613707861945,87.6038886968543
35.0325,-86.176222306036,91.7635477088538
35.033,-50.5220608500795,62.4534139866281
35.0335,26.4280271012559,24.2456088178855
35.034,125.867746429799,-8.07597578378621
35.0345,212.787454812512,-42.5881060435182
35.035,257.7798694679,-94.5102578976714
35.0355,254.751370417155,-160.430635073531
35.036,223.124385138596,-211.402256637063
35.0365,193.553533245622,-216.984988020701
35.037,187.322136793489,-178.837479111576
35.0375,204.329849157846,-134.456314824886
35.038,228.071516045243,-119.652236318242
35.0385,242.618081597607,-129.359521828449
35.039,247.65403696521,-124.065841285081
35.0395,259.345963278695,-75.4256956171658
35.04,294.153807692886,2.29059017340679
35.0405,345.363763657203,66.8473572002648
35.041,373.60709251442,84.9383677312053
35.0415,329.701295513376,51.6722607656635
35.042,199.896524624022,-15.6898503366514
35.0425,31.1161173453523,-92.684516614098
35.043,-97.9745818683778,-158.685230909818
35.0435,-138.918142201834,-202.050943750222
35.044,-106.516232408958,-219.613893230532
35.0445,-51.687367591117,-213.782799253194
35.045,-11.0806772656348,-192.283884622523
35.0455,10.5874875557569,-166.983974384731
35.046,19.3975129684561,-144.727839211105
35.0465,12.0811712947601,-119.190469675075
35.047,-18.5346154434956,-80.8497841129182
35.0475,-69.2919149456632,-35.9589385264136
35.048,-126.46730291549,-3.16069355034178
35.0485,-176.20509013559,13.2892993703373
35.049,-210.625355330727,31.8735259988882
35.0495,-227.578459703823,64.7835508760336
35.05,-229.835638193565,95.4736432196237
35.0505,-222.587077208098,103.286535792309
35.051,-207.405280381772,99.6800914293537
35.0515,-180.569449710896,115.195950287462
35.052,-141.809867247684,152.316203116887
35.0525,-102.662467044265,177.371779809579
35.053,-79.4707805441979,166.179150503192
35.0535,-76.5230310762179,134.424675222667
35.054,-80.9715781978371,109.800947850164
35.0545,-76.925966200778,94.2476931431243
35.055,-60.5280948930995,73.6885355916729
35.0555,-37.7741228831363,52.0228894240489
35.056,-12.0418872537737,51.3810118569713
35.0565,18.1406997684235,80.8085799218173
35.057,48.1950765331075,123.99116892946
35.0575,63.2746690854312,159.973570802232
35.058,53.3233440538327,180.705527489291
35.0585,30.2461676970748,185.233572870946
35.059,20.7950506545793,171.79777549185
35.0595,38.4664203585741,143.68339528027
35.06,68.3597472563947,113.14284535083
35.0605,85.1334056861152,91.1670374614876
35.061,80.93962784995,78.5263309692524
35.0615,67.8548876189386,71.9597143465373
35.062,56.5675881465578,72.9392760605506
35.0625,45.3438902246338,83.8236737377459
35.063,32.5374025322423,100.342946246215
35.0635,25.9258540633889,115.961787090994
35.064,28.0107404501386,131.938570727174
35.0645,20.1914463172071,155.316493653462
35.065,-22.0160427276297,185.189950658508
35.0655,-96.7911627853737,206.187461296784
35.066,-172.16783483283,199.582848252456
35.0665,-218.685130745844,160.381426770225
35.067,-234.256134123937,102.022139948858
35.0675,-230.365887704091,44.395970357996
35.068,-207.698354719882,-1.9582616566313
35.0685,-161.246251491583,-39.765619590796
35.069,-102.289934161686,-74.8570106789402
35.0695,-54.5654258943453,-105.410718127249
35.07,-25.2125854907573,-123.884788660979
35.0705,3.20875067134294,-128.227330083912
35.071,43.4176400845669,-126.462440339477
35.0715,81.0124947536431,-127.473438239155
35.072,95.0902389382151,-130.103879919833
35.0725,90.9733175244339,-126.544667519317
35.073,93.9391359947494,-117.151460044031
35.0735,112.090904471603,-115.730480933495
35.074,122.870837028442,-133.643690969279
35.0745,101.776697869423,-161.015050560699
35.075,52.3128462605658,-173.989303017671
35.0755,0.055829777496698,-165.473398967208
35.076,-35.1943963582497,-159.552641093301
35.0765,-54.3327603543607,-184.294062209196
35.077,-71.4488016734224,-234.745157701626
35.0775,-97.7897237277745,-277.444584826185
35.078,-129.944601955338,-292.564378820097
35.0785,-149.710900201223,-295.263523889319
35.079,-139.497541354142,-307.70403455164
35.0795,-102.092573877133,-325.642931644639
35.08,-61.2884586990596,-328.027798151971
35.0805,-38.0525211437195,-309.104062181179
35.081,-28.8863768361198,-280.755348602046
35.0815,-12.2044254971218,-246.448935869372
35.082,26.2196398035999,-195.663766221022
35.0825,78.2185331449474,-130.483462321797
35.083,121.725448370871,-77.9934822051677
35.0835,141.382448881595,-61.1707628394127
35.084,143.235577301291,-67.2839223002104
35.0845,151.580409152562,-60.4670548029892
35.085,188.019844080136,-23.0101923420469
35.0855,250.439452985671,27.711563762631
35.086,314.836661879124,63.6337649232992
35.0865,358.589120972511,77.3443895480814
35.087,376.892826573308,85.0481529137434
35.0875,375.874602884654,103.371418286592
35.088,359.654211566499,128.507265280248
35.0885,330.700720146799,140.129225592382
35.089,294.148578604669,125.848433035578
35.0895,251.447195532264,98.9528315238811
35.09,195.133258716843,87.6937367025227
35.0905,121.193417097656,108.017963832597
35.091,44.1590173175353,152.63036884518
35.0915,-11.1831895208256,205.894680069532
35.092,-33.922509165656,258.864539972138
35.0925,-35.7769222454748,305.186933598937
35.093,-37.568331778978,333.74959549581
35.0935,-54.6562111263339,337.521635434281
35.094,-91.6764888799376,325.508319419734
35.0945,-138.901911731303,315.396346645575
35.095,-173.580553924771,315.996456636245
35.0955,-178.175545226238,324.798752960719
35.096,-161.825013110956,338.036997103277
35.0965,-153.661857983001,350.119003386501
35.097,-170.227819088559,344.273086924607
35.0975,-198.533775806282,300.052725069138
35.098,-215.781369640186,217.867827307611
35.0985,-215.53549974513,126.759038893274
35.099,-206.931428857196,60.2839281329535
35.0995,-197.297722917248,29.7613890842337
35.1,-187.156645108831,24.1300816137229
35.1005,-178.627758246265,26.5127258150934
35.101,-177.318237877025,24.2622230437371
35.1015,-183.965514112576,12.2072302705283
35.102,-190.699565404515,-3.14674346540321
35.1025,-187.889768195831,-7.8413047580078
35.103,-171.295317531618,1.10894158037145
35.1035,-141.825356666283,5.89633359444384
35.104,-102.781986798297,-13.0611931496986
35.1045,-61.0084482509531,-52.3746914965623
35.105,-28.5784281018949,-92.1501042395605
35.1055,-16.6199986634966,-123.916764488821
35.106,-22.9185558935349,-156.369806947631
35.1065,-29.6574636957277,-192.560245915103
35.107,-21.9176057191387,-219.300362646275
35.1075,-8.06687560937834,-226.150530817088
35.108,-10.8986181440303,-218.403873464637
35.1085,-34.98596906327,-200.19054815179
35.109,-55.9257841810419,-161.217659688594
35.1095,-51.4227158223937,-99.4083479523824
35.11,-30.5449668633277,-46.0004749884406
35.1105,-17.5355286738938,-42.6713663078982
35.111,-17.6688478627821,-92.2891881161184
35.1115,-19.3617611047486,-153.569178223717
35.112,-21.8627949991654,-190.355455871332
35.1125,-33.2927646179133,-206.68219140688
35.113,-40.7669259319498,-223.064363853623
35.1135,-12.7661075299905,-238.092228780177
35.114,56.7528811988301,-234.604884810606
35.1145,130.338216567419,-214.768307807898
35.115,167.992705334627,-205.1575637109
35.1155,166.419677566212,-223.14420622216
35.116,143.016065261289,-254.151640752579
35.1165,104.115915560181,-269.756739577852
35.117,53.430677291741,-258.800507412006
35.1175,14.5847350159,-232.933951249204
35.118,13.9084432250865,-206.913783547007
35.1185,45.2567074536483,-181.30807992036
35.119,77.1899210797792,-144.575004943275
35.1195,92.4945016332113,-88.0553864852597
35.12,96.7110859740225,-16.4554043442315
35.1205,89.9592691481301,57.406180234529
35.121,59.6378017493791,126.55902630041
35.1215,9.49537454382075,193.127574067668
35.122,-27.7727049553089,255.424688718917
35.1225,-21.2119351449286,299.573022835249
35.123,28.2389861042945,312.821261251422
35.1235,96.4284220471409,301.482807593118
35.124,159.960931565529,285.313359026219
35.1245,201.755324975676,274.783852949828
35.125,208.018774515553,263.874678921913
35.1255,176.583639439515,245.154557880788
35.126,123.849862107161,219.799328565775
35.1265,72.5001286126976,189.695234565408
35.127,34.3571797016172,152.42058465231
35.1275,10.5736671132983,111.161332058414
35.128,2.29036080028888,78.8965519884286
35.1285,11.9977600243752,63.3024306198585
35.129,36.0903924168147,55.31080979439
35.1295,62.7483743636883,41.9088730861954
35.13,78.9827950011503,22.9345577839524
35.1305,80.052697086914,4.72099976336817
35.131,73.6147532081687,-15.7931997805369
35.1315,71.8981416198938,-46.6261277334245
35.132,74.9588936761052,-83.3590314377016
35.1325,65.9189528724504,-110.234656296267
35.133,31.9781375275718,-119.544271263082
35.1335,-13.0127736434875,-118.305608943926
35.134,-39.2438496275272,-114.088831404591
35.1345,-33.2026704835286,-105.440726502985
35.135,-5.69702525948291,-89.4335930308723
35.1355,31.1731699196663,-68.1000643512085
35.136,75.4525414799473,-42.2567675607176
35.1365,117.783943724266,-7.35995386427336
35.137,132.53837712073,38.7316763323169
35.1375,101.276287295602,89.6475018646077
35.138,34.0376980525533,136.186187721156
35.1385,-44.0799521048708,172.777160260122
35.139,-116.659558450979,196.096235447488
35.1395,-175.757217574441,204.678022050566
35.14,-211.803390935145,203.251489898797
35.1405,-220.577205569436,199.334097419575
35.141,-212.772520708948,190.635037739689
35.1415,-202.015615587332,163.923207628755
35.142,-189.724384665921,112.990298601122
35.1425,-174.635342025112,50.5908556041489
35.143,-168.31144038846,-5.17565096123019
35.1435,-184.098770993081,-50.24875885516
35.144,-215.970421397568,-91.8509278696298
35.1445,-244.609118716016,-131.73991242613
35.145,-260.243410034837,-162.913759694777
35.1455,-264.189225210486,-181.276752412868
35.146,-253.964125997338,-190.488875880053
35.1465,-225.811776291895,-193.428709094121
35.147,-188.107228528298,-185.525016447162
35.1475,-152.082546802781,-159.297127797691
35.148,-111.695711969607,-113.251888451142
35.1485,-54.8148092562352,-56.7935320971457
35.149,6.03353057282985,-7.77569034339426
35.1495,39.0962767284285,18.303012706294
35.15,34.3069485655693,19.6424287968761
35.1505,14.9514514025148,5.05991489743285
35.151,1.84826996112706,-21.6511491187187
35.1515,-8.4100296242791,-65.3743837881883
35.152,-18.0282818619734,-122.20177699944
35.1525,-8.1571748244357,-169.809801232418
35.153,33.870329362461,-188.853948187717
35.1535,86.4719272248549,-187.933682632818
35.154,117.051150193126,-191.811718799187
35.1545,122.167400875887,-206.209830349975
35.155,124.069637279862,-209.131802095533
35.1555,137.436402818469,-178.945197958451
35.156,160.398051211817,-118.280466480922
35.1565,189.729544401448,-47.5110920688764
35.157,221.82500182919,13.2485829766279
35.1575,242.795529506638,51.9310465601623
35.158,239.811719029826,65.959959537753
35.1585,222.056986809439,61.8624223532953
35.159,212.1301987905,46.7995948121482
35.1595,217.64095956008,20.3111354607257
35.16,228.496875022325,-15.4128345365213
35.1605,239.033178868548,-39.2108719160129
35.161,251.868677264844,-22.867240793408
35.1615,260.812411784613,35.5162789521195
35.162,253.268809770071,106.662426271447
35.1625,232.485571587508,165.567202169152
35.163,213.693904545263,213.848288409702
35.1635,192.545280399819,256.683244616772
35.164,143.595745186634,278.950757742923
35.1645,63.0098095376619,265.79905370336
35.165,-11.5088862976144,234.304699202613
35.1655,-43.4082898791553,220.897061921199
35.166,-42.632531188155,241.001746411944
35.1665,-47.2119390897477,278.691487658619
35.167,-73.4771031681429,310.490950046011
35.1675,-108.771153349311,319.77334411898
35.168,-144.335639064004,292.613055715657
35.1685,-186.187763418634,224.358654049624
35.169,-230.697390000824,134.859904937954
35.1695,-254.491244566796,57.7626295758706
35.17,-240.14457293324,7.88450354863367
35.1705,-196.97122139675,-27.3328338695282
35.171,-145.969319104696,-62.3788628496892
35.1715,-96.6036093402821,-97.1425203651714
35.172,-51.8548014571556,-129.02366037727
35.1725,-27.8220389558045,-161.175274027938
35.173,-48.5095944805945,-189.497821284345
35.1735,-114.479178371405,-199.01170979646
35.174,-188.588388227733,-184.647608009631
35.1745,-227.27553725151,-160.421579412612
35.175,-226.145791645195,-136.13810115
35.1755,-221.789629876962,-101.377674161377
35.176,-242.437112167588,-49.1950392917201
35.1765,-270.498262128784,-1.05197606160633
35.177,-269.540915349569,15.076282058332
35.1775,-237.814324212353,5.13142796778324
35.178,-207.585011826915,3.70390619501597
35.1785,-189.021639720402,26.3745558969214
35.179,-146.603098270156,46.8879208782106
35.1795,-51.018181361692,28.6018738759808
35.18,69.0867140689237,-35.3401982218481
35.1805,156.140483468654,-120.699481696072
35.181,191.644434726773,-199.413987535885
35.1815,203.81059920842,-257.858061640587
35.182,212.684120073557,-294.062544286868
35.1825,203.575748922361,-308.310914566786
35.183,163.872905372591,-299.794584267196
35.1835,115.153317465286,-270.268384220704
35.184,88.581032101984,-229.321813417371
35.1845,86.2102585459092,-193.599741065904
35.185,85.5219580220729,-176.898006493976
35.1855,71.1300101103225,-179.641550189642
35.186,45.7563433669984,-189.520250551313
35.1865,18.0146153398321,-192.545777650538
35.187,-5.15324046014926,-182.661087513015
35.1875,-17.4362771556093,-162.365815066654
35.188,-16.0095070260439,-136.540458805632
35.1885,-4.70607240993787,-105.256431182746
35.189,9.03704358433443,-62.253588972229
35.1895,14.9357783296057,-3.58335479325011
35.19,-0.61369227280492,61.2243201711037
35.1905,-38.6405864168496,112.686571559748
35.191,-67.0354643618013,141.559984574413
35.1915,-39.8355564164243,161.540315328426
35.192,47.1471931672468,194.873554946792
35.1925,141.09562557415,246.98864555571
35.193,193.788640276994,301.653715406505
35.1935,218.029054977522,339.5042150728
35.194,254.393135045873,353.697192391379
35.1945,301.490467931876,347.639723595802
35.195,320.552533617408,327.032507130732
35.1955,300.745312451509,299.224399905013
35.196,272.218124899815,274.225787460167
35.1965,249.823294159578,258.71576337762
35.197,213.222237499946,248.911766969521
35.1975,159.676644746051,233.265260421983
35.198,126.215869787881,203.799887559664
35.1985,124.850203979203,164.111624231223
35.199,97.9771125488242,125.659665367635
35.1995,-10.9551648419094,96.2321200689756
35.2,-164.978669427887,72.9021010131668
35.2005,-264.281102788719,47.6021012804589
35.201,-262.034059043907,18.8565460901349
35.2015,-202.554622270952,-5.12568250090562
35.202,-146.785181721133,-16.0393382773239
35.2025,-111.375998010691,-15.304105226383
35.203,-92.4183351034789,-12.6393683647561
35.2035,-98.2017121895419,-17.0719048584099
35.204,-128.513003691815,-30.4404030839988
35.2045,-156.66399915082,-47.0752699085366
35.205,-165.982117537326,-59.0155570023272
35.2055,-180.5520511516,-64.7369991552033
35.206,-226.203009093382,-72.657848523789
35.2065,-278.465187853819,-90.753129546101
35.207,-286.570019647724,-112.788308883148
35.2075,-243.366248486162,-123.493795231948
35.208,-197.08498927359,-120.017957866511
35.2085,-190.614066382094,-117.385717426234
35.209,-217.410138356013,-125.510696395542
35.2095,-244.695226034664,-131.599764809045
35.21,-254.737316862728,-118.045002230018
35.2105,-248.490483817035,-91.2183649667511
35.211,-225.665625207129,-77.5723973365679
35.2115,-180.617522508962,-92.3585958865095
35.212,-115.165024428919,-125.066388715007
35.2125,-44.2541193125235,-156.179368345495
35.213,13.7890820743217,-175.883916736767
35.2135,51.763523638322,-183.735151691033
35.214,79.4582691441321,-181.5601421045
35.2145,112.584846184614,-172.727725286304
35.215,152.652502889584,-161.920666719285
35.2155,184.383142752997,-151.595235636101
35.216,201.654079274373,-142.366786064306
35.2165,227.141532545545,-136.111739535799
35.217,286.845778385459,-132.114144470788
35.2175,365.360023498305,-121.371933228982
35.218,409.597768020646,-93.0262910282304
35.2185,388.531843636887,-45.9083573457319
35.219,331.296002059771,13.9050902947064
35.2195,288.071389942967,82.9640133163062
35.22,265.789832143341,154.956987043362
35.2205,227.914359466346,208.002618761026
35.221,156.919862906693,216.015414831269
35.2215,89.0937120020448,178.684085634542
35.222,70.6703902990485,126.571854223573
35.2225,94.9001324204967,91.0815813212995
35.223,106.817205364462,81.9439766880321
35.2235,71.1363854892383,96.8850189377735
35.224,15.2484014438456,133.857868505154
35.2245,-5.66915858782379,182.805356710005
35.225,27.0943781345749,221.684512701957
35.2255,81.3132415494078,234.543766576522
35.226,114.856734374103,221.899347819899
35.2265,110.288953347099,183.974629622451
35.227,68.577244501672,112.520042578671
35.2275,-6.58237324298904,16.3938697347891
35.228,-101.906447826542,-63.0781903479196
35.2285,-185.73994432491,-88.4996934907769
35.229,-226.438632533718,-69.5757752849361
35.2295,-218.478454180293,-46.0309399470016
35.23,-179.766284051425,-34.5984876694544
35.2305,-128.876950797462,-18.9128193198009
35.231,-78.421349515223,12.5277656991762
35.2315,-44.6864241846827,48.354619613576
35.232,-43.4588419797781,76.7867885435325
35.2325,-72.6676092366799,97.055980327874
35.233,-113.71570732631,100.952210350181
35.2335,-153.126383279035,71.4579086511842
35.234,-189.008492023025,13.7398446421753
35.2345,-214.226692633236,-37.4205962975635
35.235,-212.574846943296,-60.1381076641649
35.2355,-182.380158921984,-75.9948054393727
35.236,-148.9181845713,-117.059826985697
35.2365,-137.994298575197,-177.21367458574
35.237,-144.107276534511,-219.653122369331
35.2375,-137.693028580748,-224.295225228397
35.238,-101.42396162516,-205.080682482668
35.2385,-51.6092183210477,-183.993382835451
35.239,-26.7340459133969,-169.893649842081
35.2395,-58.5420209223837,-165.054631718927
35.24,-145.850086323018,-172.904924137074
35.2405,-249.038504494263,-189.171810976674
35.241,-317.500291436976,-194.653930743868
35.2415,-331.370776632674,-167.46233474372
35.242,-311.851986187476,-105.477372392699
35.2425,-286.591260938035,-36.6819024041456
35.243,-256.356201230024,-2.00054933385787
35.2435,-205.113383453772,-16.9518599614872
35.244,-130.36375288668,-49.0885707018719
35.2445,-47.3712084071448,-47.6728460205038
35.245,29.604684205897,-1.6528317879182
35.2455,94.421664924099,48.3330998961983
35.246,143.583862834127,66.06936934382
35.2465,181.865844269764,67.5449451052346
35.247,229.946128991834,91.6654077309722
35.2475,305.676166772624,139.866140002761
35.248,395.423507342076,175.424230845553
35.2485,463.072671260774,176.782122628471
35.249,492.887047032658,159.277355333543
35.2495,505.636152955941,141.331375434561
35.25,523.872363306608,120.80029527976
35.2505,538.108689044995,96.3422740905724
35.251,521.080108510396,85.2530612352853
35.2515,464.841920323833,102.032337675894
35.252,390.077913001928,136.914825912703
35.2525,324.404048772909,171.219825153532
35.253,281.467618957071,198.525863017646
35.2535,255.151993869958,216.245004957115
35.254,224.093241023332,213.386983444619
35.2545,167.727272176173,186.668573302424
35.255,89.3362959074129,156.974997519885
35.2555,19.1163484350262,148.757609565278
35.256,-17.7589942812254,159.144709887813
35.2565,-33.9302248891365,165.106164071719
35.257,-67.4357674245003,155.366030611749
35.2575,-134.607673036442,137.319085588041
35.258,-207.522528178548,116.92414194465
35.2585,-244.531196664731,90.9913928801863
35.259,-234.98724787379,58.9383571230199
35.2595,-206.251168304617,25.5544617113225
35.26,-191.749181120344,-8.10534539208506
35.2605,-201.165409507714,-41.3018717146662
35.261,-221.094699368064,-61.9120379293284
35.2615,-235.461882245546,-55.7842556779242
35.262,-239.47742257633,-30.2088615470095
35.2625,-237.404779765191,-11.1180413503329
35.263,-234.195872573222,-12.6928869330239
35.2635,-231.735783582657,-26.6145440926266
35.264,-229.313788150858,-47.3168832890948
35.2645,-223.987408770463,-88.4313848196998
35.265,-211.777197943468,-160.470291815251
35.2655,-191.659223637669,-247.168741513633
35.266,-168.182005497313,-322.883680939646
35.2665,-147.884568906969,-386.095794016886
35.267,-132.910171858254,-455.18891258843
35.2675,-118.782485519016,-529.717680306608
35.268,-97.254092620343,-574.480213574475
35.2685,-61.5980786239839,-553.619257890035
35.269,-13.7561002654226,-472.712423191745
35.2695,31.3242060224697,-374.57090210126
35.27,54.5170354090138,-293.058170046731
35.2705,51.92000457774,-221.712473991109
35.271,40.929435131891,-134.723928709513
35.2715,39.2016973073531,-30.854218951772
35.272,42.0579575344593,58.8928175671079
35.2725,32.4011351744042,110.607562930647
35.273,11.3861607217819,140.433404920837
35.2735,3.87074432045008,186.331571341073
35.274,27.3995883118177,263.316622054105
35.2745,67.6985074213873,348.444455086294
35.275,94.5979626980855,406.405701660477
35.2755,95.1238098229949,418.096855432131
35.276,81.2270913918053,386.549876099734
35.2765,69.4241646418432,329.052508505959
35.277,63.4062309970966,266.391677313132
35.2775,56.9361340691773,209.842924650428
35.278,45.5294708303133,156.223904290968
35.2785,30.4655097875004,102.119934923403
35.279,12.6627744854537,58.8043981086839
35.2795,-13.3517090504895,40.6756821923894
35.28,-53.3490309465791,42.8366683025424
35.2805,-97.6860264426237,47.7862841840986
35.281,-118.628356916432,53.3886898831741
35.2815,-95.3693978764415,72.1916953482439
35.282,-41.257006480766,98.7909410154639
35.2825,6.59914251484622,103.20677945726
35.283,27.2479916619926,69.7725476497361
35.2835,31.916923203925,20.3519339685283
35.284,36.6137967772925,-18.8414683506669
35.2845,37.7255347163068,-53.2012357000887
35.285,28.069714265972,-99.3351244182685
35.2855,20.7733387614779,-145.794142354961
35.286,35.5874084549436,-164.610919786146
35.2865,68.4631995751825,-155.073040791903
35.287,95.5789877032671,-146.028992020963
35.2875,105.098311696856,-154.32731325018
35.288,105.057552786326,-167.639609738009
35.2885,100.340738903826,-171.59304185884
35.289,84.3062765285108,-167.382835270561
35.2895,59.0294753411774,-154.665226732257
35.29,42.2864542022799,-122.419874409339
35.2905,41.8926057497995,-70.9407461561272
35.291,40.136981837493,-22.9407291552497
35.2915,20.8418857322973,3.70057466142692
35.292,0.873792044111822,19.1385410841953
35.2925,14.241868956974,40.9302715045897
35.293,65.9986564014187,63.1247698827391
35.2935,118.65803922294,65.5355788334534
35.294,129.56632818729,46.781447452381
35.2945,92.2863254828618,28.4264044705166
35.295,36.3668808205453,26.8466387739846
35.2955,-6.37728830965772,36.7783539606079
35.296,-28.2306477025879,45.2634318451906
35.2965,-41.0221003286633,49.7984591230326
35.297,-53.3677341181035,57.9554235807274
35.2975,-58.8210065463413,75.5877692065901
35.298,-48.0148674632067,98.0361661589622
35.2985,-27.2650833384135,109.48199857234
35.299,-16.0366388012088,92.833023498026
35.2995,-22.3936644626191,46.5886018674159
35.3,-28.0578645914289,-8.75470995619225
35.3005,-7.335021080344,-46.8974944272804
35.301,39.1723886810814,-57.6301273764653
35.3015,78.8746043675693,-47.9243234464029
35.302,81.5193678860577,-25.4503647033812
35.3025,55.0972798036974,8.56747742736338
35.303,38.3872293750506,49.9777205615382
35.3035,55.4651614351557,87.083000842035
35.304,86.3505403930806,111.858546968559
35.3045,92.2532451566764,129.133226715166
35.305,66.5701080804507,148.378688059071
35.3055,47.2349763723712,171.226826701813
35.306,72.6357710395877,193.229574984235
35.3065,134.87113762101,212.844763929291
35.307,185.828953455881,229.218973271529
35.3075,183.190860019211,233.041389092137
35.308,120.430234444973,211.607140981714
35.3085,18.8284609858654,167.302886720399
35.309,-91.1414009439828,121.233255161422
35.3095,-177.262007390539,90.3292690681396
35.31,-213.532172021182,68.0247038298364
35.3105,-197.18957817102,38.3819572725033
35.311,-154.292939912492,3.75870844773551
35.3115,-118.631859318392,-17.7419662190142
35.312,-106.869056876097,-23.5472153468841
35.3125,-119.938647561483,-38.1537909057636
35.313,-160.625876247004,-85.1099128162661
35.3135,-233.099134335231,-161.116363392408
35.314,-322.529998427603,-248.324178043611
35.3145,-391.420850385646,-337.791501345709
35.315,-409.813609636973,-423.685297119331
35.3155,-384.025834739999,-485.902046564832
35.316,-343.707881120841,-503.500247531698
35.3165,-303.681973128578,-484.679070811204
35.317,-254.099497602479,-460.635849524818
35.3175,-191.031118544131,-445.271997935014
35.318,-137.281664042716,-421.405410762094
35.3185,-115.660112924871,-373.387256930895
35.319,-110.727230905932,-311.821919849328
35.3195,-78.8219126303465,-253.956647997091
35.32,0.745846945093238,-200.143873782456
35.3205,99.8619060376695,-148.611394811619
35.321,172.079593128194,-117.018752439002
35.3215,197.072436105143,-122.194049799045
35.322,190.786679352498,-141.984543498257
35.3225,184.54130642323,-122.292574371347
35.323,200.162554950253,-30.2708824463173
35.3235,233.352703238902,111.271878458808
35.324,255.16949528056,246.313224059441
35.3245,242.780587560581,333.132298494322
35.325,213.627125580524,368.900420694735
35.3255,209.976257155871,380.0198124445
35.326,239.973885574762,395.68335747989
35.3265,258.823518179556,425.481169199995
35.327,229.547788432554,456.508242801093
35.3275,179.603488767881,470.791368707878
35.328,165.353475077255,462.943794251841
35.3285,195.22069731959,438.852847767596
35.329,225.533218153858,403.15452679327
35.3295,225.87954006124,355.956936949845
35.33,207.515683249333,299.668701193296
35.3305,184.79094773537,241.366579228617
35.331,151.65272821087,188.224462478192
35.3315,110.056067197362,144.748931338056
35.332,81.937556702251,112.296016161253
35.3325,70.7413168239679,87.9554226281047
35.333,44.9798535909836,69.0894905299727
35.3335,-12.7385935782656,62.6728580888127
35.334,-69.8047589378993,80.0039585967655
35.3345,-89.0242543230986,113.084842282942
35.335,-85.8784454538741,128.060371193647
35.3355,-102.881033157649,99.2674841250871
35.336,-142.711569271383,43.3383373350994
35.3365,-167.254205688873,-0.0873977916797268
35.337,-156.944822746026,-18.9465798243723
35.3375,-132.009050721514,-38.6254016023865
35.338,-112.96252015533,-79.9794225221951
35.3385,-95.7225688636144,-131.359433005367
35.339,-74.1379485392318,-171.429158518743
35.3395,-56.6746775007059,-198.436440671295
35.34,-48.2827029412485,-221.868937998542
35.3405,-39.397890154211,-241.020869174831
35.341,-24.8377497418959,-249.17175294461
35.3415,-13.5543901997779,-248.499285465422
35.342,-9.44834508352316,-244.541935347866
35.3425,-2.76165443586014,-234.460793925059
35.343,7.83905279313735,-217.535846702298
35.3435,4.40022180815316,-209.781400796927
35.344,-24.7026350545098,-227.745190016368
35.3445,-65.5139088689066,-259.50629715218
35.345,-100.603124112875,-272.548431727615
35.3455,-134.574842822222,-255.686427701358
35.346,-178.26351712363,-236.138072784042
35.3465,-219.041755971356,-244.894708638857
35.347,-228.847868725951,-276.142277347772
35.3475,-198.352909508776,-292.651756253701
35.348,-145.49399549792,-266.861222199237
35.3485,-91.0679055156324,-207.364290374834
35.349,-41.0832553367582,-146.050969418021
35.3495,5.66852054457456,-106.533098075827
35.35,46.0477031369824,-87.4139870269387
35.3505,73.5851463032828,-72.757483707407
35.351,84.6901644180252,-54.1691618626404
35.3515,82.2587479647731,-38.779671194856
35.352,77.0151501187997,-34.5855526991927
35.3525,82.3406388211111,-32.4328121703861
35.353,101.180800774688,-8.82101300482582
35.3535,120.810497642738,52.6253760496128
35.354,127.759731431364,146.327972832816
35.3545,124.644892668643,251.448926144238
35.355,123.176555975343,348.281679519685
35.3555,123.005602585135,425.991666229274
35.356,109.061618523,479.573474037456
35.3565,71.5488532063477,506.005910228162
35.357,18.8904104988735,505.243190731015
35.3575,-32.2169486373357,483.142884881453
35.358,-71.3433515149723,451.380526115974
35.3585,-95.6716896949167,422.039719053244
35.359,-105.499543401787,399.285502886568
35.3595,-104.439489878649,375.70208200349
35.36,-98.0839567476228,339.119922906157
35.3605,-86.2877574383731,283.898951106181
35.361,-61.7593629202834,212.916031257111
35.3615,-23.4777754608429,127.950256673988
35.362,12.253553342972,24.1930811528015
35.3625,23.5501387637465,-99.3168294653473
35.363,6.64374703972368,-226.696749688363
35.3635,-19.5465499738879,-331.972340111376
35.364,-35.4560278508212,-401.386736827055
35.3645,-41.7701275779722,-441.700994560846
35.365,-53.7236011165651,-463.02871596436
35.3655,-78.4034253965889,-463.151120817084
35.366,-104.450727978658,-437.775488358074
35.3665,-115.255131411886,-397.633102537291
35.367,-107.990131533658,-359.351382253447
35.3675,-96.7588916480447,-320.876194496588
35.368,-98.2784779113536,-263.426932787167
35.3685,-116.043906781013,-182.556314172692
35.369,-136.838228556568,-100.495295370901
35.3695,-139.732614156495,-37.6350750167002
35.37,-109.227245440499,13.1135636915159
35.3705,-45.7667589842355,68.0621585631815
35.371,30.5033916616292,120.40887888041
35.3715,88.5108087934501,146.880930119869
35.372,109.056379440079,142.928349039672
35.3725,105.293426084269,130.416877329299
35.373,113.892857618222,127.253973522275
35.3735,155.655481202152,127.124129700402
35.374,207.818039569705,116.073799931771
35.3745,227.913564828163,94.2691895958854
35.375,205.390221674543,71.1969435584162
35.3755,173.858326917679,49.6024691362822
35.376,165.868525903695,25.7031155230872
35.3765,172.720154523106,0.940273665886118
35.377,164.107812106412,-15.3991652405232
35.3775,134.193630847916,-14.7533943857631
35.378,106.095317392564,3.10565465595525
35.3785,96.2412404596294,29.5334190338402
35.379,98.5353760479545,53.1152075836918
35.3795,105.669481985982,69.126737151067
35.38,122.215176575593,82.7641235203629
35.3805,147.494017645102,100.67241465546
35.381,165.210896491695,123.647483350529
35.3815,163.175118368541,152.91753577131
35.382,149.396498485618,194.994579435467
35.3825,137.209892173242,247.090050097107
35.383,127.785148977474,284.628182553559
35.3835,118.780508141917,283.500888068861
35.384,115.468106670381,254.250477408347
35.3845,117.787071223066,232.111053211433
35.385,108.863593483119,229.449620280907
35.3855,74.4043248021799,223.015327779701
35.386,24.9666733551471,198.078206617869
35.3865,-17.9937993103561,177.074654629996
35.387,-50.3944640713137,182.07313626363
35.3875,-82.7435938268165,190.069302726058
35.388,-117.35710285229,156.050330945097
35.3885,-148.320896561631,71.8979277380986
35.389,-178.37347755799,-25.4383108657715
35.3895,-214.23407534986,-101.617951286629
35.39,-247.818396748948,-155.453497734364
35.3905,-264.058798215392,-201.652281477892
35.391,-267.52550156964,-248.749185759904
35.3915,-279.613808525246,-301.676067312821
35.392,-306.579567991762,-365.732318439622
35.3925,-330.737272103961,-436.229893947714
35.393,-336.950457043809,-496.32223311448
35.3935,-327.265326357209,-533.848956246883
35.394,-304.397147960315,-551.752450556815
35.3945,-263.15634956292,-557.481185791568
35.395,-208.602737126074,-552.58262647809
35.3955,-163.320452721838,-537.448393430517
35.396,-142.8738217426,-515.305211509473
35.3965,-137.24334254471,-485.049379284013
35.397,-127.521385071542,-439.364575926679
35.3975,-108.695160406895,-376.457754378927
35.398,-86.2263442569694,-305.679309849585
35.3985,-63.0459830383144,-235.172765771094
35.399,-41.3741711785285,-161.229449616549
35.3995,-27.2637502349099,-76.9482603220533
35.4,-23.0721756036077,13.6518626391818
35.4005,-23.3284701086496,96.462252935014
35.401,-24.3100380365849,159.141322681308
35.4015,-27.6003815768147,198.520196506278
35.402,-29.3277018480312,220.439582038676
35.4025,-19.1344336543954,236.65334652424
35.403,4.09092642696613,259.409481274245
35.4035,29.9354214670548,295.28576968351
35.404,56.2493752076774,343.295084369799
35.4045,94.3132030939295,396.404573428631
35.405,145.995380552423,442.025039475106
35.4055,194.703618434303,465.497891098789
35.406,230.570876440489,461.123456722227
35.4065,264.853247631781,439.144067369163
35.407,304.353001560796,415.229040485991
35.4075,331.971966946636,394.031148040657
35.408,333.107992124783,369.20258937872
35.4085,323.937615995902,336.224553444866
35.409,329.306585570212,296.093932659086
35.4095,344.605501705865,249.42131620106
35.41,342.975688837077,198.713600633516
35.4105,311.005042153299,155.35111876468
35.411,256.287028521057,131.250218658863
35.4115,190.94789941163,122.703487218297
35.412,130.860998940843,115.245296685136
35.4125,99.1364930186953,105.258209737791
35.413,102.344917781642,101.671783602217
35.4135,111.17582004663,103.714204347345
35.414,92.9694726327566,94.9164333981044
35.4145,56.2354150292901,67.2231641107105
35.415,32.2287371786484,34.8250324534458
35.4155,19.7658706439153,12.5830025836538
35.416,-12.6164070768104,-5.74089112021187
35.4165,-68.2994226529048,-34.3844708474718
35.417,-108.470518277902,-71.7394547425977
35.4175,-109.239012359108,-104.66138597293
35.418,-95.4999180478968,-129.691012303524
35.4185,-98.0310040634536,-155.590858813744
35.419,-109.226735460866,-188.051669889338
35.4195,-107.412366932878,-223.005192126411
35.42,-99.8524040441001,-252.035296633563
35.4205,-111.431454734023,-265.658231608643
35.421,-145.59098817578,-256.430503514949
35.4215,-183.842714175816,-228.606309660836
35.422,-214.520894102469,-199.762579194166
35.4225,-237.640505923877,-183.197901703094
35.423,-247.667745681663,-174.373116360403
35.4235,-234.401297766606,-164.652654009845
35.424,-199.311891987845,-159.987888520715
35.4245,-153.802837163853,-170.531060391543
35.425,-104.139328829191,-187.171169638853
35.4255,-53.8391876426543,-187.429331319436
35.426,-16.7497931402604,-165.633155058603
35.4265,-8.94905994595643,-140.061960178765
35.427,-25.929092910692,-126.048925103464
35.4275,-41.7429442804618,-117.938064245422
35.428,-33.2430048435725,-105.239025254528
35.4285,3.53810619789465,-92.7177979993815
35.429,57.7168045318327,-92.639969800852
35.4295,110.871359861599,-105.446531293623
35.43,140.711870992145,-120.557817893025
35.4305,131.957120998187,-132.964557300022
35.431,88.80253507117,-147.555590481379
35.4315,29.538484450358,-165.481333459415
35.432,-31.5766241764206,-174.309313342223
35.4325,-88.7092077639267,-156.612730428412
35.433,-132.2187417157,-106.473592738089
35.4335,-146.104666843428,-35.4138117465236
35.434,-125.086602226526,36.7882233790262
35.4345,-86.9319599694646,95.7483153756799
35.435,-59.6849053807764,138.878380074707
35.4355,-57.5981131503222,172.420385920525
35.436,-72.445548794444,204.107138080363
35.4365,-85.9791598741837,236.015304030532
35.437,-87.0250637948095,261.315059045675
35.4375,-76.5222613227396,269.395460759275
35.438,-59.55612582547,257.030369845573
35.4385,-37.2706313976967,232.095643444398
35.439,-9.30869752179841,202.49313358232
35.4395,18.7765855482882,165.718966928771
35.44,36.7341750486968,116.994745198102
35.4405,39.4316740983146,64.1485795948699
35.441,31.1601173992107,23.0265493563048
35.4415,19.5865892505803,-1.47167014044575
35.442,10.5814623977942,-17.2219565427358
35.4425,9.53498563089766,-26.599118608246
35.443,20.2954834676634,-21.7140538628361
35.4435,39.0210010255311,-3.32175197718041
35.444,54.7065880827726,11.698609612207
35.4445,59.7276394075106,12.650213761149
35.445,55.6663194120657,12.0779655574621
35.4455,47.1131855513727,28.6978510142681
35.446,36.8633242232791,64.6677548665847
35.4465,31.0354930055411,111.712097044634
35.447,41.3870285463928,166.20401355591
35.4475,75.3493403247602,221.150386077158
35.448,126.486439263621,255.251625845655
35.4485,178.609464112681,252.828852766234
35.449,217.092948845272,230.231921224151
35.4495,236.456536451408,221.432817324224
35.45,243.015939454249,238.514412711667
35.4505,249.958258701335,264.362129250845
35.451,261.395858783844,281.027285171289
35.4515,261.562577669605,283.007404563549
35.452,231.225084107168,261.77710898043
35.4525,175.164651262443,201.563657656515
35.453,118.133771246319,99.6479201869348
35.4535,71.2531636319453,-25.1397096975507
35.454,23.0424454505539,-149.80562282951
35.4545,-27.5046282978972,-257.770368179898
35.455,-53.0316226809107,-330.17694255822
35.4555,-33.622394894546,-349.269641089554
35.456,6.17412394871675,-321.202565713224
35.4565,20.8762185824778,-277.581646439787
35.457,-4.31533348553854,-242.029236749374
35.4575,-48.0288935094498,-209.51705737687
35.458,-90.3521670021441,-168.799668634411
35.4585,-129.320252491886,-127.84442427837
35.459,-162.385532465693,-101.75697332667
35.4595,-178.72296789605,-89.764798756437
35.46,-175.190322539944,-82.0467622055504
35.4605,-159.866264424207,-80.1308758286701
35.461,-137.265083726665,-94.1881080900867
35.4615,-110.627169774937,-127.423738165844
35.462,-99.6215237869479,-178.016014747795
35.4625,-128.357899340496,-248.35728026325
35.463,-186.10712723401,-334.430788336953
35.4635,-224.45379006558,-410.481161590542
35.464,-208.321413127721,-443.552022994999
35.4645,-151.520118653036,-426.334154303122
35.465,-90.0244938375425,-383.564551722644
35.4655,-42.5069784006056,-344.105497603145
35.466,-14.8018063038449,-315.842716342135
35.4665,-19.5779729445288,-287.63357828669
35.467,-61.2550410454079,-245.685869277088
35.4675,-112.489764028982,-185.920723840713
35.468,-136.972706897335,-116.69150100403
35.4685,-135.6336299718,-50.1255673227233
35.469,-144.569298641836,12.3685197834925
35.4695,-182.65513581623,81.8266425554803
35.47,-223.402883243333,164.073512199552
35.4705,-228.020972292313,246.98424514277
35.471,-189.776064284639,313.598871907771
35.4715,-134.160181897648,361.890023496256
35.472,-86.1738513594487,401.554720269091
35.4725,-49.5172874998536,436.395085289032
35.473,-12.9416296249975,461.035043268414
35.4735,33.5598470835646,470.9216655227
35.474,90.0426374245563,463.693675260884
35.4745,149.281032997302,434.125219366992
35.475,204.872833000894,381.12692855365
35.4755,253.980469080195,318.824691682304
35.476,291.452638918055,267.962726277382
35.4765,307.773122558517,235.582230470141
35.477,300.248723898713,213.675414027275
35.4775,282.803159430087,196.489830068435
35.478,275.281553705936,186.082916140665
35.4785,283.165572017138,180.450306285027
35.479,295.576928214004,170.54765847733
35.4795,301.963336594063,153.072741054928
35.48,300.574161633337,134.484534136065
35.4805,290.257055855373,118.47086860641
35.481,266.483645864329,100.499710069119
35.4815,230.412848290716,78.5512417970938
35.482,191.32295629356,57.4775276716004
35.4825,153.407993348914,37.4750072274229
35.483,109.417914348079,9.94274853671486
35.4835,55.4669587331131,-27.9208982593634
35.484,3.59066603406353,-64.8377066126462
35.4845,-31.4175467683012,-90.469253163033
35.485,-52.310172948206,-110.138790074408
35.4855,-74.6395732528692,-135.404223248002
35.486,-104.151200228848,-167.488370594265
35.4865,-131.354963172224,-200.459629067225
35.487,-149.916983439277,-234.872166318394
35.4875,-168.585233400108,-275.741734722146
35.488,-198.588203846151,-318.622631157647
35.4885,-236.080369622094,-349.448889525804
35.489,-263.897562918525,-360.962822661374
35.4895,-268.372061849727,-361.711083640403
35.49,-250.822757310388,-365.364624782691
35.4905,-224.831427294279,-375.679545864457
35.491,-205.014558597298,-384.521088653873
35.4915,-196.334356036506,-381.262149106115
35.492,-192.110849896508,-361.373711704559
35.4925,-183.822133957744,-327.451696857793
35.493,-172.530586133674,-284.326883539627
35.4935,-166.17293143479,-233.977366847206
35.494,-164.887141268724,-175.426303233275
35.4945,-156.604327327605,-109.263043926586
35.495,-133.100355724474,-40.5263640079486
35.4955,-105.014506024171,24.3560321641087
35.496,-91.5158779308244,82.7028333904727
35.4965,-95.1673077642054,135.655172323191
35.497,-95.4658315058042,182.278634489955
35.4975,-71.3081520461862,215.00177658551
35.498,-25.4995349826229,224.168628185578
35.4985,17.1337648496776,209.472676391895
35.499,34.3001864536769,184.680585754107
35.4995,25.9690699704083,166.001993634435
35.5,10.2426019900544,155.464489829808
35.5005,2.66856176725954,141.664284592079
35.501,2.83210848624229,119.068120569685
35.5015,2.70907270413589,99.158837000411
35.502,3.94159341210103,96.2438124173103
35.5025,17.8098322012368,107.865924866104
35.503,45.2140022334134,117.907442140132
35.5035,67.1071966738839,116.395975908441
35.504,66.2601829685339,107.802631124426
35.5045,53.8905642118943,101.487873751402
35.505,60.4943389825507,103.187588369123
35.5055,99.6499005328648,116.03785225852
35.506,155.426249904871,140.885694991049
35.5065,209.548435033585,173.769958361758
35.507,264.042304345993,210.801621479512
35.5075,325.486137496198,256.733385876133
35.508,382.053479403312,319.820057414489
35.5085,415.897891880103,395.343669886408
35.509,430.626368793717,462.782404053872
35.5095,443.584106223034,503.457125450819
35.51,451.253572823273,513.681166053861
35.5105,427.10375795206,497.280282658581
35.511,363.163606165755,455.233364837267
35.5115,291.933465505171,390.518366246817
35.512,248.88031383274,315.281204790335
35.5125,227.114648007231,241.83706346623
35.513,190.631622530432,167.958567057438
35.5135,124.462092823869,78.8175233206974
35.514,46.4677070283553,-36.8949936662407
35.5145,-30.7764650621174,-178.324460770461
35.515,-121.130192962505,-338.301345589856
35.5155,-232.566552144317,-509.996435707096
35.516,-333.899626070487,-683.816912561803
35.5165,-379.279465559945,-840.114589924032
35.517,-362.322752183454,-949.856719907017
35.5175,-325.155372433006,-988.667766883819
35.518,-310.306640531486,-955.511349154513
35.5185,-319.897751896059,-876.076399682266
35.519,-328.63937114354,-780.919469338519
35.5195,-321.385706148374,-679.077608688384
35.52,-304.124293619325,-559.978896333644
35.5205,-286.750431762542,-422.640700780341
35.521,-271.76075298194,-292.006735838504
35.5215,-259.513355924498,-197.256286673498
35.522,-250.215688316356,-139.224757796701
35.5225,-236.026387438383,-89.0835609242733
35.523,-202.724775148229,-18.4050553665229
35.5235,-148.720410073755,76.3875637165164
35.524,-96.8927756738014,178.15469983456
35.5245,-76.5738701803438,269.078021183565
35.525,-91.6081653060827,343.424784003651
35.5255,-112.249002137732,404.86131536247
35.526,-102.940322857,455.424220001159
35.5265,-56.6915063607357,488.589620671558
35.527,1.11328961989839,494.42006028022
35.5275,42.5955072570601,471.167121017325
35.528,65.890915310275,428.177147128808
35.5285,88.7081411873533,375.641630491715
35.529,116.577816554953,315.440321605639
35.5295,129.64275937564,245.338942462451
35.53,108.719501378163,168.780068763932
35.5305,65.9627086352837,96.2359058974127
35.531,35.3317778073579,38.7132150845022
35.5315,33.2351230558491,2.80653146284903
35.532,42.6169405493763,-10.9578492527578
35.5325,39.9834192029852,-9.1075412082204
35.533,24.6418238197127,-2.31692249302021
35.5335,12.2003964306767,2.87991259414471
35.534,9.9393766524248,8.55120224450878
35.5345,11.7890182130372,19.2732025901573
35.535,12.5431312858407,34.7246405097845
35.5355,13.8969231031408,51.9108455614386
35.536,17.0690852875425,70.9641325989128
35.5365,20.0494762583344,92.8950013387736
35.537,23.2187656308849,113.382580361919
35.5375,29.6732309736964,124.687714292023
35.538,39.3967421779971,123.703088060179
35.5385,50.0349908001714,113.837432444016
35.539,62.7550746999025,99.2844259936005
35.5395,79.5777406736321,81.4376414720217
35.54,96.0671861594477,60.8464550249872
35.5405,106.551549887941,39.1783129537025
35.541,117.024260550785,18.8575335981928
35.5415,141.494055177026,2.42667556361324
35.542,181.917448864037,-9.22278059220571
35.5425,222.203560687989,-19.8489732784913
35.543,247.470839916494,-36.153154509079
35.5435,259.247112425515,-59.8057626662261
35.544,264.04425328476,-83.9154319127128
35.5445,256.444876276233,-101.081726147286
35.545,225.755041810438,-112.007820721161
35.5455,175.673247839842,-121.964995332731
35.546,125.448565848623,-132.004386446749
35.5465,89.9189184091279,-138.863591110662
35.547,65.3845367436503,-140.615397620875
35.5475,36.4571302382968,-136.578125364473
35.548,-7.93502521810605,-124.553771084625
35.5485,-65.0269803355524,-105.382380875707
35.549,-119.044198634059,-88.5859477647221
35.5495,-151.038535379788,-85.5525744403708
35.55,-153.554649063137,-96.4808859754825
35.5505,-138.071701334846,-110.058424476406
35.551,-125.040460453235,-115.953678005901
35.5515,-125.224891255162,-111.722975841789
35.552,-132.941752080938,-98.3409844544564
35.5525,-137.121905417671,-76.6241593573618
35.553,-134.26414515293,-48.9663858372218
35.5535,-127.956448469589,-17.5249975469169
35.554,-119.007578706047,20.6378551429151
35.5545,-101.079624598443,69.8348173330005
35.555,-67.7618973282954,125.824481253364
35.5555,-22.2826675315918,176.455447469599
35.556,22.2917756226156,213.322751789004
35.5565,53.6508885093119,234.558140690699
35.557,69.9930156377651,234.194323697555
35.5575,77.9336695976959,200.292751151731
35.558,82.3238800761738,132.428194357148
35.5585,81.5779160480264,54.358840359828
35.559,72.9960832308786,-1.49251165465506
35.5595,58.0464570766672,-22.1849358094937
35.56,39.5356799436665,-21.4386986732024
35.5605,16.7004399947872,-20.4552890792231
35.561,-12.5808007385085,-28.084231518555
35.5615,-45.0922202751442,-40.1329640644288
35.562,-71.127883272056,-51.2118845137374
35.5625,-81.726833047952,-61.8387984334637
35.563,-77.2140346265982,-74.8194361678144
35.5635,-68.8364480940589,-89.0045163959927
35.564,-71.0673123767449,-99.7392780022095
35.5645,-89.8112526871716,-104.498045826662
35.565,-117.174045328181,-104.165908767801
35.5655,-139.229049426024,-97.8313263487173
35.566,-149.268467440135,-81.4413808544151
35.5665,-152.093292896061,-55.7908556880638
35.567,-156.485579704104,-31.7307847104013
35.5675,-167.092621518355,-21.0744253024754
35.568,-183.352576809272,-23.9550095744824
35.5685,-201.217793705244,-30.5423066431985
35.569,-214.123870272581,-32.8768723866095
35.5695,-216.855275349857,-28.6564937185528
35.57,-211.162093505105,-16.4182003914134
35.5705,-203.8674996045,3.70574874365761
35.571,-197.190627208647,25.0477683237487
35.5715,-185.045378714658,39.4269575560888
35.572,-160.974689622615,47.0931270828478
35.5725,-124.395464946131,52.1734219424932
35.573,-76.3535188200234,48.953599136238
35.5735,-16.857026936819,25.7325844219088
35.574,47.0906114914849,-15.094441038262
35.5745,98.2247403937619,-54.8176521644802
35.575,125.245336544746,-82.1957919762379
35.5755,140.662158561466,-105.810723874231
35.576,171.78463566693,-133.711736368288
35.5765,231.330843520238,-153.580455748382
35.577,303.040253133394,-146.311685656331
35.5775,357.211609387834,-111.200500909169
35.578,375.02730155997,-65.1392569493233
35.5785,358.978670344414,-22.9584010794113
35.579,328.341447242475,10.0323548019173
35.5795,305.993288981056,32.5693696605501
35.58,300.49374999967,47.5465914962252
35.5805,296.714902151289,62.931623253715
35.581,271.505576353227,80.3364950202577
35.5815,223.523337869955,87.9083345924376
35.582,179.983915303553,78.3196064620357
35.5825,166.114342033254,68.7424700178432
35.583,173.399943812357,85.9274390517132
35.5835,168.241958150384,132.582718791923
35.584,130.959553110965,184.827372644632
35.5845,76.6269717092752,222.757588045835
35.585,34.8605598134602,245.877732120173
35.5855,16.7369142590436,256.303948378808
35.586,6.95669390065515,246.634118536984
35.5865,-16.0405116401726,212.749955876879
35.587,-59.1033802601623,162.544819734042
35.5875,-112.363497122815,102.391247221845
35.588,-161.209517043034,29.4537904744178
35.5885,-197.103519507629,-51.5544451018973
35.589,-220.427932346441,-117.852647075458
35.5895,-237.296571652436,-149.692736772608
35.59,-252.868333891647,-153.162456405375
35.5905,-264.397249766578,-148.256071040768
35.591,-261.233394856035,-141.791188199995
35.5915,-235.235390452732,-126.591075769734
35.592,-191.309602828027,-101.439957710015
35.5925,-143.919149436863,-75.0779293354429
35.593,-103.08294199846,-51.4329752089941
35.5935,-68.811153824811,-25.7450387579803
35.594,-39.9351115468987,2.89584370127458
35.5945,-20.6024755323015,27.3352001165296
35.595,-13.1358640859617,43.0379283166892
35.5955,-11.104416148393,52.4711200437738
35.596,-7.15563488744419,56.5501255301415
35.5965,-3.55376123780784,52.1709372562972
35.597,-6.53918371908273,41.7427988910957
35.5975,-12.9752899120221,35.1735944773074
35.598,-12.2158105193421,37.0654893072882
35.5985,-1.08989104094136,40.104628566916
35.599,11.9215432526053,36.8196239731489
35.5995,18.4985591797673,30.4677620748086
35.6,18.0263445598666,27.5417381102575
35.6005,11.7878222019249,25.9224848229651
35.601,-1.28925061885373,18.9304711812317
35.6015,-19.3008773038693,7.31569806032186
35.602,-35.3885260604549,-1.60336594207394
35.6025,-45.4289812521842,-5.63756037932089
35.603,-51.4557946722412,-10.6056969956715
35.6035,-54.1470309779735,-20.6902437047824
35.604,-49.4297886425409,-32.7648941406759
35.6045,-37.1692149089614,-42.8171083452875
35.605,-25.6520432281298,-52.5609944978419
35.6055,-21.2520240090275,-65.6741428102974
35.606,-19.9904516140188,-80.6073351335798
35.6065,-15.3642375855125,-91.2148421696113
35.607,-7.6799368821193,-93.2896491622757
35.6075,1.40797607014927,-87.4384907977285
35.608,16.0331173384827,-76.6506861403359
35.6085,37.9377125633091,-64.6003527922326
35.609,57.2681428177059,-56.1907346734634
35.6095,63.5313316856042,-55.703557811268
35.61,62.3656511646628,-62.4140561320297
35.6105,68.668810592045,-70.4781613094904
35.611,83.7608239511777,-75.2223253341017
35.6115,92.3247160076738,-77.6521027034406
35.612,84.5359751563058,-80.6997689480532
35.6125,69.7258748268408,-83.2599558328756
35.613,63.0605517624453,-81.2906849988712
35.6135,67.2084960084723,-73.5726779905185
35.614,72.3585381782268,-62.4707720963751
35.6145,67.8766346390353,-49.0251389744773
35.615,49.8445686177246,-31.0441528665564
35.6155,23.511735010675,-7.01883280580818
35.616,2.57787307841923,20.8999547174505
35.6165,-0.0849211062079754,48.468807481405
35.617,14.203846524946,71.2161178727626
35.6175,30.7418469230224,84.8498471760104
35.618,38.9066112022699,87.754622364019
35.6185,41.8813197415285,83.653615462836
35.619,44.0935335373354,77.1451852422577
35.6195,37.8864646249554,65.4628641704677
35.62,13.9289662735998,40.9623375958412
35.6205,-18.5105972563308,5.77809829030027
35.621,-34.5835513122544,-21.7734204245835
35.6215,-21.651623606734,-22.3910630507334
35.622,2.72315783805925,4.76011296804374
35.6225,6.46332615943028,43.2186946008009
35.623,-24.491811205886,77.148286096566
35.6235,-72.1746035596039,101.120450569629
35.624,-105.011977601465,113.832775214015
35.6245,-108.336609275968,112.157592734234
35.625,-94.9789870487545,95.6657882285861
35.6255,-86.6055031783748,70.5279472728424
35.626,-89.9914145152975,43.0097221382112
35.6265,-96.5588213480535,12.3669517693197
35.627,-100.444514390897,-24.144830659683
35.6275,-104.95559860223,-60.6234574078332
35.628,-108.031091184088,-82.8698322639248
35.6285,-93.351120750116,-81.353717399847
35.629,-47.0014625968939,-60.663662184292
35.6295,21.5085608820403,-33.8566596065383
35.63,85.362499548821,-9.49580432593435
35.6305,127.381167195847,12.9150598326367
35.631,153.85352185084,35.8475675753376
35.6315,182.294863466979,56.6902087130965
35.632,221.965548113346,70.2307187634433
35.6325,265.088470362521,75.5180048381648
35.633,289.887600915794,76.3718852105664
35.6335,274.146446940765,75.6921558108729
35.634,216.574938156415,73.1858782431969
35.6345,146.792362911619,69.2482855887736
35.635,103.419641498135,66.757555083435
35.6355,96.542951217427,66.4073779306565
35.636,99.1422195477994,63.2276665379631
35.6365,79.5112597309582,51.2959922942522
35.637,32.0110689459805,31.0899624108111
35.6375,-30.9486061417943,9.77827350745254
35.638,-103.711826433442,-5.62128997349306
35.6385,-186.273474830952,-14.3325639254331
35.639,-263.285528930812,-21.6168867841794
35.6395,-306.01634656162,-32.5662093359438
35.64,-303.424527848304,-44.9189824371617
35.6405,-277.502912832055,-49.1483154738996
35.641,-257.000915557738,-38.7476647677571
35.6415,-245.103846779068,-19.3754507154911
35.642,-225.082043101202,-3.05259588112526
35.6425,-191.193617570182,5.755674981275
35.643,-158.048773180714,10.8276248239596
35.6435,-138.629312291198,10.5006027000055
35.644,-127.509849151857,-5.55020152070305
35.6445,-112.338173256905,-39.4095730307835
35.645,-91.5165951060867,-74.3643340465139
35.6455,-71.1741729475559,-91.5255218282598
35.646,-51.0109517897644,-90.9900985078566
35.6465,-24.0981727527298,-85.9953216216111
35.647,10.8416828656104,-81.7475801442638
35.6475,46.6764915763053,-73.4798736434334
35.648,78.456309661726,-62.4571121262954
35.6485,108.09914926548,-58.0538826083333
35.649,134.981144987263,-61.9244115158615
35.6495,149.279490412116,-64.4299202224514
35.65,141.515757734783,-61.2319995011815
35.6505,115.810756666785,-60.3035381528057
35.651,87.7506274271501,-66.3196970703599
35.6515,69.7760249718319,-70.7843848305596
35.652,63.027044530439,-66.517902433513
35.6525,62.930495968283,-61.0270181389166
35.653,67.2120584882284,-64.5169443745054
35.6535,75.5398484643528,-72.9518960676662
35.654,84.3544366188488,-74.7333660785984
35.6545,86.7379696001841,-67.7624633963966
35.655,79.0752526402253,-57.3366642282942
35.6555,66.1203263703386,-41.7172513849409
35.656,56.6284572404326,-13.9088723510081
35.6565,53.0871342399276,22.7557948367893
35.657,48.3497784716705,53.7770342512759
35.6575,35.3240664572807,70.9107382745029
35.658,18.223957207773,80.7245512931608
35.6585,9.20367334716725,92.963314387761
35.659,12.9828405251375,108.682855051349
35.6595,19.812634228075,122.907269167304
35.66,16.6692190785856,131.474875133001
35.6605,1.85539743870032,131.495017800126
35.661,-14.5719688567558,121.256513461716
35.6615,-21.2929916878563,103.724904209983
35.662,-13.0669706260416,85.6482090747305
35.6625,7.98256886387206,70.4401559880095
35.663,32.3315863611215,56.4310845590411
35.6635,47.160056573631,44.0757559645744
35.664,47.858537970112,38.8159304739323
35.6645,44.7308193419766,42.8114158257051
35.665,51.3230488300786,48.8470849093706
35.6655,66.5943636053933,47.5507777243922
35.666,76.8887343837076,37.7231748449629
35.6665,76.2395168490556,25.3212604457494
35.667,74.1784593918232,14.9444715654967
35.6675,78.4306028463713,6.87407476274437
35.668,79.6521150720209,0.682181475325996
35.6685,62.7080969607876,-3.24551696751291
35.669,27.6166836666749,-6.03722401752319
35.6695,-10.24905243681,-10.6061177282544
35.67,-37.4848746150444,-18.3921406844896
35.6705,-50.6949233007957,-27.4444425167637
35.671,-49.9173328667843,-34.2744711867267
35.6715,-36.2665446641345,-36.6235655148922
35.672,-18.5269384699332,-34.3612436108681
35.6725,-11.5569671859777,-28.8916177642896
35.673,-22.2270864063312,-22.6430919242713
35.6735,-43.056206764353,-18.9836392036938
35.674,-63.8154321403686,-21.0565407795705
35.6745,-82.529182457628,-28.4504263104047
35.675,-99.7657293177998,-34.8922531566247
35.6755,-109.567408863503,-32.2736020520882
35.676,-105.300023075727,-19.0298848139101
35.6765,-91.1491609850981,-2.38652635136416
35.677,-78.9431727760227,9.67820937834245
35.6775,-74.7052171925491,15.7307188624299
35.678,-76.2025610285988,17.3382513037641
35.6785,-82.6910205583268,12.6534994069362
35.679,-97.0778853782642,-0.085844310617373
35.6795,-115.805763381182,-14.9521352778996
35.68,-125.898384783654,-22.1334009331641
35.6805,-118.462941203609,-19.8920354720627
35.681,-99.716545810367,-15.6486161117109
35.6815,-82.5290073067827,-13.8508854844433
35.682,-71.3433617016945,-10.4057158079271
35.6825,-62.3260613081081,-2.50028773357314
35.683,-55.0507857873186,3.17259734638662
35.6835,-54.6166808049531,-2.38346801245021
35.684,-61.0609283307675,-19.3810520520235
35.6845,-64.999280036801,-40.0797827710345
35.685,-58.5082708392958,-56.8405384840813
35.6855,-45.3681358200121,-65.0018576063899
35.686,-35.0521203878144,-62.3395817769491
35.6865,-29.3023430737334,-52.2641188196522
35.687,-20.6442253639475,-45.4051361001631
35.6875,-3.76865126777737,-51.3886088690594
35.688,17.752920354244,-68.2702318814918
35.6885,38.5443093576153,-83.612624837735
35.689,60.2790605717792,-85.9943432249522
35.6895,88.1677518131141,-73.3858667954022
35.69,120.073952930523,-52.0802109193678
35.6905,144.718155467915,-30.7144270320587
35.691,152.448725680727,-14.2184644181423
35.6915,144.325476946125,-0.679606386720718
35.692,128.860444670246,15.3804348607439
35.6925,113.752967286363,35.7185615206816
35.693,103.934440687488,56.8395394826791
35.6935,102.978386832178,76.3965154092956
35.694,109.026845023744,95.8204987167215
35.6945,110.36869949727,113.328913512229
35.695,93.6073917878892,120.085625206564
35.6955,59.4648544524592,109.241122206718
35.696,24.2026802181045,84.6726908264601
35.6965,1.40148902131788,54.6351369775444
35.697,-11.2755091812806,21.3706793841239
35.6975,-21.2806304738191,-14.5609900058423
35.698,-24.2097514410712,-43.3155252470528
35.6985,-9.11227879744095,-50.8374523582691
35.699,21.0455898214279,-36.4605452929041
35.6995,47.5057230269664,-16.017806311306
35.7,59.2023458425804,-3.95029023452405
35.7005,67.7659691421146,0.705127974828892
35.701,90.0607360150661,7.41529042848582
35.7015,121.646014236812,19.9431990988157
35.702,138.762971333364,33.2630469925959
35.7025,127.050231956929,40.0025055360468
35.703,99.6422809579489,36.4452951008834
35.7035,82.9280153818161,25.6741879147996
35.704,88.8750956623332,16.8305558616044
35.7045,105.178471169387,17.3223943945152
35.705,110.146707209061,24.3886856806625
35.7055,93.0456471945146,28.9510381170076
35.706,59.7380677335933,28.4844866788618
35.7065,22.3824917145188,29.6655619717705
35.707,-12.2586754994964,36.6883732627542
35.7075,-44.3101293174374,44.7235507300701
35.708,-75.8606334897577,48.4739016657234
35.7085,-109.649893942047,49.2709691346428
35.709,-150.359995200175,48.3827588351324
35.7095,-199.344298090735,41.0352045266871
35.71,-245.755262756661,24.6840468003054
35.7105,-270.239588446849,7.3200245483675
35.711,-263.492537757737,-0.817379631044215
35.7115,-236.912484116974,0.445903011817858
35.712,-208.740247120261,5.04004047621988
35.7125,-183.362604623681,12.1372494287783
35.713,-151.913631224327,24.1038437879503
35.7135,-110.743357954733,35.9798977980456
35.714,-69.4366417870104,37.880149259896
35.7145,-39.3021307564511,27.7322725077057
35.715,-22.5714720654839,12.0893626201252
35.7155,-15.9111305762477,-5.81334756247192
35.716,-16.6071832536625,-28.6026825537565
35.7165,-20.2224374451255,-53.9702627050077
35.717,-18.3243476284055,-72.4034494727368
35.7175,-5.19764254951195,-80.4164040215984
35.718,15.4423541092308,-86.9596852119302
35.7185,34.2244589964491,-100.468046134443
35.719,44.3731250249332,-116.37439223311
35.7195,44.6560818033029,-123.538708089502
35.72,38.9978831667459,-117.273491848034
35.7205,35.9388491620602,-100.450724924653
35.721,42.7154330724456,-78.4128109255388
35.7215,55.6476771951615,-60.4588931517907
35.722,62.1326423941295,-60.1998247361828
35.7225,57.0617899856153,-82.9023417412906
35.723,50.5269835961591,-112.995581968028
35.7235,52.3785683081079,-123.908915859576
35.724,56.5558491324039,-103.363885806795
35.7245,51.274371706235,-63.9296629100599
35.725,39.0198335855421,-27.8982466533764
35.7255,32.5966988501339,-7.28924509577639
35.726,33.4122747329026,0.596345220226919
35.7265,29.2705277347798,5.1115392819672
35.727,16.5126928556539,14.2990873535452
35.7275,9.42652911892471,31.1292235775863
35.728,20.1302122589146,52.8492079075451
35.7285,40.3939688070493,73.961792213582
35.729,52.6034145871448,90.592226554572
35.7295,50.6802412057158,100.836284477002
35.73,41.1697931793273,102.055430324319
35.7305,30.479602738738,92.2526561373135
35.731,21.0685792674292,75.0303408235129
35.7315,15.6118346998255,58.3143649999459
35.732,14.5196258190101,45.3224464823175
35.7325,11.1331472510108,30.9304466237894
35.733,-1.70150052960838,11.1515417389702
35.7335,-20.5992052712485,-6.89139770149833
35.734,-33.8764409610819,-10.06046633337
35.7345,-34.0557775980784,6.1507341505708
35.735,-22.7972480554239,32.631139535017
35.7355,-6.10674332174593,56.8894253293513
35.736,8.58330939593688,74.4061484285273
35.7365,13.6219274738636,88.5245385209134
35.737,8.33736254040964,102.567785747108
35.7375,3.71086238400269,114.74366467132
35.738,10.5784369869698,119.354683027939
35.7385,23.4878807216087,111.143609765954
35.739,26.4874842328723,89.5789008597446
35.7395,16.2827027149463,60.5121807709704
35.74,8.32339974308523,32.6518315073744
35.7405,15.0403392390543,10.7396633232421
35.741,28.0939940707033,-7.13342252838283
35.7415,30.0964975849255,-24.1861812878959
35.742,17.0213305124734,-38.4844359855783
35.7425,0.122511164932942,-44.7731333358339
35.743,-10.4615053208768,-42.607826231088
35.7435,-15.1783626072827,-39.1047892819256
35.744,-19.0820569973965,-41.5003502805845
35.7445,-23.8609885625142,-49.0338828209969
35.745,-27.7066176965731,-54.8713569622512
35.7455,-29.1870449027335,-55.0925346553764
35.746,-29.3123162690716,-52.6971429802999
35.7465,-30.5279092246123,-52.2913679677964
35.747,-33.3705240795839,-53.671828079321
35.7475,-34.2504779921873,-52.6509312889055
35.748,-29.0618987285884,-46.8774223664454
35.7485,-19.5075702004564,-38.685439354199
35.749,-12.0666504193412,-32.3059031495374
35.7495,-9.20418748523085,-29.781795315945
35.75,-6.23396832343553,-29.9000736660392
35.7505,0.162292502725826,-30.0451075498292
35.751,5.09850905687621,-28.5608503460931
35.7515,1.91285820005948,-25.8353893079479
35.752,-7.93363522917343,-23.5285580130975
35.7525,-16.4344819754708,-22.7344552156224
35.753,-18.2948918787575,-23.091801200529
35.7535,-14.2864680009478,-23.8279663478196
35.754,-7.97371846956135,-24.8584752201082
35.7545,-3.95650100549297,-25.8031020761184
35.755,-6.86496278000981,-24.4365131518206
35.7555,-16.3733720981574,-17.9857417867122
35.756,-24.7040667457037,-6.75233249161077
35.7565,-24.612647070274,4.81529266576504
35.757,-18.5034452890221,11.9549244638425
35.7575,-13.9185760230903,14.1511955671329
35.758,-11.7076040212874,15.0361079521186
35.7585,-6.13203725723374,18.0216777736476
35.759,3.49996678366901,22.7513608704919
35.7595,9.82656743891409,25.6850799837814
35.76,8.58267752822456,23.6535187590128
35.7605,5.39858505314124,17.2241072353896
35.761,7.44457969716177,11.2334649333536
35.7615,14.2973831919816,11.4866260297359
35.762,21.9168256940471,19.8050617027646
35.7625,30.5378505414448,32.2968936782882
35.763,42.2185507841104,43.179897027324
35.7635,53.2545223674703,49.8451567991713
35.764,55.6877318175509,53.0084269737076
35.7645,46.8539674417811,52.5994021931569
35.765,33.3624236840203,46.24654240737
35.7655,24.6547367289624,33.3117783578593
35.766,24.693740931191,18.7743513744784
35.7665,29.8869084747918,10.5472724192082
35.767,33.0612447445868,12.0535213774653
35.7675,29.2498767662842,17.8327505450864
35.768,19.1192293444788,16.9594212334777
35.7685,7.41284093707674,1.96831250230361
35.769,-1.77855439435476,-23.6592546769309
35.7695,-7.52387172242467,-46.4913457784687
35.77,-10.6004549382755,-53.9762942310005
35.7705,-12.3124875040457,-46.4421579634744
35.771,-15.7719911521513,-37.3457612157123
35.7715,-25.4594476739695,-39.6493250461562
35.772,-42.4692380999428,-52.5603213414132
35.7725,-60.6582734265933,-63.383327799387
35.773,-69.5519405478368,-61.1904127479312
35.7735,-61.8140557948101,-45.8673289346754
35.774,-38.3795887859255,-24.5830935528238
35.7745,-7.7654011668853,-3.77502562150476
35.775,19.1125463017031,13.6668748947601
35.7755,34.9545136254016,26.6880287940842
35.776,38.5049530454242,34.8795032691499
35.7765,32.0727665237943,38.312544110806
35.777,19.0668425407658,37.0448840100582
35.7775,5.8956252431632,31.7348114161746
35.778,2.93676780364557,25.4816966412554
35.7785,17.015851068979,22.811033081998
35.779,41.5418644223014,24.860029563575
35.7795,59.2054049065154,27.4449475545839
35.78,57.2667858528177,26.4413796081701
35.7805,37.2087711647388,23.6437988523469
35.781,8.70752121449128,24.279530063453
35.7815,-19.8888450090429,29.4904013600611
35.782,-41.844594374739,34.552207645419
35.7825,-49.6571498422194,34.6481794667557
35.783,-40.5410117546721,29.3874437569354
35.7835,-23.0454922935765,20.9849136453606
35.784,-12.1020940628073,10.9101337771823
35.7845,-16.6314891411456,-0.0771908639809901
35.785,-34.5642735005169,-10.6117639370868
35.7855,-58.1166719860889,-19.5023980979707
35.786,-79.7492561424612,-27.3291974384451
35.7865,-94.2590065326755,-36.212957249313
35.787,-99.9130330003803,-47.8899261467586
35.7875,-98.2305568050285,-61.5267649438498
35.788,-90.4384906624928,-72.6962460396732
35.7885,-75.6757442559714,-75.7358436849556
35.789,-55.5988269106126,-69.4191268826435
35.7895,-37.9336994702588,-59.8527940690607
35.79,-30.1671475266078,-54.880130817303
35.7905,-30.7265254762743,-55.1458712047296
35.791,-31.2184783983088,-53.4783560047445
35.7915,-26.4280186391942,-43.9845742097023
35.792,-17.1458621846382,-28.8306804937027
35.7925,-4.49222665074543,-14.5109118622667
35.793,11.9298540029952,-4.31447888839114
35.7935,29.9242246593231,3.12561034353145
35.794,45.3457413973835,10.1571777535548
35.7945,58.4832772595594,17.9938354434821
35.795,73.9899774678023,26.920805884559
35.7955,92.3233505298136,35.7590507416937
35.796,106.599260270783,41.8198997995766
35.7965,110.738037253814,43.8905358686585
35.797,106.586139626175,44.9407373938145
35.7975,100.822862278354,49.7857455625763
35.798,98.6813377870705,60.1838983121283
35.7985,101.83386905397,73.6115823738518
35.799,107.392761537027,86.0907273992583
35.7995,107.54000969677,94.6428873525013
35.8,96.1717511027977,98.0308481452615
35.8005,78.1965671704912,97.1164398398507
35.801,65.3643109095615,93.6539716751702
35.8015,59.093668109448,86.8259016367614
35.802,44.9792042017137,72.2533835487647
35.8025,11.2613346118961,47.0642476832169
35.803,-32.3727506663835,15.0586047666888
35.8035,-62.0517333183023,-15.8978424083232
35.804,-63.1907499314285,-40.8343088886618
35.8045,-40.9594068030667,-59.2937527590071
35.805,-11.0845929296061,-71.5192648906587
35.8055,12.2263532755507,-77.4793181584603
35.806,21.470738176921,-79.4395691218664
35.8065,17.8277634098865,-80.4300444948875
35.807,9.66356572917307,-78.8274187178587
35.8075,3.88017562123204,-69.159018030511
35.808,-2.00890613234765,-50.6585595999841
35.8085,-15.2455321135845,-30.8789933935132
35.809,-36.1691643755784,-17.6110144602752
35.8095,-56.185679395439,-10.5444580631049
35.81,-66.8439161978899,-4.47419176385438
35.8105,-65.7358090088912,2.15894679353487
35.811,-53.9563289173605,6.27750333949015
35.8115,-34.3955963099103,5.94510618785757
35.812,-14.5369788196856,2.68763185734154
35.8125,-5.54127930269681,-1.43381669922978
35.813,-14.5141261761249,-5.37025526506481
35.8135,-38.4969004152002,-7.94815956945425
35.814,-66.3081648455552,-8.53812605244406
35.8145,-85.1143086540654,-8.80510255880406
35.815,-87.7289665550299,-10.7197991886775
35.8155,-77.837811140169,-12.973705074321
35.816,-67.0320953730266,-12.622467199855
35.8165,-62.6481559598304,-10.2262540107212
35.817,-60.1241183072671,-9.56133068279052
35.8175,-51.7012935196821,-11.567573615177
35.818,-39.2141329057547,-12.6203374797537
35.8185,-30.5363445499802,-10.5377731763776
35.819,-25.7021974487704,-8.52601673586694
35.8195,-17.2594703331988,-10.2565198492082
35.82,-5.39532325192038,-13.7902500178741
35.8205,-1.0571362020329,-13.9244712467511
35.821,-9.0837560583854,-9.14089338067484
35.8215,-18.4995010463735,-2.85293859355173
35.822,-17.3064125110927,1.71630039190723
35.8225,-8.98194938355186,4.76989735681323
35.823,-5.06173680251608,7.75112334235404
35.8235,-7.05363106292976,10.601124184141
35.824,-6.16001126905628,12.4566049560679
35.8245,1.75703701786758,13.6355436646603
35.825,11.3812400613135,15.587918092733
35.8255,18.4712695754648,19.1102058558136
35.826,26.3620995424564,23.1421684976041
35.8265,39.3744198921536,25.4535600406895
35.827,55.8013839849878,24.7636627154578
35.8275,70.327121208408,22.2378175183295
35.828,79.6579993970311,20.2158829979884
35.8285,83.9054410617133,19.1560202952314
35.829,85.1447332624204,16.8803792383737
35.8295,85.4265265837044,11.667454163916
35.83,83.9080326724128,5.00280247082328
35.8305,76.5253905656538,-0.0918547737049648
35.831,61.7125320352735,-2.6107817591091
35.8315,45.383204807263,-3.69929977119087
35.832,35.4903480509349,-3.74309968381071
35.8325,31.555730383324,-1.51782452750598
35.833,24.8923795228288,3.34215882352397
35.8335,10.9196506718228,8.87242551846458
35.834,-3.520340608899,12.7155505320324
35.8345,-8.26815143807275,14.3891211941342
35.835,-2.20522083272041,14.9535009941677
35.8355,5.59603923047194,15.540733111864
35.836,5.20150062339739,16.8527690413801
35.8365,-6.26045987571294,18.8306290155995
35.837,-24.3412322549026,19.809776665656
35.8375,-41.8047304057415,17.115975089585
35.838,-53.3639512212386,9.81553649181243
35.8385,-58.0236224925723,0.245679612469895
35.839,-57.9911654569922,-8.23763290172993
35.8395,-55.6429152254588,-14.3422152774395
35.84,-51.9185037284435,-18.7285412423866
35.8405,-47.1889057672726,-22.0152196046806
35.841,-42.1381185126572,-24.6119477817278
35.8415,-36.9888830007874,-27.5570748659364
35.842,-30.5959542506824,-31.0470190322995
35.8425,-21.2071710018184,-32.3956390835595
35.843,-8.49454530979604,-28.4222921692225
35.8435,4.81571268422061,-20.7501026097629
35.844,13.562768347771,-15.9018010558026
35.8445,13.9753062785631,-18.0949930188565
35.845,8.13853015730524,-23.8495185613728
35.8455,3.62140867003188,-26.0459935388928
35.846,6.89342052693241,-21.9053472607739
35.8465,17.2827932083282,-14.3189469615973
35.847,28.5265692902356,-6.37254241329978
35.8475,35.5526705642595,1.90058351898336
35.848,38.1483026266119,10.9357062159153
35.8485,38.5782570588134,19.1717325090383
35.849,37.9642861347766,24.9634858757945
35.8495,35.9095203791401,28.9134747386442
35.85,32.4490016760254,32.4064831033039
35.8505,28.9582994423227,35.0598741731838
35.851,26.4821043186197,35.2746564179173
35.8515,23.3203546054964,32.4260064785668
35.852,15.8831271223667,27.0991280685
35.8525,3.86047422086417,20.0818170994545
35.853,-6.52284356164263,12.7178455929455
35.8535,-8.01571794104894,7.46891719928214
35.854,-1.79952700452376,6.06862379028157
35.8545,2.27654293084286,6.99393934688676
35.855,-3.20794486915992,6.34442478752818
35.8555,-15.1940159469241,1.78022719916466
35.856,-25.1753039519566,-5.19947540699816
35.8565,-28.2916911899045,-11.0716063381203
35.857,-24.3785491707772,-13.7229603065905
35.8575,-14.6381427681263,-14.0230720850612
35.858,-2.83457620081174,-14.4380596457133
35.8585,3.27104134252906,-15.9944155983093
35.859,-1.50087418620337,-16.5986367667818
35.8595,-12.1940451636329,-13.3237962890071
35.86,-18.1648933857285,-6.80796148082828
35.8605,-14.9661785331542,-1.83160063263985
35.861,-7.33454374384969,-2.05483692619217
35.8615,-1.56532863819029,-5.39032820821793
35.862,-0.631558754773276,-6.59130979456954
35.8625,-6.05510671934809,-3.63758886253397
35.863,-17.4583694172574,0.742357904433058
35.8635,-28.8905312312926,3.44620675394126
35.864,-32.09295633793,4.11930521592199
35.8645,-26.1010331031581,3.43203817424106
35.865,-18.7703373949531,0.767661941408983
35.8655,-16.8098555049606,-4.99808809749754
35.866,-19.2034957221347,-13.6161285788812
35.8665,-22.2318165006183,-22.9296659825163
35.867,-25.1537269531479,-29.1810028467935
35.8675,-27.7034494432941,-28.4005679250663
35.868,-27.0897105016028,-20.0387297847071
35.8685,-21.5112295393921,-9.56927664596692
35.869,-13.1444906369371,-4.61418683141375
35.8695,-4.88211272280757,-7.14043112464754
35.87,1.92964605700157,-11.7078726415468
35.8705,4.29273397760324,-12.5433869004359
35.871,-2.22312806829975,-9.71429462690915
35.8715,-15.8057349632271,-6.76760829111488
35.872,-25.9211790610486,-5.33804211203662
35.8725,-24.0473574491599,-4.86837414800618
35.873,-13.6878726110123,-5.22463458835139
35.8735,-4.74192971878385,-6.06700173663182
35.874,-0.854819186478908,-5.0445362665554
35.8745,2.40588783675395,-0.188942926808041
35.875,8.96626783286287,6.49033368534404
35.8755,17.1907596027229,11.0284698876743
35.876,22.8002298238435,12.8840774368406
35.8765,23.3202493478321,15.2883100162212
35.877,20.5688489046348,20.2266984066549
35.8775,20.9215477958715,26.0613176052063
35.878,30.6643646440362,30.6232903951516
35.8785,48.5697387027545,33.9537779737464
35.879,65.9293732972772,37.0333638336576
35.8795,75.9345857322937,39.8364540422992
35.88,78.706146678465,41.5911913798869
35.8805,75.2274623602675,41.677478047651
35.881,64.0432614932946,40.014960243419
35.8815,49.3703689002393,37.680831339215
35.882,43.7154721623634,36.4133251615397
35.8825,51.855146364985,35.5427557991477
35.883,57.7359892870506,30.3796266429039
35.8835,40.317721336145,16.7421079085202
35.884,1.2762063980341,-2.96794692211044
35.8845,-35.2715423066953,-21.208136699921
35.885,-51.4568708457341,-32.9281503460927
35.8855,-52.0867181243125,-38.697914257883
35.886,-50.0403129666983,-40.4192784839964
35.8865,-48.5309701210841,-38.3507799812013
35.887,-45.3183410940689,-33.6759145908666
35.8875,-44.0139270285952,-29.5605943779034
35.888,-49.792941389317,-26.9714403545171
35.8885,-58.1044564835124,-22.9384478089577
35.889,-57.7045529914963,-15.9137650238678
35.8895,-44.6492232378337,-9.66922497548707
35.89,-26.5101116095475,-8.38344895488457
