time_s,EMG_ch1_uV,EMG_ch2_uV
19.8925,-32.2985557842995,27.175708231098
19.893,-48.990785998315,-23.7768573175032
19.8935,-39.9665604548324,-103.258380510551
19.894,-18.9728437376848,-180.808375563257
19.8945,-8.35290542313677,-237.310252170745
19.895,-16.0823231335165,-272.697041905427
19.8955,-31.3695426103312,-280.002963122989
19.896,-39.7927400844844,-240.272602516438
19.8965,-37.9969235077557,-153.771437464645
19.897,-34.0042112646482,-54.4207854157997
19.8975,-37.6120894159971,21.2257375523469
19.898,-51.4708408288278,65.3566140725647
19.8985,-67.6846960358667,89.7249800059637
19.899,-72.3731502878425,102.57523699883
19.8995,-59.2323341838933,109.088703679072
19.9,-41.2820579966592,119.467322814649
19.9005,-41.9651249908051,137.287146824441
19.901,-67.8036076516092,148.034459349344
19.9015,-96.0230531244971,137.099502194729
19.902,-99.7669513331004,114.714367337862
19.9025,-82.1422331708578,106.893628493276
19.903,-71.9869362924938,123.479026858747
19.9035,-85.3837234159382,149.340097790062
19.904,-106.234110376412,167.069490288656
19.9045,-110.52070773819,175.796841034059
19.905,-95.5294589032247,185.450029581935
19.9055,-74.8143359928901,201.513249306521
19.906,-56.6518118592757,218.047659138391
19.9065,-42.4216261595094,221.532173785242
19.907,-37.8491532999519,203.186237838164
19.9075,-47.0309600853943,170.96267241699
19.908,-56.7707868784474,143.580221403581
19.9085,-45.1016982916708,127.138492963359
19.909,-10.1319980260225,106.173994912553
19.9095,23.2619273957279,67.1378612989598
19.91,31.6261816843736,21.1510994941498
19.9105,17.3287488238377,-10.8044058288427
19.911,-0.330281114518501,-27.679406252735
19.9115,-7.56373868618198,-45.0732754244256
19.912,-3.03201190075268,-66.0039477413828
19.9125,7.13051570128815,-76.1275379930066
19.913,12.0357032892232,-70.5217991260889
19.9135,1.87442755777927,-64.8503041301629
19.914,-19.2646681019847,-72.0200604783723
19.9145,-32.8645858304941,-84.460479484298
19.915,-27.7455884042984,-89.7220470529472
19.9155,-15.6333403743182,-89.9430270471615
19.916,-13.5689745326925,-94.3696473040777
19.9165,-16.7898813792349,-103.632115279175
19.917,-3.87060204463618,-113.825170990768
19.9175,33.3903487728072,-127.828100066362
19.918,81.0482883669136,-149.568742291903
19.9185,125.414427267169,-171.56569016435
19.919,168.14333644676,-179.005596939575
19.9195,212.426847188038,-163.526719077604
19.92,247.944204762045,-125.741107932265
19.9205,260.259849272541,-69.8622740671541
19.921,247.148500820343,-5.43382910806714
19.9215,216.684181062884,50.2527957174397
19.922,176.395472746462,82.4375825391723
19.9225,133.335776436032,90.6079656401858
19.923,97.544933919409,83.2076453066137
19.9235,73.786418969406,65.0377896189837
19.924,54.0914562880221,38.5442651192158
19.9245,29.6875887812151,12.5196352327982
19.925,6.73199600694877,-2.45005604990263
19.9255,-2.29196961975698,-5.66392794778893
19.926,-0.639788076119205,-3.55772891774052
19.9265,-6.10603785837521,1.3159082154913
19.927,-26.1363615121498,6.57439799473083
19.9275,-48.7126191437656,-0.15706321804287
19.928,-62.9460930271716,-29.0883620346956
19.9285,-74.3986351141949,-64.2758222316313
19.929,-90.8473807857713,-72.452903074213
19.9295,-105.349213718884,-45.5662250301805
19.93,-107.089795221072,-17.084729737837
19.9305,-101.755389978839,-20.9963618547768
19.931,-106.538410556102,-47.4739892021779
19.9315,-127.289707396058,-57.4976325769307
19.932,-153.100711979843,-33.4267209711113
19.9325,-172.525961199768,5.51247999641858
19.933,-182.835617849919,35.5775178335931
19.9335,-182.501114842394,54.436058173745
19.934,-167.722339777326,69.6749105338518
19.9345,-141.428137025169,80.4390488213958
19.935,-115.170394464516,81.973728623117
19.9355,-94.946071162199,76.1462823438481
19.936,-72.5175900706284,65.4080273053174
19.9365,-38.0105992430955,44.9542669028085
19.937,4.50198622473428,13.1397035182432
19.9375,41.2887903825433,-16.8047192618203
19.938,64.3543107372676,-29.1642657261041
19.9385,74.5844433668391,-27.117638184093
19.939,72.6761079745506,-28.5679277023853
19.9395,57.0360518927574,-40.8946169206366
19.94,32.6123233636908,-52.8645234080465
19.9405,13.6923706443438,-54.0220010828446
19.941,11.8372185798741,-49.3289560801074
19.9415,23.3929176392692,-48.8374027334684
19.942,33.7743435242973,-53.9055842815632
19.9425,34.4787149694313,-61.7580506024753
19.943,32.5268753869545,-74.4445465442985
19.9435,41.1830622967973,-92.6900955183174
19.944,63.6537558719585,-107.120608736514
19.9445,89.5412343468896,-107.48613903813
19.945,106.494626166891,-97.7724485877073
19.9455,110.076336316251,-90.5228713351569
19.946,101.221758829007,-86.4530608067939
19.9465,82.0348408526127,-70.9920929474845
19.947,60.5893200238967,-33.6914484265647
19.9475,53.1267676503937,18.0974161005785
19.948,69.6774496575344,68.2896963592292
19.9485,98.2646784647864,106.83449703902
19.949,114.368175940703,131.764822059151
19.9495,107.857848766057,144.488667165024
19.95,90.7033027402611,148.730168119496
19.9505,76.3502294164369,148.602323097175
19.951,64.017505888378,142.900085504864
19.9515,48.8591044954465,126.788320875636
19.952,34.4242910093224,103.861797673983
19.9525,24.094049040407,89.8652017074111
19.953,9.82840085101191,97.0405594209428
19.9535,-17.1668618380654,119.205888821631
19.954,-50.0683082766235,139.448062332666
19.9545,-73.8527418683695,148.437347891967
19.955,-86.1091436021284,147.723603008662
19.9555,-98.0177948976653,140.03299597596
19.956,-116.136364763593,127.1397676315
19.9565,-135.564486055691,114.984407686801
19.957,-151.215207428738,108.750856877537
19.9575,-163.61579224322,101.950599038881
19.958,-171.644742517684,82.0458502499483
19.9585,-170.843985411611,50.0691919727882
19.959,-161.875220617819,23.6511478644035
19.9595,-150.10291511325,15.4608269447097
19.96,-133.499869080464,18.8114021106982
19.9605,-102.368635390413,21.1479312052276
19.961,-57.2125177633404,21.2640249952509
19.9615,-17.0199319666409,22.9693488483399
19.962,-1.15604546428945,20.3579305762319
19.9625,-8.59043145253096,3.45847906146131
19.963,-21.6206737586644,-24.803056040731
19.9635,-24.976769465937,-51.1071507809169
19.964,-15.0937085611479,-71.4188538494718
19.9645,4.08628776523611,-95.3515267012765
19.965,26.0399587092147,-128.14755630167
19.9655,43.4706535382697,-160.716622281003
19.966,50.9903867928543,-184.034052131137
19.9665,47.317162266056,-203.288414316402
19.967,34.8188006687106,-228.222743045702
19.9675,19.5198888978338,-255.403248264545
19.968,10.5660650650198,-269.932207358287
19.9685,13.3461072540681,-262.275028756243
19.969,22.2712701873942,-235.08611727208
19.9695,27.720346263973,-195.269621722691
19.97,31.4412760466108,-148.928060810501
19.9705,45.0581053395034,-105.676034950077
19.971,69.1923325730305,-78.8509734649639
19.9715,85.6986200997587,-75.3511874611517
19.972,79.8721787859674,-88.7907212382723
19.9725,61.4948599229383,-106.70645716908
19.973,52.3957680164504,-121.349146706275
19.9735,59.1733637704104,-129.211122857525
19.974,70.5015992958703,-123.705706283992
19.9745,77.3053775091449,-97.0847039054269
19.975,81.3952151364262,-52.6463265716689
19.9755,83.9176201415948,-8.96488789524448
19.976,79.1351536686557,15.1152017149371
19.9765,65.2487095661723,19.2850964172554
19.977,52.3761351037321,19.9511808513172
19.9775,52.7314069840118,28.6738034234795
19.978,66.2937287734768,39.2491533797212
19.9785,80.1424831863646,40.8666935479802
19.979,80.2443746935699,37.1748974229809
19.9795,62.9375340255637,41.7209726474054
19.98,37.5014418407425,56.5836436509084
19.9805,18.0871410778139,69.0274475331942
19.981,10.8845786093847,73.8603332595356
19.9815,9.50360411914743,86.3209745465789
19.982,4.73489392540972,121.88329066536
19.9825,-3.66980349243759,171.435345216324
19.983,-8.80505217980647,210.184699928996
19.9835,-8.10678688581484,227.997981295256
19.984,-8.17742102457368,237.56388274634
19.9845,-18.3632609143063,253.465179655704
19.985,-41.8033866701432,277.56345337935
19.9855,-70.0718889106613,306.930030773899
19.986,-84.2678533059846,339.98941333228
19.9865,-68.129550305186,366.902064654865
19.987,-28.0231567501039,367.64850241583
19.9875,4.80612036285645,331.971478570249
19.988,3.07454106846134,272.929200807834
19.9885,-25.7000745837378,209.860966739516
19.989,-47.1774689208263,146.33132248937
19.9895,-40.083786021678,77.6483734382366
19.99,-17.9141432288226,11.897885791558
19.9905,-7.59016904538528,-34.6976190895874
19.991,-16.9623941974713,-61.5886995610063
19.9915,-31.4386931359657,-85.464136065331
19.992,-36.588622888015,-115.495015046052
19.9925,-34.0041123406822,-142.553297683629
19.993,-34.2458095966087,-157.534593780014
19.9935,-40.7806993934008,-165.310063452993
19.994,-45.54193681941,-173.086110212978
19.9945,-40.0542863771952,-178.735736210892
19.995,-27.412670196061,-181.036215497292
19.9955,-19.5818806054781,-189.766945300478
19.996,-23.9410572546368,-212.050045110689
19.9965,-38.1586711154425,-235.433995715228
19.997,-58.8081303830581,-237.614181015099
19.9975,-85.9923660600494,-210.001874395931
19.998,-114.216902657069,-162.356194926208
19.9985,-128.047445321218,-109.321595686652
19.999,-117.148759047531,-63.8288954139339
19.9995,-90.1084228273009,-39.2541261306047
20,-63.246073616623,-43.1327523874576
20.0005,-41.4513852676559,-66.9282177229722
20.001,-21.8803023967278,-92.6016314991066
20.0015,-9.94242694246758,-110.865692068378
20.002,-14.5018719524677,-124.349989421212
20.0025,-29.7100815012196,-133.804724457333
20.003,-40.3631250115906,-133.221932011825
20.0035,-46.2435495895087,-120.594802769339
20.004,-61.3000227876691,-101.894942792971
20.0045,-84.2104145317679,-80.824014499346
20.005,-90.8520699256906,-55.7034195533935
20.0055,-66.5518992998078,-30.9114759770486
20.006,-28.3385983978963,-19.4586536366239
20.0065,-2.56823702695969,-26.6231094412935
20.007,5.13100743768114,-40.8776457348452
20.0075,5.89048626686905,-49.3675573445291
20.008,9.53616424685648,-53.2009017640767
20.0085,25.4012722783801,-57.8320334884619
20.009,65.5653310087458,-57.4049141914809
20.0095,127.087663940491,-41.6878721316995
20.01,181.244351994083,-12.9793007764471
20.0105,201.073024189616,17.4592883226507
20.011,193.313815601157,46.6735860027491
20.0115,184.577794018027,79.8393679843664
20.012,183.300532984252,113.850594877309
20.0125,176.920347534163,135.949432061235
20.013,161.4448144572,141.948255814412
20.0135,148.796619167833,143.132293206194
20.014,143.851986017739,149.968902455091
20.0145,137.495341884128,159.889501828667
20.015,126.901138844291,167.056189712477
20.0155,121.424831685034,173.239480493736
20.016,121.935286924994,180.051755255981
20.0165,114.437361579174,179.130952159136
20.017,93.1204469839711,161.528859250747
20.0175,71.655247574216,132.491236485584
20.018,61.1932482600865,106.283696710319
20.0185,53.3569563197191,88.6601814870571
20.019,36.3156952577382,74.8902501259561
20.0195,12.3898333275502,64.5998497490782
20.02,-13.4595144314067,67.0034217783835
20.0205,-48.6661985569864,86.94042788779
20.021,-100.274200763839,113.852226202117
20.0215,-155.866767753907,131.257927023244
20.022,-192.27924277313,133.358384763932
20.0225,-198.464123713059,126.794816107126
20.023,-179.638312948793,118.535981831805
20.0235,-146.852330365383,108.26830432657
20.024,-114.181168273189,93.2042329803499
20.0245,-97.7658465917017,74.8072662255752
20.025,-102.54150198302,56.6967146273138
20.0255,-113.497189908936,37.9211256313398
20.026,-111.833106261191,13.3276900907893
20.0265,-95.725270958968,-17.6380528489256
20.027,-75.1444474651071,-46.3253614285012
20.0275,-53.8353460607833,-63.8588654359192
20.028,-30.9044557345125,-74.3857305419512
20.0285,-14.6973973381955,-94.6115908106027
20.029,-17.8477756126961,-137.609303291755
20.0295,-38.409802470073,-198.913662663556
20.03,-59.0381047008957,-259.409846512005
20.0305,-64.5466502582988,-299.199175539361
20.031,-49.4641009589511,-308.482003981498
20.0315,-13.1025197618307,-290.845910804627
20.032,36.1067956585716,-260.617030125192
20.0325,72.9579906590333,-233.599440771722
20.033,72.0205224052744,-214.941529712231
20.0335,37.9047512442634,-196.941383547054
20.034,5.0454846763597,-171.388109700148
20.0345,1.98960598651099,-140.089647476015
20.035,27.3082092726328,-108.428580619074
20.0355,62.4247523297533,-74.0469081234038
20.036,91.5747087156293,-31.8182318710064
20.0365,102.748286824039,12.2032365245572
20.037,85.922756045383,44.4322878434675
20.0375,43.3544335061462,64.2146539534455
20.038,-7.34648007103586,88.4486915713968
20.0385,-49.474316188475,128.165867839982
20.039,-78.9452336140157,169.79414698743
20.0395,-95.3365954383438,190.177019300962
20.04,-94.5888812904256,184.659968401099
20.0405,-79.3061293866384,169.00493327249
20.041,-62.9419397919279,156.066369858045
20.0415,-51.9046157282184,142.531159388141
20.042,-35.266589969043,119.898866088667
20.0425,-5.33622231099302,87.5269704366537
20.043,23.6312058062546,50.0980390886341
20.0435,34.4435012594135,10.3784638643921
20.044,35.4646455397563,-29.2291047730401
20.0445,49.635196634404,-63.2651204541066
20.045,78.5838257280851,-87.8757146926062
20.0455,98.0200028623939,-106.097463726106
20.046,90.9500257415543,-122.843877321938
20.0465,68.9854233406134,-136.053438687856
20.047,56.3233402460921,-137.792855994966
20.0475,64.3790267884584,-123.929690264649
20.048,84.4953552209013,-98.8782731941149
20.0485,94.9643181813165,-70.7444574739222
20.049,75.1223878727034,-45.1133629055603
20.0495,24.9292970053841,-23.7374518369984
20.05,-28.8877924460054,-5.47024909378653
20.0505,-58.972857064986,13.564938798263
20.051,-69.2296609961933,38.39881973446
20.0515,-85.242243949804,70.7587453849082
20.052,-113.081860214333,105.706472066637
20.0525,-128.665914296917,133.899633050327
20.053,-114.586915645458,147.950329919476
20.0535,-85.7371249077294,146.447962199092
20.054,-64.3802299667315,131.691188056011
20.0545,-47.8229835759393,104.734852313095
20.055,-19.8110037935302,65.2065105082246
20.0555,18.3924348726392,17.3591321735917
20.056,49.5364525371052,-25.9382442282224
20.0565,66.6259156273245,-49.4402752515793
20.057,77.2404585593815,-47.8409735461406
20.0575,83.7960485267123,-31.0406422504293
20.058,78.9548946876761,-16.1839599875399
20.0585,62.6307431243556,-14.2432324288016
20.059,46.1862459441332,-22.9554719352358
20.0595,34.7800311034314,-30.4203842239394
20.06,20.5934858463838,-25.3979506320163
20.0605,0.926239776174844,-6.63806422013276
20.061,-9.73631089894568,16.3259569514764
20.0615,3.94731150027916,32.5584158879446
20.062,37.3822020397354,40.5256647009739
20.0625,70.884620044016,48.6624926461256
20.063,90.332652116597,65.4532044362642
20.0635,94.6194593865917,90.9875772277807
20.064,86.5051528410073,118.645545738101
20.0645,66.4952771842816,142.683623437132
20.065,37.8143513460795,162.678881699012
20.0655,10.5885900083623,181.396232012147
20.066,-4.38776318840425,198.44204069833
20.0665,-5.90348751170503,205.21212256926
20.067,-4.01166285380662,188.419446976771
20.0675,-10.0997688149546,143.327307701511
20.068,-25.9667457895828,83.7870076910483
20.0685,-44.6265211088773,34.1826502512602
20.069,-60.9437286567905,9.18161657197966
20.0695,-76.1991195653181,4.58614907932534
20.07,-89.8455345388185,8.33897242309361
20.0705,-93.6152902257156,13.9234197419641
20.071,-81.5747067834614,19.3232458092262
20.0715,-62.3928834629592,19.4094783744251
20.072,-51.6457971598894,7.26009798893466
20.0725,-51.8335039665841,-18.2696747491347
20.073,-49.8903235374934,-51.5693763506385
20.0735,-37.1465621765689,-86.3386368426567
20.074,-22.1652354627714,-119.555213066571
20.0745,-18.3104762513662,-151.408544833049
20.075,-26.5634784075086,-184.613193657514
20.0755,-37.9959635522851,-221.699501894865
20.076,-47.0980142244292,-260.559649079566
20.0765,-53.6173527431681,-296.495170947176
20.077,-54.6495739171448,-331.332334055902
20.0775,-44.7800447734431,-373.865059692341
20.078,-24.4497181792113,-425.08992219551
20.0785,-0.48603975501826,-469.183120255589
20.079,23.1263108578767,-487.462909441918
20.0795,48.4714703096132,-475.989052812856
20.08,75.3713841634931,-439.982871243611
20.0805,95.429873078447,-377.696456606192
20.081,98.1751161401714,-285.071869146487
20.0815,80.3255340439595,-174.238976519301
20.082,47.1631468346521,-70.2755691039462
20.0825,8.82251093727595,13.9159559779581
20.083,-21.8892228389051,85.5182766533734
20.0835,-32.964390494974,151.402205545266
20.084,-21.7912268759163,205.475571291446
20.0845,-0.773831654171001,242.88736928705
20.085,10.9766632107961,271.698701076422
20.0855,4.64876999458123,301.118450830598
20.086,-11.2413493711026,331.740800673374
20.0865,-22.0071644957352,367.215110537033
20.087,-22.319678901209,419.389543462269
20.0875,-17.9529432683393,485.63443146601
20.088,-14.2626415373361,534.314038085795
20.0885,-8.32663811609145,534.170275459481
20.089,5.14820505240989,491.859359224218
20.0895,23.3996672490719,439.956087704597
20.09,35.4639071799722,391.80672055414
20.0905,32.7313744455179,330.783973140432
20.091,16.9257965326825,245.086646802329
20.0915,-3.17736196961663,149.588699764774
20.092,-20.4800985970157,64.4775263707615
20.0925,-33.4059566094102,-9.14832920723498
20.093,-43.2440691053134,-79.836596980833
20.0935,-50.8592555494739,-144.482692550807
20.094,-56.0068234057684,-189.623018906509
20.0945,-57.2656318232235,-208.075361764775
20.095,-51.6090896148651,-205.621804858066
20.0955,-35.9686825054882,-195.659429144345
20.096,-10.8388018459472,-192.083784159569
20.0965,18.8634510999655,-200.885062605504
20.097,48.1663363425418,-213.908224491142
20.0975,76.0992627096674,-217.464980733138
20.098,103.205022804436,-210.235980048544
20.0985,126.337703929504,-203.202892182749
20.099,140.040834379329,-197.711408066462
20.0995,143.778137156306,-176.490161195236
20.1,143.522948634126,-126.596181148836
20.1005,144.083191737104,-61.7361228062718
20.101,144.179217588459,-10.0185445962649
20.1015,142.168782135167,14.1636747579374
20.102,140.675392523327,15.7531489445138
20.1025,138.416659932743,4.22094434224018
20.103,122.461385233533,-12.9536914638161
20.1035,80.9020398652136,-26.0467583037175
20.104,23.9923398806955,-27.2581189759872
20.1045,-20.37620485712,-20.401834019997
20.105,-38.6138159454469,-16.0620179878627
20.1055,-48.1935517970846,-16.7028608396819
20.106,-73.2909921596064,-16.0426558837148
20.1065,-112.882476097551,-12.5642067482701
20.107,-146.276691072446,-12.2238548245073
20.1075,-164.491910285321,-15.7093515504332
20.108,-179.08077463177,-13.7477814523513
20.1085,-199.002464375542,0.416257505647131
20.109,-215.709705193493,21.8938931364337
20.1095,-218.454890304633,41.8759159997502
20.11,-210.821563977382,57.7739320220257
20.1105,-200.698014401811,71.1678305560841
20.111,-183.204262247236,81.2158542225087
20.1115,-148.049068250271,85.2594302949958
20.112,-100.846554285746,83.2283759259237
20.1125,-63.2407556319586,78.2980973560471
20.113,-49.389464154323,75.0005950714236
20.1135,-52.6572863249746,77.4484588559169
20.114,-59.6311689966376,86.5024266684335
20.1145,-67.5602298627442,98.4540240060751
20.115,-79.2914028425003,109.563561666083
20.1155,-86.6085571659087,120.779890115188
20.116,-71.081334415167,133.723683658447
20.1165,-24.7827754688737,144.119755875037
20.117,37.9128455013394,145.604232761199
20.1175,95.5082816278337,138.039580640734
20.118,141.262927338111,123.252037468259
20.1185,181.174297249817,93.4739979303378
20.119,212.8241375052,36.3409179345775
20.1195,220.338308438177,-44.146391885115
20.12,197.436227701001,-122.254579754245
20.1205,164.288318111287,-173.81625304464
20.121,147.392651734874,-198.366189283257
20.1215,146.622590968756,-212.011225280399
20.122,137.403110559526,-225.874775531717
20.1225,106.809850304432,-240.325455665502
20.123,71.9778890744459,-254.785068518717
20.1235,55.5806096704039,-271.73942037395
20.124,56.0146627837341,-290.609296002027
20.1245,53.3760929049119,-304.955807775153
20.125,36.6180255937007,-307.161327191093
20.1255,12.1791335093821,-292.632834056178
20.126,-9.38267410500349,-261.099259931742
20.1265,-22.5828176162796,-217.438993244571
20.127,-25.330076960693,-168.25836490305
20.1275,-20.7433633751338,-113.170647312304
20.128,-20.1607302174452,-43.5640081007416
20.1285,-31.4158121167569,43.1699932578449
20.129,-42.5303271370716,131.3399464385
20.1295,-30.922553869756,197.337200718139
20.13,5.67460905555056,231.412268342304
20.1305,40.4889307801011,241.140418608641
20.131,49.3972197622001,234.537312488843
20.1315,41.0140483479395,211.709849014942
20.132,42.4066838983639,178.169878745261
20.1325,61.4332225278707,155.912438132595
20.133,78.7938221392207,169.100180395916
20.1335,76.5358312693558,218.392533359203
20.134,58.3981338717906,275.96113532572
20.1345,36.3424004088805,308.333063053777
20.135,10.511515657502,302.562340987116
20.1355,-25.9835616079498,270.806063777805
20.136,-70.0208289885858,233.403449630392
20.1365,-109.856345451022,200.527373027155
20.137,-141.955403176129,169.603318473589
20.1375,-173.411607378912,136.646635912769
20.138,-204.445705333843,105.38792946976
20.1385,-220.159109623232,83.6251171505514
20.139,-207.682031134752,73.5292740855318
20.1395,-173.916678017305,68.9634078100453
20.14,-136.473687262951,61.7316898764687
20.1405,-101.367807257808,47.9907854989102
20.141,-60.6006956482501,29.2927523449111
20.1415,-10.7600516486732,10.4035776736603
20.142,37.2942966503839,-3.60030298427488
20.1425,70.0215115618467,-10.5585506117919
20.143,83.494336777528,-12.6361617404504
20.1435,80.8902863410257,-14.2802470163349
20.144,66.8870747363045,-20.318322037963
20.1445,50.0391993387194,-37.2114881932711
20.145,42.345115730126,-72.4140773346897
20.1455,47.9313120286206,-127.286300603001
20.146,56.3470711954839,-191.705680946534
20.1465,53.7953229548951,-251.127849809149
20.147,37.694661393751,-299.37119010999
20.1475,15.5920340170899,-339.693112520807
20.148,-4.2295486145278,-373.7687780199
20.1485,-14.5731001643741,-397.240185840726
20.149,-9.21496627372271,-408.651769463773
20.1495,8.44849821533886,-414.324739122737
20.15,21.3287229881426,-417.474703939775
20.1505,15.0591076459342,-408.478548577856
20.151,-3.45204382846803,-375.559108053086
20.1515,-14.7389432688883,-322.988267703211
20.152,-11.7749450683738,-268.567184477031
20.1525,-3.47035636087374,-221.894130307081
20.153,5.74651678977483,-175.048987135801
20.1535,23.669311809136,-119.187412553784
20.154,52.7643677524791,-60.8859140111219
20.1545,79.1308155123707,-12.8055038767204
20.155,87.8776866921134,26.5125052128294
20.1555,79.9205871497307,72.0782057857787
20.156,65.4168099544023,131.863725152193
20.1565,49.2304443707335,197.060383738419
20.157,31.8105434738918,255.622513697856
20.1575,16.785468961989,306.098707167122
20.158,6.7463980799662,352.362742495695
20.1585,-4.65967857870021,392.462815026083
20.159,-26.9104520122709,420.783076361568
20.1595,-60.6416035783616,435.800302888081
20.16,-98.2828931234646,436.726756110495
20.1605,-133.631881292218,417.227692622987
20.161,-163.267120721132,374.620906185048
20.1615,-180.6445380232,323.997625800828
20.162,-177.231068891544,288.956658974917
20.1625,-150.990983063784,273.705523931184
20.163,-109.576673570007,256.160903810941
20.1635,-65.0928669162911,216.29920649411
20.164,-27.8151917000507,162.256730252024
20.1645,-1.81518841807248,119.515514875023
20.165,17.3611807919724,101.445111240711
20.1655,37.8469971299774,100.248829841216
20.166,60.2467539877445,100.939461863962
20.1665,74.6381575316407,92.4614133917101
20.167,73.1199305718993,68.2610841416524
20.1675,61.3021980979836,28.866483729074
20.168,52.0517677926164,-14.6265764023448
20.1685,52.2074654981963,-49.3095778153884
20.169,61.7551807047319,-74.6534677827992
20.1695,80.6977452029379,-100.813657024982
20.17,106.466819310989,-133.357151136566
20.1705,126.648909585505,-168.850983739594
20.171,126.095224409847,-205.317828322849
20.1715,104.632810075155,-245.123227275508
20.172,79.8899471581415,-284.236306174208
20.1725,68.3621399216747,-310.275090071777
20.173,68.6570688132883,-317.445576180031
20.1735,67.0922038058296,-313.949743684659
20.174,56.353396546001,-308.000968285693
20.1745,44.8302866335989,-296.044663487627
20.175,47.9990235382482,-273.540445334479
20.1755,71.6622165118494,-248.760408531713
20.176,103.651077881007,-234.11783595806
20.1765,123.104184914607,-228.270905777567
20.177,118.612779486543,-217.532870192125
20.1775,95.4884469244762,-192.079485078595
20.178,65.5299879092127,-150.928160740119
20.1785,35.0317735651802,-94.2146994488043
20.179,5.38569290792883,-22.9358309589894
20.1795,-21.0383442726341,52.9500333617419
20.18,-42.0646449803739,116.810287161745
20.1805,-59.1601622916734,158.242970966954
20.181,-73.9288139733165,176.355460834448
20.1815,-84.552709990365,171.048679121894
20.182,-91.4750775042561,142.575894847822
20.1825,-102.416376816466,102.440575491201
20.183,-123.78746841298,72.2451300662685
20.1835,-149.161609409027,63.3793263319089
20.184,-163.812584971525,65.1549189005383
20.1845,-160.155920061815,60.633193324614
20.185,-143.575215637273,48.2373597321807
20.1855,-125.44209152954,39.9287597389888
20.186,-115.417327181324,43.2824112437636
20.1865,-115.753097296343,54.8927325552203
20.187,-115.925359227277,68.9013726849969
20.1875,-98.9180487075811,81.8965397767021
20.188,-63.6392455572384,88.2482563555393
20.1885,-36.301241152613,78.9761948571755
20.189,-45.4636755635437,49.3846572927094
20.1895,-86.4097414048643,4.3636140502224
20.19,-123.410143255497,-45.1166818220163
20.1905,-128.015130652109,-86.9584736073136
20.191,-102.660138244352,-109.403286008298
20.1915,-66.5808182075625,-104.51291875529
20.192,-34.6910648156527,-75.0399221281979
20.1925,-14.9297778676152,-34.7174952827947
20.193,-10.0993794397696,2.97145966256095
20.1935,-11.9049060610594,35.6933208442092
20.194,-3.98491044909577,69.5894192662514
20.1945,18.7061368719577,107.81729505239
20.195,40.594467508145,145.904065309733
20.1955,43.8281776958395,177.801559566629
20.196,30.2644439868879,201.128089164567
20.1965,19.1734261009637,213.778114429229
20.197,29.0829797865968,209.623043641284
20.1975,65.9772293734758,183.475527142397
20.198,120.470311795223,140.283304082432
20.1985,170.378744665838,93.9768777878537
20.199,195.034835175335,54.3371521473511
20.1995,194.793971275783,18.7772725517527
20.2,188.900736826159,-18.5514865684197
20.2005,188.029422823265,-52.2896057285372
20.201,179.697646168947,-67.5657930202077
20.2015,150.239204116376,-57.7826941569669
20.202,109.775083335992,-34.9633554479515
20.2025,80.7127684774869,-18.0997085257957
20.203,68.4478175911401,-14.3203012886657
20.2035,59.2111087022667,-16.0777070038502
20.204,43.7353956192707,-14.7503981092379
20.2045,27.4767779135776,-10.7198951714585
20.205,16.8767929170263,-8.45859848914045
20.2055,9.14602092844746,-6.6015968408232
20.206,-1.07339032824846,2.27910642993686
20.2065,-14.8505101983669,21.9713778846234
20.207,-31.4679876351712,45.4949356026338
20.2075,-49.5133632782079,59.9388766365788
20.208,-63.4087933301608,58.9885848520034
20.2085,-66.376561921297,49.4231850391578
20.209,-59.0571805469533,43.353238618443
20.2095,-49.3947117671149,44.2831317935978
20.21,-43.5168393601803,43.2881581582787
20.2105,-42.6127867925699,29.3297078318801
20.211,-47.4559099259681,-0.0282387416241642
20.2115,-57.3991877065774,-39.7298129190445
20.212,-64.6143297025267,-84.7855542176587
20.2125,-58.8575323516761,-132.574941761423
20.213,-40.9886303078987,-180.385019364409
20.2135,-24.3032314828761,-225.815099832886
20.214,-19.217723814164,-268.499454215108
20.2145,-22.4798862945957,-306.839608665829
20.215,-23.2848674292576,-334.60928311189
20.2155,-13.3849982516865,-346.695253695456
20.216,10.3067687381557,-347.142307452402
20.2165,44.3442319778722,-343.880286060325
20.217,75.6505717650769,-334.774048740432
20.2175,87.8922124487413,-307.835987411607
20.218,77.9200905440863,-259.081005381345
20.2185,61.0435168433587,-201.979447142662
20.219,53.7120887462812,-153.166791552691
20.2195,54.8249451630301,-115.365166666056
20.22,50.5713930497371,-80.9068070583487
20.2205,34.7023227309921,-44.9655258208297
20.221,16.2833777338797,-5.92809056712137
20.2215,7.16382408029775,41.3296514327318
20.222,8.07200338036323,99.6560657473874
20.2225,9.43606609910296,158.824737504407
20.223,2.02968029378931,203.435592188337
20.2235,-16.0234112080432,232.913624029003
20.224,-40.4273052187393,261.260099503511
20.2245,-65.1492002694757,293.546181043972
20.225,-85.3763048479763,315.612339012686
20.2255,-99.0463418168681,314.633161499244
20.226,-108.041488794534,299.045008531268
20.2265,-117.074839415498,287.494417362606
20.227,-128.460235806696,285.359012786646
20.2275,-137.346770027146,283.636479755439
20.228,-135.036349127412,276.228234820306
20.2285,-118.975020511092,265.697016038442
20.229,-97.3745463546582,253.075039265425
20.2295,-81.503384914126,234.12571927133
20.23,-74.4828131465582,208.280918758624
20.2305,-69.5538245598751,182.087480366221
20.231,-58.3973496133722,160.284111263605
20.2315,-39.5928023165177,140.376173034306
20.232,-19.5190468611736,118.935628177334
20.2325,-5.298915732079,96.5944162557467
20.233,4.18103834467566,73.4372820448372
20.2335,18.4376080689319,45.9101660642409
20.234,42.2691481521584,12.8460498242229
20.2345,64.0843086832984,-20.6313921091762
20.235,65.8492841598705,-49.8203602098667
20.2355,46.9720459197261,-76.1575460500747
20.236,28.6723880347242,-100.782910873027
20.2365,28.3250149100736,-116.619350720496
20.237,38.196966988743,-113.683223400206
20.2375,38.8672742382733,-90.3252056892751
20.238,26.205014750278,-53.3392805481884
20.2385,12.5462068224475,-9.35667364959929
20.239,5.67009175456569,35.9440402394686
20.2395,1.26552499537495,70.6853851835102
20.24,-3.79742610662267,79.3985383639672
20.2405,-4.81475220139084,58.8657029934786
20.241,0.412489741432596,25.5793129442176
20.2415,5.79854394841042,0.180257023142258
20.242,6.42853715064378,-13.2969662285625
20.2425,5.30715444958803,-26.4078673994489
20.243,6.66747668375256,-46.3182027243748
20.2435,10.0308219839811,-65.4925082862265
20.244,13.7317294344916,-74.3226100496259
20.2445,16.6864686623153,-77.047366592632
20.245,15.4546419324704,-88.8182915819893
20.2455,10.0384186176295,-120.452758636995
20.246,14.7128484279003,-172.529781696264
20.2465,48.9924156435352,-242.004196586529
20.247,110.268324675651,-325.73944968335
20.2475,167.729866793745,-416.040095999781
20.248,193.585904404163,-501.072741350492
20.2485,190.233985775875,-574.159213381955
20.249,176.649757640329,-635.945085808329
20.2495,160.789505261076,-681.611009746651
20.25,141.952698377223,-692.434757572171
20.2505,130.328609445416,-649.468954128094
20.251,140.288580270966,-553.6578108086
20.2515,163.356034487594,-424.866269719709
20.252,169.42431826318,-283.507647336999
20.2525,143.572135755763,-142.295511451518
20.253,106.921569284956,-13.7350312960605
20.2535,90.6257303937073,88.6459222161677
20.254,99.3028559572387,161.995071025355
20.2545,110.49849428633,216.604647489958
20.255,102.755015854916,260.260590201239
20.2555,72.9583292644044,290.048026117005
20.256,29.9760253323852,307.965133320059
20.2565,-17.2645290736428,333.195463242955
20.257,-64.295939330016,382.667053561071
20.2575,-111.772752597864,443.604241039735
20.258,-164.635551766189,482.880428750262
20.2585,-226.316519332493,486.016468249877
20.259,-290.90516007924,471.591672273363
20.2595,-342.587063434754,461.302573864525
20.26,-364.96820185059,450.795068266679
20.2605,-352.999452867177,421.896618745147
20.261,-318.648975921286,372.884408017583
20.2615,-285.031523584755,320.565426364452
20.262,-269.852228973688,276.245415777638
20.2625,-270.01820694248,235.639674074336
20.263,-264.446233674408,194.212381041116
20.2635,-236.025000038569,158.17298324328
20.264,-189.506517195062,134.047301095823
20.2645,-144.16047931473,118.192830623531
20.265,-111.125082662067,105.071604815424
20.2655,-84.1146732857396,98.073147045598
20.266,-52.0609034839389,102.280917141614
20.2665,-13.2536120327551,111.447063502818
20.267,26.2867069191082,113.037354957292
20.2675,61.6856957544909,104.983432279702
20.268,89.9043977999726,97.6530701681527
20.2685,105.557847682438,98.2195355004671
20.269,104.740960420595,101.229493377871
20.2695,93.7879105198658,96.1424860324003
20.27,87.1493102179941,76.7184619077341
20.2705,93.2160631434115,41.9117850987176
20.271,106.587895661166,-3.07841849378281
20.2715,117.108441409924,-43.3584332335784
20.272,121.550719733695,-62.7711437896524
20.2725,121.63221681453,-64.1715865639416
20.273,115.011076981102,-74.1219657440398
20.2735,96.5806975709573,-117.593401804976
20.274,68.996976185884,-191.209045761844
20.2745,44.7329428330718,-268.47123680862
20.275,34.3229534821721,-326.148455251753
20.2755,36.5805992277853,-356.620365202835
20.276,43.1379710506242,-360.649898987869
20.2765,48.8780294465967,-343.313042587144
20.277,54.5880876488909,-318.094662490769
20.2775,62.835537784014,-301.585534336738
20.278,75.9423472780327,-298.628200510184
20.2785,95.8517649003797,-300.039286821384
20.279,120.206927853317,-296.301734263519
20.2795,138.696684650279,-284.11081532089
20.28,139.780540788134,-259.175219210163
20.2805,124.577414012876,-217.433529937097
20.281,109.865397297668,-170.153017263256
20.2815,111.689419724152,-144.15042315735
20.282,126.68581283169,-155.155941421641
20.2825,134.971981491778,-189.218104841265
20.283,123.512312593868,-221.087935519556
20.2835,102.369725918305,-242.896088542421
20.284,93.3967056119344,-262.596962732015
20.2845,104.57269026064,-282.131495481696
20.285,120.792227428099,-293.86403355515
20.2855,120.84905126959,-295.873848888599
20.286,98.7151857828917,-293.380742081895
20.2865,65.5797628803273,-282.226731397487
20.287,35.4639053056586,-245.528932605663
20.2875,13.7553667307345,-172.727103608448
20.288,-2.50090648681144,-72.0939613218646
20.2885,-18.8719861887762,39.8443177742792
20.289,-38.4428521294793,151.547526887189
20.2895,-58.2044408628992,255.094246718228
20.29,-69.9906619084129,342.674985210324
20.2905,-68.3870089145319,411.95489914769
20.291,-57.4805763555882,467.23658875736
20.2915,-46.0373510761791,508.98801444169
20.292,-37.3815264050524,530.202440282926
20.2925,-30.7519786664096,530.002674341039
20.293,-33.2013867391239,521.800754982785
20.2935,-60.6468436515282,517.525115766888
20.294,-119.925508654972,510.156025917671
20.2945,-194.25309221921,483.639230904539
20.295,-254.094912761097,436.229781058793
20.2955,-281.849377889085,381.795352386133
20.296,-281.252245885367,330.032295493537
20.2965,-265.079137424086,279.015664853263
20.297,-241.898822258138,228.659182521851
20.2975,-217.154894494482,186.964797404166
20.298,-199.608620397585,155.753435115313
20.2985,-197.736910693888,121.69408117321
20.299,-208.160609804945,73.1101720096712
20.2995,-213.37171747954,20.3815569623814
20.3,-197.517784661856,-12.0428560113269
20.3005,-164.880565743553,-13.6846359281166
20.301,-136.313693216096,0.916384871032544
20.3015,-123.169755971903,10.5531293749589
20.302,-111.062533336455,8.72899644289481
20.3025,-78.6841521722774,3.56009774470431
20.303,-29.1707906543782,4.38668309464353
20.3035,10.9137842381204,16.0019183148431
20.304,26.1184149431744,41.3755924782
20.3045,30.7651360522873,78.7223633067442
20.305,44.6114110729253,113.220794526722
20.3055,63.4939791591539,121.032649486204
20.306,69.2886658632685,90.0740670385964
20.3065,60.6354121770329,34.2784591019388
20.307,55.1856062663632,-19.6146653506729
20.3075,63.3149462102761,-58.6060990500531
20.308,78.0667768060039,-90.6410347574454
20.3085,93.8117241144134,-126.77075119592
20.309,116.626163926512,-166.573844758019
20.3095,147.844901649868,-206.295630815738
20.31,172.45418348332,-252.688812639028
20.3105,176.291985342817,-318.073746986045
20.311,165.179870618991,-403.300239280258
20.3115,154.975164049188,-494.398297072725
20.312,150.163650613271,-576.753410043557
20.3125,145.154198580053,-644.727892728902
20.313,141.330590762612,-695.374872151547
20.3135,147.751798788098,-721.678329053418
20.314,164.700162107261,-719.027077783753
20.3145,179.122097597803,-693.543573625979
20.315,180.079209255473,-656.122953115711
20.3155,170.840846087846,-609.851040948562
20.316,163.246624580115,-550.561399869869
20.3165,166.705818361389,-479.41113488144
20.317,184.257633848733,-406.064051029523
20.3175,212.240960765609,-335.249621651657
20.318,240.458011846881,-256.718581920451
20.3185,257.456102362184,-155.666110662416
20.319,258.574770687089,-31.1205057800542
20.3195,246.681338403438,101.549259419133
20.32,226.122912343225,224.953216093859
20.3205,200.260297739769,330.562501660655
20.321,172.408084936325,416.136392594904
20.3215,141.86278181502,480.611521312292
20.322,100.79575518217,525.571856921246
20.3225,44.5673774075937,555.839306340627
20.323,-15.6370125628077,572.060272571172
20.3235,-62.4653367446373,565.428101050101
20.324,-96.0784018028866,527.606973428419
20.3245,-133.410790109456,468.086761416436
20.325,-178.098838356309,416.126182146982
20.3255,-207.924697380589,399.120928911405
20.326,-205.776358608726,417.31796761931
20.3265,-190.202397593294,442.225826898618
20.327,-196.667698192103,442.779976645559
20.3275,-235.055928967444,413.203748421769
20.328,-284.283231660429,373.093249513035
20.3285,-324.638896904303,341.387197258709
20.329,-353.881793632447,317.385616761943
20.3295,-370.824223120158,291.383988417364
20.33,-367.166824104351,264.922105103678
20.3305,-345.154455188007,247.238845570987
20.331,-323.860815814835,234.24795717571
20.3315,-314.967544801905,208.311454371776
20.332,-307.880916301149,165.254772187887
20.3325,-292.205566051614,126.755356014937
20.333,-278.215278826443,113.978925169689
20.3335,-275.605026824497,119.354787471642
20.334,-265.729714419437,118.115773878162
20.3345,-221.025582058606,99.7213273797488
20.335,-146.681905117329,72.4695096484536
20.3355,-76.3587120500101,43.424610140248
20.336,-25.9061599192904,12.225350564428
20.3365,21.4483684160171,-18.0570205404281
20.337,76.9157307201305,-44.0712249052223
20.3375,120.672192087499,-77.0007024002243
20.338,131.263749417197,-133.034369810582
20.3385,120.054258375122,-204.541652803396
20.339,115.428011033226,-263.436977875194
20.3395,125.726562467724,-303.413542339084
20.34,138.758371275279,-356.047200317885
20.3405,149.004999756381,-446.689090891662
20.341,163.457319500981,-551.582281668931
20.3415,184.609025946097,-621.020253890404
20.342,207.573619831231,-634.349264494066
20.3425,231.131544431252,-609.856379053798
20.343,251.549487875158,-568.310734119564
20.3435,248.668326827193,-512.560211436659
20.344,204.014204772216,-442.844412612175
20.3445,136.768859168899,-367.805622764539
20.345,95.1233993350088,-293.422111849869
20.3455,100.271450759032,-218.735199215252
20.346,122.547059941366,-149.549554595296
20.3465,128.665955034448,-101.502427517967
20.347,128.463519994843,-82.0522220480015
20.3475,149.23744064162,-81.1213379641263
20.348,181.656171371911,-84.8503011054176
20.3485,185.827627350199,-86.0414516734128
20.349,147.833040576172,-75.504326983022
20.3495,97.8414920424425,-37.8210487629147
20.35,65.7637135908609,33.2295707696763
20.3505,46.4405594782584,123.833689743255
20.351,20.9896766521727,213.140829751403
20.3515,-10.3753990850412,289.408299566495
20.352,-34.4063365593449,347.840355223359
20.3525,-47.7030010531774,384.235019326969
20.353,-54.8669924687153,400.409118219922
20.3535,-54.3005862067209,406.046388451219
20.354,-44.2698230152941,404.772020820987
20.3545,-36.5511380283155,387.342052102375
20.355,-45.6091082970463,348.87638323523
20.3555,-66.2183098128713,302.015787465664
20.356,-78.0860430907288,258.998191543135
20.3565,-72.954807456745,210.931406464255
20.357,-62.4838688865251,143.771489485569
20.3575,-57.5141638288516,68.511802803392
20.358,-53.6141740995613,12.526452371845
20.3585,-41.952311374097,-20.4721702472398
20.359,-23.5500022874933,-60.2262017817858
20.3595,-7.40863386352876,-132.406054682475
20.36,-2.31070693979183,-228.076395121232
20.3605,-13.3853096753729,-318.162396003191
20.361,-38.1220926678924,-381.290337205161
20.3615,-62.5814972913383,-406.531203590552
20.362,-69.9336348026244,-386.931135855565
20.3625,-55.7456190730445,-331.078976407227
20.363,-27.2008952300564,-271.854922426735
20.3635,12.3901424232748,-240.422093374154
20.364,65.1758033676366,-230.486476611674
20.3645,122.643294057716,-206.106319008339
20.365,164.679080627959,-147.664487483763
20.3655,183.020684451543,-72.6960679836288
20.366,190.365149274153,-4.83536010739082
20.3665,195.53175896757,59.910560560467
20.367,186.233472045011,141.487044888867
20.3675,152.824321280218,241.786230158597
20.368,113.433987600503,339.597563866939
20.3685,91.5915166558204,414.798163412734
20.369,78.0321963826938,460.602681045553
20.3695,41.8594191366718,472.386115344467
20.37,-23.0044361725094,442.957856237071
20.3705,-90.9242137185467,376.921458695724
20.371,-147.049794306396,297.313033470197
20.3715,-206.015936032235,228.193598520553
20.372,-275.081619213099,177.63445155322
20.3725,-326.279569042198,143.472784523814
20.373,-329.037312049992,124.549262429711
20.3735,-293.902635764823,115.874835261812
20.374,-258.43148497342,103.908448318509
20.3745,-238.11192698087,83.6057972866895
20.375,-216.334726141,74.7198650462043
20.3755,-181.638015355918,101.840261955106
20.376,-151.108273642195,157.311829718257
20.3765,-149.013004068966,202.347970769123
20.377,-176.867057209087,210.527316494841
20.3775,-212.934334740567,193.938469683009
20.378,-232.566218228095,178.081507496828
20.3785,-222.932480921049,166.920069470297
20.379,-184.863054336828,146.218273034374
20.3795,-127.943334637272,108.960048740003
20.38,-63.7893633519961,59.6798779208885
20.3805,-2.96064750360388,-0.58782009113895
20.381,42.0764083792005,-75.8534916050287
20.3815,57.5036583416636,-161.680672547138
20.382,40.6860606200124,-244.811998586789
20.3825,11.7362491608343,-319.256475618386
20.383,3.76464780582486,-391.798738152154
20.3835,36.5413508818709,-468.34051284933
20.384,100.049175120814,-543.811696987458
20.3845,161.785469312224,-608.454994935852
20.385,188.09873121788,-655.557921726968
20.3855,165.395270973847,-679.762742853166
20.386,111.004967019191,-676.182684603567
20.3865,63.2516823068852,-646.044580541084
20.387,53.1318770751511,-596.643777893551
20.3875,84.5788148437579,-530.988226078812
20.388,145.153226620468,-443.54136910272
20.3885,227.577365616863,-332.096698547305
20.389,326.806364739815,-209.739867390683
20.3895,419.525086766333,-98.6298849819676
20.39,467.621067558497,-12.3311272963315
20.3905,452.705478300665,53.0894995560686
20.391,396.593331849961,111.875592028279
20.3915,337.955479020952,173.965521158321
20.392,295.722515158165,235.043208936761
20.3925,262.638658791856,279.573496698544
20.393,225.240207048073,295.631920005944
20.3935,177.246358572678,286.575334349328
20.394,116.881638427336,265.17372379307
20.3945,43.8632940904038,238.601674537593
20.395,-38.135625525244,206.502810690977
20.3955,-121.828654175989,173.293591440651
20.396,-199.026678736755,151.371946450517
20.3965,-258.351295947342,146.974924562322
20.397,-283.90186300335,152.077321412323
20.3975,-266.373330348183,158.057591860603
20.398,-217.401230570352,169.565753078207
20.3985,-164.461841186015,194.630750521441
20.399,-126.75913124941,227.274791324061
20.3995,-100.925129124167,253.770084601699
20.4,-73.9193253152038,274.47917751248
20.4005,-43.9429196719241,304.165159916967
20.401,-21.6468277963527,346.317063430657
20.4015,-13.9164349661029,380.92254924039
20.402,-15.596943678924,387.702919242249
20.4025,-19.2452918354365,372.809748202336
20.403,-25.7524680481829,360.335006272871
20.4035,-40.0249752730869,361.004668703252
20.404,-60.3360465142769,361.545511403509
20.4045,-78.4149200686458,345.856537497999
20.405,-88.9724757277971,315.747667187123
20.4055,-93.7229090751616,286.036926257778
20.406,-96.5531332940573,266.533729491388
20.4065,-100.386102181237,253.554062083564
20.407,-108.635036943265,231.998452768647
20.4075,-122.676707154875,179.369336902364
20.408,-136.142376564906,75.7834440067162
20.4085,-139.11956904246,-76.5514978896059
20.409,-131.615712709857,-243.560425119874
20.4095,-125.60839206094,-380.663198909791
20.41,-128.332005865302,-469.607545774596
20.4105,-130.156640618218,-528.659450933823
20.411,-116.318861427879,-583.908918718422
20.4115,-85.9939133212679,-638.152758482916
20.412,-52.5573148485943,-672.71307466062
20.4125,-28.7517893601564,-671.983228467352
20.413,-17.7447028849659,-637.853738184904
20.4135,-13.0606523131295,-584.68256876864
20.414,1.11309883669649,-529.194181723964
20.4145,43.1851467240813,-483.523558262987
20.415,114.597637015871,-449.601474300872
20.4155,188.308545716651,-419.258942529719
20.416,228.841670411365,-384.757567768431
20.4165,225.623323969075,-348.404682345632
20.417,198.793258284898,-317.251694220829
20.4175,173.927250581205,-291.129949311055
20.418,160.746410793214,-262.62384955558
20.4185,153.927634769004,-226.511608889115
20.419,141.396214397231,-181.122314953072
20.4195,111.216732173429,-121.662008056114
20.42,63.2407496156225,-41.5428249011112
20.4205,15.483746261104,58.248550545523
20.421,-13.4637946999778,168.023644566944
20.4215,-28.6109027147467,277.435725734029
20.422,-49.8704569002652,377.360840779236
20.4225,-78.0733318638609,455.981702305277
20.423,-89.6843060625115,504.684294167034
20.4235,-73.0891477565037,529.48465593424
20.424,-50.6876768665091,545.820018542848
20.4245,-51.3731247080169,559.45148274297
20.425,-76.1132682955567,562.19866043601
20.4255,-105.559019055401,546.767780899741
20.426,-128.455058363703,512.524664858872
20.4265,-145.30196304497,456.265412758228
20.427,-154.24978461696,376.883885096931
20.4275,-152.7496042753,296.209390141613
20.428,-148.00451448266,253.995608589499
20.4285,-148.351053223266,266.921100057365
20.429,-147.386882731503,308.459569082448
20.4295,-132.451710420704,344.785646028773
20.43,-106.243447522966,372.579868069709
20.4305,-84.2434380878795,399.627721345937
20.431,-71.8968670454364,406.214034428118
20.4315,-59.39668673513,360.189031567617
20.432,-38.3406141698524,266.214698355736
20.4325,-8.22641809069115,167.078986625233
20.433,33.4259061485109,92.3420273804628
20.4335,90.2194244226434,34.8945400432766
20.434,152.660080657837,-16.1474835843397
20.4345,200.984178714852,-52.4698882056734
20.435,229.029746517609,-72.2784033158217
20.4355,252.425132897313,-99.6930128228239
20.436,285.72446462841,-153.699718224627
20.4365,322.375526640858,-217.003067045773
20.437,344.905758467685,-261.046734674014
20.4375,345.200488443725,-287.769703166875
20.438,326.558290614522,-319.830514129977
20.4385,294.363178368305,-359.37167958405
20.439,254.443658141202,-386.88023828837
20.4395,214.908214982475,-400.29474178037
20.44,179.716974384668,-426.658997394623
20.4405,142.556933360042,-487.271906763442
20.441,94.7104376541625,-573.286434072635
20.4415,38.8947772070256,-665.824956356167
20.442,-9.23092445216526,-760.86648533247
20.4425,-33.5064412444722,-858.623068064478
20.443,-30.180468993895,-940.327044815688
20.4435,-11.3116990164601,-973.728933810775
20.444,2.89253052500363,-940.951745873112
20.4445,-1.38727537728016,-851.15752036119
20.445,-21.6183634413292,-726.428544218016
20.4455,-44.3817630984802,-582.930749405883
20.446,-60.3283652897511,-426.444450273712
20.4465,-70.8011564274816,-259.122341441877
20.447,-81.7342086584625,-85.3808629801744
20.4475,-97.6601341152965,87.2790439619528
20.448,-121.100522023164,247.106738685314
20.4485,-148.311218802682,373.635644277615
20.449,-162.720409860107,440.773686954417
20.4495,-143.715932916387,439.779867546766
20.45,-92.0181935834909,406.001931517325
20.4505,-41.4852197738837,408.720493263778
20.451,-34.7982447698316,494.855506683069
20.4515,-85.6157164045336,640.735742337384
20.452,-169.80552142526,770.50049308093
20.4525,-253.571685789308,823.862008834398
20.453,-323.306831923293,799.054539752388
20.4535,-384.878277704362,735.505084767442
20.454,-440.034099602396,673.115687632682
20.4545,-473.35583797745,632.285927345094
20.455,-466.507559790667,614.174633387109
20.4555,-420.580057219592,604.211538219824
20.456,-356.944445094117,581.226789732848
20.4565,-295.603067347198,535.262440990798
20.457,-239.66046372618,476.378909534503
20.4575,-183.758112468151,421.857805049175
20.458,-129.377862103165,378.703791805188
20.4585,-83.7517744106039,342.597896184991
20.459,-48.4232005775622,308.336746612884
20.4595,-18.0007425511476,274.990819605769
20.46,12.0511326911338,243.036166620782
20.4605,44.8053696799134,209.750537001517
20.461,86.1967640651526,166.180071006827
20.4615,138.917316616123,101.147049467895
20.462,191.946348602756,15.4360517404968
20.4625,227.076804357999,-70.4015775785797
20.463,237.799497944903,-134.351974694176
20.4635,232.148408845585,-179.224149845527
20.464,216.4150054934,-226.084352506146
20.4645,189.36448765944,-279.481318546396
20.465,156.658730726064,-318.239796601933
20.4655,136.550789903824,-328.468468762578
20.466,141.616571086933,-325.202931602117
20.4665,164.688878197298,-327.719056806165
20.467,191.420422161097,-333.687402018285
20.4675,216.321182963221,-337.550562134507
20.468,236.631198712173,-355.816475466264
20.4685,242.897376941659,-406.639421392119
20.469,231.789190264861,-475.315573982742
20.4695,219.910594118982,-527.905039552969
20.47,225.99945943872,-551.360025131684
20.4705,243.544354734598,-552.128009482909
20.471,251.67466351406,-524.849818697601
20.4715,253.070778970672,-461.090026580331
20.472,276.910861344814,-388.669791480032
20.4725,334.238193521156,-358.114033153097
20.473,390.37336315166,-374.964214258434
20.4735,399.08816676222,-382.562961662091
20.474,353.75267985417,-332.656540788585
20.4745,288.393456613776,-241.076276583362
20.475,234.781778460872,-151.299622600822
20.4755,195.014671253825,-77.2661121039713
20.476,153.259373209284,-14.6138320637646
20.4765,96.6053197715106,22.6202005928998
20.477,21.1121360593669,21.7886003797679
20.4775,-67.581342928053,10.6025443977943
20.478,-151.986510754533,27.6372205546352
20.4785,-211.298932589456,57.6014806710781
20.479,-240.670718738852,41.4468072747805
20.4795,-256.099163987005,-43.8359306318329
20.48,-274.159088349237,-156.820675534714
20.4805,-293.137079935262,-252.908162588894
20.481,-300.778569186501,-332.233603096426
20.4815,-294.457323025951,-405.395580203498
20.482,-284.981667668028,-447.419195845799
20.4825,-283.843920033739,-418.787133671516
20.483,-294.152356839001,-313.670912491534
20.4835,-310.447720695487,-159.286055728332
20.484,-319.154111380624,19.3866295344053
20.4845,-302.942052789229,207.509971503584
20.485,-255.93094000306,382.117338701804
20.4855,-195.227010377489,514.618635265281
20.486,-148.551620512959,595.242463862516
20.4865,-129.187215325644,639.050997166364
20.487,-129.155468330629,666.211105892398
20.4875,-133.621670177489,686.037254000166
20.488,-131.003800852278,695.460223317949
20.4885,-111.654129283951,680.916592832167
20.489,-73.1926843322173,628.07795414555
20.4895,-31.2229923403255,545.050151644441
20.49,-10.0835859774752,470.733615184049
20.4905,-16.8469365463684,441.560186039005
20.491,-37.4834864763222,449.683044276809
20.4915,-62.4050408884404,449.926887889855
20.492,-95.6096569265019,409.086982429118
20.4925,-127.830104261658,333.896668531787
20.493,-124.656991514391,251.176661358224
20.4935,-66.6598281551617,179.758827583288
20.494,11.7128101374007,127.04235839383
20.4945,51.3014144727746,93.9685731443431
20.495,32.8141754205929,71.0623089697221
20.4955,-10.6824995620578,41.7696041499124
20.496,-41.2616166818693,2.0519860206483
20.4965,-49.6669075237344,-30.812559421409
20.497,-42.8146840727168,-38.0190360457238
20.4975,-28.8759268180725,-19.9737731715467
20.498,-22.2060131972513,11.1917398059597
20.4985,-34.0092164216718,49.7452828219184
20.499,-45.4518648292612,93.6003257621716
20.4995,-17.6132074989971,130.151080612726
20.5,54.3831599296496,142.024618081336
20.5005,123.389478071647,129.187623502073
20.501,149.047397099249,113.80688152145
20.5015,149.6954942572,118.949587862549
20.502,165.131877310041,148.042827212243
20.5025,188.893731424131,184.401643253869
20.503,179.370129918619,202.011033380094
20.5035,130.380130219434,176.575498302141
20.504,85.6869661615395,97.8437181367639
20.5045,77.3967227035456,-22.7725657215775
20.505,92.6054855687161,-164.29943698091
20.5055,118.520177131194,-321.755568292577
20.506,180.298496008339,-512.769163213277
20.5065,298.934117185209,-751.037191604873
20.507,434.216351024387,-1017.2004715209
20.5075,509.379195495627,-1262.21148892781
20.508,489.383162063898,-1434.3766657349
20.5085,405.983313791013,-1496.82590582755
20.509,306.40240742237,-1431.36597143994
20.5095,207.115893287323,-1251.2237137689
20.51,107.096228339643,-1017.55084562753
20.5105,20.4206025725693,-819.315497707521
20.511,-27.016338011,-708.068509154357
20.5115,-27.7095866435062,-649.759968721165
20.512,-5.55001872120436,-557.967879884775
20.5125,3.1252187067248,-382.082798246903
20.513,-20.4736119918541,-153.505779308732
20.5135,-61.968351669311,58.1957424754864
20.514,-85.7416435433591,219.521656556901
20.5145,-68.4422798647511,351.965955195961
20.515,-24.5132293651429,490.892206993165
20.5155,5.73156568556424,649.195629166473
20.516,-4.89828817890815,821.390226787194
20.5165,-48.4455357114523,996.905045493928
20.517,-97.8021737974555,1151.07242922812
20.5175,-133.811632098151,1237.27788971024
20.518,-153.022343215078,1215.06580666973
20.5185,-161.710417527723,1091.95240122355
20.519,-172.929159316328,922.213064750885
20.5195,-200.513757583798,757.19237420793
20.52,-242.343145381627,609.031162868936
20.5205,-273.463623563642,470.953720433939
20.521,-268.830523117913,355.702322535822
20.5215,-232.024902494035,289.5509041032
20.522,-190.476065985485,269.532705156897
20.5225,-163.409529850645,250.307983536294
20.523,-146.521413463219,184.716317732075
20.5235,-128.117871837739,63.169744359638
20.524,-106.121556476739,-97.8941975456051
20.5245,-85.2181005824905,-289.989878184224
20.525,-70.4197263056237,-512.57269972583
20.5255,-69.8307865382166,-744.746918202513
20.526,-91.4870295133729,-941.731492401542
20.5265,-128.373052347846,-1066.0353818457
20.527,-156.860733995028,-1105.87837253235
20.5275,-160.965258885506,-1058.36197602171
20.528,-150.248834199786,-916.097285300918
20.5285,-141.840590283926,-685.894995472528
20.529,-131.299166987896,-404.99114073104
20.5295,-96.1078479307502,-117.611630451937
20.53,-26.8524090959096,157.770618486581
20.5305,58.2078659880681,418.635592391211
20.531,131.351347134331,641.795774949563
20.5315,177.614592583124,782.679957073261
20.532,196.916657639486,819.350586143188
20.5325,195.553100340212,780.171505068166
20.533,182.951162710514,717.754525616639
20.5335,170.924793364706,666.460015311759
20.534,167.486436691375,630.86648555395
20.5345,169.289377480353,598.221966256041
20.535,161.810616672545,545.415165196512
20.5355,129.567791507165,443.380596984069
20.536,70.8322028394316,276.381679043874
20.5365,5.11199813698812,62.9084668096196
20.537,-37.9732138058212,-150.807424676036
20.5375,-42.8159447865895,-322.232284268807
20.538,-20.0916342772975,-437.32369886261
20.5385,7.38504248254809,-509.539665234892
20.539,27.1731494887168,-559.869530891142
20.5395,42.1385509449732,-593.557042674002
20.54,59.4454148343829,-591.4402923697
20.5405,82.6483397253251,-530.719057440404
20.541,110.719420081261,-420.470786544152
20.5415,136.257281816308,-305.719725874596
20.542,147.49627013223,-222.149659156957
20.5425,140.762251191312,-154.789119590304
20.543,127.837759786454,-61.4766656451638
20.5435,121.01624102836,64.9907923536105
20.544,113.965423328597,181.336619626813
20.5445,90.1047866278473,245.879373060108
20.545,49.1996340366745,264.056604793101
20.5455,11.2953961323569,270.781292004259
20.546,-8.90852292757294,288.777079367918
20.5465,-18.4934197963493,323.435536815176
20.547,-31.8567793359405,381.460145124175
20.5475,-51.6542049671639,466.011363934781
20.548,-72.067284201722,557.173306193704
20.5485,-92.463088266362,621.844425572419
20.549,-118.385145413599,643.713267354976
20.5495,-150.943444246499,621.705044047583
20.55,-178.860659523281,540.095396339686
20.5505,-180.815773263923,372.899358480477
20.551,-141.558525333495,133.91447086339
20.5515,-75.2796751374673,-103.347135718036
20.552,-27.37767648357,-262.544548707406
20.5525,-34.8548038549006,-332.110111845973
20.553,-82.5110334358496,-357.975079096951
20.5535,-115.640093731777,-382.176861814944
20.554,-100.578881543607,-413.708027603211
20.5545,-54.1384440621451,-450.643751865611
20.555,-7.78082806213905,-496.20065629508
20.5555,31.151705735864,-545.580195349528
20.556,65.2304197750992,-585.00079505247
20.5565,78.7501921417931,-617.330747891393
20.557,54.9240795462216,-666.581248467168
20.5575,11.6633582609274,-741.733716520461
20.558,-10.1158189195319,-816.320065872672
20.5585,5.70703864671761,-861.75301246844
20.559,38.0567556841421,-879.846620938965
20.5595,64.6471427715772,-876.491956651266
20.56,85.4382758167295,-822.267192405095
20.5605,104.496233110165,-679.691711306865
20.561,113.056062368706,-468.816583736653
20.5615,104.71012430373,-266.246441321154
20.562,90.6334631673457,-124.427653383945
20.5625,84.1387351717268,-20.1564481073508
20.563,81.3172254495651,100.757869351589
20.5635,72.8780132906147,254.609999440669
20.564,68.6354799692705,418.42503052709
20.5645,92.9042934628168,574.214703228363
20.565,151.844303665963,721.502084232227
20.5655,213.494010776006,854.703150398414
20.566,225.445548498406,959.857532309445
20.5665,154.913746949148,1034.25200642846
20.567,17.7303992210921,1081.83235299427
20.5675,-127.823037675604,1085.2792812982
20.568,-221.040130470667,1011.76264793506
20.5685,-242.1060529653,861.885277306855
20.569,-220.958897268161,691.968576718501
20.5695,-205.518178694627,565.176935982574
20.57,-222.729132919347,486.686085179822
20.5705,-266.640408396066,403.493969251276
20.571,-313.095512454994,267.401390498051
20.5715,-337.527215372415,88.2767078205974
20.572,-322.7271025934,-73.3391475577889
20.5725,-262.593618015056,-158.046309060086
20.573,-168.74917171576,-153.661919158182
20.5735,-73.1430854040751,-99.7677248723059
20.574,-13.5211855947877,-52.3076484834861
20.5745,-4.41542483941526,-42.9347550110748
20.575,-21.0834391688229,-68.8700789627686
20.5755,-21.3513340343841,-113.429901870782
20.576,11.8206209817533,-167.255774130238
20.5765,56.7352036053592,-232.314950662493
20.577,86.0622668953249,-317.051658324405
20.5775,101.717385497421,-429.154134853579
20.578,124.53221752671,-561.728855062558
20.5785,158.594184093198,-684.605014183443
20.579,185.607503352056,-763.239646138067
20.5795,194.297631415478,-791.500743979026
20.58,195.219847743535,-791.8502359887
20.5805,198.46354327301,-777.674193107237
20.581,192.61499304205,-734.132515149218
20.5815,159.544033665841,-646.849626305104
20.582,102.535067565717,-526.46122576503
20.5825,47.2543875165408,-383.073703655165
20.583,16.5728890093836,-198.09026673796
20.5835,12.0349449953611,42.4059694182611
20.584,18.4366604885106,294.212263232854
20.5845,20.2776967850981,475.879986721826
20.585,14.0762840782569,552.018456612109
20.5855,8.7243274277038,563.811302287875
20.586,14.4415007364194,564.333762489463
20.5865,31.454171640997,555.210928166974
20.587,51.8546621236295,508.479857485195
20.5875,70.7735714596707,423.349836531722
20.588,88.5486510785087,328.606903823992
20.5885,100.812626569874,241.308129380944
20.589,95.6905937984334,154.187272533927
20.5895,66.8801271779261,62.3441871714165
20.59,23.7864866337968,-20.8462511336918
20.5905,-17.1845121187405,-75.1209111227144
20.591,-46.8108571069583,-84.1049929593836
20.5915,-63.2165235462171,-39.93427979392
20.592,-63.6229249484421,40.8854034075215
20.5925,-45.14691827309,108.49610329921
20.593,-13.1535029628541,113.917173071625
20.5935,18.6830484734978,62.018851294547
20.594,39.3178122679158,11.3364678043948
20.5945,48.4323637539992,11.1800113548056
20.595,52.3378257916342,56.0010294849808
20.5955,53.5233108856188,112.894639465582
20.596,45.9844699172739,173.239394901267
20.5965,22.3797183015766,251.841598003492
20.597,-13.6872386615513,342.53115231505
20.5975,-45.6800387797231,404.532148101106
20.598,-58.4730964277579,405.620651855902
20.5985,-53.3815590926751,362.910730998946
20.599,-45.1750727041348,323.090460784318
20.5995,-46.9074319412349,307.368906835607
20.6,-63.2395214526119,295.248691479224
20.6005,-94.0068523201287,266.231918450775
20.601,-132.545938181257,234.129054029083
20.6015,-160.71436639555,218.166300415971
20.602,-159.825070147391,193.941281503638
20.6025,-132.897347191902,109.241758993541
20.603,-105.810489174686,-43.3950765888544
20.6035,-99.4450364707704,-201.908311974582
20.604,-109.365859881442,-302.837825342526
20.6045,-119.379195899009,-349.296123693804
20.605,-124.442675233215,-384.747197296367
20.6055,-129.700458489204,-422.604535132615
20.606,-135.303551444317,-442.107272250121
20.6065,-135.204015509646,-443.201366195595
20.607,-127.087723651308,-456.908511895624
20.6075,-112.548877197675,-491.539487387836
20.608,-90.9588124038431,-509.800091962281
20.6085,-64.302723819039,-480.959069032313
20.609,-45.2299760217128,-427.31231946312
20.6095,-47.3900594912779,-396.240828029016
20.61,-66.1483865533804,-407.002501144447
20.6105,-78.3550007403895,-446.259504764559
20.611,-63.6516237244791,-498.957311070071
20.6115,-20.8824351316131,-561.662011813633
20.612,34.0026592428063,-634.430205570414
20.6125,78.3104526240581,-711.837997802024
20.613,94.844508194095,-769.997900004756
20.6135,87.07306537168,-758.725027035354
20.614,83.1760263832712,-636.337944151769
20.6145,112.107083533129,-430.642424428675
20.615,170.614113453855,-235.327413214481
20.6155,223.393700418856,-115.520665266554
20.616,240.601405491046,-39.0178964801515
20.6165,226.932619123002,66.8162095684807
20.617,209.993139862866,213.047510750067
20.6175,210.522712685879,347.810588939893
20.618,231.114163964679,443.605848053234
20.6185,263.970657499839,533.833500524909
20.619,297.136885772855,654.547050005464
20.6195,316.220722032677,790.658803303264
20.62,310.947835152764,894.579540611933
20.6205,282.118509076961,929.100874007942
20.621,238.18219793468,881.64453049929
20.6215,186.621669386152,765.640113447214
20.622,131.959883207568,621.3560081735
20.6225,77.0766778393661,489.814330772147
20.623,19.8267226379196,371.682169111525
20.6235,-46.6536725181202,233.296393901147
20.624,-120.819271085784,63.7556074826328
20.6245,-183.860245364466,-98.1233840182512
20.625,-217.160377885504,-205.657259728323
20.6255,-228.549413611888,-247.427837597239
20.626,-245.544184460725,-233.804398772108
20.6265,-276.567944308893,-169.091286596976
20.627,-294.609759176852,-63.3463998358018
20.6275,-272.643624074813,47.6660730738671
20.628,-223.289878128289,125.706303092787
20.6285,-183.434538900059,169.431692478015
20.629,-163.231805355274,210.943870221039
20.6295,-132.529495673105,276.712340794262
20.63,-64.3322789585029,365.655757628693
20.6305,25.6359469402436,458.726950404938
20.631,94.2777497441697,534.963086834426
20.6315,115.297778496893,582.572027989808
20.632,97.6271477374816,606.257272586256
20.6325,69.0252185492786,618.929048579152
20.633,52.7181222979125,617.33672497582
20.6335,52.5164923653667,574.585411793324
20.634,48.0746318058426,468.65180026617
20.6345,10.138451116833,311.886412544259
20.635,-66.2356928786255,141.892428036448
20.6355,-146.98202325604,-10.3795782334588
20.636,-190.309554486713,-134.84074555676
20.6365,-190.16715249057,-234.579508496056
20.637,-176.276488588873,-317.590635712032
20.6375,-175.204981972999,-391.745676336459
20.638,-187.793478366564,-457.193079334662
20.6385,-203.271181012722,-505.862423261633
20.639,-215.456642709978,-534.37354046695
20.6395,-219.481696244844,-552.763885462725
20.64,-208.676084738159,-575.004290223938
20.6405,-181.723291067933,-604.242933823068
20.641,-141.118067232153,-628.010485907727
20.6415,-82.9416147907947,-622.515140942543
20.642,-5.14397021128157,-567.236969957106
20.6425,71.9163782981552,-469.455954723571
20.643,117.286086733072,-369.582444424639
20.6435,132.379155029122,-302.275264889057
20.644,158.364292383465,-256.648381563482
20.6445,222.933084150818,-201.873501587544
20.645,300.170281680709,-147.589672137686
20.6455,346.08775249952,-136.408678552471
20.646,357.255329998674,-166.261563749783
20.6465,366.049014093679,-169.089973278468
20.647,387.095378828543,-98.1176386398787
20.6475,398.21727090679,2.51570478306065
20.648,374.027394014959,55.6260308092607
20.6485,313.492890389871,48.5910224136971
20.649,231.576959128548,27.5165252821615
20.6495,144.556041528379,17.1890663207521
20.65,67.4601595704584,1.66903853035139
20.6505,8.7892073249687,-22.5228084458534
20.651,-35.7791032019381,-28.5110432918216
20.6515,-72.5603924745279,-4.71084295202053
20.652,-97.4637958979972,21.1802404238317
20.6525,-110.628619840602,15.3197803569878
20.653,-133.702158932684,-34.7873658661867
20.6535,-185.247125955658,-129.937562587195
20.654,-243.32265012192,-261.209376473889
20.6545,-265.607616774593,-391.269793944209
20.655,-248.941919828056,-465.486444957217
20.6555,-231.919593028157,-459.833355483596
20.656,-228.841868810188,-399.86268801302
20.6565,-202.963558424789,-324.230513153238
20.657,-129.164887799568,-249.463551060966
20.6575,-44.8968808013544,-175.727200154641
20.658,-1.69856058373679,-101.752807740944
20.6585,6.53390072569563,-20.5644864126752
20.659,23.5936552755259,82.8219576092669
20.6595,56.7989662121159,217.551561056761
20.66,71.0836709780912,376.782630877138
20.6605,52.8247375178489,537.209191348802
20.661,30.941026041822,656.998145672209
20.6615,25.1303969694599,690.173129263819
20.662,16.475147237826,633.081243749058
20.6625,-11.2444203588821,548.079498563107
20.663,-37.721332246099,505.318709062743
20.6635,-41.3014337887649,504.271351089593
20.664,-40.9181357746317,491.349569993572
20.6645,-69.8900498781467,451.51221684122
20.665,-123.060348622487,430.360282436842
20.6655,-162.713122545964,453.970486151927
20.666,-170.888592937794,480.984226301496
20.6665,-164.446856200799,462.24996374905
20.667,-155.950932189603,403.194707767355
20.6675,-128.858652279425,332.857163042404
20.668,-64.8687630523395,250.117929382445
20.6685,23.1056167613762,142.205528662237
20.669,102.28476124481,27.2956774590178
20.6695,156.145640402614,-65.815263594922
20.67,195.318517096032,-142.150335623135
20.6705,235.060504539625,-224.061764654492
20.671,273.35013712142,-303.97480369349
20.6715,294.421739991914,-352.406471240776
20.672,288.036667192425,-364.030705180824
20.6725,259.809648986405,-359.034789557488
20.673,222.283280135847,-343.795779768997
20.6735,180.408425278069,-304.748262043996
20.674,131.511315263295,-240.578959164945
20.6745,78.5182892844551,-170.686764670338
20.675,33.5213790537539,-110.278612550106
20.6755,2.89121251712575,-59.9940147850995
20.676,-21.8982301171362,-16.8963369019139
20.6765,-48.5890131256258,26.8411267076443
20.677,-67.7206890866297,89.2906070287934
20.6775,-67.688087128034,176.676755832122
20.678,-61.1570569946153,261.649577439858
20.6785,-74.5018376318469,310.503476559237
20.679,-107.982201937381,326.062634148338
20.6795,-130.582738294669,334.571949882015
20.68,-126.466509904595,337.581223068323
20.6805,-123.516697434088,314.312208919129
20.681,-154.037907626662,271.263193204326
20.6815,-204.548396779022,246.405013680423
20.682,-233.892342054295,250.429561560123
20.6825,-232.37106159136,240.972949810174
20.683,-228.517917249675,177.615454788854
20.6835,-234.390191948142,75.1060984723566
20.684,-219.462385208371,-22.3565463924105
20.6845,-156.610675846043,-98.8357044997916
20.685,-68.7417730960776,-172.013326733445
20.6855,-5.54942843360928,-253.468833575639
20.686,12.6363972691326,-330.341449407068
20.6865,6.24849434166193,-385.20511915991
20.687,1.22404385088888,-416.166933219767
20.6875,4.89757666792824,-436.499833965773
20.688,14.6012867443267,-466.985006157705
20.6885,29.8720097859997,-528.597648232913
20.689,50.820723737734,-629.162377651343
20.6895,75.0947683345368,-749.239582146718
20.69,99.6395666674433,-845.632332124623
20.6905,120.258230317594,-877.745290594186
20.691,132.208604519048,-835.96809249736
20.6915,137.600209310717,-742.428274834123
20.692,146.813003351725,-619.441842286529
20.6925,164.472944792296,-463.074116739665
20.693,180.739928925931,-263.123131876892
20.6935,186.263146424211,-48.7062732831195
20.694,187.687628267218,112.83758412045
20.6945,196.201763198324,180.668418663784
20.695,210.246430859647,183.686965448539
20.6955,225.593643175938,173.480475615358
20.696,251.545687522479,152.109211589378
20.6965,292.33559442144,85.1072344479216
20.697,317.389686844738,-20.773182940435
20.6975,280.566805504506,-101.399037538787
20.698,176.008964466578,-111.763692233078
20.6985,50.1456359936367,-78.5936689197695
20.699,-51.1267722552905,-51.1497961524359
20.6995,-123.889724387794,-32.1945961723097
20.7,-183.817363347621,7.18888055284841
20.7005,-228.723411309408,66.8308129630833
20.701,-245.866598250662,115.573684835773
20.7015,-239.749541205641,145.459950853492
20.702,-227.719470931034,185.701930296002
20.7025,-215.13322641661,250.927163703476
20.703,-195.061231067855,308.15083153686
20.7035,-167.758066998297,318.183863883156
20.704,-142.041431990784,292.28607916339
20.7045,-119.624861290618,282.940372219546
20.705,-93.8084871490924,322.182597510131
20.7055,-62.6732599332639,387.114009335839
20.706,-30.9042638309636,427.604468287628
20.7065,-0.870721899861733,415.367008339245
20.707,26.2822058676906,364.849404397619
20.7075,44.6124101842465,319.638750434502
20.708,51.2822157908633,323.029588933775
20.7085,55.6666560542425,387.6249400821
20.709,65.10975729905,481.77473754588
20.7095,65.0466534043494,553.192514490562
20.71,31.6239158763086,575.993529256763
20.7105,-34.5584144466307,566.928227700778
20.711,-103.777155069558,546.874016301588
20.7115,-148.989923867462,504.516703206982
20.712,-166.988988965744,423.476899770409
20.7125,-165.629896176876,332.547162586584
20.713,-149.322394596899,288.001919414135
20.7135,-126.57256604383,299.915853865382
20.714,-115.395808387813,316.96798015848
20.7145,-126.028222941571,302.710976804757
20.715,-146.551762716051,285.60064862074
20.7155,-158.65315340139,300.213407196673
20.716,-162.189841839753,317.011506105679
20.7165,-171.839895904098,283.390563962625
20.717,-192.026399438888,213.837674183275
20.7175,-207.017941603973,177.012061448165
20.718,-197.746936543969,191.44340151707
20.7185,-160.604901419042,192.182085074261
20.719,-106.753418986492,119.118273702718
20.7195,-48.5684729503129,-9.35781823971992
20.72,7.79530644715451,-135.978223131621
20.7205,57.431528601823,-237.492100103888
20.721,91.4919764275994,-326.291207736759
20.7215,105.734371349607,-409.918003862439
20.722,115.143624364863,-484.252650403701
20.7225,147.9288671769,-549.260248884601
20.723,212.937689240149,-603.567379919311
20.7235,279.10691468291,-639.773626222217
20.724,303.84454530346,-669.752429410863
20.7245,282.316509827903,-735.030924590448
20.725,251.281703088301,-862.312347222936
20.7255,239.343292141539,-1023.28291965505
20.726,233.546430546841,-1165.9762100695
20.7265,209.23333007159,-1268.0187263623
20.727,175.462484074857,-1325.19401013171
20.7275,166.800720287135,-1306.07023103893
20.728,196.365213698697,-1168.34758343391
20.7285,241.831163239776,-924.605837309019
20.729,280.368172313209,-652.064490640674
20.7295,314.425525435627,-425.828109854168
20.73,352.734171856827,-269.106075529833
20.7305,383.930227209719,-169.229336433418
20.731,385.157868096275,-104.325361625642
20.7315,347.684316159618,-45.0567398116576
20.732,280.084703655095,29.2269755501931
20.7325,193.149698499653,95.5306170341682
20.733,96.9914053351918,103.434340438949
20.7335,9.50021753318258,51.0762340148191
20.734,-49.8524178442083,10.5023997105783
20.7345,-79.1546239037671,41.7946230910907
20.735,-95.7033949961444,109.954765094955
20.7355,-114.122579328723,133.845973265976
20.736,-132.0510068142,103.921730249885
20.7365,-141.388562347024,99.7101848470851
20.737,-143.45573192347,186.433427391116
20.7375,-146.404476443367,341.245700785905
20.738,-156.543462048372,498.467334224938
20.7385,-180.383418415105,626.3520303262
20.739,-226.629129143723,728.550938398433
20.7395,-293.670629402816,798.735672293584
20.74,-358.579483072813,815.983888229874
20.7405,-391.038765529162,781.551313350388
20.741,-380.275014688583,729.883907072209
20.7415,-342.010673349022,696.987429318769
20.742,-300.5195800048,692.856247209209
20.7425,-271.186366960524,704.103043495117
20.743,-257.651944627093,707.942912051731
20.7435,-254.94397399299,685.252246987029
20.744,-254.001288299733,638.427761947909
20.7445,-250.959251964463,598.920355320192
20.745,-251.402540734169,599.383700597924
20.7455,-257.662107702058,631.953623111623
20.746,-256.577694515977,648.354739816093
20.7465,-234.201350925046,608.142627653128
20.747,-200.091951595345,514.617806570358
20.7475,-176.886763596339,398.009650699526
20.748,-162.225228934877,279.051813693275
20.7485,-124.561392067208,159.742721882989
20.749,-49.9304085437696,37.0108824555178
20.7495,28.0911432924396,-87.3897974205391
20.75,66.3017769671348,-201.449141430609
20.7505,65.9840090252108,-277.30918525225
20.751,64.9828991500533,-284.032583756227
20.7515,83.4114886155325,-221.948250585759
20.752,103.909606925228,-135.6265525702
20.7525,106.681139628696,-76.0434316608149
20.753,98.5006673350594,-55.533228865796
20.7535,96.646734293729,-54.4032974592219
20.754,101.382720514623,-61.8154657198289
20.7545,97.3779436587801,-87.2621752251614
20.755,74.3175857970248,-134.976768740123
20.7555,38.1354450916729,-191.447159739055
20.756,7.7871226224821,-242.926053757079
20.7565,4.86134498204626,-287.912634625966
20.757,38.7045725442189,-331.353290042029
20.7575,97.1526602918138,-386.310963973496
20.758,157.464577483015,-481.65033918726
20.7585,208.073813292676,-640.556982327318
20.759,253.24886749875,-840.017976141426
20.7595,297.807063522745,-1013.49356704779
20.76,338.801106656511,-1107.20007544795
20.7605,374.006327765703,-1115.85765590262
20.761,406.277271368492,-1054.68876166322
20.7615,435.465108407385,-927.165637470275
20.762,457.59546081687,-746.570508814401
20.7625,476.107827361682,-563.840426190178
20.763,500.268165367027,-431.092920077106
20.7635,525.056936393121,-339.680735056368
20.764,526.11733590513,-230.373569945128
20.7645,486.297787217717,-72.2575075451885
20.765,417.822658458915,99.311806738283
20.7655,346.281156849961,237.674726985231
20.766,279.220759435673,349.528238281251
20.7665,201.169909106464,474.567207065957
20.767,93.9125253366927,608.535626106968
20.7675,-48.0307487408698,678.074023526969
20.768,-214.949301746119,609.285856238859
20.7685,-382.033027005974,413.298341020597
20.769,-515.484357599508,188.481046080231
20.7695,-591.528155826537,33.2103350876484
20.77,-611.385994914261,-36.6004205279788
20.7705,-592.957516839123,-79.4507994463291
20.771,-552.84827926234,-149.877036520241
20.7715,-503.255996390627,-244.650431209671
20.772,-456.630394498234,-323.190801374276
20.7725,-417.264799850668,-356.492054281202
20.773,-371.172463207286,-342.90040825957
20.7735,-301.240035485225,-294.263331586833
20.774,-215.079616277646,-228.542435702994
20.7745,-142.992780622098,-166.983651854217
20.775,-102.17967047167,-113.822396870641
20.7755,-75.6056490367295,-39.0469958451149
20.776,-36.2716109550943,94.6726865024689
20.7765,15.7969200472981,279.849598315141
20.777,52.9681563649689,458.082841297181
20.7775,54.4287349453759,578.699023184559
20.778,29.9059928235171,648.979090243464
20.7785,4.65684153729733,709.501287142554
20.779,-11.7929563068929,769.958312277185
20.7795,-32.2873871909377,794.060674155315
20.78,-67.5230133110197,752.465031076887
20.7805,-106.150855385643,668.163099469185
20.781,-128.592566447547,589.522261947723
20.7815,-133.945291241316,527.320863685582
20.782,-137.642055247735,444.684466414847
20.7825,-141.403972615284,316.324650128483
20.783,-123.005967896331,173.02611475585
20.7835,-65.81371121083,65.4719772450153
20.784,14.9271418814487,0.200205268012348
20.7845,89.4947330152353,-56.0455162677234
20.785,147.970308607626,-113.049455599324
20.7855,199.932383066281,-138.459855250946
20.786,244.784091069167,-114.005280112597
20.7865,262.687016270697,-69.5062847344397
20.787,239.778929693393,-31.4065364844653
20.7875,188.365373070918,28.6085917906907
20.788,135.398458432185,148.003565938371
20.7885,99.8083785103764,294.578281642756
20.789,85.1633401925947,385.855635406335
20.7895,84.3163865244609,386.575457552113
20.79,83.6203264375075,336.77672664733
20.7905,68.9789641391126,274.677415662294
20.791,36.3768444487845,186.626720120927
20.7915,-3.66639012320797,60.9351482298419
20.792,-34.8040523827849,-59.1565545214378
20.7925,-47.3395249953144,-125.605693768103
20.793,-42.8131569502269,-160.109641292849
20.7935,-30.0290465688323,-224.88169969237
20.794,-17.144623933328,-328.606700435098
20.7945,-4.83544740414013,-411.036664354758
20.795,12.6423242545998,-424.162130281847
20.7955,38.1945708641074,-386.219171572079
20.796,67.0930127505653,-346.083176748408
20.7965,94.4288076418829,-332.011567484345
20.797,121.701139283483,-348.478231867885
20.7975,150.051307623558,-386.449170320332
20.798,173.369892493382,-416.065249897296
20.7985,187.261375488582,-402.596447849459
20.799,198.656440535849,-357.894905388563
20.7995,213.699836756665,-349.009524721213
20.8,220.345405951029,-421.75200494726
20.8005,199.313635577115,-534.244369921169
20.801,152.68710716443,-601.936584792283
20.8015,104.961918350088,-595.66082327594
20.802,71.6235376136943,-556.893937296094
20.8025,42.5183955306334,-523.661716975245
20.803,3.15833339637552,-485.693410927229
20.8035,-43.3331101940075,-418.392146345636
20.804,-87.0995781040917,-320.403395476215
20.8045,-131.345078483886,-204.934352039726
20.805,-184.283431397608,-91.4148690806038
20.8055,-235.113414008612,-21.3546515489405
20.806,-253.005296243043,-39.8481310155814
20.8065,-215.185354449978,-130.204349633426
20.807,-132.961805206097,-202.09943428376
20.8075,-49.5425844022489,-186.276776176248
20.808,-10.8676696977477,-117.735915602043
20.8085,-30.8293142404815,-80.5460765043626
20.809,-79.917899349269,-86.9602857767906
20.8095,-112.559542624079,-63.091334505494
20.81,-110.419222948912,48.6130924333456
20.8105,-96.077977731538,224.520610392629
20.811,-102.44688664006,404.765675857272
20.8115,-134.603041294301,551.986239167207
20.812,-165.725200976954,645.634139882166
20.8125,-166.298158451473,666.072181619931
20.813,-133.609386073056,622.473466194665
20.8135,-94.7038460125788,568.744407196132
20.814,-80.789989717687,553.621675097369
20.8145,-96.1338005896017,566.475830036298
20.815,-115.233541857533,558.098521734689
20.8155,-115.273553244776,502.682770136542
20.816,-103.322472423669,417.305815856612
20.8165,-99.2116590256025,334.796629429879
20.817,-99.6281867113459,280.330350929735
20.8175,-80.7213485758165,260.095163519024
20.818,-35.5865172028166,248.584167559886
20.8185,15.1515211519456,201.862491474662
20.819,55.5613599742584,111.27111721702
20.8195,92.1566896874497,31.4639365234887
20.82,128.757483765584,24.5237883464346
20.8205,149.310485148758,84.622510629049
20.821,143.518281760965,147.875285923522
20.8215,127.044596180374,167.738308888594
20.822,114.936314288554,146.838291677267
20.8225,96.691529541824,103.145470225968
20.823,64.4810740721625,49.7285202071024
20.8235,45.1463978218665,12.6472451098898
20.824,66.5167162771575,23.065055345096
20.8245,102.587374634165,72.7080988171479
20.825,94.9337462429725,113.743603838755
20.8255,32.6156617417319,125.757425972515
20.826,-26.5990529268455,149.671646145398
20.8265,-26.4727052145043,223.926780735309
20.827,26.6051208559892,311.982031066506
20.8275,86.3651119742843,332.895694043836
20.828,121.792408698894,257.106007141715
20.8285,129.210323620816,138.186181312314
20.829,111.849834411925,45.6635236921995
20.8295,74.49380681511,-8.75116776910402
20.83,31.4215774754681,-68.3520543822845
20.8305,0.644057571071119,-170.696613216694
20.831,-8.87453247725091,-303.083894839839
20.8315,2.74340937436118,-416.751923208961
20.832,30.847135543195,-478.216594503504
20.8325,63.7876353622753,-500.824646237694
20.833,87.2183775930991,-524.512513839174
20.8335,100.37181556221,-573.973773195485
20.834,116.998055417701,-647.366658049254
20.8345,140.237436762147,-735.525132424568
20.835,149.74096733235,-826.599970963681
20.8355,128.013715068005,-889.398591325636
20.836,87.840164056835,-881.90101807202
20.8365,54.9339413676629,-794.672292493118
20.837,30.5255722785908,-666.328727624517
20.8375,-7.57826687532564,-534.725631800789
20.838,-66.9264033289654,-386.69599273726
20.8385,-123.472995441826,-179.694842489458
20.839,-149.373933431035,94.0198112550727
20.8395,-143.116093190361,386.55439219347
20.84,-122.147461363642,633.308860501019
20.8405,-95.8149532585893,793.020932672919
20.841,-60.2241096612822,855.298553469824
20.8415,-19.4843114832128,836.762072783175
20.842,2.01796015725656,776.96066717119
20.8425,-19.5074346961635,715.080709142784
20.843,-75.7590015655638,654.116138234988
20.8435,-127.407913672293,556.783507182052
20.844,-142.53115647361,387.860461038459
20.8445,-125.472179841913,156.725880325918
20.845,-99.2382055782019,-86.1511156365974
20.8455,-69.8222102650338,-288.213703382656
20.846,-25.7187758596046,-426.768893210756
20.8465,31.3932830998976,-511.250127005065
20.847,78.7947161957685,-562.084674402093
20.8475,102.07149120709,-585.499045667852
20.848,112.41113542866,-568.264943278732
20.8485,122.607427398134,-502.927292136266
20.849,122.192629686537,-415.528546720684
20.8495,93.2863529302881,-351.06661829919
20.85,41.6541782418075,-321.704186696229
20.8505,-4.59772448666168,-284.974810469632
20.851,-23.6042484031932,-193.964356561412
20.8515,-16.0413067126806,-63.3786839387767
20.852,1.08868601627054,38.3891872976351
20.8525,5.16714478283302,67.6802192897166
20.853,-21.7407872433325,53.7117899261559
20.8535,-79.4681354556567,56.1889599826294
20.854,-147.486437200816,95.8159943415208
20.8545,-204.514117604897,149.727237940257
20.855,-247.092380438245,201.545213037151
20.8555,-282.069455817047,262.125816296958
20.856,-308.750352560784,337.745670509173
20.8565,-319.532317823678,408.719234845427
20.857,-311.441389768363,454.410489251395
20.8575,-284.923229176732,477.115345043696
20.858,-237.510837051062,483.572840209436
20.8585,-171.754236204585,462.166415097039
20.859,-103.248840260386,401.861776337265
20.8595,-45.9693004925105,321.241194763053
20.86,5.82733583464652,252.966069046599
20.8605,66.6157782419962,204.224201260694
20.861,135.895178279866,155.577777408731
20.8615,201.438204094178,96.7383022425005
20.862,259.707024756423,40.9779743658191
20.8625,311.799580463885,3.63240584683496
20.863,341.893503637481,-11.6816983971811
20.8635,325.123840691074,-2.27252144625732
20.864,263.125109824731,37.0500945219287
20.8645,191.181750291486,100.177186469764
20.865,140.978521404952,169.553805891605
20.8655,111.293024941218,234.154389903592
20.866,81.5346643003029,289.557098772765
20.8665,37.9627362926666,316.523357929485
20.867,-20.4185298784225,283.078043027264
20.8675,-85.2083005628026,180.788864266
20.868,-138.577828472869,42.5136298698356
20.8685,-164.261214355618,-87.1898169171588
20.869,-166.595608671097,-184.519774989938
20.8695,-163.818232322991,-242.338804535229
20.87,-155.588632858396,-258.228068830692
20.8705,-116.819568742533,-247.300916043303
20.871,-36.9430619334556,-249.303291102981
20.8715,52.8894659131132,-294.284136794612
20.872,110.340746872915,-363.189674709433
20.8725,128.183668494375,-403.484379505355
20.873,134.4569249861,-386.511912583231
20.8735,158.328595883451,-334.971391203628
20.874,212.573923656975,-290.66621978389
20.8745,297.071109340763,-267.532348264538
20.875,395.875224393292,-244.599428940691
20.8755,474.760088327386,-201.036645056193
20.876,503.419138700489,-148.312053332976
20.8765,483.347652910116,-118.456168975758
20.877,441.433571362143,-120.082333278549
20.8775,396.883952945089,-120.70893794617
20.878,345.084518105362,-85.7699984529922
20.8785,270.309056890415,-22.5986847924967
20.879,163.647915906037,36.7007159793818
20.8795,34.2966057606662,86.391031001359
20.88,-86.280344197547,146.223654572883
20.8805,-162.409961137928,206.758999413828
20.881,-193.148848683887,216.671698949202
20.8815,-222.572597308362,146.780447624631
20.882,-289.577215021276,36.1899432092401
20.8825,-375.944199811697,-53.1845528314781
20.883,-429.819841868336,-104.610945833121
20.8835,-433.713390505703,-138.841204698357
20.884,-416.76925496054,-158.879292348464
20.8845,-400.713792498426,-141.297324601272
20.885,-373.087598881582,-77.6536901722734
20.8855,-326.48177967904,7.24950152954981
20.886,-286.42061855675,78.9334517813945
20.8865,-274.591246648927,112.927283575295
20.887,-271.909964672114,97.8988613077383
20.8875,-247.965408168331,46.847386922227
20.888,-207.365690356525,1.80620335828533
20.8885,-174.826743872032,-1.27611043406119
20.889,-148.405176376254,26.6891120529231
20.8895,-104.454630613592,47.2587034721085
20.89,-46.2597286624706,52.2775468523182
20.8905,-11.8563811198925,71.3971453336309
20.891,-24.36586791242,118.307946208057
20.8915,-61.5690583637171,162.464418445584
20.892,-87.9818746290079,167.50369771032
20.8925,-97.2288062830565,131.937386378057
20.893,-107.811217470089,78.0159004456805
20.8935,-130.552153099157,24.5911881031173
20.894,-155.177271416652,-11.8982874512844
20.8945,-162.132148392028,-11.6504706098775
20.895,-137.153012838512,29.041871654199
20.8955,-80.0928073921427,81.7045429649266
20.896,-8.49354017321983,105.896774507689
20.8965,51.7123353650766,79.8873108372414
20.897,86.1178915845932,4.5848163708957
20.8975,99.9834470545386,-105.498638763208
20.898,105.131399262893,-218.63727158605
20.8985,108.381626452897,-289.416799303107
20.899,118.729739342845,-293.509061953386
20.8995,153.212968222514,-258.237127077921
20.9,219.735584207729,-235.99496811938
20.9005,298.0224471663,-240.890670208289
20.901,354.305584248541,-229.43764005616
20.9015,378.673119140855,-156.752980593983
20.902,395.193166463905,-40.3682405854893
20.9025,427.603125372594,52.4919239524939
20.903,463.950473077311,84.5973956364056
20.9035,465.954712481376,96.7006376212702
20.904,410.630411582763,157.888194959181
20.9045,312.925068059019,276.610583830336
20.905,206.427062288744,387.476180912346
20.9055,111.253519117292,431.449296773595
20.906,26.9116186175435,420.758732668467
20.9065,-49.9310028694995,405.233665044979
20.907,-112.256913774815,399.04319381884
20.9075,-149.660935727733,373.95034655785
20.908,-160.463207159531,313.923858819146
20.9085,-150.715541831674,239.286578586004
20.909,-125.122267840336,174.118142679556
20.9095,-86.3002307916817,121.652630733997
20.91,-42.4518100348076,81.0469501389554
20.9105,-7.5645440381779,61.592056266626
20.911,11.2997196757469,66.2824570134257
20.9115,23.9879777725752,79.1328314848646
20.912,49.1125350807041,79.4308281330753
20.9125,94.5316812007619,56.2123956849674
20.913,147.581659882621,8.15283724418258
20.9135,184.832024649991,-51.4913245799334
20.914,189.459813115355,-92.2976615591576
20.9145,158.848103800601,-99.3130457198975
20.915,100.26961582827,-112.284725363356
20.9155,26.4941749376814,-194.970778572552
20.916,-43.5674875659424,-348.076949591198
20.9165,-89.5582272529149,-486.453037040627
20.917,-105.575447858954,-528.961036640182
20.9175,-110.144333536447,-486.03090618923
20.918,-130.390084913024,-432.440590240462
20.9185,-173.621904585548,-416.85657449262
20.919,-222.815940975176,-427.531690593504
20.9195,-262.771849041215,-427.666849019962
20.92,-298.437096053985,-391.849201523865
20.9205,-337.587114858755,-319.123904216381
20.921,-366.082435911744,-237.889856928889
20.9215,-358.320869777318,-186.513070990366
20.922,-311.612374186314,-164.523103515117
20.9225,-253.830914073741,-120.355059167091
20.923,-211.891936317023,-18.7007093633423
20.9235,-185.340075582126,97.0050372578599
20.924,-157.770941887164,148.691172072931
20.9245,-121.859140439004,120.505903802964
20.925,-81.4274204300264,69.4289472659994
20.9255,-37.558467923409,41.8197046179677
20.926,11.1748117706959,23.7442714901581
20.9265,55.4220592494792,-17.0915445820774
20.927,77.4485589399938,-78.4761629327503
20.9275,74.5031921880044,-127.142926275476
20.928,71.4706096596219,-125.774938126638
20.9285,99.2596436372217,-46.262648583413
20.929,159.534734818836,112.882086040439
20.9295,217.408830100766,306.629877082862
20.93,233.908227432459,465.647515176878
20.9305,204.126367947294,553.72266028309
20.931,158.662319405011,586.316367128938
20.9315,127.388567832683,589.615554240185
20.932,108.991710074658,570.014175063243
20.9325,81.2881405540052,530.471839642592
20.933,34.5520502121748,480.176045088944
20.9335,-16.7855147737311,409.038522402132
20.934,-53.9371469777797,285.625077342393
20.9345,-72.5520223638209,107.341502081704
20.935,-79.4047870655904,-71.5419190150668
20.9355,-83.3407413167864,-189.2082517361
20.936,-95.3597912677456,-235.965770964405
20.9365,-124.197344429588,-241.873652070692
20.937,-160.595598917884,-224.11889363376
20.9375,-176.473368633515,-173.299637495832
20.938,-154.070901937171,-78.7106351736918
20.9385,-109.648675614587,56.1377442936536
20.939,-74.7845477619141,211.559328787276
20.9395,-60.794671681733,346.763219450137
20.94,-57.3998361030405,414.160221817642
20.9405,-58.9320844154215,401.016179867646
20.941,-68.0418305732707,341.341774907137
20.9415,-74.0682807935122,267.000576620381
20.942,-55.734221909328,169.900809125151
20.9425,-15.5385088003968,37.0148963384564
20.943,13.5649526112008,-107.94396340371
20.9435,13.6769053592825,-237.382633747819
20.944,14.3586745105365,-366.12938389297
20.9445,56.4936299118126,-510.843954773022
20.945,137.485062143806,-622.278209844891
20.9455,219.065917245428,-625.405385771742
20.946,281.942515081126,-524.929712122311
20.9465,341.473765541242,-398.142905166643
20.947,405.759066227474,-271.268957698618
20.9475,448.739277710293,-89.2854905934718
20.948,441.630646697169,145.167070288663
20.9485,392.351941294058,285.551441263948
20.949,335.443042247455,188.167833794084
20.9495,293.792266055361,-86.1234860234285
20.95,266.854149117806,-310.547433837484
20.9505,248.287523695437,-336.875409733967
20.951,235.901730280282,-224.663543751199
20.9515,224.851026831928,-113.350981171013
20.952,207.023265546007,-50.0498203451541
20.9525,180.445494129258,4.29576340449167
20.953,147.786402615096,60.9834403128487
20.9535,103.639149541466,78.1173192116557
20.954,37.1771362850255,35.5274611017483
20.9545,-45.8640856615129,-31.7389016595858
20.955,-116.85852441833,-82.4145205149508
20.9555,-152.652217248536,-102.085259035068
20.956,-162.646917281524,-78.813674384872
20.9565,-172.628311119748,1.57751405671187
20.957,-185.541193089366,111.042722846537
20.9575,-178.155734864497,176.359851745906
20.958,-142.179631778225,160.375794947725
20.9585,-109.175684636874,113.476337222745
20.959,-118.478836949369,98.145577893368
20.9595,-171.947409387747,88.4104747509011
20.96,-239.838607401191,5.71136095947214
20.9605,-304.086438705064,-151.446372926293
20.961,-370.306026140888,-283.398850264346
20.9615,-435.401986924392,-317.910163009983
20.962,-472.348737514941,-303.507707399243
20.9625,-463.266166215347,-329.425637502672
20.963,-427.020389640439,-392.607855393583
20.9635,-393.033078865839,-402.824235436804
20.964,-362.381372180913,-306.647910174695
20.9645,-319.122729397279,-151.429361723278
20.965,-269.799520044078,-20.3822203541538
20.9655,-240.914131042431,50.6665956951733
20.966,-235.533772012366,74.2211628176365
20.9665,-220.664061727894,64.7885536641785
20.967,-168.503429735809,23.9543803545542
20.9675,-89.9359710653344,-38.0767536195188
20.968,-15.2022749628724,-90.1509817405043
20.9685,41.89937292136,-95.5159853751201
20.969,86.9292066907737,-35.9464499396423
20.9695,124.951632915995,76.8662813489558
20.97,152.806779067546,209.934784311249
20.9705,165.076071354559,329.625141004213
20.971,158.329199776804,416.468387846943
20.9715,135.688595043014,466.478318629695
20.972,112.855371282869,489.805907985736
20.9725,109.6922644705,509.771649409872
20.973,129.16579039855,546.75752618298
20.9735,155.36646835568,592.28162603753
20.974,177.933312667656,613.038082049424
20.9745,203.310359691024,593.796511476045
20.975,233.713855147128,560.023472481783
20.9755,254.595411694901,538.097733367056
20.976,258.256777394107,509.18148901447
20.9765,260.297611341494,432.345727907414
20.977,270.157845539979,305.706973520137
20.9775,262.266369963496,171.434608775127
20.978,206.782434977928,59.9158020845347
20.9785,120.632641761815,-36.8744508267826
20.979,55.9977805994117,-128.193176191086
20.9795,38.9280119175919,-194.206821012219
20.98,49.0255729524489,-212.092895485018
20.9805,61.148812719834,-189.415604474483
20.981,74.4498743555532,-151.095118696656
20.9815,91.4210888363978,-109.911074519067
20.982,100.317550408848,-70.1544367016498
20.9825,95.7963290950787,-46.705825170605
20.983,91.9977175033371,-55.1327053580731
20.9835,96.3421199215855,-84.7820518620914
20.984,92.3042207902916,-102.896248037939
20.9845,68.7327865184584,-93.0837083714183
20.985,45.1882046876781,-78.700284542545
20.9855,41.8929401641261,-98.0241364896145
20.986,40.4189982023937,-158.923464702203
20.9865,5.08906637236797,-228.84440343536
20.987,-63.5182381858253,-274.264356962224
20.9875,-126.422515650417,-296.291562068493
20.988,-157.21041185146,-308.18630907288
20.9885,-167.354670357223,-288.490613144864
20.989,-175.365656237273,-198.118928551415
20.9895,-176.091569900673,-60.128647580424
20.99,-153.598030625655,19.3577856032066
20.9905,-107.912844041854,-47.2785442535739
20.991,-55.5612206905931,-224.498035310002
20.9915,-13.3218618504124,-389.132533362049
20.992,9.03527523366024,-457.156587263557
20.9925,9.47436225192964,-438.605108415963
20.993,-1.86156120786286,-387.371022929384
20.9935,-4.99919069293165,-350.933766746765
20.994,11.9560995269454,-360.731251773587
20.9945,37.7402124619996,-410.081115756176
20.995,47.0824866229277,-437.191230618602
20.9955,25.730935147,-391.598378967959
20.996,-15.1546107780408,-325.943967590463
20.9965,-47.51870648997,-351.030496283103
20.997,-48.1567362381629,-477.269048517041
20.9975,-15.5605408669436,-576.443454199655
20.998,31.3553409885797,-542.399066069413
20.9985,70.0240378427704,-416.581873703421
20.999,87.5242823363616,-294.527547708845
20.9995,77.6142217269063,-176.959029283284
21,34.6504723729612,-1.64816915812661
21.0005,-37.4045185795173,218.942204179732
21.001,-112.381846232399,391.948260704489
21.0015,-153.318379952289,470.774628231145
21.002,-143.897439677792,505.163916622487
21.0025,-102.488593728238,556.223308380383
21.003,-61.3631535794524,628.669296576483
21.0035,-38.2665231760802,699.725233028796
21.004,-30.7454367730062,754.719654205583
21.0045,-28.8915865636665,773.861142161984
21.005,-26.1865276412552,732.032136975666
21.0055,-22.8884280059001,634.791974157072
21.006,-25.0292040991792,522.771441314248
21.0065,-36.8542540548244,427.86821137818
21.007,-50.9994841474136,350.639415880041
21.0075,-52.3210223435518,279.516940043942
21.008,-36.7046762127225,200.377321839802
21.0085,-19.7514413407744,93.8426755828242
21.009,-19.332140436512,-37.8768752031241
21.0095,-33.9913153380469,-149.075425187293
21.01,-46.768226616424,-198.547355087416
21.0105,-47.9739142842123,-208.404673124586
21.011,-46.5606242915698,-224.402198815924
21.0115,-59.436027282094,-233.89121390645
21.012,-94.3197432601179,-193.430170154154
21.0125,-140.870530104841,-130.084691460557
21.013,-174.318834880388,-124.37323186002
21.0135,-172.835124940388,-173.718826644766
21.014,-139.156423175729,-166.549929728659
21.0145,-101.669004459924,-37.5450070613217
21.015,-85.7659697996764,134.529442290989
21.0155,-87.410118233806,246.464459861223
21.016,-84.1047325067685,315.642685759631
21.0165,-66.563874767322,422.70074533807
21.017,-43.9404560936826,557.502538869299
21.0175,-18.8033218267515,616.445630933332
21.018,22.5770976095115,542.224392833839
21.0185,86.0160023355486,389.57616342196
21.019,152.340558096351,244.375893725481
21.0195,200.120374642963,130.238985625181
21.02,236.01612812726,5.69907308151138
21.0205,285.688060084951,-176.369050097576
21.021,357.440682923154,-403.95892499994
21.0215,428.892742580815,-581.534142195927
21.022,469.128731017579,-597.772667387539
21.0225,462.354439327279,-453.294379467985
21.023,410.877851260156,-292.403675922721
21.0235,328.707125001071,-262.285265833999
21.024,235.18595187309,-364.432968382432
21.0245,143.059150560285,-489.702889609816
21.025,48.4542091123236,-562.970934227079
21.0255,-57.3203445531235,-583.410262532623
21.026,-162.938288525974,-549.689541533695
21.0265,-237.102779276117,-441.797146620204
21.027,-261.459401656543,-288.718129706117
21.0275,-252.883735472968,-168.53668522197
21.028,-243.232679037486,-106.320613849773
21.0285,-245.902918064963,-35.9043246640611
21.029,-253.186690580283,97.783304037553
21.0295,-256.682318257627,250.766198021763
21.03,-252.85483737722,338.12521946499
21.0305,-231.933453839622,341.0489220028
21.031,-180.729227716561,311.368384383217
21.0315,-101.742775179354,295.700866559492
21.032,-16.4264002976297,297.831953582825
21.0325,55.7908583831075,303.855759958991
21.033,110.458470785738,309.992193941149
21.0335,145.975457758469,326.15420138308
21.034,154.239189481074,367.117897459084
21.0345,136.713087313392,433.491572975267
21.035,119.980286536404,496.637223569709
21.0355,136.694728923268,520.205233894483
21.036,188.583599654055,500.252724025315
21.0365,239.094072803384,457.278817988742
21.037,246.436138093155,382.93467076685
21.0375,198.452777487842,233.036545622676
21.038,115.680498939162,-6.21455108107947
21.0385,30.2755461480493,-279.585591236779
21.039,-33.3495076699017,-516.175302988107
21.0395,-65.9706859679353,-689.788338115464
21.04,-73.468696688644,-798.210227900727
21.0405,-71.4923543651564,-820.702968230126
21.041,-74.7719888796147,-745.85057351486
21.0415,-87.1644372858926,-623.119358939923
21.042,-101.023507750073,-534.911527528054
21.0425,-106.007400936584,-515.704631995291
21.043,-98.1098889096452,-531.923018298231
21.0435,-80.4918567237285,-535.145981537172
21.044,-56.8559520635449,-499.289952029001
21.0445,-26.1340218219864,-413.73372805294
21.045,13.8290272244022,-285.683467912042
21.0455,56.5242249307472,-152.158889673182
21.046,83.749126073761,-44.6796823741879
21.0465,77.6530680273497,65.1305745485272
21.047,38.3576758007041,233.826777630537
21.0475,-13.2307023191807,439.697656622382
21.048,-54.3113873180737,561.477068013657
21.0485,-81.5159019126745,508.150071457798
21.049,-109.301394554136,336.297380623934
21.0495,-146.875066669121,188.326271548871
21.05,-183.988130140001,135.029036743684
21.0505,-205.982956961666,132.353084148712
21.051,-217.410895037584,120.526576702909
21.0515,-237.660395202109,99.2362108385921
21.052,-270.003704655109,92.6918797856559
21.0525,-287.544549319662,103.694277025186
21.053,-261.2053159627,137.321527424669
21.0535,-196.045486699024,221.811724465321
21.054,-127.295655477328,358.706944449696
21.0545,-81.2131304425184,483.349332704972
21.055,-51.9187908189406,523.913082828253
21.0555,-19.0988086631293,480.207682182022
21.056,24.8351414455262,399.375857538694
21.0565,74.8264072354322,297.979189436611
21.057,131.964664985037,169.222869035674
21.0575,207.117584331967,53.2669115589833
21.058,301.456455478649,21.9513876395286
21.0585,390.888581981972,77.8445186928121
21.059,439.34544433476,137.110717911971
21.0595,431.527113917168,139.7003938665
21.06,387.975540139014,112.690155136436
21.0605,338.053910101263,91.0727942981217
21.061,276.49468994147,46.6896403442034
21.0615,162.020804526791,-48.1591969785513
21.062,-25.21083142342,-150.554516956264
21.0625,-233.450861730008,-216.677959960804
21.063,-371.784786494637,-291.644655300511
21.0635,-399.513245284269,-435.85904894931
21.064,-363.774432726729,-589.795119159557
21.0645,-337.347016558912,-617.322118382266
21.065,-337.726059328512,-486.191927619981
21.0655,-325.472131777537,-308.818569783457
21.066,-267.053397314416,-186.071075249511
21.0665,-172.660661650099,-102.634990844247
21.067,-75.3523959752801,-7.984509026219
21.0675,1.88784226023804,90.1691149525347
21.068,53.3886426734076,164.206667480262
21.0685,85.6597232692055,219.275543582648
21.069,115.273579771538,246.147522991163
21.0695,159.554342572141,192.794363053557
21.07,220.535250792564,59.360631451645
21.0705,284.662649151044,-38.2983432011026
21.071,340.124421420577,4.93212965751419
21.0715,384.123516959863,126.331161274461
21.072,412.237625485652,162.410602072688
21.0725,415.709047389154,63.6921218864962
21.073,395.002572549065,-51.1855630379352
21.0735,362.726648916089,-66.4027595225671
21.074,326.977026215712,-7.10653425049921
21.0745,285.317819818939,24.2423634221205
21.075,241.037113842621,-20.7483143369753
21.0755,207.530976021686,-110.777246106229
21.076,185.076512601797,-187.174857469648
21.0765,150.846967325504,-194.237725722789
21.077,88.7758520368689,-94.8889370445613
21.0775,14.4869842812265,91.9825840042276
21.078,-48.988322171913,284.118018520545
21.0785,-105.890872606195,404.689731145124
21.079,-172.533294950497,453.662430749033
21.0795,-238.221184173403,486.280655464431
21.08,-274.150523939312,529.592138530457
21.0805,-280.144472751567,544.612542189247
21.081,-287.804106446849,469.071605549175
21.0815,-308.5413472544,284.797138463232
21.082,-312.42026443203,50.3712420483567
21.0825,-277.7081173463,-127.374524409595
21.083,-232.036796525883,-179.861290960419
21.0835,-214.828157707807,-158.357980784431
21.084,-217.444784598919,-206.374820339781
21.0845,-194.854820750695,-410.823510569113
21.085,-130.718403454215,-685.877716385717
21.0855,-58.7974278405129,-846.206148239774
21.086,-16.512642767213,-805.838347535748
21.0865,-4.22308333592794,-668.343105711723
21.087,1.37623682451715,-598.769940027333
21.0875,16.706999542305,-637.59822176331
21.088,46.2056085577467,-678.082494250647
21.0885,87.0519209589866,-611.873043693727
21.089,119.633705564602,-450.483479218547
21.0895,104.693165159419,-293.30129934947
21.09,12.1634207138471,-214.324421815582
21.0905,-143.681221184857,-207.123433066727
21.091,-306.600898050822,-217.029348161232
21.0915,-417.40855518706,-191.223497067564
21.092,-450.173217553639,-103.03541734686
21.0925,-420.246042548244,37.7026524534956
21.093,-368.095947446503,186.20331906402
21.0935,-330.935326116966,293.55313640108
21.094,-316.978377684438,346.382324431555
21.0945,-303.677064983402,365.768386717321
21.095,-265.206834999582,368.393608316265
21.0955,-200.123160167058,351.079590186883
21.096,-128.120760744891,319.023613362443
21.0965,-65.7086861962154,300.915289701059
21.097,-14.4847554066974,314.610091502811
21.0975,30.9552116925154,335.400178770491
21.098,76.3478802130176,324.546553281604
21.0985,128.692253537484,283.394186838962
21.099,190.809447031316,255.632224986373
21.0995,252.074879213699,273.796122108616
21.1,296.377217312467,322.264817648858
21.1005,323.302961550601,362.095209586588
21.101,348.941341402008,382.359390534793
21.1015,379.625587523351,414.832521790119
21.102,399.64042852685,496.041157455416
21.1025,397.72976215419,622.343491660572
21.103,393.148911768889,752.452355089551
21.1035,415.086645820191,852.649490965373
21.104,460.414398185715,920.897713796326
21.1045,493.912230750821,955.854288286005
21.105,494.3122861683,924.824684748801
21.1055,478.924014953061,791.565243924317
21.106,470.685322092777,565.668450621969
21.1065,459.163088947753,293.920197206243
21.107,416.354821418258,12.3266918867187
21.1075,343.776877305842,-254.529193808161
21.108,278.327243897491,-455.613638668954
21.1085,245.830601609686,-535.295325132436
21.109,229.462571543914,-511.795071581794
21.1095,197.263585446085,-481.750287180388
21.11,145.622834507651,-515.833315500604
21.1105,96.7114187771363,-590.204405953665
21.111,61.5058714650669,-647.833924088935
21.1115,28.3796980771058,-679.128276666195
21.112,-11.799948520785,-703.646210346684
21.1125,-53.7427894936117,-719.668324258121
21.113,-100.174024688969,-720.64141759728
21.1135,-173.812670248749,-719.105049990719
21.114,-287.882112055415,-702.540266200423
21.1145,-418.95965104432,-614.785974653474
21.115,-531.366453087093,-452.347109264156
21.1155,-619.540726321026,-335.019430629636
21.116,-700.763442146234,-386.311430601816
21.1165,-769.844362189769,-561.915240772606
21.117,-792.481880749872,-691.82943776652
21.1175,-752.860423650721,-688.818897948292
21.118,-681.071073704846,-620.447209637327
21.1185,-616.440905326778,-571.276447932514
21.119,-563.496095294782,-540.702805983401
21.1195,-502.973632615324,-505.888380264996
21.12,-429.339889720224,-482.396770771769
21.1205,-354.337245032119,-469.097887780215
21.121,-284.716509351841,-416.230525248541
21.1215,-220.302171364499,-305.35917351236
21.122,-166.365454887647,-187.744342024649
21.1225,-123.141664671884,-86.4119536338894
21.123,-68.6344101204161,62.9674330980083
21.1235,19.3431830500441,301.163645075607
21.124,122.683819438392,545.153265001708
21.1245,193.516555726351,687.247483688566
21.125,213.475451296007,743.203962228212
21.1255,216.840227188646,808.308307092078
21.126,242.895389752213,902.657779332187
21.1265,289.111906070529,958.299552345802
21.127,326.954709680664,941.624287875456
21.1275,341.179707104674,891.373080388743
21.128,331.843033361683,835.072124948098
21.1285,295.956705462274,756.275483407618
21.129,235.288804099288,659.069458777975
21.1295,175.086220947759,590.709774111236
21.13,150.319568850988,577.806207334722
21.1305,173.494736767021,593.356682389639
21.131,230.357968051459,599.181820599821
21.1315,298.719654380509,576.005544675827
21.132,352.411059648428,514.988555269538
21.1325,358.838523624098,431.848800560184
21.133,305.471294997153,378.252318259571
21.1335,230.633267278434,374.504874379277
21.134,196.33178247397,344.79974474342
21.1345,218.165076944786,203.924099236879
21.135,246.351656527641,5.57932513893191
21.1355,230.717091105716,-97.2881064501582
21.136,182.542236742314,-60.9654393694192
21.1365,152.317751682681,-14.8817023364443
21.137,163.066016441538,-74.8122960637293
21.1375,189.960479421985,-197.556673463361
21.138,197.97247117853,-290.329358690503
21.1385,176.241578355853,-365.679385860026
21.139,136.094007084296,-484.903337961214
21.1395,95.1624561079198,-617.061181964934
21.14,67.7561393844032,-674.255274349883
21.1405,56.4859936943891,-654.363185205679
21.141,47.7040841839384,-633.436381486332
21.1415,23.8266018151566,-627.131837800058
21.142,-18.0736849340166,-573.712820550164
21.1425,-68.6144262228242,-467.884910741758
21.143,-125.6174553947,-401.612864389667
21.1435,-196.708139561188,-427.455517509192
21.144,-278.236325720726,-467.90994837916
21.1445,-346.931809591367,-421.957753018418
21.145,-384.498842884096,-302.541487439095
21.1455,-401.469548277253,-203.879601177746
21.146,-422.430485617038,-170.191651469159
21.1465,-450.343910811892,-160.594624848202
21.147,-458.96009028257,-126.72552082886
21.1475,-423.445844778163,-68.3526238149896
21.148,-349.271712416626,-11.8738995243548
21.1485,-266.618500493532,24.9603060258423
21.149,-203.075048781708,40.2048753131411
21.1495,-166.436472483959,45.4904642901474
21.15,-147.789156891122,58.7964644305198
21.1505,-133.185725039267,80.7322066843
21.151,-113.634679111299,83.735487854951
21.1515,-90.1897739682726,47.1391754517365
21.152,-70.1014965890524,-4.27318023602273
21.1525,-54.6966591063247,-25.4507285397301
21.153,-33.4830695305038,-12.846305438297
21.1535,3.04149884619455,-8.17568586501489
21.154,45.8232393026624,-32.6050182200559
21.1545,72.2816465453701,-48.7894771820145
21.155,72.730935368023,-6.93117752100342
21.1555,63.3886849038949,94.3407796615174
21.156,66.6532428950254,213.258156625612
21.1565,85.3597838743518,311.42076266403
21.157,104.901368660301,371.965142637337
21.1575,115.337464256052,389.042415225854
21.158,120.990701918265,369.402723800276
21.1585,130.888667519638,335.744251716896
21.159,150.062885114272,300.036663196776
21.1595,178.743855785155,242.140302208986
21.16,209.526033149153,147.784605406658
21.1605,226.635162568055,58.3230296121968
21.161,220.566439088026,34.894445904042
21.1615,203.655404151893,68.4616248909707
21.162,196.536005104219,80.1318092271668
21.1625,196.70245986329,32.6135933701268
21.163,178.133040985545,-15.3909139084243
21.1635,130.277599442826,-7.99861344389094
21.164,79.8719322247876,6.92907513240595
21.1645,59.5344871425056,-56.7497730879705
21.165,68.3379445695463,-184.948337207662
21.1655,81.0313703664044,-265.940893305018
21.166,85.2013752786753,-229.260276646451
21.1665,86.8908036353351,-116.080401765047
21.167,84.3368091027165,-5.32979752073943
21.1675,61.4345735611687,65.9726224896366
21.168,13.0515500414633,94.5845648971307
21.1685,-40.9869047336259,88.1267340679694
21.169,-74.5396266390897,76.3809819367169
21.1695,-76.6221325134778,86.6878968330551
21.17,-53.6320166318057,78.2034289621919
21.1705,-26.7799646171537,-35.9507977617993
21.171,-29.697094687122,-254.796003719896
21.1715,-85.967713063366,-436.543776076959
21.172,-175.570283840672,-443.677243578153
21.1725,-239.95351699842,-300.074915623887
21.173,-237.177192946559,-137.842259814439
21.1735,-182.602270462379,-25.7595167462021
21.174,-122.174255704258,66.7209109405395
21.1745,-77.7867682662976,156.671728901711
21.175,-36.9873002212226,200.698288301206
21.1755,12.8736119631136,181.690481356625
21.176,63.822663528359,160.154411739925
21.1765,100.823915369254,194.828187095857
21.177,117.424857038098,263.909817617388
21.1775,114.476220922654,305.774570035459
21.178,97.2543294901006,299.364789656129
21.1785,75.895141667202,267.159201664129
21.179,55.5826762564246,230.675558389472
21.1795,25.992806562734,200.286045579515
21.18,-23.5772238914199,184.203978984654
21.1805,-76.8636951449577,172.166562741967
21.181,-98.1979485441925,130.442516454604
21.1815,-76.0007693913667,46.2557032864698
21.182,-41.5405662028931,-42.5443377004193
21.1825,-32.2839748602386,-97.5613579316686
21.183,-51.2184089630862,-139.920139225022
21.1835,-76.8741211725252,-215.479500638936
21.184,-100.051069791797,-311.787736344759
21.1845,-130.473982184292,-365.253561257249
21.185,-173.151205590393,-358.336278241895
21.1855,-217.558443576708,-351.11811423836
21.186,-249.826728247782,-382.438129239977
21.1865,-261.106634407083,-386.071565940763
21.187,-245.667808457953,-264.424083590301
21.1875,-206.345126815372,-31.7606397806684
21.188,-161.869147192214,176.975586912493
21.1885,-132.811676444073,254.708815442628
21.189,-116.909212222573,231.807615144544
21.1895,-90.4022332406101,210.611945002889
21.19,-34.2507910340342,233.252290071413
21.1905,54.0988671401893,260.331027245496
21.191,171.086535234853,252.504428103309
21.1915,305.468624093389,210.748320338184
21.192,422.055483341363,139.094278697334
21.1925,475.008790317828,32.9533359222811
21.193,455.906613174521,-75.3128296707282
21.1935,410.418845873169,-118.049563941955
21.194,387.624880030468,-77.2781236760175
21.1945,387.382992317148,-21.7703114047893
21.195,377.807729351917,-15.6387928136955
21.1955,347.403896695818,-34.9248820932668
21.196,308.445716219939,-34.6427946442052
21.1965,256.84622467695,-58.2306248953529
21.197,166.83725148066,-190.530926837738
21.1975,34.3976065527671,-406.058832990556
21.198,-103.856459774476,-556.269802697879
21.1985,-210.071020993225,-539.786463256168
21.199,-281.082014667577,-415.512884880522
21.1995,-329.495951554311,-303.824066635614
21.2,-350.322419348582,-232.974634718417
21.2005,-329.53615050429,-139.162769555611
21.201,-274.088978159565,20.6882469061327
21.2015,-210.545016073289,218.685500599897
21.202,-157.859426805262,400.476931761009
21.2025,-118.797490013973,524.545259285294
21.203,-93.5415625725429,563.84685700058
21.2035,-82.2009519403952,520.643988110249
21.204,-73.6131119097218,448.079702835644
21.2045,-50.3382509995237,416.155056112452
21.205,-11.1937522731285,437.7098637191
21.2055,23.0212325352627,449.706572706623
21.206,31.8139661148725,380.801920508321
21.2065,14.8116475782624,225.151364364354
21.207,-12.9389403263585,43.6402802817475
21.2075,-35.1425163812165,-98.2781773093698
21.208,-39.3865382656206,-190.673433553558
21.2085,-18.756564294807,-279.783471650966
21.209,21.5078127944057,-402.42261363807
21.2095,61.0115757503788,-520.982373102658
21.21,74.0491104257076,-548.406893182817
21.2105,45.1080625091361,-451.4959251527
21.211,-21.7268277317949,-300.776010990424
21.2115,-103.20213224415,-189.924905148694
21.212,-167.980979302259,-131.937732386073
21.2125,-196.056814006237,-75.9983295955268
21.213,-191.648467895581,-6.74573541992785
21.2135,-173.664228362494,31.6476516849381
21.214,-152.934912744719,13.2726753766513
21.2145,-124.264357980317,-24.707666849409
21.215,-81.3441659648016,-39.0243355376411
21.2155,-31.2811137954985,-41.0371475084313
21.216,10.4672520411661,-70.8833957495933
21.2165,34.8513671919853,-138.333532921762
21.217,45.2510464966065,-216.074888497963
21.2175,53.041559170991,-270.946319582919
21.218,70.1491726238981,-279.989546574476
21.2185,100.828013100284,-237.938162534576
21.219,136.128579052716,-172.312867996575
21.2195,159.990729060809,-128.10800962703
21.22,165.12713306506,-110.368135608914
21.2205,160.340089600205,-66.4044285711753
21.221,159.024372474773,38.2083987143289
21.2215,163.942840488828,146.696810483086
21.222,167.200422198956,164.949694146316
21.2225,161.707103448649,86.3095633303648
21.223,147.4664430971,11.3070678355301
21.2235,128.349265825466,27.5325932952471
21.224,107.597271531813,113.499459122307
21.2245,86.4372698605709,188.533142799619
21.225,64.3036705075946,221.254006227185
21.2255,40.9986363929236,247.159123079868
21.226,19.8291945030816,297.502740626652
21.2265,5.54562546182452,357.284458990356
21.227,-3.18936724592063,396.618064884953
21.2275,-14.7205210434484,406.747630982989
21.228,-32.6403594929533,391.777108729739
21.2285,-46.8105067945771,353.118316882161
21.229,-43.701429110263,303.124732187784
21.2295,-24.6464603845866,276.842300326971
21.23,-5.49497184997655,306.411673289839
21.2305,3.62897755033222,388.020476810421
21.231,10.0322391389728,488.569538410767
21.2315,25.0658869960831,576.709801773527
21.232,45.6920717339553,627.819139696172
21.2325,57.4110137001521,604.922740742163
21.233,52.5206988600701,467.536072862676
21.2335,36.3730846403817,218.709236059177
21.234,15.1590768602801,-70.8871910535296
21.2345,-12.5464323145397,-307.716207224028
21.235,-46.9830028531388,-446.311340992832
21.2355,-78.8996779747434,-506.500436170221
21.236,-100.758711867234,-523.416235502718
21.2365,-122.197708046279,-498.064596973984
21.237,-160.507476950699,-409.821511829471
21.2375,-212.952126417433,-270.310240658413
21.238,-251.547763275866,-142.331528696644
21.2385,-253.536291282421,-87.6903302778577
21.239,-226.753613399078,-101.161410225285
21.2395,-193.253338395766,-117.648511041025
21.24,-156.852859947586,-92.8050646737306
21.2405,-105.296421308436,-56.2969597072864
21.241,-42.782742549496,-66.5835085716581
21.2415,1.69731940842811,-130.037115192143
21.242,8.76636231979303,-195.497098801353
21.2425,-3.66842445055892,-222.471142532774
21.243,-2.07655959636878,-218.688412336493
21.2435,21.0192979933123,-206.61149848949
21.244,42.231345161542,-193.711405745682
21.2445,42.4278247151916,-194.021927386823
21.245,33.5879955636438,-239.357756619413
21.2455,47.392120047296,-334.150997024439
21.246,103.166266465628,-425.191833158767
21.2465,186.254329470452,-454.60333573963
21.247,251.307060320199,-425.6581308502
21.2475,250.443342730597,-378.800978906285
21.248,171.729168951973,-321.50845826688
21.2485,55.2855429792151,-233.021526218796
21.249,-36.1552555931543,-133.007645638224
21.2495,-68.2966886121593,-86.9147395417285
21.25,-55.2736208545325,-124.726184749113
21.2505,-31.8850753089794,-197.673348999045
21.251,-16.8194492400243,-238.384457875276
21.2515,-6.2071707114827,-230.675981595439
21.252,8.81401531042343,-199.919059757577
21.2525,29.0257430208667,-169.164487134732
21.253,47.1544448967295,-151.65601852538
21.2535,52.7608230077885,-157.289904103561
21.254,39.7428012166691,-174.90743142452
21.2545,14.9999723224242,-167.656813962336
21.255,-3.76671807137244,-112.377919692252
21.2555,-5.03141743539502,-26.2559693060428
21.256,5.19193503839517,65.7991742245945
21.2565,14.6528097974228,164.750710446586
21.257,21.8180409611525,273.334910950412
21.2575,32.0659891423574,369.027202367079
21.258,41.2077193640239,437.99369229109
21.2585,35.768010751406,509.532340857061
21.259,10.8119244238732,611.591014203412
21.2595,-23.2995466144796,712.7537734202
21.26,-54.3277525535649,760.257844790148
21.2605,-78.7258417778632,760.163187221721
21.261,-96.4994319527001,757.787123322488
21.2615,-106.064604603161,743.39365708281
21.262,-108.432848856686,651.587109388673
21.2625,-106.470851036716,474.91349427022
21.263,-95.1790606934125,308.788609955439
21.2635,-63.9578898800013,241.809329034458
21.264,-15.9267019059789,254.769822980009
21.2645,26.5192426578752,277.548420581065
21.265,46.4154668751728,299.107924038415
21.2655,53.1926961731003,354.203835718757
21.266,66.7303068765772,426.791576577487
21.2665,89.4513426521366,442.432524473885
21.267,109.611218962635,361.826906513083
21.2675,124.257889353929,221.31997203762
21.268,137.604825567101,65.4663919056498
21.2685,138.144922716577,-105.717642550774
21.269,101.300349336198,-293.967695856156
21.2695,23.2153497729273,-454.852497391105
21.27,-65.8760042900716,-540.724427458831
21.2705,-132.444041949906,-570.317799520182
21.271,-169.480516785238,-606.714509209312
21.2715,-184.870911095156,-664.828850426034
21.272,-175.496535006335,-680.754959810735
21.2725,-131.719354540591,-590.666647924373
21.273,-61.8799262672292,-416.267541716355
21.2735,5.12697300337607,-248.438554883811
21.274,43.9983881563854,-154.485517165945
21.2745,51.6095678401563,-122.28177381885
21.275,43.2679527646578,-95.7452950478853
21.2755,38.3492667043978,-44.2339626231322
21.276,47.2050871735699,15.5600345388615
21.2765,64.171786456891,53.2497970303664
21.277,74.7782757516265,60.0738921529325
21.2775,75.0942227580831,50.2165029145697
21.278,79.304481376346,41.3505383603672
21.2785,101.513285835701,37.6390632787375
21.279,136.40313298302,22.5933185099142
21.2795,166.730130422197,-30.1324305116356
21.28,182.622732059689,-123.460829420291
21.2805,181.702120958389,-214.110724747166
21.281,158.456028974068,-247.547945691213
21.2815,111.821274919128,-227.477290985519
21.282,59.9673257235312,-224.602954382503
21.2825,26.2320081344252,-290.834759120522
21.283,6.78544899828281,-384.404325296236
21.2835,-28.2174919624159,-416.71668226067
21.284,-93.7639801069952,-365.841923136225
21.2845,-167.736456080525,-299.858008437833
21.285,-220.006315711595,-277.321795613894
21.2855,-248.464600629003,-266.174486625322
21.286,-272.386792083336,-192.092652862392
21.2865,-301.172610205495,-44.2746051765902
21.287,-324.239431951883,102.922561962449
21.2875,-324.808998378629,170.918358272588
21.288,-291.498090328006,153.827163391556
21.2885,-223.782103857655,110.879079219094
21.289,-139.307328770116,100.178541588421
21.2895,-69.3319433189475,128.906869836624
21.29,-31.9445223086738,161.91825288741
21.2905,-12.5972722006137,169.98604950684
21.291,16.6638102461341,161.278602665153
21.2915,63.1450383757061,159.997662846314
21.292,112.089076545991,165.410381145559
21.2925,153.82761998817,156.343452575488
21.293,194.01390290172,138.413897133114
21.2935,236.703050227953,154.024414579659
21.294,274.783498080041,221.877514801547
21.2945,300.626694699806,289.71951310554
21.295,310.986988431091,282.980850365387
21.2955,298.227418004843,195.14522696397
21.296,253.859851177444,98.2430649017318
21.2965,187.458371759924,60.7195191898192
21.297,125.34303325224,81.0380205513835
21.2975,80.2957660651025,108.439408587243
21.298,37.3096312054656,106.234291532088
21.2985,-18.1413288454031,85.9675012793772
21.299,-71.1899114740984,97.3212014583188
21.2995,-93.6198006676375,189.35830142972
21.3,-80.9406284113183,359.071349453379
21.3005,-57.0223148614565,527.998778982985
21.301,-45.2943115393725,593.14863419727
21.3015,-48.9824183443524,521.400999568214
21.302,-56.9540441122756,382.264565136786
21.3025,-55.9257120596919,271.820526738326
21.303,-38.9557556312552,213.965821945642
21.3035,-15.1145068925801,151.537684494866
21.304,-9.8565204364974,26.4098865031272
21.3045,-42.083925566687,-150.398361473416
21.305,-99.0184772594299,-310.634326875344
21.3055,-145.684311494386,-400.550517327295
21.306,-162.010456567489,-434.011849030459
21.3065,-160.44561923904,-470.352281890992
21.307,-164.992567194307,-539.771301206749
21.3075,-183.828973028037,-604.481639470482
21.308,-206.234549456532,-607.185027755616
21.3085,-216.160181631459,-542.749146961392
21.309,-203.028619121956,-453.518815896294
21.3095,-166.590604713047,-362.800296377009
21.31,-117.369031502988,-255.133297497393
21.3105,-69.7709858694772,-128.173652727168
21.311,-33.5912135422727,-15.0745441814138
21.3115,-14.044561998183,70.8423770644235
21.312,-13.5982062324024,169.510856085213
21.3125,-23.9164483388308,308.10492645766
21.313,-21.8182483915275,430.309833481878
21.3135,10.9292306037502,444.771845260337
21.314,64.8546655827198,337.470320014804
21.3145,115.676384240168,191.901118240745
21.315,158.124065200403,96.9952951321446
21.3155,205.177940543275,71.8696976735348
21.316,251.268282012401,82.7867339467571
21.3165,264.459766719876,95.3817921607749
21.317,230.331351637278,96.8763474031796
21.3175,180.993231456851,92.8588305936216
21.318,160.269786404205,95.153452073303
21.3185,176.308992400068,100.606847103299
21.319,207.086921904643,85.1023626892336
21.3195,233.515074812384,36.0451916597616
21.32,241.273076049064,-21.6392840048627
21.3205,206.878400770303,-62.4533422569976
21.321,118.271736198624,-113.431759179442
21.3215,6.67577557046962,-229.212499080414
21.322,-74.403992999591,-411.752349461273
21.3225,-106.388641692307,-592.526762467108
21.323,-116.337330650278,-698.662544490027
21.3235,-128.199297426294,-699.712902574355
21.324,-132.161821261509,-590.065823656826
21.3245,-111.253489723283,-379.801311348449
21.325,-71.5683275426169,-122.492934247589
21.3255,-30.697551839018,97.8651007485292
21.326,5.16155759769528,240.59108950581
21.3265,38.7899504823134,335.961496411221
21.327,71.3681138413293,417.170850126085
21.3275,104.616244965739,466.5637904668
21.328,139.079915886826,458.977233805462
21.3285,162.517914592274,413.285155101405
21.329,156.610521864179,358.677653977192
21.3295,122.977867302348,290.141492948219
21.33,84.4953375484559,208.657762872575
21.3305,54.18599225294,168.414911367554
21.331,25.6455639968339,214.787781363159
21.3315,2.18027010054919,291.155771392251
21.332,3.99589139991774,280.645413984162
21.3325,27.6605951961897,151.134312729167
21.333,30.4975442018233,2.21415738997395
21.3335,-14.9790470816415,-52.7818312384969
21.334,-78.5102657652069,-14.5922054132096
21.3345,-120.917087466579,7.44214242107248
21.335,-161.515792596089,-96.6079094002
21.3355,-247.566106586246,-336.731421663259
21.336,-366.875451321538,-601.383951981862
21.3365,-445.832480748957,-738.176706234549
21.337,-442.694480179802,-688.209670368239
21.3375,-394.972877519363,-537.117973040016
21.338,-356.750632259623,-404.527307358383
21.3385,-331.892812398996,-306.473989687976
21.339,-296.785447843205,-182.579288544584
21.3395,-254.511680490065,-36.8885173117273
21.34,-229.063792886848,42.2001523170105
21.3405,-222.997653659336,22.7382904360022
21.341,-214.469232808539,-1.22487656934888
21.3415,-190.281549949381,65.5156955774731
21.342,-156.981275218334,193.8333223336
21.3425,-122.639430663431,293.295415747173
21.343,-87.1291828334015,343.425130381642
21.3435,-47.400779179556,385.193705653491
21.344,3.28874145178698,422.416445609401
21.3445,76.0343324056927,419.714301292278
21.345,169.301844160082,383.047424905889
21.3455,255.36178471421,358.109439328074
21.346,301.638204801553,346.922024726263
21.3465,306.196135422985,302.36073268975
21.347,298.151135273491,217.555464306772
21.3475,302.467917768657,149.975634500339
21.348,317.416747291817,134.783379502452
21.3485,329.00069617612,137.208077000792
21.349,335.931832960567,118.764738038365
21.3495,353.066151723345,93.4331395114818
21.35,390.968204810177,83.7921980943003
21.3505,432.240708703889,71.1274769968868
21.351,432.560939876042,27.5161078873689
21.3515,359.507301508503,-42.325237611632
21.352,236.336372404645,-123.701903019667
21.3525,130.44517575519,-213.524429298399
21.353,83.1671368533995,-285.794115038873
21.3535,64.9469473808074,-286.069547434136
21.354,20.9950917478576,-207.473023651891
21.3545,-50.5674775742071,-124.618763791251
21.355,-96.0155935325082,-94.6909445932351
21.3555,-79.1198909659999,-71.7451210516007
21.356,-23.8358891063267,5.9766447633873
21.3565,25.4382077889926,83.677556966807
21.357,55.4840204354631,45.3325338651561
21.3575,76.1836905543444,-108.529016257522
21.358,85.1813650148988,-245.383043851172
21.3585,70.2896864334669,-285.651976541381
21.359,37.0491497268273,-304.257335330282
21.3595,5.16603142801671,-398.002580101145
21.36,-22.5492046114418,-533.936561397099
21.3605,-63.8075757359298,-601.209990107983
21.361,-124.266644004214,-558.71717279148
21.3615,-181.387810669579,-453.637037352881
21.362,-210.454797432615,-325.760162756892
21.3625,-211.76336913384,-172.711711269354
21.363,-200.977954600774,-2.12644849738274
21.3635,-185.478703304447,151.711823330001
21.364,-165.88940901751,272.953795630447
21.3645,-153.764298539103,372.772994122063
21.365,-168.469283757192,440.666460103712
21.3655,-212.105658679872,435.563774232125
21.366,-258.945457998036,349.526436451735
21.3665,-276.51092303919,246.493176732505
21.367,-252.88755637602,208.162962062337
21.3675,-201.039087540603,254.405585349679
21.368,-141.892150453153,333.924882595663
21.3685,-86.900701154628,382.299666025086
21.369,-34.1058625214008,374.92537343918
21.3695,20.6390488197233,330.537284782963
21.37,66.9461409696264,278.804078285864
21.3705,78.4518630587753,230.766944986459
21.371,38.1155595454233,177.693152095305
21.3715,-34.6165257997594,107.973763777878
21.372,-95.2901846490439,12.858732825583
21.3725,-120.041346034494,-118.066641829072
21.373,-128.187625901602,-280.962593321971
21.3735,-149.535964985401,-429.408946093175
21.374,-181.311454233601,-491.728973423303
21.3745,-194.047249888551,-441.167264739905
21.375,-172.549652943084,-329.666584722622
21.3755,-130.105590097398,-225.835924812588
21.376,-82.5563129029426,-137.488248189252
21.3765,-29.4216768459712,-28.6713091011891
21.377,32.9586795549354,100.805873948989
21.3775,97.1738271608714,197.2861636924
21.378,153.591835847863,219.032802945502
21.3785,200.735081924346,183.255526417843
21.379,237.656534948367,134.647887415266
21.3795,257.557175181713,94.6133802816139
21.38,259.041946323908,57.0820499764522
21.3805,254.167144906036,14.5489456035643
21.381,255.793334567714,-28.4939587135262
21.3815,265.354157907226,-58.4251026032498
21.382,280.257696445569,-60.0141310626976
21.3825,300.925919120315,-29.4599791020595
21.383,319.715988735634,15.8229463133468
21.3835,316.498513217095,48.7939593460435
21.384,282.140929840026,55.3895384799209
21.3845,237.454466559928,37.3546631398665
21.385,210.485281565862,-4.3023276588486
21.3855,199.793168416355,-74.7232453915853
21.386,177.300521421042,-170.532573176962
21.3865,123.369604020646,-266.165096662566
21.387,40.8372663485013,-317.36945656451
21.3875,-62.1036012467618,-285.625485034001
21.388,-179.238895648704,-177.754248459298
21.3885,-291.297241160222,-62.4874544841976
21.389,-364.76974638081,-17.4096374897183
21.3895,-378.877674501199,-44.2370599293209
21.39,-342.905800288817,-67.8946394273655
21.3905,-278.074727332609,-40.08463628149
21.391,-194.064802719772,-1.87959513413641
21.3915,-95.9980798072634,-4.52437097100613
21.392,-6.40470275483225,-13.6405010888826
21.3925,38.310764674183,39.2877597105577
21.393,20.7091812750562,135.791862861222
21.3935,-34.952665765305,183.873557193177
21.394,-82.8759008916922,152.71291188911
21.3945,-102.812374354576,112.241614032408
21.395,-120.893621284306,119.541290665671
21.3955,-173.739605984392,143.13851793103
21.396,-255.434159020932,135.740869612142
21.3965,-317.758022770721,113.267779530074
21.397,-327.293868966098,111.739117736832
21.3975,-300.105492030643,120.655275157957
21.398,-264.89670799992,116.594389359095
21.3985,-214.947365010143,121.772416913781
21.399,-126.008756940229,167.508148309645
21.3995,-8.05545056127555,225.033457248614
21.4,98.5320104820943,232.668715665177
21.4005,178.277786471929,181.447683469349
21.401,255.485021561522,124.035432517579
21.4015,344.860239240816,103.902586078758
21.402,421.616920141914,118.318283070669
21.4025,458.511289614312,146.922268125756
21.403,463.905615464527,172.006934760123
21.4035,459.3670384341,162.155771487834
21.404,441.000265855781,73.7393683956163
21.4045,389.600814900557,-103.924802816103
21.405,305.939263315613,-309.792506142867
21.4055,211.570271815651,-435.575633063149
21.406,123.44875471909,-414.09576719551
21.4065,49.2866459874347,-301.498292899039
21.407,-0.150316107602551,-247.613921215173
21.4075,-17.9246556068253,-337.224811180585
21.408,-18.9986094338183,-469.386796916284
21.4085,-33.3001027664539,-460.152872188452
21.409,-79.5569931147499,-275.491476327722
21.4095,-155.703834813214,-82.2288996349949
21.41,-248.34742012596,-31.348888485542
21.4105,-338.26631412921,-77.9129518951889
21.411,-403.758082557397,-86.6373497384019
21.4115,-434.102940131663,-35.4704282984276
21.412,-435.039396168081,-4.86182094728589
21.4125,-409.696187511789,-14.4846752642341
21.413,-346.214322364142,-2.1773978533734
21.4135,-242.64585319642,42.4145087297627
21.414,-132.499892578398,53.6251951183021
21.4145,-59.8510841590922,25.3855163237444
21.415,-32.3619262518988,51.7175478204625
21.4155,-21.3561445537901,175.833503728661
21.416,-4.33813902695265,295.940666382947
21.4165,18.1681147353016,295.350973061329
21.417,46.7486382175247,195.927890019974
21.4175,94.3284577916582,107.508064404816
21.418,164.331310379913,84.4299756367595
21.4185,238.765066336589,115.533417943062
21.419,295.656097507562,206.420783021777
21.4195,321.183518037083,362.884554927915
21.42,303.248571271099,500.173760708565
21.4205,237.454716657672,473.671199648926
21.421,145.425446900559,238.007880726398
21.4215,61.028931334206,-86.2553723955933
21.422,-12.7897880133797,-341.603322705249
21.4225,-108.813461061653,-485.164844653986
21.423,-242.961319517591,-575.397256669778
21.4235,-380.235609810841,-645.711682240944
21.424,-471.046133155234,-648.7633290155
21.4245,-501.353957135242,-529.925077328548
21.425,-488.286446711002,-316.607947734033
21.4255,-446.941518220388,-106.380402941331
21.426,-385.439980315735,29.8796145227653
21.4265,-315.339072543502,114.18318632932
21.427,-238.263328778168,220.565431018337
21.4275,-132.472027998766,378.118700484233
21.428,18.9600790447933,534.704489093044
21.4285,191.675804050805,619.339321511177
21.429,338.156778595514,618.148510826785
21.4295,440.60012818002,573.532441221084
21.43,521.466168344939,524.543400783243
21.4305,601.552208936218,469.688236876568
21.431,672.217911743925,381.57772491899
21.4315,713.587038296492,238.509272040433
21.432,718.623852131233,45.4275583333194
21.4325,692.094750095303,-156.118480151814
21.433,642.927209121165,-298.118168680547
21.4335,584.00733389758,-326.781612237126
21.434,524.924975800863,-245.749642210916
21.4345,460.542233559439,-117.015101533835
21.435,380.627384480046,-19.522260676083
21.4355,291.317419062332,-5.46258794748123
21.436,207.317701065933,-75.9229569103143
21.4365,119.015038158383,-174.457687995882
21.437,-9.03547408139738,-214.231363974099
21.4375,-194.292992995925,-149.189257585393
21.438,-408.375051091237,-32.217116876578
21.4385,-604.260364552602,24.2960772002065
21.439,-752.35500743439,-32.1396529381397
21.4395,-835.715541116058,-129.779095992917
21.44,-833.775816546988,-148.904620400767
21.4405,-741.763258368564,-50.0102331737063
21.441,-598.180436889864,98.5443252104043
21.4415,-462.590338070367,210.978380873611
21.442,-362.1697764087,266.139815361152
21.4425,-281.344870900822,289.728718110826
21.443,-205.82325804983,287.021539927188
21.4435,-150.119338348321,224.690861289588
21.444,-128.334832850954,75.365719463037
21.4445,-119.77435667556,-141.622085088503
21.445,-87.7505880553718,-370.685750554438
21.4455,-25.8153170924662,-562.796909573208
21.446,35.4214318639418,-704.692285394873
21.4465,67.5104451595088,-812.480772869916
21.447,72.4332174464811,-904.29476914808
21.4475,67.9843848006927,-981.698256849243
21.448,62.9961836484587,-1030.49866459819
21.4485,59.0198100357173,-1023.11954135345
21.449,63.0262101313044,-914.79859001857
21.4495,79.062808814276,-665.097733897391
21.45,91.3903478842426,-300.1200881927
21.4505,76.9041863706605,54.8623235308499
21.451,39.1910512947333,258.256447964926
21.4515,11.3095643906727,293.89918506217
21.452,12.976679809046,291.554830842414
21.4525,20.8919570957049,368.492714654166
21.453,0.375671862413035,482.70604469728
21.4535,-43.2139312791716,497.614868347027
21.454,-68.6356473407303,375.051480828384
21.4545,-54.5089355333191,233.202056258918
21.455,-27.8968224406092,196.69347810263
21.4555,-29.1257519852319,250.962012926131
21.456,-67.3110243388399,287.349271742875
21.4565,-123.769190361999,253.785392476733
21.457,-182.681746918701,205.77433028131
21.4575,-237.273417297536,214.98464023829
21.458,-273.362053130377,275.361694154928
21.4585,-271.670380833491,322.373066246516
21.459,-232.681493595225,326.92485100368
21.4595,-182.302316351432,340.843095505505
21.46,-141.255459761037,434.973468037843
21.4605,-97.262893406625,606.163515373607
21.461,-18.8980390925535,778.455480680342
21.4615,106.838103353069,901.878901777919
21.462,262.128127497013,1002.70363447752
21.4625,422.689048385255,1100.32667887271
21.463,579.490565874868,1125.00633356767
21.4635,726.790469741117,995.96872454142
21.464,841.31765941064,760.949412315867
21.4645,896.582198426029,564.421942377109
21.465,901.564680717018,468.69009618593
21.4655,902.199002032725,404.052817816847
21.466,926.743826661027,322.881402265602
21.4665,944.815567681421,285.443561997683
21.467,905.800218311603,317.303430272099
21.4675,810.182807577116,289.905711691383
21.468,708.866583068388,70.7028866475699
21.4685,623.713934672087,-269.562372818173
21.469,502.218933557699,-542.678251106795
21.4695,276.656859265441,-712.12868731385
21.47,-50.3572806612229,-923.481777477627
21.4705,-406.317772011794,-1245.8183191766
21.471,-722.35178484172,-1534.04764522395
21.4715,-975.107583932854,-1622.2318414419
21.472,-1159.69739359033,-1536.83738949242
21.4725,-1259.77543323806,-1416.16570052544
21.473,-1264.30285042071,-1298.97114584458
21.4735,-1193.85525950185,-1112.88120023302
21.474,-1087.90821758643,-835.605349003128
21.4745,-971.608790631982,-548.172471930265
21.475,-848.924053016737,-321.574058142095
21.4755,-722.826222024353,-145.664317542875
21.476,-605.323548411048,3.81928186183789
21.4765,-503.688531852689,105.354562335253
21.477,-407.536360251487,140.723897497614
21.4775,-298.671994601394,146.437435462311
21.478,-173.322062738611,162.145462536157
21.4785,-49.3585199942969,160.143469370441
21.479,51.7522809574946,81.2504928059177
21.4795,127.473703743056,-69.7802129255318
21.48,193.037402878935,-211.847058319873
21.4805,258.944161673933,-271.274061149174
21.481,319.588310807489,-239.001276914683
21.4815,368.012651309692,-144.612518294076
21.482,409.417328068072,-25.539172661453
21.4825,448.420060404213,59.4908170535381
21.483,472.388155142644,47.7471722288169
21.4835,463.999391538313,-39.3967403386198
21.484,426.246527951097,-65.6227092544914
21.4845,378.013903506565,79.9325568267285
21.485,326.881130396852,314.633781282798
21.4855,265.235438607575,419.482388527393
21.486,194.087552001457,290.464152477373
21.4865,129.076908201435,58.1475945894901
21.487,76.3491891251513,-83.4370879838582
21.4875,23.4523480928701,-89.3605864424132
21.488,-34.5054456026685,-38.1299811477492
21.4885,-78.4124657950453,32.9756010224384
21.489,-90.0696302812286,155.130615605231
21.4895,-79.3650362417405,316.316489515823
21.49,-71.6360353356384,440.346496679505
21.4905,-80.5020233908912,498.6143418103
21.491,-107.627833501753,552.275230140234
21.4915,-154.522021376242,648.066189830412
21.492,-213.890141169335,743.379339898951
21.4925,-258.964905401719,774.038826777048
21.493,-263.551526108643,737.880873544324
21.4935,-229.530120403132,671.297786467764
21.494,-178.356098151565,594.628252535654
21.4945,-121.670792259271,522.848568880154
21.495,-57.6896743971184,484.483548661856
21.4955,10.7619106987398,483.647997792166
21.496,75.3694379131963,478.227301516089
21.4965,135.187115222932,436.554828173533
21.497,192.007969458072,382.203762341371
21.4975,240.28713436939,343.978420633267
21.498,282.393279087607,299.098724547102
21.4985,342.542539928959,211.432709842251
21.499,435.435436139249,89.3833632171717
21.4995,528.333463316409,-47.8075092033876
21.5,570.838148644312,-225.599310101578
21.5005,560.93092777482,-464.008008636445
21.501,540.147831682374,-688.8914008424
21.5015,519.21838531716,-775.803260263036
21.502,459.462102892482,-699.650623423097
21.5025,349.157041551323,-577.41369070613
21.503,247.766639968192,-531.722232906055
21.5035,212.24838699865,-556.599564491553
21.504,212.125663012133,-550.95542442195
21.5045,163.21079930462,-452.025542462816
21.505,26.2353317688151,-300.194318946054
21.5055,-168.663490951558,-190.932548351507
21.506,-376.297594011017,-193.075629831525
21.5065,-567.063776365387,-299.019847680982
21.507,-712.256112822981,-420.913302885176
21.5075,-789.575422871751,-440.903826133122
21.508,-810.943410504379,-302.30223806206
21.5085,-808.654047465545,-65.3770195326347
21.509,-789.802040082999,147.135285037552
21.5095,-738.395154453578,268.970073337912
21.51,-662.111986147603,332.360535903775
21.5105,-593.479065801428,382.016758092456
21.511,-535.316698568192,389.468133779981
21.5115,-449.099910486034,301.461576901795
21.512,-317.135140373774,151.87761232138
21.5125,-177.737127575584,51.971025524396
21.513,-73.2217599008902,48.4900698070232
21.5135,4.50044318813704,54.2953226250393
21.514,88.2531992455835,-34.9609183107547
21.5145,183.679026012807,-199.648468092351
21.515,273.864031037916,-323.947304978185
21.5155,352.443291475942,-330.997464334724
21.516,419.034818881111,-233.402132275258
21.5165,460.230086639004,-79.1241109399351
21.517,469.780806828258,80.4549174602286
21.5175,473.780309012072,180.072111112269
21.518,499.609639195063,174.443322788644
21.5185,528.759341358106,93.6420989270184
21.519,517.933546528638,8.70898211087787
21.5195,463.879342568165,-59.1182610853112
21.52,409.104741950262,-135.915971973821
21.5205,379.266681076671,-209.842076844468
21.521,351.936474737361,-230.316342122605
21.5215,299.2319445615,-202.091959758307
21.522,228.169011606983,-192.030044939591
21.5225,160.079031536648,-218.067368589226
21.523,97.4415355864693,-226.716132601016
21.5235,35.5638572672639,-224.272979993938
21.524,-12.2735443742189,-325.114938177835
21.5245,-29.9657021885939,-581.347420809706
21.525,-31.1879057181095,-840.184058075403
21.5255,-50.8449622938287,-883.795804579581
21.526,-102.076348473533,-685.338406413431
21.5265,-160.978875918373,-431.008391442127
21.527,-200.631413794347,-291.961994913379
21.5275,-227.786310472275,-252.686363941654
21.528,-277.423737547051,-175.277225489364
21.5285,-376.526116830588,28.6255347438613
21.529,-518.023807944219,316.743141968702
21.5295,-663.835067598357,579.472625699541
21.53,-765.059722164449,763.203169846232
21.5305,-783.058810730171,917.165628765763
21.531,-706.032854621378,1096.70943012073
21.5315,-556.394549407068,1244.15023651427
21.532,-378.675657029891,1241.78075700299
21.5325,-209.857672327641,1094.12930741933
21.533,-58.5187876528566,957.483016670461
21.5335,84.0506829911585,933.663716721721
21.534,217.092667329265,933.278374874173
21.5345,325.514146902282,834.811397782075
21.535,400.570048525617,689.006903770743
21.5355,451.786413966942,628.146068593041
21.536,494.503669108959,620.890535278575
21.5365,537.323473788679,477.967960680583
21.537,584.46420998715,116.907638337505
21.5375,633.276257758927,-311.171312793913
21.538,660.085783573938,-602.388124665827
21.5385,625.800791647357,-709.527748816966
21.539,512.691370479206,-727.130505552705
21.5395,346.407004173512,-753.730085110175
21.54,167.713638480452,-825.913923415538
21.5405,-7.37979323467852,-928.050286544622
21.541,-184.425377650207,-1005.7874284162
21.5415,-359.220852626447,-994.531731498487
21.542,-510.534049832614,-869.495702678763
21.5425,-619.539957609335,-655.742794067029
21.543,-679.404495078844,-388.25037782922
21.5435,-690.062889541773,-93.6834183746903
21.544,-658.735196521836,191.756828242233
21.5445,-598.542772039655,426.638861451929
21.545,-510.614753637523,585.235655585749
21.5455,-378.827139416716,643.797790378572
21.546,-204.434721739149,574.159505142458
21.5465,-34.3545360621785,405.247809298174
21.547,75.9120227354323,255.585383301171
21.5475,124.43743988388,219.308624313828
21.548,158.663965032552,236.72049780107
21.5485,212.014101920192,169.987738933097
21.549,278.333974680722,-6.03743256880187
21.5495,349.501838928844,-195.932117060117
21.55,436.856939176826,-354.550267538374
21.5505,541.606590036606,-519.417669642047
21.551,640.494879099696,-644.234175519801
21.5515,719.250308274171,-569.403725277112
21.552,785.899559974378,-261.169587001057
21.5525,828.440736652968,49.9082850771063
21.553,795.119353757862,108.573669601473
21.5535,652.004942759966,-63.6256352031699
21.554,436.351500636554,-240.980162403977
21.5545,217.493481196754,-310.708138805022
21.555,24.1715093306515,-363.884650498131
21.5555,-151.385985320932,-482.157426323444
21.556,-294.542750318138,-591.832188440624
21.5565,-365.425702687869,-585.292125262139
21.557,-362.007599186295,-480.449645854449
21.5575,-343.912590118761,-381.274086787527
21.558,-370.573314768125,-334.521078251532
21.5585,-436.65968340473,-296.254980409072
21.559,-488.505394200973,-217.733202289898
21.5595,-493.860337108998,-101.039958788571
21.56,-477.621038345739,40.38406847527
21.5605,-487.484771886054,229.553634462764
21.561,-535.25470437294,489.284074359934
21.5615,-584.227953980422,760.440311426089
21.562,-597.874393886175,908.196315328029
21.5625,-583.858364760494,855.935606917294
21.563,-566.627578111851,692.408883105672
21.5635,-527.073471369784,586.797803540771
21.564,-412.708754790746,597.030977785305
21.5645,-220.43927586855,626.404170444975
21.565,-24.4419123690667,582.165446678478
21.5655,110.617921210706,495.221614070289
21.566,207.114283113794,435.481028586004
21.5665,321.521630270373,387.005215983568
21.567,444.867124950506,295.573000699023
21.5675,514.954173860492,197.085198565445
21.568,514.203175655556,191.696457651372
21.5685,491.748293652299,282.605452796489
21.569,485.234230987115,328.892704600064
21.5695,481.843192435234,201.35401508288
21.57,470.896087196496,-60.335239025215
21.5705,473.117821500505,-284.852194113329
21.571,485.517574450157,-343.751384482602
21.5715,448.668501377102,-265.987194225659
21.572,314.876283147302,-194.299758290374
21.5725,119.194107518602,-250.273043752275
21.573,-57.4501521310342,-438.990719128091
21.5735,-173.754587980391,-667.380658891774
21.574,-241.589789847294,-839.248964676103
21.5745,-276.964779609609,-926.453819387362
21.575,-280.216614276776,-960.141415171545
21.5755,-256.462268304666,-973.829863555551
21.576,-219.1423775165,-957.136249394182
21.5765,-173.441945004203,-852.46647607418
21.577,-120.193272621439,-606.3725737892
21.5775,-70.5684129902475,-249.799489581649
21.578,-35.0036550700725,81.913657599849
21.5785,-7.30201489991758,251.263811599286
21.579,16.4554354091326,249.992406676772
21.5795,15.415758119465,195.409242177768
21.58,-29.6915087295819,192.821126927309
21.5805,-95.3126814106032,244.534368343355
21.581,-132.048134242781,301.260043046871
21.5815,-121.486644144897,344.393151366643
21.582,-88.3132188771252,385.152047556289
21.5825,-58.3823665435292,427.644504582378
21.583,-35.2546710109372,471.5550155453
21.5835,-18.9002282094131,521.170361743997
21.584,-14.4655093071445,563.279484020517
21.5845,-13.8649023324543,568.397988354423
21.585,3.0266486521289,538.228650698611
21.5855,37.8785939663843,512.963200448786
21.586,68.4883371982836,503.89486855085
21.5865,82.9926103265655,461.144837796056
21.587,94.3534696918408,341.176446522674
21.5875,109.722694586833,166.017246099614
21.588,113.156761733852,-14.3610898879675
21.5885,97.8770603871743,-169.547445235058
21.589,91.7564913136621,-265.253515900496
21.5895,124.322469711962,-256.38611230544
21.59,181.878984652745,-161.74210637865
21.5905,219.877306229087,-90.8798709010593
21.591,210.877194415357,-123.799945259379
21.5915,156.513843323376,-201.225980721808
21.592,59.4877702539769,-204.806934362946
21.5925,-84.4435499078575,-112.670648936567
21.593,-257.398963409441,-1.99787984106761
21.5935,-406.29661450901,70.8165848987998
21.594,-478.99834961367,107.866858679022
21.5945,-466.703376499424,108.614168559692
21.595,-397.143895090909,64.7262515138677
21.5955,-293.187497861248,17.7274341161493
21.596,-159.082596699054,33.8503200091496
21.5965,-10.6569451210919,98.4989016457111
21.597,106.032463199111,102.994813932167
21.5975,149.478369568094,-34.8934462555904
21.598,127.73887554394,-281.548690251266
21.5985,86.3166127310445,-533.390900070764
21.599,55.9928754671742,-708.817616249036
21.5995,39.512186178916,-778.721851866398
21.6,47.6418942862804,-743.268650915331
21.6005,107.770030457392,-607.082868109095
21.601,218.910270545405,-382.116257235992
21.6015,333.878935952446,-123.740252745606
21.602,413.487113623854,55.3479537805181
21.6025,466.377529334657,74.4187376176825
21.603,501.607848563193,5.23271659566842
21.6035,477.291305229026,12.5312437498406
21.604,349.444928128039,119.620195736494
21.6045,149.840036625248,139.35906805267
21.605,-45.4107007005838,-56.7049625422818
21.6055,-213.206061643919,-301.859748796289
21.606,-382.194832699992,-327.279759883248
21.6065,-536.852878157368,-128.038225704041
21.607,-603.935263876156,56.4765416520655
21.6075,-559.392674054379,105.855122309192
21.608,-475.328287359695,143.370117626238
21.6085,-419.802588071923,262.391766759105
21.609,-373.563877000885,355.69992498356
21.6095,-295.21639555899,327.864357251355
21.61,-207.780207425691,289.112392930221
21.6105,-153.883894221741,382.464450266898
21.611,-111.082419712867,551.879483105495
21.6115,-26.9344744843047,644.827182932561
21.612,91.1436073660759,645.259114535071
21.6125,195.524416832913,637.834035694446
21.613,285.951663604673,615.612696042531
21.6135,398.366359311467,501.157112451021
21.614,516.753612493974,320.298242726724
21.6145,579.034164876142,180.098392494319
21.615,575.806172739906,80.0810770669102
21.6155,564.065701716222,-89.60937857068
21.616,568.441343234522,-339.357352933259
21.6165,547.06329849838,-519.530605205184
21.617,479.665859515721,-519.835476039573
21.6175,409.68327546855,-408.571439952425
21.618,357.659572637916,-309.055592266619
21.6185,266.690334867004,-230.913559822912
21.619,92.4356996925853,-97.4245502420631
21.6195,-111.057212847242,116.193946140387
21.62,-261.98260235076,331.608491280029
21.6205,-362.968367341703,426.165909785997
21.621,-471.10978007719,322.046178335208
21.6215,-586.283567377115,59.8461924163301
21.622,-646.37261596688,-203.211036171379
21.6225,-624.700781138948,-320.092944041077
21.623,-562.444240832893,-293.939480315822
21.6235,-499.328143360513,-244.942900190417
21.624,-431.26269955977,-243.988859070082
21.6245,-348.481849479468,-256.150078549746
21.625,-264.898686739748,-254.101067368965
21.6255,-191.517205001296,-283.404163660423
21.626,-119.371382148015,-368.065298723201
21.6265,-45.4513318121024,-441.728488104973
21.627,14.8859587999854,-443.818619090905
21.6275,52.0663749638319,-418.042804954509
21.628,69.4235583015542,-439.075422067196
21.6285,59.8462289040853,-489.731913826494
21.629,9.90417689525815,-488.648395225878
21.6295,-61.9708104896184,-408.339659318471
21.63,-106.701048763201,-293.186904780736
21.6305,-101.066335590282,-181.341130560664
21.631,-73.5994620751797,-76.7140646697233
21.6315,-58.1515869707768,13.6587377953981
21.632,-51.4593706593677,76.87910210341
21.6325,-35.3450653218339,125.742060390001
21.633,-10.748259671231,183.175312485002
21.6335,15.1628861213646,239.341357081315
21.634,50.4564055813644,266.079801699654
21.6345,99.6034065244564,264.579919408225
21.635,143.323914908283,259.808383139419
21.6355,164.488518415226,264.971708136148
21.636,176.224405511443,294.547049782662
21.6365,195.135911088108,386.979882493103
21.637,202.55558110696,553.488336386899
21.6375,167.834002541863,718.778599468595
21.638,104.531762436546,780.982622589153
21.6385,69.4032765581259,732.641854710302
21.639,101.245400550031,662.175262361293
21.6395,185.578032504525,632.010084793315
21.64,283.025336076575,615.855138328377
21.6405,367.315402351355,562.828231975028
21.641,425.548156518113,458.496596166839
21.6415,441.46522885192,306.862677145965
21.642,397.004231775132,117.461758916393
21.6425,289.571926158135,-62.4260937751895
21.643,143.466413744441,-161.790625049211
21.6435,2.90950168059463,-167.302476973517
21.644,-94.6036156025163,-144.825911478611
21.6445,-147.091320999181,-151.161117156136
21.645,-185.359669923749,-171.089735737651
21.6455,-234.058406567975,-168.091420761435
21.646,-283.486684138721,-141.714470082543
21.6465,-307.396506578512,-98.0802294541107
21.647,-292.761862302561,-21.3728334872589
21.6475,-236.082856899824,73.6375671774608
21.648,-129.587656499651,109.67691315706
21.6485,18.7181484382253,28.392912594664
21.649,161.805012479031,-130.139024042729
21.6495,247.22958800668,-284.936424498997
21.65,275.598749014601,-418.967803344242
21.6505,292.193275228901,-569.996560090449
21.651,317.125579198119,-748.84097933766
21.6515,323.168560909866,-929.495671984605
21.652,295.672606481971,-1091.43050961093
21.6525,269.918254405521,-1199.9791035621
21.653,275.399433893146,-1167.22723916656
21.6535,274.847914262971,-918.946303032227
21.654,203.219355381878,-506.745529600357
21.6545,54.4076132672536,-85.0033044016518
21.655,-111.958760491173,231.806658414167
21.6555,-246.104815481592,430.438053313162
21.656,-350.359916455537,524.96986637125
21.6565,-440.924172008585,506.852410165003
21.657,-507.669694594206,393.856181325218
21.6575,-533.877228453646,257.723879179742
21.658,-530.333812084293,162.30171694519
21.6585,-522.813528977873,116.47247973986
21.659,-516.024640520474,108.215891500896
21.6595,-491.778173149901,133.063761144485
21.66,-439.090428000444,165.765839767719
21.6605,-367.88904133149,160.439054535828
21.661,-292.004586421538,113.23495446659
21.6615,-213.834325215829,77.8364062325974
21.662,-131.562760664341,86.9621107983232
21.6625,-50.7538832768128,106.377112025774
21.663,20.6962578997769,101.015952997514
21.6635,84.6216119371573,95.7013920314096
21.664,149.835323098259,124.670919603748
21.6645,216.986311940671,165.236651731506
21.665,275.006067795596,175.842541438558
21.6655,315.868560312452,168.697154956676
21.666,342.816732733527,189.179162761599
21.6665,355.150529530041,240.438163624947
21.667,335.170143914264,276.167052307163
21.6675,269.052786400378,257.880350606931
21.668,179.063815825771,181.638415016128
21.6685,112.018691256389,60.9641643275837
21.669,85.5013511107331,-77.7469563626398
21.6695,63.7384779719387,-188.85985126371
21.67,2.94547200972482,-231.887434948225
21.6705,-91.9401609862684,-209.192698740725
21.671,-173.778747725218,-166.088877276124
21.6715,-207.829681359003,-152.290816469277
21.672,-200.593622198113,-178.88130926973
21.6725,-179.156252145825,-199.031590998363
21.673,-162.549624174659,-145.786998856719
21.6735,-154.455740752187,-22.047791446263
21.674,-145.768538907006,70.1279537796961
21.6745,-119.083149371056,54.3535827809469
21.675,-63.3721770994112,17.6484394718165
21.6755,11.4179850543715,122.275782426558
21.676,82.2971062166726,363.718384433558
21.6765,134.191877522321,537.579974216767
21.677,164.76538791938,507.809240599093
21.6775,177.786022184699,388.385765078426
21.678,189.45039146184,357.389879127125
21.6785,231.450248475672,396.08981762899
21.679,317.858892247181,353.886381456455
21.6795,408.32195004742,200.89541827144
21.68,437.067156922554,51.1226261447984
21.6805,389.163280936851,-35.6495815238609
21.681,317.444265138578,-106.456778441617
21.6815,268.300837392286,-168.102285099394
21.682,223.421079938182,-159.913241744574
21.6825,141.853377409234,-114.569008001228
21.683,30.7526742818609,-181.852149747502
21.6835,-65.5115187600343,-406.443847816794
21.684,-131.860424352781,-611.400245214063
21.6845,-195.750956023652,-607.582757781616
21.685,-275.518231526005,-423.697921785514
21.6855,-353.622337139706,-223.061804643533
21.686,-407.732488472278,-74.742981198631
21.6865,-434.451995111009,66.5106447038613
21.687,-429.770478360832,202.264121492805
21.6875,-376.611070075517,251.770702901111
21.688,-272.656438453261,180.09081389203
21.6885,-150.162828802062,61.8671981710782
21.689,-46.4964819303292,-13.8930580207272
21.6895,33.0281351558851,-36.4870450353902
21.69,105.778056456606,-41.2461181803468
21.6905,176.666753328265,-33.4502148617628
21.691,231.255757220042,14.6779114670949
21.6915,258.048683899468,101.785455235955
21.692,261.104150666064,158.240629815905
21.6925,252.887327125924,92.0547901612119
21.693,247.081117365802,-105.169001888933
21.6935,254.65446936261,-309.993186527024
21.694,273.130423300065,-372.852431604361
21.6945,280.638354542357,-286.33350932361
21.695,253.363944522249,-199.378944311232
21.6955,190.642054982034,-238.98108505777
21.696,113.286318061911,-372.517094742234
21.6965,36.0922484700163,-486.110360299111
21.697,-48.7550897773852,-534.350842825787
21.6975,-158.527498613659,-537.64901745747
21.698,-296.719935909391,-479.712213552389
21.6985,-443.182172854114,-314.75140952227
21.699,-560.369540986915,-76.3234658517716
21.6995,-610.929508034852,119.259988770596
21.7,-581.78439659169,210.342454596115
21.7005,-497.911893630596,256.82846173139
21.701,-406.209333251714,329.254121799906
21.7015,-338.781121301419,396.858589649056
21.702,-292.535876633824,387.601379596708
21.7025,-243.911612612078,315.758557821054
21.703,-175.699343790817,273.860213497865
21.7035,-85.7645970841125,308.989118511488
21.704,20.9436053384391,378.476170234031
21.7045,136.909502517953,438.13233721397
21.705,249.348238147508,502.991714919408
21.7055,343.354752694097,580.627393344834
21.706,413.249440528849,603.777360043166
21.7065,467.376455580724,502.158456366368
21.707,517.360596794867,317.334982325388
21.7075,562.745871825154,166.161872930573
21.708,588.080860164117,86.831759575031
21.7085,575.735241549667,3.26653494428142
21.709,521.574937280301,-132.051508672378
21.7095,438.195788427964,-249.153934941965
21.71,343.170549559732,-276.945129703094
21.7105,245.755758574824,-271.622325032444
21.711,146.907341953447,-332.363610711739
21.7115,49.5416115607069,-434.966327410631
21.712,-39.1208340020607,-460.859235867096
21.7125,-119.186716040408,-375.503235091045
21.713,-204.586575326903,-263.499112049733
21.7135,-307.465163420482,-180.171998377424
21.714,-416.548193853904,-87.0931331301048
21.7145,-500.983565790433,30.5827265411821
21.715,-539.6748585519,96.4717433669284
21.7155,-539.692590168676,56.6900032313566
21.716,-520.466770359658,-27.0821359986953
21.7165,-486.063145973309,-67.7846361073448
21.717,-421.759191226196,-63.3509498198693
21.7175,-317.361869932251,-49.575737442013
21.718,-187.567024301787,-15.8777185239278
21.7185,-66.6605899207144,51.6318851579142
21.719,16.5340897947184,105.237100454654
21.7195,59.8167137551353,101.183127191872
21.72,84.5641605134116,81.0448254951714
21.7205,109.858798513764,103.105761803728
21.721,131.742144258218,142.255883914204
21.7215,134.394395748794,151.179773312813
21.722,119.058012880455,171.387779300079
21.7225,107.139272585648,267.61405711336
21.723,109.290016785483,380.046974033791
21.7235,107.843127422996,368.890302184792
21.724,83.93673255554,208.993033737527
21.7245,49.0591119699614,25.1219304092816
21.725,29.7674360625174,-81.3292265924095
21.7255,28.3540441274375,-130.16325421061
21.726,20.4361345589662,-162.094053063628
21.7265,-11.6418380500304,-155.793396046259
21.727,-65.2872221584613,-100.676280301851
21.7275,-134.02810909019,-58.4782304994133
21.728,-207.115126016958,-78.6992720537536
21.7285,-247.284904097311,-114.302035496125
21.729,-203.593601053988,-89.9220476072461
21.7295,-69.5181026022043,-11.9894289366988
21.73,92.0126108302066,48.4858595816016
21.7305,204.264627105957,53.9381687738535
21.731,245.14006977684,31.6593902362699
21.7315,245.337152703507,25.6509477576772
21.732,238.50551657988,52.2094168240863
21.7325,237.79131802333,89.9896995395028
21.733,247.348541285186,95.7293216105319
21.7335,267.923117720241,45.7612359394798
21.734,294.037896434554,-36.1150728209902
21.7345,324.095305421195,-117.095625554255
21.735,363.94646972745,-203.899931319173
21.7355,402.087010954264,-298.96273418407
21.736,399.427759822673,-328.930278973147
21.7365,334.638146314307,-212.071811522041
21.737,245.450348902432,-11.2445497762424
21.7375,185.728650759822,85.4676802933709
21.738,149.273033832988,-14.7386486432329
21.7385,82.2832888332603,-200.737740229441
21.739,-27.3174110124614,-327.508090252432
21.7395,-125.409839061375,-394.927010551333
21.74,-172.781929363943,-468.569331391535
21.7405,-200.028202380834,-517.491846187927
21.741,-249.936855391838,-463.633571411473
21.7415,-306.991692184559,-340.526274620596
21.742,-327.505987092289,-258.706806907636
21.7425,-312.821354413444,-224.997189632092
21.743,-305.541021587694,-133.754119840081
21.7435,-324.133089396236,44.5734700255588
21.744,-342.202168276534,193.895520028948
21.7445,-330.340887457129,216.394751863762
21.745,-286.284514820842,159.830316354364
21.7455,-224.839795163744,122.097989387221
21.746,-165.636193404383,117.699153494184
21.7465,-128.99642345327,111.367583076718
21.747,-117.822330915075,114.982629221547
21.7475,-105.222459753098,166.726521820641
21.748,-64.7997660817203,252.64544559915
21.7485,-10.594572906529,324.052560878923
21.749,18.3007705053166,370.316234035104
21.7495,9.57917849955844,410.613554870834
21.75,-13.3780335872077,432.80394937781
21.7505,-31.6636600830141,406.323872714518
21.751,-47.7355810402316,349.930264965887
21.7515,-59.1956680416187,326.035567046338
21.752,-49.288315222228,360.682909823139
21.7525,-15.1070877934152,415.365809945056
21.753,21.6996279958744,444.281755005514
21.7535,44.4566891280075,438.71624113379
21.754,58.3064548119716,410.437649233032
21.7545,67.7158187924749,372.202068534971
21.755,62.4946544890633,340.053118258647
21.7555,39.0065791823981,311.914087917253
21.756,11.505462364135,236.980240705625
21.7565,-10.7170855094905,58.4430122388676
21.757,-32.8358091706193,-191.284295199203
21.7575,-47.3748735691449,-387.828508910875
21.758,-27.028330188919,-443.129081531847
21.7585,32.5156388418775,-396.291529485368
21.759,88.6345588371709,-337.402314113265
21.7595,100.174079609121,-285.574125119258
21.76,80.9424997450904,-205.461996058574
21.7605,74.5823702221556,-114.599740150545
21.761,92.0684960569811,-88.6722688086958
21.7615,108.61503135169,-151.64802167472
21.762,112.561241764353,-235.412298963124
21.7625,118.959580416667,-276.487316443872
21.763,134.122304887852,-290.565848512189
21.7635,142.2723024755,-314.46113142406
21.764,136.222788980698,-334.008644826709
21.7645,132.205280601459,-324.831140614095
21.765,141.837617886009,-317.408696302708
21.7655,153.132600441845,-350.89144188457
21.766,153.717591666319,-388.478521680208
21.7665,153.136646450947,-353.604489953961
21.767,164.454838846494,-242.368848971976
21.7675,176.642347581496,-127.256452750748
21.768,163.525979671012,-46.4866689932667
21.7685,115.894311607801,33.0620144027301
21.769,52.1637779442425,123.265069807569
21.7695,-1.37944776914483,165.952323959963
21.77,-33.1291832781506,125.413367332876
21.7705,-50.1932529821854,67.4243148887357
21.771,-65.3275134212852,81.3385314973475
21.7715,-80.7946427985213,161.779643918413
21.772,-85.8038137394372,232.493593381278
21.7725,-71.8447809958949,260.637388358096
21.773,-46.6665150094448,275.369448573578
21.7735,-26.6298716889448,282.076987234318
21.774,-18.8023930499267,235.076892232221
21.7745,-19.813064172178,116.338192721479
21.775,-29.081747654023,-16.6278731248016
21.7755,-49.9526636661439,-93.7276032822159
21.776,-77.4694916302765,-104.637723038375
21.7765,-99.6102100056154,-78.8489399693679
21.777,-115.00137267021,-28.4251317902391
21.7775,-135.85220644705,48.9159171031667
21.778,-165.994155083338,128.09864153291
21.7785,-188.051900015543,162.008837440271
21.779,-183.320558809072,133.415009535216
21.7795,-157.218285272239,74.4897918663693
21.78,-134.333107717242,26.412511799921
21.7805,-131.143101371579,-0.96401480173288
21.781,-140.969468126558,-18.633612929478
21.7815,-143.050383114608,-25.3897904128406
21.782,-119.813008505274,-9.21489848340706
21.7825,-67.3708611955264,17.4136082604611
21.783,3.52527922694045,8.53915121811077
21.7835,73.9471049076304,-64.23339723939
21.784,125.582538413421,-155.840473597072
21.7845,145.884815761711,-172.548591347035
21.785,130.69377924444,-70.9890323162714
21.7855,88.4533434436637,83.107185954284
21.786,40.0019169581523,178.107537169452
21.7865,5.81099844084179,172.435797152434
21.787,-8.73282648887913,124.898190350887
21.7875,-11.1964316603576,111.728388861277
21.788,-8.26579126794485,142.019670177678
21.7885,-3.16884065052389,167.02079654638
21.789,-4.58456537089409,148.476785944022
21.7895,-23.3812488925226,91.6715692571331
21.79,-55.4522408631935,18.3893141561622
21.7905,-79.9975794339577,-65.3258687395851
21.791,-82.9974990438602,-162.810585933309
21.7915,-73.9985292383172,-260.761804409879
21.792,-72.2950822724724,-326.40259079943
21.7925,-83.8301170151048,-335.475113262862
21.793,-98.5857266414405,-296.680961563706
21.7935,-103.501467676431,-241.122287551412
21.794,-90.834861174284,-189.349180248547
21.7945,-60.8446313982569,-138.064140812399
21.795,-23.9555376178737,-81.17546461092
21.7955,5.82016873920266,-30.5609322017666
21.796,26.6415766740079,-3.38182784764186
21.7965,51.6928393007856,4.48562785751306
21.797,89.9267744727364,16.9026440482752
21.7975,132.2132558643,49.8425654647603
21.798,164.696271959645,98.5494410811088
21.7985,186.422993972694,151.627855990708
21.799,202.224485823462,200.30385673773
21.7995,206.760685462704,228.289764410951
21.8,191.396856766633,212.242141730764
21.8005,163.467039853869,149.498001875699
21.801,143.336757695561,75.5791293369128
21.8015,141.62042902086,35.7176134508518
21.802,151.121436409861,40.5716629406549
21.8025,161.541025482695,62.1733248981445
21.803,169.994257684655,67.6048145575216
21.8035,174.261447353472,39.2058706182477
21.804,165.855747429663,-31.9957541526987
21.8045,135.440787865855,-141.055728740014
21.805,82.4220329089371,-245.338575085081
21.8055,19.4727573396685,-275.78472085255
21.806,-31.2389365109845,-201.625188953561
21.8065,-54.2145238421885,-70.4346061977987
21.807,-59.9760624713138,45.7492396206453
21.8075,-78.9353078913045,133.88949556922
21.808,-124.577029831032,231.37514309183
21.8085,-172.265489395655,336.212452800516
21.809,-189.796103200858,379.266840788915
21.8095,-178.292816765689,314.787108007429
21.81,-160.613487496951,196.386616404857
21.8105,-138.314010886546,114.058231603008
21.811,-92.6178066436306,77.1024166800236
21.8115,-29.7306689783232,15.6903096022978
21.812,10.4290486589942,-103.287103713211
21.8125,4.41466606237267,-219.611987933985
21.813,-26.6535306555299,-257.850982194066
21.8135,-57.2472887616907,-213.873465433138
21.814,-93.9696436567743,-131.391068011178
21.8145,-143.922463033464,-31.5719682453545
21.815,-176.146879227665,86.8074261755911
21.8155,-158.142657762829,197.806062239794
21.816,-116.670869235596,252.923443729487
21.8165,-113.196425795055,239.959537470774
21.817,-155.487751061379,197.190160411855
21.8175,-178.864514759253,158.153188151815
21.818,-131.646119174688,117.430292736279
21.8185,-40.9474846269928,68.2061812857974
21.819,32.63914066582,38.3328490855904
21.8195,75.7949278827255,53.2716195827598
21.82,122.220920307201,80.7578887023113
21.8205,187.490567743645,54.7277777252392
21.821,243.663665564656,-41.9680646686215
21.8215,261.72686727992,-153.891029843365
21.822,248.494501382557,-225.54150289911
21.8225,227.934337835882,-264.649286200476
21.823,204.837365158573,-305.142269235615
21.8235,164.030016500991,-334.159018246448
21.824,98.7596636015011,-305.814197131386
21.8245,26.4049520441959,-227.676849320361
21.825,-24.8963132442606,-181.50242167623
21.8255,-39.5382055782914,-229.837572437815
21.826,-24.5424551213233,-336.00567436315
21.8265,-1.3141707754805,-412.881165882817
21.827,10.1007168745994,-428.401034055421
21.8275,0.48836083341329,-420.303977398956
21.828,-29.1284089554186,-417.698188658151
21.8285,-70.9687239894096,-397.087585257933
21.829,-111.936096476448,-324.778219955861
21.8295,-137.66810887039,-203.802344699801
21.83,-141.589743636746,-63.3289506981693
21.8305,-129.943817162859,67.8437567583895
21.831,-115.408749158646,162.625315933173
21.8315,-106.799303589475,202.917566307276
21.832,-105.711141868031,209.058763641116
21.8325,-108.516209527778,236.493828038308
21.833,-107.760476275167,314.721880644019
21.8335,-96.1560969954548,404.54112226955
21.834,-75.5788578823762,440.456487755665
21.8345,-59.571314009906,404.200030964394
21.835,-59.7295564666751,335.500972797775
21.8355,-69.7050519031635,283.054902117273
21.836,-68.9331441467318,267.934302925521
21.8365,-43.9622586373085,283.748666892352
21.837,-2.96935996907974,305.125544215902
21.8375,30.8232307325768,299.201160076802
21.838,38.1817566444144,252.919749934494
21.8385,19.9894204161081,190.621338689886
21.839,-0.431015839797901,148.009610958226
21.8395,5.25410889315657,130.905217521998
21.84,42.6547193446037,115.611987538384
21.8405,85.4901317336192,84.2831420530733
21.841,101.475504513712,39.1477479377739
21.8415,85.845173332812,-14.8857019747336
21.842,61.1150737404264,-76.5701797129619
21.8425,47.0159490474327,-132.415544913146
21.843,44.1413126422454,-156.96293343252
21.8435,47.1610336540889,-141.297945584331
21.844,56.0837631177217,-108.243065924332
21.8445,66.2230674606704,-88.1156032620116
21.845,63.054787688345,-87.4717854143728
21.8455,41.6556690305569,-90.8931332362494
21.846,21.3279099514962,-87.5624342811491
21.8465,25.1255450412212,-84.9245015046392
21.847,50.0416315679556,-93.8912844364159
21.8475,71.8196716223177,-107.020239841658
21.848,75.4298833358155,-100.402177188502
21.8485,66.1756411874813,-62.2504213199084
21.849,53.3990221717037,-13.9779296638083
21.8495,39.7240905453265,8.34349042369549
21.85,27.5023049069913,-6.19016286775187
21.8505,20.3255274378995,-32.7330649455725
21.851,14.6754366362455,-40.5817669857186
21.8515,3.83289618833884,-20.7189903211726
21.852,-6.58722922893049,17.2362200223539
21.8525,-1.61170634381636,56.6334031515933
21.853,19.9115070044711,75.1416875757236
21.8535,40.4290498263983,54.456444529651
21.854,48.3554614986082,2.9938440884746
21.8545,51.2174427721703,-45.5087106977497
21.855,55.6346812478563,-69.3934401950394
21.8555,53.471677678853,-81.1743813146264
21.856,43.0408981820815,-99.6719742462583
21.8565,45.3191683518107,-117.030880912136
21.857,75.4810894502466,-110.971138503406
21.8575,110.31805506954,-75.9854849661821
21.858,111.317998939193,-25.1886852836692
21.8585,75.7496087314286,25.220765154733
21.859,38.0736892709046,57.4180104152679
21.8595,21.0062476942011,55.7674588087304
21.86,13.2217160776599,29.2100657710944
21.8605,0.643014717281598,11.2014038164498
21.861,-9.38353984541894,14.8702993839076
21.8615,-8.74222363064525,11.1482457926627
21.862,-8.4510998762121,-17.3183840107169
21.8625,-18.9540541742709,-24.6451891240029
21.863,-29.4752367818087,48.6043483371695
21.8635,-27.5234456514487,182.321364097758
21.864,-23.3441591243087,281.083111119059
21.8645,-32.3452201046332,275.957329491593
21.865,-46.308927237529,183.792270667441
21.8655,-49.1968666612219,63.3449487782296
21.866,-54.398277613476,-43.7261520379273
21.8665,-95.5807971905444,-117.71651580158
21.867,-176.965176496098,-151.085891935582
21.8675,-258.707389371633,-158.54075177883
21.868,-300.701439841382,-169.454191205666
21.8685,-300.757570027926,-191.303315974688
21.869,-280.153678312762,-202.625561023256
21.8695,-251.45257231354,-192.552141451515
21.87,-215.554187526704,-178.259142878139
21.8705,-175.778110827292,-169.350753405869
21.871,-136.43193811786,-146.191815073763
21.8715,-93.4069428899296,-94.2687435844824
21.872,-40.6411433745531,-33.9442029500181
21.8725,16.6640211957394,5.5022076325876
21.873,65.4284086069103,19.4523946255686
21.8735,97.9949687024113,17.3320055418624
21.874,112.920671092879,3.02231072738997
21.8745,106.763005864576,-13.1585988369631
21.875,77.2114405897038,-7.64463929727839
21.8755,35.1742549494582,25.2519671340823
21.876,3.53780792986475,54.6685535435509
21.8765,-1.74481894943737,50.8604794212438
21.877,13.3004733831304,25.0465158151736
21.8775,26.9799867915595,8.04079405115685
21.878,22.7826863768853,5.29148450397469
21.8785,2.91231730840832,-3.03779213125064
21.879,-20.8143679291089,-32.1450754043886
21.8795,-48.9944892983763,-84.85573115471
21.88,-97.7560250353779,-156.349466940847
21.8805,-168.298862520608,-222.52631993183
21.881,-220.025467602593,-242.770157763757
21.8815,-197.561090968477,-203.484496297894
21.882,-94.2048838534993,-142.515587683625
21.8825,29.3113540777222,-99.035978024803
21.883,104.763947558178,-54.7690405946011
21.8835,123.085047653373,38.4358646415635
21.884,126.036371220968,182.782520016377
21.8845,145.810896238088,324.890564695366
21.885,178.17306824286,418.433203248207
21.8855,209.91539801683,461.113262704532
21.886,242.777601337721,472.12148568305
21.8865,281.013400800735,469.682359148973
21.887,316.363435215429,471.303229427733
21.8875,338.051394220433,478.318763814982
21.888,344.527272380265,456.05375593684
21.8885,335.932388070942,368.556955033754
21.889,307.949064229087,243.027820668597
21.8895,263.694018507837,161.693324554125
21.89,220.381485031891,172.953321622739
21.8905,192.437598789626,240.714437782747
21.891,176.036545153406,293.028521452857
21.8915,159.577225326506,284.200663632918
21.892,139.605372733674,193.859530809915
21.8925,115.082434030275,13.5735234947787
21.893,75.6770446911429,-222.887703770085
21.8935,11.2478308182077,-425.419603932486
21.894,-70.7660186264862,-515.143087278203
21.8945,-149.807935010135,-504.143274000936
21.895,-211.707656355445,-475.637637357752
21.8955,-255.070835107147,-487.707697231357
21.896,-284.033813325221,-523.815990165868
21.8965,-304.912651248241,-533.514451490934
21.897,-323.033817896472,-490.405784578815
21.8975,-330.48739991407,-405.441525737513
21.898,-304.970261169014,-309.45933693828
21.8985,-237.176364943113,-233.607961266894
21.899,-152.894349938936,-191.129527194852
21.8995,-88.1625903204978,-168.689935590549
21.9,-46.716209899753,-141.716331833607
21.9005,-5.58295936529058,-97.8602149037438
21.901,38.0221841056427,-38.6699450241951
21.9015,54.8449695828478,32.5706719808262
21.902,28.2536594007853,107.522819534622
21.9025,-16.3008994598398,162.871608921378
21.903,-44.2741651124617,175.35574660732
21.9035,-53.8082264868136,149.385831047759
21.904,-63.9329257500285,114.466207540184
21.9045,-77.9376041420837,95.4575427197041
21.905,-83.6176519199505,99.8389376404132
21.9055,-80.7890689713628,127.27002810157
21.906,-83.7912077898289,166.000738556613
21.9065,-99.4774029990514,181.589644093822
21.907,-122.972804298765,143.474534499918
21.9075,-151.978944531963,75.0123754284704
21.908,-184.086961191259,46.0682770837071
21.9085,-201.604770202756,94.0865401841606
21.909,-182.63753004504,175.670503376488
21.9095,-131.284527986439,219.684949266736
21.91,-76.2702338064486,206.548167155775
21.9105,-34.6305437961478,166.682553678603
21.911,2.48956716151408,121.930582329246
21.9115,41.3844649469811,70.0406180924345
21.912,67.4030479363967,19.1182328614249
21.9125,70.7045164749733,-8.96188889686921
21.913,71.3065584179161,-18.2615792164195
21.9135,96.7919081026206,-42.0508041618279
21.914,144.4059174633,-89.1319806947234
21.9145,184.897452176816,-120.687891474103
21.915,199.662209588288,-103.731163988996
21.9155,197.02538934656,-59.066295735222
21.916,193.040657502506,-28.7148626851965
21.9165,191.305465168636,-21.1154386676143
21.917,184.221356119153,-22.4683208674814
21.9175,164.178184326397,-40.1694114822605
21.918,131.27798054107,-88.5612399688678
21.9185,95.7825920520836,-139.089236127086
21.919,71.6879213594671,-135.841533673202
21.9195,62.5859594430293,-72.5484505424386
21.92,57.543182993424,-11.9046983245856
21.9205,46.5277592917391,-7.90674163185842
21.921,33.2088431478023,-43.731527738696
21.9215,24.2486988052893,-71.360649002525
21.922,14.6082593649131,-80.1403168894777
21.9225,-3.31303748333205,-90.4490404561475
21.923,-23.2869378954638,-102.17918049149
21.9235,-35.4321301065887,-92.8747538874697
21.924,-48.4280854405767,-60.6953861901331
21.9245,-80.2342693321714,-30.031010431991
21.925,-125.360699977941,-11.3594828270476
21.9255,-154.39198634388,10.9876092349005
21.926,-154.157808956115,43.5172712740971
21.9265,-146.229596346014,66.4912250236973
21.927,-150.471550908888,65.4759488783113
21.9275,-149.219037981817,55.7233280836841
21.928,-110.462486782378,59.6423403492516
21.9285,-36.8782142871911,78.8041558289317
21.929,32.2443325745244,102.660502028059
21.9295,66.594228382151,126.861271092074
21.93,72.0804931141228,145.957115057539
21.9305,71.5113408222253,143.996171017451
21.931,78.7563797451895,113.735841603734
21.9315,98.3610813488007,76.6201177395803
21.932,130.868708472906,64.0954184901039
21.9325,164.658008381686,82.4147091776406
21.933,176.269551727025,110.093006862807
21.9335,156.172708476865,125.487855759315
21.934,127.38294797781,123.143286642068
21.9345,121.462132246173,107.43959366584
21.935,138.299709701857,84.2901329860371
21.9355,146.0488778993,56.928801068592
21.936,121.767863274415,19.5537707730692
21.9365,74.9339994514102,-38.5179990664146
21.937,25.2933697420833,-109.708740998707
21.9375,-24.1896887070196,-158.214207427205
21.938,-77.9013319478015,-153.489813959535
21.9385,-124.192604319096,-111.249709855032
21.939,-142.777574328879,-80.0506557447302
21.9395,-134.253713192918,-83.8086706910642
21.94,-124.317326880588,-95.7880270272503
21.9405,-134.1808829192,-74.8331225801122
21.941,-159.952996701735,-10.6658644682412
21.9415,-185.942320152041,73.4678345033716
21.942,-204.839268111084,146.092753313018
21.9425,-216.218801115928,183.888265576429
21.943,-216.280613643465,176.683772046031
21.9435,-200.886367182169,133.272932622403
21.944,-172.861850660379,79.918758045301
21.9445,-136.84170923947,42.2013010189254
21.945,-92.7342030013463,25.9050784237293
21.9455,-43.5881662717068,16.5471873133925
21.946,-2.57772529180081,-6.03297533577949
21.9465,20.9666520041779,-52.4667815997039
21.947,37.4870609364189,-115.33844587422
21.9475,63.6805493162837,-173.614030637629
21.948,94.7151291659312,-212.94618766795
21.9485,106.91051626747,-242.832087090582
21.949,90.9021708887538,-284.270759893494
21.9495,65.4310259035574,-338.639167899615
21.95,51.0493583115459,-380.404784753616
21.9505,45.3503024341956,-384.917255332822
21.951,35.7196717438281,-351.683563346127
21.9515,24.5419792465561,-294.817891977341
21.952,26.0209601496496,-224.112318501902
21.9525,42.9413675213783,-145.223233807703
21.953,61.0745656526182,-66.2888176859055
21.9535,67.1191522680472,9.50895664942327
21.954,62.7271623139967,90.7770263946278
21.9545,60.2880782304705,183.894574560422
21.955,71.3650879273138,275.989592617035
21.9555,97.4041228384067,343.825421675532
21.956,124.649343644459,378.244167195063
21.9565,131.376594834942,389.861101025013
21.957,110.190930586927,389.987151493132
21.9575,81.7490401299486,373.441781556056
21.958,74.5758962453345,324.259487649102
21.9585,89.9983713939405,239.75065900054
21.959,100.172885812699,149.635292376192
21.9595,86.1231583796993,102.507278573114
21.96,64.1214356179707,117.755216671425
21.9605,62.4688341791038,151.443037687026
21.961,81.6159463204348,130.124682917927
21.9615,94.3307155167131,27.103219763474
21.962,83.6018137192183,-111.953619409292
21.9625,62.23938464499,-228.141193713502
21.963,48.1493161857358,-311.643403155403
21.9635,35.1882322761213,-386.933353965067
21.964,2.73339038516508,-457.308020833243
21.9645,-53.1977499669421,-494.885786148324
21.965,-114.529571058867,-478.516241207848
21.9655,-165.641367025093,-413.812080685791
21.966,-206.999874006164,-317.216353694947
21.9665,-240.356655886402,-205.350212573096
21.967,-257.478761968243,-100.861876953241
21.9675,-255.820566230666,-22.8426591733681
21.968,-252.371933880899,37.1757886333879
21.9685,-263.496636493938,111.7371703356
21.969,-276.99031172765,221.457900912786
21.9695,-264.977321765475,352.64668358268
21.97,-225.279555218314,470.872135742411
21.9705,-188.456224589943,543.668599240378
21.971,-175.810239808511,553.652779210832
21.9715,-169.879970456746,510.060819317171
21.972,-140.73103544322,449.799512506854
21.9725,-85.9899932493933,407.890444550989
21.973,-26.2246992400633,382.354811757119
21.9735,28.212947520134,343.658304147594
21.974,82.8171428744575,278.229033836637
21.9745,135.793204790887,202.762738227726
21.975,173.719412930472,136.47129636635
21.9755,194.206844403811,84.2502324943715
21.976,212.047594410227,48.7433955481458
21.9765,235.132262636639,28.3306165069128
21.977,252.660726854856,-4.83981871463906
21.9775,257.565314431333,-90.3558966073217
21.978,262.566258811018,-223.190912723291
21.9785,277.583561347962,-339.564536284474
21.979,284.721407979791,-383.854788857888
21.9795,256.692167620757,-369.706383499637
21.98,194.843986557123,-351.92995740706
21.9805,129.506369705943,-357.864744889017
21.981,83.4559640984824,-373.512526693523
21.9815,52.9155915250804,-380.946108302639
21.982,26.7276646939474,-377.078533146929
21.9825,5.89941234071269,-361.068612380249
21.983,-4.44518591845413,-330.472530534082
21.9835,-8.7154027196022,-289.567923254977
21.984,-14.3324425996437,-242.794993764867
21.9845,-18.6978120894585,-184.22720389857
21.985,-13.574708116483,-111.10564503697
21.9855,0.599093833614895,-40.9806425020375
21.986,13.4062312081669,4.11171211188435
21.9865,16.3486683950149,25.2780748386299
21.987,9.33161364509781,40.9124504646707
21.9875,-4.54651082997259,60.2000540303629
21.988,-24.4036690869318,80.3047872845145
21.9885,-48.8509784532855,100.739040303626
21.989,-70.7815966321756,119.69866853843
21.9895,-80.0615913786727,124.854513676622
21.99,-75.9329583826556,110.280332185242
21.9905,-76.3815735930029,93.6326149884949
21.991,-107.014304206758,91.913106388171
21.9915,-172.630468251389,90.0881573333254
21.992,-243.716006007147,63.285216378901
21.9925,-281.530917116659,21.3883424544772
21.993,-275.887873572816,-4.41799459623343
21.9935,-247.457471843307,-15.7099536769047
21.994,-214.18036723161,-45.7504549503814
21.9945,-172.915408656486,-98.6282147688125
21.995,-120.452974081538,-131.897035395478
21.9955,-73.1167329732796,-116.26049750588
21.996,-47.9880357958019,-75.1548869969828
21.9965,-36.2038894531925,-42.4515973096949
21.997,-15.7226499426436,-13.5296719412831
21.9975,13.9452411581661,33.0267936109423
21.998,31.149932465461,90.3811599671032
21.9985,27.8726953815657,131.982824901894
21.999,25.8216459506235,149.436041527234
21.9995,48.4482857084418,153.214555034685
22,91.7297814729321,147.396620502758
22.0005,133.256732959417,131.547872130736
22.001,159.699251034982,120.458465850943
22.0015,173.726421961241,134.773467262145
22.002,180.382554708581,171.888670896223
22.0025,178.771875266996,205.965946858837
22.003,166.639135237161,217.369381106367
22.0035,145.813413703734,207.709580734037
22.004,122.652744762384,188.758082992564
22.0045,106.396439558022,171.714545823052
22.005,105.047373098191,165.658652404638
22.0055,118.577579455083,172.4935653983
22.006,136.055324164016,182.765875836627
22.0065,141.273771670014,184.766515453294
22.007,122.604088182394,174.091555383459
22.0075,81.3049224181388,147.122491555111
22.008,33.8510330158493,94.3908107737611
22.0085,1.54036508540757,13.4432556585076
22.009,-9.93886402834157,-77.8095230948881
22.0095,-17.6555636405081,-153.491402676926
22.01,-38.9979797029802,-202.04304031324
22.0105,-65.7385466346489,-228.164076352592
22.011,-74.230590255869,-241.032268023228
22.0115,-60.2450284127103,-250.104841415246
22.012,-45.8269623749114,-261.098226798267
22.0125,-47.4914901166077,-263.352737165538
22.013,-56.6350966890785,-234.100955501585
22.0135,-60.7517608267738,-171.636242095251
22.014,-65.4190405295365,-110.111538461959
22.0145,-80.4339727039972,-79.1814203379227
22.015,-99.6236934477617,-61.385563444039
22.0155,-112.556142069873,-17.8151588084198
22.016,-124.528925383655,52.1276636406779
22.0165,-145.337018793668,110.375785513016
22.017,-166.998684690099,138.298914147284
22.0175,-173.269702763371,156.76898764103
22.018,-165.513406875883,177.635936137739
22.0185,-158.641674198754,173.513783044103
22.019,-155.203399753891,122.603533758992
22.0195,-143.696933308881,57.6168351787935
22.02,-119.732172122796,35.5435713883781
22.0205,-88.9216499081578,67.5620158879261
22.021,-52.9377919094099,108.499125774997
22.0215,-15.7989659487895,114.902027951658
22.022,0.870823456797257,87.0427143824826
22.0225,-19.6055853537161,46.9286059874095
22.023,-47.9862673102623,-1.02037152514481
22.0235,-25.5965952454045,-67.9633070295481
22.024,63.1515688880818,-149.465392101011
22.0245,163.253108967459,-218.759140587829
22.025,212.756172414979,-257.172440967295
22.0255,209.123517313787,-277.138294202897
22.026,191.692948327525,-301.922059298724
22.0265,183.459791887539,-328.89102087639
22.027,179.30660075035,-329.771667619376
22.0275,173.641430211202,-289.210772295806
22.028,165.944967472945,-226.22342360731
22.0285,146.940118435678,-169.442548858184
22.029,109.96403061385,-127.088259491396
22.0295,72.6233541088137,-94.0748189433013
22.03,59.2017444122587,-72.0397137485162
22.0305,63.4472732668041,-61.0523243305469
22.031,56.6700197882061,-44.1391254931822
22.0315,32.6674542113197,-8.83704852241535
22.032,14.628443922591,20.5397597770641
22.0325,12.7165960339847,5.30996363388712
22.033,5.92667835269996,-46.8474062280469
22.0335,-21.467576482477,-75.622889858404
22.034,-52.9134493167968,-38.5303000124826
22.0345,-66.6243334122403,37.9156030354099
22.035,-67.0677286173729,96.7531825997896
22.0355,-68.5655780138817,117.286093747319
22.036,-65.2523912994447,118.504815249466
22.0365,-41.7220015083587,115.395021452231
22.037,-3.47285817325318,105.693969694458
22.0375,26.6740509959783,93.9566809388962
22.038,38.2148635488196,95.9802834656674
22.0385,38.7392070382926,114.309586850553
22.039,32.0541594236584,133.512008193697
22.0395,10.3143828542711,145.258102418501
22.04,-28.6381078727972,155.857980903002
22.0405,-70.9124683404127,162.293629038169
22.041,-98.6855206719677,145.55520977457
22.0415,-104.111397159767,103.559960006664
22.042,-90.6823140063878,71.3929300599494
22.0425,-70.2965501078889,86.3564513802826
22.043,-58.2504141995667,141.388001574696
22.0435,-59.6805815012899,193.812104952939
22.044,-60.5004927581609,217.152241021809
22.0445,-43.705935481127,223.997713440259
22.045,-15.476414801907,234.908141346324
22.0455,-0.812064710655571,245.043535205441
22.046,-9.28748824888948,234.840775452662
22.0465,-20.2763013778889,202.001660284908
22.047,-10.6988795472934,164.269734425926
22.0475,15.8093740059526,129.618279159957
22.048,39.0195136490816,79.328806253654
22.0485,50.4118107824608,-7.72493086202139
22.049,56.9371965554897,-118.431171323002
22.0495,64.0790236696982,-205.180518580158
22.05,71.3763019481906,-226.922167658821
22.0505,81.031280307885,-185.077756468836
22.051,94.2085281836524,-114.864502996847
22.0515,99.6818616023095,-48.0961192340932
22.052,84.0461150935232,5.81546370635758
22.0525,55.7711761731801,46.0010317368496
22.053,39.6979116289198,64.226826665788
22.0535,39.5404425341228,52.5536980338035
22.054,25.2405970542267,18.6941714903687
22.0545,-26.9284845870261,-18.1705517985542
22.055,-96.7852925571894,-45.737720603591
22.0555,-143.126474516205,-64.9887808238771
22.056,-154.627911159153,-80.5262712840086
22.0565,-154.285262717209,-93.6552216932561
22.057,-156.693999108058,-103.802941802461
22.0575,-148.00436227798,-106.120347215791
22.058,-115.269167911431,-87.9760927391089
22.0585,-71.9425356571207,-42.5788463670585
22.059,-39.4385174447478,8.63742719546
22.0595,-19.6993667463894,23.2302217919589
22.06,-2.62746449691835,-18.8004571635381
22.0605,10.9127815799871,-88.0934476481379
22.061,11.6944466554747,-137.212110182076
22.0615,1.40364996563885,-152.642477902256
22.062,-8.07608567054742,-160.11267415525
22.0625,-12.7060754262511,-183.22271124509
22.063,-18.8511018032252,-216.521045852326
22.0635,-28.1581617680793,-240.478237264786
22.064,-33.2569474740737,-242.957721037489
22.0645,-29.7945286020938,-219.306869970402
22.065,-21.4259012451194,-169.436758109293
22.0655,-11.8138094216328,-106.093693930475
22.066,-2.5962796869025,-52.5138265400871
22.0665,0.00281654344251513,-20.4125762579712
22.067,-10.6809701395964,-1.40687947761133
22.0675,-27.0343923741534,10.4113601101397
22.068,-27.9815928933637,3.18442172459108
22.0685,-1.23697259700634,-28.8164061581794
22.069,42.1407080219761,-59.1628496104801
22.0695,79.7761510201003,-50.9864083194212
22.07,98.2376965620591,-1.95781927772339
22.0705,98.8133612192173,53.0838972716719
22.071,91.4614718668109,84.9814588549406
22.0715,87.7610848554076,95.919470328367
22.072,93.5132114192285,98.7245925329156
22.0725,104.119858134757,92.3203516483974
22.073,111.730724110786,71.876095691658
22.0735,117.062375981699,50.1541524686342
22.074,125.768525858647,50.160457733377
22.0745,132.925387821856,76.7866324292208
22.075,124.369575637468,107.330567883381
22.0755,99.2915371410362,114.151811475744
22.076,79.04887224154,91.6552439882271
22.0765,83.091574675181,57.6665702974665
22.077,103.801243538148,32.186887369987
22.0775,114.86742086453,21.6045642188904
22.078,98.9295651819834,23.983491918427
22.0785,59.0011771951029,38.5616925941713
22.079,9.32477086320948,58.7027301614769
22.0795,-35.6753755212574,62.6524709768356
22.08,-68.9470835835928,31.728433718998
22.0805,-96.768908121572,-18.3507418976642
22.081,-131.971768912228,-44.5576241202439
22.0815,-171.873177311796,-26.2030840545777
22.082,-189.346692427206,11.0743996768995
22.0825,-158.965360276898,37.3738509421908
22.083,-90.213818689063,65.5273950096801
22.0835,-23.6452299940024,128.245394640469
22.084,5.66114036449756,217.502340379356
22.0845,-6.330824136394,279.152262889648
22.085,-37.8416600399226,272.778141864413
22.0855,-59.8563174235687,212.522214585207
22.086,-53.3953505871594,141.271899723707
22.0865,-23.4264914196833,85.4270695655174
22.087,3.26226187110715,45.0571443562818
22.0875,5.64592050564423,11.2396837963457
22.088,-6.71537047213485,-20.0079375867601
22.0885,-8.65294920238158,-42.5800719071484
22.089,4.06885472731135,-43.0902152084679
22.0895,12.0324938696942,-17.3192714271926
22.09,7.29883568727819,15.0492770983908
22.0905,8.23382934619795,24.2331188913025
22.091,28.8224618804761,0.179873357783955
22.0915,53.3302343315378,-42.079031751411
22.092,57.8611902997329,-81.2726938782091
22.0925,41.7279799384847,-96.6394295796552
22.093,18.2207098329556,-66.4737986818329
22.0935,-13.349539007087,5.53635129734907
22.094,-61.894515341042,61.1524305364854
22.0945,-115.372757045025,26.9966948808139
22.095,-142.744542650244,-96.7379417511817
22.0955,-129.997310485777,-220.264405016258
22.096,-95.3974981798341,-262.38071853625
22.0965,-62.7677676746221,-236.327236747882
22.097,-36.5191008512761,-209.286593600511
22.0975,-11.4079593679777,-206.216752279413
22.098,8.99293561481835,-196.839761978298
22.0985,16.6413213066936,-160.741077994993
22.099,11.6811097362214,-114.564085383409
22.0995,-1.30540959762739,-71.7861085361101
22.1,-21.6218794583172,-19.2737515173006
22.1005,-45.2631779315386,50.0864793431528
22.101,-57.3911821371484,111.614805464873
22.1015,-47.4789918139901,135.585154660455
22.102,-29.2423535643389,123.479425384114
22.1025,-30.3678936106121,102.967650223406
22.103,-59.871765998587,96.1466057632439
22.1035,-95.770396582908,100.775757261203
22.104,-106.853682595104,95.5363706557276
22.1045,-78.5968884182415,60.851176629765
22.105,-18.932118876286,1.93169044196792
22.1055,49.3790563306045,-50.1717684796513
22.106,100.060824096698,-69.595266163989
22.1065,119.844786141741,-62.9441963403099
22.107,120.079661713552,-53.5325861186118
22.1075,123.316846420384,-46.6692060310046
22.108,133.946419144614,-30.0444249999878
22.1085,131.917051372481,-2.9027082113867
22.109,100.961339710292,19.915007398712
22.1095,51.9476587117421,32.8292963395564
22.11,9.22734219455864,42.2207334919849
22.1105,-17.3303902063722,40.0633571258876
22.111,-36.5334955836404,3.33542770883179
22.1115,-58.9903928604254,-66.8881397720743
22.112,-85.767886257874,-129.344870887406
22.1125,-107.43287541828,-144.864269171269
22.113,-104.917910577034,-120.873194678681
22.1135,-59.6183770875814,-97.6412212636355
22.114,23.8671948938106,-101.001767608165
22.1145,110.316168391203,-123.043202943701
22.115,163.021293199081,-140.168292803567
22.1155,177.072371869724,-134.98978627378
22.116,171.826088441501,-104.926526500883
22.1165,158.012100869216,-61.5005961621794
22.117,131.502835208881,-20.6326777084745
22.1175,96.0976007756873,11.6294945595703
22.118,68.6296215006317,41.4007323823776
22.1185,56.0748454868101,75.018652685511
22.119,47.1516307518516,112.771829380503
22.1195,33.9272854886657,154.250813416471
22.12,24.1798638666667,197.507133826225
22.1205,24.2133123567329,230.830631845795
22.121,26.6263422705015,239.885253027083
22.1215,24.6550478098404,227.715050194451
22.122,21.5940912261938,213.169944400281
22.1225,15.3230367213689,204.362513757583
22.123,-7.47395172698472,190.170158468981
22.1235,-45.9528267392875,165.248857891738
22.124,-71.7168354856959,144.96736872361
22.1245,-61.7682384762171,143.404248099653
22.125,-32.2027738769839,152.449164697166
22.1255,-16.5797861919777,156.14656798814
22.126,-19.8115017632611,151.410512550807
22.1265,-17.8244010531399,140.914362844083
22.127,1.31130235680651,120.159294516243
22.1275,20.7457008715221,87.3010328060369
22.128,20.8822894316858,52.4322612523952
22.1285,0.910868183704117,20.8741082431556
22.129,-29.6209172749566,-19.2218672853324
22.1295,-62.7057586856643,-74.8452007899191
22.13,-90.1692860587902,-127.796190098852
22.1305,-105.049599284577,-157.823764109571
22.131,-109.999222752707,-174.036734657446
22.1315,-113.166152601396,-198.848724465665
22.132,-114.403021686317,-229.482300800936
22.1325,-107.924449082678,-241.85702888232
22.133,-97.8253441743045,-227.775108434837
22.1335,-95.099253081633,-201.167444252886
22.134,-98.6018410144655,-169.148596488247
22.1345,-96.3725024566763,-125.281762994353
22.135,-87.7437467230695,-75.2363891389356
22.1355,-84.8355531217574,-41.9569853869503
22.136,-87.9940490670703,-36.1454913756078
22.1365,-80.9078863010027,-43.5472582979758
22.137,-58.1109310344694,-51.0006763272044
22.1375,-36.0902205300088,-64.763130217149
22.138,-25.2557934881422,-91.7487987636843
22.1385,-11.3407723181819,-121.142891298287
22.139,19.3056246828789,-139.032086982034
22.1395,53.7872111719526,-147.738860255519
22.14,71.0297096517449,-156.247814669731
22.1405,71.6587107224078,-160.438941287104
22.141,69.2252594623929,-145.617897611578
22.1415,63.9315338343362,-104.533021644292
22.142,48.3537963619489,-46.0833888954455
22.1425,31.4772950136145,9.17722690004528
22.143,32.2155784803647,40.0449899095571
22.1435,50.4590200000175,40.4198894867053
22.144,66.0632605577255,27.5875543914036
22.1445,67.057979165346,25.7838215505777
22.145,59.2895096135784,39.8191536437646
22.1455,47.6955289734209,55.8594987795968
22.146,29.6929350069714,67.607228342452
22.1465,11.7728584223958,84.1552035525647
22.147,11.3858676134874,108.3882674711
22.1475,32.5245050141289,128.561325404604
22.148,56.5680586328888,141.336169220571
22.1485,68.5481272381519,162.708238112037
22.149,77.1275813081384,199.727265119022
22.1495,94.5871459735559,227.964133331432
22.15,110.272237661243,217.872245143017
22.1505,103.250369896654,173.949428859675
22.151,76.1418310544843,128.228011821626
22.1515,56.5594613503374,101.283666104983
22.152,60.609100242125,88.3147911220375
22.1525,68.4008995454255,79.4548802389467
22.153,44.6046868955874,74.2733974341297
22.1535,-21.8632626089459,74.8570826699217
22.154,-105.654002396467,78.8206415712008
22.1545,-171.028371377425,79.9340255458866
22.155,-204.243279585436,65.1608903385093
22.1555,-217.930697244953,16.933619721802
22.156,-227.999282682627,-63.0559067161013
22.1565,-234.020623150316,-133.800310874713
22.157,-225.263402516761,-142.450192155155
22.1575,-199.642261427387,-82.3385579536918
22.158,-168.369123913788,-6.9852519093247
22.1585,-141.929872359398,27.3643803832096
22.159,-117.404382355349,21.1815539998187
22.1595,-81.0576484138533,17.7060075177439
22.16,-20.5553301871068,38.3895940601274
22.1605,63.4172802512075,55.828018325884
22.161,152.003789219485,36.5847217940548
22.1615,216.325669720315,-9.22879004579392
22.162,239.350380748929,-39.508178142801
22.1625,231.812687868392,-33.5971120629991
22.163,220.198955989065,-12.9527758903602
22.1635,217.933496298658,-5.59438793019411
22.164,216.029570703843,-10.964133312308
22.1645,203.578640894623,-13.4466389020132
22.165,186.602969780517,-13.9117370532859
22.1655,179.392626541225,-25.4299305800024
22.166,184.461979260703,-45.6151021267306
22.1665,189.910804687346,-58.7978718824749
22.167,183.540690115583,-65.8407768425469
22.1675,163.294021815482,-86.4662902083935
22.168,136.640141732161,-126.174620564481
22.1685,114.626629394934,-165.523191994824
22.169,102.520375611086,-192.158598777006
22.1695,91.2475354811845,-217.725567130782
22.17,63.5880889963278,-246.37770220616
22.1705,15.5619229249258,-251.4638792079
22.171,-34.8138671736642,-208.981275668257
22.1715,-69.6636732663142,-136.573832475152
22.172,-95.5084631773368,-71.5012963484011
22.1725,-130.834755072926,-23.2615819793158
22.173,-172.55476170986,21.2271308841091
22.1735,-193.853874445813,55.1230407356636
22.174,-180.519820526764,51.7508070923947
22.1745,-152.342016456873,10.4325721281868
22.175,-138.006058607823,-30.2523163627573
22.1755,-142.485765074863,-35.7499554361483
22.176,-152.606867667132,-8.82344146674013
22.1765,-162.562976116904,28.2259258418534
22.177,-174.582929431224,61.2389621319653
22.1775,-180.665308368982,84.3278227999096
22.178,-167.112554215048,94.6511819819383
22.1785,-141.162934620959,100.286255295207
22.179,-132.975517960147,116.449564431308
22.1795,-160.032497324709,143.688474674212
22.18,-202.13843794645,166.371799310283
22.1805,-222.644065713873,179.594278800049
22.181,-205.22606876183,195.068334012308
22.1815,-160.270761001687,210.085388666416
22.182,-106.008187990849,198.159722071701
22.1825,-57.7075638641408,150.21945290587
22.183,-27.3572849549434,99.132469837924
22.1835,-14.9918206123138,74.462439914252
22.184,-0.712484779848401,52.8351220260918
22.1845,37.2855646065688,-9.97748773104709
22.185,92.0522304173378,-106.101338647956
22.1855,128.821390369281,-173.26004200023
22.186,122.871551522665,-170.051729307694
22.1865,85.5772645516298,-121.764756952776
22.187,46.8588304247473,-80.4165722778664
22.1875,23.6848465184166,-65.5207263791713
22.188,15.3401385829176,-60.4477872157138
22.1885,18.6239979519733,-47.4260048400625
22.189,32.1742353814438,-24.9705334008589
22.1895,49.1902039451763,0.808096921252873
22.19,60.2630832632716,23.8994472718706
22.1905,65.2342999801449,37.9319756921849
22.191,71.9751411755202,39.4254379437131
22.1915,81.1501574414817,33.1897359036469
22.192,81.9318481808413,28.4617264796976
22.1925,67.9606708445508,28.4631123381101
22.193,50.4743768709219,27.0646482283002
22.1935,48.2777993158474,16.981399789836
22.194,66.777582335303,0.446457606916365
22.1945,92.2083371139869,-9.2759225966055
22.195,106.317450982003,1.1450696111319
22.1955,102.80592461703,32.155725812599
22.196,88.3081838072428,71.6764805653874
22.1965,70.8786521117818,107.329972494748
22.197,52.5143808054548,131.435352198973
22.1975,34.5483706079859,133.609781390268
22.198,25.7257687375564,102.206230402828
22.1985,37.6394151760141,43.2323929063084
22.199,70.4411529788465,-12.9958122631955
22.1995,108.612102589525,-39.5676206118074
22.2,134.775784116381,-42.1618659060449
22.2005,143.975640934107,-45.9400557879837
22.201,140.582354493298,-58.9484577496081
22.2015,126.245282188434,-67.5352521398445
22.202,98.9453150850897,-65.6768057089963
22.2025,62.8718977097531,-65.0721804415017
22.203,30.6971370905687,-70.2340413585918
22.2035,12.314469520008,-66.1959523133952
22.204,5.12291549951762,-43.857605318652
22.2045,-2.13385998224356,-19.5956717720485
22.205,-18.509919744283,-13.3320447238865
22.2055,-44.6542523599798,-20.4197107374244
22.206,-73.2349880152303,-23.1410032206065
22.2065,-92.8631309922259,-20.0537465098751
22.207,-95.0282499136266,-23.4941013435631
22.2075,-81.7998050396999,-32.7051531783126
22.208,-66.5419150847488,-31.1276276157147
22.2085,-63.3999480758246,-13.3163188450975
22.209,-73.8822833091131,3.15046157943357
22.2095,-84.7301377187852,0.103077644505826
22.21,-80.9333309034855,-18.3437010549352
22.2105,-60.9465640426638,-32.4579407296449
22.211,-36.996297656862,-28.5630098132036
22.2115,-19.6699333366397,-8.60969473472048
22.212,-5.98494921372228,14.4924371994968
22.2125,13.174120461589,24.8752526197709
22.213,36.8245838986081,12.9205729069401
22.2135,52.9010278286078,-16.0707707212006
22.214,54.4416471066432,-44.3714382567798
22.2145,48.6217617082346,-58.0146472510528
22.215,45.5392693668867,-60.0018215030398
22.2155,45.3584634428897,-65.6670740049729
22.216,43.0354167221893,-87.4635273307501
22.2165,39.1552906303488,-125.651833814688
22.217,36.3421259052572,-168.989885788213
22.2175,28.4818152081711,-200.225743484464
22.218,5.00632450082919,-204.725373031684
22.2185,-33.0031416506141,-180.125693179976
22.219,-70.4328767982325,-137.776222483894
22.2195,-94.78116897937,-92.1071411846799
22.22,-107.684076574483,-50.599173170521
22.2205,-116.525746938274,-16.1166161527989
22.221,-121.729217075989,8.38296155400642
22.2215,-117.862771130744,27.5977935507264
22.222,-103.34130288412,62.096030715669
22.2225,-84.8994412932969,131.866043588787
22.223,-75.7922477352696,225.156262117832
22.2235,-91.6696879720227,297.672279981715
22.224,-140.409304925865,315.862433101297
22.2245,-206.86590474449,292.896773419473
22.225,-250.803732012471,267.616017512238
22.2255,-233.157314954443,254.976152502261
22.226,-153.244550958579,237.221736745664
22.2265,-57.5550822563581,202.280634394707
22.227,-4.52660221562784,164.986513985239
22.2275,-16.907457932153,139.366672907067
22.228,-68.1494397276947,112.149802361477
22.2285,-112.437018792131,63.8286030981226
22.229,-122.574599008388,1.76496233099363
22.2295,-99.4997995275402,-50.9713691758932
22.23,-57.0722719271063,-91.4400870156337
22.2305,-9.81709396475145,-135.080230195829
22.231,28.2301327090075,-178.866208598797
22.2315,48.3599445249186,-194.020679536114
22.232,56.7138280135998,-165.397149193368
22.2325,68.5439970658079,-116.43910928072
22.233,86.4368113592833,-80.1624566685484
22.2335,94.4699580491565,-60.4154190120117
22.234,83.2315291636245,-37.3904278658508
22.2345,70.5476725578912,-0.23811679066444
22.235,82.8938263284331,42.1673175885273
22.2355,121.322768779528,75.427785482061
22.236,161.033240280329,88.7704378854229
22.2365,182.921515493795,75.6035697930172
22.237,190.27699911924,41.7527903713237
22.2375,193.924275274161,10.8189212780138
22.238,197.788608487048,3.79894717218432
22.2385,204.450768877421,10.8386471827777
22.239,219.418827167008,-0.923652475844619
22.2395,239.841135603256,-44.7097280456819
22.24,249.492407669186,-91.8601891757668
22.2405,235.252150198931,-102.251588649378
22.241,201.827208569571,-70.099445101228
22.2415,162.448476807924,-29.8471242513087
22.242,122.48505435556,-19.1998521133889
22.2425,80.6988475318248,-44.1150795322849
22.243,39.1774947003302,-79.7206778783681
22.2435,1.10362528379985,-98.1303168724633
22.244,-36.7866665970068,-91.4433736734185
22.2445,-78.4591351429857,-71.6502179424923
22.245,-116.89930252216,-55.9541514138318
22.2455,-137.626584157617,-56.2149148584537
22.246,-134.060066812725,-77.2141869528771
22.2465,-112.429833272918,-113.705931428648
22.247,-81.9999648585113,-144.819309752432
22.2475,-47.8208536861312,-141.159530430761
22.248,-14.3496847495906,-89.4820659741947
22.2485,10.1887753677955,-9.37818932308574
22.249,17.2105704205873,63.8196196425026
22.2495,4.79028708071198,113.563460069808
22.25,-19.5467617862932,151.152290404024
22.2505,-43.773804871463,189.214242728551
22.251,-61.1907429233103,217.909079357182
22.2515,-74.9422635152886,216.397329163604
22.252,-89.6625203284873,181.418750086421
22.2525,-100.693237971311,132.824824199243
22.253,-98.9202312485647,90.9166649212634
22.2535,-86.0764319885029,58.4059808629262
22.254,-74.9646733818709,28.4206817810361
22.2545,-71.0475852445832,1.66070669566633
22.255,-64.1001168169864,-12.6689931584867
22.2555,-43.4994537573563,-9.3927145937877
22.256,-11.1456432208525,7.44485598021086
22.2565,27.7599625694229,30.6791021975909
22.257,74.3087071377596,52.6275604199223
22.2575,124.594466503049,61.4427127649534
22.258,159.699012178852,46.4605102612407
22.2585,162.557738806738,12.8953087736294
22.259,138.62591800081,-19.050109880545
22.2595,105.236876786167,-38.6884477671467
22.26,66.4263986101523,-58.9828308910939
22.2605,14.4884113219048,-93.5765441793268
22.261,-48.4736123908623,-128.599281802625
22.2615,-109.088262651925,-136.908170777221
22.262,-160.151131409121,-117.98427789071
22.2625,-199.791084608152,-101.242663403975
22.263,-214.927005600224,-104.499549539534
22.2635,-190.794759288231,-110.702400051906
22.264,-143.763244586305,-97.4689683760994
22.2645,-120.397374030053,-71.0532856534672
22.265,-148.210079571107,-53.9426124500352
22.2655,-202.380727967416,-51.534061524858
22.266,-234.763752931839,-49.6679515171136
22.2665,-222.10570165635,-38.0976121182883
22.267,-172.201972175646,-20.3176712414323
22.2675,-98.7630001754394,-5.55507556933291
22.268,-13.1662616663504,-4.83465944083965
22.2685,64.889633701629,-27.7496671011835
22.269,111.493867009398,-67.3392043561063
22.2695,118.89214666841,-94.7425917925594
22.27,101.805263280738,-86.4991218647958
22.2705,82.7026560718017,-52.7527929476418
22.271,77.7333171011941,-21.5232657284049
22.2715,92.1472286621503,-1.05646385331224
22.272,116.881721722303,21.6902582605021
22.2725,130.272400280269,49.9909432778057
22.273,114.357889956039,69.9872181241742
22.2735,71.0333758481221,75.5228557218169
22.274,15.4238937075825,76.2644499937633
22.2745,-42.9549708615403,77.2756072101732
22.275,-101.382035295389,73.9203794502254
22.2755,-149.456433556669,71.78560700182
22.276,-169.756684645755,86.0839875444592
22.2765,-158.577953113667,112.801978541607
22.277,-135.174048099739,126.530268310022
22.2775,-122.74793970943,118.948968041289
22.278,-124.744439737682,112.736278064305
22.2785,-123.076619120922,120.777185363566
