time_s,EMG_ch1_uV,EMG_ch2_uV
9.774,-246.409722164035,-123.577407380888
9.7745,-239.859765741741,-138.165360664724
9.775,-236.489345723269,-148.978653614333
9.7755,-231.160261848166,-153.310817823512
9.776,-211.826443690325,-153.697240459866
9.7765,-174.998315905489,-156.185650310864
9.777,-126.349576817874,-155.884650169176
9.7775,-77.8747783098895,-139.927206253803
9.778,-45.1691212980144,-109.399779444267
9.7785,-36.8719071020756,-83.620470558353
9.779,-43.9461391141217,-75.4763596186176
9.7795,-47.0655415480514,-74.993542809504
9.78,-37.006920394158,-65.7620300668878
9.7805,-21.4671833402609,-46.64402905956
9.781,-11.1426734594845,-27.2240522485956
9.7815,-8.23051100634308,-11.0956015550041
9.782,-11.9149416260684,4.03654335335746
9.7825,-23.9973666763867,15.1976027496907
9.783,-38.8962210981727,15.585629112373
9.7835,-35.3329013354319,5.81769676303821
9.784,6.20107643883563,-5.51096912491594
9.7845,74.5109504976866,-11.308235080549
9.785,127.63424783192,-8.05698492509723
9.7855,129.932048658143,9.4593276998209
9.786,85.8401629473398,45.5151188284335
9.7865,32.9735192007189,94.2749760244945
9.787,6.32830634081403,141.196547329666
9.7875,13.0464808986767,175.994917664689
9.788,36.0394660878854,199.113695766048
9.7885,54.062823278699,215.057902500248
9.789,59.6996646800575,225.621669620737
9.7895,64.3761698169554,231.142713548924
9.79,86.8365749942467,233.429906422802
9.7905,134.125472060557,236.421853646329
9.791,194.494353276807,246.570209171323
9.7915,248.58503107002,267.373238564638
9.792,281.882455448722,284.222532174426
9.7925,285.490080726415,259.939413364714
9.793,256.027321144019,164.574316802932
9.7935,202.879759358179,16.9298590065748
9.794,146.727590693398,-118.212356745486
9.7945,100.875980006744,-186.461584993915
9.795,61.3999080960716,-189.799204767278
9.7955,24.7200220397765,-169.114568167152
9.796,2.24273676529007,-154.961805770952
9.7965,0.486902482934996,-151.005717755823
9.797,-2.36694799139018,-153.195220209918
9.7975,-34.5184589733153,-158.326241581071
9.798,-86.0216241296972,-152.744416689826
9.7985,-110.394601328101,-118.057478201826
9.799,-76.7087648699769,-59.6093883985214
9.7995,-2.9727352759957,-12.4845508508328
9.8,65.4018446197935,-5.55804282750988
9.8005,93.5965676352282,-28.9690563957875
9.801,74.1576148497876,-46.9430527858302
9.8015,28.0078133588355,-33.9501023620177
9.802,-7.86262496485125,9.27393681260474
9.8025,-15.5795414707441,62.8028764101345
9.803,-22.0876922061973,98.3764603924269
9.8035,-65.5669933124297,94.437348757199
9.804,-135.943542205244,56.0053443886373
9.8045,-183.648424048208,13.4410545023623
9.805,-195.280894466803,-11.0084717206409
9.8055,-217.674113414403,-27.3825819681676
9.806,-283.696205153653,-56.2931045111913
9.8065,-354.94567270691,-96.2242066185576
9.807,-374.738684081126,-133.086210535897
9.8075,-345.890370519837,-170.129339116769
9.808,-311.169667585817,-217.662541496229
9.8085,-278.624782926333,-256.705983968615
9.809,-217.131500567336,-249.475306009638
9.8095,-119.569198293639,-195.441847087826
9.81,-24.3291624933679,-142.900625371598
9.8105,30.2231739188952,-126.104357871775
9.811,39.4319318518258,-120.410364165641
9.8115,21.2167219375921,-85.4754073422818
9.812,3.4176138560488,-27.8308643976103
9.8125,18.7290907963131,13.6076187288326
9.813,76.0668137434975,28.5871367254187
9.8135,136.868708804356,43.4047687027793
9.814,155.088058975086,71.6942013412954
9.8145,139.562628843339,94.7062697935
9.815,137.092525793268,96.8579542218852
9.8155,153.866732741579,88.5085252592596
9.816,142.943219225138,80.8732000115397
9.8165,81.8206385381239,65.8481991396923
9.817,12.862929030172,38.7818248297176
9.8175,-17.7618789927814,20.5953628391088
9.818,-19.3790675301619,36.2769647142934
9.8185,-27.0635175765113,83.1768946113271
9.819,-51.1224159716081,137.473578996039
9.8195,-87.8257682557993,181.680903714219
9.82,-141.140565693886,209.416309970124
9.8205,-189.355270386542,212.837391253508
9.821,-161.135161053225,185.737713374015
9.8215,-3.78186814740071,137.286935722253
9.822,229.163707312104,87.2692546397461
9.8225,406.683685601039,47.8148881594913
9.823,444.758018989284,20.6810860461707
9.8235,371.738650704426,8.53506672443934
9.824,270.473404601223,14.2991643017508
9.8245,192.596212571526,30.0115336529224
9.825,139.676779379921,40.4368260209848
9.8255,94.3769441908287,39.620314331727
9.826,45.3307497956589,32.8173135538782
9.8265,-5.46318009101518,22.8015993087018
9.827,-42.6227744151221,8.72431704223874
9.8275,-49.5260149577431,-0.394578112226684
9.828,-27.9643649245341,10.5945275541003
9.8285,0.487209360358432,37.6738855239182
9.829,17.8549605928278,52.7636508657113
9.8295,28.2655030262726,37.9213335596571
9.83,47.9437644905969,11.812395275361
9.8305,80.6402376297568,4.08478877223158
9.831,107.850684293794,10.9284387919607
9.8315,104.811194265058,-1.82209666659799
9.832,66.8908889156523,-49.8341487713505
9.8325,17.7534709215104,-104.95888196487
9.833,-14.4601859066762,-127.437854872208
9.8335,-27.8857551732613,-107.834638147439
9.834,-44.5571200413103,-65.2610281597156
9.8345,-77.1699607588628,-17.9818113565001
9.835,-111.828430400216,25.2837562893258
9.8355,-128.537953165279,51.5279766372446
9.836,-125.129031717039,44.6457192994155
9.8365,-114.379861500251,7.1664178559463
9.837,-111.424881731495,-35.6044764974574
9.8375,-129.879216907573,-64.3355854815121
9.838,-171.547587574762,-88.731005300833
9.8385,-209.966139479093,-130.60902777217
9.839,-206.408224527493,-190.592928551552
9.8395,-159.185068424443,-243.829779852095
9.84,-115.537147923328,-266.146649794988
9.8405,-112.782295696116,-253.513389196446
9.841,-129.50237005327,-216.939445683279
9.8415,-124.035099809639,-170.261896876598
9.842,-100.304848702104,-125.798707951945
9.8425,-94.1999272303239,-91.1956193902778
9.843,-104.432951154828,-62.8668671581687
9.8435,-84.2641340542152,-27.0637628149559
9.844,-9.07044805917792,25.9236111396808
9.8445,87.7544253825695,88.399675199836
9.845,160.543178618578,138.166875678005
9.8455,200.140437802653,156.087549134278
9.846,220.009558952281,143.984284246025
9.8465,222.654045154915,127.02197597826
9.847,202.810913239336,132.597777256539
9.8475,165.48753118918,160.214432340293
9.848,120.519161891118,177.308191124335
9.8485,71.4093420298176,155.10112597569
9.849,23.4591710513882,105.004683697799
9.8495,-10.3990592433576,65.8201753258142
9.85,-24.4821907276546,55.8792590506007
9.8505,-28.0211012506809,55.6053322527371
9.851,-27.8035452714771,42.3169266367687
9.8515,-18.8180364702758,22.7031447782718
9.852,-2.92674657890161,17.2233936676071
9.8525,1.72253812716107,27.5469238261471
9.853,-14.6680062417734,38.4112254413241
9.8535,-35.6353188526048,43.1530607081706
9.854,-41.3749252187799,47.0935447450238
9.8545,-34.5941936104204,48.6006512543658
9.855,-27.4637534662457,36.9612999103154
9.8555,-19.3727612341415,11.82228238423
9.856,-6.72711842862154,-11.9752213914987
9.8565,1.99716060409599,-23.8202424091882
9.857,4.25985289315277,-27.5055833791054
9.8575,20.5322585850262,-27.2050484957847
9.858,64.3085329036452,-18.6032608013298
9.8585,106.721103079303,-3.12250060156175
9.859,105.291278459582,2.48084212406359
9.8595,64.1488852814892,-15.13086886688
9.86,30.256390840114,-44.0916844936532
9.8605,26.6087120740317,-57.5294260636465
9.861,25.3678172804596,-44.0001765937591
9.8615,-0.88622946411066,-18.6935733900342
9.862,-36.3045455626239,-5.86592980025075
9.8625,-53.1882749660097,-17.7761808124354
9.863,-59.2558744378486,-48.828438700963
9.8635,-82.3288384180182,-81.744804496193
9.864,-121.328466380065,-99.6670226802252
9.8645,-143.706054775663,-100.081411722666
9.865,-129.961195976345,-97.6076204312609
9.8655,-95.6676274440618,-106.206306147717
9.866,-65.8481159225782,-118.864229422694
9.8665,-48.1194849294057,-114.442558620966
9.867,-38.3637410814713,-87.4282513194607
9.8675,-35.7753024219563,-59.7310185291183
9.868,-40.1604682059995,-53.4203597262454
9.8685,-44.2893133517223,-58.4399604182366
9.869,-41.2424756612331,-40.9268830154674
9.8695,-35.1238510546256,15.1211859690294
9.87,-34.7769265631521,85.4086909274599
9.8705,-39.1396408467227,129.640896006106
9.871,-37.5497654471133,130.580798778239
9.8715,-23.8955171490797,102.995202999622
9.872,-2.36634486462245,71.7781193772904
9.8725,21.1331506640518,52.3030489082183
9.873,44.7595165085693,48.8426768401188
9.8735,66.2205751279697,58.0173179596721
9.874,82.0061100454804,69.0076599954127
9.8745,95.1618548672,69.9127040281824
9.875,113.006466429733,60.4309344553841
9.8755,129.16866962115,52.577268389566
9.876,120.276751553605,54.6610574019955
9.8765,77.2559036846087,61.6981496394328
9.877,33.2438192535171,66.5504629701807
9.8775,37.5683528855929,71.0177504083158
9.878,97.1919856790374,76.4753901459118
9.8785,163.005596938294,72.0396084665664
9.879,184.313379894654,46.5404627404128
9.8795,161.804829199237,9.33097555318568
9.88,133.567244842337,-15.8630448186154
9.8805,121.42225402009,-19.9976679902129
9.881,110.050319123015,-19.1008896255436
9.8815,76.2371382929747,-30.8147498095879
9.882,22.1410381110929,-50.0388481372018
9.8825,-26.1894972960446,-54.5046670454037
9.883,-47.8580294156083,-30.5572845515136
9.8835,-51.3957184490692,9.63731396472114
9.884,-67.4756957637161,35.076824320913
9.8845,-111.412781896922,24.0598032418344
9.885,-155.486363303896,-8.63214606348386
9.8855,-153.390370101045,-19.8477981502381
9.886,-96.7104964091535,13.8441292666051
9.8865,-30.8927525064163,62.7331209050935
9.887,-6.20957951816106,78.2595703987068
9.8875,-29.048010565974,56.8386288509152
9.888,-71.1773404788187,40.2483078508358
9.8885,-104.095842679107,45.4223629117616
9.889,-105.760647107984,28.7522216306908
9.8895,-59.9351511728135,-52.8957305138426
9.89,16.9168039031217,-169.174552877268
9.8905,65.5941529157974,-240.579879718554
9.891,43.0601250464714,-228.465813457514
9.8915,-14.9355687282171,-168.120777758737
9.892,-33.041998783664,-112.828024863246
9.8925,2.97444512709647,-77.6082114533007
9.893,33.1478080522844,-47.20692165432
9.8935,19.137657636851,-11.8778104349579
9.894,-1.70692994210132,21.9747304905707
9.8945,15.3426920079726,41.5627307898449
9.895,50.4113667510945,36.9800808700648
9.8955,58.6336337802603,14.2594856349275
9.896,44.0842483116701,4.57193974094342
9.8965,40.7007549594787,38.3484273061297
9.897,41.3808612242148,97.0980828423148
9.8975,4.19015630564234,114.205817844108
9.898,-74.0688306520473,48.0918653905435
9.8985,-142.668657040384,-58.9725625545072
9.899,-163.988736745952,-121.270134346847
9.8995,-153.59957621373,-102.887975203754
9.9,-141.630164656028,-46.3665890741411
9.9005,-132.432922515111,-11.6703910321187
9.901,-120.261925971157,-14.6090803995381
9.9015,-112.446807809277,-32.5795411986037
9.902,-113.617682776452,-45.8351978850138
9.9025,-108.815855875843,-54.2819291900021
9.903,-83.3418963701631,-64.2191749892494
9.9035,-44.0025145121178,-75.3364354965054
9.904,-5.46077950916642,-80.7762417332946
9.9045,28.0343730861045,-73.3510333854882
9.905,53.1205124610937,-52.4891973925555
9.9055,58.2111738368064,-26.5613977185056
9.906,42.357265605136,-4.44642480896849
9.9065,28.344749488399,15.0374172641643
9.907,37.8202861199067,38.5455487639525
9.9075,64.1657010689917,63.5237361770619
9.908,85.8892192083285,78.2936159305921
9.9085,94.1453349856654,78.9582264298666
9.909,89.9959033407482,74.9414145635983
9.9095,69.3710320824237,73.0474239036265
9.91,34.0074636651608,67.8207665597622
9.9105,6.53764587834199,55.5770302227852
9.911,8.08383072212121,47.0463654818942
9.9115,25.2155781524076,54.7622892347663
9.912,24.7823968776497,75.1851283360784
9.9125,0.822380380986289,94.7755879278043
9.913,-18.3115820559161,108.624814658526
9.9135,-11.5602355972363,121.885658275036
9.914,12.125048864657,136.487615164686
9.9145,39.7087975124219,147.418258539555
9.915,76.6112249867561,150.176949993079
9.9155,127.515170733367,142.946226757877
9.916,173.749661021361,124.530881134185
9.9165,189.950720536114,99.1516062776433
9.917,174.223942960557,78.7268392958747
9.9175,145.944439584266,69.5476670474909
9.918,120.631545875314,61.2227909644398
9.9185,101.973726534932,41.1389376078024
9.919,92.7280722368456,14.54979477085
9.9195,94.7038288046903,-5.6761743241558
9.92,95.3545426176096,-24.8429970960649
9.9205,70.095482001918,-60.4862385289882
9.921,8.80673183682761,-109.009226967606
9.9215,-64.5419105814152,-141.045554292054
9.922,-107.888344414833,-138.711379424488
9.9225,-100.06081994077,-118.162633254758
9.923,-61.5488358989636,-104.166365239398
9.9235,-33.0105366475513,-100.30200090778
9.924,-33.8284754404885,-98.3716170400744
9.9245,-48.2395207222838,-100.685178445791
9.925,-54.5570600647234,-113.990291631418
9.9255,-56.1914711238588,-131.301340206911
9.926,-70.1628082417726,-137.616460168916
9.9265,-92.6432734394818,-128.073662211387
9.927,-98.7940567513668,-107.692272038807
9.9275,-80.6807644396157,-81.6574332818672
9.928,-62.3317016061171,-58.8173965519281
9.9285,-64.1591174027762,-53.2345472440144
9.929,-72.2347259537687,-64.8237834059243
9.9295,-62.362163074835,-68.3820797916182
9.93,-38.3782615537729,-41.2704324058499
9.9305,-20.3400643803802,6.63407941776052
9.931,-5.44230767951936,50.7797421942017
9.9315,25.6620990939167,89.0832403438877
9.932,63.2965104515319,134.808721004236
9.9325,65.7021359450185,179.809072270096
9.933,15.4765439723259,196.766784389891
9.9335,-51.7072207302772,177.72779607911
9.934,-96.9489711166642,138.376671122731
9.9345,-130.318929734222,81.6583749602107
9.935,-181.245876073212,-5.65372544223241
9.9355,-234.721318117742,-108.658757588484
9.936,-239.602790084864,-174.840237238889
9.9365,-181.603329483898,-173.280751422645
9.937,-108.638150565192,-135.386025017503
9.9375,-68.551025977778,-110.666224004002
9.938,-52.7207083936306,-105.708642119827
9.9385,-24.330031281551,-94.9407289823743
9.939,21.3474360091014,-69.5626850057555
9.9395,56.3891824418579,-40.1790779097645
9.94,69.08710101675,-4.07583193725682
9.9405,80.2660413861073,52.0134660673437
9.941,107.615934766794,118.178432675186
9.9415,140.142115471491,162.290554326199
9.942,158.239926658284,167.709389631112
9.9425,159.358820554778,145.151186375259
9.943,150.279603355812,106.73092223714
9.9435,129.417947858581,55.3455341394347
9.944,95.2739374849212,4.3591156810521
9.9445,65.1534276748877,-18.9267531499097
9.945,65.5743356952756,-1.75742106826557
9.9455,100.816243104413,38.1404766985793
9.946,143.625915188441,72.3562564602104
9.9465,161.979699436965,83.9509106985627
9.947,146.226371828404,67.982628851439
9.9475,105.968529794852,28.3918088127029
9.948,52.1531742420566,-19.4424953059736
9.9485,-5.59293411635142,-57.4055496466755
9.949,-51.2352774244254,-79.7389533992869
9.9495,-72.1198297449165,-87.6080471171788
9.95,-82.3157483186244,-73.6001006747783
9.9505,-117.409997845167,-33.7957186078656
9.951,-187.454579072053,7.02957794100784
9.9515,-245.248911079726,12.1214459850921
9.952,-228.73538030093,-18.9677322603337
9.9525,-139.149777105214,-48.4556802989053
9.953,-50.2449765433875,-57.0080032902475
9.9535,-24.520219469425,-69.5178752706682
9.954,-44.1640629374192,-105.126901702903
9.9545,-50.6179170112553,-134.061254290938
9.955,-32.2866133291713,-116.092251131181
9.9555,-31.6912363680975,-60.5205817211481
9.956,-68.4962315706767,-13.1681558450341
9.9565,-101.735593896507,4.09593100534063
9.957,-87.3023515900119,7.78900489999458
9.9575,-37.4605925062867,14.7173277450223
9.958,5.4167972279732,23.5462388205251
9.9585,29.9613647305336,34.1031764893011
9.959,58.5734088722035,53.9505867795384
9.9595,104.557799172769,79.7452694567986
9.96,159.382960997259,96.1595837948211
9.9605,214.76637383978,99.3007005079976
9.961,266.070407117185,101.553872050284
9.9615,297.282560491635,110.591190432539
9.962,293.469752637974,124.14066541403
9.9625,268.390356582309,146.516368003716
9.963,249.249780813806,184.943808130393
9.9635,230.881860385238,223.625718973676
9.964,177.157737949572,227.332045123386
9.9645,76.9638093283039,182.125498919862
9.965,-32.1751440910208,110.895905046638
9.9655,-110.342523367117,38.0913587962826
9.966,-156.165601945693,-36.6741900631312
9.9665,-183.445865754196,-114.781420654944
9.967,-185.613462289099,-173.814349219025
9.9675,-151.955811823042,-191.818296569999
9.968,-101.611590485173,-180.675606090713
9.9685,-71.4019100113882,-169.525444233857
9.969,-75.2959626650615,-164.199806912223
9.9695,-96.0535555205233,-147.588886789669
9.97,-110.561915522446,-114.732005098555
9.9705,-106.628558771177,-82.5777712830598
9.971,-83.3041501440413,-63.751231791285
9.9715,-52.2789289234805,-51.1342777732131
9.972,-32.2934492691107,-32.8513564180982
9.9725,-27.9853483835087,-7.73616670114126
9.973,-23.5970386097636,17.4384142485442
9.9735,-9.93572014060947,34.685632008103
9.974,-1.55755072528445,38.2322905815837
9.9745,-9.86663857134412,32.0088595746009
9.975,-18.4044333120249,31.2811440626637
9.9755,-9.86140047093005,44.0228961201704
9.976,0.683314963407376,54.7774573238637
9.9765,-8.04127644957689,43.9259108408654
9.977,-18.6504551891383,19.7908614983224
9.9775,3.53898331456137,10.1413862902418
9.978,49.7044525589045,21.4492067121905
9.9785,70.0891938000743,31.9134204196244
9.979,41.1978554788311,30.9124743747415
9.9795,-8.3888331875089,36.3284112076497
9.98,-46.8595059804602,56.2423656923298
9.9805,-74.8018600845947,60.9485154156065
9.981,-98.4917825574656,21.9042185678437
9.9815,-105.400289646034,-38.5104677321304
9.982,-88.2281289491571,-70.0758090530318
9.9825,-63.9747640563806,-61.7603457978627
9.983,-47.4214980499328,-51.7132560148311
9.9835,-31.2653855054984,-67.2547300116653
9.984,-12.4850557565289,-89.005936915429
9.9845,-10.2030220533433,-89.5164083078335
9.985,-30.9325337897582,-78.3701208178543
9.9855,-40.1007031888634,-82.8795255619398
9.986,0.145085353259837,-101.175333967691
9.9865,77.8569695275973,-104.286627912946
9.987,141.114735471666,-79.8253862520344
9.9875,149.511231009342,-46.5284776976532
9.988,97.0975931461427,-23.2361327379068
9.9885,3.11758973027599,-7.85922611340328
9.989,-93.8007660354736,5.42462653901225
9.9895,-147.633301022022,11.2776576964447
9.99,-140.776635044705,9.75720742858028
9.9905,-100.801592586113,17.4307546309268
9.991,-61.1235979682898,39.5897894814958
9.9915,-20.585827667976,44.954360187503
9.992,32.1237805612643,-2.08144338735105
9.9925,73.3892633632823,-84.6477750202856
9.993,64.0798546932255,-137.931691913047
9.9935,8.70479226340052,-120.763152413651
9.994,-42.8883796774141,-59.7039458374926
9.9945,-56.0892709740157,-7.34419605939728
9.995,-42.2509735656698,21.4363034324106
9.9955,-25.3857033246842,47.992342094176
9.996,-10.0031596012143,80.4625265244976
9.9965,8.23746073307947,99.345855661868
9.997,26.4816721102329,93.8970419948627
9.9975,42.5223708642514,83.5843112311264
9.998,60.8998646144052,90.4014087401677
9.9985,81.9000773950444,108.756902394605
9.999,98.2114525388413,117.58107725437
9.9995,106.949905658522,110.090600512153
10,112.324374747061,97.5209754180734
10.0005,116.719806172864,91.4608142579739
10.001,122.890345510352,95.0641543829766
10.0015,139.682972473639,105.698562880436
10.002,167.301122530415,114.501306580133
10.0025,184.576165245633,108.139005246348
10.003,174.880447162226,83.3417407602391
10.0035,156.961969755345,57.9686559866392
10.004,159.904342087635,57.0085195027764
10.0045,173.173155985034,86.8050830570147
10.005,158.256009895757,128.871169268751
10.0055,109.110114571633,156.077595747331
10.006,58.5449187362172,148.361354810751
10.0065,18.0945318496944,98.8108410450651
10.007,-40.0757889924207,17.8571716990461
10.0075,-121.257287785228,-67.3312033251608
10.008,-175.4762272865,-127.792064609468
10.0085,-162.534426635433,-151.394323824977
10.009,-115.205961580728,-144.342589432111
10.0095,-95.6903357898331,-118.637987467839
10.01,-111.198945692941,-85.7533651576281
10.0105,-115.822230914827,-57.8279311807669
10.011,-85.4358816523055,-42.0223591365854
10.0115,-49.1291064230802,-32.7983199121586
10.012,-43.65312297298,-20.372513531482
10.0125,-67.2703101631056,-7.36624985309595
10.013,-86.470937795181,-5.25073044672005
10.0135,-70.9646256669259,-12.2912469912509
10.014,-19.4430040484881,-9.00950641142524
10.0145,37.1120120470741,16.3036460850094
10.015,60.0834124050796,46.5474554047367
10.0155,41.3221577748277,49.131228372461
10.016,10.1619992600409,6.95639788450625
10.0165,-6.00161899505272,-66.6278226651271
10.017,-14.3233928082094,-136.553111288133
10.0175,-36.3834835331764,-166.307640542987
10.018,-72.1569061328305,-140.465617048296
10.0185,-104.512791909805,-78.3520635382098
10.019,-126.575990004902,-22.6396177041332
10.0195,-142.301434464716,-6.12504459008426
10.02,-150.801267152007,-28.455387494551
10.0205,-153.460562214463,-66.1680306614805
10.021,-166.110385494057,-99.9149346366399
10.0215,-197.094664722809,-126.909425759743
10.022,-219.959387810532,-151.287361720204
10.0225,-197.066389028254,-170.536902162708
10.023,-129.9951029035,-174.608372566339
10.0235,-60.9234342727301,-158.058836657495
10.024,-22.8620166491408,-131.200909087689
10.0245,-11.8398446941938,-112.871495961479
10.025,-8.6369548484287,-106.786786232236
10.0255,-2.2470291061237,-91.8439372499017
10.026,13.4053274362986,-47.437226046602
10.0265,42.9560802875986,15.9122751868686
10.027,81.351556821857,67.0753084489964
10.0275,118.22181737209,94.3127181756627
10.028,153.513256181672,114.792303745421
10.0285,191.594850288198,140.419582843817
10.029,220.102777259324,158.131976571017
10.0295,218.026248607097,156.9507249045
10.03,189.33070495502,151.397080339384
10.0305,163.899082836204,155.756882949793
10.031,154.85112776461,152.160359533912
10.0315,137.364559971721,112.630309205619
10.032,85.2558598827054,45.0417772008711
10.0325,11.9704924782547,-11.5624545775188
10.033,-42.0214213452568,-36.8872543789586
10.0335,-53.3413299770574,-48.3163329162421
10.034,-33.458831365345,-66.1398543671252
10.0345,-8.64251818464691,-84.1471608046327
10.035,5.85983803501266,-83.3830086039494
10.0355,13.2523704698879,-55.5239330914699
10.036,24.6337138893435,-3.39905332677179
10.0365,44.5486493352689,64.0175388239342
10.037,69.5084664703809,126.703487001421
10.0375,98.870271878059,159.68536932306
10.038,133.852486094888,156.519462956716
10.0385,158.455582827516,135.477137773814
10.039,140.285184138668,113.79814438679
10.0395,71.408663535948,89.3686003308265
10.04,-6.23517584614525,57.1792021939068
10.0405,-45.4536323119155,27.533498068467
10.041,-54.9961152980131,13.2530617650359
10.0415,-81.7739674169065,12.1979415879655
10.042,-136.06899977238,18.1558508466977
10.0425,-176.665369990345,35.6034176817199
10.043,-177.612685781098,64.0633484541003
10.0435,-164.819062316077,79.90302294515
10.044,-164.963767445026,60.0072203498081
10.0445,-157.484000531423,19.7538068417064
10.045,-109.254524105709,0.688239843048073
10.0455,-29.52633861097,17.3100681507517
10.046,41.7683129023817,41.0864462042418
10.0465,80.4862952365794,45.7293523183645
10.047,85.6098586488989,44.5631629057779
10.0475,62.0750356696106,66.3139383296405
10.048,26.9139705665789,110.097457478037
10.0485,12.0620761835662,144.133947469587
10.049,26.5383631023829,140.824472843208
10.0495,32.0775450484153,95.464096162295
10.05,-8.88542884511317,16.5316449875008
10.0505,-76.6460907443512,-80.6663904866497
10.051,-121.468757014428,-167.255398876457
10.0515,-127.687681939652,-207.343283569878
10.052,-105.247453494194,-186.317354290361
10.0525,-38.5351688107682,-128.393333296875
10.053,88.7830327677509,-77.0295904601985
10.0535,218.929576914373,-58.1420722480831
10.054,248.221224057377,-65.578085811737
10.0545,160.449157865709,-78.1218703937743
10.055,66.9776387469788,-83.0762587163341
10.0555,66.5652684870276,-83.4609282347891
10.056,116.257675870621,-89.9753822735637
10.0565,101.258098770048,-110.750525843534
10.057,-2.21875665042645,-145.486008270895
10.0575,-104.111314692786,-183.839093035253
10.058,-128.608941644499,-209.148111169921
10.0585,-96.4561934338674,-208.344195129515
10.059,-69.0943396399036,-181.908040385632
10.0595,-67.8487890442765,-143.924175249822
10.06,-73.8093360119928,-110.513187857045
10.0605,-67.6698971489322,-87.0445356992605
10.061,-39.6607333074043,-65.8066635027386
10.0615,15.4110120772143,-35.0945526357594
10.062,85.808726490937,9.50347940806061
10.0625,138.756004264751,61.1870430863344
10.063,147.38447534769,107.594931644775
10.0635,113.215240236431,140.280173017738
10.064,54.5970553891169,159.502372288459
10.0645,-10.2056658678377,170.619382427329
10.065,-60.8225901755963,176.679935648633
10.0655,-80.0179542690028,174.8109865244
10.066,-77.52007889917,158.603933092199
10.0665,-87.1977650180818,122.672428514936
10.067,-121.132763674507,66.0234603312544
10.0675,-146.934289299144,-5.66357315374909
10.068,-133.296497306186,-78.6613916895587
10.0685,-97.4910782586646,-132.703254682978
10.069,-78.8314046535999,-147.677190253913
10.0695,-83.068782272577,-115.472412849825
10.07,-88.4146067058074,-51.3116191020277
10.0705,-92.744045184327,8.13031731619546
10.071,-110.834926230422,28.4425455640087
10.0715,-128.300736890531,8.13122580750071
10.072,-107.247500334338,-17.9837792045123
10.0725,-49.0921537216781,-15.1556421728455
10.073,-6.43096395960924,12.369301097346
10.0735,-10.1345317144972,28.4588670011455
10.074,-23.7795267147454,11.6504654296036
10.0745,-0.578855158364151,-18.4708295136565
10.075,47.8863654861583,-28.5417605539833
10.0755,78.4908071925206,-13.1630316875322
10.076,87.8504949936007,4.64667466629643
10.0765,110.512135552756,9.17269070303094
10.077,154.627027976141,11.4948698388366
10.0775,185.531121294723,31.1614885946949
10.078,181.055597278008,72.7570792204259
10.0785,167.00528450079,127.196773215437
10.079,181.066637034642,184.11942404723
10.0795,223.988684616897,232.21094129498
10.08,262.206784713708,256.075428451389
10.0805,264.92500645896,248.04754430385
10.081,226.259956547457,221.475146232906
10.0815,159.311131233632,197.749512477081
10.082,77.7717774929611,177.06185104959
10.0825,-17.5109194620414,135.219582893112
10.083,-130.865070948605,56.3856639236161
10.0835,-245.890740184758,-42.9022844054937
10.084,-319.703042311468,-133.254030281205
10.0845,-322.698460349606,-205.552630016291
10.085,-278.532855619253,-267.418606464418
10.0855,-240.39251119136,-311.436534314518
10.086,-226.458237560664,-310.406286554241
10.0865,-203.480563731718,-253.44332882655
10.087,-139.541457408183,-169.441231117123
10.0875,-46.6800351165835,-98.0939112289919
10.088,41.9243095677288,-45.6065800124846
10.0885,114.590412734394,14.2297742483965
10.089,183.171696325487,97.4746760320449
10.0895,258.84898304285,185.40322997509
10.09,343.173969281914,247.031166176389
10.0905,428.910717564232,274.019846620763
10.091,491.376598237883,284.445159106064
10.0915,492.391056579801,297.260305350504
10.092,416.845741125542,311.152798957096
10.0925,300.326867839755,309.012348165378
10.093,197.868133049944,278.949366501828
10.0935,123.845272081663,226.770820816099
10.094,40.4706858731353,164.618670045498
10.0945,-90.6070051337544,89.4190026827176
10.095,-259.348168642381,-17.1952026739327
10.0955,-414.2786820268,-159.723964713428
10.096,-507.598847503389,-306.445697536
10.0965,-529.380163592481,-409.641090987906
10.097,-506.487930634723,-449.457784922876
10.0975,-474.304601565908,-448.106851856099
10.098,-446.294534415612,-439.230833454823
10.0985,-408.381745243542,-433.743324339607
10.099,-343.379726460156,-420.011114258022
10.0995,-256.973266792247,-387.395560524956
10.1,-174.44366376973,-340.117178804106
10.1005,-115.505615777663,-290.417726582336
10.101,-80.3051365020962,-243.62419487332
10.1015,-57.8289104719861,-190.556531631837
10.102,-37.2541278885025,-116.304139781766
10.1025,-8.7053204233273,-21.068778151008
10.103,36.4686378735146,69.870548377918
10.1035,96.8104393695067,125.684149965316
10.104,154.494595285801,140.2161230436
10.1045,186.13857353719,134.087149586333
10.105,184.480890456302,126.627948157127
10.1055,168.047280508823,118.300828074995
10.106,164.892128576625,104.593765774987
10.1065,183.889097765159,92.2574528225596
10.107,204.383642574306,90.4833935620773
10.1075,198.14634600525,95.2993286524285
10.108,159.592707792831,94.2800529636129
10.1085,108.75044054538,81.021503640469
10.109,66.6931597545876,56.6083501326983
10.1095,38.4029017278579,25.4322863961227
10.11,22.2888401602034,0.651990669182294
10.1105,24.2109389968952,4.08860425464412
10.111,50.9317441794761,43.4134472504946
10.1115,94.2186430938602,93.613786647221
10.112,132.054444359494,119.590498774625
10.1125,146.563098346983,117.519361289619
10.113,135.542219439128,115.170787781004
10.1135,107.789727436227,127.159133843442
10.114,74.3100098849608,131.092851898022
10.1145,46.1838397683629,102.796727182793
10.115,35.4544595744586,60.1346921495897
10.1155,51.0697198961199,49.2950974606906
10.116,89.9843134393783,89.7332095879059
10.1165,133.472445365519,153.15557421219
10.117,159.202479960846,202.778482014922
10.1175,162.53508715614,234.923838570254
10.118,160.727325294385,266.642975104266
10.1185,166.743508070429,294.58273878374
10.119,162.896145662457,291.041650782593
10.1195,115.987458921388,244.159932051765
10.12,22.1151567897366,180.022368493726
10.1205,-79.1023846287008,130.738461541345
10.121,-144.942795121347,94.7692170913621
10.1215,-172.684994468024,46.9587723612039
10.122,-189.955074627771,-20.4781823634754
10.1225,-211.381656116939,-87.4564048180959
10.123,-222.387427300991,-133.671875169698
10.1235,-205.358106807448,-156.16990897359
10.124,-166.305498054497,-158.401740507204
10.1245,-129.169509949717,-143.497313009856
10.125,-111.669095555568,-124.73606097083
10.1255,-112.82908313159,-122.311791519559
10.126,-120.440310810691,-138.85531502227
10.1265,-125.090084819057,-154.610880897991
10.127,-126.047305563375,-157.522833241458
10.1275,-126.189769429008,-161.692433433473
10.128,-125.387226507702,-184.253463759603
10.1285,-121.676537746637,-221.227607581564
10.129,-116.463477302141,-260.362282014662
10.1295,-113.972878407733,-298.944398583627
10.13,-116.878943796296,-329.449132594555
10.1305,-126.627687271365,-326.229209997646
10.131,-143.913531982922,-274.635182933098
10.1315,-160.636005945479,-202.99538828026
10.132,-155.874066300883,-155.241891154055
10.1325,-113.761786414102,-133.302874669489
10.133,-45.9474659809808,-94.1031841145048
10.1335,17.2149890327096,-8.17929428479498
10.134,59.2579886625561,100.423193695883
10.1345,87.1427984392556,178.928679725258
10.135,108.623955377053,195.341303178232
10.1355,121.831743482441,160.956786163709
10.136,133.538392700906,117.801177400401
10.1365,162.92279452418,104.528021612127
10.137,212.003813984335,122.209152613677
10.1375,253.566267833323,135.876184999437
10.138,266.504830476896,120.357860453543
10.1385,261.721102892458,93.5809575515706
10.139,249.976489859885,86.0268950672459
10.1395,207.494659704234,91.1764523583789
10.14,110.318670943298,76.3222050436032
10.1405,-9.14491814992238,35.2221904584718
10.141,-82.3136025369709,-4.68880014473466
10.1415,-85.1259806934305,-26.0843203078422
10.142,-63.9600652985638,-35.5595819452871
10.1425,-71.5947251910314,-30.6132103058844
10.143,-105.8199425165,5.38432458817123
10.1435,-123.139228042152,61.9727189917161
10.144,-89.9403475726876,95.1088282065443
10.1445,-10.0309955604935,82.9315756721097
10.145,76.4546562094934,54.4575126825404
10.1455,113.916411514676,41.6919466300522
10.146,78.3177827592681,38.5915731627652
10.1465,16.6555013837456,34.1800104004473
10.147,12.2638575178547,49.5804525264863
10.1475,92.2456673095684,103.575476060585
10.148,194.32249357048,168.884403433665
10.1485,245.709006108906,204.834587706023
10.149,244.761115871488,213.657252333341
10.1495,231.040482496726,221.918356180982
10.15,202.234568834648,223.045901859091
10.1505,116.564480889169,186.889798325938
10.151,-22.0675400370382,119.168556025794
10.1515,-136.297658589255,60.9477734841204
10.152,-160.916928123248,23.6690061026743
10.1525,-125.104078312281,-30.2580393250835
10.153,-115.78096701975,-127.689549735974
10.1535,-171.892471219156,-240.692361675865
10.154,-245.721962187637,-319.106230295774
10.1545,-268.800701105056,-341.911093450724
10.155,-230.157204230587,-323.732056890556
10.1555,-178.22005980868,-293.308276358268
10.156,-161.585147851652,-277.037519910399
10.1565,-185.440826845457,-283.365839757628
10.157,-222.320985714015,-292.616176661189
10.1575,-247.078675655716,-278.323498063913
10.158,-250.88535664132,-243.240742961181
10.1585,-229.84852494712,-215.376727203635
10.159,-177.082521276843,-205.966958017642
10.1595,-92.4104237558405,-194.018987707287
10.16,8.663265028299,-155.729040575785
10.1605,104.893714918258,-84.2400743694701
10.161,186.059933755491,22.840830871979
10.1615,252.135129047979,163.600396986358
10.162,295.826619062427,307.140705912044
10.1625,295.835750112952,397.969337210154
10.163,236.778688673277,404.504110562225
10.1635,135.490995525634,346.035894895338
10.164,39.4580760752044,262.917226753316
10.1645,-7.63577211628864,183.648913583014
10.165,1.07605873946778,128.450257447685
10.1655,38.1811719147678,110.572107598054
10.166,72.573400884911,113.809896925149
10.1665,91.285919791789,99.1476848764182
10.167,95.8411330524213,58.7254714759342
10.1675,91.13128174974,36.3352967910257
10.168,82.8762461443544,67.0652183431264
10.1685,75.7346600332237,122.676666653078
10.169,66.693105804176,149.041490464022
10.1695,47.3829075388781,134.104878761202
10.17,17.5235932399085,100.878297269387
10.1705,-13.8928081099432,53.0247237851987
10.171,-45.7693039722594,-25.5134139799334
10.1715,-88.2316168164901,-122.997346730554
10.172,-137.881650434618,-197.976883744731
10.1725,-165.410882623736,-230.790858630848
10.173,-144.824503797528,-240.496968097064
10.1735,-82.6463683212982,-242.880953302802
10.174,-1.55447392677011,-225.215925247947
10.1745,87.3232879145178,-174.858490691439
10.175,170.744022274478,-104.573139667021
10.1755,211.747728429492,-34.3045345796115
10.176,182.763889580324,31.5837150252914
10.1765,113.686380422745,96.2835373569704
10.177,62.3993405401697,156.252984137665
10.1775,35.3465269981935,203.757415940811
10.178,-14.3454481404339,229.049831675952
10.1785,-98.8224475269066,217.475530750491
10.179,-160.432344947819,165.969220835117
10.1795,-154.178025549905,108.244099801318
10.18,-115.91232872094,97.6522679359688
10.1805,-103.565704269224,148.14294369547
10.181,-108.820901222286,208.072388973937
10.1815,-83.1652881448626,208.027481109669
10.182,-27.6884975699149,126.077081486061
10.1825,6.47574360697986,0.186614770432328
10.183,2.538243609466,-108.352542667191
10.1835,2.17416433782108,-156.644673973142
10.184,33.5118586813716,-145.41450694819
10.1845,66.113134664149,-117.871692622044
10.185,59.9137225252861,-121.54360767984
10.1855,19.8760895806332,-160.832547428744
10.186,-23.8999226981899,-199.564916207875
10.1865,-60.6931385907188,-215.074184348719
10.187,-96.0548169048543,-226.056437047435
10.1875,-124.498608738354,-252.733821968045
10.188,-132.05250398553,-276.113058557521
10.1885,-116.107067484579,-265.657669154872
10.189,-84.9539706020884,-231.665246327171
10.1895,-47.6252544642317,-215.977279224879
10.19,-17.6053605472632,-232.066901468302
10.1905,-12.5432868474333,-242.518472904317
10.191,-32.7214604783837,-201.880773102638
10.1915,-50.5238298920395,-103.609336136595
10.192,-39.6447644075885,18.1097673758003
10.1925,-7.91960942459428,116.457678976134
10.193,15.7557432308527,161.525189214635
10.1935,21.671591517275,161.654292781594
10.194,28.0631667943711,159.810988109991
10.1945,49.7456745623428,191.364562389067
10.195,74.9558300253875,241.411232617428
10.1955,80.8544994184306,262.379107915295
10.196,63.8581706413779,237.630510419907
10.1965,46.5572086286098,201.937286461598
10.197,54.0982463099906,185.257776885283
10.1975,85.8991265376677,163.635299813789
10.198,113.557580084094,96.3097587811883
10.1985,109.388639269979,-2.74222320780391
10.199,74.9568694100817,-68.663074433307
10.1995,37.1278938868239,-65.5190423464073
10.2,19.2941773795719,-29.1268858580009
10.2005,24.3869802688184,-13.7933498791755
10.201,43.0239307344504,-22.3768999607021
10.2015,65.1222989338671,-15.9626826457937
10.202,81.2368912670106,21.8635923341144
10.2025,85.8190320381132,63.651336464636
10.203,85.6757820785168,81.80281290635
10.2035,94.5651403667086,83.9404075060176
10.204,112.126550805702,92.271194687731
10.2045,118.047421795686,109.261768933593
10.205,96.3873530443386,121.723539623318
10.2055,58.2194525953284,125.59486462279
10.206,30.3972369112487,127.304344286401
10.2065,26.9129366538641,127.097300430873
10.207,39.8486401937722,118.892290999966
10.2075,53.1482493679209,104.315790525746
10.208,54.5045578376201,91.347985464779
10.2085,36.2811796538565,79.8998425713644
10.209,-2.64083409717944,63.3617130565261
10.2095,-51.2954490708695,44.675755189425
10.21,-89.9604883230253,35.7168480610013
10.2105,-105.847060255824,37.4059658893745
10.211,-104.963727852748,33.8073198302968
10.2115,-104.522293067529,11.1910227976467
10.212,-112.676342989091,-27.3716638857314
10.2125,-120.073727349789,-70.3480597361292
10.213,-116.257719364866,-110.366682416215
10.2135,-111.02986933702,-144.494623694534
10.214,-128.667783334183,-172.449324751028
10.2145,-177.033650415447,-200.135388429111
10.215,-231.984475436328,-236.244546873707
10.2155,-259.50094535128,-279.640340141627
10.216,-245.619801761052,-316.456653037312
10.2165,-198.761986230167,-332.71278356348
10.217,-135.66656746268,-323.04526497121
10.2175,-77.8957446323177,-286.846783823844
10.218,-49.1156311554427,-227.186669151688
10.2185,-54.8961280115975,-157.224991490899
10.219,-71.4388101506217,-97.193255185995
10.2195,-74.7654786971006,-59.7399313770558
10.22,-74.4001923401243,-44.5668138620541
10.2205,-92.1134003372896,-46.4139056259285
10.221,-110.727761031664,-56.8579577844367
10.2215,-78.091139644479,-60.1979881185157
10.222,27.9339933837579,-45.1270236588263
10.2225,166.713540494317,-22.7493174087145
10.223,280.245177385388,-14.2449672467858
10.2235,344.524912521276,-16.8542702832186
10.224,359.307496855234,-3.69388506560423
10.2245,317.454304899598,36.6146074942036
10.225,218.356242406736,86.0514438824485
10.2255,98.7986982195015,133.425209869007
10.226,16.3508416748541,192.643315596
10.2265,-3.09685709731545,261.902864923139
10.227,13.5708415384238,294.97699035872
10.2275,16.277753885172,250.561794308745
10.228,-26.9707285916096,153.500916026185
10.2285,-106.852464310324,67.6680968890359
10.229,-173.508132331832,16.1693576141621
10.2295,-169.781926015001,-31.24364926035
10.23,-85.2322217012733,-92.5831435990673
10.2305,24.2819486379101,-139.422606906791
10.231,86.0962595048309,-141.882199083964
10.2315,77.4465052512071,-111.25747152766
10.232,32.542743535928,-74.030865709023
10.2325,-4.94630637567222,-28.1322103823418
10.233,-16.4266678229313,46.1784446850276
10.2335,-4.52248050700595,141.35742992039
10.234,18.6505406836198,214.294108964603
10.2345,38.6859906101927,230.059957255249
10.235,56.3016628067455,206.466176657519
10.2355,98.5408812108712,207.58468736879
10.236,190.313546028115,283.35075127849
10.2365,311.979770702107,408.801244116434
10.237,408.372302898494,494.234100674459
10.2375,445.763506519412,472.676171161385
10.238,437.243744758605,371.49736424216
10.2385,405.814948802355,278.72753457087
10.239,352.052596425805,245.719173552785
10.2395,275.671332461749,249.008855975292
10.24,200.573402340709,242.306874657284
10.2405,146.576676887741,207.141335074195
10.241,90.7963101354769,143.286365593636
10.2415,-7.74432206641906,50.6630578999603
10.242,-146.469717223933,-52.2751759380485
10.2425,-273.70257711648,-121.796657857958
10.243,-350.650760361498,-133.779470908915
10.2435,-389.650010102349,-118.749497750408
10.244,-417.68524377899,-123.845242735207
10.2445,-431.498047762345,-156.031411956715
10.245,-416.939657117185,-194.247951405015
10.2455,-393.844073470281,-242.339104685877
10.246,-401.634973643299,-326.879550376134
10.2465,-437.259170935745,-441.554129824466
10.247,-441.958091348287,-534.815761737202
10.2475,-367.458372033006,-568.351070651836
10.248,-234.4945065479,-558.547958711933
10.2485,-108.222798529658,-541.48537870594
10.249,-32.8805811578501,-520.491093621019
10.2495,-9.31571699039051,-472.81651510652
10.25,-17.7907319797995,-394.549867985699
10.2505,-32.9051413909723,-312.142501805835
10.251,-25.9060075031245,-250.42135299403
10.2515,11.9675344833617,-210.229190748279
10.252,44.7639139490016,-183.626594290357
10.2525,21.7491054958532,-175.341383502417
10.253,-57.0697763530807,-195.203541986854
10.2535,-129.975248948438,-232.273793988333
10.254,-139.275589244044,-248.051843841717
10.2545,-85.9434846008273,-202.821765659061
10.255,-10.1046399349619,-90.2164944089162
10.2555,54.1742048544579,53.9307356443689
10.256,88.2910796288599,176.398704400079
10.2565,84.3882644982539,244.105047046324
10.257,61.0616789337644,266.87235843587
10.2575,63.6045765346107,288.982059312124
10.258,116.585808679406,351.068420421943
10.2585,188.05531344312,449.220528346115
10.259,229.179611897689,533.565251196312
10.2595,236.718929176804,557.779139513604
10.26,244.295037950503,527.951452481672
10.2605,262.783056647209,488.338773595844
10.261,268.3902857123,459.439799040283
10.2615,247.89946014252,412.088762608091
10.262,215.857668770904,313.881014396717
10.2625,181.186163404925,181.780797683584
10.263,136.431886660903,67.9004978441376
10.2635,94.0770451934105,2.53912657832539
10.264,94.8363918841744,-27.665088884692
10.2645,153.070973456119,-48.7487165307123
10.265,220.454362393531,-67.8968851041265
10.2655,233.638131202813,-76.2020618456521
10.266,183.201959078522,-66.2884281763393
10.2665,111.206952597195,-39.8977197910477
10.267,54.4139775886873,-6.95096933737608
10.2675,16.5810304913841,19.3606923589108
10.268,-11.5359712892016,34.4583775845575
10.2685,-33.5087681770001,50.3834996180756
10.269,-51.3448335628412,81.8637353254675
10.2695,-68.485416073481,121.629851737242
10.27,-83.7802881663898,139.515134394503
10.2705,-94.0415219893653,111.40067837698
10.271,-102.834693005516,42.8841306547797
10.2715,-115.831513466112,-38.7754295174105
10.272,-129.365192853717,-109.479917983613
10.2725,-135.620708675502,-161.832207633127
10.273,-136.874088015797,-200.563673663275
10.2735,-141.332751501936,-229.464387779391
10.274,-147.480657417446,-240.816792703735
10.2745,-148.839091231289,-218.670799977363
10.275,-152.866310872683,-158.652186294643
10.2755,-173.633735155681,-83.0769033517498
10.276,-201.453740023801,-25.2352156820423
10.2765,-206.341583030073,5.00124423915555
10.277,-188.156176388699,28.2425193391121
10.2775,-196.250595264267,59.5639992653883
10.278,-262.186218966417,76.1789927457206
10.2785,-322.594236366021,38.614068459318
10.279,-258.480606952937,-55.8544323355254
10.2795,-34.5463876335013,-158.143547716789
10.28,232.625411701131,-214.925133076133
10.2805,380.923951690368,-219.416067935769
10.281,364.226847030239,-201.714939240365
10.2815,275.35428171413,-179.04950762695
10.282,218.455510567928,-139.092515417481
10.2825,203.495498683033,-73.5316974999692
10.283,176.25318958564,-1.08857268111638
10.2835,106.907998353293,57.3766242290281
10.284,16.6983827921315,104.333569094785
10.2845,-54.8035445139863,144.51495783321
10.285,-72.3834850154211,158.604401841369
10.2855,-15.1551460470711,130.361089115092
10.286,92.6452138805213,88.258658976353
10.2865,167.78937754457,80.9222910842518
10.287,131.487494918174,111.852112295595
10.2875,-2.52714130303451,137.909176197838
10.288,-137.708550203654,136.604645102846
10.2885,-202.767996130578,129.84535364393
10.289,-214.114815585104,127.432436307816
10.2895,-214.999964184843,98.0236978522021
10.29,-195.942306160692,28.4596046528083
10.2905,-116.764515759104,-31.901158502662
10.291,14.8571342601351,-31.1861704038362
10.2915,133.048906371564,11.0306100569822
10.292,180.312143065827,36.2514514407437
10.2925,151.420101632855,29.0244248609852
10.293,74.3378541040151,16.3756718948811
10.2935,-13.746143823805,4.54840579022313
10.294,-64.5133152733343,-27.4612006462571
10.2945,-35.6790417957012,-78.8368099141629
10.295,59.2647941872499,-125.283517282926
10.2955,140.213880909715,-164.276654991145
10.296,132.299083615828,-210.563818448573
10.2965,44.8748148353281,-248.29444241221
10.297,-41.9133439156711,-243.211007832747
10.2975,-64.814696500693,-205.311438557229
10.298,-32.3570323418161,-180.203721450458
10.2985,2.43290439700676,-170.381065610516
10.299,-1.27010812615056,-130.099493612019
10.2995,-46.5644221526557,-55.0109766819781
10.3,-106.478046034084,-5.57528147663938
10.3005,-144.718207451264,-9.21619249317076
10.301,-142.92697863583,-10.3974472029846
10.3015,-117.901740680868,32.4321794171664
10.302,-102.507742484187,64.9037387527925
10.3025,-107.064482082686,18.4045438102923
10.303,-117.122916136792,-75.3026526258755
10.3035,-132.056215555141,-127.089810409746
10.304,-173.652323520901,-116.914050168985
10.3045,-234.855027898829,-99.655152748195
10.305,-250.910019632372,-101.805132534471
10.3055,-164.044268663659,-91.9441751018538
10.306,-6.51845662750393,-54.9495025785871
10.3065,123.581271811151,-20.8616043174656
10.307,171.849520249865,-1.64509840526813
10.3075,175.030564778012,40.264278141279
10.308,192.909077384468,133.500373149904
10.3085,233.909703013548,251.582338358712
10.309,267.835596178209,350.507806304489
10.3095,277.548313728084,420.799133238044
10.31,267.245930779785,481.705430140383
10.3105,238.080773143135,546.206012841846
10.311,183.912377751964,602.883110256588
10.3115,107.398768941349,614.467136600164
10.312,29.4143546614888,538.837816695401
10.3125,-11.5870340850607,379.984744204056
10.313,22.3125045720084,207.112068068918
10.3135,120.017103722809,79.4312182093958
10.314,192.801851130294,-38.6273667508503
10.3145,144.287324734758,-224.836895589789
10.315,-10.6016506887412,-456.429408254447
10.3155,-144.636794600987,-596.801886116393
10.316,-165.844868477681,-561.768385198483
10.3165,-115.187603928419,-431.521135921658
10.317,-76.721447880537,-338.567266062175
10.3175,-51.5147630024635,-297.402531947766
10.318,6.65650325679831,-222.640202971646
10.3185,77.0906264452652,-85.3608263576664
10.319,91.8783615358894,40.9647919191227
10.3195,55.5295191892544,97.4217856894496
10.32,45.9762423004919,119.866546132155
10.3205,87.0971723345463,165.838234107789
10.321,113.412540334966,220.987627857851
10.3215,85.8730375793348,230.697739406979
10.322,52.9205193430079,191.15246076734
10.3225,56.239388353724,151.946833618733
10.323,59.4135576613805,137.154350322395
10.3235,25.4287470095951,115.663556385025
10.324,-9.38524769505115,60.1620730509812
10.3245,-6.93365812927229,-5.76046463669238
10.325,-9.52928477186384,-42.7921451563964
10.3255,-70.4000231200235,-50.8579519835877
10.326,-149.949258541227,-60.9124482846275
10.3265,-169.720779917849,-88.8497899197027
10.327,-139.712773798452,-128.046882747639
10.3275,-139.887274065449,-178.04059275293
10.328,-186.747086607571,-245.291479456282
10.3285,-210.670074282278,-313.363834271785
10.329,-175.369746568831,-346.427787557558
10.3295,-136.539958589721,-334.246462121481
10.33,-154.446869031769,-305.806301987808
10.3305,-212.310868170465,-284.623921780394
10.331,-251.941423309045,-257.15362380665
10.3315,-241.331310001692,-200.57175810807
10.332,-181.963678363811,-112.872355616442
10.3325,-93.76769159081,3.57742489652619
10.333,-15.7803065687644,154.91209529405
10.3335,19.406897961481,323.169271317468
10.334,30.4298146141178,452.766060787083
10.3345,63.5246246394449,507.038451295755
10.335,110.6337437016,510.112881097266
10.3355,108.270219507336,490.393247551081
10.336,43.9628691892225,414.827531790678
10.3365,-1.18490383037178,241.392154296429
10.337,34.6915960457667,18.0320550571411
10.3375,94.6822130349685,-144.528454511586
10.338,82.249144176411,-201.566651789488
10.3385,0.0972072249521473,-208.604965643249
10.339,-66.0418853987849,-219.400400445556
10.3395,-80.677686561981,-223.945574404992
10.34,-92.9381786555057,-212.119470683105
10.3405,-135.59625135033,-223.606024732773
10.341,-168.732521909602,-285.607847897604
10.3415,-150.38973527831,-356.019123647675
10.342,-101.86292325803,-381.242899866351
10.3425,-65.1634142439887,-367.873252602426
10.343,-38.5750104969955,-345.034183172723
10.3435,6.46722616549213,-295.234822141837
10.344,72.5211137696936,-185.48689802284
10.3445,133.840598308026,-45.0812390314013
10.345,167.120374032857,48.818673409726
10.3455,160.634963593127,59.2085564282958
10.346,117.559352398448,20.6128836784149
10.3465,76.3448354940853,-8.86907517555344
10.347,99.5707552818573,9.54557037486196
10.3475,205.209818535854,84.9341067669327
10.348,326.914443671636,188.127637983549
10.3485,379.320082093494,265.378989220048
10.349,349.72331094082,297.342724617042
10.3495,291.790582146936,327.159185927011
10.35,247.541633412393,391.213115988871
10.3505,219.871179046712,449.06671795249
10.351,207.040197540702,438.0809618018
10.3515,207.923393270579,375.566053291585
10.352,194.936096370946,334.874835097796
10.3525,140.684846686483,326.382283658767
10.353,77.9585007370363,282.435279031109
10.3535,69.4139666318509,175.631112020442
10.354,102.66496775875,74.3865436942772
10.3545,90.7947827708918,46.1873302305843
10.355,12.5434136220154,71.3900327936852
10.3555,-30.820333196458,97.8155035371148
10.356,32.9695114420265,122.291390985456
10.3565,111.238748117977,158.023525827293
10.357,62.5462117110126,163.981298834835
10.3575,-96.0540377696616,80.4141230453369
10.358,-216.912533488551,-76.9243398653175
10.3585,-242.56691533942,-219.218793171514
10.359,-267.510273982719,-283.979832338763
10.3595,-356.49278196501,-285.975420610991
10.36,-434.199697255486,-267.518491228476
10.3605,-423.875281544382,-246.888852695207
10.361,-383.155316341984,-231.274029585131
10.3615,-399.44241322054,-237.736124807728
10.362,-428.973649140115,-269.404537353112
10.3625,-360.990291503215,-292.778059121873
10.363,-201.179278240503,-270.366346592585
10.3635,-68.808629986488,-209.736962448646
10.364,-20.9611080096783,-154.869029495642
10.3645,4.15249152003097,-126.305708359075
10.365,54.1555231194924,-90.9067954428099
10.3655,82.8718495326309,-4.23671951853396
10.366,46.9956026654044,126.528102569199
10.3665,-6.23190872240096,237.351169957856
10.367,-9.66407373525487,264.991515783762
10.3675,24.0577140958402,198.906547753978
10.368,33.2856798046935,76.7822096319323
10.3685,-1.87697292562135,-52.5903522660509
10.369,-52.5667332704581,-151.554755974349
10.3695,-94.3247396506576,-197.537410444499
10.37,-117.265595334539,-190.342042361409
10.3705,-104.712542276569,-154.929131178621
10.371,-48.5041276992439,-119.908041817209
10.3715,24.6491968365338,-92.0886549813401
10.372,76.9191609784629,-62.6524102958924
10.3725,100.636833618453,-30.8492979344691
10.373,112.916624521302,-3.79004840373678
10.3735,127.696631073358,19.8878457179026
10.374,156.34775559837,42.1416019196517
10.3745,209.880881981931,45.8732550543395
10.375,269.865285235167,13.0840615156331
10.3755,284.087184138109,-35.2749859749596
10.376,229.36073535408,-49.8854278016875
10.3765,156.723570993548,-12.275363744338
10.377,134.558111858824,48.0810019237275
10.3775,166.9771009268,107.223530300274
10.378,208.52099920058,180.558190521199
10.3785,234.420707319763,281.287952202759
10.379,245.213353074032,380.63992958463
10.3795,224.523603978386,442.310617275476
10.38,156.609903588127,466.738870421908
10.3805,75.5195871074406,461.371982472537
10.381,28.7976425119855,394.240589008405
10.3815,-4.78788604227466,233.432488650608
10.382,-85.59664049017,24.8526527483352
10.3825,-192.768173219999,-128.981241433021
10.383,-219.958726079435,-181.614080915376
10.3835,-126.908285804938,-187.464089033628
10.384,-17.3843944086354,-215.97634842319
10.3845,-11.3213833025201,-266.550888183211
10.385,-101.707712662521,-299.401312364585
10.3855,-199.720848344434,-310.969278159771
10.386,-263.699631493898,-330.062756464262
10.3865,-303.709346381251,-356.352382038996
10.387,-300.911974883487,-353.004523554619
10.3875,-221.092428793787,-305.043214193977
10.388,-101.3567263121,-246.260372825597
10.3885,-33.7446656178595,-213.205231403228
10.389,-47.1842153947629,-199.930432968461
10.3895,-77.4994925276945,-178.520324429536
10.39,-73.8783183874886,-146.739593203688
10.3905,-66.9444190407014,-130.028542587222
10.391,-100.920142056017,-138.3338550323
10.3915,-159.074732847353,-141.232223589749
10.392,-198.21107558202,-96.492136271223
10.3925,-210.161799516698,2.1842685314862
10.393,-204.54832637247,115.463466609732
10.3935,-168.447791421669,199.74253552371
10.394,-91.2124774172743,251.69820337304
10.3945,-0.748752968854249,299.531661677704
10.395,75.9413400641721,348.747964657527
10.3955,169.737635338967,357.393130540436
10.396,331.343233123375,287.176864741354
10.3965,535.197684371249,169.666977566366
10.397,667.35303361219,88.5090511861108
10.3975,625.83929376843,86.3802247093566
10.398,413.477130955169,118.836258038347
10.3985,130.854270265267,119.969769031837
10.399,-98.8665117776769,85.5974438943168
10.3995,-199.401602279769,56.6090405828377
10.4,-169.600190793976,39.7821448900821
10.4005,-66.2299247609654,-2.32248968650062
10.401,41.3421907770672,-76.27551272261
10.4015,104.426084149721,-121.920911630558
10.402,99.1515581075499,-79.2524519816532
10.4025,33.8977052892898,40.3816355408452
10.403,-31.2484635971804,178.300352620201
10.4035,-13.223692403423,295.168225349462
10.404,100.175653156166,376.943167169107
10.4045,207.562909353122,397.919247230173
10.405,198.944853307621,332.204923517028
10.4055,93.7861485061263,207.174541941279
10.406,15.4788126202061,101.664329354437
10.4065,28.2522241511305,70.4388418410229
10.407,68.0073324328868,93.8469742558553
10.4075,53.8009500835198,115.136596686468
10.408,-5.1243541837573,103.573042049758
10.4085,-58.5253007747542,63.716844648773
10.409,-108.23524084899,3.52107937892361
10.4095,-183.71515888734,-79.9233995740523
10.41,-262.260027515089,-185.177465657854
10.4105,-287.791283673127,-293.733580220984
10.411,-254.808385196643,-379.847968688189
10.4115,-207.368506851804,-434.718341467662
10.412,-162.306488160629,-479.241428277871
10.4125,-101.752653267844,-537.926448426693
10.413,-43.0740414715267,-587.096225418485
10.4135,-40.7510088875996,-548.399586476647
10.414,-96.4981934783082,-368.332390706879
10.4145,-137.331124834281,-99.8493434549033
10.415,-121.815751683009,134.373030824297
10.4155,-107.402943088736,266.039877012265
10.416,-158.476051285266,328.176620655687
10.4165,-235.865094489879,367.284207962604
10.417,-246.809987670495,361.944972252319
10.4175,-178.95263338852,267.307290088148
10.418,-111.108499500033,99.9547041378785
10.4185,-93.3419971411648,-75.6898586801762
10.419,-86.0232377539056,-225.357516156673
10.4195,-37.6674554944753,-354.137255965848
10.42,33.6658745390281,-444.368152750025
10.4205,73.2657890493715,-442.073617559742
10.421,68.3486502985156,-323.081241533112
10.4215,53.2230957691235,-137.184542977807
10.422,53.4314971296038,29.5957132823043
10.4225,64.3520964287682,114.11903270804
10.423,84.6299227991895,96.7205812245135
10.4235,134.791624226108,1.53124332245527
10.424,221.594092229076,-105.33271155111
10.4245,299.978714603658,-146.994954604647
10.425,301.268060602997,-92.330892632237
10.4255,211.280104791709,24.8069919565551
10.426,102.173194088449,147.524400699422
10.4265,62.2274885133321,240.151837392219
10.427,99.6087105185733,288.316148547141
10.4275,145.4189541639,284.544083277111
10.428,153.858821754913,235.073105796904
10.4285,157.496072494457,168.384989894206
10.429,200.77606144109,121.192992512902
10.4295,261.258652928651,118.504484909008
10.43,283.271528895868,164.441147863516
10.4305,262.780756639782,235.992281107149
10.431,241.548844459648,288.338548894054
10.4315,228.511338695016,291.752387183763
10.432,188.848729836012,266.322761308718
10.4325,112.502765367029,253.420167436762
10.433,28.0226275456035,250.571076316117
10.4335,-65.1718691554204,210.497513078685
10.434,-204.930043321848,114.517759515792
10.4345,-368.799276689369,5.33009327976696
10.435,-437.122564364882,-74.4747551414775
10.4355,-322.766459748061,-134.524220734976
10.436,-103.335354143686,-193.771421631846
10.4365,42.5527146702317,-223.482762079298
10.437,18.6000142061756,-181.422528012008
10.4375,-116.871333441893,-83.0313442277556
10.438,-239.83664025762,7.70865043005396
10.4385,-264.83562544042,49.3689732702626
10.439,-177.492243578749,47.7892090718367
10.4395,-33.6304951934421,21.8733629341825
10.44,64.6755673343314,-14.8792594636116
10.4405,48.2989973821495,-46.4505702445848
10.441,-45.9076647521781,-67.49255161839
10.4415,-118.072067584641,-99.2727709699226
10.442,-122.879009110402,-156.121587272086
10.4425,-99.4127792382975,-206.59488981358
10.443,-86.8786964410072,-212.472336164158
10.4435,-75.3597885836841,-197.84746887
10.444,-57.6688675799381,-224.824223773671
10.4445,-64.1564296436489,-296.875671512265
10.445,-107.351757391687,-341.206482173546
10.4455,-142.683043410592,-300.732764162091
10.446,-128.235926691155,-194.627686582876
10.4465,-84.504237961208,-74.1872675055309
10.447,-52.1372786703203,28.6758689092056
10.4475,-26.8000976244019,90.6234457757241
10.448,15.667077192165,93.7126909901075
10.4485,58.1730405920214,66.9164920082526
10.449,59.1137788055778,79.2207773823989
10.4495,15.4088302508821,150.771671129776
10.45,-35.0157585828735,216.217493601923
10.4505,-62.9097179175559,218.427500586455
10.451,-66.353500821361,189.954674554439
10.4515,-57.5426392246521,186.59403293118
10.452,-60.9716731842563,185.46435982262
10.4525,-93.9670497672303,121.949603357861
10.453,-111.705058117155,0.98498018134418
10.4535,-18.6586812025066,-106.708968225088
10.454,197.826501639342,-171.253238676624
10.4545,384.23659552904,-232.883943522553
10.455,365.692222759052,-321.563136687504
10.4555,165.215469602957,-415.898551331803
10.456,-16.8193564650203,-492.351207057793
10.4565,-47.7474867551473,-548.08631767816
10.457,15.403748197905,-555.533786544251
10.4575,71.3289226571951,-460.941876320871
10.458,121.88463556956,-264.076936101877
10.4585,202.794082707846,-47.7210087810232
10.459,265.998429902309,110.918535266972
10.4595,239.541636889553,218.289707455903
10.46,153.267975820124,322.434110067119
10.4605,99.9235769329084,438.357960941695
10.461,97.3565055708256,556.252184981936
10.4615,88.0198303903719,680.426566156038
10.462,60.7862258924295,804.677752108697
10.4625,65.4883385735655,878.276361598418
10.463,92.8064370945579,857.579221833221
10.4635,47.6847163236122,778.078302936114
10.464,-101.274649349131,715.091874910338
10.4645,-220.385965168959,672.940981143775
10.465,-137.978089467161,570.863707357681
10.4655,146.13057914889,355.215331000939
10.466,430.14407981862,79.6862966739655
10.4665,489.469096430108,-152.027647074313
10.467,267.774521401198,-293.662811723378
10.4675,-90.8925563473361,-381.838672488961
10.468,-368.840430079393,-474.359347638162
10.4685,-439.314191753107,-586.917164141046
10.469,-337.575352440371,-682.228720380559
10.4695,-194.943311624149,-706.287034778694
10.47,-117.114395727626,-640.838309653379
10.4705,-124.893635028504,-528.229932799144
10.471,-181.245932288578,-436.169106566638
10.4715,-237.814461291042,-391.217830450487
10.472,-258.292699171304,-357.081049740721
10.4725,-231.515842499302,-285.32777353048
10.473,-174.278287505645,-174.340390411869
10.4735,-108.580401745577,-64.8650419043301
10.474,-41.3620658148738,13.6108722192864
10.4745,18.8650246411523,73.7124657007165
10.475,47.2654171812505,145.818438058125
10.4755,36.5124369195883,235.581003060497
10.476,22.0508590304172,311.94488691474
10.4765,28.349316395254,331.491522231052
10.477,13.8825982534489,270.085402741807
10.4775,-68.1658109880552,137.169189947894
10.478,-174.905976336543,-29.8927966856042
10.4785,-223.216924726433,-184.067549197328
10.479,-225.868721090027,-293.525973789304
10.4795,-269.523088252969,-361.160361579323
10.48,-336.610250063946,-417.959342885732
10.4805,-277.68868619062,-485.723412087042
10.481,-34.0133024222409,-542.551238127819
10.4815,225.670992722807,-533.046038736311
10.482,303.517758521525,-419.233195790791
10.4825,228.742414744693,-220.633208886222
10.483,186.744420311114,-2.94084548004496
10.4835,246.692882382233,173.85421100087
10.484,310.549742674884,303.410692703935
10.4845,319.676865203248,434.365475679865
10.485,350.545876669058,611.916076947419
10.4855,459.933605739163,804.208107210602
10.486,565.508979128392,901.288258917134
10.4865,556.104626743999,817.528216889646
10.487,431.688203101913,594.510186317765
10.4875,261.422302065038,370.323248672371
10.488,79.6119688451555,239.583006614567
10.4885,-92.5335624040604,176.549602818283
10.489,-181.567831765435,106.966688092162
10.4895,-123.148080425361,10.57175019794
10.49,23.4053252765137,-80.8780733752026
10.4905,106.501824499336,-147.257262650065
10.491,42.1276229347723,-186.395811054752
10.4915,-109.54855794939,-175.433886828223
10.492,-234.072535043525,-88.5777460347195
10.4925,-280.557641477672,39.7245548301254
10.493,-275.097585522264,122.674769451196
10.4935,-259.920489000952,114.048737414788
10.494,-253.12662709059,55.7789068358577
10.4945,-254.582419481956,10.958006026979
10.495,-261.543134724388,-17.3033048586981
10.4955,-268.017217844472,-72.7569435993516
10.496,-258.424598294319,-177.59577292176
10.4965,-217.685170574455,-308.161760159125
10.497,-154.10144360868,-423.080764317406
10.4975,-100.579855660629,-486.02886125357
10.498,-79.5293205492816,-470.500137668504
10.4985,-74.7349816378481,-373.624960920512
10.499,-54.0850266170265,-229.257480461277
10.4995,-10.7908661183046,-87.3471307309993
10.5,39.197702531009,25.8505772676309
10.5005,89.6206758370238,117.333772023692
10.501,141.290837618346,198.147165899649
10.5015,170.393776417827,257.132208293945
10.502,138.555218018898,267.537380319908
10.5025,47.2451667265826,213.352740819683
10.503,-46.7044848663587,106.161039900336
10.5035,-85.7934373143509,-22.5946994239682
10.504,-65.5047595314992,-145.131061514833
10.5045,-28.8400118035117,-249.296992568896
10.505,-26.8726938574969,-324.029039961303
10.5055,-83.9254131127922,-345.676049271391
10.506,-175.165584080891,-300.617681726751
10.5065,-235.524356651039,-219.872478526366
10.507,-215.457826626896,-162.841544830243
10.5075,-129.493643343789,-154.138858156546
10.508,-30.1505701542218,-159.212676414458
10.5085,51.7492221442559,-137.780188322372
10.509,108.100668219717,-96.9786533272455
10.5095,118.413821432889,-68.0083235329326
10.51,72.2167632843776,-53.0594812140275
10.5105,18.0751343429075,-30.7247368843814
10.511,23.5650024716497,-1.83949330960588
10.5115,83.5303829933899,10.469812972979
10.512,137.325342091077,7.44681696290644
10.5125,180.308039731611,24.6225781692388
10.513,269.722118643714,86.8155041565643
10.5135,400.114345239103,185.3510090891
10.514,479.046852004445,308.726227791448
10.5145,479.882840824268,457.05242122666
10.515,510.118830988707,604.574856179269
10.5155,631.507825718585,688.149148512707
10.516,697.814930012044,676.271381355794
10.5165,505.598456458594,625.577531854399
10.517,78.0715803517726,613.158367878961
10.5175,-324.355230541955,614.067294036905
10.518,-483.513309272835,505.155075656363
10.5185,-418.667862407299,218.996290284382
10.519,-294.868767965657,-146.917591476602
10.5195,-233.095676076857,-415.659094093057
10.52,-245.956120684086,-504.593929658721
10.5205,-285.736579362685,-475.028636350749
10.521,-299.406408542684,-427.630647677169
10.5215,-263.620175484197,-405.885318533152
10.522,-197.337725051942,-409.960036493022
10.5225,-132.614953301155,-443.295972353377
10.523,-78.7586773127093,-499.012475568181
10.5235,-39.0110684879681,-530.14972760064
10.524,-41.7300769901533,-484.269726798415
10.5245,-105.190585321678,-363.510863504049
10.525,-180.129931655098,-216.009604010666
10.5255,-185.505499764656,-75.1987760966752
10.526,-108.822996248224,54.5205798406637
10.5265,-19.8864786024529,158.256670481264
10.527,27.2323754725316,209.056265561604
10.5275,59.5778923438253,221.02249921388
10.528,136.375372650484,256.335258106821
10.5285,271.188691922074,346.5468882173
10.529,415.119920808735,439.353716634734
10.5295,487.192710223466,461.137048391465
10.53,420.810918339903,411.207345609396
10.5305,221.810764878505,354.621758964635
10.531,-10.5782284318301,332.405745058677
10.5315,-158.719331849406,317.755367235593
10.532,-195.065207525649,261.003981602882
10.5325,-189.12308992136,144.89418243973
10.533,-209.393097031786,-10.670585860206
10.5335,-258.722278896414,-171.727617392765
10.534,-309.055151778511,-306.536819010891
10.5345,-352.454241727334,-394.032462317865
10.535,-397.021023494844,-424.651560305097
10.5355,-439.311018823387,-390.256103109741
10.536,-452.670132923249,-284.5345244355
10.5365,-388.515054207091,-127.870017746326
10.537,-204.351979601388,24.0829717170532
10.5375,74.0203565811176,126.153415835829
10.538,331.654625696839,192.760331567627
10.5385,452.120880102922,270.473912293602
10.539,423.944938284282,361.404432382696
10.5395,325.634757738334,407.216413635543
10.54,226.346633727722,358.5500114289
10.5405,152.004754229792,230.956554158306
10.541,121.421273091813,77.8488230778931
10.5415,136.263862584192,-66.6896103991043
10.542,141.156972581611,-199.625916936606
10.5425,75.3330350677236,-322.631432324379
10.543,-30.9640785360302,-426.123479992335
10.5435,-91.0764868188364,-495.753763816216
10.544,-96.5250162416603,-527.073447388627
10.5445,-124.156027224686,-538.085462342152
10.545,-193.908159874106,-561.465968246385
10.5455,-225.632684786164,-605.806915651454
10.546,-178.397643202175,-628.985870194719
10.5465,-129.92529392962,-578.870451777041
10.547,-154.39131947398,-463.622341145298
10.5475,-210.232759011966,-348.419516633277
10.548,-223.545899110908,-271.456614590447
10.5485,-204.778014333644,-198.132155001834
10.549,-197.352067717419,-78.4390717730404
10.5495,-174.447911168184,82.7364744855275
10.55,-81.8923833683644,239.131019660931
10.5505,56.7186740743237,358.145103867113
10.551,166.150405170512,430.691072869244
10.5515,225.696882104947,450.630295024858
10.552,274.399780546124,423.34857523301
10.5525,331.89812743946,382.772798845301
10.553,381.89570691295,365.465590711564
10.5535,417.872593481345,374.413141982497
10.554,447.777657361872,394.47282771191
10.5545,466.467167355835,428.873525496096
10.555,460.020596653469,485.911616555849
10.5555,408.828240255073,539.374323304474
10.556,267.566221660877,540.284478082829
10.5565,14.7070635892465,467.810793878882
10.557,-235.789077881881,339.928686443176
10.5575,-275.581648915136,181.409861896617
10.558,-51.6876358087383,16.8290397328175
10.5585,210.636514835204,-110.907392826293
10.559,260.658082404375,-160.162456905826
10.5595,133.032525754857,-138.191161960219
10.56,61.5109070655198,-94.855160412764
10.5605,132.097001872727,-60.6905089671289
10.561,202.254580921559,-23.3582393132845
10.5615,165.171605609411,27.8602994891492
10.562,104.55216397965,70.0457255183254
10.5625,123.171702349401,72.6452765697085
10.563,172.962432077811,27.8259469846849
10.5635,154.720646538896,-51.7227499134992
10.564,79.5705270819832,-134.203475337401
10.5645,26.3232305319089,-165.844738911615
10.565,4.16901413771451,-110.355074154508
10.5655,-48.2846484027077,-3.91094607182284
10.566,-160.473882406339,73.4841985127499
10.5665,-293.924099583414,98.7164192025603
10.567,-391.451855025706,129.210046188033
10.5675,-429.232815990354,200.718296178015
10.568,-444.715945331195,255.198457060036
10.5685,-518.577033965607,214.466268332008
10.569,-674.770707167837,82.3962927316629
10.5695,-793.846730619992,-77.9269226935553
10.57,-709.84994853078,-233.525234227938
10.5705,-425.957976396423,-388.024215488599
10.571,-150.382239862483,-521.467757658502
10.5715,-67.3730376637031,-587.172569680824
10.572,-145.642804063858,-565.074797340111
10.5725,-228.61607488753,-470.941255701446
10.573,-238.502425591426,-321.873894958993
10.5735,-213.49423675733,-141.075130688518
10.574,-198.206976033346,14.3273252690305
10.5745,-185.579540084138,86.4969112468282
10.575,-149.399474516877,76.8216377093211
10.5755,-74.1402546809057,23.9000343776826
10.576,34.7898405958488,-68.2172055450729
10.5765,135.171704702357,-216.379671010538
10.577,170.238556338631,-374.999032128413
10.5775,137.598495277613,-443.073668864361
10.578,100.020353037301,-379.185667345516
10.5785,101.035574948533,-249.989077818548
10.579,116.15527988425,-141.195694822225
10.5795,113.080431922112,-79.7363198176
10.58,99.0909728220526,-67.5163716154587
10.5805,75.1807307716228,-118.538257569627
10.581,15.1337840168522,-210.078480353893
10.5815,-62.1515379507707,-253.120258330773
10.582,-73.8674969849313,-176.053770762225
10.5825,13.8131291705343,-9.60457172964509
10.583,126.293046810369,158.60580619719
10.5835,197.71958219578,284.270819062649
10.584,266.765593567407,378.14490186869
10.5845,374.470109276265,451.546469170429
10.585,450.714831809174,498.647472414561
10.5855,413.857699139312,505.692695494579
10.586,323.111890644483,436.567612915446
10.5865,311.544819967551,248.294309934722
10.587,402.764311424466,-24.9885231202519
10.5875,502.469268257572,-241.719497166688
10.588,540.630814107809,-274.932074760874
10.5885,520.198986879078,-142.122129163519
10.589,462.02444186585,46.7708510815357
10.5895,407.359784272656,237.025602291648
10.59,431.259471345666,444.825214444728
10.5905,536.285765012864,652.346715846869
10.591,583.793505291007,792.260998505289
10.5915,471.056443716125,848.908799105671
10.592,323.351940280321,885.391729088456
10.5925,327.37830719921,943.1679928904
10.593,400.71585917242,985.149694516779
10.5935,250.862732959235,958.662330103232
10.594,-197.996989668008,843.509127378791
10.5945,-655.616793812735,619.10027936752
10.595,-835.075067610043,268.653446383062
10.5955,-783.126280749011,-144.207079939894
10.596,-720.981161374631,-480.178011326899
10.5965,-723.074807329902,-659.822182393733
10.597,-714.300082251711,-738.481668239305
10.5975,-667.314666405954,-805.401785178058
10.598,-626.671290022724,-875.396465630491
10.5985,-594.939464442917,-931.254249605829
10.599,-539.734505432568,-998.378413584195
10.5995,-477.922141987152,-1096.22235153249
10.6,-438.512439774604,-1165.2797934868
10.6005,-382.920837481423,-1128.08932590463
10.601,-267.797324841414,-996.472982479294
10.6015,-141.997981969778,-845.74154929346
10.602,-75.3820488965626,-707.500143310117
10.6025,-38.5623356116925,-561.236800012296
10.603,34.3613364014647,-412.736720860716
10.6035,109.6953875914,-303.809265665698
10.604,106.222340310342,-247.048618246201
10.6045,49.0759559983161,-212.242738478315
10.605,35.7912770211719,-169.890685346702
10.6055,62.7858777102103,-90.8901526746717
10.606,25.8203884201125,78.4268434542279
10.6065,-92.7258006957615,365.57381553544
10.607,-165.382129616979,698.556654608754
10.6075,-85.1530179341986,955.836359981014
10.608,106.462857872674,1096.04686925176
10.6085,282.170373560535,1172.3016782264
10.609,332.555502135554,1214.33394992194
10.6095,202.664416097644,1172.88952906905
10.61,-55.7987329586604,1001.9857367934
10.6105,-235.20057687155,728.91463063589
10.611,-101.989048633255,416.004927919301
10.6115,338.028405363395,111.949325782919
10.612,779.773070145748,-134.696261054529
10.6125,906.785038287795,-276.64117317052
10.613,699.894898536715,-318.765998432485
10.6135,407.425634511003,-318.076172040159
10.614,257.775252635695,-302.830821759121
10.6145,264.286278091198,-243.457034917626
10.615,283.839667038956,-133.532954092073
10.6155,203.143083972854,-37.8739066182218
10.616,56.70932350451,-10.93563029037
10.6165,-23.6310725984679,-16.5973405833414
10.617,25.929795403628,16.3244482240672
10.6175,110.401672687661,96.2786839334032
10.618,89.9345717074255,179.304397223126
10.6185,-41.4324971287387,243.545201255623
10.619,-165.087421933102,297.183500794426
10.6195,-216.08407765498,335.66501510249
10.62,-251.790368098203,345.094903933329
10.6205,-319.082423044992,333.002679242232
10.621,-358.964137188968,310.674625675882
10.6215,-305.441812365651,264.108823321738
10.622,-197.497328204861,187.858933961114
10.6225,-118.917668157643,123.730082883315
10.623,-87.7419566110867,110.398840090012
10.6235,-76.1910261769274,112.401761523046
10.624,-83.956216151602,59.0005903814759
10.6245,-113.082166918622,-59.9511458466253
10.625,-113.503544105679,-203.404331868469
10.6255,-34.6536910851605,-373.909497402878
10.626,93.3400967531535,-615.547777239946
10.6265,191.793604537296,-895.458335816251
10.627,213.767660566402,-1072.14205281481
10.6275,138.147391146775,-1039.55479473653
10.628,-56.6524125925714,-852.57281584927
10.6285,-324.612658543034,-651.92803205738
10.629,-506.047513035984,-500.829709450912
10.6295,-463.117952504081,-358.449588316238
10.63,-249.088990958979,-192.718633517059
10.6305,-45.3546431031721,-43.8154574670065
10.631,54.7826807719742,38.2747238630546
10.6315,94.4483463419459,60.4971783379521
10.632,104.304032464977,55.3565104166394
10.6325,48.4929719418176,15.2048631905537
10.633,-52.0083264503268,-100.402582882746
10.6335,-84.3347848281434,-296.326300506207
10.634,-8.32078732170437,-510.068662301191
10.6345,52.401703561478,-656.580540676596
10.635,-22.9329946619124,-692.212909256438
10.6355,-174.491913095321,-630.99495611406
10.636,-250.057159133611,-512.56502347922
10.6365,-213.74796118022,-368.072851960159
10.637,-163.599088096143,-214.975626916046
10.6375,-173.578842040644,-70.1673579683747
10.638,-216.479597133778,46.0286244673171
10.6385,-231.56654279082,123.615645284875
10.639,-182.284220086406,176.131171059077
10.6395,-50.2953069660399,233.391807467536
10.64,148.460104349192,320.379993699447
10.6405,339.021613594398,448.015029214085
10.641,452.001160682334,622.220425233267
10.6415,516.053198703194,845.393932727325
10.642,608.941386120373,1095.27134795037
10.6425,709.642261207143,1313.99652124378
10.643,693.709301078169,1444.48698721102
10.6435,514.523812369172,1483.37872729397
10.644,300.890022799303,1476.72344044782
10.6445,204.604250687949,1451.12588782649
10.645,214.205481434566,1367.95580511465
10.6455,204.485822569756,1168.13536193257
10.646,129.681762548675,858.689039759469
10.6465,66.1924395033627,538.53942570985
10.647,68.7314787979921,330.288400178064
10.6475,88.9679518300418,275.60954392746
10.648,75.9216709144422,279.711013542449
10.6485,71.5776736591055,165.888781113686
10.649,130.30436741783,-171.511870624814
10.6495,188.242509850209,-641.672458507864
10.65,106.576124938836,-1013.91562972737
10.6505,-145.943491880315,-1134.57920557634
10.651,-424.716671981195,-1068.71053393685
10.6515,-559.323176701364,-996.231821126577
10.652,-529.845724588707,-1000.58062799699
10.6525,-453.78644911821,-1016.58304761649
10.653,-425.737770981562,-965.291032858323
10.6535,-421.177952704775,-856.385762915866
10.654,-357.724780904769,-735.403981633522
10.6545,-206.600062659007,-598.998141937784
10.655,-21.46058400639,-411.037982258897
10.6555,123.142418894043,-167.279054785483
10.656,199.393855018357,97.0682898975735
10.6565,230.694168612403,342.781525140762
10.657,235.79821060155,538.478130186598
10.6575,184.51378083098,655.094224661712
10.658,38.6102589147431,676.208545868881
10.6585,-156.534786915625,604.250185071783
10.659,-271.856192609187,444.738967836987
10.6595,-240.99229113406,205.695593455974
10.66,-179.129877687997,-74.7979986977358
10.6605,-272.474557327587,-330.298178881549
10.661,-533.539666234586,-519.32547453947
10.6615,-744.101267155422,-656.746680012579
10.662,-688.905563842295,-773.231239828975
10.6625,-391.798013984652,-865.53946658545
10.663,-66.7405394669503,-906.418645815565
10.6635,118.036786221602,-883.087305488316
10.664,160.362462855443,-807.863775921113
10.6645,147.84854098891,-707.469591159475
10.665,152.746358546465,-607.964678755289
10.6655,204.396903984031,-503.245184725056
10.666,286.36136000451,-338.520191136022
10.6665,333.878380521194,-71.9036912151888
10.667,288.560032281121,237.225908414883
10.6675,181.918493481292,458.841632216684
10.668,119.258353312688,534.319091031004
10.6685,152.177693473744,525.986997318868
10.669,205.101901166452,495.935745147131
10.6695,161.053552229475,418.743907055177
10.67,-4.95929357302461,278.847610071656
10.6705,-204.916508456921,170.896831936037
10.671,-327.85653090868,191.581882909907
10.6715,-325.187766489622,273.738571475033
10.672,-224.138195922916,251.772858422796
10.6725,-85.0136685468147,92.2286869160027
10.673,55.8579982389274,-49.9308863775171
10.6735,209.943840591994,-27.1690921700728
10.674,397.010089369815,140.88792690472
10.6745,583.796089086897,336.463219145107
10.675,686.671886900078,490.348718768832
10.6755,649.865925838074,608.347493336309
10.676,508.805036462508,705.585216513295
10.6765,367.470726170049,768.286093067862
10.677,320.85318981174,763.59602089355
10.6775,393.123675097509,669.865664593938
10.678,525.940229603723,518.380822908919
10.6785,619.332699575532,397.103841678155
10.679,601.944764273415,365.944596275563
10.6795,472.156661509302,372.544165350085
10.68,272.882418649684,310.970435432743
10.6805,45.4910200494869,161.852169870499
10.681,-179.686636061826,-0.385094766705413
10.6815,-382.97467233386,-146.569119768734
10.682,-580.423278595614,-342.491840588641
10.6825,-812.22015325122,-615.533879145357
10.683,-1055.50526223424,-856.623449937152
10.6835,-1193.39525815267,-928.361321440063
10.684,-1152.47199651814,-823.451088005151
10.6845,-1034.03364816921,-653.879220136841
10.685,-994.256333813406,-518.625135894055
10.6855,-1009.40382390578,-435.053455803229
10.686,-904.059184498221,-368.511181078172
10.6865,-631.57405216792,-278.401036155802
10.687,-357.971736075842,-155.382883339398
10.6875,-196.543806129363,-41.8108595483629
10.688,-37.0763085261413,20.1604559615808
10.6885,222.968554750677,78.0831142977299
10.689,436.859911499622,234.183491848068
10.6895,409.680203063445,471.647538219196
10.69,247.186833511051,597.43619648254
10.6905,253.578745207768,453.048283170668
10.691,491.241509497179,136.393514342054
10.6915,689.48223174075,-87.0738467411225
10.692,651.230530940964,-75.9791974656395
10.6925,521.705276188467,71.8105285408199
10.693,523.591860459623,178.637708648987
10.6935,608.548919805389,166.056689369059
10.694,559.432448762784,72.7825074295727
10.6945,336.988036081978,-13.4020789034268
10.695,126.533997347898,-17.2012691252511
10.6955,63.8860298759257,62.2493383227267
10.696,85.4740204322407,128.518581853374
10.6965,76.3060746799379,78.0960954495332
10.697,31.6253276761133,-81.8013027501847
10.6975,11.9161570440502,-259.541324528132
10.698,29.015970450968,-409.17029521005
10.6985,52.8260238864277,-548.533897261867
10.699,86.0950494201812,-644.484063338262
10.6995,161.922350544525,-587.702413019898
10.7,275.543910970706,-332.226008769459
10.7005,371.953462818206,17.8532949377474
10.701,415.064886264176,319.284483474667
10.7015,432.509569364579,532.957482562908
10.702,459.79701873719,708.605966976208
10.7025,458.778012052558,877.806280892965
10.703,345.212009015965,1011.88567204548
10.7035,116.359197782586,1048.91637837274
10.704,-100.665593187858,932.161034026189
10.7045,-181.593926003714,672.753774488881
10.705,-155.44983466691,399.706732451436
10.7055,-152.649227669654,269.950329474228
10.706,-217.800089593093,277.110382300518
10.7065,-265.929399764809,230.025879664705
10.707,-243.401047390118,-5.68162525812004
10.7075,-231.232312950191,-325.999168240731
10.708,-319.682490268101,-549.394984980723
10.7085,-450.419722419998,-683.990911414384
10.709,-477.401326835079,-886.527020609419
10.7095,-360.881009558186,-1181.53392379308
10.71,-220.657877993122,-1385.77193265212
10.7105,-198.728174739859,-1348.84230869162
10.711,-329.432412851759,-1134.26955825679
10.7115,-540.474393510815,-897.478912179131
10.712,-716.361823082575,-694.688160174289
10.7125,-751.177680996231,-498.878952223434
10.713,-606.5619414554,-322.308022035199
10.7135,-361.153193677152,-217.669741230365
10.714,-172.378317225547,-191.693135416797
10.7145,-146.694639873526,-200.176051215953
10.715,-242.661180671074,-209.490809609664
10.7155,-312.296834529454,-198.239753955514
10.716,-240.331809888445,-120.649420395346
10.7165,-48.0971510308995,60.7258187471987
10.717,132.27503779263,310.450115913721
10.7175,189.825436065787,544.523374322831
10.718,141.559946771311,715.420952432954
10.7185,92.7362896181926,825.34100380929
10.719,94.887561483833,866.842368761973
10.7195,89.1934122648293,809.572877161702
10.72,17.5349007287699,648.545933725386
10.7205,-62.7006463050106,414.628615079096
10.721,-42.3991078725201,135.118371213606
10.7215,83.4069988084336,-163.690297432665
10.722,204.432881986365,-410.76168080247
10.7225,248.406884789652,-508.557187385918
10.723,266.565925336243,-423.176994394607
10.7235,330.846388967798,-217.019815373546
10.724,414.486013728839,23.8174044790777
10.7245,436.06351635572,254.211928161966
10.725,378.901423132016,453.817893210797
10.7255,297.034944299699,603.425258912835
10.726,224.633324063442,703.852375815045
10.7265,151.7752607153,766.716607288897
10.727,85.8968682362344,756.661120731362
10.7275,62.9736767675666,601.698930935442
10.728,81.6831889429715,309.51563383352
10.7285,96.3217507589655,20.6668625352938
10.729,106.862187248543,-118.605043515152
10.7295,189.203479039801,-99.3409251616796
10.73,384.898491215045,-1.83583220809058
10.7305,617.345930959311,149.835939929463
10.731,779.584952722489,386.030449559961
10.7315,849.178735393308,657.565804463007
10.732,831.850948224586,818.340674641311
10.7325,650.270295645314,780.141938590252
10.733,233.376253136945,600.451632738876
10.7335,-280.25439515897,366.784324875209
10.734,-585.115248329839,68.7547238624512
10.7345,-532.332782415411,-339.838684016052
10.735,-305.414858861693,-796.249435619665
10.7355,-189.242190666851,-1131.59566566196
10.736,-252.985890273387,-1219.36358725529
10.7365,-354.46181829309,-1072.23658175136
10.737,-367.859547848821,-797.866000406852
10.7375,-277.417700829378,-506.459777379383
10.738,-107.052976817374,-260.189665138677
10.7385,90.3746640578275,-64.2367567173437
10.739,192.603151062435,108.849814515409
10.7395,105.117757909596,260.986313826642
10.74,-89.2862705163923,335.277779777728
10.7405,-208.069130458387,275.573817862282
10.741,-211.488431706613,123.276100007813
10.7415,-231.530075117675,12.6978764049216
10.742,-329.373779786057,44.1514224884693
10.7425,-378.934554584728,181.173397831313
10.743,-272.981223928969,291.848844759198
10.7435,-115.234901176911,277.714619189482
10.744,-91.5528738911888,149.788140394032
10.7445,-229.751994282419,-5.11126549521396
10.745,-393.690117506846,-114.950571636556
10.7455,-458.901564200112,-187.498513313341
10.746,-398.119097754085,-296.588668219739
10.7465,-240.659248329359,-495.980615113442
10.747,-46.8711347338933,-740.659374297247
10.7475,98.1693881908331,-907.443962072981
10.748,144.976145646528,-905.230267569668
10.7485,125.297383996685,-756.042798899564
10.749,94.0910447090568,-561.825259292204
10.7495,62.061495670782,-408.87020264264
10.75,30.1841254366864,-317.092929239009
10.7505,34.2977991588921,-261.287052771525
10.751,87.8433511392931,-212.422380012885
10.7515,128.151552657269,-161.05205683584
10.752,92.3436383579674,-123.179302175165
10.7525,6.40311106164389,-125.862183091351
10.753,-69.8334496533129,-172.567135637133
10.7535,-139.924621144489,-225.367308558301
10.754,-234.167856451287,-238.078493784749
10.7545,-317.955498013095,-203.028201954698
10.755,-326.721066060217,-144.54950967926
10.7555,-269.290364391347,-71.4668874304828
10.756,-215.942941926807,32.6448594657604
10.7565,-199.294349056568,168.004343881835
10.757,-193.7365214346,304.846169250292
10.7575,-173.252857282281,429.382429437244
10.758,-131.282874445686,567.809696426267
10.7585,-68.0635328607035,732.691101602855
10.759,-0.715732399466275,875.289767347863
10.7595,61.4711424541145,936.140187533324
10.76,184.394770737323,924.789201230651
10.7605,456.278030779616,895.85599786239
10.761,801.886626356423,851.704041925891
10.7615,971.31012541432,732.790043488415
10.762,828.998968429244,524.619431793082
10.7625,538.222639619616,318.397475928071
10.763,319.451937596504,225.335057709344
10.7635,162.593615364346,260.722608180276
10.764,-20.8162922772822,339.828260958999
10.7645,-100.771351925531,354.947948413284
10.765,110.662802078368,235.411071151072
10.7655,457.760484700667,-9.32939984727013
10.766,550.024990061781,-250.1938839058
10.7665,320.918953763118,-294.854768570163
10.767,141.442747517029,-75.2522186028316
10.7675,255.904665161724,234.771896017336
10.768,426.088818543117,378.755325944405
10.7685,336.961072517329,301.493567774649
10.769,77.3811875695212,186.853998142608
10.7695,-54.6223839841217,193.474846370096
10.77,-25.7609187329479,255.977090475831
10.7705,-46.6048660789036,215.469426772038
10.771,-195.721747493934,66.5256384026085
10.7715,-357.019260747813,-31.8244743670194
10.772,-474.460676919962,29.9361104952354
10.7725,-596.322206565556,177.731957548033
10.773,-677.965074298908,247.070908001471
10.7735,-590.704233390083,151.912122450156
10.774,-354.962227200793,-56.8761687377122
10.7745,-153.403302314644,-263.258991536153
10.775,-71.9422591408451,-400.069127986754
10.7755,-13.4593096146349,-509.397941432539
10.776,86.8824973726656,-686.480271947801
10.7765,139.176034202282,-947.370041003444
10.777,59.2290892188568,-1176.35083630074
10.7775,-96.1536578615119,-1242.86581430277
10.778,-225.399809699421,-1150.08518428788
10.7785,-293.955424039265,-1013.97536866699
10.779,-293.399952688796,-904.827283321287
10.7795,-206.327129870194,-776.749271137501
10.78,-73.0950268912321,-569.309561143954
10.7805,9.0958494497346,-314.731548584105
10.781,7.83262863492109,-102.119826588679
10.7815,-17.5624878567902,27.0301730354154
10.782,-44.9018619082582,102.621220580256
10.7825,-127.050989450231,159.990923063013
10.783,-251.307835869561,184.393849466708
10.7835,-290.664076379257,123.274617970707
10.784,-179.897985942383,-53.9473966152338
10.7845,-32.265093278402,-298.94984356737
10.785,15.5268535537827,-489.604556655771
10.7855,-14.7528425778827,-521.038372840769
10.786,-16.1388304461737,-403.673816982155
10.7865,26.3153078668778,-246.704340775976
10.787,44.555717332207,-135.673306732835
10.7875,21.8359113832155,-57.8523061205225
10.788,4.82503659355539,39.1345974355675
10.7885,4.79324650036844,158.697953108411
10.789,-15.8940843166409,260.155571953324
10.7895,-64.937717434707,320.6015293037
10.79,-104.772536833056,348.340440583819
10.7905,-114.263024256839,351.210846193116
10.791,-104.520331996319,334.748903626564
10.7915,-74.6053748316988,327.717058604112
10.792,-0.564730359389818,372.129804847612
10.7925,131.855196340845,481.995166343534
10.793,313.994910086581,632.655678547021
10.7935,517.335395150172,786.625179570379
10.794,681.182113127922,909.469581947334
10.7945,726.565792373097,973.386311675134
10.795,623.048476566999,977.435938958547
10.7955,423.818401943615,955.736357581909
10.796,209.459713635662,926.249576283643
10.7965,28.8624556887624,833.321359663407
10.797,-82.6240945359509,591.883325096443
10.7975,-85.7502636095901,212.92693761642
10.798,6.17296179636045,-151.962714624753
10.7985,96.6939579000757,-330.672747927908
10.799,97.0111948659092,-287.01385349331
10.7995,23.5927265097967,-133.292931769121
10.8,-45.4065046210469,4.56501887568974
10.8005,-78.0255485411569,103.14389009674
10.801,-93.5260658360194,212.139870212981
10.8015,-91.3452064273319,334.147393274333
10.802,-48.3278642236813,375.71916929552
10.8025,23.0188141985882,245.094416708759
10.803,75.881829147851,-15.3974771337855
10.8035,86.4671619867698,-238.397385359356
10.804,64.4225560197792,-293.222067971144
10.8045,20.4568251157233,-208.086257875152
10.805,-29.5480229982611,-104.178255645931
10.8055,-50.0820951430325,-46.7001993847914
10.806,-31.0940933823728,-21.3836823228334
10.8065,-26.6119858691564,-38.4103915033964
10.807,-87.4974125978724,-165.502773310364
10.8075,-175.021438959014,-415.822553713143
10.808,-208.512544434591,-668.483861044037
10.8085,-182.540955466668,-770.490743537985
10.809,-161.073459051088,-696.483326158466
10.8095,-163.799471232347,-554.440795192296
10.81,-142.154254379976,-450.762928165465
10.8105,-76.1246119153061,-407.139344841021
10.811,-14.1496014092556,-401.720885065583
10.8115,4.69634079833926,-420.97147040056
10.812,0.179052280840914,-446.079468153043
10.8125,1.7634153123268,-441.812844070684
10.813,12.6156976169608,-399.027483379019
10.8135,39.7284543990884,-358.317841536774
10.814,93.9707997020138,-356.419724844827
10.8145,140.660707284543,-372.103068431728
10.815,120.072476108987,-360.437204143169
10.8155,43.073968482722,-321.345455765376
10.816,-5.83807694313271,-291.224621718898
10.8165,5.19277485069933,-273.61058199271
10.817,-0.0034910946384429,-224.865797385181
10.8175,-88.2114647942472,-120.332080489814
10.818,-213.492872063972,2.72034408341589
10.8185,-290.580404325816,89.9583282304617
10.819,-313.536776351738,132.055526674244
10.8195,-334.560326382691,157.67887384678
10.82,-368.568220063867,184.375320363741
10.8205,-386.883139137649,207.536789628086
10.821,-376.324878878617,229.629049230409
10.8215,-344.397924133284,265.245033160505
10.822,-289.255179815245,308.648089134027
10.8225,-215.703743749751,323.899758367411
10.823,-155.11952870225,286.864262023518
10.8235,-121.310220834913,222.772773522374
10.824,-75.9959548944035,181.966054241952
10.8245,13.9455961487067,184.393299721861
10.825,119.090160898812,206.092629816639
10.8255,197.129587134949,217.277564129165
10.826,256.971932935892,213.731062713061
10.8265,312.077240357136,209.419180299783
10.827,318.477655075784,222.225621221941
10.8275,243.675626837975,277.989577704205
10.828,160.785741371206,403.439994378286
10.8285,172.465312190736,587.650857691312
10.829,252.512783661984,762.009686499486
10.8295,262.381675575971,850.515135257681
10.83,131.483511829634,841.423981433466
10.8305,-63.8806668374029,779.331580191685
10.831,-202.068350603794,679.851158588778
10.8315,-209.553960968778,490.959877397552
10.832,-63.2594809022053,172.820748491465
10.8325,182.612818458482,-201.753032984896
10.833,358.777258030688,-469.055145825716
10.8335,305.278525724566,-511.148237839784
10.834,88.4417821946853,-358.021067430834
10.8345,-25.9835165589487,-151.223491096609
10.835,113.638285251449,-19.5660462879039
10.8355,372.710522847242,8.67191849657889
10.836,553.332243973593,-7.90986352444317
10.8365,656.273610708032,-3.28635816249165
10.837,780.818935093359,35.0244716501464
10.8375,870.987320762032,75.19249542269
10.838,760.523754054804,90.1402338063561
10.8385,444.69836367032,73.5906600546517
10.839,116.786340666666,10.6359778344231
10.8395,-94.8763134563607,-127.22370302046
10.84,-261.108786258619,-329.118844646611
10.8405,-463.545726958781,-516.508910634214
10.841,-620.203959627567,-615.533935362764
10.8415,-603.267909697673,-648.218710657318
10.842,-434.144236445088,-699.180465368299
10.8425,-249.29867135533,-784.885984676269
10.843,-126.393562426245,-811.356990267803
10.8435,-45.3677882719665,-691.133010837188
10.844,9.90123947454066,-460.205152111088
10.8445,11.0900065301276,-238.818404658753
10.845,-50.0573428708905,-102.894404741874
10.8455,-128.419567332588,-35.1978214584816
10.846,-174.879296903891,13.7853727194668
10.8465,-183.157796628843,61.3742675716297
10.847,-186.028738143137,87.8682999986288
10.8475,-230.871394908901,62.0083685328974
10.848,-343.02423464172,-32.8899201966287
10.8485,-478.035005478075,-175.474832767772
10.849,-528.637115247239,-309.062799697356
10.8495,-426.677323791125,-387.020579075444
10.85,-233.688034693551,-412.150278539999
10.8505,-87.7814306504205,-414.065248633192
10.851,-59.7102822582207,-397.631341374506
10.8515,-96.671022191504,-336.663476226104
10.852,-104.598353706876,-208.95879547704
10.8525,-44.4564073629464,-11.3355053873337
10.853,55.7592915947336,250.854535692645
10.8535,141.04839414766,557.669282617049
10.854,166.935214622052,860.716797403333
10.8545,131.107701445064,1103.56128959882
10.855,83.3680463274953,1254.09985730964
10.8555,76.8317274895135,1294.95986274332
10.856,98.5225281831373,1199.62572420378
10.8565,81.1397319751762,960.515142631553
10.857,0.249079732635956,632.235438941241
10.8575,-77.3310653221135,295.592800472402
10.858,-75.896008838423,-24.379426650723
10.8585,-16.4372363630761,-350.530240027225
10.859,5.09951599029107,-654.437455784314
10.8595,-58.3638658527686,-832.285251049662
10.86,-145.147847780593,-819.923109995588
10.8605,-163.977491097756,-682.804145798077
10.861,-102.278248020243,-541.437226718907
10.8615,-27.8468546107574,-442.01551633037
10.862,1.66250848320514,-354.134755774685
10.8625,-4.48789857992725,-267.484682310467
10.863,-6.85251037268004,-217.162426732942
10.8635,6.46917505369548,-206.68968213891
10.864,23.387449790241,-170.315963063274
10.8645,45.4576000304649,-49.0471960800308
10.865,83.7480184503294,126.520354751284
10.8655,123.096056330908,267.703156767959
10.866,132.621623142642,335.984156885167
10.8665,122.960547199647,389.949794948622
10.867,154.565000098862,513.363344087158
10.8675,264.079563335552,713.468703099201
10.868,408.879729870786,911.183725243538
10.8685,509.162966628072,1026.80614229281
10.869,520.142867519075,1045.45309206244
10.8695,438.68280808488,986.694840973715
10.87,275.906851119694,847.921576650622
10.8705,72.576216238456,620.267159233453
10.871,-82.7333834525447,340.438664704117
10.8715,-118.16177262166,71.1161248174573
10.872,-67.8027098829912,-169.380428497705
10.8725,-40.830160965978,-400.544886047177
10.873,-85.2378969194572,-593.438306846616
10.8735,-132.667136093122,-659.868106344485
10.874,-104.092768684795,-568.751812973659
10.8745,-23.1995918341123,-421.902691656708
10.875,16.2576999298173,-359.303597811316
10.8755,-33.8221239305303,-416.910072348
10.876,-134.171847729106,-522.580834375582
10.8765,-213.227316691196,-601.078358350731
10.877,-224.355903603262,-626.962698722182
10.8775,-160.25422429823,-594.493265342253
10.878,-52.4366081969852,-502.160063353975
10.8785,39.9461872531836,-376.541450556608
10.879,71.238208876708,-267.879085410993
10.8795,48.5393666013538,-209.359149868325
10.88,15.8499010852233,-201.899455146654
10.8805,2.88712363493758,-230.339261891759
10.881,7.53698221683043,-265.228175831517
10.8815,20.9178648700534,-262.221116107826
10.882,42.1302350756245,-200.194918970168
10.8825,66.6521271235542,-115.893725249907
10.883,84.9557680433237,-64.1070710329194
10.8835,98.8776209482992,-46.9406336636096
10.884,120.913978827052,-17.7645858927972
10.8845,153.73698454913,49.209289147808
10.885,186.752634954429,129.470416047772
10.8855,210.39894547093,184.226447868504
10.886,211.49348402216,191.580831144736
10.8865,160.162244113151,150.331203842675
10.887,39.6440948355859,90.5643064772269
10.8875,-101.609420297612,67.615569512278
10.888,-169.201478905653,97.643747178218
10.8885,-121.936788093356,110.267112708708
10.889,-22.6226190930307,25.1008326297937
10.8895,39.4213005833891,-125.037361584402
10.89,47.3742620974383,-213.035757919598
10.8905,39.5176195413728,-172.584407130046
10.891,21.0031817715171,-70.7674703765166
10.8915,-45.7599003181956,-5.2054711507207
10.892,-164.583580421654,4.59375710826697
10.8925,-280.662074031149,-11.9176784603438
10.893,-352.258947785299,-47.848569888945
10.8935,-399.40927294251,-100.957359288313
10.894,-455.60785328818,-125.480042102606
10.8945,-514.023984221312,-67.5731713150611
10.895,-553.416837015485,64.678520917012
10.8955,-575.837964724616,215.091011774811
10.896,-576.489521485773,352.554513116825
10.8965,-515.38401450576,484.821454594999
10.897,-377.565019850768,600.951741864333
10.8975,-232.994216409455,643.328615289664
10.898,-159.775346822221,558.397996013276
10.8985,-111.440722552805,365.814467619886
10.899,54.1131987381919,167.230043033569
10.8995,379.666052363713,75.1000325767417
10.9,707.259323256301,114.526647080338
10.9005,823.79599644599,198.071776024669
10.901,673.174947906317,223.55159798522
10.9015,382.974141628458,195.914659321912
10.902,119.886107947402,213.927793788068
10.9025,-23.6329181550267,326.854218340166
10.903,-29.3576235086807,451.558237034881
10.9035,69.0840472128829,462.077313847527
10.904,177.317900219269,327.142935524785
10.9045,168.702098130738,125.991166101268
10.905,-11.615996994503,-44.2455160107058
10.9055,-264.97700239862,-142.565767607938
10.906,-396.57399239495,-188.776896167613
10.9065,-283.207176076199,-230.373947811782
10.907,10.0011411557137,-293.798996469341
10.9075,286.467299128987,-347.167654868268
10.908,395.073728836769,-328.829510027195
10.9085,346.385254649707,-228.655790380854
10.909,257.234171483461,-112.286173012899
10.9095,209.005379326154,-45.0218539404124
10.91,188.778997188626,-28.0815115634843
10.9105,151.984397465797,-37.0413287769455
10.911,92.6125783065429,-78.5053311131672
10.9115,38.9172667236692,-162.244623812975
10.912,19.2694698815625,-251.454965733441
10.9125,53.0908305231897,-295.000730162545
10.913,143.015949121168,-289.44443250674
10.9135,252.840869670799,-262.137951035626
10.914,322.590094684487,-212.736364250458
10.9145,329.313404427574,-119.085361713955
10.915,304.749841097609,15.9868565517634
10.9155,272.858860536464,166.652102229008
10.916,210.660070360555,308.705857238084
10.9165,103.315713145589,398.055945131102
10.917,-7.46184296223617,364.433944105128
10.9175,-79.6172035715687,197.181437479966
10.918,-135.441170399241,7.65831023231002
10.9185,-208.538373433628,-82.7315736219921
10.919,-261.761766483475,-107.702914686748
10.9195,-238.20686897571,-214.855455086158
10.92,-174.77112426397,-449.299509138679
10.9205,-171.463983558746,-675.564525248533
10.921,-242.119717913509,-751.143252208342
10.9215,-290.153130958,-692.673256066255
10.922,-260.275025070892,-615.374371607263
10.9225,-221.842168915102,-574.614389809398
10.923,-247.407741125971,-533.831874340489
10.9235,-286.904638639181,-447.798519422651
10.924,-240.974868103798,-313.619400102034
10.9245,-111.791395811772,-156.874514855207
10.925,1.09299334514727,-11.9412395787878
10.9255,34.1759504804245,95.6198390644777
10.926,16.2436276932861,173.237607163332
10.9265,-2.38629512911892,248.648937172008
10.927,-10.5591805757698,316.949255936135
10.9275,-17.4092088678959,334.586482488606
10.928,-25.9301947482098,287.83381475294
10.9285,-42.4110656649361,226.792969327715
10.929,-74.5363848501008,202.103748076356
10.9295,-105.639726285782,208.687599807029
10.93,-102.83476262519,224.204148538898
10.9305,-65.1750718562039,255.843485099481
10.931,-35.1032117716992,305.144750017384
10.9315,-44.7965114406484,334.065470906529
10.932,-74.6439575033996,323.577131936681
10.9325,-84.0148708430408,323.857623907314
10.933,-63.3070019116226,375.337375726917
10.9335,-31.488560640885,412.093264376681
10.934,4.41160360912874,330.348362974769
10.9345,55.066544948902,144.442094018368
10.935,110.058545635493,-14.1032159738548
10.9355,122.956537753727,-67.5375590283352
10.936,59.7002578804046,-79.6670266090314
10.9365,-47.3342661898761,-137.566851983761
10.937,-118.86899725425,-216.018006453061
10.9375,-105.740779847233,-219.129911141977
10.938,-26.8414538411405,-118.2134720888
10.9385,71.7565137855904,14.392342040225
10.939,164.585984567039,101.539470291062
10.9395,238.033265016848,143.463842188834
10.94,271.068752598961,192.536100609793
10.9405,264.821309183958,274.25474742274
10.941,265.636154927548,356.620521458676
10.9415,302.393696419743,397.110275954284
10.942,310.888467567041,399.260082219595
10.9425,192.187490164036,394.449002829228
10.943,-33.3452958849019,365.670660914839
10.9435,-198.839143212208,235.0185763259
10.944,-169.557145653443,-29.3005288309881
10.9445,-7.81793646677405,-319.624309970855
10.945,98.1460599132955,-468.384813007135
10.9455,48.4839432280304,-428.770859713803
10.946,-82.512505164055,-318.378223586957
10.9465,-166.558935831592,-263.36172061079
10.947,-164.495165756695,-259.51643825691
10.9475,-129.650011731778,-229.238239299581
10.948,-116.119390790452,-159.688791496445
10.9485,-125.650351952923,-108.980403545259
10.949,-132.273830646545,-94.5030222683443
10.9495,-121.9881080631,-55.3401580802785
10.95,-93.8775392508451,55.9442043331285
10.9505,-38.7868133923516,203.452356143249
10.951,57.3863068987762,321.378759068064
10.9515,180.956217493254,391.338176368736
10.952,280.183512213439,422.093529695857
10.9525,309.298452611574,384.045186376685
10.953,272.672127364737,227.016372177988
10.9535,199.763523182358,-31.3233349503082
10.954,89.4262687908545,-285.712347896343
10.9545,-72.8472336267814,-439.249267108399
10.955,-235.936272759847,-490.92069872599
10.9555,-282.825589555533,-500.879828031958
10.956,-155.352692251515,-493.455232302868
10.9565,55.2682907672049,-435.4713699069
10.957,196.10821016619,-304.763424782927
10.9575,216.109569839844,-136.478875712195
10.958,191.355869805771,14.6450855663563
10.9585,193.294515283495,128.714693387548
10.959,192.395548772843,216.652032558504
10.9595,117.413993289936,282.847880340752
10.96,-33.1899698367646,316.326086062208
10.9605,-182.676961610704,307.665477562497
10.961,-265.654028790072,252.199390004225
10.9615,-285.180304724244,143.46807138707
10.962,-270.823514011441,-13.5267502825699
10.9625,-216.388612049627,-181.96331733683
10.963,-102.158770024957,-303.83402753966
10.9635,26.0094763840267,-337.735790538753
10.964,59.4524315859335,-285.054270502134
10.9645,-45.3226794125766,-189.813212706706
10.965,-175.289983130574,-121.973376324841
10.9655,-169.482145702282,-141.641815946312
10.966,-20.6816153829232,-249.667370349466
10.9665,105.217200442108,-373.156443158353
10.967,79.3299580315448,-423.398341111549
10.9675,-31.5974905164932,-375.221098085625
10.968,-71.073446973867,-277.294945890355
10.9685,0.654552064525452,-188.627206285479
10.969,85.1537424043305,-127.170696972216
10.9695,101.243679300188,-81.0871058326107
10.97,73.2876474720608,-40.4209238852557
10.9705,58.4218781171732,-0.722271547415047
10.971,60.2403687439074,44.9166529953541
10.9715,44.5571494670876,95.4670824341791
10.972,-4.35579141589216,132.301312478439
10.9725,-71.6426705947048,139.916678531035
10.973,-131.820651520509,134.604167356813
10.9735,-168.451673878674,154.356477056498
10.974,-193.4898597245,214.032817392063
10.9745,-243.818016622475,282.815474481773
10.975,-329.215972663915,317.022507696563
10.9755,-390.619956795359,308.929532118121
10.976,-350.883207133662,288.536237698654
10.9765,-209.272935819872,277.42279303183
10.977,-47.9125439357725,261.603492676341
10.9775,57.0781110948262,222.946622829642
10.978,94.7729696318729,177.088960000436
10.9785,99.0736822258334,151.938492055402
10.979,121.827219593909,140.134017316158
10.9795,222.177535936001,112.246873126832
10.98,413.139994750176,78.3594846395026
10.9805,600.731684175131,89.301426585242
10.981,643.856720816722,157.480455954579
10.9815,509.439374786357,222.706752285667
10.982,313.241665735459,231.979327070555
10.9825,174.843098709792,212.66057716606
10.983,95.2903743520261,217.068243182337
10.9835,23.8519142341426,226.861858493913
10.984,-24.6836504936868,178.5873361348
10.9845,-1.93438897479396,73.3062756303151
10.985,62.7924445600838,-7.99515641088272
10.9855,72.286612525192,-8.41061299441238
10.986,-19.6321891314883,43.0273295249894
10.9865,-163.230790938046,89.1758453444972
10.987,-284.976879390821,110.631836016456
10.9875,-346.553357458317,111.034457081324
10.988,-334.037622548598,87.5093025862809
10.9885,-251.369625116088,49.4604282679937
10.989,-139.25330390033,27.4512019787719
10.9895,-51.9020033195501,28.0693703766148
10.99,0.874560329336177,11.4596641171879
10.9905,51.591543909269,-52.1165588061308
10.991,110.45024530504,-131.223544479535
10.9915,146.28519247718,-173.089088699621
10.992,139.574457741936,-170.011013393528
10.9925,108.646620036904,-151.669983377936
10.993,71.4146878288207,-134.20998875553
10.9935,27.8842395113335,-114.52835309051
10.994,-4.12747482863729,-97.1310671033515
10.9945,11.8955364354768,-88.1746068292876
10.995,67.7897266027177,-76.23938048338
10.9955,93.2119842834631,-56.8094673635966
10.996,40.459407343066,-64.264025311843
10.9965,-47.3263205664814,-137.863639428462
10.997,-91.0603627385449,-258.892197075634
10.9975,-70.913254266574,-360.56003976929
10.998,-30.2574333750386,-403.895087725869
10.9985,-12.3824434552709,-411.402246204025
10.999,-34.5436455447881,-422.700489479498
10.9995,-100.816133140487,-450.142443878552
11,-191.79596199774,-486.154018846112
11.0005,-253.076913991189,-522.264393014651
11.001,-240.617555296977,-543.477699805247
11.0015,-175.778317194506,-524.722454491565
11.002,-119.023696603458,-451.480259544707
11.0025,-95.502424201334,-335.694189304584
11.003,-84.120992445925,-202.154871850882
11.0035,-70.212454312689,-67.0271564306898
11.004,-61.087846136735,62.8503294710668
11.0045,-50.8334753893097,174.593750824145
11.005,-21.3610907793794,241.762641981841
11.0055,13.2721115821365,240.234603838315
11.006,15.1729051588124,178.139583502923
11.0065,-8.21693448604949,101.07208069557
11.007,5.16888941883785,46.0145621314172
11.0075,83.8377789871874,-7.55546930077467
11.008,171.233976560007,-105.86906017093
11.0085,200.470893230468,-227.800110770133
11.009,183.898631183514,-265.353220496415
11.0095,183.74720698865,-133.764597896506
11.01,218.208034962776,125.54043155229
11.0105,241.712443677499,392.49707087454
11.011,205.902698546846,597.56333829416
11.0115,104.399796279207,755.594315232461
11.012,-28.8798799810863,884.836969348656
11.0125,-132.36812255785,952.602074858931
11.013,-147.699178126367,914.961973431847
11.0135,-80.6244040690403,767.515503655551
11.014,-15.4919288500012,540.204985991115
11.0145,-20.9268723136161,275.134605013547
11.015,-53.3522747477989,25.45309170735
11.0155,-12.5230508863059,-152.632811799836
11.016,108.221664748024,-227.554771807961
11.0165,194.340380619805,-202.45419208385
11.017,154.099047869055,-99.9187639405333
11.0175,31.0079509558309,41.6692586207109
11.018,-65.0609521848006,164.165580564535
11.0185,-93.6296085555243,220.126829380354
11.019,-102.79568255034,215.955612907759
11.0195,-139.401745323341,197.62508970949
11.02,-190.016453303933,192.218914584002
11.0205,-209.135915322568,193.718004566004
11.021,-173.822218407916,199.895047108564
11.0215,-104.163319912369,215.212706678642
11.022,-40.3249143748858,213.083886600693
11.0225,1.51706049936575,152.256502819904
11.023,45.2231900056948,51.0235859459519
11.0235,107.905025965327,-10.5826159071434
11.024,148.252703339198,4.11911349337289
11.0245,108.10214157248,31.2946052562364
11.025,11.7418692538103,-3.71672934185642
11.0255,-37.4000450158448,-86.1171731345286
11.026,8.77993777128264,-154.698878995803
11.0265,71.6757957939327,-205.360364998518
11.027,61.9967428617857,-281.13036237456
11.0275,12.9109779861014,-377.580841962753
11.028,19.9281225636338,-435.874828646978
11.0285,82.967478539219,-440.67438910595
11.029,103.203989732105,-459.073175504901
11.0295,33.1345466522871,-550.226472773497
11.03,-63.0807784120042,-678.374798512932
11.0305,-117.285649939044,-751.607020847742
11.031,-139.131801933414,-725.009182199888
11.0315,-154.246943866924,-635.180063472626
11.032,-139.423779372324,-543.683507463744
11.0325,-76.6078848199927,-473.242409122072
11.033,-11.6681803676254,-402.158342634047
11.0335,8.84595837320131,-305.779470701703
11.034,19.8930084501257,-192.685168071947
11.0345,85.4324763428725,-97.7123176721459
11.035,186.60076472003,-42.245722053552
11.0355,237.061726403464,-9.90974327339354
11.036,208.632052785357,33.3646771921231
11.0365,170.450700981745,102.076131288723
11.037,181.040277172501,180.236258604934
11.0375,199.073278593646,239.811830508375
11.038,145.07300834542,261.916151935407
11.0385,22.3927424234997,248.524406982257
11.039,-73.4009499741996,225.737783907621
11.0395,-70.1056236904285,231.030296252233
11.04,-8.17460263067457,284.605012880923
11.0405,13.6848531378526,371.192043765823
11.041,-27.1339866564795,454.009180468194
11.0415,-37.1930665007325,506.433978112443
11.042,69.0145555238754,532.261568008791
11.0425,227.302215686808,559.577781498996
11.043,260.878401303792,605.120924470224
11.0435,75.8616523693188,629.215515497806
11.044,-222.069265347141,541.773814422869
11.0445,-435.740028013048,294.955521758049
11.045,-468.309408849279,-23.0368888935829
11.0455,-373.32108393087,-231.375176172882
11.046,-250.812903816798,-222.694998701672
11.0465,-156.218589458848,-60.1748219893753
11.047,-104.01933562226,108.658255905701
11.0475,-93.5149307915872,195.061930816315
11.048,-102.799727517176,196.918082245386
11.0485,-96.0310564434384,136.276261626916
11.049,-66.1989401877829,36.5961943611538
11.0495,-48.8148914914014,-59.8580610837318
11.05,-71.1962931894729,-124.403763303032
11.0505,-106.624569808472,-194.362852984629
11.051,-100.862949238354,-331.172595557486
11.0515,-32.9450332606938,-515.150427712811
11.052,67.4051419695426,-640.602301286912
11.0525,152.947948760962,-637.63618005343
11.053,194.427880171732,-548.078939275513
11.0535,192.578888553401,-453.589972430816
11.054,171.967685030906,-376.903251472278
11.0545,160.132022676076,-292.353696221388
11.055,161.056722974984,-194.605346920515
11.0555,151.258478947299,-107.540411097276
11.056,109.875618990651,-43.8987530176764
11.0565,47.9088603129581,0.601970652823592
11.057,-2.30628565562707,21.510889086753
11.0575,-24.7655792679504,10.1509517890892
11.058,-36.9954398980271,-18.892185160648
11.0585,-66.0336270831052,-33.8671320848181
11.059,-111.921629173089,-20.0551079099136
11.0595,-142.002073431273,12.2538470744689
11.06,-126.176581581504,50.1131146297144
11.0605,-74.4186986022734,89.1460246733878
11.061,-27.6128796243732,128.1855966539
11.0615,-7.56842590293587,172.532205619126
11.062,8.13795296840343,236.364946653374
11.0625,48.451294911379,320.243516955032
11.063,101.669114912709,391.37711679349
11.0635,130.182742415727,411.076468150613
11.064,124.078426118861,382.079776750389
11.0645,109.754500290128,345.713645633663
11.065,104.840581611675,329.824728983256
11.0655,98.1479965997689,322.262709383931
11.066,83.700931813461,301.040845633516
11.0665,77.956926444839,267.705051630806
11.067,79.7373782809755,240.296056811593
11.0675,46.5002469601786,232.354320808118
11.068,-48.6141923825848,250.429587416209
11.0685,-152.012351323838,293.044780273248
11.069,-168.199076326509,335.464501222154
11.0695,-68.4545692356517,333.038151447393
11.07,73.9260771294654,264.845774029024
11.0705,167.069457985841,167.070097246802
11.071,187.195287035947,98.3588517737454
11.0715,165.522343161559,72.8246757694572
11.072,122.750042497268,51.7067918532255
11.0725,56.1327951051316,5.39228760135658
11.073,-18.169733562726,-43.9250461881794
11.0735,-53.8508125206218,-57.7093174437153
11.074,-25.3920263621452,-37.7781883654211
11.0745,31.2409680542051,-23.3479487616507
11.075,53.1155565523202,-43.0287418812117
11.0755,19.6928500919743,-95.0765997018235
11.076,-32.8286418510649,-169.021449752394
11.0765,-66.5340183996879,-257.872818078802
11.077,-88.2816489439279,-346.340246267973
11.0775,-128.423573283479,-415.151408135259
11.078,-189.652286636477,-466.784937951107
11.0785,-238.914152729451,-522.033436860958
11.079,-245.727527378712,-578.179924961636
11.0795,-207.688954101404,-595.999961931735
11.08,-137.432827820516,-548.895448675625
11.0805,-47.8416374135632,-464.901721929704
11.081,39.27294728348,-396.347820700701
11.0815,90.080082423374,-363.512296613635
11.082,84.7973670012487,-351.955399380108
11.0825,40.3584837329306,-348.718590974985
11.083,-6.90181845978379,-350.755696032722
11.0835,-35.4693880353978,-350.248139121237
11.084,-44.4702484101128,-346.871226310779
11.0845,-35.5049289665175,-366.891371261779
11.085,-7.17589008731699,-429.471422967892
11.0855,35.6281799765,-493.604872114351
11.086,83.6424793453142,-482.602642551088
11.0865,132.485772286725,-373.350047492422
11.087,174.315732804396,-221.115349659867
11.0875,184.147866473324,-80.2391004438215
11.088,136.693676862877,53.4935397657702
11.0885,41.1406413747735,189.953073466511
11.089,-59.602198632021,279.876239966027
11.0895,-130.626215133506,262.106734126132
11.09,-170.155717278353,160.376489148817
11.0905,-189.551519030925,73.9963652288035
11.091,-189.640667055238,63.7261025992878
11.0915,-168.060559549794,93.243878771819
11.092,-133.020756790454,101.212989431846
11.0925,-96.8149588029885,90.2469089869439
11.093,-66.7515773169364,112.647127627676
11.0935,-47.7941636546529,194.281332418347
11.094,-37.7341859225399,310.938793140079
11.0945,-17.5204281302494,429.87509371499
11.095,27.0793176708479,536.344971867
11.0955,69.2599219763776,615.605456783835
11.096,66.3963380258807,646.234092335369
11.0965,39.408492999211,633.718641101951
11.097,77.7300476154451,628.730862705347
11.0975,223.487615568432,683.892333699282
11.098,393.495230683154,798.095118851443
11.0985,474.493179997971,923.371545361072
11.099,461.289623495633,1020.18193571311
11.0995,427.288705219274,1083.20432143325
11.1,385.058579543156,1115.62309057218
11.1005,274.545888224812,1102.34552692391
11.101,91.2359807624087,1008.79350467313
11.1015,-81.7924576259969,784.323373910955
11.102,-201.829710855561,381.089550223769
11.1025,-321.190948055842,-174.668674085803
11.103,-456.131740427483,-715.076059817684
11.1035,-504.886060333251,-1001.36479491072
11.104,-392.883047437229,-928.057473815928
11.1045,-221.765032540094,-637.890985885439
11.105,-153.284834536458,-383.034662184234
11.1055,-188.353937702731,-286.618779604099
11.106,-187.929762028092,-288.571584799966
11.1065,-96.1346317797663,-298.169647829429
11.107,-9.75928791561417,-310.470333947444
11.1075,-9.95697313845907,-354.167390132105
11.108,-50.6772824176916,-408.619360416847
11.1085,-61.165803183674,-431.406690891303
11.109,-53.5691856803519,-424.804134608794
11.1095,-62.9326246997379,-419.175308478371
11.11,-62.2114517201269,-413.488722297669
11.1105,-11.5807283741171,-380.53249394908
11.111,63.4012507705142,-319.577189891223
11.1115,110.273470595546,-263.981057502656
11.112,124.844551903415,-241.20293442273
11.1125,131.743363739641,-253.72992771694
11.113,129.144781407886,-290.899333358932
11.1135,105.120469979028,-332.676816147745
11.114,72.3750325991945,-351.574161198703
11.1145,40.2718199130783,-337.933016390702
11.115,-7.32586148643565,-314.69500860546
11.1155,-63.6608915589357,-303.052608711763
11.116,-81.7368576533314,-287.137908414622
11.1165,-56.8452317558307,-241.812133916224
11.117,-61.7226763358429,-180.63326572831
11.1175,-125.484567263927,-137.465662329254
11.118,-142.393051873964,-106.1380976775
11.1185,-5.47376591310853,-40.6060484394665
11.119,212.0587445877,76.3812263342271
11.1195,329.019870828043,197.480174302906
11.12,293.333263735803,257.019831153522
11.1205,223.611976068156,234.080774802257
11.121,210.373288465329,165.828339635771
11.1215,207.323898928343,117.212793169516
11.122,158.119567332716,133.490761656748
11.1225,106.664694040871,193.625332635992
11.123,107.363984934794,209.746226070825
11.1235,120.331469362565,107.288930420525
11.124,85.2149693087193,-82.3537322702181
11.1245,34.5902423888668,-237.0661710716
11.125,41.4879898560541,-265.128346848906
11.1255,92.8958016008423,-186.386802139489
11.126,104.522823531496,-81.9763993018863
11.1265,46.557179822442,2.64516649602264
11.127,-21.9597300348684,76.9167847440356
11.1275,-44.3557733423301,153.516647337514
11.128,-29.3289114160786,219.568555028826
11.1285,-14.0927344753083,260.025820121557
11.129,-14.7397204732621,279.838151918416
11.1295,-29.666880435548,291.079791995033
11.13,-58.5087102280815,292.505600139357
11.1305,-100.65391727465,272.982365698205
11.131,-152.556631991997,230.032591605047
11.1315,-213.596193929395,176.55530083838
11.132,-280.715160914692,127.998621089446
11.1325,-334.905518008119,88.2680398918503
11.133,-346.970070243067,54.9125414056711
11.1335,-304.471257906738,36.2678797128708
11.134,-232.883261137267,49.4783682278447
11.1345,-188.45184126758,92.7628633323593
11.135,-215.867287998826,132.682269967673
11.1355,-292.551290230997,136.611382824103
11.136,-323.57900357599,111.699182529608
11.1365,-227.640892994085,92.8854749241709
11.137,-36.6543096385685,96.4402327019265
11.1375,121.900092930238,107.580391192683
11.138,155.307841155295,113.182694896032
11.1385,90.4510612015602,118.789807628618
11.139,19.9236682587322,123.04896768191
11.1395,3.16003884768311,100.143111934986
11.14,42.3960813848203,27.8613638307682
11.1405,115.419500796931,-77.8486995604108
11.141,191.693946302442,-170.621569855994
11.1415,237.143096512172,-208.586596318363
11.142,239.616887402422,-175.439269779429
11.1425,221.842377720711,-83.678101535926
11.143,209.194040232948,27.3269081946561
11.1435,199.303853652417,108.92669171454
11.144,178.682390019285,140.016218383224
11.1445,146.29770182524,144.888551242241
11.145,102.24007221815,160.326835589508
11.1455,38.2689822771745,186.937352271808
11.146,-40.4044966298557,187.771148358551
11.1465,-109.304380932551,136.962251000365
11.147,-156.096065262869,56.2770696536355
11.1475,-183.988724970075,-4.16316688704175
11.148,-169.530770267878,-15.1274947710069
11.1485,-69.5833652337607,8.20589576837466
11.149,95.0292412442498,27.8113559923194
11.1495,216.497615173901,19.3461804945398
11.15,214.958132109904,-13.684971557045
11.1505,137.233332406575,-52.2301715987299
11.151,85.956365197367,-77.969161992687
11.1515,88.9655885594825,-80.583718327426
11.152,101.69182461099,-62.3159689305471
11.1525,100.045174446887,-40.2790476273367
11.153,90.0028301150523,-35.2712020553947
11.1535,49.2646715709739,-53.3398033254656
11.154,-49.1209650663381,-85.8486625375209
11.1545,-157.077789028821,-128.566666128066
11.155,-183.072999854964,-185.854110381335
11.1555,-118.183254852868,-250.740890156047
11.156,-55.7620923272488,-299.665350067682
11.1565,-66.7625032656383,-319.580740655374
11.157,-124.053602163415,-324.047652948937
11.1575,-170.290104418965,-328.794841759012
11.158,-191.209963542079,-329.40694316665
11.1585,-193.210088235529,-319.9539677418
11.159,-172.952357661061,-313.11917416148
11.1595,-144.437063419726,-319.451260914769
11.16,-140.796335176718,-327.132164688083
11.1605,-155.208626714994,-328.031847013252
11.161,-131.900588905543,-339.391572814028
11.1615,-47.9706792503199,-364.584932721868
11.162,49.686344882557,-357.280641565631
11.1625,123.82541607195,-272.325283737817
11.163,205.978087495048,-134.573545441219
11.1635,330.856079904342,-3.01974337228599
11.164,462.928768239886,119.023798842153
11.1645,540.603653713557,271.825444110158
11.165,552.008793039246,442.618660462247
11.1655,515.605283867184,559.308868567847
11.166,425.322165859872,592.980301944601
11.1665,272.833074845601,582.917593699118
11.167,94.5029792225151,528.526000567694
11.1675,-61.2189415381979,347.519545449734
11.168,-191.876622310852,11.6249305345432
11.1685,-315.531164652876,-339.81387570936
11.169,-409.46164183542,-507.444273144275
11.1695,-428.049342327984,-428.543363500709
11.17,-367.494122663546,-206.51676823442
11.1705,-266.058635984291,23.5948976102918
11.171,-156.10727895821,193.618526621867
11.1715,-59.7086533799209,296.29193009399
11.172,-8.13283264971122,360.469637459539
11.1725,-11.1633431783749,428.671167184783
11.173,-23.7729852343401,498.816012247522
11.1735,1.26615833319713,496.65913975447
11.174,41.3811268787353,364.670531855608
11.1745,40.1796431989583,163.224088861259
11.175,-1.1837282629724,12.7464736871552
11.1755,-34.2143375111192,-55.5512875963133
11.176,-53.9025674514023,-110.10098543381
11.1765,-102.195816466093,-179.292831534536
11.177,-174.289974014888,-197.131992907889
11.1775,-200.987414167778,-120.340361401714
11.178,-152.687808260103,-13.0267718588427
11.1785,-93.7389090336215,41.7061088264541
11.179,-93.136434744241,51.4228115548007
11.1795,-132.612714241977,74.3476782406632
11.18,-146.14698611298,117.662501093061
11.1805,-110.907991397152,142.5012671817
11.181,-55.694912010781,141.921060774664
11.1815,-8.68047840623361,148.99352980177
11.182,20.7638382105562,175.619760124097
11.1825,27.4521826619049,194.411328486118
11.183,16.3362230742509,182.694654451692
11.1835,13.6051712617294,150.148999913422
11.184,41.2972518927684,122.623469064191
11.1845,84.630641857445,119.233589293234
11.185,105.68186235279,135.215204596663
11.1855,86.9017471361247,130.900517733108
11.186,48.0670123918883,61.050731734228
11.1865,24.0358899672338,-60.4224898821972
11.187,32.1412858149049,-153.270195536354
11.1875,55.4326850649721,-163.030103170172
11.188,58.8509999328111,-133.740727266043
11.1885,33.7675343999495,-145.753641663326
11.189,19.7664201271405,-204.531792988172
11.1895,58.9718782301041,-245.312813917832
11.19,132.506317938318,-235.429729690345
11.1905,173.350374593039,-210.405232345037
11.191,146.023508277771,-204.074393146457
11.1915,82.3073739018479,-201.680857702142
11.192,31.9522043969151,-181.39922350357
11.1925,12.06928423953,-153.3935451634
11.193,16.114437412549,-131.006727297755
11.1935,37.3953860711198,-102.320796367505
11.194,65.0511363896426,-60.4236132771354
11.1945,85.4263458299651,-30.8673961097363
11.195,104.411028873575,-35.9182040408957
11.1955,141.94163844301,-52.6158650210452
11.196,191.505736953876,-38.6900803502435
11.1965,216.101864637432,11.2902928133475
11.197,198.627727102596,61.5075240150486
11.1975,162.286297659532,77.973512611063
11.198,125.218237803637,54.7818242747849
11.1985,74.477935132993,6.4021443691476
11.199,8.03090774924762,-44.574777001334
11.1995,-38.7960737780511,-77.4109021250236
11.2,-41.5299898074519,-90.1532904136545
11.2005,-26.0080418075918,-103.901139649247
11.201,-25.0141385798957,-135.893462398081
11.2015,-28.5629204006339,-173.57144405328
11.202,-14.9891398246865,-189.552491115118
11.2025,0.343544360262474,-175.981720496853
11.203,-8.91816123127935,-148.321541718723
11.2035,-30.773690338513,-120.652427215041
11.204,-35.9165157974387,-94.4079840836779
11.2045,-27.2362244169031,-68.5328175897002
11.205,-25.123668015537,-43.7247990343741
11.2055,-23.9082156216106,-16.6670922717705
11.206,-9.70625802603057,15.9461947176684
11.2065,-5.21321270169143,48.4876339151896
11.207,-46.7876453340719,74.2505683428345
11.2075,-124.486097779163,99.0575765000923
11.208,-189.780966097848,131.687330347797
11.2085,-218.832314111606,162.656547082439
11.209,-230.096483525431,169.289026666737
11.2095,-246.314695861723,142.815472750827
11.21,-274.457479380539,96.4468179677924
11.2105,-312.145622904555,48.7759830725279
11.211,-339.676395910625,15.672359584154
11.2115,-323.776933982635,13.7413209203205
11.212,-266.301501525462,46.7881246207132
11.2125,-222.389277232868,87.438312173092
11.213,-224.205644149354,99.5220427756975
11.2135,-221.213868433843,84.6255442950615
11.214,-159.082267886406,76.7834641240615
11.2145,-80.6950848514975,81.6982053500512
11.215,-59.8769481420809,59.3545697025046
11.2155,-59.4781936210714,-8.62082423557498
11.216,29.7186345086139,-72.11434430049
11.2165,200.874333335357,-75.8205137726856
11.217,303.646545593216,-44.6410346010026
11.2175,249.306789124149,-51.9278308297533
11.218,136.085242077847,-109.009377369169
11.2185,102.487316415282,-143.236346979335
11.219,145.565524117342,-98.9885508733199
11.2195,169.311105146524,-9.28329906861368
11.22,143.964683830138,62.3534584076927
11.2205,120.413548827884,111.326034242624
11.221,127.949928623165,181.117855335225
11.2215,150.457723479496,284.133101858171
11.222,181.828702920799,379.034249021433
11.2225,222.332004003657,427.693291021287
11.223,233.80908527006,438.854507630778
11.2235,176.042001655061,440.617594714979
11.224,81.8959493745396,429.773228372811
11.2245,25.1071156496439,368.763203404117
11.225,15.8098881665499,233.583143018801
11.2255,-2.05896715012265,55.7528532693849
11.226,-47.1056674453757,-92.6848283909677
11.2265,-66.8976119399029,-162.27761741552
11.227,-24.7408327901627,-170.272463432446
11.2275,43.6012107222342,-171.65996688683
11.228,85.65100247287,-190.574006470147
11.2285,94.4961055324786,-199.84167325477
11.229,90.7210085427174,-171.703149810873
11.2295,85.8511129412749,-123.518288340335
11.23,88.5417065588388,-95.5069806594248
11.2305,109.062074123193,-100.554219667354
11.231,133.207050081904,-119.026198191119
11.2315,124.562447705691,-134.483967906709
11.232,75.0085545955989,-150.767952531157
11.2325,23.9899841533657,-173.034039564321
11.233,9.7588812258249,-189.196000338062
11.2335,31.2244355671596,-175.352820320098
11.234,72.0805830297925,-113.68008888532
11.2345,124.765343277005,-8.28717614609152
11.235,169.529121083636,109.820393762556
11.2355,170.734933019017,200.299796070453
11.236,126.533924500052,245.283292022901
11.2365,86.9055834727975,257.841968804431
11.237,81.9178363649347,252.206137955006
11.2375,59.6100506100442,216.908032915027
11.238,-56.1065836700614,128.453173504356
11.2385,-256.134558908337,-18.9722388204413
11.239,-438.050814451047,-207.819629437812
11.2395,-508.22815482702,-406.683961622458
11.24,-462.051459739919,-572.164152139245
11.2405,-365.654627475574,-659.913599717265
11.241,-289.326877563109,-657.090996203443
11.2415,-260.708755456114,-594.104944768372
11.242,-255.511183312077,-507.647514777087
11.2425,-226.715634947106,-409.004303589942
11.243,-158.572915074569,-307.500690035626
11.2435,-88.582309961236,-235.325550330957
11.244,-58.3653109935477,-208.323909657277
11.2445,-55.3170731691615,-182.528947777966
11.245,-35.3410448542724,-102.03036361081
11.2455,4.06817145163315,16.2253683577256
11.246,18.7277576536629,99.7406380067297
11.2465,-5.44699137461046,124.515236153474
11.247,-17.7653142949566,142.308289195244
11.2475,27.879514570548,188.281709750469
11.248,107.140711789321,222.827455377991
11.2485,166.605808293503,201.724619229748
11.249,201.11812651564,156.341819368587
11.2495,239.965783314774,157.498436615771
11.25,272.990043097602,227.925164993128
11.2505,254.002080339894,328.945868734924
11.251,188.881665394876,408.768212052034
11.2515,159.857615907323,429.759692961714
11.252,220.690161072351,377.531794550503
11.2525,301.603177028963,284.302472830149
11.253,268.855852920756,217.400248224206
11.2535,75.0994990561052,200.714272818027
11.254,-182.806236987622,173.989914848075
11.2545,-356.401855909568,82.4037533687242
11.255,-372.384435402878,-18.6689106422538
11.2555,-272.429317024885,-18.4766398254227
11.256,-159.278254917129,94.6043657709109
11.2565,-112.152688198487,206.343545554215
11.257,-131.122986336509,219.847839127627
11.2575,-148.397092116832,161.395124923832
11.258,-100.989099439075,118.279632867423
11.2585,5.26362666058131,131.141702300547
11.259,110.295587256647,186.018048198007
11.2595,166.635293514286,260.761135953963
11.26,168.947591781148,325.714085402174
11.2605,126.963179590477,331.276701281495
11.261,50.1156293899543,252.139477384578
11.2615,-29.9539080852633,132.38921449879
11.262,-62.0616918607973,42.0276450715861
11.2625,-30.7037784896855,-3.74913851325325
11.263,15.0559776317539,-43.657768323486
11.2635,17.57335925952,-98.6319081228692
11.264,-21.5883279844958,-144.559607459948
11.2645,-58.4329322887376,-156.078968407715
11.265,-73.3652273451618,-136.917245727632
11.2655,-82.5956954043581,-102.408456530768
11.266,-88.7599923790897,-71.1538503121493
11.2665,-63.1606146924606,-81.1104630479182
11.267,8.59998637716003,-168.126119307215
11.2675,92.1032714978622,-303.633753820201
11.268,135.549978002948,-389.741631079386
11.2685,122.866803492427,-352.456965404686
11.269,81.9049124867575,-222.800439016911
11.2695,48.3054525391505,-96.9236301903461
11.27,32.8666742697822,-31.6831154245235
11.2705,22.3509992826321,-11.1119637123964
11.271,4.94808772176106,-3.78123011176245
11.2715,-10.231227395785,-11.6887867621937
11.272,-3.47615437680568,-53.5903437774541
11.2725,28.5274471142447,-129.439663262296
11.273,69.2889782755026,-216.994717283741
11.2735,109.250814344613,-288.128546793555
11.274,156.165547449062,-319.994268679207
11.2745,205.892302521591,-306.628465097418
11.275,224.819084757236,-269.754021019395
11.2755,187.659438811776,-243.767131150697
11.276,119.800215751163,-239.378534124418
11.2765,72.4114896701583,-234.663432289288
11.277,61.6244425999248,-211.219662952861
11.2775,61.4467857566036,-182.917326093677
11.278,52.0957609198244,-173.727738072852
11.2785,41.2965985063031,-181.301953058825
11.279,35.3470572274516,-182.703180568788
11.2795,23.8675254813089,-167.259152938959
11.28,3.60843043540152,-142.041703926934
11.2805,-12.429610819491,-109.959328815044
11.281,-21.6727429429889,-66.2349399159427
11.2815,-40.070543777405,-16.989818577226
11.282,-70.4398885292764,22.8209227729228
11.2825,-90.2417146322076,56.5671635397614
11.283,-86.9585679214128,109.025271697206
11.2835,-80.0051823248172,189.575776762446
11.284,-90.9624841294552,268.046264049496
11.2845,-118.962564760224,301.79679949757
11.285,-163.325696730483,278.184202138537
11.2855,-236.368561920579,220.762857808017
11.286,-322.477921597449,164.274152814069
11.2865,-356.674363266534,134.410178866008
11.287,-293.122219522062,140.728640718944
11.2875,-182.202800255665,172.754737858254
11.288,-127.684730852277,205.86772680412
11.2885,-161.010195990309,222.03024727336
11.289,-201.378344310554,221.734901505175
11.2895,-157.804710879928,208.813339044263
11.29,-37.6919790641485,174.472354000195
11.2905,69.3995453958977,113.387769634481
11.291,93.4704014232082,51.2440589871791
11.2915,43.9541376917317,35.4310835113922
11.292,-18.2357801651638,89.9894454357455
11.2925,-39.7776471878008,189.269236349063
11.293,-6.12289358212209,282.044480474197
11.2935,61.2102761889838,335.018519155733
11.294,123.742921087412,348.480137302484
11.2945,151.095787323534,337.655789969377
11.295,140.299219741485,310.440588066473
11.2955,111.227888482706,266.830076577047
11.296,78.6855989275816,214.214079236014
11.2965,35.5528952042796,173.051042047659
11.297,-23.5651207932711,160.597270315194
11.2975,-67.3360599825128,171.630358361149
11.298,-44.0845057284807,182.841156345905
11.2985,52.5469044439916,176.686286775965
11.299,159.191162224481,154.280096048547
11.2995,211.997015311887,125.540017887318
11.3,221.830972560442,96.9442684608452
11.3005,241.108942663835,71.39834246197
11.301,267.068078186423,49.1296817832277
11.3015,235.293043591984,23.5326740622855
11.302,124.159150120628,-14.3328246993172
11.3025,9.19999163126044,-62.859819414696
11.303,-26.5689992703241,-112.872137728668
11.3035,1.68325552141706,-167.455497331365
11.304,11.6897422908093,-241.81432957243
11.3045,-34.316658966452,-332.72925888305
11.305,-100.111784266869,-406.017430408497
11.3055,-144.115314490053,-433.247940287319
11.306,-163.056923771656,-428.693590215153
11.3065,-164.244512040584,-428.562133408991
11.307,-143.153238787464,-442.390161073629
11.3075,-104.706678268338,-449.306048771632
11.308,-71.7080235398249,-438.042615118343
11.3085,-54.2810821273261,-422.542840698233
11.309,-35.1503821654982,-412.580029879392
11.3095,2.57405139563121,-393.786435055466
11.31,54.8355792799713,-349.796606983967
11.3105,111.757834262156,-287.618337549664
11.311,168.902886709016,-227.26713048643
11.3115,213.624258421398,-177.042490739858
11.312,223.959816584162,-131.989070665363
11.3125,193.473154850785,-90.2855597331557
11.313,138.558419680159,-59.1152520668995
11.3135,73.8634065652869,-45.5036610453952
11.314,1.87635176397188,-48.5770222080195
11.3145,-67.7006344224921,-60.6310912621793
11.315,-115.834855559424,-71.3784620516359
11.3155,-142.070749652786,-70.8861116268166
11.316,-166.626078743379,-52.0292771537811
11.3165,-191.018248627604,-14.8687652718637
11.317,-186.208436447809,28.1275256502391
11.3175,-139.227279431426,55.3266633362093
11.318,-82.8165428448669,54.1722829031856
11.3185,-53.3050770119259,36.9905615532084
11.319,-43.8611574459471,27.2949749461965
11.3195,-28.4684669574094,28.2615598444827
11.32,-10.1397751230476,21.2404733240662
11.3205,-10.2918127826173,2.88914069664444
11.321,-24.3505765698772,3.1577564423341
11.3215,-24.7035022343026,48.9038466097275
11.322,-3.44035473680881,125.985830291038
11.3225,19.0495746771035,198.417416465019
11.323,26.6151258680074,250.280089078376
11.3235,21.7341713968562,284.338601642264
11.324,10.3039879413672,295.70935738879
11.3245,0.00497034015995215,282.33394913789
11.325,12.7889543764867,272.880887354894
11.3255,68.6133290053582,302.398562678907
11.326,150.495124679598,357.360320734589
11.3265,211.51560355436,386.003736378533
11.327,225.224885956702,373.627442060595
11.3275,207.573171861674,365.364823726465
11.328,181.467140918679,391.699117927656
11.3285,143.356810102915,408.747530910588
11.329,79.3744020670342,348.469862738127
11.3295,-3.49788971358866,208.592748736011
11.33,-80.5846024511316,59.2741304680049
11.3305,-135.34329980921,-31.0067486910216
11.331,-167.783691215176,-50.0807048638681
11.3315,-181.102094441003,-28.5644981262151
11.332,-171.808211225084,3.6273861564193
11.3325,-136.117030242763,42.8122072042103
11.333,-82.6682471203821,103.193400397846
11.3335,-33.7879269769628,183.120968906342
11.334,-6.63575248413067,240.988247427897
11.3345,7.62536046371003,220.313920000867
11.335,32.3540744247875,106.461212585466
11.3355,64.8241121516575,-54.8697643798066
11.336,64.2479408157528,-200.319498525208
11.3365,0.494502362582122,-292.54648967791
11.337,-97.2247609305682,-319.863618956351
11.3375,-166.795350610286,-284.56877237258
11.338,-182.739057441029,-210.60011013704
11.3385,-170.648368919928,-138.568101127552
11.339,-154.949648606788,-91.6022771833644
11.3395,-128.949798762496,-63.6520551720566
11.34,-86.4415905220769,-53.6468664154676
11.3405,-45.8635323327532,-79.4185493769717
11.341,-19.2796722713093,-134.639672706969
11.3415,14.3160670770433,-168.313051307307
11.342,73.8925016042314,-146.707396608527
11.3425,133.134776081506,-108.464350297191
11.343,146.631725616649,-111.88565752412
11.3435,111.79308832313,-147.539005497625
11.344,71.7409912646129,-155.794988603228
11.3445,55.6835072995553,-120.345601460107
11.345,47.2767295825858,-86.6422396677881
11.3455,21.413902815292,-84.3037222346485
11.346,-14.9440710405277,-86.2710089624728
11.3465,-37.8739581616894,-59.9039106150047
11.347,-45.4901760958095,-12.1799382721384
11.3475,-58.845303008744,34.4716470881939
11.348,-89.0508655903425,70.3280145822015
11.3485,-123.054942351431,82.5906797270051
11.349,-141.827895091856,51.1727073456153
11.3495,-133.527957087833,-14.7832939161668
11.35,-84.8590501466604,-70.996957167291
11.3505,16.0009807798159,-95.5489008903958
11.351,147.902692030516,-119.563716565937
11.3515,245.672819054946,-169.532136673347
11.352,254.755061014677,-210.468821269139
11.3525,198.843906790672,-188.687441548487
11.353,160.788086938306,-113.293130896598
11.3535,182.346218697987,-50.9621748690079
11.354,211.350732380585,-42.234334530441
11.3545,171.35916381484,-59.150172440457
11.355,60.3463735006315,-51.7114331294509
11.3555,-49.9983213844355,-10.0425650675518
11.356,-95.6086151640703,28.8275835092485
11.3565,-65.4793121571304,21.1612430838162
11.357,19.1271757911133,-40.7946483961263
11.3575,121.795929270618,-115.830929589825
11.358,183.768619145497,-144.429284692872
11.3585,149.903609897259,-103.903347979208
11.359,28.3761058180241,-32.4190534212652
11.3595,-103.148306381725,10.9321591110198
11.36,-171.778461100039,7.07112562003909
11.3605,-169.63269183504,-11.112547588279
11.361,-130.838505738071,-3.84100673610211
11.3615,-82.3867159737873,29.3395240012194
11.362,-38.9375459675906,49.4034786001375
11.3625,-13.663157487752,20.260398084408
11.363,-2.46541269737432,-46.6708612624057
11.3635,20.2946350220944,-92.6628223986579
11.364,60.9206923189269,-68.565015542562
11.3645,83.2644772468767,6.65030940530155
11.365,57.9747736292501,60.6350778688878
11.3655,11.6343549197429,48.0006443658971
11.366,-11.9931245754138,-1.00275137156679
11.3665,-17.86979205962,-21.7068568573139
11.367,-36.2235701500519,14.6316176604381
11.3675,-46.9086211330565,87.4586776104736
11.368,6.22073819395102,164.821282615547
11.3685,110.751959542633,230.228836503689
11.369,156.792013885696,280.78392047445
11.3695,55.1451981239864,320.973900990595
11.37,-147.016504881842,355.663330567389
11.3705,-310.224886332758,375.586878875681
11.371,-349.040531908057,358.919084219167
11.3715,-299.787801287002,303.242352011183
11.372,-248.034790204074,244.167233998174
11.3725,-225.882679331797,220.422035962076
11.373,-198.741484373582,228.297964409135
11.3735,-134.554517963177,232.630044341446
11.374,-54.6134855981234,215.146582298181
11.3745,-1.89433800362735,186.492419699979
11.375,23.7612039163147,155.547545594591
11.3755,66.3322238560694,116.995569120286
11.376,143.069612638667,73.0839290412925
11.3765,207.800711930182,40.8661287025567
11.377,212.115095257456,28.5445527383071
11.3775,176.704977943393,24.5149867812326
11.378,160.14337689108,17.7759593439131
11.3785,171.500791249958,11.6332696419185
11.379,165.555114131739,10.417349037553
11.3795,124.956487818113,9.93890877515418
11.38,90.1125509554778,8.40478279137244
11.3805,87.9800682353719,10.1120493355502
11.381,83.9359480214835,10.122586431173
11.3815,40.8747692083219,-8.8605002912703
11.382,-14.1589229011932,-54.3488120514304
11.3825,-27.8305686320292,-111.440629834749
11.383,1.14044449054555,-161.302771359117
11.3835,28.7525016375113,-201.444514052727
11.384,35.5308900465537,-240.039158974576
11.3845,41.5254136448061,-280.412936569483
11.385,55.7215007790732,-318.539563213107
11.3855,56.5065729213038,-347.785719268449
11.386,29.685116348867,-361.636788410238
11.3865,-12.3418551510679,-359.792676575434
11.387,-60.2399192238903,-352.635654038086
11.3875,-120.99603522432,-349.065982787537
11.388,-183.94460788744,-341.214450910564
11.3885,-205.67119525824,-316.803213179517
11.389,-158.814197561327,-286.178094002852
11.3895,-80.3233608925684,-275.562996318328
11.39,-40.882344726872,-287.13830082958
11.3905,-66.5189051632048,-286.734588078395
11.391,-111.901775004918,-243.022242731685
11.3915,-117.805417764188,-164.064860301132
11.392,-80.2971151024832,-86.5786223087494
11.3925,-49.3201121459251,-44.7469048557431
11.393,-62.7152298601077,-54.9349436756606
11.3935,-99.5998420272741,-106.419347246894
11.394,-111.474845171088,-152.221991656886
11.3945,-87.6415179024221,-133.605449992584
11.395,-64.0680445561303,-39.8621917863296
11.3955,-65.4316168181881,68.0956743097139
11.396,-70.3409080583299,116.36056745627
11.3965,-53.9588661651327,93.7700393941081
11.397,-36.0263829160649,53.7579611470208
11.3975,-48.2165202671036,52.0302888067709
11.398,-68.0211942218421,100.694986573011
11.3985,-33.1680005626166,173.331928656852
11.399,71.1205156677133,233.496964740653
11.3995,181.949374193916,262.524391088054
11.4,235.362919135941,275.185663141342
11.4005,238.022914804819,301.626109891592
11.401,235.121511081402,342.701689236089
11.4015,237.309728041048,360.406404612078
11.402,220.020134734515,332.246494502785
11.4025,179.860206173046,294.217884933705
11.403,145.393558358943,297.136633305937
11.4035,129.167202132344,334.77102678368
11.404,111.67555173252,356.164058480249
11.4045,89.5717718104612,344.642694472569
11.405,101.713145988069,339.430428158143
11.4055,172.685959885784,370.240152159527
11.406,251.701029865745,411.406954740539
11.4065,252.347322245897,417.704212323657
11.407,157.012427915059,371.11010688907
11.4075,45.0614202252957,273.288710663411
11.408,-1.58289668870967,126.415574346627
11.4085,4.03694126550684,-49.9528083726695
11.409,-22.9932328999661,-208.030114260873
11.4095,-131.057326431562,-308.870487459332
11.41,-274.254018253188,-357.526007360284
11.4105,-362.05629054644,-382.257691600955
11.411,-344.223033361978,-399.124202668515
11.4115,-244.304550895693,-418.415986196498
11.412,-131.508325229263,-458.184433677018
11.4125,-68.1480817908591,-513.986717618153
11.413,-66.3037521835042,-532.546944429983
11.4135,-82.4323570221229,-458.512143046326
11.414,-62.8836167329479,-303.872510768083
11.4145,0.0219088357155224,-134.850128513351
11.415,67.2183485231859,6.84125852610991
11.4155,105.910003246958,131.344122055647
11.416,120.151249793583,250.232768387247
11.4165,123.403031288119,344.423770243464
11.417,111.354519442871,395.697887028704
11.4175,81.3668079524501,408.850752645149
11.418,51.9565060141584,380.638166050342
11.4185,34.6542930001894,284.635014248653
11.419,6.73776145088383,120.272659667911
11.4195,-55.6959183404573,-50.3902950221846
11.42,-132.454330927692,-155.018942492671
11.4205,-181.989013879657,-189.0533891378
11.421,-198.526515822767,-208.010483840016
11.4215,-208.434203955895,-249.489103027661
11.422,-216.673219286104,-297.19332922865
11.4225,-201.30696681924,-321.636091085116
11.423,-164.467177659049,-320.434578523817
11.4235,-142.663335583598,-305.375104495416
11.424,-150.331176722524,-276.310067350622
11.4245,-152.754791600062,-227.664603443168
11.425,-119.153980084055,-166.856316217977
11.4255,-72.2560256975807,-108.594464552018
11.426,-57.2236019475724,-56.8880202321072
11.4265,-79.5873649531285,-5.53996353510276
11.427,-97.1540126004819,46.8635094551743
11.4275,-64.0195597316431,93.8211700862231
11.428,27.6425660870234,133.849653608079
11.4285,136.291123536772,178.255051826865
11.429,199.598294039537,239.255658327812
11.4295,197.116850950359,310.023767298287
11.43,183.131698167323,363.163895800731
11.4305,221.8958481974,378.055335437082
11.431,290.337297583747,368.276117188494
11.4315,299.327838975074,366.71932908806
11.432,227.718194486795,376.195522014967
11.4325,167.76414411825,352.662630050915
11.433,191.267446902124,257.857061351106
11.4335,232.443463082197,118.093534878957
11.434,178.639438465057,3.12914146761743
11.4345,38.9435111844037,-53.8651994598966
11.435,-66.0452715832798,-87.3904832324418
11.4355,-70.8077927979698,-142.162366640428
11.436,-32.1052593506814,-211.493625036807
11.4365,-19.1118875566116,-251.973213691217
11.437,-22.1983334904618,-240.961078354273
11.4375,-6.59044984449956,-196.796585574019
11.438,13.5201704528663,-152.367461424869
11.4385,6.85915812025881,-130.398073911661
11.439,-15.6962652490722,-138.605628911004
11.4395,-26.721800842343,-166.733774522894
11.44,-36.0658956082881,-187.983083053288
11.4405,-68.6816751970834,-181.934174423335
11.441,-108.644265944188,-159.126972907132
11.4415,-113.687270710841,-148.808101478013
11.442,-77.9863253614869,-161.04623208237
11.4425,-40.4699061574348,-175.701277222485
11.443,-32.8064445333228,-170.986611489601
11.4435,-51.3440535583699,-147.240404844808
11.444,-78.4537763930712,-117.741919689635
11.4445,-101.00603508376,-91.9133927723708
11.445,-106.008729539744,-76.5331430834826
11.4455,-84.9149659518787,-79.9745514201431
11.446,-48.0040224049063,-101.621785728271
11.4465,-15.7014263347696,-122.886220983372
11.447,6.59782530809184,-119.561077410163
11.4475,29.0010200729774,-81.6450525655232
11.448,54.4618924154441,-16.691247497197
11.4485,74.3142955459114,60.5012675061398
11.449,85.5960931456977,134.858238774684
11.4495,93.6980305741227,192.80426455693
11.45,96.603183756024,225.611006398617
11.4505,84.3492421986023,231.619293625015
11.451,56.3930636786263,213.999429301582
11.4515,24.1852607407377,180.4037608285
11.452,-3.24665817028993,145.21800168913
11.4525,-19.9508976839576,122.923101948624
11.453,-12.7931835819405,113.659439219872
11.4535,25.0912690100414,102.889900834618
11.454,67.2044198786463,81.957253087095
11.4545,66.8603474154417,61.8441935914369
11.455,11.4249464059212,58.7362316877235
11.4555,-55.7899482658358,72.704309009361
11.456,-83.7110397078798,90.3728719535655
11.4565,-69.6337919754635,103.513293509546
11.457,-51.7004873020604,114.11141287481
11.4575,-56.9175908426211,124.168032688196
11.458,-74.8944917356045,132.101265754741
11.4585,-79.5637456047904,139.298743371413
11.459,-62.9248228525505,150.232728669712
11.4595,-45.5264953428492,163.894074628949
11.46,-56.6813666421749,171.604647762907
11.4605,-99.8737310261955,164.568729682966
11.461,-139.7007786599,140.047631591985
11.4615,-139.019000334917,103.167614593298
11.462,-111.139899733211,67.6764709807004
11.4625,-108.423640071888,48.3870707188346
11.463,-143.446557367428,42.5647648670092
11.4635,-151.934839778938,24.0206993157543
11.464,-70.1440741353471,-29.8105671694735
11.4645,68.5272095645207,-105.194238486745
11.465,160.846686776431,-159.908631503558
11.4655,157.934494377498,-165.421201695704
11.466,116.285519855885,-129.853842535149
11.4665,111.25260992206,-79.9429216476
11.467,143.105745025699,-36.8779003697771
11.4675,157.896687296355,-13.4727377462117
11.468,129.821316260035,-16.2049513249836
11.4685,86.4907932368436,-38.1008013064718
11.469,68.2587226648659,-61.258117543849
11.4695,91.5921411250071,-76.438529888071
11.47,139.977602526588,-89.981140102632
11.4705,168.252256074431,-103.832549610824
11.471,135.456756249758,-103.139887786572
11.4715,59.3401012349924,-75.9535552381015
11.472,10.9901817846884,-32.6453780961067
11.4725,17.8244980726743,7.24513361491713
11.473,5.61794742278432,33.2602749248501
11.4735,-98.8792646103919,33.2184617280096
11.474,-228.217757937718,-17.1876825266385
11.4745,-226.913012870417,-124.39655376024
11.475,-60.9443086240058,-245.128931101448
11.4755,112.55364393258,-319.229862489852
11.476,132.991787241303,-338.387754840264
11.4765,23.23662082633,-350.826430171497
11.477,-74.8415077538754,-387.164518658314
11.4775,-91.5927853627977,-412.140188661642
11.478,-69.3004282752169,-370.702539044892
11.4785,-45.7266311099515,-259.259660023534
11.479,-1.65541676497309,-125.262938779112
11.4795,67.6255995074287,-10.0554949469294
11.48,117.008360877153,81.1203917534548
11.4805,120.15572576958,160.303896389722
11.481,109.698900343396,237.40751878979
11.4815,113.92866855818,321.855434844844
11.482,106.417996435525,417.471132644653
11.4825,58.5756984706221,503.616507646906
11.483,-1.83508540825121,537.261935517361
11.4835,-31.507933862222,487.95340763125
11.484,-40.5968730445062,365.800585149868
11.4845,-73.3349043381093,209.48009260645
11.485,-136.660598078472,55.0398107329747
11.4855,-190.939863365293,-76.7378212047793
11.486,-203.886761433339,-172.880681763635
11.4865,-178.638633765379,-224.932338799738
11.487,-134.148213679373,-236.1571425335
11.4875,-89.3009391513162,-222.245839980943
11.488,-62.1198121243626,-197.441896010661
11.4885,-54.9594033095393,-162.408138297456
11.489,-43.0519541126436,-111.726778838232
11.4895,-5.45281459979894,-52.6906397398685
11.49,35.8652630504382,-7.99439146242351
11.4905,37.8381125098478,6.07308273299034
11.491,-2.99530045731306,-2.38961251752623
11.4915,-43.2668064452361,-14.3699460001615
11.492,-50.3713182947945,-25.9266474771199
11.4925,-33.9705618907044,-44.2574951011822
11.493,-9.95737541134111,-58.025535199101
11.4935,30.0632255604059,-35.6852094624228
11.494,88.3044612894933,31.6255670628061
11.4945,129.704386444785,103.901104566204
11.495,119.462365036173,132.700818676639
11.4955,78.5396927974399,118.96570778624
11.496,61.2857631182087,105.264380304753
11.4965,76.8789638228221,113.623960949214
11.497,73.7683018856303,119.485216216944
11.4975,19.1311328807537,93.2835943197719
11.498,-42.562548549092,40.6002405828452
11.4985,-45.6691552439684,-13.3489452840907
11.499,2.28532728366996,-56.6609653361545
11.4995,27.74494701675,-88.1228410708314
11.5,-7.83021082657141,-98.0687662682335
11.5005,-60.8540919430154,-76.3620827014711
11.501,-77.8047836662042,-33.2814124034507
11.5015,-70.6029354386953,8.30117513742262
11.502,-80.1780897008871,39.5615736923791
11.5025,-94.692732315345,67.9205022173964
11.503,-60.8327834316101,95.4041353181325
11.5035,26.757860941361,112.966335646982
11.504,102.425815080196,117.45880045771
11.5045,112.832915080759,117.694936321898
11.505,79.7958740369143,119.432350220175
11.5055,54.8324171780386,116.877778546291
11.506,48.0667084735876,102.475613538746
11.5065,37.002825267892,74.4181108220437
11.507,18.6423099194106,33.2383766128653
11.5075,10.2278925179941,-16.9424618048662
11.508,9.90699018054673,-62.5214122541489
11.5085,-2.49436436892565,-89.1194279769555
11.509,-25.4936411744072,-98.3128484802798
11.5095,-31.2954014383076,-102.14784566131
11.51,-7.87017359159323,-100.293107497935
11.5105,21.4899418234702,-80.992983029508
11.511,30.128580788886,-48.6772313822402
11.5115,18.8490001393595,-28.2254165705564
11.512,5.96456737636774,-30.5216090848086
11.5125,3.90206925805867,-35.0852329196824
11.513,14.5247910018088,-23.1191678320202
11.5135,33.0941574748656,-6.95136704920469
11.514,47.4933471007441,-3.62239979202112
11.5145,44.4214625757865,2.7020546677287
11.515,25.1679579165689,40.7692367776928
11.5155,9.08034597596377,104.120675706998
11.516,16.4695679037845,156.471033567631
11.5165,50.8866599287231,182.947085492115
11.517,94.9544282091168,200.998350036383
11.5175,116.698794646907,215.702018384938
11.518,88.5442684210461,201.911964708812
11.5185,16.9461132626573,147.139002068
11.519,-50.0783469793107,78.2229652639699
11.5195,-64.208875351236,20.151409708782
11.52,-27.553166932339,-42.4442653168689
11.5205,13.4182726954483,-127.997549441495
11.521,23.1165466165552,-203.372251954544
11.5215,6.33515631930473,-211.810854779718
11.522,-15.8809373798361,-153.402371944407
11.5225,-32.9379723065211,-95.7751595972184
11.523,-41.3097566840884,-93.0495341894728
11.5235,-41.9026306785097,-127.058752732464
11.524,-51.9162693975573,-145.990032355009
11.5245,-91.8016857551402,-133.061542222989
11.525,-144.946608920619,-112.005010927592
11.5255,-160.144196077809,-103.734494025437
11.526,-118.827089814556,-107.570651708651
11.5265,-72.2956653558134,-119.058219592296
11.527,-77.6995697286962,-139.126903187835
11.5275,-117.788699456548,-162.017257468117
11.528,-126.492957254267,-173.389086268153
11.5285,-83.2949369347189,-166.741617733873
11.529,-34.2928046167145,-149.397074422262
11.5295,-16.7690587768782,-128.781571343425
11.53,-11.3881288306247,-104.809084051983
11.5305,12.0564226385654,-79.0546135186445
11.531,42.4047003826709,-58.0721961085105
11.5315,51.1871518341397,-41.4319963152017
11.532,41.5592011654411,-19.2136883513349
11.5325,39.3429858367383,9.42863777002883
11.533,49.9751856116575,26.8628381273894
11.5335,55.3494465564726,19.796302855894
11.534,46.0950399740861,4.49648913508715
11.5345,29.662165179331,13.5103778339682
11.535,10.3557167181986,58.1862275477113
11.5355,-12.3578675942781,117.72620766831
11.536,-25.7426987968955,165.828795888861
11.5365,-9.71198601740453,193.718896510745
11.537,33.3240655090391,202.924742094682
11.5375,75.6679280888458,191.4795403652
11.538,98.7929967088505,160.073546507505
11.5385,111.009364317587,122.75167692475
11.539,120.612815137466,96.3458257453195
11.5395,111.218360327423,80.9631002742442
11.54,63.2611940537686,62.5952518294416
11.5405,-9.73865930939732,34.6208477104836
11.541,-67.563272706653,5.24967520674679
11.5415,-87.1958762024723,-17.8054071866893
11.542,-85.0465492895637,-37.668065685622
11.5425,-89.3990461988634,-57.2495553375717
11.543,-102.126533411886,-67.6829460630727
11.5435,-100.280606475641,-57.2745624986222
11.544,-72.9650362710632,-27.3709666769678
11.5445,-41.0347834178581,8.99227304692081
11.545,-30.3095222564896,41.6566221598893
11.5455,-35.1409226203212,69.0380826375946
11.546,-26.1251752688749,90.9275807847857
11.5465,8.06781144220867,103.875008078398
11.547,48.0701210992549,105.735532619195
11.5475,78.4531135626844,99.880118915858
11.548,110.419553155183,92.9707903229627
11.5485,154.33765517789,90.8166473786727
11.549,193.08824623369,95.3848054445323
11.5495,207.179671026085,102.373652291343
11.55,205.670081330188,103.894305264545
11.5505,200.413674463743,99.1600402778329
11.551,169.980316936225,100.272584130301
11.5515,94.22049865533,118.616638448352
11.552,10.1145246562205,145.436106325651
11.5525,-28.5175303117272,157.124289047766
11.553,-48.2215625040378,143.733435937825
11.5535,-136.351697276121,119.375263690022
11.554,-293.579024044627,94.5023847877373
11.5545,-383.37929005544,51.1554909903455
11.555,-295.94204919905,-33.4674581969027
11.5555,-107.901435481494,-142.265846116072
11.556,8.88624290725031,-221.854373381449
11.5565,10.2908399622515,-240.201397092879
11.557,12.9230506780401,-220.865115533344
11.5575,101.211807733084,-204.567396374358
11.558,204.282917828055,-194.273114761639
11.5585,211.04017522929,-162.50630802695
11.559,129.809662268347,-101.831956657213
11.5595,62.3242135595052,-35.1270423827374
11.56,60.5724096149035,24.9832152046741
11.5605,82.3460866103053,89.3878624693488
11.561,76.5748277804182,148.940022306932
11.5615,48.9058553707089,154.30753243757
11.562,31.5608143869918,76.7480980315021
11.5625,31.8436787339126,-30.1678553642666
11.563,31.3852283172152,-75.2723993049375
11.5635,15.3769820333035,-37.8318605622499
11.564,-12.8596545715011,8.61575790862875
11.5645,-38.5109928316054,-8.71304149175699
11.565,-51.3047187853998,-79.7543074854278
11.5655,-58.6469808266748,-145.294497895686
11.566,-78.8891522594229,-178.902567738933
11.5665,-116.195544161771,-198.847714008168
11.567,-151.084936034068,-216.446082074967
11.5675,-164.554863235836,-215.619620673594
11.568,-160.448356773935,-187.607203549949
11.5685,-151.681097181593,-153.507395073674
11.569,-135.501425979579,-138.600350745788
11.5695,-98.7695856150134,-142.566784086897
11.57,-41.6784718364006,-146.131671390194
11.5705,16.7668330559003,-134.221266300561
11.571,50.6843492771259,-104.301657053262
11.5715,36.6781605784019,-63.8487810342237
11.572,-32.5110599769665,-28.3555755737701
11.5725,-125.800630584545,-11.8493514957726
11.573,-179.55688333173,-10.003463874947
11.5735,-152.030373076363,0.375941894491266
11.574,-69.9860024862427,36.6927101878795
11.5745,-2.295223695708,89.9817478698078
11.575,9.8021250245932,134.780921531038
11.5755,-19.7677066927983,154.261153977295
11.576,-55.0160246283092,149.317298951425
11.5765,-74.2927632583212,127.608047593119
11.577,-75.4380396108231,92.3465301675251
11.5775,-68.122016639569,43.3899980847394
11.578,-65.760142782534,-13.8191973160281
11.5785,-70.2429501467901,-62.8328635187995
11.579,-65.3477386920741,-83.6975134776634
11.5795,-39.6642853605195,-70.8949447795776
11.58,-9.79524593552938,-42.2982280107442
11.5805,0.0258202874904795,-23.3189233273408
11.581,-3.76795770733857,-21.0484631489124
11.5815,7.95263534342456,-19.5668170454746
11.582,42.0349522894172,-0.527471072040477
11.5825,75.7964635201564,39.1676076827936
11.583,100.184892802887,91.0772723004074
11.5835,139.051921058109,147.7091666905
11.584,210.011139105365,206.742134210365
11.5845,291.20091785874,267.5615609482
11.585,347.864855640173,326.442013246155
11.5855,375.230791340631,372.899281323227
11.586,393.172650164274,393.366417682814
11.5865,407.136194680168,384.386066334557
11.587,394.718267276378,358.052613751195
11.5875,332.237398987833,324.880548194296
11.588,225.176660450197,276.359376819454
11.5885,110.675694576704,199.812626256657
11.589,29.3875641067517,108.176002973985
11.5895,-10.8377264739256,34.2768685813597
11.59,-41.3805471694829,-9.41954579836725
11.5905,-93.5264300294191,-45.0317721787316
11.591,-156.608537066455,-93.6355428073482
11.5915,-190.807634672548,-144.894614398892
11.592,-178.740039782045,-176.937467577286
11.5925,-142.961253901899,-189.77200051029
11.593,-111.007034295088,-199.537710885737
11.5935,-88.6878452102438,-210.3320676483
11.594,-75.8837314309641,-211.643942732746
11.5945,-81.6060606470798,-198.222927723926
11.595,-105.811034422992,-175.62915082881
11.5955,-125.930596806795,-150.308005931005
11.596,-120.468095392913,-128.660865366477
11.5965,-93.183341060797,-120.463945373256
11.597,-60.5683302984583,-127.963422337574
11.5975,-30.5554165355242,-136.430294847541
11.598,-7.04474380382542,-130.469503281637
11.5985,1.34657223152566,-114.687309196266
11.599,-6.97230947377988,-103.800110643254
11.5995,-20.5561725173786,-99.7931914552101
11.6,-33.849231599345,-96.1634970480216
11.6005,-55.0506495011615,-96.1991751279315
11.601,-82.8837151826883,-104.726623603613
11.6015,-98.3632436668843,-107.723172561747
11.602,-95.889536389777,-85.9355379744883
11.6025,-95.7449007532942,-47.1028883179065
11.603,-104.311064008133,-18.5052573203348
11.6035,-93.6202696165453,-7.27161257284815
11.604,-52.1413699284457,4.17375705894161
11.6045,-22.6218677314754,21.6155727358444
11.605,-43.2420517658986,30.2696828124039
11.6055,-77.9386074633109,29.1358848920809
11.606,-63.6357789925081,38.338600631962
11.6065,-11.3471925173367,56.9071041614196
11.607,7.14189615123811,48.9624155772288
11.6075,-26.3647564440499,-2.72460181107281
11.608,-46.2258010304412,-59.3915818078922
11.6085,-5.64253133391369,-73.378169267845
11.609,55.6092900918074,-48.9444921835283
11.6095,78.7730328146335,-22.9059777595104
11.61,66.563796423497,-5.11138521312976
11.6105,56.072799176019,22.6315705008961
11.611,56.2309867021983,61.130037510747
11.6115,54.7122706226872,89.7389159991286
11.612,49.2660985161041,105.153249141254
11.6125,31.0250350624104,125.194887711947
11.613,-24.1631009510027,151.102180584769
11.6135,-101.368569325567,162.240432754633
11.614,-125.28681759834,153.676865667235
11.6145,-53.9812786275778,142.23777820399
11.615,39.8959466717555,125.165403331385
11.6155,52.5382862886242,71.4474787653377
11.616,-10.7110450265858,-24.2635489337837
11.6165,-58.660772462125,-110.195567935398
11.617,-62.4949382041838,-127.918821230721
11.6175,-83.3863204414445,-76.6337554145071
11.618,-142.087670063965,-6.04655057710406
11.6185,-164.819006217022,38.1958994594261
11.619,-102.780097531731,43.5021557046259
11.6195,-15.415399806421,24.8361784354631
11.62,29.2982320640507,14.086558781975
11.6205,61.0651600940485,38.3378371990209
11.621,132.698423228612,82.4777289476765
11.6215,201.399558206493,87.1439965140634
11.622,186.929925635412,13.7989911721973
11.6225,115.333576063404,-96.0440627885106
11.623,94.0735473436576,-157.579580814173
11.6235,145.809530058163,-137.159151304162
11.624,173.860561757675,-80.9392147058683
11.6245,117.691017579602,-47.8551723457429
11.625,45.029444969745,-45.8043142173799
11.6255,40.4023191142992,-45.7355365639562
11.626,82.7200093853209,-30.5365415741464
11.6265,100.380803771955,-6.83248408560407
11.627,88.7709748976236,17.49473426558
11.6275,95.2949239398723,43.7547809996443
11.628,121.962978809427,71.151443698457
11.6285,121.277945909246,90.7240034682735
11.629,77.4565071805114,96.8102864639672
11.6295,22.8469606336415,99.5104280278853
11.63,-26.0419602388254,118.997132140567
11.6305,-85.210058568692,162.741455382161
11.631,-146.063842890534,210.223078828404
11.6315,-161.193376413723,230.541188629307
11.632,-111.60801137293,219.455114190208
11.6325,-42.1265041915156,204.812807710004
11.633,0.0369887689345779,202.287693325262
11.6335,26.8204133573442,180.565497888114
11.634,76.9009041166396,96.462400379727
11.6345,146.680684015515,-38.4913566727646
11.635,187.604038200698,-154.515923374065
11.6355,160.557673955567,-194.928428560755
11.636,67.7440915863793,-171.270313008871
11.6365,-58.4053395926554,-140.008931635793
11.637,-173.193897861307,-144.552038324816
11.6375,-234.990921854535,-189.739769910753
11.638,-230.326945643296,-251.159350769319
11.6385,-186.765823256772,-291.401492334913
11.639,-143.432521148671,-282.866289302874
11.6395,-107.089900508831,-235.201309540879
11.64,-51.7659858852031,-191.527627867002
11.6405,37.9606933695057,-179.922412577926
11.641,139.636522362533,-176.223751287403
11.6415,213.423212451673,-133.33361491019
11.642,236.247152917323,-43.2716190489424
11.6425,208.843685249366,48.2614783298574
11.643,142.991774313932,90.7370279126422
11.6435,57.9433848582079,79.5001319799072
11.644,-15.3206547036941,55.1590975081817
11.6445,-47.6161923786679,59.6205980988708
11.645,-41.0239044655811,93.9516640501705
11.6455,-33.0825583275164,119.515909887186
11.646,-54.7084025217436,107.487737888846
11.6465,-89.4483186163148,84.9414762836019
11.647,-96.5513020002187,110.708827847068
11.6475,-76.3400846811416,195.257778837006
11.648,-84.689975764824,269.35677140772
11.6485,-164.988247695069,258.067648281641
11.649,-285.42570725228,169.365169055809
11.6495,-365.638696701151,76.5644238056141
11.65,-351.778618289942,21.634545245194
11.6505,-246.746683978994,-23.9057974204588
11.651,-89.4939716938396,-96.3525656235893
11.6515,60.8900472973178,-177.968131200292
11.652,138.233197195086,-220.499318268112
11.6525,116.363220837527,-206.353827864729
11.653,46.7707978703902,-161.932917575125
11.6535,7.8143333840846,-123.234373087173
11.654,10.4144690731151,-108.890088500824
11.6545,-3.98112170389121,-118.909790086352
11.655,-64.9293858902584,-140.848274938278
11.6555,-124.434205460088,-158.409087722852
11.656,-128.425079539199,-164.998731874744
11.6565,-86.8104252227793,-166.890797272431
11.657,-39.1495711720613,-168.360239202065
11.6575,4.02278137564226,-162.572390965962
11.658,43.1809935875157,-144.266749520779
11.6585,54.1323562902543,-120.138536588463
11.659,24.1184593781534,-95.8557302339986
11.6595,-6.09070790680535,-63.3652658806339
11.66,5.60392926999987,-14.5114462634639
11.6605,29.6496304628069,41.2971810859527
11.661,6.91367869452159,87.6669431335993
11.6615,-49.7906682339727,122.772261242937
11.662,-67.5751249368353,154.957139789307
11.6625,-28.8602044716015,182.173276549122
11.663,0.637102884439413,193.701167278221
11.6635,-16.9695707441599,192.079686612973
11.664,-21.9520696476995,196.998669415235
11.6645,56.2905188144755,223.78484541685
11.665,193.015642941343,269.493189463643
11.6655,304.359041596415,321.677386361242
11.666,359.908957974986,368.452871468862
11.6665,399.742722371189,397.799450508892
11.667,447.093350082345,401.573777583605
11.6675,461.599119660906,387.751223529637
11.668,400.29453088905,376.884501746854
11.6685,290.724615614398,374.516384321297
11.669,209.046351537015,352.467655346628
11.6695,187.808365004934,270.607498652458
11.67,170.78933695854,121.636216197519
11.6705,78.7225770325659,-50.2050598061156
11.671,-85.8537379261241,-179.758586921127
11.6715,-225.85364097453,-232.43770334024
11.672,-255.438934955784,-226.534154884074
11.6725,-196.00502874317,-206.552465470251
11.673,-140.376628731729,-199.132975393679
11.6735,-139.15712294828,-199.044816166917
11.674,-162.23287012648,-192.705937493239
11.6745,-167.354089757388,-181.237954490169
11.675,-157.618445849515,-174.565882170399
11.6755,-154.128068610816,-173.975968840502
11.676,-151.950206501208,-172.306682675236
11.6765,-133.686659027325,-167.301141732228
11.677,-104.543344005853,-164.803720240911
11.6775,-85.7849503514212,-170.237651403318
11.678,-83.7940412188031,-184.095445953812
11.6785,-84.957045537053,-203.461036097115
11.679,-74.2378815891612,-221.232240764348
11.6795,-47.5548665163473,-226.907828906429
11.68,-14.1104929907104,-215.243602566441
11.6805,7.73796123774709,-191.362436826396
11.681,8.13653095407412,-161.711306847802
11.6815,0.919382682333608,-125.708033182379
11.682,6.24102947324657,-83.8159251532211
11.6825,20.8138318724188,-46.272832880988
11.683,27.3427853764651,-22.4919928724558
11.6835,28.5553424636867,-8.13640376819585
11.684,39.5805694310739,4.25981316953979
11.6845,47.8304901016819,8.03297637260069
11.685,21.5493024304299,-7.96362706298373
11.6855,-34.8715014022015,-36.5171900023264
11.686,-78.4327028676214,-57.6621873246952
11.6865,-92.4602262861445,-66.5445357227739
11.687,-105.291868961499,-76.0339676684184
11.6875,-126.104939467966,-88.9866971329738
11.688,-118.330436829958,-88.2768744876275
11.6885,-68.5534932268136,-61.4294140399653
11.689,-24.4153970638483,-16.912947995563
11.6895,-18.715582946831,32.9032538468445
11.69,-11.1860437586817,87.4779549948548
11.6905,35.4543532125025,145.166148335006
11.691,73.6985193354919,190.331795681892
11.6915,42.9846558392479,208.397043908599
11.692,-14.6801655931231,203.613122489107
11.6925,-2.65189675015253,189.537842193037
11.693,80.3508470062275,171.739307552143
11.6935,129.45424224869,151.717412386404
11.694,79.367277348551,136.807173126548
11.6945,-20.9061196671919,130.849116418303
11.695,-94.9025643207154,122.538558843997
11.6955,-123.655316256518,98.4197438409397
11.696,-118.375709446282,63.3271816221573
11.6965,-78.900418488672,35.1084904232321
11.697,-17.4289403879757,22.8071075602545
11.6975,29.1361289884874,21.4964958049084
11.698,45.1018250854395,24.6581260792835
11.6985,52.8357361119963,30.6123682545414
11.699,64.131877608713,40.4722166658815
11.6995,65.5883842534109,59.3713939748965
11.7,70.3384407032084,94.1387513096399
11.7005,119.518982109511,139.64050438187
11.701,200.905200568007,174.83673113658
11.7015,234.153826156213,184.518310796216
11.702,182.332532406881,176.369135549677
11.7025,112.501079059273,161.1684028738
11.703,89.3568133970039,125.888007491049
11.7035,74.7836678490608,49.7947672606567
11.704,7.64100434525732,-55.3166073549279
11.7045,-75.2877899598149,-146.502595705788
11.705,-93.9191091338658,-197.164065985724
11.7055,-63.688509137841,-221.621717729084
11.706,-74.5812113466603,-242.89176152905
11.7065,-143.228002087147,-255.95853164913
11.707,-189.240127611857,-239.3366190893
11.7075,-166.467778070363,-190.923342990795
11.708,-119.825461400918,-134.525465423138
11.7085,-90.4729987686246,-94.1279417536824
11.709,-60.5867610761048,-74.3961420577868
11.7095,-29.6697778188718,-65.8835364461644
11.71,-51.9990506115753,-59.7482407319217
11.7105,-137.395076836156,-55.3228558640447
11.711,-193.143270331559,-58.2633388433806
11.7115,-141.850274184508,-73.2322243413928
11.712,-39.3894895067515,-97.1098305427041
11.7125,7.59215985664031,-118.860876016585
11.713,-1.8374741283694,-124.764671838873
11.7135,19.6041536703574,-102.749598718435
11.714,100.695012889927,-46.540278996299
11.7145,184.543706288596,37.2535654844852
11.715,246.496921500956,128.017822360178
11.7155,333.242279940686,205.618303137302
11.716,452.454101395995,266.866046489453
11.7165,517.70363489028,321.432650881385
11.717,465.146099066612,374.174906343272
11.7175,357.573404961484,422.14956977013
11.718,296.331353771006,466.36743266158
11.7185,270.448739012853,507.755490972231
11.719,174.949894844876,524.383161400684
11.7195,-33.9605306451606,471.240932161049
11.72,-276.935867999877,321.515521783311
11.7205,-449.212971500387,102.860523224732
11.721,-514.041929997588,-121.443625172455
11.7215,-483.920768014084,-303.901785630865
11.722,-376.816789066384,-432.925187275637
11.7225,-233.205467343335,-508.834646049539
11.723,-129.576163871727,-525.451946653965
11.7235,-118.018002523859,-487.433010812134
11.724,-165.299952600372,-428.773151540128
11.7245,-190.834777131456,-391.518044069214
11.725,-156.84399126895,-384.92644151005
11.7255,-90.8393214449839,-379.358763548547
11.726,-31.5315236397054,-343.535769408996
11.7265,10.1038621975671,-276.01721034376
11.727,38.2074147351591,-195.813816384212
11.7275,54.8050821601424,-117.321714406601
11.728,61.1938752109187,-48.0081043576206
11.7285,54.4999243882461,0.539218563057176
11.729,24.8075276105442,20.7664332162874
11.7295,-21.0622490382756,26.9671456353137
11.73,-41.9404476922545,43.5602682247694
11.7305,-4.48059170709586,70.4362458965016
11.731,58.8469200424651,80.2581508521694
11.7315,76.5061316424166,60.268020172352
11.732,31.9247964683872,36.7158417645337
11.7325,-11.8502259403728,40.6924718742006
11.733,0.321346283413358,65.654753874476
11.7335,45.0393568085124,80.4979325427098
11.734,65.1023847913769,73.8789730557406
11.7345,47.7913641075887,61.4045530254948
11.735,21.9357928953537,55.1123393682594
11.7355,5.61429816474122,52.5653348399713
11.736,-2.54092245379374,56.8819884953875
11.7365,-0.567625633893494,81.2719514595056
11.737,7.70737414829031,125.024715492687
11.7375,-1.49829129366491,164.514100460854
11.738,-33.4910927936487,178.635551523159
11.7385,-37.6668641438002,171.217407661776
11.739,39.6442680674515,163.190957191816
11.7395,167.865048591172,174.417001327416
11.74,249.337409450026,213.948087152803
11.7405,231.306514766283,271.924770772361
11.741,155.212661275665,319.499858194194
11.7415,85.8854998216272,334.812298834796
11.742,41.572999940535,329.647845642705
11.7425,12.9442447883287,327.949633631254
11.743,1.03294744989148,317.808846212736
11.7435,1.07238221254506,258.223049786312
11.744,-14.6787410453727,145.639274665979
11.7445,-58.1984479256616,38.8736052881152
11.745,-93.5493238746418,-7.35573108123481
11.7455,-80.2163393824985,-6.95577759990791
11.746,-31.7247453711858,-12.2607191245002
11.7465,2.62475903630281,-43.5540420633217
11.747,1.3140813239906,-83.7420227830982
11.7475,-15.8309699046949,-124.275923909163
11.748,-26.5895552598904,-172.650616504577
11.7485,-27.0873317152829,-219.447980319035
11.749,-20.9004334676083,-240.626501774496
11.7495,-17.7317064860337,-238.461356560771
11.75,-37.7543346770191,-244.208226115288
11.7505,-86.8936296220407,-270.606526758144
11.751,-129.807836688475,-294.886764920191
11.7515,-118.366768805757,-302.210741497639
11.752,-51.6136067200389,-313.689291046802
11.7525,17.7686269454703,-349.666088483108
11.753,42.1028163121287,-390.349433957146
11.7535,22.7386718421507,-399.352751404233
11.754,-7.48942252551931,-370.963808187597
11.7545,-22.85040397937,-328.634898055605
11.755,-18.42640272712,-285.52517905039
11.7555,-4.52803422675576,-231.126259482122
11.756,2.22328214633456,-155.760921135269
11.7565,-7.44872001016345,-68.6817014055541
11.757,-26.6383682648998,11.9508440085863
11.7575,-43.9543202304734,75.3504082149105
11.758,-58.0377879414291,122.048877703393
11.7585,-67.4320270765435,159.657089864234
11.759,-56.6125777131315,195.763359055429
11.7595,-15.0988107264479,229.837734780287
11.76,35.8071241734004,253.191664276568
11.7605,62.0601921110312,260.45477501299
11.761,59.9523327989391,256.95294711643
11.7615,52.4154689058616,250.256603553527
11.762,45.5619211779993,240.204078587692
11.7625,23.8692541945599,223.6612374216
11.763,-8.81928578545035,203.403971439324
11.7635,-23.6901008378824,184.350977903593
11.764,-14.5273403692916,165.710741119474
11.7645,-11.4728552794284,145.353960351278
11.765,-28.3863904054772,127.972387069673
11.7655,-35.8889654207274,119.778574164092
11.766,-14.2610935113624,118.209476504335
11.7665,4.51178004863644,116.421804730223
11.767,-14.3016364366826,115.121154126275
11.7675,-47.2544652376327,117.923705365373
11.768,-46.5952148052101,114.81019232798
11.7685,-15.8506264161777,84.1481710453971
11.769,-1.87924834137349,18.9577426448695
11.7695,-17.7462510949313,-56.5956386392561
11.77,-21.9585048390315,-106.187203554685
11.7705,17.855909336895,-115.545548419134
11.771,78.6273338109849,-102.614264654475
11.7715,112.311234901787,-94.7311553726297
11.772,97.4376102997384,-100.811211254248
11.7725,52.2502254886128,-107.496018153807
11.773,17.4289386122056,-98.9647085781425
11.7735,28.9921498316505,-75.8334651914292
11.774,87.0720244818551,-52.8975088497894
11.7745,148.806733693166,-40.889280186559
11.775,169.402271172186,-35.2803884609109
11.7755,145.817239142589,-25.4213142650316
11.776,102.091540436808,-11.6805007341028
11.7765,48.9674623130433,-7.60260265705906
11.777,-7.76437486178143,-22.0186018267078
11.7775,-37.0016431869809,-42.3513421228129
11.778,-14.6325155389989,-43.0915820877013
11.7785,17.2200042487157,-14.6371667376294
11.779,-12.9318642302584,21.5943720901188
11.7795,-94.3737379671286,34.4658942343839
11.78,-124.278060390384,16.4649022225153
11.7805,-43.3793086111602,-15.8924210371234
11.781,76.2369517018723,-54.7163902718632
11.7815,126.105661818217,-114.033402580733
11.782,94.7031008023216,-196.545497275179
11.7825,48.3866016974818,-263.07686597709
11.783,21.2628088289072,-261.870415602645
11.7835,-3.39630500602622,-188.146460038252
11.784,-26.2065528725591,-91.1403946435544
11.7845,-26.5784801079015,-15.9894161855518
11.785,-23.2496129637515,39.1867218063267
11.7855,-65.5150633510655,95.8276696424152
11.786,-150.562638289359,144.934441180353
11.7865,-214.625179700038,148.269438316026
11.787,-225.548341020001,85.7383586215543
11.7875,-221.40974157768,-14.6474290945229
11.788,-230.401052652818,-95.3667228037867
11.7885,-215.86894117905,-111.657803872152
11.789,-143.337742162735,-61.5288452051684
11.7895,-47.2072268392665,16.2932525246829
11.79,22.8013497303187,78.1544781722191
11.7905,76.826215304533,116.27584147755
11.791,143.788087096836,157.073241741255
11.7915,189.679645777958,212.767242279726
11.792,153.189229654789,249.942693459241
11.7925,52.380979808481,224.671582446683
11.793,-19.0693769121597,140.309016265596
11.7935,-11.6033108052134,48.7055238895847
11.794,28.6039545723833,-3.81011624043038
11.7945,43.9048141622524,-11.8251556498558
11.795,36.5757099520672,5.11914334462832
11.7955,24.8296948237436,28.102210480063
11.796,-10.823266127707,41.5687640394353
11.7965,-81.9720414534836,33.6939025197289
11.797,-133.321009272525,8.74502076418663
11.7975,-97.0193720221493,-14.3174829035618
11.798,4.32294513425817,-26.9471191494708
11.7985,68.7819128130045,-42.9405349943404
11.799,37.4131604480413,-75.3863452656166
11.7995,-40.8305133807157,-114.172397536078
11.8,-80.1473891442758,-137.952440343376
11.8005,-53.060473594314,-137.348768108528
11.801,7.05270683257641,-114.671136606475
11.8015,62.8834632465623,-72.8148590071984
11.802,98.2504019844991,-19.9481964929554
11.8025,106.250715759221,24.1252794912628
11.803,90.4558442891489,44.0822772252236
11.8035,75.604915713641,47.2275223117486
11.804,87.1045294134368,50.3060991459707
11.8045,114.797615997768,52.4446134893931
11.805,119.903423431616,37.6305443605411
11.8055,84.7892988254394,2.33025031555853
11.806,35.2172108089593,-35.854241158307
11.8065,3.3511779936655,-58.1722292374418
11.807,-10.5901818277408,-58.8011303003532
11.8075,-22.4029553938817,-37.8646058656724
11.808,-26.6582943338405,3.18854745134936
11.8085,-2.64793376872362,52.9717885261106
11.809,45.7518666034364,90.0591330465997
11.8095,82.8101482205808,101.419759394429
11.81,81.4874873677087,95.7933468222027
11.8105,51.5254549156858,93.0520475721199
11.811,15.8820913231674,102.220237554661
11.8115,-22.7167862788448,109.780290009195
11.812,-72.6694277844997,87.0984136240053
11.8125,-122.033891909804,16.1978875291721
11.813,-141.244139487793,-82.3574191767186
11.8135,-120.288037344788,-154.693924074239
11.814,-84.4609052374855,-162.972230771032
11.8145,-64.3953378508858,-126.227983188829
11.815,-62.5059571296665,-94.2648517953981
11.8155,-58.5601350534745,-84.8633357052837
11.816,-39.3415387180788,-72.4989085129616
11.8165,-11.085647533266,-40.6711056858205
11.817,13.1385238699073,-10.8886672368449
11.8175,26.4379362932207,-2.55740683255057
11.818,27.7946282722868,4.08793841037478
11.8185,18.0466486978573,33.3568091670265
11.819,-0.403875619387045,62.2233818045872
11.8195,-25.6508852772582,41.5523358774551
11.82,-60.4182430729062,-34.6406191586278
11.8205,-106.840362375517,-115.272989069634
11.821,-151.634853729883,-152.760388438052
11.8215,-164.794447199056,-149.978913528986
11.822,-126.988546830302,-138.297607192783
11.8225,-57.6352541281705,-133.503012950152
11.823,1.02007821577788,-128.419766371191
11.8235,34.9723819588808,-112.999356069216
11.824,75.08885397332,-85.9758874837357
11.8245,144.182415711078,-53.6274125986065
11.825,204.134732857863,-25.4077180038639
11.8255,191.947022906058,-4.62917124111017
11.826,109.936677286924,18.690464231464
11.8265,39.0615135173474,54.4188976938634
11.827,40.9321633332591,90.2078630711815
11.8275,81.2756747751332,100.050827226744
11.828,86.4649535314613,82.1999238075755
11.8285,49.6247955820313,70.6356865372036
11.829,30.1687138905539,95.3831159436952
11.8295,57.4080333690797,145.41716472952
11.83,92.4901873990675,186.412797263118
11.8305,98.3763336484767,203.868855645067
11.831,93.65698637472,210.682587069269
11.8315,106.091127499733,219.288707234925
11.832,114.908657661299,225.604608343576
11.8325,81.9792978769304,219.610986268239
11.833,14.7509895074295,196.521910620426
11.8335,-45.2284656607928,156.651245553204
11.834,-81.342254129609,105.977969902813
11.8345,-106.979389093913,56.6827873476387
11.835,-120.221610456846,16.4742509799443
11.8355,-98.7315907996436,-21.4158061578499
11.836,-44.4471559837681,-66.5680552315358
11.8365,5.26204818369384,-111.463584226416
11.837,22.4400731644897,-136.501534691739
11.8375,14.6192673050437,-136.122185170448
11.838,-3.24807804356576,-127.21984938636
11.8385,-31.5068211228524,-127.593968835629
11.839,-64.8326868879126,-135.884419229724
11.8395,-76.8475849186358,-136.634365980825
11.84,-49.774074598839,-116.697743184896
11.8405,-4.61815422379853,-73.563290353044
11.841,17.660526261087,-16.5668178100007
11.8415,-2.70028384808342,35.2202403434762
11.842,-51.9324289921703,63.9431743290739
11.8425,-100.485359394369,68.769286761743
11.843,-125.686446421032,68.308804396578
11.8435,-130.239953643045,83.6067184985642
11.844,-143.961353066897,118.559331464797
11.8445,-190.038696494492,154.684778352018
11.845,-244.574040195129,162.054558255863
11.8455,-253.398683245096,120.495185144273
11.846,-198.53745816466,38.4189857637235
11.8465,-119.571895130762,-51.4302558431063
11.847,-53.716914320654,-122.3993767144
11.8475,10.079981544764,-175.916506232801
11.848,87.1383949310929,-223.757258185315
11.8485,141.640085092915,-256.83933717771
11.849,126.268910966307,-252.426095925794
11.8495,62.6735047188444,-212.876886825422
11.85,26.5944872280414,-173.692246942021
11.8505,48.1945482258363,-162.063505921813
11.851,77.4755513624029,-165.385205449538
11.8515,64.5266130462971,-155.016949036898
11.852,28.0481985315771,-125.898024584863
11.8525,16.4034071794526,-93.7357377102904
11.853,38.2534808289421,-63.1799798647538
11.8535,69.421978570289,-21.9630561774454
11.854,103.384413086787,33.3455621083057
11.8545,152.134345013493,85.4316832139342
11.855,207.385165801699,117.327381807945
11.8555,241.781710942028,134.025199308481
11.856,249.875987969845,155.339488439918
11.8565,253.192261283002,192.109279120338
11.857,257.556429400765,233.551846655191
11.8575,236.470048138748,254.946747638024
11.858,170.563078489302,236.009617908082
11.8585,78.6227443372711,175.321229204298
11.859,-7.79457749135331,90.0221911826539
11.8595,-80.933515094399,2.65728402081219
11.86,-148.645329308353,-70.2527390806702
11.8605,-205.511645742007,-119.133435687779
11.861,-236.026270759628,-139.962098779716
11.8615,-239.827766447571,-137.968327943989
11.862,-232.334435082885,-127.668741779496
11.8625,-221.966005518101,-121.975785719023
11.863,-204.104671701352,-122.700148705918
11.8635,-176.135776550117,-125.134271372184
11.864,-141.349205310039,-126.451476508239
11.8645,-98.2336074813653,-122.734664469812
11.865,-42.9753651731983,-103.000180257718
11.8655,16.5296726925747,-57.5507346150175
11.866,65.7673317368161,6.36375550123336
11.8665,102.784562951984,65.2300094820411
11.867,134.001114032139,99.8927556651552
11.8675,152.608384317597,113.640373407443
11.868,146.390830283114,128.356911289574
11.8685,127.833607063473,161.46929381265
11.869,121.301513937429,203.423245217116
11.8695,109.252599610755,219.562530860463
11.87,35.2033381870268,183.59363948813
11.8705,-105.91780091276,112.742758056552
11.871,-216.170005492376,59.338259294274
11.8715,-185.92685846904,59.2539489368524
11.872,-24.9272921478921,96.9494027244011
11.8725,145.493077989334,130.770162601976
11.873,225.87827992936,143.372896720697
11.8735,216.398942465595,152.901312731506
11.874,164.903379328376,180.168875056251
11.8745,101.701266168846,221.044751344642
11.875,49.38899917489,250.187747783786
11.8755,38.4387420052891,238.487824420152
11.876,64.0149873806106,168.678242939211
11.8765,61.384182997739,49.2722468010578
11.877,-22.7173353260402,-85.4402829254375
11.8775,-148.108964419867,-201.899876092973
11.878,-217.124541138672,-293.361746929987
11.8785,-189.561275687787,-367.26649645609
11.879,-121.847551247139,-413.784666662746
11.8795,-88.7636421842353,-412.403814737121
11.88,-103.317500479256,-372.058533554618
11.8805,-126.534914453348,-334.434026715188
11.881,-126.606374509604,-321.318941429608
11.8815,-106.555231689885,-302.700162330613
11.882,-86.5702301911296,-240.144340514455
11.8825,-77.1488929499624,-145.01659792067
11.883,-69.9325558455082,-66.3932516575586
11.8835,-50.7870396000315,-29.1129413770245
11.884,-21.4903897102535,-10.9676666019829
11.8845,-1.91090886645432,18.6809602412305
11.885,-3.3969478017315,61.7018588838342
11.8855,-8.93856639274908,98.5026054974174
11.886,5.70253254882396,114.674274892359
11.8865,36.7004861645138,113.040364647173
11.887,54.8951869471062,111.022934527461
11.8875,41.379883998554,129.012296503379
11.888,3.77565442013146,167.823373935049
11.8885,-40.7108960170773,194.964077195287
11.889,-79.1732577131492,169.771629716732
11.8895,-99.6444042685026,88.7746282330046
11.89,-95.5352217245075,-9.61171523699411
11.8905,-79.0662407782615,-92.2067929107386
11.891,-69.594949636761,-160.962425832129
11.8915,-58.8438657075065,-219.109781136829
11.892,-7.7381096695454,-231.013640705079
11.8925,105.151623169114,-153.137606786792
11.893,244.515783218066,-3.10532097078178
11.8935,345.914194774518,140.010534957492
11.894,377.14174348982,220.829366940328
11.8945,357.128023546242,265.529135604076
11.895,318.619278621993,330.755156512344
11.8955,272.159387756458,416.944107913391
11.896,213.332969231746,469.01355000124
11.8965,148.881629073687,455.909632184774
11.897,96.2136080363199,406.726575004946
11.8975,56.5645651541191,355.592165304767
11.898,5.87176434885769,289.627092934947
11.8985,-74.0268283123955,182.040270716068
11.899,-162.344998071485,51.5389650538404
11.8995,-215.724558753724,-51.7923804176886
11.9,-219.690986056981,-112.386900912499
11.9005,-205.04560918302,-161.693353151175
11.901,-203.363327202299,-220.640300942356
11.9015,-204.302718407728,-266.801372509145
11.902,-175.803849065953,-274.795556118284
11.9025,-114.531374305034,-258.500320607939
11.903,-52.1391690687383,-248.340057819861
11.9035,-14.814922091993,-247.860537680067
11.904,-0.0979678432617259,-240.781330497149
11.9045,3.94836198487919,-227.507996268888
11.905,-0.866565234230608,-224.196120541351
11.9055,-14.9300532365784,-230.129458283712
11.906,-31.0681465297026,-225.267495234034
11.9065,-43.6121777140629,-203.509345535012
11.907,-55.0644054956006,-183.19745112809
11.9075,-65.030391254406,-176.137099221634
11.908,-63.9166715618709,-166.841965113
11.9085,-46.5262226446932,-134.630371336735
11.909,-21.6585622105519,-81.1732634784895
11.9095,0.862757957369807,-23.1858635098993
11.91,23.14262370376,30.6337279951011
11.9105,49.1311480229416,80.6258331788771
11.911,69.7111485696683,120.493186166878
11.9115,69.7081389156299,135.797504420955
11.912,46.5231089723639,119.89111418656
11.9125,13.2231579920006,83.1698103548608
11.913,-14.5429968093007,43.9208754550702
11.9135,-28.8256018556413,13.3966995312042
11.914,-30.5989982917091,-9.33629070498257
11.9145,-27.5284026580828,-29.9834956090312
11.915,-28.1190311169569,-47.9120310226279
11.9155,-32.6839116323729,-54.296610319045
11.916,-32.1005599585322,-43.2455429039829
11.9165,-19.2357585147191,-21.5863808253873
11.917,1.74796666722018,-1.33475204792782
11.9175,21.8022666800705,16.7826151985265
11.918,39.380216225084,44.287694881752
11.9185,60.768125737392,87.1912513538158
11.919,88.7557134330905,134.954132737345
11.9195,115.572934861355,171.962293211292
11.92,129.09129808883,193.797271221192
11.9205,125.166382652276,205.576627398937
11.921,111.98226675167,208.744908528226
11.9215,100.143371840288,198.736154160103
11.922,89.6929825604208,176.201455680762
11.9225,72.3844701200341,152.481866952248
11.923,47.9965594835199,139.066658737118
11.9235,30.2242294619368,135.425466019186
11.924,30.528467395065,132.492081995537
11.9245,42.9851849024465,125.788824371574
11.925,52.4622303795236,117.473663643113
11.9255,51.1728589257659,104.799176354615
11.926,38.97284996469,77.3506836212182
11.9265,15.6820703042277,33.6180606653228
11.927,-14.6605370928864,-8.79429591636456
11.9275,-38.5233782513489,-33.5111464224498
11.928,-45.8329642096647,-51.0616787121839
11.9285,-43.753301190052,-85.6052814286911
11.929,-44.8721563822122,-134.607695399548
11.9295,-48.3852448637649,-162.632052878259
11.93,-48.1585681920541,-144.67892178729
11.9305,-51.2508733535643,-97.8207621147855
11.931,-68.4609433135074,-56.9962402206864
11.9315,-92.9905874447874,-35.7374144330595
11.932,-111.298799099005,-26.3428383888629
11.9325,-128.955350619357,-22.5336736037724
11.933,-157.543981390441,-21.1312071162415
11.9335,-179.383543858518,-14.4896207914202
11.934,-160.55178668948,-5.20752494832602
11.9345,-105.254630423958,-18.1501403800508
11.935,-62.7794363433419,-71.1836717491172
11.9355,-67.1044335948957,-140.454929981642
11.936,-99.231292599975,-182.564636724065
11.9365,-122.028584460596,-187.273877239611
11.937,-119.80739048105,-179.465949762505
11.9375,-86.5090244577513,-172.659503267666
11.938,-11.0674947770147,-155.051572604445
11.9385,95.8361403575577,-123.080438648161
11.939,186.459018545987,-90.614002153456
11.9395,217.14140145346,-56.0773374014007
11.94,186.891817624673,0.273024375606565
11.9405,117.577633610362,70.0476565525894
11.941,28.9340274753019,106.076009994918
11.9415,-40.0148149332141,82.3973305322444
11.942,-29.3939873095827,31.7909860720822
11.9425,66.5314526109067,-3.67323699081787
11.943,149.593726944134,-27.1102604082831
11.9435,109.015883523663,-58.6803939289442
11.944,-40.7829475695785,-84.4111077208722
11.9445,-171.201099176834,-78.5969990780469
11.945,-191.823332302958,-58.3790803849264
11.9455,-136.047755864599,-66.1867502773361
11.946,-84.3947030798466,-101.29250361681
11.9465,-62.0455057985432,-112.893520138462
11.947,-43.0004094002661,-67.4028368449584
11.9475,-10.1747451064331,11.5642732023849
11.948,30.0236436182637,78.1142853915212
11.9485,69.2296940410342,112.138330116957
11.949,99.973487347412,126.143916063376
11.9495,111.568212125386,145.65069620431
11.95,107.172147637425,186.271187675696
11.9505,111.54495032065,233.991964625376
11.951,141.961925148462,253.49840264585
11.9515,183.598610939084,234.44879094467
11.952,209.444779556778,214.876161700553
11.9525,211.230345695402,228.622279687608
11.953,196.867324408893,245.118374884653
11.9535,171.982740656404,205.876352269603
11.954,137.518224395441,115.292016597567
11.9545,92.0553912498222,42.7849729068525
11.955,27.6640768445282,25.418782375598
11.9555,-57.8651474116825,19.7155699712315
11.956,-136.604414074977,-27.9436362275057
11.9565,-164.92063806043,-107.783294065195
11.957,-137.612929951778,-172.582496888124
11.9575,-100.084817136923,-199.977470698932
11.958,-86.4493289299039,-195.960271075848
11.9585,-75.2480679977415,-166.568656936934
11.959,-34.7377195404287,-121.831855782563
11.9595,18.1514589717085,-85.9557100860555
11.96,45.1457680029385,-69.8041416954376
11.9605,51.4661709918178,-50.1321731885191
11.961,73.4396099079971,-5.8667036474952
11.9615,107.974597611903,42.9621207318832
11.962,105.822721834525,63.4191953433409
11.9625,45.0642713492081,58.591104917994
11.963,-31.6999822007263,52.9381020831582
11.9635,-72.7219980755161,43.4544119765418
11.964,-77.2990411850976,6.40595320478782
11.9645,-78.7839079358912,-51.7428430054937
11.965,-93.0899626631109,-89.7695071111594
11.9655,-110.618670525252,-83.6319349448129
11.966,-124.482194614752,-53.0150475872418
11.9665,-139.624331039184,-30.2993702543127
11.967,-156.60504613467,-27.9804692383731
11.9675,-166.6900438534,-41.1632266431784
11.968,-166.596936427171,-58.5902118656596
11.9685,-164.625026374676,-65.316197449132
11.969,-165.298761346921,-54.2561497980394
11.9695,-155.94166639186,-39.3629570544628
11.97,-119.718413663785,-39.8189181609741
11.9705,-63.2211811851344,-50.1436953483878
11.971,-19.6043461184183,-45.3030579735761
11.9715,-13.3282466195474,-16.5928440310486
11.972,-28.8282982775954,17.8888703898598
11.9725,-31.4683699333227,40.651153004893
11.973,-16.3998074810392,52.0168735207555
11.9735,-11.0131393598901,56.1958532416335
11.974,-23.2325895639796,50.4770909147072
11.9745,-19.4565282987525,35.2578428289675
11.975,25.0041906223796,19.3157905424907
11.9755,81.8186864204629,9.71583998919417
11.976,108.161484051051,7.86503306587688
11.9765,108.587581204812,14.1103245198441
11.977,119.203444094552,21.627686280958
11.9775,143.14402098831,11.1705550893182
11.978,147.987115584193,-26.2828018639263
11.9785,126.90808987177,-64.2817014448571
11.979,115.641556950951,-63.7289618618002
11.9795,136.958790705726,-22.7629657640371
11.98,169.112167042916,21.0454053500778
11.9805,186.175884040011,40.7031749174559
11.981,191.793990651213,44.644971643456
11.9815,191.149943547762,46.8985241098026
11.982,166.262660912638,43.432771339864
11.9825,110.593557878389,30.584959687179
11.983,59.6735005916361,19.2742629990694
11.9835,50.4833207123906,14.9763643822222
11.984,67.6610031001818,7.11360695627176
11.9845,64.8921745063926,-6.53375210474684
11.985,28.5845680627785,-8.45109829687472
11.9855,-12.9062163638121,9.43060143457108
11.986,-36.8819415054363,29.1207010849061
11.9865,-50.6189864402807,37.3838365328733
11.987,-68.1255366701622,48.6869203299341
11.9875,-90.3208002554619,75.1296576437345
11.988,-111.904738151563,96.9784144178175
11.9885,-126.183026785189,90.8555206788744
11.989,-120.643380906826,68.9629391181036
11.9895,-87.6406846515819,60.9470439146714
11.99,-42.2197337737342,70.539463790888
11.9905,-11.9016868571111,78.9057934327362
11.991,-7.19030414177054,78.533603483367
11.9915,-18.0740621436444,72.4793828240683
11.992,-37.7765262474943,48.8066266162677
11.9925,-69.6398516694574,-9.85103503988964
11.993,-109.654463434493,-91.416157891473
11.9935,-143.810574271665,-158.660639363026
11.994,-167.199832760082,-191.690646987623
11.9945,-185.590322860133,-202.558010405445
11.995,-193.119091876023,-207.246622795347
11.9955,-170.939771934933,-208.42287004085
11.996,-118.809671797997,-208.017394643662
11.9965,-68.2822137606672,-210.06367918761
11.997,-49.2319814899145,-203.599350592071
11.9975,-56.1844321387774,-166.17748474485
11.998,-60.6262599473719,-94.6294628818609
11.9985,-44.6948470581271,-14.1926725236774
11.999,-9.94321651056544,51.1657113869561
11.9995,35.2272868736751,100.335447313976
12,80.7599373003414,139.966041658544
12.0005,115.104606599703,166.917676429131
12.001,135.316357932311,177.24827145486
12.0015,151.881451740807,177.433888518615
12.002,169.773289638292,174.012693525505
12.0025,170.603866020034,162.92099599776
12.003,131.755034300138,139.801522774803
12.0035,63.5408626332883,111.670492113516
12.004,9.13725290758023,88.6043943916731
12.0045,-0.406346553565499,71.1907208478482
12.005,21.2980517940297,54.1658534049631
12.0055,38.5002417132793,35.8648488347983
12.006,39.0808705209407,17.4824402236718
12.0065,42.7178232411621,-0.859416940582991
12.007,65.0488246145624,-18.0853693616845
12.0075,91.617073037457,-32.4156005799411
12.008,98.0202317447172,-47.5353237872118
12.0085,83.4511653118992,-71.3006593249076
12.009,65.1608127467854,-103.941507214804
12.0095,44.0242492506422,-134.01484598939
12.01,1.76432986660723,-149.557434467712
12.0105,-58.4157592606668,-146.97451494597
12.011,-95.0015969872255,-127.098590588532
12.0115,-76.5122985184761,-91.1601212211582
12.012,-30.0530253038167,-44.726294430672
12.0125,-10.271947228921,1.2109066513913
12.013,-27.8373729829588,36.0749220057157
12.0135,-45.3699891120891,50.9127329194153
12.014,-45.6742703804311,35.3443325610165
12.0145,-60.4730828050564,-13.9238881077647
12.015,-111.285923493888,-77.3817617195501
12.0155,-159.454404894222,-118.059067617908
12.016,-150.833906071095,-112.554470939863
12.0165,-89.3290165285689,-71.8820171849341
12.017,-28.9083510831642,-26.2103205040539
12.0175,-2.70129090583827,5.09507725988034
12.018,4.19188303303851,23.2618967642748
12.0185,14.4234334145115,37.6447669177805
12.019,26.8782512857764,53.5834750720585
12.0195,32.5970070526926,72.7689165817117
12.02,33.6096632914834,98.9225181466128
12.0205,34.4779539898562,136.679104608413
12.021,35.1863198967659,180.884408978622
12.0215,40.176489752412,210.064816555768
12.022,55.0723206522248,202.294567155359
12.0225,68.8787144561632,164.082520674325
12.023,62.62235400839,132.434545784127
12.0235,44.4211865425066,135.054092384592
12.024,50.0109754371691,155.658600391941
12.0245,92.7465539786097,154.750224897063
12.025,137.936151056068,120.678570810783
12.0255,149.737995073368,81.7318000840067
12.026,142.326621157913,67.3095210436426
12.0265,153.422332647842,75.6175822397589
12.027,179.345423460272,84.4465353672643
12.0275,173.114467882679,77.8058032566676
12.028,109.964575066372,54.6689246855291
12.0285,23.2130749614784,23.2786838216286
12.029,-38.0757857529442,-7.32239814431423
12.0295,-64.8976480663594,-39.6706783986552
12.03,-84.8754436121404,-93.7274965856784
12.0305,-117.269313657274,-187.294226248703
12.031,-151.270125765589,-306.315329898024
12.0315,-166.171455331173,-406.488392465859
12.032,-157.170302082368,-449.285112926338
12.0325,-136.276658361641,-428.733725972291
12.033,-116.601230123315,-365.302402964878
12.0335,-104.122304799751,-287.856587065969
12.034,-103.073494004135,-219.753530108741
12.0345,-119.368343788702,-163.456640336751
12.035,-150.788953988654,-96.5634687523724
12.0355,-177.98531769846,-1.79499725632612
12.036,-177.245793158283,97.2680665636613
12.0365,-145.257548771063,152.391282717334
12.037,-101.360051496983,147.313515268395
12.0375,-61.4427124939487,115.510393562345
12.038,-22.4791515754781,95.5341086663573
12.0385,18.0558738825871,93.1953265214111
12.039,41.9087840632143,95.1561498385329
12.0395,28.8080186238703,90.7427107136297
12.04,-9.06073403493008,67.3260437179298
12.0405,-31.7704074486705,14.8686233440645
12.041,-15.4771498395393,-45.7109555887181
12.0415,22.1424940988219,-68.8769025216603
12.042,45.8178173178073,-43.9224122988515
12.0425,42.0195354121436,-19.3748833125793
12.043,28.767931846353,-37.653674337179
12.0435,32.6337469142035,-72.2386710294047
12.044,59.8514453381438,-67.8447157113883
12.0445,87.2691179808609,-21.5861892002712
12.045,84.1921417255452,20.7117179727193
12.0455,49.1211944665965,36.7449025802853
12.046,18.9310430019679,48.1330093178266
12.0465,29.0507972878504,69.7182662175123
12.047,68.2460278941009,84.6290175481114
12.0475,89.8717837852126,79.5893006612772
12.048,68.8549461863687,67.2659687901033
12.0485,29.1572801919007,60.3715884338456
12.049,9.81849922688906,54.5722970766506
12.0495,23.1229034086615,49.7298518661696
12.05,56.7853370799649,59.6016063395274
12.0505,99.1549165813785,86.2446774916314
12.051,144.482465864526,108.995402230607
12.0515,183.739101782467,111.750392843208
12.052,208.090779962408,99.6172395553806
12.0525,217.195138807711,79.9954682471697
12.053,211.183224188907,53.9489731239126
12.0535,180.640461152541,38.2297713378411
12.054,119.671691375843,65.1451335688103
12.0545,45.3000564604125,137.960703883436
12.055,-12.270951224587,209.438447239067
12.0555,-40.3739686715608,229.785196787267
12.056,-53.7532113027849,200.197287282227
12.0565,-73.6804889217012,156.645166158554
12.057,-107.947251927106,116.220481214027
12.0575,-151.098909491635,66.1551385135397
12.058,-191.50671831226,-2.16967270738331
12.0585,-214.410753137978,-74.2510892423856
12.059,-208.426877341695,-128.310368040738
12.0595,-175.557630343275,-154.273646324544
12.06,-130.603175946682,-157.861340991593
12.0605,-88.9568420671238,-156.384738265208
12.061,-59.0567017937801,-165.204379103479
12.0615,-43.8902579216236,-178.465745064491
12.062,-39.5298673584722,-172.301916267291
12.0625,-31.7630944987725,-138.993152140678
12.063,-7.12061763566789,-105.950334353204
12.0635,26.607540190484,-103.178879712157
12.064,41.6585561080472,-121.424403621905
12.0645,22.1162345938392,-123.983192080719
12.065,-12.3875960080465,-95.519191782166
12.0655,-26.9550262267901,-57.5043507684028
12.066,-13.417568530375,-35.7781279024377
12.0665,0.728501637416714,-33.8702328855542
12.067,-10.7994550066836,-41.7548890385164
12.0675,-38.3902111633912,-51.2789528098209
12.068,-49.1034504631231,-55.0629016230341
12.0685,-28.9155802903562,-45.4252240945264
12.069,1.10216305917708,-24.0966837063729
12.0695,13.6427356835961,-3.18841120698799
12.07,7.60778029655778,10.4590120138419
12.0705,1.76687216538776,23.1156151257452
12.071,4.24241075019278,40.9833888220541
12.0715,3.49716947641791,59.1643385445512
12.072,-10.2532339300952,71.2638696275846
12.0725,-28.3717396024074,81.2772611882442
12.073,-33.9541697496791,95.8636186241844
12.0735,-20.3116817740522,109.030328972135
12.074,4.79638800395986,103.735600142264
12.0745,26.8135252443022,68.9715999571667
12.075,35.1978027240064,11.6370707486874
12.0755,35.5797960559223,-46.1873430794765
12.076,50.8447020417384,-78.8567542551569
12.0765,95.8128562467352,-71.7264012904758
12.077,147.801883884983,-32.6443210164431
12.0775,160.360087484878,10.9876171839541
12.078,116.143864215752,33.3091921246416
12.0785,50.8166712707283,31.7004047067179
12.079,13.5159494724129,25.942486312526
12.0795,19.7092135014744,35.4159392870658
12.08,54.8816115844383,59.7181783648718
12.0805,101.820599768928,82.2488237125424
12.081,140.196057396444,88.4311299903425
12.0815,138.410258581494,76.1549039001377
12.082,80.8243561721339,50.8569566080841
12.0825,-2.22766355536559,18.0538729613876
12.083,-61.8377779157489,-15.8461267182939
12.0835,-84.8653731178247,-41.3195187495639
12.084,-92.8086947088447,-52.1180324843447
12.0845,-94.2406835468605,-53.2145167320183
12.085,-78.0722949996538,-55.8005633616259
12.0855,-54.9234177351671,-63.3157282537111
12.086,-58.2410526251531,-68.3505650191668
12.0865,-88.0490838081582,-65.0809679453552
12.087,-97.095221513383,-57.9011806541222
12.0875,-60.0792337470974,-53.4315268415828
12.088,-19.3568601118616,-50.125617130201
12.0885,-26.4949009415025,-42.8205872874895
12.089,-67.686754452245,-33.8620609099167
12.0895,-88.139948170018,-30.827410997908
12.09,-70.4913260160481,-32.6936324073024
12.0905,-45.5510419904131,-26.2389807338868
12.091,-36.1580848765204,-0.69357936607842
12.0915,-34.3775334102187,37.905901371564
12.092,-33.343987954864,71.5536856122263
12.0925,-41.1855678197417,88.0030938866054
12.093,-55.8204700459321,89.8380496877411
12.0935,-57.7395413093343,86.9203736393403
12.094,-36.7921409081747,85.5868973050162
12.0945,-2.26963652087887,87.5921325621051
12.095,36.7611939256979,93.441018339599
12.0955,76.4596064961004,99.6718965752017
12.096,103.518185937096,96.6659167185095
12.0965,104.608722432364,79.8714469778046
12.097,92.3120500055911,63.1200989817565
12.0975,89.9383056018295,67.133828214892
12.098,87.6771673634111,89.0710130105154
12.0985,51.783099671791,97.5414762426903
12.099,-12.9514908161583,69.819826183937
12.0995,-52.1423420479641,22.3875021356102
12.1,-35.2996930513782,-11.7862538825616
12.1005,-3.02019607155633,-26.9486294323442
12.101,-10.1595001362188,-43.8739120447553
12.1015,-50.684579700346,-69.8916514549293
12.102,-72.97360311518,-86.2768098320625
12.1025,-49.6162356781865,-81.7222604020993
12.103,0.120426608752523,-75.3803830402235
12.1035,41.6064681952457,-94.5639491036143
12.104,49.5914664084832,-145.68442678561
12.1045,17.0742533485151,-216.178429454336
12.105,-32.6110530694656,-286.121196650683
12.1055,-58.1173065943697,-325.603257712688
12.106,-49.6295046618184,-301.88876706991
12.1065,-42.7398168624144,-211.234506623121
12.107,-52.2332977037238,-92.2168473635941
12.1075,-25.8941452460047,10.8172017573656
12.108,82.091547437741,86.4455496753018
12.1085,216.220611534269,142.348820330791
12.109,269.388259822815,171.865884020189
12.1095,223.776029997211,164.251678637647
12.11,166.375590404808,138.036058211281
12.1105,150.169183020658,128.250917027189
12.111,120.578444535734,137.745517751978
12.1115,20.6239735227436,133.054846968479
12.112,-103.085866032201,97.217830524067
12.1125,-164.920282168346,56.7297564916175
12.113,-161.212123259477,39.7021788645722
12.1135,-151.384822223922,31.5571938406553
12.114,-147.931277761949,-4.66455022395799
12.1145,-108.732024178763,-76.5246674354725
12.115,-34.9205641532572,-150.565569419458
12.1155,6.45526613232498,-185.965451235068
12.116,-17.9567985039891,-165.372121274507
12.1165,-50.4123697147458,-98.9930940666648
12.117,-23.1900584474193,-13.6647214119275
12.1175,48.3759288560983,62.8806482716808
12.118,97.5894235444489,116.858569705977
12.1185,100.228814726165,148.509913594526
12.119,88.6497802048915,156.513398244605
12.1195,84.7576978218794,132.328487047444
12.12,64.7085813035842,77.9523081688967
12.1205,-1.6888184241744,19.760917713015
12.121,-104.142925510819,-8.69401930106136
12.1215,-195.426363363016,3.75529178563795
12.122,-229.151744658681,39.8975423677681
12.1225,-192.854183639084,72.4074110238461
12.123,-117.209375150037,81.3947104668571
12.1235,-52.2713079087317,62.3969921135694
12.124,-19.8238659231082,30.0490331723858
12.1245,10.7504810395309,11.1825648500288
12.125,82.1901862974874,22.3559336979202
12.1255,182.808820856906,52.5584031154936
12.126,242.138682851549,74.0808295979177
12.1265,206.637778978402,68.8090274234854
12.127,103.689843171856,38.9410417244981
12.1275,10.7476756782098,-1.96440196029586
12.128,-29.5595581698925,-38.4879878410278
12.1285,-39.6042462770253,-58.3758107429903
12.129,-54.9774595919952,-60.9563882263373
12.1295,-73.8029932863552,-60.4032897371397
12.13,-73.8996480727109,-69.4268975420396
12.1305,-57.9381982710224,-79.5789336639154
12.131,-53.2541713105742,-70.6466354045523
12.1315,-72.2365678270383,-42.8803908503117
12.132,-97.790544362738,-25.7815488946554
12.1325,-109.911913661178,-44.357240217819
12.133,-105.15972618989,-84.8292922720261
12.1335,-85.4251265115555,-106.920407676523
12.134,-50.104798760427,-89.2656377377823
12.1345,-10.3392617344483,-51.8864912455333
12.135,9.22989738334209,-30.4583722920823
12.1355,-0.783369008537671,-36.908137231379
12.136,-18.7737743715079,-52.9671888024821
12.1365,-21.3909817722505,-57.9150687477011
12.137,-14.2762423774864,-50.930379347557
12.1375,-14.5152991751521,-42.7631012476504
12.138,-16.1496313307791,-36.0366959971268
12.1385,1.11415070681635,-24.5591703960829
12.139,35.7413468332301,-7.7431545850502
12.1395,64.5306209032659,6.76573166930911
12.14,79.0473673943606,15.3805503378688
12.1405,96.1461157496695,21.8227303569326
12.141,127.365961733702,25.191268518616
12.1415,160.895369534357,17.0468608463088
12.142,181.578552202948,-2.66705154613545
12.1425,188.273506594075,-17.1426567379366
12.143,182.003381403187,-9.45987667389719
12.1435,155.659484350163,19.4444668544887
12.144,107.242438517536,57.1983592617888
12.1445,48.9917431623108,94.3858227565151
12.145,-6.12187051937729,120.86022136755
12.1455,-53.3125297077634,117.963807958719
12.146,-84.910120171707,74.1200782916333
12.1465,-88.940607392832,7.7714388677693
12.147,-69.6790324662424,-42.0595946601596
12.1475,-51.5363577919598,-52.5662900411492
12.148,-48.9927863722531,-34.0669385502609
12.1485,-49.9207002772993,-9.83391091082732
12.149,-43.0306651347687,7.24965911870286
12.1495,-41.111866054544,15.1888376111803
12.15,-55.0806458503203,15.5891891493339
12.1505,-63.5873286634033,14.7291775739556
12.151,-38.7958623604888,21.4266771450409
12.1515,7.10605449924687,34.738380035637
12.152,33.1244974505006,41.1740932996241
12.1525,25.8463146287249,31.7457938513535
12.153,14.4522984748124,14.73448483317
12.1535,24.7222937472398,4.04940722117891
12.154,46.0492862924051,2.05859080103305
12.1545,55.2416424173077,2.52101061909156
12.155,49.722900430128,3.83605002104646
12.1555,41.1574926780971,8.62592710297614
12.156,32.4938104007311,14.0453884524527
12.1565,18.7271338228174,13.637599857082
12.157,1.43611068779902,8.30502628128251
12.1575,-12.2911584775865,6.42208100544069
12.158,-21.0790811446249,12.226431467275
12.1585,-28.8803041240806,20.797206528247
12.159,-36.7533837638566,25.0727597617369
12.1595,-43.0601517850552,22.5746111549052
12.16,-48.8657964450759,15.7356772395058
12.1605,-56.7684473256229,10.7255766667264
12.161,-67.0566103012185,14.7772491500055
12.1615,-79.5383341699249,29.2602373324651
12.162,-95.1289559318993,46.6614314276351
12.1625,-110.59915217885,59.2701049274861
12.163,-115.879395409236,67.694822506271
12.1635,-103.049097386187,74.2913699131566
12.164,-76.3976733112111,72.6687428056187
12.1645,-48.1203195817403,54.1073145550904
12.165,-24.0633985124577,21.8956830797153
12.1655,1.80158622402912,-13.2079240551378
12.166,36.2045803147696,-51.2980506916599
12.1665,71.0923305603954,-101.950711103572
12.167,83.4996107081047,-160.616430125687
