time_s,EMG_ch1_uV,EMG_ch2_uV
10.861,-63.2716197388151,-84.0754349375488
10.8615,-40.723341581381,-91.8990686651244
10.862,-8.84671049421127,-90.6222657839293
10.8625,16.3172683378766,-83.6759900959731
10.863,25.9739486813451,-73.4498455468919
10.8635,27.1610338536601,-61.1662189388438
10.864,33.9409611810875,-49.8422733868334
10.8645,51.1246419018937,-42.8585811338619
10.865,69.0797367118596,-39.4234203656139
10.8655,76.0640971439529,-34.8494106306071
10.866,72.9020522225179,-26.3470771004111
10.8665,69.7278125550941,-16.6948615154922
10.867,68.2875217820586,-11.4580204240031
10.8675,56.7952009151686,-13.3409117343188
10.868,28.4348063067803,-19.065643256546
10.8685,-3.58240629222141,-21.3893526846643
10.869,-21.0395903695971,-15.4448733908411
10.8695,-26.2876163937614,-3.99315060536256
10.87,-38.5059318588153,5.12687720618078
10.8705,-64.4219296496147,7.73803543815696
10.871,-88.1192532266585,7.391075343772
10.8715,-94.8851863866524,9.41860351251353
10.872,-90.7355522191161,14.0592800084375
10.8725,-89.0741196030441,18.3669928178943
10.873,-89.9336194408527,22.0632892632842
10.8735,-84.6326684244238,27.0682851009888
10.874,-72.4515494014261,32.543320668672
10.8745,-59.2127001554629,34.8257453128243
10.875,-44.7695265550151,32.0453541004883
10.8755,-25.6722849625839,25.3047397849712
10.876,-7.49830797852547,16.1676526409428
10.8765,-1.0388469832976,7.10798294911232
10.877,-6.24076222264551,3.3374490986897
10.8775,-11.4141847954353,8.25705649126266
10.878,-8.88248250164493,16.2805360608558
10.8785,-1.21941871468498,16.3101339694234
10.879,7.63685908975688,5.23571131976086
10.8795,16.2049291393833,-6.80627048223042
10.88,20.1214426834236,-8.05159656452656
10.8805,15.0335764635497,1.94413453140042
10.881,6.77972646075891,14.3906879663512
10.8815,7.57004113856842,22.0406173601524
10.882,20.2968326798423,22.8310612550505
10.8825,37.7824937029174,15.9381058421629
10.883,57.5640929853889,1.01188940864761
10.8835,82.0887188224593,-18.3223204117088
10.884,101.994447189671,-35.0962838871453
10.8845,98.4612012238282,-44.3823892179131
10.885,71.0619111966332,-45.2831480018847
10.8855,45.7858679091796,-38.0993049717207
10.886,42.8056031664426,-23.7577909465717
10.8865,51.4008251112194,-6.44757228500067
10.887,50.8577176553736,8.01891509628744
10.8875,40.69589846269,18.5951558601752
10.888,31.7310975379759,29.5845423465411
10.8885,21.2975743562928,41.5081041340505
10.889,2.01717236308416,44.8089624799437
10.8895,-12.6193451703946,28.0983788329016
10.89,1.16876609560298,-7.16908509105347
10.8905,40.7863003137131,-44.1621341436007
10.891,75.1037311191267,-64.5240605296242
10.8915,82.6778136829308,-63.26792527176
10.892,70.6477945663225,-49.4904824984752
10.8925,51.2068293079744,-34.8351917620474
10.893,23.0993633756952,-23.6241809241033
10.8935,-12.7509207315722,-13.5437697135629
10.894,-40.8143766999523,-2.75650742616785
10.8945,-50.907376308836,6.34332686977924
10.895,-55.6298670189197,10.2761828665514
10.8955,-70.4021844001163,8.9559577204309
10.896,-86.6609523141118,5.1731080548001
10.8965,-83.028890539313,0.43318232083389
10.897,-57.472439973506,-6.3960680419651
10.8975,-31.3545228857979,-15.7210262424225
10.898,-22.6713404045375,-24.4336672275598
10.8985,-28.766306041554,-28.1453398113962
10.899,-36.1357595343086,-25.5492155594203
10.8995,-36.4419093968209,-19.1164881180279
10.9,-30.7816059356241,-11.5482205281719
10.9005,-25.5676519459914,-2.78143165559662
10.901,-26.2175816497552,8.96935950517835
10.9015,-31.5891718209039,23.7718590417069
10.902,-36.0411003549991,38.2249845395785
10.9025,-38.9572507216954,47.4216521017234
10.903,-46.1423819330598,48.7161463097337
10.9035,-56.8944731633329,43.3371608844526
10.904,-57.7539579497046,34.2208612678459
10.9045,-38.6762238519639,23.1645996583005
10.905,-10.0000114561049,11.2420724423175
10.9055,7.49484890145508,1.25346229022484
10.906,6.53727351940112,-2.77321629758996
10.9065,-2.18878430405182,0.324931754730442
10.907,-5.96474617815528,6.84769784814068
10.9075,0.433551137789843,11.8480520767979
10.908,17.6861486265445,13.9460881935943
10.9085,40.6775744152065,15.5805108457477
10.909,54.3831226830087,19.7175333229043
10.9095,45.3546387735043,27.5864358813024
10.91,21.3279386135228,38.1023451847523
10.9105,7.39090527116838,47.2736308734788
10.911,16.8709503465603,49.1472746809348
10.9115,35.6386450652882,40.2409202547384
10.912,41.1900007713604,23.5595112024226
10.9125,28.4324049429936,6.56592463412473
10.913,9.46812788036253,-4.89706669425236
10.9135,-4.60031289300791,-9.32487993678296
10.914,-12.5694625179019,-7.26370602802855
10.9145,-17.5242393606626,0.554230207089772
10.915,-20.3021532875427,12.1827732811672
10.9155,-18.6812671904675,24.2265321255542
10.916,-10.1245281146535,34.0810701769633
10.9165,3.24415773338521,41.0118473949935
10.917,12.0012249812266,44.3613843632299
10.9175,6.7468417495589,42.3939822991724
10.918,-9.98608719464341,33.8490148003042
10.9185,-24.6649099429562,19.4517999777317
10.919,-27.8794841475096,1.4255476925569
10.9195,-22.0012997805763,-17.4693926075812
10.92,-11.2212235196496,-34.8073566758387
10.9205,6.39432934344164,-50.0591015816422
10.921,29.7055946992107,-64.453036801834
10.9215,46.1401331334574,-76.9752953621002
10.922,44.2398190907666,-82.1208712613223
10.9225,30.5525432795626,-75.8772901417965
10.923,22.129767983186,-62.9598829527771
10.9235,23.3059864081131,-52.2269604293789
10.924,22.0062030658155,-44.8292573668657
10.9245,11.1268561105203,-34.8339592277231
10.925,1.50070115874771,-24.3907535098831
10.9255,6.6092366684844,-28.9366213482947
10.926,22.620249974568,-59.1655785422435
10.9265,33.096915576392,-103.385938986045
10.927,30.4006996119583,-137.152797241325
10.9275,23.416245106236,-147.825559350596
10.928,23.1084285200346,-140.831777964568
10.9285,27.5754681356249,-124.006275478616
10.929,25.8073521894741,-97.4873727081734
10.9295,13.155907127661,-61.7535283102667
10.93,-1.5986070895606,-25.2843499750862
10.9305,-4.54579971347386,2.65790310958959
10.931,10.9077737930565,21.6683698104783
10.9315,39.4348882468318,36.9774937382165
10.932,67.1094911955592,50.0903415254423
10.9325,77.878470713638,57.846841867156
10.933,62.9590740616443,59.0658440252212
10.9335,30.5177560304937,57.8435512329128
10.934,3.00627886690986,60.2737786407934
10.9345,-4.11006252231244,69.7192018119746
10.935,-1.87410180564158,84.7128958357094
10.9355,-17.3726005770248,100.691037491846
10.936,-60.4123342766879,114.582996552811
10.9365,-109.136033737136,127.03969326494
10.937,-134.331311753318,138.216620284161
10.9375,-129.274735752748,143.35317471851
10.938,-106.720458676682,137.270574672303
10.9385,-75.305346225035,122.57313217782
10.939,-34.7483814760498,107.536377510797
10.9395,7.6049242530793,95.2801861482166
10.94,33.2737402019872,81.3172060004955
10.9405,32.6832652082657,63.0858797197766
10.941,17.338270713078,44.4734985757326
10.9415,4.28043226773588,27.8532846641712
10.942,-2.64624743523149,9.4996013040692
10.9425,-7.87408888632222,-11.748961482494
10.943,-9.56669968292664,-28.2412084370057
10.9435,-2.79268750626244,-32.9338099415431
10.944,6.5180876214566,-29.8612720629558
10.9445,4.24705468285874,-28.1566659442207
10.945,-13.2963125686853,-30.3267428381697
10.9455,-33.3099378217217,-33.8968064527278
10.946,-42.6785940259942,-39.7481106882482
10.9465,-42.7490086506185,-49.3488581246281
10.947,-43.5145562684184,-57.2402133808034
10.9475,-48.7224328182398,-57.3294217960654
10.948,-52.2665308283389,-55.5767767517726
10.9485,-46.9316944339375,-64.9182373550603
10.949,-32.8069668666173,-85.8367643129482
10.9495,-18.1065961511218,-102.37403076646
10.95,-13.2513023805671,-100.923878389276
10.9505,-21.8559920718132,-84.1650978208248
10.951,-35.9388521159525,-62.6627038522831
10.9515,-42.3075195668311,-41.7386107551201
10.952,-34.5938107535634,-22.4336076282627
10.9525,-16.0624373064399,-7.58107707632781
10.953,8.97360615165228,1.09012058100182
10.9535,39.5320209533858,7.62404175248227
10.954,70.7464583326563,16.8502476887376
10.9545,90.3485132712398,27.475724937355
10.955,90.6457519407093,35.2285607472325
10.9555,79.9515496860035,39.617414532857
10.956,73.0346131996543,42.1894195955394
10.9565,71.7235195806164,41.0395726470314
10.957,64.1803379893479,33.1907736674533
10.9575,43.7800177206443,21.1685949773519
10.958,19.1374107101665,11.8942698502733
10.9585,2.36885385489133,9.23251450695699
10.959,-4.15914807768734,11.216939696735
10.9595,-5.02166099011235,13.7064310441837
10.96,-3.63816061705119,13.4215592161856
10.9605,-2.92028612157878,8.57657995924094
10.961,-6.46435916756119,-0.0707572345387662
10.9615,-10.6087962079371,-9.56137367786252
10.962,-1.32082693495182,-18.3957301420529
10.9625,29.4801876400822,-28.0460480062017
10.963,66.6112800080267,-38.8749262776953
10.9635,83.3067227802702,-48.1105088922737
10.964,73.0358760298453,-55.2344436155083
10.9645,58.589760712011,-65.0903080789315
10.965,62.9353998349264,-80.1789083172743
10.9655,79.7248904611621,-93.3838824159882
10.966,82.8061070214495,-95.3270049239188
10.9665,60.4872899804504,-87.0142563722731
10.967,27.9999536874406,-77.8239189426305
10.9675,4.37947657768431,-71.7734662489398
10.968,-11.1281576154717,-63.5764808093257
10.9685,-31.1215290719635,-48.8538892779222
10.969,-55.6542668979763,-30.2892911198836
10.9695,-69.0806416091984,-11.3978086310335
10.97,-62.8992330162296,8.50688592914198
10.9705,-49.9916350895471,29.5063610857138
10.971,-47.8246157436412,47.3130119982372
10.9715,-54.2870348015093,58.6173821696071
10.972,-51.3652369924781,65.6208426375048
10.9725,-31.2701653297055,71.3950804317927
10.973,-7.78798762869055,75.0940526756692
10.9735,0.879460756024335,75.9594240806727
10.974,-8.73416758664796,78.1565742696502
10.9745,-27.5068835098153,86.7337405540328
10.975,-46.2441585599684,101.067544587439
10.9755,-59.4133963732251,116.116945774013
10.976,-63.4713665634553,127.924270385396
10.9765,-60.3160290469722,134.542425296786
10.977,-59.0090081932686,134.064425718446
10.9775,-66.4613768636543,125.393092759452
10.978,-78.2944383946038,109.220162170241
10.9785,-84.4242673014957,85.9987882380092
10.979,-80.3276870478624,56.132320137384
10.9795,-66.9444939846213,24.6468198536061
10.98,-44.4058789634161,0.818412300961028
10.9805,-14.7440233600351,-11.6044898965809
10.981,12.2678211718639,-19.7268620769324
10.9815,25.8121427635671,-31.5329960261288
10.982,25.9069232029051,-44.4467762050502
10.9825,20.688060045213,-50.5454061234076
10.983,13.6679891960443,-49.7777474481863
10.9835,2.51376441010658,-49.4805703419615
10.984,-11.3522679426724,-52.1637040135587
10.9845,-21.87126515315,-52.852083024095
10.985,-25.9521754937673,-49.1417919733663
10.9855,-22.3633185892016,-45.0406375403288
10.986,-6.07716532926108,-42.59255199268
10.9865,23.4959517127201,-37.9638391566625
10.987,51.7008099959969,-29.4270658958356
10.9875,63.6262490994258,-21.6425979366211
10.988,70.1615031128424,-17.0303942447314
10.9885,97.745799061695,-9.28754046680006
10.989,145.87887084471,8.3563743509088
10.9895,177.452571524775,32.793566808808
10.99,165.163822355688,54.7332442778314
10.9905,128.084309697741,69.3339021563783
10.991,103.524200204446,77.5126275388467
10.9915,98.4108962589289,79.2952554186736
10.992,91.1325249038092,71.7135263561732
10.9925,70.2229308340521,52.3914399348606
10.993,45.1042541624318,21.0747327856189
10.9935,23.0565351459828,-20.888605213395
10.994,1.92780896950703,-68.6053995380847
10.9945,-12.785907632984,-113.123900146866
10.995,-8.56735990292303,-147.599207758809
10.9955,9.45702339873396,-173.013132774605
10.996,15.8389749322572,-193.896190363942
10.9965,-2.88026436376243,-210.200003901439
10.997,-30.5409774365886,-218.176817096795
10.9975,-47.4236660448149,-217.397173795907
10.998,-58.2515353239324,-210.421761748358
10.9985,-79.5487985165991,-195.815446728887
10.999,-110.613090196513,-168.808808303567
10.9995,-133.799421414034,-131.148353676484
11,-138.385174771373,-93.7248713625736
11.0005,-129.726709160078,-64.906245631241
11.001,-116.982063894866,-40.6583161875984
11.0015,-104.194223042822,-11.3531616323255
11.002,-93.4045873478351,24.6985707436093
11.0025,-85.8625324337041,60.779134687318
11.003,-77.9434792810039,93.9149269571103
11.0035,-63.4236015306421,130.028765897403
11.004,-42.4360191223826,173.041902008017
11.0045,-23.5197015698814,213.398517697362
11.005,-15.3004572669013,234.133073486587
11.0055,-19.2232331885596,228.86977565683
11.006,-30.2755623595059,208.904903878093
11.0065,-41.5258086593623,190.274913954586
11.007,-48.4868113141669,177.925972321757
11.0075,-52.1363344546415,166.31769036187
11.008,-56.4086234222385,151.699079029223
11.0085,-59.3464211950135,136.588317383292
11.009,-49.2400267637937,122.133157325097
11.0095,-15.8104718530965,103.499184426011
11.01,34.5296275173014,76.7262949245175
11.0105,80.67437305645,45.3586748136602
11.011,106.599397188698,15.1566012599383
11.0115,114.939745362542,-15.2877732288677
11.012,118.541134510548,-53.0004802276323
11.0125,123.739972942536,-98.9436199322992
11.013,127.699565825089,-141.41636303612
11.0135,128.990212884137,-163.494643638614
11.014,131.290522251082,-157.175805825285
11.0145,133.167482583761,-129.998809907047
11.015,121.836738726319,-97.5567210026312
11.0155,85.9203670962343,-69.6056222732732
11.016,32.8894230786149,-44.6738735303964
11.0165,-14.613378383595,-17.9745178110702
11.017,-41.6113863291276,9.96098540283524
11.0175,-52.7324780024536,36.1536870517112
11.018,-58.39444713637,62.0633390420013
11.0185,-57.6193187723035,89.9954570070465
11.019,-42.6567664871673,114.300967323926
11.0195,-15.8721228865886,125.048095098914
11.02,7.97458437241255,121.546599456434
11.0205,16.6159612556365,113.914256120447
11.021,10.7631561160094,109.355590876124
11.0215,-0.35561224043047,105.527117074143
11.022,-7.59166812529044,99.7875215227283
11.0225,-5.42450782879023,94.6024405266573
11.023,6.71672792757627,89.0982185608056
11.0235,24.0551813597367,76.1500858743265
11.024,40.3823063495509,55.2572468283993
11.0245,52.5177727099197,38.5530641575945
11.025,58.316312998181,35.3487064267382
11.0255,53.6865029246808,39.1528037038183
11.026,38.4875799253033,37.3751708442144
11.0265,23.4931982103648,22.2141139854428
11.027,22.3559703499941,-17.6049810543323
11.0275,35.3039345896847,-98.8511317851568
11.028,48.6575976924259,-216.579386434082
11.0285,51.9436023828448,-325.583580553992
11.029,46.8109970535656,-375.505494507393
11.0295,36.3503600574775,-363.868584988767
11.03,15.6281271923108,-331.958439650876
11.0305,-20.0860017043683,-308.627481016187
11.031,-63.8270548761506,-284.02179491052
11.0315,-100.843688611312,-243.273270412708
11.032,-121.377861974519,-196.556764734362
11.0325,-125.926115886098,-159.601165933696
11.033,-121.613147236739,-127.754678677921
11.0335,-116.275685750562,-91.6270948336836
11.034,-111.574543241887,-62.8396969615847
11.0345,-99.7598032155747,-59.3063212670466
11.035,-73.6232857076309,-72.1958361895961
11.0355,-42.1422147469526,-71.4095492625731
11.036,-26.6684088997939,-43.6192073363077
11.0365,-34.4047554133541,-4.7474599014684
11.037,-43.7485213320167,28.5772463380299
11.0375,-26.5708445190405,61.5962548864981
11.038,18.4783654442058,106.504768478331
11.0385,64.1808372951126,157.900945014925
11.039,84.3188254165741,196.285418342478
11.0395,76.8414145043287,212.372695867933
11.04,58.8614189239176,217.074892423265
11.0405,47.1957229818663,225.018802221539
11.041,45.5387270559901,235.210991519424
11.0415,45.0506172163024,234.414470278439
11.042,34.6354907743939,217.354386142261
11.0425,11.6350535986089,194.661718040062
11.043,-18.003365417766,177.02642189724
11.0435,-48.9788302683532,159.786981629192
11.044,-79.9724551116227,132.148782357492
11.0445,-105.79909858327,96.1066756746608
11.045,-114.962977484572,64.1419382293198
11.0455,-102.223264492825,40.4152521169598
11.046,-77.4634654112037,17.6525799111505
11.0465,-54.1744025922944,-7.03123701182454
11.047,-34.5603977235932,-27.4794228300707
11.0475,-14.3719456853693,-41.7672059671368
11.048,4.04050736882579,-54.4406762926141
11.0485,15.2144870725652,-60.7182467848351
11.049,22.6708880901927,-45.6580324941313
11.0495,34.3343956468536,-8.62510010806478
11.05,48.0680805651944,27.0219661983147
11.0505,55.431768085299,41.2349133984861
11.051,58.939704853458,40.9235624685265
11.0515,70.2995544045027,42.7368621321953
11.052,89.5184454177788,45.6600019004817
11.0525,101.565622757051,38.5509117441967
11.053,99.1075327297933,24.8238037522597
11.0535,93.4863270393654,18.8026679115047
11.054,94.7599468449813,21.641506459968
11.0545,94.3663974509472,20.2135367301761
11.055,78.8747618906899,9.64217980187103
11.0555,50.479880077773,0.516379436341343
11.056,21.4485871548087,2.34476528678842
11.0565,-4.06807551821223,13.0733805899342
11.057,-30.0557264173628,25.9431692488791
11.0575,-55.9981006644022,35.759525735203
11.058,-76.7644961845922,39.3863539707587
11.0585,-92.1274055496313,40.4301541842383
11.059,-105.599531330083,49.5092222538707
11.0595,-116.400175811561,66.8558559857269
11.06,-122.193044827651,69.4531828116593
11.0605,-125.622617418778,32.9830524617976
11.061,-126.650121118792,-34.09370356275
11.0615,-112.964474099139,-95.5549443880291
11.062,-73.7492525902182,-127.93164087912
11.0625,-22.3674808006677,-139.944619465428
11.063,12.3665362562979,-150.181329841672
11.0635,22.7167280025929,-163.458214327758
11.064,33.7489098221979,-174.38712508458
11.0645,68.7406350974645,-177.803454907793
11.065,115.621134852083,-168.215243612768
11.0655,141.431704473401,-142.150574321803
11.066,133.055343761336,-107.210711091948
11.0665,109.213814856457,-76.3982078795793
11.067,92.971482749064,-49.1802587389075
11.0675,83.8678978024721,-12.7004437417332
11.068,61.3542079447345,33.1753458781146
11.0685,12.2520873705119,68.6680754307889
11.069,-46.2733205825625,80.186411428836
11.0695,-72.5704930357012,78.0468767372848
11.07,-37.7801996893334,78.4981702134064
11.0705,37.734154083184,82.8905458457537
11.071,95.445478251702,84.7084296757516
11.0715,97.9543427281506,80.6624391262162
11.072,70.205437528042,60.8082777602444
11.0725,66.4005451505822,3.6173344873102
11.073,100.960738039389,-99.5145461543781
11.0735,133.999502842022,-223.549177735844
11.074,128.188225520501,-329.951988096267
11.0745,95.3993398683485,-399.733145844238
11.075,72.0543490435008,-432.758642316331
11.0755,67.9146303055768,-427.610546237918
11.076,63.6557198866664,-384.845912683745
11.0765,49.7895618033912,-323.463705401798
11.077,39.409054386173,-269.623887793035
11.0775,38.4613381666907,-228.466003853502
11.078,27.8920942751158,-186.228057235431
11.0785,-10.8722657246389,-138.627458651097
11.079,-67.3304493375791,-95.0105590737254
11.0795,-114.104075438852,-53.4029132462673
11.08,-140.061972585421,3.26111866446308
11.0805,-156.838584883602,77.8564070705626
11.081,-175.346968430472,148.645727185323
11.0815,-190.01243369208,200.41858915821
11.082,-190.237128829891,246.119439526136
11.0825,-178.795560899779,301.718578037341
11.083,-171.848286845327,357.283185870024
11.0835,-181.434221943499,393.877382205188
11.084,-200.997892737198,416.689439904201
11.0845,-210.446502748512,446.77491599905
11.085,-196.973164945065,484.664028085397
11.0855,-169.354218113279,506.498757480105
11.086,-147.966792336202,497.990249187428
11.0865,-141.530541319279,469.953315052906
11.087,-139.479435541503,434.114004675163
11.0875,-127.737621427998,385.270480967305
11.088,-104.212219307915,320.704113333939
11.0885,-75.4931835330369,259.913585378201
11.089,-46.6277952639283,225.605954249484
11.0895,-20.8175172702901,213.823796091008
11.09,-2.88418101563285,202.259342096281
11.0905,5.13596434482798,184.163111276059
11.091,8.37685644871056,173.665901657779
11.0915,12.6765892681703,176.447809304136
11.092,17.5923281219499,177.531809808324
11.0925,21.954253706398,168.980900702296
11.093,31.0697498351887,171.260756573187
11.0935,50.0964456328465,206.565899986196
11.094,74.5634720465267,255.98689206182
11.0945,97.1148775162793,261.124215664321
11.095,121.543480946581,172.787646695437
11.0955,161.399703082157,-7.20305648548585
11.096,225.544248469145,-227.629968418917
11.0965,310.449972684728,-420.402820061211
11.097,401.758141569127,-537.982857604529
11.0975,476.383016071518,-580.751072909257
11.098,511.380066879531,-597.941315938815
11.0985,503.223770322387,-650.136996257971
11.099,472.453741531014,-757.495653500685
11.0995,436.745222253335,-884.394594006851
11.1,388.09537308905,-976.714988988648
11.1005,314.15958151239,-1008.83191871809
11.101,231.844196514406,-992.92739131307
11.1015,171.469280733585,-953.979179259129
11.102,129.574078873188,-906.009060499169
11.1025,70.1173181330689,-847.457855079368
11.103,-19.894443174744,-768.256352667589
11.1035,-108.957839990603,-659.765583490295
11.104,-171.056410359132,-522.849022800515
11.1045,-224.59290807032,-366.362461632144
11.105,-293.885748372365,-195.741864157473
11.1055,-357.094308260159,-7.74271686892346
11.106,-369.811287964854,197.616014642522
11.1065,-330.502146159294,403.58710261684
11.107,-287.289860917696,584.061880581046
11.1075,-279.381565601663,725.951312865653
11.108,-300.145547363654,839.043761542868
11.1085,-321.33987469413,942.13729826805
11.109,-327.827709798229,1042.48797926008
11.1095,-320.103340135458,1128.01817806574
11.11,-303.069979565078,1173.96315641003
11.1105,-283.401862982748,1155.79755128449
11.111,-265.728405668861,1063.05145388701
11.1115,-244.920300844125,909.489976550804
11.112,-212.385999745528,731.317713955431
11.1125,-172.415958010175,568.199486637301
11.113,-139.982485458548,437.016255245373
11.1135,-119.869487269076,322.181563366779
11.114,-100.914377538753,197.561634218286
11.1145,-74.0752934705869,61.8843406360701
11.115,-43.3825545582066,-52.4322387432328
11.1155,-15.1891636837313,-111.081792288018
11.116,10.9215407806913,-114.146122153653
11.1165,35.6606618710917,-94.6871120071327
11.117,55.4618759881373,-88.2553963335583
11.1175,69.2821015106061,-115.430464844551
11.118,81.0518018326064,-187.199290128378
11.1185,92.2943603404595,-303.605533138844
11.119,100.870473090282,-438.310032198322
11.1195,108.407602051866,-543.330825222173
11.12,119.978658112114,-587.340343578844
11.1205,136.601259626074,-583.997836590678
11.121,157.777776747925,-571.041409920853
11.1215,188.611308397091,-567.087631705504
11.122,230.719802805149,-559.813344290962
11.1225,268.352961470692,-529.900483105633
11.123,280.573826343986,-471.18340345282
11.1235,268.120303876289,-387.34756778257
11.124,251.821142982217,-282.171049069432
11.1245,244.117968952354,-159.00100714255
11.125,240.173971916264,-26.0592397153363
11.1255,236.207660439857,99.2388863443671
11.126,232.989695387177,192.14749264812
11.1265,218.949751503425,234.792659347655
11.127,178.584493429543,233.272071293714
11.1275,127.089845174952,210.365182698795
11.128,106.209234895912,172.016184955254
11.1285,126.93836364914,93.5829205299687
11.129,142.878408643764,-42.0902532211405
11.1295,105.954707204553,-199.583266621006
11.13,28.9865432088035,-307.942896492484
11.1305,-34.7232986813381,-328.049684676787
11.131,-59.5130013335447,-285.496516424929
11.1315,-65.6371468258096,-229.978064595279
11.132,-78.7049841283057,-179.51372105329
11.1325,-102.634877013042,-117.315537634574
11.133,-133.434505976698,-30.3931731014123
11.1335,-171.56156732103,67.8878341707246
11.134,-211.524277461934,152.708489715688
11.1345,-238.108299963876,211.037138529052
11.135,-243.969431571762,243.996356663058
11.1355,-241.483375895275,252.347585224952
11.136,-249.709338552735,229.119151062935
11.1365,-273.500809333657,172.765250289406
11.137,-297.742740457688,105.677418076584
11.1375,-300.431438654795,68.2044529101243
11.138,-273.249843813942,84.3182232937183
11.1385,-229.411965560357,137.284416541338
11.139,-185.082309204822,189.354767205502
11.1395,-134.85370280535,222.644007859182
11.14,-60.2024298411159,248.80591050331
11.1405,34.6732918816928,280.686574811934
11.141,114.507970578729,311.637759309811
11.1415,151.025223241649,328.502847964314
11.142,153.433450759923,330.343998136061
11.1425,150.545215183718,324.115038733564
11.143,160.15632548676,311.742796573017
11.1435,187.034183418713,291.798082538308
11.144,227.84585037299,265.68147302726
11.1445,260.100101901696,230.149005772233
11.145,250.679056184797,169.380953232432
11.1455,200.638483454032,69.383764330134
11.146,159.586982577464,-57.3007935830612
11.1465,165.882666129234,-171.093583652324
11.147,192.661047646175,-235.530029045461
11.1475,186.803299065016,-246.242292948016
11.148,141.598481668086,-229.288558502454
11.1485,90.2199703704673,-213.885129616152
11.149,44.5330602402534,-209.020140191116
11.1495,-9.91107073786284,-205.408517889068
11.15,-67.2610135739541,-194.53864160702
11.1505,-104.993799838841,-177.371719811806
11.151,-134.94649341598,-153.054025587856
11.1515,-193.902008093914,-112.352963532883
11.152,-272.885912526219,-55.5966764075095
11.1525,-312.741631780618,-7.62514739820654
11.153,-290.589717279182,8.57196626432949
11.1535,-256.864282807227,13.4003960318448
11.154,-257.985650258046,55.8900735797233
11.1545,-272.857060828386,140.713834957659
11.155,-262.532903219496,196.240429728871
11.1555,-236.480196669214,148.26489034888
11.156,-223.840211393775,15.131270850217
11.1565,-215.941572518628,-106.899444747185
11.157,-187.353176323079,-155.514986473868
11.1575,-146.781321350838,-163.83470557684
11.158,-117.987237155949,-197.23723758057
11.1585,-92.8908016661002,-264.987414446895
11.159,-53.7658111804626,-324.867257286413
11.1595,-22.390736822194,-350.330576023835
11.16,-32.0958396420824,-351.151870956626
11.1605,-62.5845630499653,-335.808180609257
11.161,-59.1023037758397,-297.360038799404
11.1615,-12.7618813037942,-243.518167432191
11.162,34.3508365623058,-201.724338814438
11.1625,67.0495654337793,-179.740710234806
11.163,123.103233801855,-157.000730783464
11.1635,227.784774095812,-133.261127741479
11.164,352.352748081495,-143.647595927792
11.1645,455.418750680308,-191.526367345302
11.165,520.775593783907,-208.716661974389
11.1655,537.11778139286,-138.821380004184
11.166,489.845658918957,-31.822852550652
11.1665,401.742817989068,16.940619017318
11.167,337.673891771109,13.1836524677151
11.1675,330.897439520442,63.586891509227
11.168,335.827665389406,209.157074200909
11.1685,288.569703104602,344.999100699764
11.169,186.274492759996,360.105987616951
11.1695,72.8539506872378,288.84409795567
11.17,-23.6151411969005,249.193059608425
11.1705,-97.3339106062202,277.784211643868
11.171,-134.447025114399,314.488384993488
11.1715,-127.135969609024,326.82075047843
11.172,-106.653594344962,349.781898360607
11.1725,-114.001442540386,389.425044541714
11.173,-140.189050602054,376.051915008933
11.1735,-138.688961574206,256.991304510384
11.174,-96.6462625500925,79.5337824617028
11.1745,-49.7695034154329,-62.2632800835174
11.175,-22.5849472313198,-126.690324186172
11.1755,-0.637342239823927,-136.759055739071
11.176,24.0775724901506,-129.432971199907
11.1765,25.4445097835141,-130.762875498161
11.177,-12.7558169307561,-156.061580860747
11.1775,-60.9053332881073,-196.291269097117
11.178,-84.1651112944771,-215.158948090807
11.1785,-93.8981602028183,-184.503678355799
11.179,-123.897586787346,-112.235959977866
11.1795,-171.182001251921,-22.1685866157144
11.18,-196.618563792438,73.0365932840628
11.1805,-180.96030445888,164.826948309292
11.181,-149.717241805796,242.047259782469
11.1815,-137.637030675998,311.035452845884
11.182,-149.969092882513,395.781936704628
11.1825,-165.157198035174,497.595108060546
11.183,-160.517893564507,583.557497821543
11.1835,-129.038598490124,635.905298049239
11.184,-81.6145738718842,675.068910865891
11.1845,-38.6813897746795,702.382082378609
11.185,-14.1798004742221,663.292589606787
11.1855,-5.42498402393932,520.991797108524
11.186,-1.55817658887735,338.401266228193
11.1865,1.50630085848594,223.564757616529
11.187,1.05152809048963,199.152433879315
11.1875,-1.08832358299412,179.585709361069
11.188,3.81637304011548,79.985587954043
11.1885,22.2667759397568,-94.7301142549536
11.189,52.9417001397706,-267.513228260621
11.1895,89.2195561244882,-354.307416007186
11.19,122.306722689,-318.071175770343
11.1905,144.037382677665,-208.394874706652
11.191,152.009153404131,-148.63461850027
11.1915,150.675942984516,-231.68025421169
11.192,144.421918478903,-420.208469304507
11.1925,133.211338522533,-599.150204309511
11.193,117.168658842912,-731.446765998891
11.1935,98.1536511376766,-896.626141847625
11.194,73.1649987214384,-1150.11267216811
11.1945,36.7944233126269,-1410.58884563798
11.195,-2.5675333156087,-1539.56973343316
11.1955,-22.2171069751412,-1491.88194777314
11.196,-15.2348197271975,-1333.56950703391
11.1965,-10.8805977587158,-1139.07066694669
11.197,-45.1213124075922,-929.753560680708
11.1975,-113.971115301446,-705.976948226775
11.198,-175.570491563414,-484.693085742058
11.1985,-199.963390131624,-289.027668435107
11.199,-198.587633492419,-127.443583030674
11.1995,-199.281817965754,6.04135519499568
11.2,-208.560414092982,123.68571107571
11.2005,-208.829354165272,235.31907493387
11.201,-183.579868511882,336.652729920297
11.2015,-136.802047535618,412.574136091747
11.202,-92.505362274265,461.730751542215
11.2025,-78.9929300157956,504.795318220947
11.203,-107.195749653755,556.440639775193
11.2035,-159.947720748661,608.302025469471
11.204,-206.132219506081,657.872344727988
11.2045,-226.779857810784,730.714931606317
11.205,-224.947268677814,842.741552856686
11.2055,-214.652174702238,956.648977066426
11.206,-207.963769522966,1013.98980218969
11.2065,-208.404843706808,1005.89359609134
11.207,-205.604706623957,975.881751499786
11.2075,-178.797442774496,951.619312220159
11.208,-117.369163897945,910.446225228214
11.2085,-35.691176214677,822.29572841805
11.209,44.6991838165666,694.352666593096
11.2095,123.644434531755,556.207042195474
11.21,216.952254341271,425.595429443291
11.2105,324.772117447908,308.856715290309
11.211,423.795005059454,217.242302256762
11.2115,491.524660927034,159.872456650079
11.212,521.622528291788,127.660044781749
11.2125,518.524614921774,101.696533685909
11.213,499.5827493624,75.3096528500386
11.2135,499.557250283299,56.3607838581778
11.214,541.566468078895,50.1277560110808
11.2145,598.531269545962,49.8143155469916
11.215,616.317155801452,43.226619831427
11.2155,583.772531016832,20.4876333018524
11.216,541.503767603231,-26.6648864331585
11.2165,505.636001458202,-106.973498212545
11.217,430.338577341949,-223.695047716756
11.2175,283.012503983355,-361.898130381073
11.218,117.367936808769,-483.567253639087
11.2185,19.2916257150181,-546.317697658453
11.219,1.34824419917867,-538.454177494416
11.2195,2.69842966769289,-495.191209430895
11.22,-21.8888772336063,-471.470119944883
11.2205,-70.8491253152485,-495.352523170631
11.221,-145.860826445902,-550.989507662334
11.2215,-263.554082040573,-605.056061877029
11.222,-399.762261989187,-640.936494790635
11.2225,-483.45328561682,-662.743618059999
11.223,-481.335402808733,-672.125735409874
11.2235,-444.707347277646,-652.570548449382
11.224,-435.822807801522,-585.587544758534
11.2245,-445.521561742606,-482.335383824989
11.225,-426.197959720668,-386.771051983704
11.2255,-375.22815246843,-333.45054633323
11.226,-333.467642091825,-305.040049361481
11.2265,-316.167845159649,-247.761439157901
11.227,-298.44591936766,-131.93674270259
11.2275,-269.09642914395,18.4554234151468
11.228,-250.405787004763,160.419157048603
11.2285,-253.023207652021,273.795806894754
11.229,-252.291363159585,352.858709133091
11.2295,-229.711586016423,375.401188558634
11.23,-205.365798173074,309.84206565476
11.2305,-201.969381783664,156.194420261511
11.231,-198.881055497454,-35.2484611298158
11.2315,-153.879846777311,-190.881527735202
11.232,-63.1212357663594,-257.981840542475
11.2325,28.392944227544,-232.962579672725
11.233,77.5733331106452,-157.659272182277
11.2335,83.3169789261897,-82.0616393927066
11.234,72.3024344068027,-22.1062336746863
11.2345,66.1030168776062,39.9359252090954
11.235,74.3954107985913,112.998351887382
11.2355,103.737876052623,176.734029293912
11.236,150.825790902235,214.678417587398
11.2365,190.256250206456,242.876495989901
11.237,191.284694500285,283.274356256316
11.2375,156.358218727291,330.3127636334
11.238,129.22185717177,371.668593758301
11.2385,150.632072524551,421.18718269368
11.239,211.404652724124,494.080398524245
11.2395,261.823309715783,562.757634564544
11.24,265.090428720595,578.359404302493
11.2405,228.875688713825,532.019106983196
11.241,183.710626400995,459.181826247611
11.2415,144.645715710356,391.493823127145
11.242,103.010623308808,345.426577381916
11.2425,49.0325484030307,346.786822540345
11.243,-8.34509168990708,406.10462055545
11.2435,-47.8919307753367,461.743624932928
11.244,-60.5260126249778,409.394203688751
11.2445,-62.3858969734424,215.898781054724
11.245,-76.6094767385819,-42.6582662456267
11.2455,-102.591877334471,-281.09648717667
11.246,-115.554970533487,-493.759472153488
11.2465,-102.502553910701,-709.937539669821
11.247,-83.1778485853362,-911.513737916786
11.2475,-80.5330196034293,-1047.36038683883
11.248,-84.7660709585706,-1098.38589162063
11.2485,-70.5716282237453,-1075.86190074449
11.249,-41.1356296001268,-975.163555832535
11.2495,-24.0829944684578,-783.233814615153
11.25,-24.1537600149148,-524.802764028808
11.2505,-14.711737163111,-256.565481316278
11.251,13.0716079028127,-14.3691305089989
11.2515,25.5882787413591,202.355083585823
11.252,-8.56149721841171,397.82695819519
11.2525,-75.1244417425356,563.048889745974
11.253,-138.084403315995,691.291646872813
11.2535,-185.129407845881,785.814019284373
11.254,-224.653279913191,852.03077522378
11.2545,-256.758405617211,896.658540584354
11.255,-274.33822515643,927.255106746696
11.2555,-275.932153814932,943.269364689147
11.256,-247.869174268566,944.936425424644
11.2565,-150.650548647051,956.022728736007
11.257,37.6062247411508,999.223481752903
11.2575,269.245495438725,1028.95279711805
11.258,456.067096310039,937.567212761967
11.2585,553.096345192041,673.52006537393
11.259,583.61205730968,319.575057490842
11.2595,583.101183658582,10.41301478146
11.26,557.393772861494,-191.361294654744
11.2605,505.284762229941,-295.071268441912
11.261,444.643021583663,-318.832569640026
11.2615,394.041623635704,-308.933510334743
11.262,350.501905395095,-375.570185199056
11.2625,300.882405674806,-593.904868189333
11.263,236.723847692949,-873.974524515734
11.2635,149.807680861748,-1040.22500535371
11.264,39.0709398954322,-1060.42693076491
11.2645,-65.8089765868418,-1092.34629851061
11.265,-116.116346543452,-1265.55415971159
11.2655,-98.5358630585558,-1511.93354150889
11.266,-54.4874742219406,-1666.92342555675
11.2665,-27.0176466691776,-1657.08410710186
11.267,-13.9824404431165,-1521.56471832868
11.2675,4.1637338628174,-1316.27895429681
11.268,18.514617261971,-1076.43857128067
11.2685,6.45337610299301,-833.427302208891
11.269,-28.9016219723101,-596.325230350706
11.2695,-71.3263460735682,-337.374009582581
11.27,-129.363137765483,-46.9449533491893
11.2705,-220.473534282794,221.839130513852
11.271,-322.514919490465,408.287196675822
11.2715,-383.763166556525,516.749518112554
11.272,-388.61492659157,593.041250040112
11.2725,-377.401716932074,659.908846254864
11.273,-388.250184411986,718.694883358607
11.2735,-410.627606518399,782.92162425402
11.274,-414.521006709251,865.189665282309
11.2745,-398.813280272857,958.130374378912
11.275,-384.492841048441,1062.16180525583
11.2755,-374.371019659949,1188.295265882
11.276,-346.961170311991,1291.33220067118
11.2765,-290.092448938376,1257.70923433113
11.277,-221.883204554266,1029.95671665592
11.2775,-172.168207480311,705.263056937402
11.278,-151.816027781813,440.815987190765
11.2785,-146.206772271393,293.368659523217
11.279,-135.232029440437,218.166176843972
11.2795,-112.076842036988,181.527028861459
11.28,-78.5430068140387,181.977037593457
11.2805,-29.2768706569621,186.403971270584
11.281,44.3960182018822,147.619328570157
11.2815,132.019339535409,83.4780659406964
11.282,202.339004633229,47.9426087515486
11.2825,236.390276273495,22.2596114474147
11.283,249.160130377317,-72.1441232589886
11.2835,262.557782894509,-239.269033406813
11.284,270.00174166171,-375.413030846019
11.2845,252.002554675226,-392.632956413137
11.285,220.398863543989,-297.523429095772
11.2855,217.101368950658,-131.013395334881
11.286,261.34336833595,78.3417204259175
11.2865,319.75550028447,263.501982811724
11.287,339.479010374959,309.409983492353
11.2875,297.486068898703,162.045287886648
11.288,211.981005008208,-95.757331876614
11.2885,121.312994568922,-321.148468490997
11.289,59.0990672243171,-431.015454497722
11.2895,34.2936745455974,-428.837601555876
11.29,24.5233589985605,-369.91475591656
11.2905,-1.42075581241518,-332.210192858983
11.291,-48.0508790558459,-372.610717546505
11.2915,-90.0849224049273,-478.472927317196
11.292,-107.28457212199,-595.03386417791
11.2925,-105.401109606474,-705.060552822495
11.293,-93.8146017957626,-824.949391115784
11.2935,-59.7859411014616,-920.646048236845
11.294,17.2087629438991,-911.656699682086
11.2945,130.615313661346,-784.284607584189
11.295,238.186932155759,-617.793184089413
11.2955,288.782558767045,-463.056397714445
11.296,258.999187894914,-281.323119381876
11.2965,173.410752698654,-49.1145817102129
11.297,89.7655526366817,166.609044718068
11.2975,50.8395921255184,302.983110986839
11.298,47.34246814348,392.271311923032
11.2985,40.1029193990899,490.078520386391
11.299,14.8009399012163,587.849991088179
11.2995,-10.6558245193386,668.963807634275
11.3,-34.5615624633957,773.866264051404
11.3005,-87.7761844182802,924.290957903361
11.301,-177.558738425262,1055.24373834949
11.3015,-247.480536358787,1114.3835515059
11.302,-233.745529249739,1156.45413404284
11.3025,-148.230226353405,1234.40040801774
11.303,-67.4544645821978,1269.47249309592
11.3035,-43.8182529375525,1159.15966931683
11.304,-63.9981677090299,961.839356816514
11.3045,-94.846807725874,834.147059985623
11.305,-129.218060231112,815.681718210577
11.3055,-170.467602894233,813.140350954712
11.306,-203.160349639336,773.532134170875
11.3065,-204.164697568996,727.396048505149
11.307,-168.999179314477,674.405507142414
11.3075,-111.675504159279,582.032005629582
11.308,-50.3265298712145,492.081717335362
11.3085,-2.70298635705662,445.605560483819
11.309,21.4657650128847,274.477072019992
11.3095,37.7147367883074,-322.277481789839
11.31,78.7311016685458,-1383.12345598231
11.3105,148.656497939713,-2517.77933109574
11.311,199.06462998463,-3266.10369016418
11.3115,177.538418858556,-3519.06189590152
11.312,98.5920141220558,-3475.88371361123
11.3125,41.9261418952187,-3308.7250727118
11.313,71.3856055930023,-3036.22280649338
11.3135,168.423744938981,-2660.5407071003
11.314,252.677353925199,-2243.50821445385
11.3145,259.783920592378,-1829.73295022344
11.315,193.74083598023,-1417.23991355402
11.3155,110.241729928559,-1028.48345229707
11.316,57.4290609416913,-718.666900066316
11.3165,35.5913377125644,-490.083279029438
11.317,13.9047502277076,-271.814197936245
11.3175,-20.6921207368211,-9.68343142275148
11.318,-46.2566632402596,278.372320430005
11.3185,-42.9844894072329,555.158458822995
11.319,-30.3885584440902,824.467071002726
11.3195,-47.5002219325838,1115.389397195
11.32,-103.330918186893,1435.50122981417
11.3205,-170.321636820737,1756.14280052716
11.321,-226.147517482746,2031.73375981534
11.3215,-274.963039209649,2233.72662330886
11.322,-318.607136064064,2373.40283086282
11.3225,-334.590003121032,2477.31595867929
11.323,-304.293895885672,2533.67033441206
11.3235,-244.502806029783,2493.07963290973
11.324,-185.022676095479,2337.23526055644
11.3245,-126.44640595241,2107.02515112889
11.325,-49.3633253292716,1836.99836306675
11.3255,38.02441336683,1507.45357850643
11.326,93.0216081432829,1101.7572283768
11.3265,88.2069083978003,668.985349638451
11.327,45.8861157219684,278.266220144993
11.3275,12.6239236858015,-56.0711099957393
11.328,16.2580152000623,-350.007942223343
11.3285,54.4474503518739,-579.955865230702
11.329,104.015927798187,-698.647782064517
11.3295,129.609599469615,-706.512935033229
11.33,105.440009199342,-654.419792634681
11.3305,48.9858869604145,-586.287831910248
11.331,18.0473042899799,-523.044383296838
11.3315,52.2325921252879,-484.66245982374
11.332,126.108015714636,-477.173450515319
11.3325,178.683738255669,-470.100108150269
11.333,179.060175596438,-432.240316372679
11.3335,142.988749106404,-375.472703265371
11.334,97.0050552135652,-321.314968767025
11.3345,55.1787267482295,-247.372617170424
11.335,27.1504597181272,-117.634850983017
11.3355,17.9620318445893,53.2213586260153
11.336,14.1024875386996,214.615176681489
11.3365,-5.59571259858795,337.831546497261
11.337,-38.8449444355635,413.966688821091
11.3375,-62.4596491013171,428.998333868376
11.338,-71.2798751476123,396.743774463597
11.3385,-87.5348243841624,373.607001587066
11.339,-119.738182532374,367.011637522016
11.3395,-139.384855206149,273.309798132061
11.34,-118.629263121317,2.12852639628531
11.3405,-70.2012888536184,-370.995638712427
11.341,-26.4177095052035,-685.43861063503
11.3415,6.14871842173105,-904.164471370574
11.342,45.6378050101476,-1115.37136529704
11.3425,97.7735750044686,-1339.5734361983
11.343,145.115230662829,-1492.54020745738
11.3435,171.141423267792,-1569.06780484858
11.344,174.255191504122,-1697.85424442626
11.3445,157.658636907726,-1931.44905274609
11.345,122.849151951103,-2119.72772111229
11.3455,75.3555304454782,-2102.1591045298
11.346,24.6544752968672,-1919.10187765269
11.3465,-21.4668317357939,-1712.25861550465
11.347,-53.9781743783255,-1503.09640607078
11.3475,-62.0055360193544,-1208.54696136896
11.348,-49.4956028578401,-822.503375498635
11.3485,-43.0763074235092,-437.687935358593
11.349,-61.6619748724474,-101.228376266379
11.3495,-83.0203795304383,227.395244372809
11.35,-65.5357559195303,570.192423062423
11.3505,-3.61356155342665,888.139366398424
11.351,64.584264342757,1157.1814488548
11.3515,108.826674799377,1395.51018386116
11.352,137.500418854335,1599.41786142018
11.3525,165.2602785477,1733.13261716448
11.353,179.824211044535,1797.10429075394
11.3535,164.840120519207,1826.26348431606
11.354,135.187209343301,1801.94594879337
11.3545,120.02491163794,1649.36744315609
11.355,119.67458194785,1358.23988414502
11.3555,106.461154247311,1033.61406374981
11.356,65.9452077623714,782.860808089669
11.3565,13.1535999446935,612.039373928534
11.357,-33.8579130550627,479.196557499281
11.3575,-75.0245383925954,389.485114146263
11.358,-117.697832430515,369.641424595617
11.3585,-162.682643100225,382.161929244629
11.359,-206.550530331657,337.725168520943
11.3595,-242.364255623361,194.391644458984
11.36,-253.295127071025,-1.61460847085069
11.3605,-223.581294376756,-177.220673435279
11.361,-165.461891489842,-296.877997673511
11.3615,-118.750725670383,-357.436344665846
11.362,-109.980522235316,-353.849006383115
11.3625,-124.854831641854,-279.828619715837
11.363,-136.127451034446,-158.647226540138
11.3635,-145.894039534815,-50.3742925849442
11.364,-177.579670977779,-10.3418761830195
11.3645,-229.577845952679,-39.6396116229772
11.365,-260.963114541406,-88.8331129421194
11.3655,-232.767480062235,-112.844838455389
11.366,-151.569271671661,-105.245467641585
11.3665,-63.7377281271317,-72.7489599221604
11.367,-11.2375191662324,-5.00373332081651
11.3675,4.717172240161,103.253547243625
11.368,22.1857466511301,219.839440197321
11.3685,81.202155418483,301.817993124804
11.369,179.939763099159,349.097979024926
11.3695,266.977342025443,398.509516367383
11.37,285.789754949955,466.159675719241
11.3705,229.710209362185,527.850449066481
11.371,147.263529252622,558.535915725531
11.3715,94.7129162689493,559.866768051096
11.372,92.0654758897495,543.402703089076
11.3725,121.828466994047,514.655865155719
11.373,153.163277223828,477.166487167492
11.3735,160.962122920337,420.980307073567
11.374,134.954615097006,300.357617781178
11.3745,80.7138650329816,57.1609042698549
11.375,8.55248354595905,-316.331311685767
11.3755,-75.9617802878555,-759.779474162252
11.376,-158.310840311874,-1198.00827453665
11.3765,-198.997478642209,-1584.61697807587
11.377,-161.85128655093,-1884.80088543855
11.3775,-68.7085646153741,-2055.21572529884
11.378,4.52601858524791,-2074.69476706399
11.3785,9.84866818728701,-1977.92952543974
11.379,-17.379594522861,-1828.57550986919
11.3795,-12.1846750224235,-1661.50638704241
11.38,31.3356057303253,-1467.42313167027
11.3805,61.3014987357397,-1229.46502712064
11.381,45.8147928748368,-960.527112646372
11.3815,7.41901589433659,-701.818617731521
11.382,-20.0307600882542,-485.596107877367
11.3825,-27.7869324657767,-298.34471896311
11.383,-15.7901012746171,-91.2387657599003
11.3835,22.7510588226355,160.167889789966
11.384,81.7180720259741,419.593854650758
11.3845,134.828957773345,635.498211075099
11.385,166.887765635901,807.252684630966
11.3855,190.231492456479,966.732919984511
11.386,214.513882183103,1100.16891043512
11.3865,223.642664190034,1142.20952294521
11.387,201.031734610627,1066.30206313658
11.3875,156.658982967846,935.512550785822
11.388,111.347534439642,833.744428832832
11.3885,75.9820025815507,781.884512165729
11.389,63.7506392680211,754.117969089798
11.3895,94.9224000750408,741.723500974198
11.39,161.446745176084,752.423862124011
11.3905,210.58016575731,763.02523530126
11.391,197.941176868966,722.576962612388
11.3915,140.394622848471,608.439567903774
11.392,82.608194428734,449.522561722573
11.3925,28.2725615042566,291.190121163461
11.393,-53.006910511011,161.880697479165
11.3935,-158.953564223961,76.1904513334903
11.394,-242.172978127805,44.9228046085205
11.3945,-271.169450277127,69.1929540323372
11.395,-265.821319316356,134.728199468059
11.3955,-262.125124097792,219.680308464384
11.396,-273.67695513699,307.793289384142
11.3965,-297.186572604789,398.460844577871
11.397,-324.323939377561,506.508104313394
11.3975,-336.126977571298,642.291725813936
11.398,-315.066139630166,786.048130282342
11.3985,-275.96836481312,892.927409374188
11.399,-258.03940301352,931.06293063858
11.3995,-273.695398017366,905.057476654169
11.4,-292.328011258078,838.332497021914
11.4005,-286.447710183678,746.49603070841
11.401,-262.958426962622,629.303550252119
11.4015,-233.073058750986,466.153127394621
11.402,-184.731514301492,216.463098382277
11.4025,-108.236676095745,-140.62667553197
11.403,-19.8427110704248,-549.807620992148
11.4035,65.1585233918998,-897.550088525111
11.404,153.410999278932,-1114.21898950728
11.4045,239.621062858785,-1228.98870532446
11.405,284.285480947834,-1295.10434639753
11.4055,264.838574949004,-1302.10598812569
11.406,223.82500830809,-1217.43733313911
11.4065,220.816416040659,-1087.40104938368
11.407,253.330530534153,-1020.0310261438
11.4075,271.762588086008,-1059.49554818917
11.408,258.368233259898,-1142.68619977195
11.4085,237.613425210235,-1203.21907034663
11.409,214.440061383091,-1257.1897968048
11.4095,164.717328821914,-1339.6066076284
11.41,99.268716721644,-1399.12001571779
11.4105,77.7811044438237,-1323.66413860987
11.411,128.448052327558,-1071.16276418782
11.4115,197.914036717124,-726.559044838454
11.412,216.406979571933,-411.790281386454
11.4125,180.141169732426,-167.725466195369
11.413,134.11142180722,54.3969005817877
11.4135,100.77298976627,303.47368589093
11.414,66.5596096840313,559.656986849811
11.4145,23.5845318616354,756.380787573285
11.415,-15.7571066463045,850.395030803747
11.4155,-43.5834243148935,859.149474315597
11.416,-65.7966561485737,839.59149995062
11.4165,-85.9178613276355,839.410418183577
11.417,-102.195174614769,857.75927839077
11.4175,-119.404793399046,841.015621034221
11.418,-142.011570921265,729.527727248889
11.4185,-155.807688952038,527.689726456022
11.419,-137.346688932742,316.750036915093
11.4195,-85.8110270400319,174.602084821057
11.42,-29.6032085173325,97.3273666452776
11.4205,4.18547275232122,36.2013705541988
11.421,16.8807445038048,-3.88647984863111
11.4215,31.6215579316484,32.7638552378075
11.422,65.4187739603368,141.345285186447
11.4225,107.485096624306,222.073375883467
11.423,123.283775643803,203.514550931314
11.4235,87.4125107847273,145.074427275659
11.424,16.0357908577443,155.552841289145
11.4245,-45.795110866412,249.103934140678
11.425,-75.4387923348647,351.629678792649
11.4255,-93.5253792148428,424.521530486562
11.426,-121.746670759695,503.640763049827
11.4265,-143.750501752582,619.501937009575
11.427,-134.854020803929,752.177588099392
11.4275,-112.893688607659,874.811996473228
11.428,-121.405671463112,976.470442468864
11.4285,-164.800272199415,1027.17568549656
11.429,-197.094413224147,984.038388143253
11.4295,-183.393345807825,857.032263472993
11.43,-142.379953105115,714.368823524308
11.4305,-115.448519221718,597.589913890429
11.431,-118.856666534396,483.808217184766
11.4315,-139.774005237838,356.101035386733
11.432,-155.733373214455,246.709682571349
11.4325,-141.132006239602,163.044241134509
11.433,-77.1705445000959,24.9597683319478
11.4335,19.9238965141168,-257.794370212236
11.434,93.4250697416456,-668.698557959617
11.4345,94.0792349816185,-1097.28206690271
11.435,31.7654718122607,-1450.2354674985
11.4355,-35.5197571644393,-1701.42708275624
11.436,-58.5187286987004,-1848.84212201903
11.4365,-27.5717595491769,-1880.90785506527
11.437,43.9605097909594,-1794.93945311039
11.4375,139.781434779988,-1612.3875573971
11.438,236.265252521835,-1365.83969857238
11.4385,299.106789294179,-1090.31369702871
11.439,306.35354810605,-822.875542556156
11.4395,275.103032492337,-586.865173670534
11.44,250.948685150409,-378.77325118863
11.4405,261.472288676482,-188.489134990718
11.441,284.804367809628,-23.6339471559366
11.4415,274.077287582386,104.266477168532
11.442,211.384706487643,202.673471556562
11.4425,123.980741083034,283.148437271375
11.443,44.4267355672521,338.651681071325
11.4435,-25.3542484158995,363.382161088724
11.444,-95.768701527701,381.132581126753
11.4445,-154.404266942985,421.819326617519
11.445,-177.174053250127,478.814329036995
11.4455,-167.505754184288,520.03335369913
11.446,-154.620540910646,532.623215132481
11.4465,-152.062141149632,526.295928382027
11.447,-146.686581769157,503.284445167797
11.4475,-132.418555034209,460.376189969879
11.448,-122.633802130361,412.603770813362
11.4485,-118.234152448926,377.214176781101
11.449,-96.7699694885662,340.192172174672
11.4495,-53.1881265731958,278.385962487375
11.45,-21.6568643195247,208.311526707326
11.4505,-29.8411271107922,165.257355326023
11.451,-54.803650617714,135.22619071624
11.4515,-55.124093862351,65.332598761266
11.452,-30.3608499497849,-43.0805340987351
11.4525,-16.9473968421222,-107.846179063571
11.453,-34.9172947395799,-62.1223231896857
11.4535,-67.2488809304637,68.5166886651045
11.454,-84.2169362766144,218.515607999379
11.4545,-61.9963990775788,368.341699196954
11.455,13.0997644836738,533.659372723532
11.4555,127.883279158575,703.15520332562
11.456,233.33320927249,841.611906711249
11.4565,281.014204999908,937.555187921226
11.457,269.330434627946,995.841346218696
11.4575,234.092860555139,993.283508668389
11.458,201.979053842329,899.331831672199
11.4585,177.346100591604,745.902574843503
11.459,161.31629537122,617.080912294685
11.4595,149.788192382271,539.874272696352
11.46,121.808038850161,429.033147566134
11.4605,66.6234408941372,185.004755043592
11.461,12.2854231984406,-173.624692097156
11.4615,-16.1700542058919,-520.265595543201
11.462,-55.7291425588342,-759.914081306849
11.4625,-161.823208525196,-916.831191613558
11.463,-301.791030678188,-1070.16536428267
11.4635,-360.950346123712,-1240.68045984218
11.464,-282.040501489736,-1377.58411352893
11.4645,-139.787254967497,-1440.31207240892
11.465,-42.9374231456581,-1445.85610929862
11.4655,-18.5696454019104,-1423.97653449307
11.466,-33.9871239564321,-1366.84041767062
11.4665,-70.5627528144694,-1257.27510021651
11.467,-110.087570016327,-1123.8266791812
11.4675,-96.2386929214912,-1020.86934815624
11.468,5.8736994388219,-950.770789972179
11.4685,131.13282512416,-845.759185346983
11.469,174.378745988472,-647.126653235442
11.4695,123.739875567334,-378.414364978836
11.47,60.6675174888179,-119.223108005322
11.4705,27.1571372803023,76.7538018769394
11.471,-25.5454271350921,216.697692688671
11.4715,-134.864729330444,335.682980677673
11.472,-250.944342763929,455.457592143504
11.4725,-307.228777402089,575.473866998655
11.473,-312.074386635275,684.570429396846
11.4735,-320.375719050296,774.086816458247
11.474,-350.233781116334,845.766044592539
11.4745,-373.604817733996,907.291536278462
11.475,-364.083122141357,957.945137244772
11.4755,-313.269274776729,987.005780336365
11.476,-220.42888310916,992.499611821809
11.4765,-104.362995828614,989.005675495667
11.477,-9.18205341454303,984.454512130549
11.4775,39.0544516726014,962.240648861068
11.478,71.1348319924713,904.966098971292
11.4785,138.136623879277,823.252121072694
11.479,245.505061049797,732.641132096313
11.4795,352.836507154359,608.85212444454
11.48,428.599442572451,407.270428069954
11.4805,473.425582813925,141.596766444712
11.481,496.795272659672,-93.761419696581
11.4815,503.859129334006,-213.067948375454
11.482,503.793985472785,-232.255807976268
11.4825,501.850827247542,-237.803318347243
11.483,482.868737458531,-273.373962045202
11.4835,428.171571726892,-299.958668294435
11.484,346.372141434573,-274.812921105244
11.4845,260.394349157774,-225.171065379487
11.485,168.253474597447,-211.731647562253
11.4855,51.7745619597857,-243.652818882398
11.486,-72.0169407864521,-269.698947508819
11.4865,-146.881070408822,-250.669900860104
11.487,-143.496918120394,-206.911667607761
11.4875,-102.351346223267,-184.335963823714
11.488,-88.4449249896624,-196.981184563968
11.4885,-120.723775496679,-218.7581752463
11.489,-166.223744083282,-219.557667990222
11.4895,-189.871438310673,-194.808833876242
11.49,-187.570123196105,-162.771339783517
11.4905,-175.342970932528,-141.312981195531
11.491,-165.749861977278,-128.920755940245
11.4915,-159.616878408315,-110.422826068312
11.492,-152.497952254232,-83.7616459931612
11.4925,-144.280816301599,-71.3925395653243
11.493,-140.469837968125,-91.2881597319417
11.4935,-141.878165143419,-123.522178356912
11.494,-138.501415948015,-126.822251624102
11.4945,-123.20455418762,-88.226907046041
11.495,-107.61821516395,-34.6695262619554
11.4955,-110.172531091059,6.17750725005139
11.496,-129.062883997027,31.0603944214586
11.4965,-143.760940271749,42.889186967498
11.497,-145.574402846652,38.879046675814
11.4975,-147.826167709595,30.2735766093044
11.498,-158.948658590536,42.4189709590919
11.4985,-164.769102598419,74.6892084963005
11.499,-150.179315884533,89.6519790270425
11.4995,-123.201670125646,65.6832242126086
11.5,-102.42026600633,27.7506769710477
11.5005,-90.5735893141305,-6.47333123809571
11.501,-73.8022995304899,-75.5857762449339
11.5015,-38.7021717841513,-217.999853115724
11.502,20.64339911879,-386.896470475235
11.5025,101.676445650206,-479.746348790974
11.503,185.84971296052,-450.681776537347
11.5035,242.127302927598,-345.59992382905
11.504,254.508498800053,-230.709146465457
11.5045,240.986675467228,-142.475470807692
11.505,231.93565585976,-111.267076083775
11.5055,235.874363036448,-168.114495491959
11.506,239.659333015524,-298.516245822545
11.5065,233.583115054979,-436.395572271026
11.507,217.385725513811,-533.822883558762
11.5075,186.040344497278,-599.431681357588
11.508,131.040978069223,-644.178426635458
11.5085,58.9087280863629,-632.885151497603
11.509,-7.78464967401183,-524.061172106585
11.5095,-52.3902217755375,-322.180885108132
11.51,-75.9541916346342,-57.165086432705
11.5105,-86.0101571859537,249.528052457632
11.511,-85.8937849128079,556.368030405348
11.5115,-76.8460780164822,777.799127541017
11.512,-59.8853587569665,851.511845226535
11.5125,-35.6446167012336,819.037756427673
11.513,-12.9056255343985,786.263033535452
11.5135,-12.6366943727887,804.261451209284
11.514,-45.983231115771,833.401351235138
11.5145,-90.0693709479773,825.284550951525
11.515,-107.947211379234,790.341674709182
11.5155,-96.8432616099319,765.266884941674
11.516,-93.5431227871799,750.002193154425
11.5165,-122.302589519664,708.715993487405
11.517,-160.637590231811,623.568335880128
11.5175,-173.776490026166,524.777673101019
11.518,-163.887680851076,459.023842182869
11.5185,-161.7674540598,431.209065278867
11.519,-179.725196244412,389.054323844246
11.5195,-195.751515086102,279.23469915139
11.52,-182.166108182311,112.726198204941
11.5205,-132.323426438335,-48.7520463276111
11.521,-59.0851008495464,-168.166018066894
11.5215,19.6288241591812,-258.717996049925
11.522,93.0472754312269,-327.249027404049
11.5225,162.973637720615,-341.015556308192
11.523,232.966323968155,-281.42274444555
11.5235,287.77594957953,-190.212902847735
11.524,299.29740911991,-121.836125679779
11.5245,267.665552075207,-84.4449468814956
11.525,238.010926198662,-74.271902968362
11.5255,247.859643679983,-132.506154961374
11.526,268.093816935552,-300.515105411088
11.5265,232.419194264765,-531.755856738654
11.527,127.076981368656,-715.325055954911
11.5275,13.2751978167875,-791.687185775944
11.528,-52.6421009650743,-792.045357255711
11.5285,-84.4377791516759,-763.709452047744
11.529,-125.103722472793,-719.115635698568
11.5295,-170.534666187303,-672.316673699486
11.53,-175.110977276473,-663.689436250212
11.5305,-125.503564724838,-713.155473155949
11.531,-70.1113729191139,-785.331073524825
11.5315,-63.2246525500354,-828.589556214319
11.532,-100.333002300312,-822.628504743154
11.5325,-121.631784797691,-772.130336805712
11.533,-72.9729950854928,-684.323017642212
11.5335,40.3953568968176,-569.686435972491
11.534,155.629843172563,-437.508315135709
11.5345,208.63254714298,-277.57210532127
11.535,193.237576278458,-72.5806140830487
11.5355,159.08837113165,163.423502966653
11.536,146.612377382379,388.122659843059
11.5365,138.957443154725,575.446282539411
11.537,93.6506956374254,721.674235312592
11.5375,7.3337664416513,807.81532747716
11.538,-78.0253980411943,807.17275284409
11.5385,-128.953795919983,744.216871332911
11.539,-150.663510427182,694.665772200333
11.5395,-158.936753926246,702.692716056072
11.54,-152.049446906585,741.34874100729
11.5405,-126.894207575252,776.267187927023
11.541,-100.866371979237,818.656220611064
11.5415,-95.7063044081414,883.209305300279
11.542,-109.833001931882,938.511705269161
11.5425,-123.260336053803,937.267998578569
11.543,-122.042290815619,862.339534549997
11.5435,-104.90530048521,715.889611363847
11.544,-76.0994139309465,505.524081471255
11.5445,-47.4989699409363,272.541866041763
11.545,-38.5098538172211,87.5269664912964
11.5455,-54.47645334514,-20.6742625939229
11.546,-69.575052503783,-89.2406403829672
11.5465,-50.778361778459,-142.460825679298
11.547,1.14448451820248,-146.491348047271
11.5475,52.1526005951921,-88.7020030410599
11.548,77.9855088906264,-35.3834816947595
11.5485,88.5467820132781,-40.0308482523754
11.549,103.934287859351,-53.0814277994982
11.5495,124.456204388117,-10.9159921184864
11.55,137.282599215067,34.1171031184932
11.5505,140.722666895431,-19.5300653721706
11.551,145.247176093748,-152.201880722286
11.5515,153.436258921777,-237.683334892248
11.552,152.926994696195,-231.104046392423
11.5525,132.407095272735,-229.078667441575
11.553,96.3989000836601,-317.299701117085
11.5535,60.0648378332358,-461.241557589502
11.554,33.9754772643125,-590.903720434369
11.5545,17.8152172606775,-703.71786599485
11.555,5.76988063328757,-824.875767608896
11.5555,-7.60934867959691,-934.590886140279
11.556,-27.1727393700024,-997.852006396908
11.5565,-56.6211643974566,-1020.28963056745
11.557,-92.6170503692008,-1022.80463176836
11.5575,-121.283494062782,-999.277634520569
11.558,-127.352283861075,-941.612622561463
11.5585,-109.490554554617,-866.776342636758
11.559,-82.8357894766314,-778.335164930777
11.5595,-64.0034858368482,-642.213112321068
11.56,-56.776956321763,-444.757102780169
11.5605,-54.3958303035886,-237.717660221967
11.561,-51.3506167547908,-79.5574637572317
11.5615,-48.7439602549835,37.733981903371
11.562,-50.6730765790092,162.746835339382
11.5625,-59.2081343205595,317.272542213789
11.563,-71.824443261907,494.511017511355
11.5635,-82.4354730817061,689.854306920701
11.564,-87.6622749532972,887.015758002419
11.5645,-92.0489515458806,1041.6341143071
11.565,-100.782198797579,1124.07315674429
11.5655,-105.758743221357,1154.85414990556
11.566,-88.6920450444102,1159.96715071985
11.5665,-44.9393406959769,1124.42461514686
11.567,4.39614041777858,1033.84829718183
11.5675,34.7865148735035,923.458505692736
11.568,47.0045471571562,830.277582404152
11.5685,60.9172712902773,733.351351779145
11.569,83.1917648236949,607.390346244586
11.5695,96.1634266435241,502.004069276354
11.57,83.7124878883336,484.832352676606
11.5705,58.13297395761,522.734726255175
11.571,53.0276902434313,508.125364382516
11.5715,90.5857451971142,403.476070129468
11.572,157.447632607289,271.597994089365
11.5725,212.368834077517,151.560383070924
11.573,221.305765593546,0.951525739799442
11.5735,189.011125583361,-200.501257018588
11.574,151.84386384445,-379.371459011659
11.5745,134.888599203658,-468.816709873388
11.575,124.60600033314,-522.000832433088
11.5755,94.0692492443603,-649.859004804004
11.576,45.6502709630213,-874.122739962043
11.5765,9.29835473647145,-1108.01567622168
11.577,0.850845646089836,-1268.89626300026
11.5775,4.63607095985575,-1348.88821297265
11.578,3.22125463844794,-1371.88702412577
11.5785,2.40920086314768,-1334.78432421937
11.579,12.2539960156888,-1216.02519455927
11.5795,19.3215743942303,-1017.89740487838
11.58,-1.8969974263387,-778.869154611835
11.5805,-54.1833814460929,-547.526249436555
11.581,-108.816071622616,-349.370821246817
11.5815,-132.005229724024,-176.614681917653
11.582,-114.390161520491,-8.4090561751378
11.5825,-79.2647170879321,164.455201445633
11.583,-66.5113463562913,342.987454286816
11.5835,-98.3821073241396,539.579532117266
11.584,-151.716165858399,770.607278448571
11.5845,-174.278354548069,1022.99382978085
11.585,-141.726802034427,1245.81790031815
11.5855,-89.376253812901,1383.68400139246
11.586,-71.5663342191501,1407.96912861739
11.5865,-97.6649101516874,1318.58982371249
11.587,-129.09724040547,1138.64755742936
11.5875,-135.31233726365,910.654204499886
11.588,-125.919664945314,672.091501140043
11.5885,-121.086666953596,426.194132876082
11.589,-115.468681138728,159.533528491305
11.5895,-89.2651795985876,-107.96388521272
11.59,-41.1138724996732,-323.000619289954
11.5905,8.25984645147957,-460.521315512255
11.591,39.5947106260582,-551.848314584939
11.5915,49.1200779033352,-633.480520514287
11.592,43.8649960498995,-701.312841760221
11.5925,35.5999046500515,-739.596763021151
11.593,37.0105404314945,-760.94321336764
11.5935,52.499258127528,-781.271551566853
11.594,72.8861988526424,-778.957052015242
11.5945,87.4171029395416,-719.420255248727
11.595,99.3684695032632,-609.483318237516
11.5955,121.199763779232,-493.01193686522
11.596,156.195123673628,-398.451262808101
11.5965,194.653470422584,-318.323393581289
11.597,226.720758329083,-234.579386620836
11.5975,246.969421522004,-140.474933110006
11.598,245.849334858059,-44.6966557769057
11.5985,212.566426180066,27.7720433697894
11.599,155.359041580887,56.3526830468604
11.5995,106.582135856701,71.676972485801
11.6,91.9266938311546,159.214519182028
11.6005,96.4335605532831,375.119579184604
11.601,73.6148688724865,666.381819323423
11.6015,-7.43386411506632,911.80737371656
11.602,-128.242435080772,1036.85589577838
11.6025,-233.688695701828,1052.42272528677
11.603,-273.854823446187,990.907283685165
11.6035,-237.260985268192,857.203081783366
11.604,-154.889727891884,654.915011023385
11.6045,-76.5456274473443,416.479166172145
11.605,-35.5069950356545,182.330854044096
11.6055,-27.884794033332,-26.5099975022957
11.606,-26.1353058944981,-203.384892726994
11.6065,-13.1406817746837,-348.74125563024
11.607,1.65521207476963,-475.320743878883
11.6075,0.584962961940283,-589.348964903744
11.608,-17.2436974030446,-655.488078734919
11.6085,-36.9091168748508,-615.860211347701
11.609,-47.5868617896598,-465.140339791138
11.6095,-51.2930024308767,-277.217174991187
11.61,-53.8102015066925,-132.615060074818
11.6105,-57.1746867077409,-44.0910688826543
11.611,-62.7078285933349,20.997942623018
11.6115,-73.7219901988468,71.3647063973639
11.612,-92.7506639309159,82.0895439919467
11.6125,-120.279783099726,41.5457606710716
11.613,-153.721334863314,-28.6309121386553
11.6135,-179.705163022405,-100.643960757136
11.614,-171.910835020486,-160.648190457359
11.6145,-113.181585605256,-199.908427415029
11.615,-23.3897107663301,-209.550543051463
11.6155,51.5738404493379,-191.041161067906
11.616,87.9737654928948,-156.155345301808
11.6165,106.501692479436,-110.058737343087
11.617,134.354130658536,-44.1030012001114
11.6175,162.263403196977,51.4318491567997
11.618,161.919777917471,174.103331340348
11.6185,135.778458445606,307.37846965028
11.619,119.5371760591,424.071051870986
11.6195,132.27625768953,495.539687048366
11.62,151.255746921345,509.821385028849
11.6205,146.885210598996,481.96271934448
11.621,119.539844999591,437.483892700218
11.6215,85.3536766216786,384.326719905683
11.622,45.0990786340132,307.931844667831
11.6225,-8.870980802255,193.372461478152
11.623,-64.6469725489163,44.0432134129512
11.6235,-95.1560190800102,-122.219633218272
11.624,-90.7826243792854,-286.40810134572
11.6245,-68.1531172154004,-432.754236263158
11.625,-44.3221009713814,-544.961231637387
11.6255,-20.5610234073433,-605.273824840332
11.626,3.13799602052489,-601.525651382041
11.6265,16.2570617966599,-537.986617620461
11.627,13.2186883173971,-440.061373732844
11.6275,8.48049117215703,-344.708626887174
11.628,20.3555986095613,-280.999550691131
11.6285,43.8539199649884,-256.927332557384
11.629,53.7887523148349,-262.624527211639
11.6295,37.1461037294032,-282.307428436355
11.63,12.9183114940368,-300.290971510384
11.6305,14.0464036897293,-297.734573390436
11.631,52.0840113586596,-251.397109960466
11.6315,103.104148492171,-145.78016519241
11.632,129.343984584105,8.57476537207929
11.6325,114.236183244255,175.706150730629
11.633,74.0978277203437,323.582581363778
11.6335,34.1655556800275,449.375432151319
11.634,-1.33844250826523,561.547489909344
11.6345,-46.5438924065511,640.792246922759
11.635,-103.591161904573,646.909686249133
11.6355,-150.525934526758,578.248806677323
11.636,-168.946658600985,498.689460566785
11.6365,-172.280241969689,477.979679750001
11.637,-189.445357411451,518.41617392179
11.6375,-222.298280750057,567.129610664212
11.638,-236.454016188547,587.514276089616
11.6385,-200.934729580605,581.943152643657
11.639,-125.873328692293,546.621110844007
11.6395,-52.4871683964743,445.271407783108
11.64,-11.9443952100608,243.940305301728
11.6405,-0.675602428076064,-51.4684217917238
11.641,9.86931669784642,-401.433757420685
11.6415,46.8930589874463,-752.931605310019
11.642,114.776341040683,-1046.04732562107
11.6425,190.368207972891,-1229.16755676413
11.643,240.655874849324,-1285.95116458245
11.6435,251.495581672268,-1234.46719000069
11.644,236.927744969389,-1097.48611800422
11.6445,215.342505730318,-895.739327492196
11.645,183.714243979076,-667.200311629177
11.6455,127.449543953489,-452.137442053233
11.646,50.9284305091453,-245.758771006577
11.6465,-20.0549590895636,-4.89261753757133
11.647,-69.7172683448619,277.938803598378
11.6475,-108.421999338042,544.798161229558
11.648,-148.490688419351,740.320387749003
11.6485,-181.361956430665,869.102398797206
11.649,-195.935608925608,954.857449913571
11.6495,-206.898712475079,986.921740461013
11.65,-239.569567431938,952.688741222181
11.6505,-287.015622820602,883.423408434162
11.651,-306.486611696699,809.949176457827
11.6515,-268.741597180406,704.001529417467
11.652,-194.511124698647,531.439396903268
11.6525,-128.514825291722,341.353003908833
11.653,-87.9389986085268,219.737893800566
11.6535,-51.9681920143551,154.714678272107
11.654,2.64265072858602,33.4610976066348
11.6545,72.3350308126474,-201.658086524224
11.655,136.672095370244,-467.729269548774
11.6555,185.669471912063,-649.913050029757
11.656,227.418644884761,-731.874677516908
11.6565,269.916905752074,-768.832836722199
11.657,302.834112898726,-784.198629410241
11.6575,304.003877924697,-757.486550046838
11.658,265.48764164086,-685.440903765892
11.6585,207.370844267691,-591.432613287018
11.659,158.812771835453,-483.306996136035
11.6595,128.400363329347,-353.193764728404
11.66,103.119644764758,-215.392544305726
11.6605,75.7058477046834,-98.6210367411639
11.661,57.7259734584671,0.142334684816112
11.6615,58.0112448662351,110.978825169704
11.662,62.0152918679784,233.097167217162
11.6625,47.7514980562489,320.890860161841
11.663,15.5849532485561,342.789831865075
11.6635,-13.7333945757056,322.237028677887
11.664,-28.656469621916,300.303983611763
11.6645,-38.7153251872288,281.965954009094
11.665,-54.7074484986288,244.295688411544
11.6655,-71.6069013910882,184.41304391073
11.666,-77.9877507937498,132.533618202324
11.6665,-72.4335212991363,115.926730973267
11.667,-62.9642485506692,127.87751582846
11.6675,-56.409739718021,140.877977179047
11.668,-54.6755948602908,142.103023250803
11.6685,-57.1142882519248,145.487156282165
11.669,-61.3816507298459,169.662438469597
11.6695,-64.6750909094267,213.973188059436
11.67,-66.939504391483,261.313792289019
11.6705,-70.0750227849526,296.411181778344
11.671,-73.4969609899302,312.17339723434
11.6715,-74.787539623638,304.354965822179
11.672,-73.2827779844663,272.282254833314
11.6725,-65.1454132158522,221.59558995939
11.673,-36.4897787920365,156.361775978694
11.6735,24.6310425004576,78.7405682272771
11.674,103.982583971883,14.2401928796893
11.6745,161.95187625972,20.9706155034848
11.675,169.789632069243,132.170166716032
11.6755,138.528788319468,283.420633546436
11.676,103.630712702214,338.005667796515
11.6765,88.4664536502811,207.679606864345
11.677,91.5640093359422,-76.7245563043708
11.6775,99.1079004125379,-426.013607118734
11.678,93.4318010624903,-780.309730327734
11.6785,53.9389021048233,-1104.15788976818
11.679,-30.0823637348075,-1337.68869986036
11.6795,-140.814356815294,-1416.61439349784
11.68,-237.397792882737,-1339.09487018821
11.6805,-287.456367287878,-1170.02629235322
11.681,-289.217739355209,-976.316124108233
11.6815,-262.107505739983,-786.473338936107
11.682,-223.939724677853,-604.339420012605
11.6825,-180.762042279086,-423.87660725061
11.683,-132.242005914776,-233.049394822438
11.6835,-81.5403955171681,-38.8576825326969
11.684,-40.4794597896052,117.672489494547
11.6845,-23.0029539106186,212.516808360067
11.685,-28.866694357239,295.888608857992
11.6855,-37.3592025581524,441.569751851344
11.686,-26.8422067446437,634.201157932416
11.6865,-0.645161590973206,771.812902547076
11.687,16.1459748092709,804.992449286815
11.6875,7.35663038140617,810.407762017196
11.688,-16.548038219712,881.065292035519
11.6885,-34.09742415456,994.24292220739
11.689,-35.47961949104,1047.70735950983
11.6895,-23.967998865682,995.427555032685
11.69,-4.71022435180316,884.264398230755
11.6905,18.6361341286361,770.902273030055
11.691,41.7598112404353,665.438369653618
11.6915,63.1637382524076,560.268389717558
11.692,87.109153180024,459.397890219635
11.6925,115.915099485589,360.862891137036
11.693,140.938458063051,247.897819387897
11.6935,147.844973612631,116.647621360819
11.694,131.934340948376,-11.88420211518
11.6945,105.283655021518,-118.485168776748
11.695,87.8775084259218,-200.879045060501
11.6955,91.0492700800504,-254.790269852668
11.696,107.293156476081,-267.528830026317
11.6965,117.23642148253,-245.094027604573
11.697,110.533228579516,-223.385280831726
11.6975,98.0717417782458,-234.167428481012
11.698,97.0783479209775,-272.722146985932
11.6985,106.340572462462,-312.811799997894
11.699,106.894344897436,-343.677735601125
11.6995,88.0894946596409,-381.29403159695
11.7,60.4416796061248,-449.924004711785
11.7005,38.9832473706472,-558.498055791688
11.701,27.731863198115,-686.6039485542
11.7015,27.1245017545266,-787.465522451376
11.702,40.2259046533715,-810.774216325988
11.7025,57.6117701337398,-728.868345856105
11.703,50.1918716731438,-545.583331779035
11.7035,-1.75947955060548,-293.044369873692
11.704,-77.3410982650568,-27.0897336373624
11.7045,-132.320792820617,194.182187312799
11.705,-147.357465202965,350.153723917419
11.7055,-141.966011179525,463.218441978955
11.706,-139.66340003113,541.467920520058
11.7065,-137.905213153911,537.573584983541
11.707,-119.96029402392,408.7915162937
11.7075,-82.2880361809314,206.015635748291
11.708,-38.9854315174915,41.6509254969181
11.7085,-5.48400463493053,-44.4455129139687
11.709,14.2356691280593,-127.573258556083
11.7095,27.0394179412905,-275.657023555788
11.71,41.2215095571572,-437.668066976439
11.7105,56.3931713674387,-504.737924246519
11.711,63.9097582654972,-447.204651211331
11.7115,60.2489825906679,-333.924329320544
11.712,54.1524443056799,-233.820544209494
11.7125,52.2505782988285,-155.295803268846
11.713,44.4992432367587,-78.9228882656755
11.7135,18.5299100257348,4.72207326811392
11.714,-15.2874492486433,101.977046276422
11.7145,-32.1364662324118,219.556916674679
11.715,-27.9616719845291,343.062897844013
11.7155,-26.4910995604743,436.867960702053
11.716,-43.9405178321082,475.491781973053
11.7165,-65.4451469437189,455.528666528418
11.717,-68.3345107925393,377.591668309994
11.7175,-52.9237734308214,246.806078572207
11.718,-35.5040267384089,96.4864729391473
11.7185,-23.3464240169894,-20.6600477589669
11.719,-13.0590299568936,-79.1009044177215
11.7195,-4.75417033489305,-96.2775140800181
11.72,-1.11967182270163,-93.9437310966306
11.7205,1.90925841846117,-69.5109605743881
11.721,8.12803528904452,-17.1327918538309
11.7215,9.04484098882,48.6773317270052
11.722,-6.38827964149828,107.176686163798
11.7225,-33.4688214281818,149.604282215535
11.723,-57.6106923758482,169.625664074629
11.7235,-75.275718422391,156.033932161619
11.724,-93.1003410481273,110.771360228464
11.7245,-107.380619536311,56.0388120600933
11.725,-102.069350500038,7.48115006211398
11.7255,-71.3409132208917,-42.8220265016543
11.726,-30.1260412022723,-101.229427083336
11.7265,3.35375233644468,-149.546722344589
11.727,24.7749880752264,-168.721286420773
11.7275,38.9451524527914,-172.308276720846
11.728,48.0877482413241,-193.463081078467
11.7285,50.5265934671945,-244.049892396471
11.729,44.0118299709915,-303.470175108495
11.7295,27.2913973539175,-342.718227254423
11.73,5.41769242598324,-344.891554072354
11.7305,-5.9954111212707,-307.027060628368
11.731,7.22743594978726,-235.931644889826
11.7315,37.8167893764165,-140.988092142308
11.732,59.3735844371265,-23.2813326575086
11.7325,54.1698766919478,123.841771715757
11.733,30.1025258272102,296.622937098682
11.7335,5.28130623285994,466.928213689809
11.734,-14.0331668220423,589.53794466668
11.7345,-32.2922547726134,622.454942597789
11.735,-50.3251826645335,553.04910649097
11.7355,-63.2139502907623,424.785804943351
11.736,-68.9692887677881,329.306803477508
11.7365,-69.8618518597778,336.104721153781
11.737,-65.3686808334342,420.424633394349
11.7375,-50.4337542162949,488.263232788251
11.738,-22.435009445878,477.554363404906
11.7385,12.6511631038056,398.903410040138
11.739,42.2637324578732,272.465146471281
11.7395,56.9504323705839,85.4299040616783
11.74,60.1533181404277,-150.469083132651
11.7405,65.5474299310225,-352.690289233232
11.741,79.6825561029419,-442.24403435879
11.7415,90.8093940435892,-438.698577067069
11.742,83.4955405836256,-421.516190654342
11.7425,61.144481906627,-413.808282189281
11.743,40.6900300229674,-367.039361675218
11.7435,24.8283697972747,-253.47416278328
11.744,-2.75102836834343,-106.532066210552
11.7445,-46.4558368449622,37.5856172640155
11.745,-79.7789393297585,172.322510568007
11.7455,-73.9527763888532,274.67503120644
11.746,-38.5969253992089,290.035712739042
11.7465,-17.2108823712628,202.346802991024
11.747,-40.2446774803586,74.3386709573687
11.7475,-90.5251773869856,-24.9409397228502
11.748,-116.144195065074,-100.588768292321
11.7485,-75.3688224975803,-198.220334577266
11.749,25.695197768094,-316.736657869112
11.7495,134.431007749428,-404.78585526828
11.75,194.947442381308,-436.643946555776
11.7505,194.815602188463,-446.229006093939
11.751,165.736576335734,-476.080272251233
11.7515,140.574427883898,-522.04995708606
11.752,124.537289888399,-542.651827566892
11.7525,111.451987339367,-507.547825293827
11.753,105.348004673746,-425.373690826711
11.7535,108.977863405282,-331.250950225635
11.754,108.562598949658,-254.713414080015
11.7545,92.7515003757565,-196.537362139113
11.755,75.0361900835694,-131.077734831342
11.7555,73.3927642842517,-32.0261847957478
11.756,77.8826688433531,96.655334300269
11.7565,66.4645296688769,210.316789278348
11.757,44.9105560761763,254.278823766688
11.7575,35.9910861327068,223.119371021617
11.758,30.2585285071954,184.84508968174
11.7585,-10.3942698746283,215.101997632862
11.759,-86.953506702698,297.538351987184
11.7595,-141.071401633567,324.988446864166
11.76,-125.857816932367,223.955088859353
11.7605,-70.3672290813242,42.4335643724588
11.761,-42.3528173431331,-123.718989904511
11.7615,-67.3585327631679,-255.89084863566
11.762,-117.771155029792,-403.916630133256
11.7625,-165.830449667195,-570.522247735778
11.763,-206.897814833179,-676.499512209657
11.7635,-233.030792159698,-651.091173155975
11.764,-224.362466062453,-500.880366520799
11.7645,-180.773134330619,-276.33872683315
11.765,-135.398293231979,-20.1161042356396
11.7655,-119.305734871985,241.377957429304
11.766,-126.930947904081,506.685450187455
11.7665,-128.239354533092,807.740401686011
11.767,-104.319514851132,1151.34646548742
11.7675,-62.2737320663022,1445.58948105048
11.768,-24.0199813897895,1561.20469981068
11.7685,-7.11063019753806,1490.10253101856
11.769,-9.24115000652412,1359.11770882033
11.7695,-8.09938480720469,1244.19712791193
11.77,15.7313064917487,1061.06217209117
11.7705,54.9490926984085,712.036435935296
11.771,84.6473767314189,260.98938594815
11.7715,94.2970356200547,-137.507825809149
11.772,95.3787284712184,-428.577855688521
11.7725,94.9032311060499,-663.407583420713
11.773,80.4183382412932,-842.471954817698
11.7735,41.7574250271249,-874.981550931589
11.774,-7.3667732409255,-713.827046107956
11.7745,-43.9250217276072,-440.142972925341
11.775,-63.3795844163482,-183.949080521295
11.7755,-80.5397162254233,-23.4925895799613
11.776,-107.903618243087,23.4398299692189
11.7765,-142.617523096412,-19.2179020110169
11.777,-169.678201541632,-83.939660080487
11.7775,-169.47447568558,-99.7946585917762
11.778,-127.772157766276,-73.5520564055054
11.7785,-48.2842513138005,-93.9706131266521
11.779,46.2349385697557,-228.809735348433
11.7795,130.779978472641,-445.735690123281
11.78,193.228720960291,-647.000609975075
11.7805,231.811423186517,-749.313335302344
11.781,248.033562682783,-724.23610983881
11.7815,249.091009936532,-603.253200642757
11.782,247.496767896983,-457.67654199565
11.7825,247.774344037516,-338.091455767622
11.783,239.594552846034,-224.585226258156
11.7835,213.072935865633,-71.5281524412405
11.784,174.585740168047,98.8265806489895
11.7845,138.573715748311,194.995412120859
11.785,110.7942090099,155.273882024235
11.7855,89.691245723962,1.13209878234223
11.786,76.5392253186451,-213.120522060353
11.7865,71.1747257376584,-447.306487749319
11.787,63.2235497955107,-656.773215219382
11.7875,41.9733328669113,-784.42163050864
11.788,12.6777961155503,-800.917512793961
11.7885,-10.0178831266785,-715.341792868829
11.789,-23.769414794348,-534.519511999334
11.7895,-41.4895643553008,-260.753524402681
11.79,-72.8068211443097,60.0615931090162
11.7905,-113.634291784402,350.667346170281
11.791,-154.669398971847,585.580965396568
11.7915,-190.454804506414,802.989074473555
11.792,-218.9317493051,1014.10575845174
11.7925,-239.148760882689,1173.3315117684
11.793,-248.809546250544,1268.67303638643
11.7935,-239.55769477315,1354.32651235872
11.794,-201.199307564809,1433.74014953758
11.7945,-138.923955989317,1391.86295499549
11.795,-77.9667481960242,1132.75069026644
11.7955,-38.7366770452081,733.176003501134
11.796,-14.9262761213552,369.693285752082
11.7965,9.5542247972206,126.631649156063
11.797,31.5045849807934,-39.3867961046687
11.7975,36.4905221525708,-175.602885590744
11.798,28.7768329676086,-271.881912241004
11.7985,27.6642751007587,-316.837093202331
11.799,34.8587700265731,-325.356176393499
11.7995,31.9800316439302,-299.115492035958
11.8,14.5928238302443,-231.418563205114
11.8005,2.37017454367484,-161.379914774148
11.801,6.86927976985712,-155.490137314982
11.8015,14.1767722323594,-219.57356871546
11.802,11.4588303456933,-287.638010838139
11.8025,7.12723164201891,-312.381197247362
11.803,9.75447377901854,-312.038335176066
11.8035,9.46137614822021,-316.639453268487
11.804,-1.04163238001651,-328.746830026933
11.8045,-6.82188942956274,-357.870207203987
11.805,6.0543810800346,-433.933295593862
11.8055,23.9802475548625,-551.624336713047
11.806,26.172007533016,-645.47539439953
11.8065,18.8316737460289,-657.856611178527
11.807,23.7686784492049,-606.245745995784
11.8075,41.6052224114163,-558.502890103529
11.808,52.544137774874,-563.060821696399
11.8085,50.2619422425268,-617.087882453136
11.809,49.5851308467733,-676.929993831271
11.8095,58.4197368204245,-686.957220042125
11.81,63.8902627914795,-623.155696708948
11.8105,52.7064078408013,-516.57324979726
11.811,30.6761195440227,-409.186255107668
11.8115,17.2103523438052,-290.09405088263
11.812,29.6464382031738,-116.807074616662
11.8125,71.2507216495085,96.080502691659
11.813,123.24154027907,259.76235558938
11.8135,152.626646634579,304.322746665301
11.814,142.618911871599,251.129723637966
11.8145,112.290676763152,171.954816209132
11.815,90.8652931399453,110.438717003465
11.8155,77.5004019452815,65.1551874497079
11.816,47.2719166323489,20.6296995093982
11.8165,-4.67693207061716,-25.4823158320133
11.817,-50.3613568022351,-47.2362926534319
11.8175,-67.3201993121188,-0.918155743838073
11.818,-67.7713656489982,120.888661420119
11.8185,-77.6947219178072,259.12579688206
11.819,-103.957082263649,366.619332283164
11.8195,-135.472013428046,506.755641595445
11.82,-163.265515946339,789.601523788181
11.8205,-184.473941359982,1191.19149437467
11.821,-195.465800076285,1530.9870934587
11.8215,-195.292602759961,1679.32369576593
11.822,-191.146553681084,1697.57519652911
11.8225,-189.090068332838,1696.40553324632
11.823,-183.126945342849,1639.76721583704
11.8235,-163.325148579031,1407.41760356636
11.824,-131.726680831018,1009.34920635199
11.8245,-100.565245103226,610.261771330437
11.825,-75.7099601217788,340.16466028012
11.8255,-50.3864486840585,188.844153340574
11.826,-16.5413967540616,100.918745657416
11.8265,23.8687217737198,65.6576179293843
11.827,61.5314377602644,69.3640164238882
11.8275,89.4297424109969,50.513604820596
11.828,105.12026304985,-31.5986571983715
11.8285,104.222409114417,-140.834271300145
11.829,79.3583113295492,-235.206040711634
11.8295,33.9948598595269,-347.632274957346
11.83,-5.2228960736275,-536.474309171983
11.8305,-3.96948486195156,-789.819876496108
11.831,44.6334503835978,-1038.52286054489
11.8315,110.0944212759,-1240.76354659881
11.832,157.768591797548,-1393.64971289426
11.8325,181.002499854814,-1475.42871010864
11.833,189.74148415776,-1444.08625091798
11.8335,183.15615867837,-1306.0939863237
11.834,156.667565879034,-1134.85296150231
11.8345,127.463382094831,-995.127885903749
11.835,123.209035190153,-879.471396768988
11.8355,141.974369927972,-741.060313851571
11.836,149.369599937789,-566.576789862628
11.8365,123.324985213118,-395.075037297274
11.837,78.1978423493536,-281.112129691198
11.8375,35.1717599993519,-260.593833070648
11.838,-5.16645956177112,-339.924884742285
11.8385,-44.0807613570764,-489.286093016211
11.839,-63.1429944143913,-642.001990674033
11.8395,-47.7898532529441,-723.531436006021
11.84,-18.6081489459462,-700.266723523174
11.8405,-12.659619489661,-598.739188959509
11.841,-39.4449971858461,-470.540988172487
11.8415,-76.9207519355855,-343.502968053181
11.842,-104.918277988956,-215.728068917958
11.8425,-118.500672845676,-89.5802188715427
11.843,-110.7062012549,11.8352273705808
11.8435,-69.5138019598066,75.6506605024412
11.844,-1.24298461883487,136.03513474039
11.8445,61.3096544579749,260.403282393069
11.845,85.7996297362987,490.531098671427
11.8455,67.2906164555675,798.774466851865
11.846,25.025467815282,1102.5801011125
11.8465,-16.059926924439,1322.29742827184
11.847,-36.4586988868671,1431.37719929065
11.8475,-28.3424488421537,1458.00558322395
11.848,-0.886927295592246,1441.5031258073
11.8485,26.7836494454251,1392.92341481142
11.849,44.1203857331051,1306.02777860721
11.8495,54.6143323656683,1199.71174205431
11.85,58.3904239781329,1124.63795193022
11.8505,38.8018229992177,1113.52704815495
11.851,-22.1442869544464,1138.31543817599
11.8515,-116.135450507446,1131.61361189334
11.852,-205.049132425405,1041.2451305409
11.8525,-249.621720865247,851.723716112966
11.853,-241.677459736853,569.24382568225
11.8535,-208.190359779746,214.255964723832
11.854,-183.719748780612,-170.109768215447
11.8545,-178.256875146658,-523.620705173879
11.855,-172.308494696011,-793.027606949013
11.8555,-142.65344807923,-950.782185200972
11.856,-88.5943233761995,-1003.36220296272
11.8565,-30.5366081937376,-995.431854156452
11.857,11.7613867543277,-991.117797847579
11.8575,33.365482994778,-1023.26012348678
11.858,40.9386759069478,-1060.69273738109
11.8585,44.4210579210036,-1044.65723249125
11.859,51.4868072908195,-954.865632475746
11.8595,62.189842032441,-820.586695712995
11.86,67.7709865257791,-672.681663516136
11.8605,60.9385286502568,-510.458056218589
11.861,47.730996309768,-315.896695618053
11.8615,42.5876504110757,-78.7999464057012
11.862,51.3595931014934,187.631080245639
11.8625,66.569523465077,430.327240168826
11.863,79.8530562192664,564.75325131391
11.8635,89.9083602325143,541.951702340736
11.864,96.1071111262312,413.860371025157
11.8645,94.9893305716607,292.641177140933
11.865,88.7061413794074,232.690460433858
11.8655,87.018482209785,190.322859434429
11.866,92.2365086892336,112.266579535383
11.8665,90.0023578303036,13.7640726992475
11.867,66.2254723570093,-65.6985646406491
11.8675,29.0929761598362,-142.457268923512
11.868,2.98973498850818,-271.097683813763
11.8685,1.82643935062536,-460.594876492861
11.869,18.7260368604771,-652.145689676277
11.8695,41.7364547574238,-780.272202297682
11.87,67.7919851973296,-826.669482649491
11.8705,97.2668456100752,-814.728861909723
11.871,125.030902847737,-773.503453588623
11.8715,143.98172459861,-705.298134921636
11.872,150.928948181704,-574.681791997503
11.8725,142.683283420804,-340.876407251488
11.873,113.018408193633,-17.7865200229106
11.8735,62.4242527919192,312.640755798735
11.874,6.64047195058001,564.752903390623
11.8745,-34.9696225840302,709.902065135956
11.875,-59.2331763431275,759.615301604886
11.8755,-78.9034497707159,726.449046823373
11.876,-103.083032999972,642.168276630504
11.8765,-127.899387553167,583.59813544783
11.877,-148.232178724593,616.722510869028
11.8775,-167.017432214231,715.341482935647
11.878,-186.39894397925,786.63628381921
11.8785,-198.983160388648,782.622005557283
11.879,-196.837038252081,738.746418156283
11.8795,-182.455738326452,695.10891746099
11.88,-161.287025932304,633.292083607164
11.8805,-129.704603757372,515.242508375947
11.881,-83.0443663573426,341.267155599399
11.8815,-32.1548614570025,138.429680240021
11.882,3.19087815682487,-76.5561282245236
11.8825,19.3540027598138,-291.681520884996
11.883,33.5018363163524,-482.119923041298
11.8835,57.7764483760703,-630.644470397569
11.884,80.9321354790678,-750.310967083927
11.8845,85.0445663209571,-860.208594809924
11.885,72.5870624044303,-950.144869893653
11.8855,65.6866324719623,-990.837601513493
11.886,79.5971178894363,-967.097516152047
11.8865,103.474573822643,-880.890822733424
11.887,108.429844592552,-734.810593762171
11.8875,74.6893497054231,-536.879106248296
11.888,14.9033999914679,-316.252624654296
11.8885,-30.1640708379385,-113.666967512513
11.889,-28.2142572404668,44.3526191802387
11.8895,9.03868845503988,152.861524786613
11.89,36.1364395344401,216.847089802765
11.8905,24.2472723515762,241.61497913243
11.891,-9.78921734718931,227.790728941534
11.8915,-31.7861024926526,169.277311343721
11.892,-33.0572576103996,64.7459481589734
11.8925,-29.183359105686,-66.2878936314806
11.893,-26.5854028391965,-191.892042998073
11.8935,-13.806657922353,-290.270022108619
11.894,12.6585036691465,-340.085166250666
11.8945,34.5421079547032,-289.937958983991
11.895,33.1505258473996,-82.0045711123237
11.8955,12.583638287166,267.157791817191
11.896,-6.57836066533252,641.791108788137
11.8965,-8.65366736913316,920.225833158731
11.897,7.63387073832056,1079.24347109298
11.8975,32.0483880689464,1181.15396141238
11.898,48.1345254219443,1280.25206286972
11.8985,43.0083750276134,1376.5445722504
11.899,20.127411697508,1442.49244006269
11.8995,-1.59055238932067,1450.31576069276
11.9,-7.08726180624449,1374.87141748379
11.9005,0.256911539404773,1205.38563387011
11.901,7.32885865326206,957.082597161321
11.9015,8.06508727703731,649.354779926396
11.902,4.33266155516764,285.441247597234
11.9025,-5.22183402790626,-116.056183964365
11.903,-27.519606555749,-490.774268455684
11.9035,-64.8733066302304,-780.587668443874
11.904,-107.067421469729,-1007.23391960748
11.9045,-135.064455141934,-1234.5178683757
11.905,-132.720038522653,-1452.53991038066
11.9055,-98.7092273761534,-1566.09067475497
11.906,-49.5896723092311,-1524.23970347989
11.9065,-7.46669135453392,-1400.77927999917
11.907,18.7380279914394,-1302.95403106304
11.9075,37.0045397985338,-1248.60126471211
11.908,55.992996944605,-1186.15347957136
11.9085,71.7714423389582,-1097.60521001896
11.909,75.7371887188254,-1014.47946374013
11.9095,69.4727518746205,-946.468103401798
11.91,63.3203396862811,-860.204181006965
11.9105,62.8403570421121,-735.149784211594
11.911,64.3177081523599,-587.776803737719
11.9115,62.3248022152302,-427.529025380453
11.912,54.8247682712098,-235.672529889749
11.9125,41.9666372651655,-8.75196637506839
11.913,26.9528549911759,216.923104077109
11.9135,17.2732739625445,413.758942829797
11.914,17.0544825260366,607.782567417924
11.9145,17.5434852125696,841.815687402482
11.915,3.55249601343021,1107.91629200043
11.9155,-27.6952756455274,1345.41753362157
11.916,-60.9192423194385,1500.30706223669
11.9165,-79.4366638585342,1564.79805511301
11.917,-81.75476165182,1564.311368772
11.9175,-78.2300051005906,1527.88513476026
11.918,-77.4525946845155,1468.61909416916
11.9185,-81.2775959508206,1369.84923680456
11.919,-88.6060477868777,1187.70061679578
11.9195,-97.4594230159642,889.85890966406
11.92,-105.006426535473,502.696919115438
11.9205,-109.993616038223,106.125101244778
11.921,-112.877410838586,-226.564367455305
11.9215,-109.500604507343,-471.021048958974
11.922,-88.7980590465615,-630.608898915111
11.9225,-44.4229394934561,-700.449385648316
11.923,12.8087246047229,-679.981403783141
11.9235,62.7740952366959,-608.755607073929
11.924,98.0367514058348,-553.590702688352
11.9245,129.969436978701,-549.78269509243
11.925,168.811861052293,-575.617061596754
11.9255,205.012436086057,-592.603940019914
11.926,218.515262036052,-588.036122295364
11.9265,203.692937191557,-563.91165328457
11.927,176.507524197151,-508.08013325174
11.9275,155.445438178787,-407.135735115523
11.928,141.441280749682,-284.189131398797
11.9285,120.288312298193,-198.80612912515
11.929,82.0206576773256,-199.7851533425
11.9295,34.2253394411101,-282.718075916065
11.93,-4.12815391205902,-391.765697439168
11.9305,-21.0241913246842,-460.891735583321
11.931,-22.898333480396,-467.655279525605
11.9315,-26.5724179300394,-458.014928826557
11.932,-39.5094148959179,-502.157266444949
11.9325,-51.6006506192893,-607.139184788108
11.933,-49.7483994677494,-688.212824599992
11.9335,-36.6559943018681,-650.849096385025
11.934,-27.864919459453,-487.810871163466
11.9345,-31.1614947668292,-267.59809461701
11.935,-38.3080498248628,-45.5100804357062
11.9355,-40.4499043333485,169.081512849849
11.936,-42.597951935148,367.449832355448
11.9365,-54.9874018706042,526.464375791342
11.937,-75.4798151188283,657.595213786229
11.9375,-89.8728799735528,817.312140926896
11.938,-88.477934396639,1032.72128462027
11.9385,-75.1354999862444,1250.97257099858
11.939,-60.3128668585799,1394.13235339821
11.9395,-51.9903951793873,1434.24264479473
11.94,-53.5454861879526,1386.30559419658
11.9405,-63.9370087154794,1265.5916513272
11.941,-77.8554849807812,1094.48563510391
11.9415,-89.6807820864953,920.381774325145
11.942,-97.9330513124275,775.067659945187
11.9425,-102.633341074489,632.949295472263
11.943,-100.423558449104,454.281532680796
11.9435,-88.3718239155173,250.343059474255
11.944,-70.8932634342007,56.3144799435215
11.9445,-54.6089224524793,-137.778510386124
11.945,-36.43422562184,-361.485328558423
11.9455,-6.71302098938207,-577.973466305093
11.946,33.0984655725419,-703.445795947441
11.9465,66.0278929010599,-730.878565884763
11.947,78.6389242585952,-760.969402609199
11.9475,76.0651538107277,-869.779666431791
11.948,71.0258274833511,-1002.00433660661
11.9485,65.9081248373751,-1045.7255300365
11.949,55.878581535466,-973.569195242601
11.9495,44.4077284967421,-855.910622981538
11.95,42.7638312451198,-757.189215373195
11.9505,53.1526954175497,-672.20261446466
11.951,62.5814784463014,-560.727121523675
11.9515,57.8902206723585,-405.167960825431
11.952,41.1849602761302,-230.247796686416
11.9525,26.1647151083408,-90.1250302987014
11.953,22.2925624512537,-35.5712996556267
11.9535,26.4355068325966,-74.8689613468312
11.954,29.3736242142599,-166.896828580209
11.9545,27.5007206143586,-258.900525132605
11.955,25.9956668880989,-317.930464897131
11.9555,30.6622084383226,-321.239140308041
11.956,39.9733758665666,-249.639478356552
11.9565,48.5047669401052,-118.632571560662
11.957,55.5943019987494,8.36433358491925
11.9575,64.1895396952084,75.2843596746388
11.958,71.5912217458052,92.8616405648177
11.9585,69.7872168305577,114.68951352285
11.959,57.6982995530506,166.367805819168
11.9595,44.5293870751625,230.010051345609
11.96,35.8801309830351,287.654305885764
11.9605,25.1851052423089,340.676643870332
11.961,6.88990732082379,385.31159198092
11.9615,-9.9438794606184,404.008816253438
11.962,-12.9917901858877,390.245635090175
11.9625,-6.99370675606656,359.069453207149
11.963,-9.06432975514571,329.790174538154
11.9635,-23.839478989285,318.776413979836
11.964,-36.527891688128,345.118083206682
11.9645,-34.6990307993831,412.763719563749
11.965,-25.9734711524829,482.814950772422
11.9655,-26.7610276736186,493.217785828166
11.966,-40.1414552877099,418.458158621704
11.9665,-52.8343824081124,292.321315782067
11.967,-51.6854894662387,168.393028340688
11.9675,-37.1115215244627,79.1200896121376
11.968,-20.2313669593117,34.8350852052063
11.9685,-10.76607534255,34.6817833073585
11.969,-10.019829410247,67.4435084984163
11.9695,-15.1083293722871,120.812855359255
11.97,-26.6264289139791,194.095253296121
11.9705,-47.0802759918198,279.989807522974
11.971,-71.3209581012541,335.82816989178
11.9715,-85.8513230986569,310.760559748314
11.972,-83.2433351247377,215.254327254113
11.9725,-72.1608378519216,127.642110981249
11.973,-65.979520035759,106.366458255892
11.9735,-65.5683408519619,121.505137406512
11.974,-61.9005367426615,98.2596419401648
11.9745,-52.3906417946977,3.74146759602312
11.975,-43.6844173879448,-139.11220443526
11.9755,-38.6895152599533,-301.545657131903
11.976,-32.1760621735398,-472.634918713421
11.9765,-21.3948620214408,-640.02650047998
11.977,-10.4773651019576,-784.806170474367
11.9775,-0.540378623876449,-901.213840442158
11.978,14.4048452189288,-994.746390324438
11.9785,35.6421864856321,-1053.38539764362
11.979,52.139891893556,-1041.74409706291
11.9795,52.2089088831937,-934.009520633681
11.98,37.7342249465568,-742.495544665929
11.9805,20.9768300521656,-511.896692068146
11.981,11.8358447701514,-296.221545533288
11.9815,13.5665825547165,-137.749465366212
11.982,26.2855158677057,-49.228002985446
11.9825,48.0227530817079,-10.0265479378281
11.983,74.1612496942999,10.9734475295347
11.9835,99.8072347993553,29.2466302323443
11.984,120.369378382227,51.1023876761117
11.9845,127.885207541389,96.2283322782553
11.985,112.897421920742,186.026031170646
11.9855,76.1322137278472,304.229456153659
11.986,35.1051673367515,397.571340140369
11.9865,12.4968347131932,436.022207825698
11.987,16.9236386442833,455.967754840887
11.9875,36.3955675696877,520.206849849711
11.988,48.9127445925711,642.97769561749
11.9885,39.5050150091668,779.177205133871
11.989,12.1669752833232,887.58988064761
11.9895,-12.1094304668254,977.795985236984
11.99,-13.4470777856926,1080.28249546408
11.9905,7.27201828947859,1188.55012483001
11.991,29.1897966493901,1253.00782306853
11.9915,32.1978364772654,1225.54674597698
11.992,12.0291211353059,1089.3437670031
11.9925,-24.4696012338965,850.69822798804
11.993,-68.9381734901578,535.301016987615
11.9935,-111.718932112942,203.49983423121
11.994,-141.42802308714,-70.2598132153902
11.9945,-152.19798452524,-273.285059458929
11.995,-146.786162521215,-489.248560989614
11.9955,-127.847637767833,-802.054702310623
11.996,-93.0041922841422,-1160.08112899983
11.9965,-44.5205211279023,-1392.4785469999
11.997,3.86747516215573,-1392.01765775118
11.9975,38.3570264958754,-1240.35773607474
11.998,57.8732031125306,-1109.51303871682
11.9985,68.2054542116053,-1070.96824516586
11.999,70.5653395568289,-1056.78695822686
11.9995,65.5657899626655,-988.465344340069
12,61.4474316770622,-869.24197258301
12.0005,65.2747432870817,-734.201845066822
12.001,69.4900612564344,-577.409135653638
12.0015,60.2644585891297,-375.087820047012
12.002,37.909028093975,-143.707780213048
12.0025,16.6103289009883,73.6719253433432
12.003,4.07868677223719,262.193158062314
12.0035,-5.99047185769625,435.578262097495
12.004,-19.4705509004992,590.835306912818
12.0045,-31.931638211186,700.284969995229
12.005,-37.5229674071572,748.210329190737
12.0055,-38.446406544133,745.428041667579
12.006,-40.8586151931971,708.389604565858
12.0065,-47.6894276924578,653.815830559472
12.007,-58.158267724121,614.405478243502
12.0075,-68.4370577021071,624.185632378174
12.008,-71.7657284988663,674.106018605126
12.0085,-64.7801808678211,707.508312168232
12.009,-54.3254225226538,674.455788593392
12.0095,-50.4889250724955,570.78643388732
12.01,-52.7786523199088,413.368915175072
12.0105,-51.8554922463759,205.513985595626
12.011,-44.7005790194781,-47.4239268105506
12.0115,-37.012131480176,-306.130362311742
12.012,-29.3450394329416,-512.147328555401
12.0125,-14.0833336556647,-632.87440925926
12.013,8.97737773228178,-673.42209569537
12.0135,26.8728676769757,-651.050885924807
12.014,31.3855847199252,-582.226147999291
12.0145,32.2267440034258,-493.992336722312
12.015,42.7721950105483,-420.794638954225
12.0155,60.8406560376771,-376.818053187084
12.016,73.753166310521,-345.437515966968
12.0165,76.2042983757896,-306.759302408457
12.017,72.7556074238458,-265.336426259383
12.0175,67.0385623466617,-240.307867502529
12.018,58.9885362081995,-236.272948880146
12.0185,51.0215328766121,-237.061305883062
12.019,48.1296281287992,-227.46797792152
12.0195,51.9507247965897,-210.786185449654
12.02,60.3909321885598,-200.194341034324
12.0205,71.2976586882583,-197.146623044157
12.021,81.1356625944762,-184.661995539684
12.0215,82.9747011913328,-144.641413579302
12.022,72.4528014321464,-78.8705111244541
12.0225,54.111825501355,-7.26308311116902
12.023,36.0500185320558,55.5160195769504
12.0235,19.9052760653272,115.94992881217
12.024,1.32829191954746,191.875704829759
12.0245,-21.6378279816565,293.580410713066
12.025,-45.854433649009,419.488848511068
12.0255,-66.7323207295585,562.913681282331
12.026,-79.9331527571999,712.734288646723
12.0265,-82.3857945703486,849.95324136164
12.027,-76.8307914837113,954.314105050482
12.0275,-72.1513393148876,1017.9610304403
12.028,-73.4969541265261,1049.39893487413
12.0285,-75.5447289230884,1063.36285169825
12.029,-71.6436774761467,1065.26960457631
12.0295,-64.9896226515712,1037.65349313667
12.03,-62.2483473317369,940.387666976695
12.0305,-60.2925042974909,739.927055513837
12.031,-50.7602953943648,450.672377782009
12.0315,-36.6020629179969,133.839059641106
12.032,-31.3102656366152,-162.767166602533
12.0325,-38.6381636123314,-450.420858871471
12.033,-44.3553250127541,-756.882687072847
12.0335,-34.2205062533185,-1045.91558474109
12.034,-11.5515101028568,-1220.88435516025
12.0345,10.6113332307332,-1224.54201616292
12.035,28.4840344163632,-1105.25249034455
12.0355,48.9609143477766,-962.746411464638
12.036,73.4711215417514,-852.471269806614
12.0365,89.5265835984794,-767.92831811599
12.037,82.9961077532459,-691.55036185858
12.0375,55.9769454550121,-620.99095802186
12.038,28.0009364862776,-551.72369539166
12.0385,18.1051826399887,-476.037497351438
12.039,27.7175571340291,-408.67958570129
12.0395,43.4022356454373,-378.22438777476
12.04,54.2497469023548,-373.373455372315
12.0405,61.1277891677816,-325.142622615606
12.041,68.3699331130941,-173.478215726672
12.0415,73.5073339455314,55.6178581401693
12.042,69.96855416203,263.21478602702
12.0425,55.3334061555752,368.903587826308
12.043,32.0852299997847,375.790456230837
12.0435,4.43972240764505,348.767261866105
12.044,-20.633318302767,348.763179764891
12.0445,-34.5320911112605,393.506145234215
12.045,-36.2971166042808,462.80445414176
12.0455,-36.5895983708171,522.872713363751
12.046,-44.7756810386729,548.250417555516
12.0465,-56.1738243757049,533.495591253429
12.047,-60.7679662402982,486.986183493911
12.0475,-59.8272891217173,410.101742154674
12.048,-62.1159365402702,290.108521011077
12.0485,-66.4647346939574,128.177630241912
12.049,-62.0951661355526,-28.497038326317
12.0495,-46.7418132053294,-106.880367193679
12.05,-30.5438664196183,-75.7427898604451
12.0505,-19.4963629831045,19.9132096125376
12.051,-9.27792725468798,107.276174675163
12.0515,0.113408771690549,154.904933075374
12.052,-0.781678804236673,172.165182073567
12.0525,-12.3416353897471,155.434259765641
12.053,-16.0957575576196,78.0899626763076
12.0535,2.97949810342899,-54.9049977050787
12.054,33.1128259692795,-179.827806035019
12.0545,48.3582746866319,-229.859272038275
12.055,39.3073863948789,-198.382881336221
12.0555,18.6447590779928,-122.867019791697
12.056,0.306343134524815,-28.0031944360886
12.0565,-12.7096989379125,78.1479241575561
12.057,-19.9527738326928,163.887786022078
12.0575,-16.8355318701873,179.807629053661
12.058,-2.00022833914175,120.572059171566
12.0585,16.1822262843636,45.4216284474021
12.059,25.8613870951161,11.7064377319368
12.0595,21.626319114584,9.1055201355702
12.06,6.75677398493979,-15.1825758306803
12.0605,-10.7059834511896,-82.4528565421848
12.061,-22.4912473915463,-164.639839771609
12.0615,-23.5218049038343,-233.750823711572
12.062,-13.0030715341363,-293.592419655206
12.0625,7.05587291744052,-351.424067469208
12.063,32.1443390448544,-386.87275277955
12.0635,53.5217834281243,-373.949865238476
12.064,60.9102938844725,-321.197112632046
12.0645,51.2029958800274,-264.230760036847
12.065,32.3060585361767,-221.379203771437
12.0655,15.1151958954073,-181.807425917314
12.066,4.17824011088273,-140.905719865054
12.0665,-1.11993370512328,-118.695944002205
12.067,-0.730737002761255,-126.426151869741
12.0675,5.25565594293242,-139.248980237251
12.068,12.6125898053617,-128.943253192793
12.0685,15.042682163233,-105.581256463581
12.069,9.14264069072568,-90.6297034784219
12.0695,-5.32825595483818,-59.9866877121492
12.07,-26.2235999117255,36.0094462572848
12.0705,-45.934934723443,186.544860550296
12.071,-52.5381190814925,306.069379786837
12.0715,-41.0294945268081,337.268505985267
12.072,-20.7689491123629,328.590440579992
12.0725,-5.11583253154566,368.069196474192
12.073,4.18876433181776,471.287851294823
12.0735,15.5833587090288,585.313061865488
12.074,32.4420602658913,678.867128766573
12.0745,46.8207554831704,760.702779208672
12.075,48.9687751687493,811.410053246554
12.0755,37.5801615826397,773.036398810234
12.076,19.8283219626507,636.478341179126
12.0765,4.48704417149694,480.488542677632
12.077,-5.87991739487661,379.75568443953
12.0775,-18.0033331814508,316.300745055921
12.078,-39.6412679018621,230.511252436402
12.0785,-66.0278236444487,124.421369834928
12.079,-82.0222415302931,49.6717254453792
12.0795,-83.2796957177654,5.99395648435702
12.08,-85.3839286923789,-77.7936041245283
12.0805,-100.454236645488,-243.342215784421
12.081,-113.089744188731,-435.810989915819
12.0815,-96.6649153384464,-568.965718353741
12.082,-50.7949218758469,-623.796306316365
12.0825,-4.35233726151152,-648.501068086491
12.083,20.8566606818374,-682.287720744152
12.0835,31.8870414555557,-717.609798649553
12.084,44.5977071221821,-732.674017257953
12.0845,58.6998752648768,-726.173651714372
12.085,63.5962307350711,-709.551865098514
12.0855,57.2615675818408,-687.201171078531
12.086,47.5593317330692,-658.957033842703
12.0865,41.9343296429397,-630.10799122337
12.087,44.9124668572437,-604.790989404386
12.0875,59.2019182027643,-575.285506057241
12.088,80.8795687808846,-530.865411732508
12.0885,99.3680902961183,-475.890128087356
12.089,109.108088805683,-427.436862522304
12.0895,114.293772236577,-392.851440207801
12.09,115.79004572033,-359.385549111364
12.0905,103.996318893325,-310.153766293365
12.091,75.7621940774558,-241.84844171758
12.0915,48.6988158716414,-160.921515883655
12.092,42.9315778593146,-69.453857886846
12.0925,53.2245367755733,38.4134379569607
12.093,54.9720189111536,171.552205434927
12.0935,36.0806893029755,337.857085573937
12.094,6.88943310561313,535.028881859778
12.0945,-22.2181096604128,736.286036721238
12.095,-55.0865212227019,896.422985883719
12.0955,-94.3051593325422,988.362867252032
12.096,-126.121285259951,1030.35241860762
12.0965,-133.692857954821,1065.35389359906
12.097,-118.907036167144,1119.11038670641
12.0975,-100.005222829107,1188.46698791324
12.098,-90.1943444239785,1256.90887082834
12.0985,-87.5169627504382,1301.06317913058
12.099,-84.8506892225898,1293.77226118586
12.0995,-80.9368378056262,1227.52886867135
12.1,-78.0101833061398,1125.79291255654
12.1005,-73.5494062694573,1000.33398964729
12.101,-60.0244937480369,808.641741570316
12.1015,-33.9135515280568,499.672950445908
12.102,-2.7305641500439,103.473444915181
12.1025,19.7941540471574,-275.694083790689
12.103,26.5491287316825,-569.742430346154
12.1035,23.0518839822277,-801.183454546819
12.104,18.8498567323783,-1009.54946961271
12.1045,15.5774468024255,-1182.4005619807
12.105,7.90029065353227,-1295.46254615766
12.1055,-4.86317429654732,-1362.12726743076
12.106,-14.4004970186909,-1385.2007672143
12.1065,-13.2862965098553,-1305.80959535523
12.107,-4.70473816522339,-1072.45032981508
12.1075,1.78871664808012,-735.681530245046
12.108,1.72324986060386,-406.668482226313
12.1085,-1.45833232248289,-141.674310736886
12.109,-3.90148963455278,66.0780090254074
12.1095,-6.49155526453537,207.240838019847
12.11,-10.8208843539711,259.072929324187
12.1105,-14.2654197493397,259.653937130023
12.111,-13.542937491422,282.808070334695
12.1115,-11.7959516425948,326.797518732707
12.112,-16.571437381748,319.440705773163
12.1125,-28.6263235303998,247.62011460133
12.113,-37.3906451436251,172.133874406291
12.1135,-32.3361463611184,78.896751477002
12.114,-16.0500098496819,-154.873289704703
12.1145,0.428827710435643,-556.873016320199
12.115,14.300780885038,-928.339527119953
12.1155,34.5608134025812,-1042.39898310517
12.116,65.9358540022763,-912.620630077697
12.1165,97.4074397769806,-737.702704813402
12.117,113.885251633816,-622.292483730182
12.1175,114.736129800607,-497.921756523744
12.118,112.719996946918,-313.99236453509
12.1185,116.418109832883,-150.001977816398
12.119,121.571945001497,-83.2725728908355
12.1195,120.05183726331,-63.5073857902444
12.12,110.12118007157,1.40089901418487
12.1205,95.4740683471162,111.211852140327
12.121,79.3720479461478,203.090638117525
12.1215,62.4883188310377,264.792663778186
12.122,43.1103960844156,343.655248357168
12.1225,17.8982635460722,468.085465928501
12.123,-13.7976724579196,618.144889354921
12.1235,-44.5535687390718,759.415577373526
12.124,-61.6696266668732,864.398684447306
12.1245,-58.6778016397167,916.56151084432
12.125,-42.9863721790571,926.824802512766
12.1255,-30.9644610340566,926.334912947297
12.126,-36.2040253330634,913.834384632325
12.1265,-60.6319923377519,838.741700654367
12.127,-92.4285801793791,673.549021321676
12.1275,-112.618012289931,474.802320262646
12.128,-109.481694030574,324.771565840021
12.1285,-89.0978633130729,229.434587049547
12.129,-67.8842586904026,122.707840245191
12.1295,-53.5022763130272,-33.8018778120896
12.13,-38.6229035581046,-197.960299250782
12.1305,-15.858578051489,-294.898275828484
12.131,8.47415118807854,-285.79495218811
12.1315,21.8234195312445,-192.415913977071
12.132,21.6349854933303,-84.3436827825751
12.1325,16.1612606493126,-39.025873072279
12.133,11.2945337934291,-85.032658838296
12.1335,4.84336405965999,-184.725164591061
12.134,-5.51323599612974,-289.951838928036
12.1345,-15.765724970785,-394.718701564902
12.135,-19.9850763606886,-500.639885908161
12.1355,-16.9868205769903,-557.062529348263
12.136,-10.259619774898,-496.763007225774
12.1365,-4.12355479242116,-332.590304060357
12.137,-1.4133313007443,-161.218521851455
12.1375,-2.37780255348274,-53.7514795773184
12.138,-4.59410099589903,10.1975266875667
12.1385,-5.70143677297539,79.3716875101782
12.139,-6.25485545717597,150.417958116707
12.1395,-7.94556189775266,186.769270035595
12.14,-10.2525997247971,184.395151515039
12.1405,-12.1714402515618,176.395594256263
12.141,-15.6771902891699,185.590012114985
12.1415,-22.4178087888251,204.381444750285
12.142,-27.8383891327028,214.274718846471
12.1425,-25.1656218661675,202.037080088933
12.143,-16.0590070484541,163.381065484563
12.1435,-10.292057185314,108.319973091736
12.144,-12.6362611549883,54.224857502709
12.1445,-17.4491305164136,0.109252126870615
12.145,-19.9456165604217,-77.1634717957206
12.1455,-24.5022883737273,-183.9362383023
12.146,-34.512747657989,-284.094641806011
12.1465,-40.498269861326,-335.679381713809
12.147,-28.3072985581801,-340.583424694169
12.1475,3.01642587548545,-333.627307047073
12.148,39.9253295906681,-333.30581027015
12.1485,69.6382183534559,-330.821522330586
12.149,88.8029224762888,-320.856089986759
12.1495,97.931004299437,-312.707137554635
12.15,96.6325300600781,-309.556299152092
12.1505,86.9743985440012,-302.492139681599
12.151,74.7088135416972,-288.752321245188
12.1515,63.8771788467348,-273.845662034339
12.152,54.2975506837106,-253.365359235392
12.1525,45.3218636514376,-216.189447839486
12.153,37.0522223030804,-170.244494439296
12.1535,27.1399076361991,-141.705099420227
12.154,12.1170473970296,-141.993667815112
12.1545,-6.88224500213082,-158.104253506233
12.155,-25.1419187688128,-181.211109422066
12.1555,-41.370300949346,-215.8098967322
12.156,-56.7706531347575,-246.761855863735
12.1565,-66.5645069239456,-229.032328106059
12.157,-61.6400376450403,-139.517942330983
12.1575,-42.2752295560769,-20.4257678019671
12.158,-21.9214695977058,60.3727295729606
12.1585,-12.3558955333422,83.9496242910962
12.159,-12.0859297319247,89.7548156189327
12.1595,-13.8393888583634,121.090884205126
12.16,-15.0824783647364,192.648077081498
12.1605,-14.8687032035844,305.550645989181
12.161,-9.01193460566142,452.920162876199
12.1615,2.75425565795276,599.124137727486
12.162,11.9862016761701,690.009917314813
12.1625,13.7353942899405,708.230545607068
12.163,17.1511594173217,695.877234442839
12.1635,32.3929683899873,698.770134889411
12.164,51.8252081402413,705.9405622997
12.1645,57.556245579469,666.665317658341
12.165,45.9977232813894,547.746927843526
12.1655,31.948853984477,344.178782907497
12.166,27.7865916207531,52.4558255124885
12.1665,30.7433511605772,-318.774566940121
12.167,32.5730820077749,-707.932505151385
12.1675,29.8186022985003,-1014.12403753864
12.168,20.7024652389783,-1170.71757310739
12.1685,2.80696299191669,-1178.03581811631
12.169,-20.3421740804109,-1054.27998061551
12.1695,-38.7337239875137,-798.170454243861
12.17,-47.5189524808138,-430.501927586436
12.1705,-52.4730290493806,-31.5639862457437
12.171,-59.1896379846303,317.573033768568
12.1715,-63.6363007663693,616.272918475705
12.172,-58.7126192333969,915.145106317477
12.1725,-44.522625416357,1211.53974193249
12.173,-27.2775599682604,1431.94966895595
12.1735,-13.07664824045,1530.69315981786
12.174,-6.77285760368805,1549.74074952887
12.1745,-10.9624700834661,1546.74916768965
12.175,-20.7721923142707,1502.20027192193
12.1755,-24.7032230296292,1337.24966124784
12.176,-16.4646408619159,1002.9945730393
12.1765,-2.65615016889918,525.386931756459
12.177,5.6957226006425,-9.80901556527485
12.1775,5.80227645678313,-482.854416946024
12.178,3.6563617983174,-782.878179854159
12.1785,6.09500390606079,-880.638636501117
12.179,16.5501671521609,-855.423161237458
12.1795,34.7973228052385,-812.560681306527
12.18,55.7667883658386,-783.595987291663
12.1805,70.0247598827855,-741.965707266287
12.181,68.407243237389,-688.933800593032
12.1815,46.0848348567386,-656.729009032332
12.182,4.65107783117067,-634.25017676423
12.1825,-44.043966186185,-571.087380165531
12.183,-78.4780787219794,-476.677183638261
12.1835,-82.992983218026,-438.442703690998
12.184,-65.7058041521615,-498.376214863346
12.1845,-50.7087900324545,-578.583329974768
12.185,-48.2290782818853,-588.893103040733
12.1855,-43.664647747198,-552.530910245956
12.186,-22.4481666741417,-548.21375895467
12.1865,6.80174284814479,-565.141427890456
12.187,24.685476036246,-507.258461890768
12.1875,26.1637827048354,-336.426382604339
12.188,20.2717639527172,-128.58658870324
12.1885,12.8552157875681,24.5286480124282
12.189,4.22355075776232,96.7970318660027
12.1895,-1.75868477281336,91.9635667797553
12.19,-2.15824830038215,3.01074561546884
12.1905,-5.77304631730397,-145.950145886099
12.191,-23.5648423191789,-270.476362926009
12.1915,-48.4723422633397,-295.764095143792
12.192,-59.7994593672364,-234.019314852299
12.1925,-49.2699863321409,-155.678064555131
12.193,-28.5569415956529,-108.017332114055
12.1935,-8.56675157595951,-95.7020196862071
12.194,13.870343430897,-111.456222336523
12.1945,43.345028822903,-136.891332834678
12.195,73.2940048882519,-125.964560251075
12.1955,93.6237219136184,-35.2254397972806
12.196,100.96317778354,125.715595404154
12.1965,95.3364672309247,302.459678256071
12.197,77.0694402416328,449.196775345406
12.1975,53.8595210288921,544.781601287286
12.198,40.1574079402851,567.247708115444
12.1985,39.9893588494523,497.956069220523
12.199,38.794958577395,360.777884315216
12.1995,22.6095159079765,221.497295090608
12.2,-1.065298846778,130.549149037974
12.2005,-12.090596231965,87.1491258341952
12.201,-2.91856506402992,67.4993648469046
12.2015,15.2671363280553,59.2120239283199
12.202,28.7544218780382,51.0312168341891
12.2025,33.5510917324657,17.0709854584747
12.203,32.3540711296207,-56.3569464333652
12.2035,28.6775053633678,-137.521847726216
12.204,25.6965500715864,-171.627103403693
12.2045,24.8203450760932,-138.724631392704
12.205,24.190040204151,-68.6967279169893
12.2055,22.4082797230716,6.82810338142486
12.206,22.1975473949437,97.2610896774736
12.2065,24.8006644438571,231.10265194624
12.207,22.2142361611861,401.410704889628
12.2075,2.45917778567547,557.912712839082
12.208,-35.7992587265563,662.804015478927
12.2085,-79.3202266669504,737.76694719184
12.209,-112.760779074157,835.498864283449
12.2095,-130.798087890921,968.346473372849
12.21,-136.724664274672,1085.62123824577
12.2105,-134.323226966634,1125.61736334697
12.211,-124.686583736156,1071.20215114701
12.2115,-108.226247345789,947.460919837879
12.212,-86.5913803967321,790.225615767378
12.2125,-63.6982565736451,639.185724133269
12.213,-45.9528561057828,540.725679720518
12.2135,-38.5115921215076,515.863657015915
12.214,-38.5836083976063,518.99074355482
12.2145,-34.8906740862289,459.772377398877
12.215,-18.0466769809941,283.127064239549
12.2155,9.00258396861791,9.80899496758862
12.216,34.9353633116289,-311.589964897466
12.2165,54.4133312371763,-660.923581395061
12.217,72.7404654789212,-1020.71051580568
12.2175,93.4177391591813,-1314.65946349798
12.218,107.682807064479,-1432.44297793727
12.2185,104.495815485447,-1343.85944303702
12.219,87.8558281952422,-1155.20448952351
12.2195,73.433560398214,-1014.01328825069
12.22,66.4886263734913,-971.033785854802
12.2205,54.5771624432994,-969.558204088303
12.221,28.7066157102774,-953.743018758025
12.2215,1.87372559416203,-930.034138192582
12.222,-4.60516809144948,-912.385810532642
12.2225,11.7089233777143,-871.177920351464
12.223,32.2005685771137,-783.013178069527
12.2235,40.1629643164279,-691.361875656828
12.224,35.0143898184392,-659.499227082078
12.2245,23.9137503840028,-679.993583060902
12.225,10.6235106947662,-684.82016335321
12.2255,-3.97912172510151,-635.702867173264
12.226,-18.8286130583693,-547.920145058188
12.2265,-34.0314012644768,-427.125761419068
12.227,-49.5625287951678,-247.655856213992
12.2275,-60.8753620136778,-11.3184142234977
12.228,-62.040442538395,228.009971407834
12.2285,-54.4864348939983,423.630126346463
12.229,-46.0226281940559,574.098693726859
12.2295,-40.4042162443613,683.380348161994
12.23,-35.2887718122959,739.340116265752
12.2305,-31.1889238551255,763.671015272442
12.231,-33.6182137458865,827.213547196875
12.2315,-44.2959789895073,969.278178639674
12.232,-58.3597483773889,1142.84025289425
12.2325,-71.4687961437154,1276.50546639319
12.233,-80.3636030522243,1338.1486241412
12.2335,-75.9333284319261,1294.03191945035
12.234,-48.7051484092643,1077.19199553987
12.2345,-5.37793258826963,680.401611023759
12.235,32.5436800617779,233.576920365178
12.2355,52.3103147791308,-103.953766724641
12.236,60.536991150879,-300.265449189536
12.2365,65.3412206401726,-416.729695734473
12.237,62.6429881375097,-463.596057453817
12.2375,49.3218789754984,-414.128513263312
12.238,35.7977061394942,-342.880268888727
12.2385,33.0273972712307,-393.537943270786
12.239,38.3088978279889,-565.64641178765
12.2395,46.089919822888,-664.621577650629
12.24,60.6070229288066,-536.108000924795
12.2405,82.9728482388453,-249.211430112271
12.241,97.3613636846811,25.8680609790545
12.2415,88.5699996852928,224.457595536992
12.242,65.5668144984403,380.747613700014
12.2425,48.8110899227569,500.990862187158
12.243,39.8492450592459,558.699868885036
12.2435,22.94685394913,566.09652563931
12.244,-6.21671282354595,541.827830487675
12.2445,-32.8582628237929,443.047023526809
12.245,-43.7521790391346,235.617343835851
12.2455,-38.9502717653959,3.52711484081794
12.246,-24.1811112222969,-128.408739956056
12.2465,-8.21715564433751,-175.553854075321
12.247,-5.36504864883991,-281.341226696968
12.2475,-21.2452658960524,-505.032908731002
12.248,-36.8324502376074,-723.644357057597
12.2485,-27.4378370117445,-779.719287579991
12.249,1.13553735404275,-641.743257208035
12.2495,17.0036074467177,-381.562239844694
12.25,5.51315500277504,-75.2116553522112
12.2505,-15.3852563405915,220.914990461775
12.251,-28.7827707172508,459.617794908163
12.2515,-41.8609624824171,628.788616339517
12.252,-62.7228992802777,751.615633112743
12.2525,-77.6205873947962,823.451879987542
12.253,-69.3921556468411,790.496644897977
12.2535,-41.9545337198844,628.625029604639
12.254,-10.0188896565769,402.489437395836
12.2545,19.8819784968381,207.242039307244
12.255,41.3977087213775,83.4771056663418
12.2555,38.2508121652549,12.9365791730567
12.256,4.48061270842968,-52.1513766524916
12.2565,-36.0694223744846,-187.562504160861
12.257,-52.8068816245306,-459.653400459339
12.2575,-44.4355012220454,-825.943783062454
12.258,-32.5575012390232,-1117.60028481883
12.2585,-26.8160807705709,-1192.77663860792
12.259,-18.7349985846211,-1085.31805381476
12.2595,-6.04985160325975,-942.750873035103
12.26,1.00929577868554,-843.959048321611
12.2605,-0.409738754020177,-745.785255682381
12.261,-0.772296064139585,-588.503394430411
12.2615,2.54079669733318,-371.58291062441
12.262,-0.26120009885989,-119.499072531745
12.2625,-11.1378770165067,154.420675384924
12.263,-15.4051334074998,427.576495635066
12.2635,-2.44938165439638,666.211745288433
12.264,17.5279533813411,868.890322333942
12.2645,27.1628088683772,1071.79273962451
12.265,23.1369909347827,1289.68503498392
12.2655,15.0223045422194,1481.77778085378
12.266,9.86158030447926,1588.19221928265
12.2665,6.27140466049176,1571.2257064333
12.267,0.535111107186062,1415.47640450602
12.2675,-7.05317796771732,1122.38325598926
12.268,-10.9378060862958,715.9820554157
12.2685,-5.04352897632126,231.263878151945
12.269,7.88049416191616,-296.145147014887
12.2695,13.9353861705799,-796.393448572759
12.27,2.54343072361377,-1146.2015089473
12.2705,-17.6064916985938,-1257.21482406042
12.271,-25.8931005711336,-1194.90045603926
12.2715,-13.3808627496752,-1139.69840947531
12.272,10.0271569807806,-1198.81552194418
12.2725,32.1298102350219,-1309.19042011415
12.273,50.2456987122683,-1350.05498672533
12.2735,63.3438503065485,-1285.47740906268
12.274,64.9191214993268,-1154.29624899133
12.2745,51.7602995103916,-985.265696706946
12.275,32.1730376275452,-789.886340151768
12.2755,18.5555445206071,-600.080230379505
12.276,17.0580805420686,-446.028247544342
12.2765,27.9464556086418,-315.416510179369
12.277,47.6548566234302,-183.396716834686
12.2775,65.2944424566581,-59.3235708991173
12.278,66.726417661109,40.2390277174908
12.2785,50.6565487170462,132.030249880705
12.279,33.6739321254367,228.812171104816
12.2795,30.5514332802445,298.215234710302
12.28,35.3974263120223,318.583802712215
12.2805,31.5299377099649,335.842257815186
12.281,15.1983172709935,387.797131704542
12.2815,-0.752099572680547,407.712047840793
12.282,-4.6544740962865,304.36918849741
12.2825,1.65759421712987,128.251416974777
12.283,7.8377667802254,52.6180300441117
12.2835,5.5418977737851,174.953949824277
12.284,-5.39023998853086,431.548439194691
12.2845,-16.3181864462272,725.786135927784
12.285,-17.7021432879424,1034.98065395435
12.2855,-12.1557845626841,1348.22330457055
12.286,-14.9866282219727,1600.91821147285
12.2865,-35.7158593529378,1743.35195343507
12.287,-65.408296503615,1805.166248901
12.2875,-91.3314626849394,1827.08463966863
12.288,-116.924212272097,1786.81439995794
12.2885,-152.714946371372,1645.90124220552
12.289,-191.062417836671,1402.35162441983
12.2895,-207.8676721725,1039.14324494989
12.29,-191.786198582065,502.157690738353
12.2905,-154.562721179901,-186.141786323709
12.291,-106.735278011199,-861.997189280345
12.2915,-41.9408325173744,-1368.3165925118
12.292,41.0342766824394,-1708.99837211358
12.2925,115.565835840238,-1951.44208774947
12.293,147.455477890579,-2039.72786563522
12.2935,134.237232138203,-1849.41489320771
12.294,107.067143277721,-1404.16606649906
12.2945,93.0338707823408,-889.718921092345
12.295,90.0302275532861,-444.02401841745
12.2955,80.9169386396545,-65.8542916981151
12.296,57.8867489716761,258.377436637314
12.2965,26.1563049331918,486.433496507672
12.297,-5.50725166167615,620.569828525037
12.2975,-29.6457344715955,734.34557053942
12.298,-43.0742320698194,835.2042379744
12.2985,-52.7609503681456,827.608741709017
12.299,-72.1660087612677,681.166086721331
12.2995,-102.637672737364,496.701466738369
12.3,-122.848429153748,309.052277023773
12.3005,-106.976935645252,-28.7387154212507
12.301,-53.2252580220115,-609.898513665497
12.3015,12.7586765589222,-1229.9658995315
12.302,61.9423162070468,-1566.13467580979
12.3025,82.6137537721502,-1552.89270888968
12.303,79.5261781978295,-1401.09887264491
12.3035,64.0069523125372,-1266.44016885419
12.304,48.9496387430005,-1091.22578228591
12.3045,44.3849879096012,-802.781196458641
12.305,49.8686568306516,-482.987492888604
12.3055,54.5590019634245,-248.395296652431
12.306,50.4080521216707,-84.8391462043641
12.3065,42.2027764488963,100.54805052409
12.307,38.8602295730796,339.375979207607
12.3075,37.8869060672859,590.871878591358
12.308,27.0090185871547,806.87501173471
12.3085,2.52517402544261,941.754606025109
12.309,-21.364934530103,955.392494612261
12.3095,-26.2645591336449,868.801816154048
12.31,-8.71222868685757,765.099852497816
12.3105,19.3562376402531,677.880278636517
12.311,46.9740471015909,531.398181936172
12.3115,74.4142078282471,251.55791651709
12.312,105.406694658058,-115.560278500251
12.3125,134.475212471769,-460.778052339652
12.313,147.509154103782,-736.666627984131
12.3135,134.536523436605,-950.403784870032
12.314,98.567484304886,-1076.74977196087
12.3145,52.0708246594809,-1071.38152328369
12.315,8.30335178785819,-955.792387030057
12.3155,-23.9560199744807,-804.935236866947
12.316,-42.6698878029544,-650.306283005867
12.3165,-53.0420893039052,-465.286130107507
12.317,-62.314712608328,-246.414114339556
12.3175,-70.6511766065527,-36.4909609184658
12.318,-70.8289341258621,147.210896320086
12.3185,-61.2534601419404,344.603627843663
12.319,-54.4473627096534,588.79042120661
12.3195,-64.2482975393658,855.750149423086
12.32,-86.3226727938863,1096.58831749722
12.3205,-101.148376407029,1282.221560258
12.321,-97.8796910183441,1403.53901746602
12.3215,-85.8628086059353,1464.86208546516
12.322,-79.0216604989322,1489.35424322782
12.3225,-78.8801330208241,1495.95034307747
12.323,-80.2348392183096,1461.96206449011
12.3235,-84.6746602251511,1343.81780596755
12.324,-96.7138776603471,1139.47312945616
12.3245,-110.381886472229,887.576858681006
12.325,-112.008207802105,597.950053466286
12.3255,-97.2562503047832,236.435934298633
12.326,-75.6441105238692,-197.338902521376
12.3265,-55.9234788419144,-624.676548764294
12.327,-35.8752803488113,-953.166738973026
12.3275,-10.8896747147956,-1150.14031360409
12.328,14.730538838018,-1221.67497806074
12.3285,31.716725663426,-1166.10360685463
12.329,37.8327434946222,-1003.69691597369
12.3295,40.647771048953,-824.362188498801
12.33,49.492539043577,-735.739605875134
12.3305,67.575077525298,-752.019297566362
12.331,90.3224918083946,-777.017432868125
12.3315,108.667556345072,-712.536895555218
12.332,115.178532591828,-554.53878331766
12.3325,109.38819767573,-371.337379878105
12.333,96.9864906917138,-218.624634907079
12.3335,83.8161290377115,-102.069183983563
12.334,72.796805404047,-8.22118891716925
12.3345,66.437316519892,58.4918876243501
12.335,67.5359773716106,78.0415042592307
12.3355,74.4911563922744,42.2786679554438
12.336,79.2512267509409,-28.6710421865959
12.3365,73.5596062348306,-96.4598369632759
12.337,55.7942900214768,-129.414625371264
12.3375,30.196846576742,-121.131637161684
12.338,3.30150709827206,-88.5428658817622
12.3385,-15.6588317309255,-50.4188405786795
12.339,-16.1130362716822,-4.66094866756891
12.3395,4.09613830534413,70.5935819072602
12.34,31.0842047204998,188.53746118595
12.3405,44.5573210417978,330.644977689845
12.341,37.1345510147944,461.311237480744
12.3415,18.8567428374135,561.451765237042
12.342,1.2050245932281,632.078650400657
12.3425,-16.2251423810989,664.790979384206
12.343,-38.5444615221487,630.063138156637
12.3435,-61.5377169009486,505.027293974528
12.344,-73.6877966075376,299.545975983079
12.3445,-71.1484950611411,51.8480705886824
12.345,-62.6789738600762,-180.949620696211
12.3455,-57.4694350104864,-329.368028008221
12.346,-53.9928239772818,-354.10118352353
12.3465,-44.4852476983121,-309.191096264729
12.347,-26.1440954702983,-321.63477817004
12.3475,-3.4954381653025,-458.573044008703
12.348,17.455509047703,-634.871467268699
12.3485,32.5075214790669,-701.585712010647
12.349,38.2461836137681,-613.162010394405
12.3495,33.226309825315,-455.768155089598
12.35,21.0103599579324,-320.422948263849
12.3505,8.09288890364926,-213.135190762051
12.351,-2.49023736840664,-100.10087978596
12.3515,-12.6691102642053,24.9236631877164
12.352,-23.9796311720596,153.784828007213
12.3525,-34.4580668522294,298.872821179625
12.353,-42.6345905334008,474.062038398328
12.3535,-51.3342167410373,664.251319276494
12.354,-64.6293136336042,840.165719672508
12.3545,-82.3567132812608,980.046998292835
12.355,-99.2133719633557,1056.92230554804
12.3555,-108.143993632006,1035.70832602835
12.356,-104.846392107376,912.186617876101
12.3565,-92.4104343730504,731.771222261
12.357,-82.1902439240102,542.891582579085
12.3575,-84.8817679530597,351.659833443392
12.358,-97.1656267001026,143.399250841339
12.3585,-101.1186958874,-78.5798312133152
12.359,-81.465541830699,-302.544896952848
12.3595,-41.1204348988803,-526.807233788733
12.36,3.63661970702419,-731.483956982882
12.3605,39.0844243661704,-855.5711241159
12.361,59.6229788840089,-849.024723978666
12.3615,62.5343037942309,-742.377437537262
12.362,48.3665756027985,-626.751264385743
12.3625,28.1716352729224,-564.144492503039
12.363,20.8155477967177,-546.071339309848
12.3635,36.8057679562946,-537.496709698745
12.364,68.297506541924,-527.917912484162
12.3645,98.5641238545805,-529.529963627362
12.365,117.919020835992,-546.453466644141
12.3655,127.637336302917,-558.691299077636
12.366,133.065871597588,-533.578084775186
12.3665,138.466927285278,-455.955614150086
12.367,146.549919168723,-349.185042576952
12.3675,157.210167446182,-253.169399071639
12.368,165.65814938397,-175.780393446388
12.3685,165.298120438244,-84.4974291426584
12.369,154.539965866638,46.5670045492779
12.3695,139.83594910709,208.100280326011
12.37,130.36065550468,386.480340221633
12.3705,128.123794306988,586.710618485869
12.371,122.210054494938,796.442132669994
12.3715,94.1969529821021,962.416520071214
12.372,33.0915900455192,1045.77401478362
12.3725,-52.7306871240172,1076.33568577063
12.373,-139.144002906605,1103.3255479594
12.3735,-202.675743041973,1108.22973368709
12.374,-233.349480046494,1021.17940323748
12.3745,-233.721552867358,822.536876420328
12.375,-210.830961769112,578.168492956241
12.3755,-172.50064617644,365.684299493463
12.376,-128.590387076783,206.179854284321
12.3765,-89.6439045262798,76.275127607604
12.377,-60.6872102561472,-52.7601463936769
12.3775,-37.3892605116435,-201.427695312052
12.378,-11.7380777311846,-373.199712484118
12.3785,16.6658968349945,-541.793417305628
12.379,37.2450931259833,-667.563576216328
12.3795,39.8815395819086,-731.914830334654
12.38,28.2245596425023,-735.583758983909
12.3805,15.7600282222391,-671.764166923929
12.381,8.36886913980389,-539.709393915732
12.3815,-0.869990916275653,-385.748724525363
12.382,-15.9015609731817,-286.067718298309
12.3825,-27.0756873409263,-273.083707894006
12.383,-25.9836815425546,-310.925454974904
12.3835,-22.551675065847,-352.195777048891
12.384,-32.5329859680969,-381.476823401775
12.3845,-51.6127495851943,-392.443322624362
12.385,-59.2104783802572,-367.42286078316
12.3855,-49.3654835989174,-305.145535957917
12.386,-39.6391464867365,-233.840165714607
12.3865,-42.6638796451244,-171.164513352468
12.387,-46.3437354010775,-101.948123921377
12.3875,-34.4651643317376,-19.9201787855644
12.388,-12.562426788588,41.4206939984201
12.3885,2.87935417114915,50.4318140826507
12.389,10.9317798958682,22.8627748473635
12.3895,23.6437672947703,-5.37531194319272
12.39,42.2570193403168,-26.3524039925389
12.3905,54.6309439440885,-47.562253816329
12.391,55.60144340097,-53.6520273247572
12.3915,52.6414763456281,-21.4473932435767
12.392,49.3119494520705,36.1496295690748
12.3925,39.6110165999803,78.0688229119342
12.393,23.9399862315062,87.9226756388163
12.3935,15.7619546161005,94.9637472102804
12.394,23.7334067027859,143.447495844614
12.3945,37.8635191580141,258.757008783943
12.395,42.0167450092335,437.776670662106
12.3955,32.1296760379529,652.778896370529
12.396,14.6707821723044,864.081384591607
12.3965,-4.84655536134644,1037.19282580982
12.397,-23.016885773075,1144.91715465981
12.3975,-34.4940655869481,1161.23666423118
12.398,-36.2374049994212,1083.97443079126
12.3985,-32.6800640444491,968.708897489157
12.399,-29.6957324190388,895.460210842535
12.3995,-26.8569423863325,870.936056778217
12.4,-21.9921963862353,797.204512406361
12.4005,-18.9066196179558,575.120143383946
12.401,-22.20352541448,213.99283773999
12.4015,-26.7984555669314,-196.198491168234
12.402,-20.8742217105798,-586.619758654436
12.4025,0.739837293721739,-927.52398898049
12.403,31.7049892024397,-1169.66148910799
12.4035,61.2103617051801,-1247.66081461992
12.404,80.0812864927344,-1160.73875137509
12.4045,82.1550296390711,-996.695106634424
12.405,67.5912818436799,-849.745929974141
12.4055,45.3915481923941,-746.469453484328
12.406,26.1795982707494,-664.331427515343
12.4065,11.5630835033576,-582.030804426475
12.407,-3.99101054207854,-488.515304786038
12.4075,-21.0453915916347,-376.2528554997
12.408,-32.1232777540884,-255.440418665199
12.4085,-32.1850064913854,-155.651929944977
12.409,-25.0930712990708,-91.3133618324794
12.4095,-16.624486361499,-42.877974721485
12.41,-7.44062557333308,7.57481044552961
12.4105,2.76377235069119,38.3509745977386
12.411,9.93698929757843,9.14772388275806
12.4115,10.8185104268105,-86.9347932799969
12.412,10.1980506569277,-210.658576457386
12.4125,16.4488385700293,-314.202708463396
12.413,30.4564163019483,-379.785743115906
12.4135,44.2919204164681,-420.450635616601
12.414,51.2550935100498,-449.690090348405
12.4145,52.5856368198468,-457.865837125725
12.415,52.7376667292157,-427.720301470208
12.4155,51.9897144325143,-371.434156795756
12.416,46.9804424721292,-329.187735410738
12.4165,36.9833761336423,-315.361714055163
12.417,26.4098244105074,-289.514795511284
12.4175,20.4026501559587,-210.241278909843
12.418,19.4481548937663,-100.136781838016
12.4185,19.1997135240142,-18.8415984411851
12.419,14.8397914799425,17.3248733954617
12.4195,4.77169193589485,44.2085067205298
12.42,-9.18882330573372,85.0924900041703
12.4205,-23.5185381177227,133.272689777359
12.421,-34.7669504882674,207.606240761864
12.4215,-41.7388862956663,364.277408254853
12.422,-47.0747676432219,621.456419021842
12.4225,-54.7264833367024,916.59672605864
12.423,-64.0207654778448,1172.01423836867
12.4235,-68.5121435199646,1365.84946058924
12.424,-64.4922196377448,1507.93447101718
12.4245,-59.5528261603859,1590.21614557205
12.425,-67.297156500134,1607.76432162716
12.4255,-91.5917958910103,1593.28557940685
12.426,-120.328464308745,1572.53660152249
12.4265,-137.966975313925,1501.44381988637
12.427,-140.616679591296,1300.56754205362
12.4275,-134.180327927467,947.565784237692
12.428,-120.841561198832,495.507922449816
12.4285,-95.433766640557,12.0115711171822
12.429,-56.9610456800668,-451.617124484678
12.4295,-16.8743967673574,-837.553306833114
12.43,9.72370900570273,-1084.32295475057
12.4305,18.7831261682013,-1169.29450631721
12.431,18.9723740719733,-1117.26212090813
12.4315,20.4429999282774,-964.949495146687
12.432,26.627072862467,-752.922002137298
12.4325,36.3119092087294,-550.706903547177
12.433,47.8158172880334,-438.227008919148
12.4335,58.8420480269285,-439.313366326429
12.434,66.66183971441,-503.455784470026
12.4345,72.0267152448936,-566.976518897917
12.435,80.2098556916816,-603.530353010317
12.4355,94.6852190436348,-608.240171461772
12.436,111.798227272679,-575.33820195635
12.4365,125.086429550422,-515.254267942653
12.437,132.467218160178,-460.289462258079
12.4375,134.341783859434,-426.059841258305
12.438,126.641267582847,-391.587238844538
12.4385,103.413445434239,-338.565122456538
12.439,68.1739602935429,-281.395649071788
12.4395,35.6330995267163,-232.29770874445
12.44,17.1200262865071,-166.951293932942
12.4405,8.68229172688075,-62.1973905166529
12.441,-0.90520176468183,52.5900337698337
12.4415,-14.0200788580042,123.466730148338
12.442,-23.5893711557175,142.624232637065
12.4425,-27.3657835009009,152.096165048616
12.443,-33.5390987131897,177.973162979656
12.4435,-47.8618648269339,198.559189713844
12.444,-61.400679279439,186.773910418865
12.4445,-58.2825951652561,152.146209268276
12.445,-34.5381273705766,122.393769893813
12.4455,-3.62243686669319,103.17893930065
12.446,17.9902699181612,76.5225772928826
12.4465,26.8205562481796,31.4863125154087
12.447,31.9411081037904,-19.2387465438031
12.4475,41.5016055574992,-52.1703305949738
12.448,53.3383539772256,-51.5218476313647
12.4485,58.4005110700049,-12.5078609861398
12.449,49.762872153351,63.7382384747725
12.4495,26.6685685806518,165.226191213392
12.45,-7.27710888311123,256.811678902991
12.4505,-45.9322285388488,289.150931110212
12.451,-80.8608085140588,239.531906549539
12.4515,-103.573107429145,141.606518865246
12.452,-109.82855057901,55.8572707105104
12.4525,-101.050053587921,8.39418953382857
12.453,-81.8684544575628,-22.7094604452382
12.4535,-58.9907798714794,-59.2710427843366
12.454,-42.2082028376034,-88.7576510685362
12.4545,-40.5252452036664,-90.3480440856172
12.455,-52.5697377231606,-68.4015435532863
12.4555,-64.1905566913995,-38.4289888239568
12.456,-61.6843027598484,-1.17793771989643
12.4565,-46.6741895226653,43.395798499319
12.457,-32.533325631843,74.4869043636021
12.4575,-26.6669816267196,74.6975493868441
12.458,-23.1735319482844,64.6811797153957
12.4585,-14.6531290022597,78.3482372818226
12.459,-3.93349908280343,106.361487448668
12.4595,1.0655959898572,99.7711522120965
12.46,-0.633527194518385,36.0953350292836
12.4605,-2.459718086154,-48.7606778401557
12.461,0.194658035125261,-104.865028682225
12.4615,5.33235935540526,-118.445602515698
12.462,9.01154852316843,-106.322901556559
12.4625,10.8165149223158,-86.4041077020007
12.463,14.7153347852294,-72.3810542754208
12.4635,26.7873597244865,-78.0230933213651
12.464,50.4495213490247,-103.317193597158
12.4645,80.8051003992478,-124.680102066345
12.465,105.803129956109,-117.636017778449
12.4655,117.162809146177,-85.9256626870732
12.466,118.242899099917,-54.5065474454986
12.4665,116.267314995331,-35.958851086156
12.467,109.498061762966,-15.8606163863722
12.4675,90.3320402646138,27.5127144947722
12.468,61.115815457167,97.7577129554455
12.4685,36.8428897471087,178.724967692137
12.469,27.1936469646947,254.383460014055
12.4695,23.4957788128206,322.823469698958
12.47,10.6628278793067,384.885850623833
12.4705,-12.9396892884508,424.914816343557
12.471,-35.4983242776439,420.716559777213
12.4715,-48.3997662243965,379.03056081162
12.472,-53.5923927491672,340.970175172401
12.4725,-54.3162566621346,334.477385048095
12.473,-48.0108503968663,338.357059705377
12.4735,-33.153875880131,318.599365644552
12.474,-17.3972432609181,285.400267493264
12.4745,-12.6883785274229,278.237442153228
12.475,-23.4236430043729,299.909120771423
12.4755,-42.6560009987762,306.207631984176
12.476,-58.716910609061,265.301379797155
12.4765,-62.9463309438836,185.723974373537
12.477,-53.0032592943857,75.5616260653881
12.4775,-33.5187105251058,-77.2715124732196
12.478,-14.6001999301446,-256.978839170156
12.4785,-5.81035576404067,-396.376026066599
12.479,-8.13991579588349,-444.332688381565
12.4795,-12.5713593726289,-429.546108712087
12.48,-8.91386528453154,-415.716719560735
12.4805,3.8965288535815,-415.795927149375
12.481,17.9164810767239,-395.984954421389
12.4815,25.928178624161,-347.54889928811
12.482,27.7042852301596,-301.636576751074
12.4825,25.607306760137,-275.694250702952
12.483,18.4172884067136,-256.058806184039
12.4835,4.16484177062955,-241.919810096906
12.484,-12.9647763427522,-261.033962055694
12.4845,-24.5926109716797,-324.095417338291
12.485,-28.0933487110047,-397.234980288101
12.4855,-29.9668842411753,-436.73181444361
12.486,-37.4170610373133,-424.665738128513
12.4865,-50.2231412315166,-360.264799587734
12.487,-62.4465105536848,-248.295704995846
12.4875,-67.9187886557625,-112.830243280211
12.488,-62.1467924499337,5.71030139214236
12.4885,-44.319659514104,86.3598003175532
12.489,-21.6047529573373,139.217857917115
12.4895,-6.5431986230877,170.729900859146
12.49,-4.28192585491224,167.452927252977
12.4905,-5.69529491498264,130.212169513039
12.491,0.764514938008137,90.1897481673753
12.4915,13.5051491372985,65.2896840978914
12.492,21.4745954386456,31.1701488989486
12.4925,21.3119644125128,-33.238463427914
12.493,21.6783599557106,-100.230574441939
12.4935,29.5392156600663,-132.174912923636
12.494,40.8362104144359,-141.830677239331
12.4945,48.1852035395695,-165.956912381113
12.495,50.6810553438529,-192.155941544702
12.4955,51.2967387390579,-166.309940790112
12.496,50.0600902574965,-75.762324174458
12.4965,45.6856978660206,26.8743860662181
12.497,41.1814072616361,99.8068942407834
12.4975,42.6661099221207,166.787223077393
12.498,52.9341080497311,266.327781575779
12.4985,68.0431497551374,378.812042503113
12.499,78.6595076757531,442.260851880599
12.4995,74.4159386258268,427.717187843441
12.5,51.754792497685,366.946488749441
12.5005,20.8569170982952,308.719559177227
12.501,1.10292750604684,273.778039407281
12.5015,4.87264001686122,254.597087900735
12.502,26.6872817198376,235.23221090024
12.5025,50.5502188253381,200.222628570187
12.503,65.5008447844814,140.662878919431
12.5035,70.9344942110865,69.5556220361828
12.504,69.5317827718604,25.3891910950018
12.5045,60.5073344458547,39.2677447644169
12.505,41.1478254444064,89.9614241827407
12.5055,12.7221812974867,108.131260533158
12.506,-16.9115981632979,45.825390092705
12.5065,-38.0101853673868,-62.8565195191799
12.507,-47.7270088520141,-134.226419043691
12.5075,-52.6492881508089,-133.459631834263
12.508,-59.2051489390966,-116.590944518858
12.5085,-63.5161000623196,-158.634253292071
12.509,-57.6717133955338,-259.126647309384
12.5095,-46.3745887490784,-341.577002921882
12.51,-47.5458460710228,-335.083478698945
12.5105,-70.254398761293,-234.054459851744
12.511,-99.1750334494636,-86.8775490061437
12.5115,-109.898273991695,47.7560217966602
12.512,-96.7061358896755,136.351336485277
12.5125,-77.2021741368878,189.226421765559
12.513,-70.8403074015572,247.460124816297
12.5135,-80.4644754222103,332.480889576311
12.514,-95.0698345800998,410.048629306739
12.5145,-103.251478477039,425.33020178409
12.515,-100.949314775393,370.593649888124
12.5155,-90.3952054076403,292.665385352719
12.516,-75.3307997112599,235.292153097792
12.5165,-57.6254652427024,203.812638510274
12.517,-38.7160707814338,186.067578608462
12.5175,-23.0969770749145,170.061916473475
12.518,-15.6959004930536,132.903019604294
12.5185,-14.0746012190147,54.965246159845
12.519,-9.33491681847076,-34.0296815770981
12.5195,0.63370414789743,-63.1982206410169
12.52,5.10228266666774,-7.99739226815551
12.5205,-4.6641500585471,59.0535869388224
12.521,-19.1064216541445,39.4412291171649
12.5215,-18.1788784680268,-91.6446826863466
12.522,6.83034588194362,-285.968136372419
12.5225,47.7389923635976,-489.339729937097
12.523,92.1591541195402,-658.636109537858
12.5235,130.057093772628,-736.093301049249
12.524,149.627026765967,-678.297731985132
12.5245,142.61834828385,-526.074698810175
12.525,119.356050357214,-394.396294727775
12.5255,105.917734861673,-364.749918514858
12.526,117.676495378645,-412.60114666615
12.5265,143.280065327383,-452.543556803915
12.527,161.008750187427,-423.300683919073
12.5275,161.897482350261,-315.200550250989
12.528,148.826250202208,-153.220367750834
12.5285,122.963917713524,14.8741046862218
12.529,84.9167387298968,135.419169674453
12.5295,45.1132590139191,185.512838580687
12.53,18.953956760124,186.202968316855
12.5305,9.94415786822935,165.823199775297
12.531,6.77774022551833,129.726097646622
12.5315,-1.80690955764698,84.6002215319025
12.532,-17.3525465163874,65.6834412894182
12.5325,-37.0816731911142,102.474824329552
12.533,-59.0427179822436,168.215056080465
12.5335,-78.3898082655768,201.187415085765
12.534,-87.0837782916032,176.753934666335
12.5345,-83.1881326229447,126.001717041861
12.535,-75.0516731168591,80.5987302294521
12.5355,-70.972940521078,36.6813966574357
12.536,-69.4785703506554,-9.72862599587078
12.5365,-65.6252993645494,-23.9579707367313
12.537,-62.3053794585195,37.4289812772539
12.5375,-66.812483551932,166.830984922028
12.538,-77.4254755450512,299.919833535803
12.5385,-82.2516676516666,368.088804632944
12.539,-73.8425872940866,342.30537780036
12.5395,-58.0845019228751,234.957398839416
12.54,-44.6382619184463,86.3685880091146
12.5405,-34.470249936289,-44.4328541487184
12.541,-23.0382057287743,-100.862482286983
12.5415,-11.9810943865188,-63.9453395582324
12.542,-9.46546364235727,34.5381605785967
12.5425,-18.6481827450382,141.959218141754
12.543,-32.3012421409211,224.579395129476
12.5435,-40.4845166810531,275.672144029084
12.544,-38.3809670850539,299.673037743576
12.5445,-25.5289554039748,305.043469982563
12.545,-4.22142448337965,305.811056457151
12.5455,17.7812100858289,310.220422055351
12.546,29.6733236890271,307.368148339797
12.5465,29.0459269866351,282.463278919727
12.547,26.5275718787418,245.280688712247
12.5475,32.4324955832298,219.848298702865
12.548,42.5672691430779,198.403666282517
12.5485,45.2693260843195,132.416367077094
12.549,39.9096457571292,-10.1846791305788
12.5495,38.2869351192734,-197.72212288165
12.55,46.6623394742957,-367.607885669089
12.5505,56.131805541859,-489.582577181992
12.551,55.1124243253011,-568.323947531875
12.5515,44.0067669628645,-600.238379469346
12.552,31.7650577522796,-571.423816073296
12.5525,23.0914166729585,-499.381409269337
12.553,15.8092864786527,-432.825043702541
12.5535,8.73363552598504,-394.106068913992
12.554,5.68877459357627,-356.184911058802
12.5545,10.1729002927903,-295.132214785344
12.555,18.9126578203319,-232.160740542638
12.5555,22.9173369245382,-198.175190787118
12.556,15.8275329770308,-185.75682717005
12.5565,1.34521936841582,-167.063039927778
12.557,-9.58850901387268,-135.032940990786
12.5575,-10.9194817788355,-92.7837217619908
12.558,-8.38624849673571,-24.6708502675141
12.5585,-10.7805372670675,79.6825157834503
12.559,-17.1276955454099,186.792472900245
12.5595,-18.8689358930433,250.941406099525
12.56,-13.664321271363,278.425485465408
12.5605,-9.10419236179504,312.766696947825
12.561,-11.2087039907936,356.375800643763
12.5615,-16.9158812284197,361.018855952637
12.562,-21.2511741415507,310.303951993564
12.5625,-24.9110275512548,258.749228896604
12.563,-29.9873519453502,258.634855544565
12.5635,-33.9888457688572,288.877024616055
12.564,-33.7361318705798,292.880822632007
12.5645,-31.1676428056831,257.39279209089
12.565,-30.3190982969598,216.58438344744
12.5655,-31.9035709201116,197.962934899218
12.566,-34.8967666127828,196.514043829222
12.5665,-39.4410449626866,184.471421306023
12.567,-43.8763446809334,118.52400912881
12.5675,-43.3735395684316,-37.8131592246427
12.568,-36.6956728030235,-259.91791769292
12.5685,-30.0502091149482,-447.646934430082
12.569,-28.1784894145398,-507.998065971487
12.5695,-25.1350562833361,-445.816397363115
12.57,-10.531011750981,-340.297310232866
12.5705,17.2279220155673,-248.780947202666
12.571,49.6661331020551,-176.790174978514
12.5715,77.7948426212291,-125.618920492071
12.572,97.1093299582315,-107.539116983168
12.5725,105.434744518549,-107.905601332702
12.573,102.347345661672,-86.3849249608113
12.5735,89.9989422650557,-30.2432278310197
12.574,70.0661808693772,37.0659041265477
12.5745,42.3707393100436,106.209818004584
12.575,11.1484849562548,186.737340396429
12.5755,-11.9060547761197,250.173949215941
12.576,-18.3409426483739,233.920498691632
12.5765,-13.2078817839008,133.095926168213
12.577,-6.57758869681401,27.4114163628881
12.5775,1.01462953143812,-26.2181902043948
12.578,13.8738367302622,-69.4971830270788
12.5785,25.5041611712221,-155.79395364411
12.579,23.1979980058261,-243.13361193917
12.5795,10.661851955715,-251.267509088259
12.58,10.5023966681796,-189.054310064523
12.5805,35.4438006333575,-136.975469002675
12.581,67.8060380557391,-117.048038920786
12.5815,78.1803643974101,-70.1116564232853
12.582,58.3991040947579,30.7697503904012
12.5825,26.4936582389707,130.391961200927
12.583,2.81569745135248,180.936903739839
12.5835,-9.81965178331291,207.223136713576
12.584,-23.4414041671997,244.362465830684
12.5845,-49.2063511882266,272.17979523305
12.585,-84.6619072381415,258.571118892734
12.5855,-113.623907955492,219.896713547546
12.586,-120.581276047451,187.568481101272
12.5865,-107.340595524509,150.54198244454
12.587,-91.4154941466282,83.3291121816716
12.5875,-85.4196790137783,8.28874751868834
12.588,-84.1141195901601,-19.0445881601536
12.5885,-76.3558573159352,24.2149942642366
12.589,-62.7037664418098,114.015713308901
12.5895,-53.2135283711729,217.277118994183
12.59,-52.9590292347058,308.569869153369
