time_s,EMG_ch1_uV,EMG_ch2_uV
14.2745,-25.8589638494566,-17.9143287373353
14.275,-48.6532466085687,-41.7371393746319
14.2755,-69.6163814131042,-59.5740561093388
14.276,-91.4477954050781,-71.5228251828311
14.2765,-109.759885090947,-76.9385737929742
14.277,-118.594624614208,-74.3142784800533
14.2775,-121.683035125803,-65.8007334680203
14.278,-126.145101656611,-58.5413626502872
14.2785,-128.383931136462,-59.5616638932746
14.279,-121.305973263842,-70.4738582563175
14.2795,-113.783854179449,-86.7750017491126
14.28,-124.118085055314,-99.8019543327923
14.2805,-150.527789504891,-100.627424236003
14.281,-166.677591847281,-86.9972962646434
14.2815,-154.542455610556,-66.8530485009192
14.282,-125.640650929936,-50.0265497921917
14.2825,-100.329010065893,-36.1413046995126
14.283,-82.4318006059167,-17.3369356216761
14.2835,-67.883160852324,5.57116408051825
14.284,-63.9706822739116,18.2827799422861
14.2845,-81.0942989123326,9.73502998325396
14.285,-112.261481868985,-12.9027581974922
14.2855,-137.922737262209,-32.2510184151495
14.286,-148.762428433203,-38.4767467154697
14.2865,-150.576835072448,-32.8554162722299
14.287,-149.607780635124,-19.709845983966
14.2875,-146.519894114673,-3.88212195294079
14.288,-143.633666405683,7.25545525861053
14.2885,-144.857075731268,8.78750931184712
14.289,-146.485887637691,4.39211891273283
14.2895,-137.963017848923,0.297571964700792
14.29,-114.107772291963,-4.61702282959589
14.2905,-79.6436239039598,-14.3285353143312
14.291,-40.5555575222043,-23.4765321745518
14.2915,3.31631914009387,-20.1478479017113
14.292,56.5872923533737,-1.56280437769691
14.2925,122.976392017672,22.5670045492154
14.293,200.268167946445,44.1990729866523
14.2935,278.260086096932,65.6236004326986
14.294,345.729167789669,91.3050746783064
14.2945,401.119713475359,119.350723165573
14.295,448.891443782973,145.09426226952
14.2955,483.725079330538,166.929707905756
14.296,491.821416564422,184.817440927633
14.2965,474.06252281139,196.859515464614
14.297,450.649121496084,198.508482229788
14.2975,429.637048185423,182.316841869051
14.298,389.00777099675,142.906187565634
14.2985,310.975445653986,90.2619499461834
14.299,218.093794209918,52.0051267734819
14.2995,146.309748443725,46.6744090730818
14.3,92.4283525708803,55.9141217352511
14.3005,23.5489288603568,42.1808070971036
14.301,-63.1804505176202,-1.97322058760841
14.3015,-129.190378897419,-42.6596385858
14.302,-151.874928304522,-51.5499532624406
14.3025,-156.048022694915,-42.5983906927182
14.303,-169.53239633652,-45.8286339332776
14.3035,-180.150654797844,-63.6533316502424
14.304,-163.38730532234,-76.6960807147737
14.3045,-127.029808888965,-80.0193749958844
14.305,-96.7361376583473,-85.4363788128906
14.3055,-75.0582408314549,-92.2688719825341
14.306,-48.7585999036002,-84.3526789428511
14.3065,-26.654393905672,-60.0530290301252
14.307,-34.6271164405088,-40.5862115080255
14.3075,-72.6505302959792,-39.5457665446824
14.308,-107.183857285019,-43.8570050002408
14.3085,-112.641143742084,-35.7263670052187
14.309,-97.5138702053801,-17.3168623992754
14.3095,-84.1049673034951,-2.01749485747
14.31,-84.3990798875307,4.84194593669094
14.3105,-103.42951475055,3.19277108007087
14.311,-145.351451086501,-12.9468688010314
14.3115,-203.054689411018,-48.4337610671242
14.312,-254.982970263334,-93.1805834597658
14.3125,-283.290727384119,-127.54306362567
14.313,-286.76023549121,-140.916092467668
14.3135,-271.119113462539,-138.860812543161
14.314,-239.463181994385,-134.348636370707
14.3145,-199.223624242445,-135.594287735687
14.315,-165.326255487857,-137.595151301402
14.3155,-146.042313123178,-123.341691329885
14.316,-134.808143842337,-81.855500652145
14.3165,-123.893222377566,-28.2020051331548
14.317,-115.277042747896,6.68630433183363
14.3175,-108.262331102331,13.066322589313
14.318,-88.1166864586537,15.2195091478508
14.3185,-42.7199428619737,35.4100556061393
14.319,14.6520408289215,59.684614541129
14.3195,54.3878887834252,59.5369893990711
14.32,62.7377640004211,38.3305719990797
14.3205,54.1910643017793,30.1269007335169
14.321,51.0199685241862,50.7759278563144
14.3215,60.3321928628997,74.5796722226509
14.322,74.4551512436087,70.3096884694795
14.3225,86.3231262905334,42.9083514301254
14.323,98.3256080784671,24.5564454009808
14.3235,117.266451788091,34.032920601155
14.324,143.87681019032,59.5400687087943
14.3245,169.093564856592,78.1289624089916
14.325,181.799749954154,79.5738684469754
14.3255,179.422086782901,69.8559260489085
14.326,168.434511404286,59.8257826417732
14.3265,155.411725824777,54.9773236769397
14.327,142.100494438883,53.6050391644325
14.3275,129.017331553473,51.1508947503986
14.328,117.371588972377,44.4395689488993
14.3285,105.617693025642,32.3244706864668
14.329,90.9266950601431,16.22659595016
14.3295,77.2011289446513,2.98183837315407
14.33,74.3928614140812,2.97590776018562
14.3305,84.850341628141,19.0741045621818
14.331,96.7958317212183,39.2386323648862
14.3315,97.2897713247236,47.091929406233
14.332,85.9034797854217,39.2304921366669
14.3325,69.5454577918075,25.5867865568563
14.333,50.7234217973959,14.6152588497494
14.3335,29.7821208030638,7.58262177871962
14.334,12.9901620866417,6.59062172381762
14.3345,6.88222659962451,15.0038713108115
14.335,6.59603780670636,25.6796402700362
14.3355,0.539415414976675,21.4536521278747
14.336,-13.6068693395282,-4.34402844853019
14.3365,-27.1901027362219,-37.4652648343814
14.337,-34.7633933164539,-61.4691724861716
14.3375,-39.4708402580189,-77.1176486589524
14.338,-42.5284039441905,-91.4504953035167
14.3385,-38.0432122116218,-96.3081291867965
14.339,-23.1917715232072,-75.1861483540376
14.3395,-5.40551029396894,-30.9092623226419
14.34,6.1309991475165,9.09935406458652
14.3405,10.1353535154244,20.2996943170927
14.341,9.79682535263351,4.37022885156905
14.3415,5.88304162450794,-18.4921853306394
14.342,-1.12324511131851,-31.526528642058
14.3425,-7.147510106988,-30.5423007198325
14.343,-9.17893145681061,-18.8420799992453
14.3435,-10.6387091220618,-1.32828816838644
14.344,-16.632663752778,17.3069281016169
14.3445,-26.5553119395366,32.4244720726163
14.345,-36.5705094316058,38.2088272678217
14.3455,-46.8068065082609,28.4390981543579
14.346,-60.1640001861081,2.76962019965768
14.3465,-75.1035054281887,-28.0872161011067
14.347,-85.0707226045308,-49.1088092234689
14.3475,-85.2515001529591,-54.732143744871
14.348,-76.300930066548,-51.9758229608245
14.3485,-62.3399796498888,-49.4804235387161
14.349,-49.1824446017782,-48.6811492548427
14.3495,-42.9710945006518,-46.2838722342189
14.35,-44.9230891921155,-38.4334331503812
14.3505,-47.3821096624131,-20.3543235360315
14.351,-41.0640162031212,9.82920530211724
14.3515,-28.0771665174378,41.7460005072575
14.352,-22.2806251030882,55.056639716975
14.3525,-33.145771149359,40.1597495799338
14.353,-53.4636616828814,13.2701194312589
14.3535,-67.821250264561,2.04158530585946
14.354,-70.4298523520543,16.3288754683443
14.3545,-68.3827802261498,39.6412439961575
14.355,-67.7594664680814,49.270060456969
14.3555,-63.9503680647703,38.276105087066
14.356,-49.9383226868191,16.9450160241206
14.3565,-29.1329137455837,-0.103473975026889
14.357,-12.7008044739756,-4.15116773782431
14.3575,-4.78641338989886,5.35756201264587
14.358,2.43531136457581,22.6158751299799
14.3585,16.5544850410339,39.1644341618555
14.359,34.2880246701702,48.8165370628391
14.3595,48.261263811916,50.8295020941551
14.36,59.1744993492366,49.0357028605013
14.3605,72.7140975450246,48.1949343463538
14.361,85.9694910391653,50.0880326448045
14.3615,86.6628059581237,51.6556302342011
14.362,68.832496298062,47.4863140601119
14.3625,41.7965568959631,35.5878471833082
14.363,19.0616895854859,20.0487574143549
14.3635,4.19567696301949,6.55292391582576
14.364,-7.52929048077335,-3.45056890553842
14.3645,-19.6004535738845,-12.072705971209
14.365,-33.5284256204843,-20.6772006067125
14.3655,-53.0982258769967,-30.583511252972
14.366,-80.1809837375854,-46.94377565622
14.3665,-107.116820504762,-74.9397760262465
14.367,-121.013657089648,-108.451429065265
14.3675,-116.218227590124,-127.374275116802
14.368,-96.8366314644945,-113.154496397001
14.3685,-68.3001687496611,-68.1461274942251
14.369,-34.302556348687,-16.4302790092099
14.3695,-1.11174079287367,16.0130742465027
14.37,26.1111328385027,21.4231827469214
14.3705,54.0982510927021,12.1000970844171
14.371,97.0496534330384,5.59442104147048
14.3715,154.520935817307,9.34798210757988
14.372,203.744086523849,17.8595288040291
14.3725,224.22752431299,21.975722719844
14.373,222.659614649568,19.2064400550544
14.3735,221.046921108311,14.8281824603961
14.374,225.128172571624,14.6057005285227
14.3745,219.821102474124,18.97386741307
14.375,195.708319706007,24.6189106337737
14.3755,163.544334652696,28.6310881158183
14.376,136.466227150731,28.7845005634587
14.3765,111.788240981312,22.3833429907275
14.377,80.8785574387404,9.17842218329066
14.3775,46.9390994614465,-5.23759916003324
14.378,19.6521865367328,-13.8591825196196
14.3785,-2.50678396899066,-17.5365228325481
14.379,-30.6175610810317,-25.5842040422246
14.3795,-66.8678118592881,-44.3473998715019
14.38,-100.668199194076,-68.3066047102319
14.3805,-125.391621616324,-85.7426031953338
14.381,-146.988255370373,-90.5481171518743
14.3815,-170.331695314765,-84.8344162875081
14.382,-187.081207788647,-72.8398814849511
14.3825,-186.281357574766,-58.0240532078163
14.383,-171.571450031415,-45.218884339538
14.3835,-158.419550467756,-39.1579093442588
14.384,-155.613157403606,-39.0005321215649
14.3845,-156.634753205332,-38.7068730136797
14.385,-149.359942455961,-34.4530877788761
14.3855,-128.866708251622,-27.7324847770087
14.386,-100.288891301865,-20.070436581396
14.3865,-73.1009043357884,-9.835943379477
14.387,-52.7137010878532,3.31162469989922
14.3875,-34.8854176279789,15.9955637265886
14.388,-10.0146078841845,26.7173742434605
14.3885,23.737172816596,39.1927172037439
14.389,55.0952502891654,55.8512932880288
14.3895,73.4845226089136,72.4964964595751
14.39,84.5269539719317,84.4910961461672
14.3905,101.457990833403,93.6883743657914
14.391,121.308639026507,102.543962186696
14.3915,122.578183079776,105.396848069945
14.392,92.7613013159347,94.7690633477914
14.3925,47.7148256977131,75.2042545003986
14.393,14.0098642833315,61.3772712597436
14.3935,-0.660428287772976,60.8286097236901
14.394,-8.29913111328894,66.716395184406
14.3945,-17.6056095508956,70.1450026857739
14.395,-25.4264215797077,71.1962372256524
14.3955,-31.6977257281672,72.5553250258996
14.396,-47.1713954690122,69.3243594120329
14.3965,-77.6652589932063,53.6054266290619
14.397,-109.928874721044,27.1325934161639
14.3975,-123.522201925688,2.13680717264114
14.398,-113.215561655031,-11.6368886509505
14.3985,-91.6088506473513,-16.4823388034404
14.399,-71.6543722415492,-21.0770660035191
14.3995,-54.3348540077661,-27.6176372715879
14.4,-33.7033620242337,-28.5247053723044
14.4005,-7.12162107422875,-17.7810380265137
14.401,22.2181135643908,-2.31156620985826
14.4015,48.8920641069327,4.33763767954204
14.402,68.5135402265723,0.525504163538285
14.4025,79.2577414058898,0.415966311807256
14.403,82.0414670019376,13.6059731283522
14.4035,78.8213517148611,28.659406028708
14.404,70.8707533863368,27.2702083059609
14.4045,59.8164248818269,9.38493779825015
14.405,49.3076157465091,-9.60810142279209
14.4055,43.0413579122205,-24.4886599921939
14.406,41.1704569382259,-45.7698103653576
14.4065,41.1003444087707,-75.9629802223805
14.407,41.8183560112667,-97.8027315164592
14.4075,44.5365495638007,-96.594019753816
14.408,48.6511433396063,-81.2127768608201
14.4085,50.605132747165,-70.3189414283547
14.409,48.4659170140209,-67.9004750993118
14.4095,44.4566547080689,-66.6339236967475
14.41,40.3715806029555,-67.4072801756036
14.4105,33.4257888750303,-78.090810250542
14.411,20.8118173250068,-94.83171779486
14.4115,7.07265265444366,-100.36540147621
14.412,2.1099203608719,-83.6171909293692
14.4125,10.6266682238151,-50.440709072474
14.413,26.5611995905115,-13.8733528610828
14.4135,39.1869830987615,16.0839476332074
14.414,42.1678264409727,32.1613755034368
14.4145,35.5846456259729,30.6590712848876
14.415,22.6035572483351,17.0143632260896
14.4155,7.5555333222076,3.57240482381814
14.416,-4.19951873920246,-0.944079918329787
14.4165,-8.23918281128522,4.68875307490675
14.417,-3.94954881048358,18.4116515911116
14.4175,5.46203532948078,34.2353892990032
14.418,15.3484433389976,39.5701558994298
14.4185,21.3467752829007,25.808998139766
14.419,20.8175036926482,3.55081058552503
14.4195,15.3287605010506,-4.52463288456347
14.42,10.9061193546495,10.4163592343759
14.4205,12.934915367881,35.3274978569739
14.421,20.6921881589995,56.1232333793195
14.4215,28.8013185299855,72.8630423406977
14.422,33.1854956107947,87.3035392070015
14.4225,32.9321116671698,89.7827709674125
14.423,27.684401191844,72.1989191088662
14.4235,17.7550872142397,45.755257240738
14.424,6.93823269580917,31.168191255962
14.4245,0.192557322729968,34.0141515379526
14.425,-3.06308048500002,41.4656627164158
14.4255,-8.84889328481139,41.7339531958462
14.426,-19.808784012979,35.5010322470776
14.4265,-31.1553912514667,27.8577347316865
14.427,-38.2822251656232,19.5976667616301
14.4275,-43.694795668296,9.94547844783004
14.428,-52.2564211611471,0.660380970574381
14.4285,-63.6424553044648,-6.56998368953885
14.429,-74.3941547879225,-12.7824270847622
14.4295,-83.9908259562872,-19.3680911408231
14.43,-93.4740977174473,-25.9803175056725
14.4305,-101.068896594161,-32.0961210745218
14.431,-105.221397110119,-38.1112637728596
14.4315,-109.492728344079,-44.1313121706045
14.432,-117.72357987579,-49.8000430449423
14.4325,-126.299755559087,-55.5600402925002
14.433,-128.912782363091,-62.2253269137867
14.4335,-128.025516428159,-69.400496908893
14.434,-132.731187386492,-75.7515855532755
14.4345,-144.059454455809,-80.285066430702
14.435,-151.426136998227,-82.4722109852055
14.4355,-147.425021466157,-82.6004791909898
14.436,-138.701571595096,-82.7366860361061
14.4365,-136.930541779919,-84.620149272524
14.437,-144.110769774722,-85.1969322661818
14.4375,-151.765151576511,-77.7777378450262
14.438,-151.272403568262,-60.3810819411427
14.4385,-141.282518474461,-40.0618697351639
14.439,-127.925170974723,-26.1804137310824
14.4395,-120.009958306546,-21.8825433636723
14.44,-120.01292447612,-23.9625373103807
14.4405,-117.656900050072,-26.7726966795375
14.441,-97.3159238192831,-23.2946043954879
14.4415,-54.1184109339821,-7.66447967199854
14.442,3.28130281055656,18.0274402945824
14.4425,68.7195481907968,43.3271715658967
14.443,148.748720757972,61.3236823701093
14.4435,249.509087366109,77.5410346347605
14.444,359.50361891924,101.220126706551
14.4445,455.128113451814,131.253447500311
14.445,522.0481419877,157.619080580259
14.4455,564.64106956572,174.299167888929
14.446,595.810875392948,183.879215367402
14.4465,622.626025454016,191.261182974395
14.447,639.118625343865,199.260004164373
14.4475,627.422003312619,207.632523775697
14.448,569.403848705054,209.089195617618
14.4485,464.376732565979,190.093647730984
14.449,333.116939374691,146.15935740449
14.4495,198.276759799414,94.1916972623766
14.45,65.411598823898,56.7728433932185
14.4505,-67.5763610841562,33.4622089531165
14.451,-187.539167548463,1.94695847422373
14.4515,-268.405613890436,-47.8501368463835
14.452,-299.324294551533,-95.5001535988672
14.4525,-297.644657565664,-115.386355131699
14.453,-287.834626632958,-108.378815879607
14.4535,-277.614700783462,-95.3377236544757
14.454,-262.309163481109,-87.4381467115863
14.4545,-243.669442717818,-78.7396991927239
14.455,-232.713820045866,-65.1055284299531
14.4555,-236.032133522412,-53.6868670515471
14.456,-248.25785940407,-49.9293464179553
14.4565,-259.651816349949,-48.4766799220687
14.457,-266.749662250715,-44.4513114010644
14.4575,-274.123608837723,-44.7901295398951
14.458,-286.722317059218,-59.291674228212
14.4585,-299.949065315877,-84.9943805566777
14.459,-298.05455494322,-107.998697825422
14.4595,-266.475010107179,-119.175989396355
14.46,-207.371513341648,-120.617930378755
14.4605,-139.259525731663,-116.558930298615
14.461,-79.6218695849098,-105.614067608212
14.4615,-31.9734758278896,-85.4692804538918
14.462,8.60613317413846,-59.9269966986503
14.4625,43.8362993474046,-36.0207557063388
14.463,71.2559996969238,-16.4328791375401
14.4635,90.2446446467985,0.292712711792856
14.464,102.525526137023,12.9986384624114
14.4645,108.150378883146,16.7618545615281
14.465,105.684973757943,9.59865625506703
14.4655,95.3890175927856,-4.18959711900816
14.466,78.8263243685369,-19.4790730948132
14.4665,57.2223222194062,-35.1290082461935
14.467,34.1297412085504,-50.3198245690096
14.4675,17.9563954999294,-59.8635437582988
14.468,16.8443409581651,-58.0927097422555
14.4685,30.319480938359,-46.0921779443881
14.469,48.6887158981209,-30.8765330697037
14.4695,61.1647136771663,-17.8858672156645
14.47,63.7499707777901,-7.55431637196213
14.4705,60.7879519204091,1.84764244480352
14.471,60.6332296878732,12.080993150334
14.4715,68.3168263225137,25.1907652871059
14.472,80.7096016317613,41.6252066590844
14.4725,90.0997321563817,57.679801664063
14.473,92.7670629684577,68.3040415521691
14.4735,90.7761809966589,72.6363455807856
14.474,84.8003564052478,73.5933452660959
14.4745,70.9494739522361,72.8098028320604
14.475,48.3079724847556,70.3769660126159
14.4755,24.4724112691935,68.7662010896788
14.476,8.03961049825445,70.9541124736171
14.4765,-1.23037570573487,73.9852659199086
14.477,-9.64137495816716,70.8645837016476
14.4775,-20.1247940262613,60.6061605483743
14.478,-31.2335247294903,49.3693275442426
14.4785,-42.5819104722984,38.3969202138608
14.479,-54.4390763996135,18.6771823981278
14.4795,-63.4078575265588,-15.9266032921848
14.48,-65.1662617767446,-56.2434851689822
14.4805,-60.5631427470046,-86.4719514740871
14.481,-52.3288760840672,-100.955244125658
14.4815,-36.7108400900479,-103.050838123544
14.482,-6.63556561664977,-90.2439261863005
14.4825,35.3367007638039,-53.0329676573704
14.483,74.5826461468913,7.70953317810212
14.4835,97.7454453835643,72.0451966244559
14.484,103.120575521082,117.068747656729
14.4845,96.6489124767428,137.736544216181
14.485,85.1191947771675,146.786534586726
14.4855,76.4221961074434,157.892274354221
14.486,77.8562835923841,174.150945741283
14.4865,86.1824830485599,189.257035897801
14.487,83.6502604718662,191.922096519233
14.4875,52.7216624141925,169.438689688843
14.488,-4.2939713182744,115.489817436253
14.4885,-64.5434308160135,39.4983100120258
14.489,-103.769942870888,-35.1152612623652
14.4895,-113.757702189302,-86.2682333085721
14.49,-102.881620708155,-106.744336859805
14.4905,-84.8358114173756,-102.986782392492
14.491,-68.6088031857254,-85.8001571106402
14.4915,-56.4536094621817,-66.1433330304148
14.492,-47.9995899038965,-55.1447130676508
14.4925,-44.142708264812,-59.2885212190949
14.493,-46.0725101930873,-73.7892321509059
14.4935,-52.0253068719717,-86.496693852921
14.494,-58.0547672474351,-91.0790034041622
14.4945,-62.4125755833584,-92.1556758532307
14.495,-66.2987917983617,-95.219783767891
14.4955,-69.5511724527354,-97.000289571743
14.496,-69.1748108816984,-90.8291098167275
14.4965,-64.1572020441811,-77.7139682016608
14.497,-58.406797707566,-65.4369041301015
14.4975,-55.8410661889365,-57.725662264554
14.498,-54.9770777200047,-50.5863997187819
14.4985,-51.6998327895958,-40.2941908353627
14.499,-45.5594750167719,-29.8294539358298
14.4995,-39.8086088683031,-24.9807796483805
14.5,-36.3006700866634,-27.036856678247
14.5005,-33.5985610486729,-31.1993929895749
14.501,-29.3268462953613,-30.4668100957272
14.5015,-21.4800851241463,-20.6757535755319
14.502,-8.64900756189641,-4.20922035470411
14.5025,7.42051976268899,10.7155309256228
14.503,20.6468020534116,17.0382213200185
14.5035,26.9599928410047,15.9941103547121
14.504,32.2328786171425,15.2282584419046
14.5045,48.4952019416076,19.6324803943861
14.505,79.7104770737589,26.58807028314
14.5055,115.56331400205,30.2718893296795
14.506,142.773773482569,27.3351006019323
14.5065,158.91772203741,17.8940814206621
14.507,170.533708862097,5.05745357261507
14.5075,180.855134798583,-4.5895432666889
14.508,186.677093628514,-3.75702661486498
14.5085,187.313018897461,8.76112620431233
14.509,188.585624287789,25.2937226525567
14.5095,193.678754449746,35.4669670721262
14.51,195.682517385306,34.6298599028309
14.5105,185.379621468823,25.8210571788626
14.511,163.168082366293,15.6686085804962
14.5115,136.363703554948,9.60010717524011
14.512,106.386918541692,8.77617652730388
14.5125,67.0532368037054,9.61780629365168
14.513,17.0792192813015,7.42066056606331
14.5135,-33.8050525443221,1.56443581251346
14.514,-75.3938984462796,-4.13469649970376
14.5145,-106.866968563842,-6.61642329138409
14.515,-130.240111312903,-6.39840954199828
14.5155,-139.988230289809,-3.67859824804189
14.516,-128.439522145432,5.18689002301796
14.5165,-100.022713228587,23.3392403306011
14.517,-71.7703138015543,46.3081262088974
14.5175,-58.3076901773257,63.3125536086628
14.518,-61.9039977921774,67.2707252745263
14.5185,-77.4166737943642,61.0139270489439
14.519,-99.6618533099264,51.3671822909461
14.5195,-122.731709345542,39.6381741221301
14.52,-137.821341666184,23.0408459143364
14.5205,-137.525665748291,5.29493229678345
14.521,-122.089522868017,-2.15706891195465
14.5215,-99.94506231043,5.0274790720332
14.522,-82.5618950179993,14.8906068080205
14.5225,-77.7142627815945,14.6460336491043
14.523,-85.2749478325724,9.81865112396339
14.5235,-100.272978453972,11.5929071538772
14.524,-121.580117176027,5.59314309021608
14.5245,-153.190155272171,-42.5092132751318
14.525,-191.541200157307,-135.095986298882
14.5255,-216.99919147911,-214.314378828238
14.526,-209.610147506881,-210.775445978094
14.5265,-173.507095616613,-116.950573520164
14.527,-134.357032423219,6.61841075546783
14.5275,-110.502285018085,93.7850095688195
14.528,-98.7094978929811,120.691267818575
14.5285,-91.8207418749766,96.8967886821943
14.529,-94.1192017931247,41.9459208856646
14.5295,-107.614777372584,-16.52102093527
14.53,-116.615895689981,-47.1707279067215
14.5305,-103.755167343307,-39.9971364637756
14.531,-75.1302539280208,-16.2218855784903
14.5315,-51.7642049844327,1.56203458393747
14.532,-38.3187759975218,17.7096188095242
14.5325,-18.2151753624553,47.3627664385044
14.533,18.5883548953399,84.6451032231561
14.5335,61.1542778762609,107.443868586619
14.534,97.9986048474235,108.450963832186
14.5345,137.047814998685,102.355386830164
14.535,194.268311949423,103.004387678698
14.5355,271.774243703293,109.176916628727
14.536,357.6089925147,113.998739822152
14.5365,440.560775589424,115.319603146239
14.537,515.025602510174,114.065940801549
14.5375,575.547534039566,111.146999130367
14.538,616.656976114197,107.940372465225
14.5385,637.727884226411,106.100222115097
14.539,642.094153244714,110.358258316235
14.5395,631.926201833629,132.926769052758
14.54,605.498926255838,180.6615278553
14.5405,553.146063329401,226.485362193322
14.541,452.252392016874,209.967229512304
14.5415,278.158866736496,90.6998177956139
14.542,35.1715780554888,-102.772642695607
14.5425,-225.741815261003,-296.974532350798
14.543,-434.936297978131,-441.457181428325
14.5435,-555.231243329211,-530.787752155603
14.544,-600.646248262085,-565.930508260824
14.5445,-607.695745844967,-530.761158178808
14.545,-599.968546610958,-421.667961639466
14.5455,-580.976927172709,-274.91715170904
14.546,-545.219981514027,-143.402006492923
14.5465,-485.440409853398,-57.0176141509968
14.547,-397.750738218917,-16.4923199822105
14.5475,-291.338431919865,-9.81430010555411
14.548,-189.920345003926,-18.8802737684479
14.5485,-114.605670073679,-22.7388051204427
14.549,-66.8048518438772,-12.7496270496695
14.5495,-34.2746305786308,0.218664566501038
14.55,-10.0401353800303,4.61454186321494
14.5505,3.88644566395014,6.05222497929057
14.551,9.10308163707645,15.291155013009
14.5515,14.8230758335336,28.4150661121909
14.552,25.7232132260707,33.4892634766006
14.5525,34.9000063737381,29.7541276276047
14.553,34.4634829032683,25.5506721732959
14.5535,26.7976494934418,22.6936627210195
14.554,19.5792297647948,17.5882144807903
14.5545,14.8769968487321,13.8044357406253
14.555,10.0695299037758,18.6757737153491
14.5555,6.15453985552986,29.2942999375097
14.556,7.39067346709036,35.5169166732379
14.5565,13.3479989595482,35.8854648450696
14.557,18.310065200955,37.9042916686614
14.5575,19.9431235015519,43.4539158558078
14.558,23.0879969863134,46.9312262753403
14.5585,32.5245024896306,48.0214165874833
14.559,45.7637083309462,53.1599393996935
14.5595,55.6178492350239,62.3030540095356
14.56,57.7416379500632,66.54996541772
14.5605,54.1058489318841,62.651002484535
14.561,51.0710111409958,59.4471286146507
14.5615,54.9941760890805,65.4260640402046
14.562,67.2116021551511,78.1867082243148
14.5625,81.9469483603657,90.1533048539748
14.563,91.1765383487312,97.5554887206316
14.5635,92.474782232042,100.421424724128
14.564,89.9358425271508,100.191325134619
14.5645,87.2371440188582,100.337327024174
14.565,83.5344004139618,103.921881144501
14.5655,77.3826431701077,109.07261599696
14.566,70.183914014042,112.631729732133
14.5665,62.7654012519127,118.37010139002
14.567,52.4014967306961,133.660695735624
14.5675,37.2115350336776,156.596693371581
14.568,20.577130874651,174.745285253835
14.5685,6.90240886728537,179.438346670794
14.569,-4.59610298749883,173.689776667169
14.5695,-17.2971830821832,163.22448232401
14.57,-30.5576188878789,148.202288949682
14.5705,-40.8836383184876,128.80700282087
14.571,-47.9507184043152,111.837640694134
14.5715,-53.3701243783142,104.949453464185
14.572,-54.5036552276798,107.430827037181
14.5725,-47.076820043616,110.305451102549
14.573,-35.3310659517944,102.316834667639
14.5735,-32.0990233926803,74.3620203164866
14.574,-44.7620778972367,23.9735857284741
14.5745,-66.4074010351297,-40.9778318127886
14.575,-85.1100574229597,-107.49243903855
14.5755,-97.3738248688083,-168.8791302484
14.576,-107.364356418532,-226.255566403935
14.5765,-116.495502342844,-277.456384102649
14.577,-119.965118420429,-312.351421038079
14.5775,-112.460128837654,-323.725056001835
14.578,-92.3673495424634,-316.160264744579
14.5785,-61.0585308153988,-298.689868410473
14.579,-22.6774965578715,-274.459066857254
14.5795,15.53153274295,-243.571400131242
14.58,47.480178602712,-210.465301123622
14.5805,74.2001710800003,-180.648063095863
14.581,102.301972316784,-153.206279934869
14.5815,135.156107915378,-123.689330795245
14.582,167.926876770055,-92.7705133824803
14.5825,192.010554979752,-66.1726125793442
14.583,201.893883619836,-47.294939769798
14.5835,197.120296055152,-34.7223882006961
14.584,180.792207506245,-25.3537025578838
14.5845,158.10051693037,-15.6896360825651
14.585,134.028821407908,-2.63634452186438
14.5855,110.153639379509,11.8815234386553
14.586,84.7745847190662,19.7511966595381
14.5865,57.4917321907462,16.0822027474678
14.587,31.6818199583975,7.84274579640719
14.5875,10.0723055670905,6.69426258401706
14.588,-10.613504045021,14.3457995298229
14.5885,-36.9663870656439,21.6291868329705
14.589,-70.1141115814333,21.6537436736874
14.5895,-102.057292873233,16.7560034848194
14.59,-122.168176881683,11.5722484793695
14.5905,-126.252529074025,6.62721071212646
14.591,-118.793521214318,1.85812666227763
14.5915,-108.497077736083,0.415612698185385
14.592,-103.387288222047,4.27503826158022
14.5925,-108.040760747607,9.51577214278834
14.593,-121.30740815302,10.1375736264655
14.5935,-135.293421368998,4.80835750350665
14.594,-139.015688840181,-2.81572280637194
14.5945,-125.682713321364,-8.35844614157621
14.595,-96.9749528761301,-8.71754478373269
14.5955,-60.4765306726446,-2.2041739306285
14.596,-23.9628969614441,9.53273942265608
14.5965,8.14712605526911,20.6661270544739
14.597,35.2774182707499,26.0911031451494
14.5975,59.2371333022012,27.76104868339
14.598,81.074157719883,33.1229532246118
14.5985,98.5269684874075,45.7278990397468
14.599,108.055991322995,59.7623762294737
14.5995,109.601607571229,66.7022230279861
14.6,106.260884650486,66.5200426002621
14.6005,98.0359782457032,68.6374377718651
14.601,80.0326069259557,80.3603700604405
14.6015,49.841730869998,97.6801905903246
14.602,12.2938955464828,111.036840548564
14.6025,-28.0451071869365,117.948929171125
14.603,-74.6412592354041,124.301191851474
14.6035,-131.307206766099,132.952692661662
14.604,-189.561839650749,137.903963835276
14.6045,-235.011335207596,133.467097040831
14.605,-268.515134867797,123.246802618706
14.6055,-309.373078114323,113.212335863721
14.606,-369.146806559915,99.5856608998031
14.6065,-428.713656808786,73.0215954392496
14.607,-450.292867424608,35.4730307970536
14.6075,-409.957544442146,3.64506092540963
14.608,-312.448921858891,-9.3198953761608
14.6085,-178.961887751232,-9.4254871693249
14.609,-31.4785437000882,-12.7601954073008
14.6095,110.277981526008,-24.8270310527845
14.61,228.301641852013,-36.5152557435983
14.6105,312.676683070323,-39.4437114000846
14.611,368.189126749688,-36.8784042535215
14.6115,409.819868764938,-36.3918394773222
14.612,448.874140816857,-37.9153906306793
14.6125,482.997206968905,-34.5282208509923
14.613,500.917612458156,-22.1354994499014
14.6135,498.542837867215,-2.83652655099166
14.614,487.807548645062,20.3835770717287
14.6145,482.705494255224,46.8353190758592
14.615,475.477901889413,74.8582147864395
14.6155,437.485387416758,99.8402496002795
14.616,353.455766941633,117.906512857676
14.6165,247.978527220008,128.48254149003
14.617,163.631936374473,131.02318335713
14.6175,113.964462846472,123.139752621242
14.618,73.8535989308208,106.39573249165
14.6185,19.9702374286525,90.9075702901448
14.619,-37.4261747195319,86.7318687117926
14.6195,-76.3395861203966,89.0200056885632
14.62,-102.99660685826,77.7159836275572
14.6205,-147.963335223545,36.7526764380894
14.621,-223.103972107619,-28.5083839575895
14.6215,-301.928342167566,-96.3157839419592
14.622,-350.040085044205,-149.133332039788
14.6225,-361.127813733499,-185.218489224384
14.623,-352.594055928995,-210.734395642822
14.6235,-336.846662626607,-226.902569003114
14.624,-312.657307706625,-230.279509066628
14.6245,-281.409136516943,-224.464944581069
14.625,-255.076833395523,-225.015275008718
14.6255,-242.077364174224,-246.795454026385
14.626,-234.931124919626,-285.653074616634
14.6265,-219.369989679126,-316.341352970363
14.627,-190.675145048563,-311.99178145997
14.6275,-155.241911975117,-265.92589766335
14.628,-120.701079055778,-194.501052664419
14.6285,-91.8092688831397,-122.023695696882
14.629,-73.43939941995,-65.8832152464564
14.6295,-68.8293245241197,-32.5015120274199
14.63,-72.9963498207919,-19.0483759134561
14.6305,-73.7797275361897,-15.2433872321057
14.631,-62.2963126267728,-8.01062604798669
14.6315,-39.230817405668,9.88154019362929
14.632,-10.1085680071897,34.7149870813763
14.6325,20.5547683629856,55.9802862059874
14.633,47.8539358051346,64.7583879198494
14.6335,64.3954648971957,58.5811086729415
14.634,65.228966014463,41.8281004618824
14.6345,53.9659420337176,23.3672086258961
14.635,40.6427194065008,10.9227974100865
14.6355,34.0334482400509,5.26201843962354
14.636,37.8416239461741,1.95300896775812
14.6365,52.1036670347209,0.0691621998123102
14.637,74.3099701894734,4.76180546047452
14.6375,99.3008197229532,17.6112575943029
14.638,121.336415908427,28.9646774482508
14.6385,137.391445143583,26.7180108253095
14.639,147.261946965469,11.5182059713014
14.6395,150.79718848875,-3.26863476334372
14.64,146.94577809965,-7.23533005350112
14.6405,136.002191743651,-2.74306875797951
14.641,121.710583563702,2.25596919820124
14.6415,110.384214315196,5.16073010843011
14.642,107.183143143709,9.04380529734527
14.6425,111.914587239739,16.7772907747517
14.643,118.396922461399,29.9332895200777
14.6435,119.504902532471,51.1064661461252
14.644,113.053379060354,81.4647831363115
14.6445,101.329542012448,115.20117523477
14.645,86.2074001616836,141.122045567266
14.6455,68.7939568154556,153.302498788492
14.646,53.350907140265,158.360803849157
14.6465,44.7690949582636,167.703289524268
14.647,39.3967786926267,181.986559827396
14.6475,25.7291697017563,189.534237739664
14.648,0.948088823099749,186.435371633738
14.6485,-18.6278266314291,193.636187509439
14.649,-13.4659398185978,240.344399975781
14.6495,13.6594807496479,324.711183019505
14.65,37.151230106174,402.390954714509
14.6505,35.2593346127002,426.719882697321
14.651,9.47266629915606,395.328787500221
14.6515,-25.1240643073639,344.558198487468
14.652,-59.6157521350187,302.373464610624
14.6525,-93.8533624158145,264.853764973403
14.653,-124.986256413485,220.469276471192
14.6535,-144.254425274891,175.170344702915
14.654,-147.07548010158,139.641985360012
14.6545,-139.60901341656,107.352324494269
14.655,-131.622824272233,64.6680604229617
14.6555,-126.644236742216,15.5214444901344
14.656,-122.875648599584,-23.2607572781472
14.6565,-120.712812079252,-49.1660761922531
14.657,-123.344868782269,-78.027717151396
14.6575,-129.489812457887,-118.515257975778
14.658,-131.120248937508,-159.392935442055
14.6585,-121.556905893247,-188.059485245867
14.659,-102.066233903617,-207.422626437598
14.6595,-76.7459630649608,-226.522255912472
14.66,-44.7978180783456,-247.188521795177
14.6605,-4.09158182673485,-270.263062163279
14.661,39.7023754184152,-304.493364332825
14.6615,75.4355591379693,-356.462567634767
14.662,98.8950714589036,-417.689446918806
14.6625,115.860608700624,-472.898431412377
14.663,130.793608392321,-515.848912169924
14.6635,139.765397621392,-545.7364356288
14.664,138.51842256546,-553.607997696544
14.6645,131.030647596753,-527.78119360255
14.665,124.61868454732,-472.662894643925
14.6655,121.156330116535,-408.233062657201
14.666,118.125557687179,-348.217650075393
14.6665,114.080688290807,-291.184691100242
14.667,108.095326133442,-236.894301020845
14.6675,97.8220116515621,-197.563481165232
14.668,82.8831443039168,-183.235521835314
14.6685,66.0842804192934,-184.853248383098
14.669,47.0706974190387,-182.620915313284
14.6695,20.6031897963757,-166.447962230771
14.67,-13.0545438906629,-138.903526691764
14.6705,-42.3071973371815,-102.497391271872
14.671,-56.8856186379834,-56.2868960136593
14.6715,-62.1056187099181,-5.96428200867572
14.672,-73.0533890232351,33.5752539066226
14.6725,-98.6015133444049,51.8329310977832
14.673,-137.540638795845,54.62712751267
14.6735,-183.777626218772,58.660750448247
14.674,-226.053833860433,76.9151775849003
14.6745,-249.12951777841,111.250642422236
14.675,-247.297790044519,154.935816060874
14.6755,-232.70767910172,198.03457857514
14.676,-219.38223160716,233.078403111216
14.6765,-204.171507702939,261.488123194265
14.677,-175.428033111338,295.112208659051
14.6775,-133.770114601956,346.499922349912
14.678,-89.4888935948285,414.545351826058
14.6785,-47.0413663145085,481.928103773206
14.679,-11.0438912125715,529.444548643292
14.6795,0.646583060732745,551.990476810549
14.68,-22.8016162404758,559.735330679506
14.6805,-53.5545392280032,567.73602634903
14.681,-45.1192012930179,588.455265618593
14.6815,9.18285308472834,629.29465128951
14.682,67.9617812714786,686.006545352606
14.6825,102.963113851998,735.485305254492
14.683,135.880582848197,745.284985764053
14.6835,194.309951098008,699.436125310058
14.684,262.940430780752,611.183064854332
14.6845,310.064488380685,503.544148019797
14.685,339.095491657225,382.252454147183
14.6855,375.462261341692,237.837113836198
14.686,415.008963010409,71.9425708885645
14.6865,425.384855259968,-90.8034869172166
14.687,396.367810568059,-220.176985279224
14.6875,351.439705211978,-301.332763269565
14.688,304.907143249155,-337.744832977068
14.6885,243.130990402126,-345.283093629805
14.689,160.909056782271,-348.537699300503
14.6895,85.2680623794683,-370.911576510619
14.69,41.4840766152324,-417.206430244042
14.6905,14.5105316998749,-471.647244916907
14.691,-34.4586419764413,-521.288952607835
14.6915,-121.779298808418,-573.539901650291
14.692,-225.180870836514,-638.214925848277
14.6925,-305.545374387721,-698.046447927851
14.693,-335.02779434786,-714.741585062637
14.6935,-313.529720602221,-668.581528902783
14.694,-268.732039355218,-580.478549281647
14.6945,-233.342741261254,-489.774400473273
14.695,-214.13831059282,-419.264362712392
14.6955,-190.043621840141,-366.879966408217
14.696,-145.498093956315,-321.505770973258
14.6965,-94.0160303942597,-276.319666292282
14.697,-60.2212124002377,-229.866987038652
14.6975,-50.4235358984223,-183.212265295244
14.698,-53.032659306386,-137.846718157553
14.6985,-58.5106365912368,-93.3275953915538
14.699,-64.430718650958,-47.3758177677968
14.6995,-66.2501817725134,0.0501123995656158
14.7,-57.6829564594511,45.1062731368746
14.7005,-39.870019945066,84.6111022571506
14.701,-20.4480630799951,119.237084348545
14.7015,-4.39788463966066,149.464466622976
14.702,6.95996321892578,171.970961868051
14.7025,11.0819407973524,184.36124071624
14.703,6.75337429559138,190.88771530115
14.7035,-0.981306020704777,198.540123832331
14.704,-6.61358243929479,208.922551507034
14.7045,-12.8010746067269,218.953558918756
14.705,-25.5245132384117,228.724503325067
14.7055,-42.9039532569952,242.784684408919
14.706,-56.8790533836972,262.053421714466
14.7065,-64.357908897355,278.917423300558
14.707,-68.74080858291,283.248790086157
14.7075,-71.5520366408536,271.290804146522
14.708,-70.6164952012724,246.830488212547
14.7085,-66.3810394248657,215.370865888144
14.709,-62.5088287735282,179.106105015882
14.7095,-59.3236147175191,136.999186154967
14.71,-52.7943323730768,88.6479471748427
14.7105,-41.005776671506,38.2489960792946
14.711,-26.9431924670518,-5.26673343382945
14.7115,-14.6357306256212,-33.2573321409211
14.712,-6.27395492043371,-43.5151480391481
14.7125,-1.97909390880203,-41.4347273841684
14.713,1.3791594266658,-35.2772423602681
14.7135,8.89218883276959,-30.7676749267767
14.714,20.9607720490206,-29.6633990816097
14.7145,31.283549030556,-31.5107198482558
14.715,36.6125951215394,-34.9334974794684
14.7155,44.1638076499693,-37.0429921459088
14.716,62.1654977921265,-33.4336349907335
14.7165,86.9835025568032,-21.7208193532869
14.717,108.347839727495,-6.57320691026042
14.7175,124.283133121097,0.947512710097331
14.718,140.899244741748,-7.28108072775855
14.7185,159.413118905393,-27.3035513915533
14.719,174.75013417747,-45.7084760532053
14.7195,186.969974460105,-51.5472187798984
14.72,202.010906611553,-43.1855257542497
14.7205,218.495040760558,-24.4684749151285
14.721,225.087700264524,0.220817278627592
14.7215,215.706148772323,25.6112551365735
14.722,198.13247791569,46.707952561748
14.7225,182.700851854363,64.6269169854952
14.723,170.888767389845,86.148145072312
14.7235,159.955873449215,112.380115161293
14.724,149.958055387147,133.105417387266
14.7245,139.4168735868,139.201471261446
14.725,121.6438465706,135.570343111128
14.7255,93.3281998833042,132.213308452405
14.726,61.3560624322599,126.020797604047
14.7265,33.5690377613234,103.609690421171
14.727,7.23912761793807,61.9772894647514
14.7275,-25.5742038528749,13.1327917317586
14.728,-64.3706321112618,-34.72232468412
14.7285,-99.5142359153356,-86.5531192032481
14.729,-123.836334836027,-143.23441532138
14.7295,-138.743999974708,-186.821246334879
14.73,-149.380370218356,-194.870061927044
14.7305,-158.616395230529,-163.170679458867
14.731,-165.638901546349,-104.799348901169
14.7315,-167.226603893373,-33.7371731318304
14.732,-161.349123778937,38.9322277155671
14.7325,-151.935027716077,98.6989173039765
14.733,-148.220518442402,132.907717656211
14.7335,-156.905924465594,142.423170567433
14.734,-176.594784738549,136.317285942592
14.7345,-200.761793611608,115.464475357374
14.735,-222.336059644785,73.889144704225
14.7355,-234.24501548464,16.9031283115493
14.736,-231.610336015324,-36.1436950910154
14.7365,-217.327010370738,-71.272802521582
14.737,-200.487574395837,-90.0907312808074
14.7375,-185.367356914078,-97.0360588700826
14.738,-167.127169260509,-90.8689820074328
14.7385,-142.155661601206,-77.0425269206013
14.739,-115.532852662594,-75.4822351607093
14.7395,-91.7710908671425,-103.348007451512
14.74,-64.8719979825488,-156.740678109988
14.7405,-26.7311100976106,-218.234416781101
14.741,18.4654742368966,-273.533284926158
14.7415,57.0557402410323,-310.476207477164
14.742,80.5346536272697,-313.440866703059
14.7425,89.4419488879415,-277.801939705662
14.743,85.6586229725097,-226.695500918152
14.7435,70.2216356699168,-195.133566049393
14.744,48.0200230063282,-194.350439583263
14.7445,26.3034992212409,-203.871424915278
14.745,8.06384078035512,-199.368070022973
14.7455,-7.55148319424944,-175.421654359291
14.746,-20.5141559012258,-140.156244545481
14.7465,-31.9378349865971,-102.859093425774
14.747,-46.5485410849664,-71.7110494329553
14.7475,-63.9405420568662,-49.9273076774971
14.748,-71.2805019693465,-27.2801804236128
14.7485,-56.4895287427372,12.99481955034
14.749,-26.3210958161276,72.1306187601956
14.7495,2.73661680644839,131.380419691719
14.75,32.0460496098606,175.395497485496
14.7505,83.6094092779801,207.574413876151
14.751,169.470868300127,235.411955554873
14.7515,271.107723619778,256.355378442886
14.752,357.89814965195,270.457502368058
14.7525,417.929393645334,291.739086109004
14.753,463.164091127305,328.393928182627
14.7535,510.089959311429,361.719138134194
14.754,560.84150421913,365.056902779499
14.7545,598.56377846563,338.210742983871
14.755,598.474759265078,303.760880993529
14.7555,549.358828899625,274.442310922948
14.756,465.155233170493,246.828601325503
14.7565,367.648607594946,225.362346003789
14.757,259.504289900394,225.56444543086
14.7575,128.93487521336,245.593015445218
14.758,-17.2059701471964,256.80514027618
14.7585,-144.78619017792,234.110390854783
14.759,-227.902789445941,179.715707019136
14.7595,-277.546411698473,109.191797622122
14.76,-321.377777997617,33.4424575017902
14.7605,-368.738155467575,-35.2453400525637
14.761,-411.753713776059,-81.3285992574642
14.7615,-447.769565511041,-107.258416296358
14.762,-478.118570369607,-137.339930748299
14.7625,-491.035271011391,-180.020284090449
14.763,-469.883055596783,-205.114505823449
14.7635,-419.895030483197,-186.011947756491
14.764,-367.234327800499,-150.034008706059
14.7645,-327.952203742315,-151.209076000671
14.765,-294.867915499501,-195.658673637263
14.7655,-259.559945259493,-229.984914341752
14.766,-230.395829304084,-212.110721431592
14.7665,-220.32072917074,-162.642417010152
14.767,-229.361316105331,-130.407410262208
14.7675,-247.98007131662,-131.725128636817
14.768,-268.371964079669,-144.247643163899
14.7685,-284.357387990686,-144.032319462356
14.769,-286.906814516432,-125.992086964261
14.7695,-266.659702094123,-94.9934276022929
14.77,-217.534235021952,-56.2639179526363
14.7705,-137.06598265477,-15.0471696273146
14.771,-30.5443791081558,24.6616290968829
14.7715,84.9333526676029,60.724049175305
14.772,191.096989743962,88.321103878473
14.7725,285.550878009239,101.206530900237
14.773,377.79909921225,102.383623097902
14.7735,467.033481584883,104.733178629996
14.774,538.01866269177,114.135684949733
14.7745,582.587991667696,120.499636706439
14.775,607.295783493062,111.818927547253
14.7755,610.009424232467,86.2791996365568
14.776,567.546799356895,43.1294324939785
14.7765,465.599253401156,-23.4163659893752
14.777,330.29473028827,-106.916516582249
14.7775,209.101013599207,-178.156813540819
14.778,123.420586242712,-211.224428289853
14.7785,57.3192406706583,-213.635300293877
14.779,-9.15947876940743,-212.626024777539
14.7795,-74.8574015950345,-217.341192860947
14.78,-128.729530767237,-215.001629618812
14.7805,-167.891973759094,-201.748447114571
14.781,-194.055263800535,-193.825436984731
14.7815,-202.541700882441,-203.026779209141
14.782,-186.363446512178,-220.196840507902
14.7825,-148.075560156992,-230.920707452844
14.783,-100.016392046577,-231.925288517823
14.7835,-53.1411786473123,-223.168877464853
14.784,-9.81478763653072,-197.731294212379
14.7845,31.5810151538467,-151.550236231249
14.785,66.7926170099649,-95.0018071007422
14.7855,83.3372048342303,-44.6851248892375
14.786,71.8561250720818,-8.32681342886323
14.7865,40.1431992656536,16.2933299312785
14.787,9.81969957758375,33.5306207401946
14.7875,-4.99052949985482,46.8642555566167
14.788,-10.7686807763806,58.1979131323095
14.7885,-22.4588154028139,65.125272945519
14.789,-45.5330365823404,63.8699321030543
14.7895,-77.3102040647092,58.2836952101754
14.79,-117.451256350334,59.5018046715785
14.7905,-163.324659593869,73.1098716664276
14.791,-198.480325535237,93.5572584506452
14.7915,-201.856241704155,114.485919871708
14.792,-172.044787087269,135.946874863169
14.7925,-131.234625031245,157.075169007144
14.793,-101.723335735681,172.231291094875
14.7935,-88.1486322696948,182.543953613115
14.794,-84.6335603982991,201.891556996815
14.7945,-86.5644971336813,240.176353939554
14.795,-89.0022575853002,286.515479943197
14.7955,-84.216920448045,320.399409871536
14.796,-69.5205483653329,335.686059057032
14.7965,-51.1972188517687,341.978010692295
14.797,-34.9173796831889,344.803586708275
14.7975,-19.6009944085185,338.394530958992
14.798,-6.23343053113274,320.848194531328
14.7985,-3.26651483529395,303.627452531314
14.799,-14.1541704916909,297.444473837608
14.7995,-26.8051935963606,295.991229099534
14.8,-25.8634351783243,284.419758187425
14.8005,-11.0657064089384,262.775117596305
14.801,5.70411511810739,250.553316393667
14.8015,17.0750473774506,262.781307760488
14.802,23.899151742448,288.13458421258
14.8025,25.9548143153606,299.653268683829
14.803,20.364315623416,285.229438106183
14.8035,8.94714699258526,257.201598500932
14.804,-2.24874074116178,230.163548792807
14.8045,-10.7558791464338,201.711950871468
14.805,-16.6617147766136,162.36836555944
14.8055,-14.8554956402373,111.840872132904
14.806,1.25570538870156,51.3912292436791
14.8065,27.2274534020776,-30.0249214675221
14.807,49.9006031618267,-140.95642859833
14.8075,66.489662730174,-260.352264674964
14.808,91.4048727029269,-346.882865515578
14.8085,136.644979558022,-381.549833579156
14.809,191.991132200964,-385.382676212263
14.8095,233.230931011846,-390.888866445989
14.81,247.307537465971,-414.460806071121
14.8105,242.128179135228,-462.443381379842
14.811,232.678504855024,-539.073283826455
14.8115,224.808860505908,-629.829353708482
14.812,214.831195663018,-695.67824351918
14.8125,199.326681738168,-708.872379674797
14.813,179.429083924191,-686.640617002803
14.8135,155.809157771832,-668.632517964748
14.814,124.859966482946,-667.111929387429
14.8145,84.0905327970596,-659.414363403038
14.815,39.4978136284468,-623.527857110363
14.8155,2.0651852433627,-557.802212614737
14.816,-24.6347056267866,-467.887357128258
14.8165,-48.7930165697363,-360.689194152221
14.817,-79.278160791493,-257.059386395727
14.8175,-113.914853417866,-186.377542387735
14.818,-142.918568721104,-154.950274643279
14.8185,-161.353870612399,-134.331957013027
14.819,-173.697267641058,-92.4516974247084
14.8195,-187.740635175841,-25.5888520488837
14.82,-208.265454654982,48.5908418885765
14.8205,-235.272618477419,116.762342038828
14.821,-263.540311749013,176.418460572802
14.8215,-283.721942878194,224.546313996283
14.822,-287.734050584318,251.798148067328
14.8225,-274.951743026167,247.478264529445
14.823,-253.402625203878,209.332897959231
14.8235,-235.560251382166,155.591484155983
14.824,-229.548742722672,125.639307470293
14.8245,-226.95400858074,151.518234085237
14.825,-199.831918515464,221.628904227366
14.8255,-122.428224201581,289.186767115135
14.826,-2.92078367311838,327.694854489361
14.8265,116.766824408563,361.067592937595
14.827,202.039160388139,422.463847534625
14.8275,256.947643230554,500.441081218687
14.828,305.130112380824,552.686864899657
14.8285,354.620864901619,565.645323210959
14.829,400.842944874034,570.441900421348
14.8295,451.183182406173,596.193002521409
14.83,515.234483655545,634.558178539263
14.8305,570.588360141403,661.167498410291
14.831,569.661660450243,668.438730071264
14.8315,490.635745526754,658.715774634642
14.832,356.716161917428,621.122406669948
14.8325,195.790282468754,539.221688954358
14.833,11.7540010548869,418.777290316792
14.8335,-184.826228380791,290.169070645839
14.834,-348.89552709804,181.219927696232
14.8345,-439.828460748275,98.1246259410005
14.835,-473.522543448274,32.1173116803243
14.8355,-499.623208732183,-27.0540931333112
14.836,-531.6164819733,-85.2850450674186
14.8365,-533.917535979096,-139.964594644894
14.837,-480.939306544498,-178.50733724422
14.8375,-395.720942806935,-191.699654101291
14.838,-317.298274859274,-192.759673774824
14.8385,-254.76611660439,-211.278262836859
14.839,-190.258662434679,-258.931992457559
14.8395,-111.124958990719,-310.093721040317
14.84,-23.3922477259258,-329.173825779713
14.8405,57.372229955204,-312.655932263826
14.841,117.731935712744,-289.5762777198
14.8415,155.644132353495,-280.720213506397
14.842,182.62485947347,-274.601887676866
14.8425,206.875793018673,-252.354493387198
14.843,213.1936885226,-221.923938878436
14.8435,177.198041216389,-210.177655590152
14.844,105.478011651159,-225.577722535683
14.8445,40.6074414927425,-247.26849956325
14.845,12.4147041760574,-255.584990754792
14.8455,2.84184904576728,-257.749335012383
14.846,-21.6794329458702,-272.493067398285
14.8465,-58.303871865992,-299.937671204668
14.847,-73.1025778381566,-322.133741417678
14.8475,-50.526688008913,-330.078826908262
14.848,-11.2470661298247,-334.457632301739
14.8485,19.4037795347091,-346.486506763677
14.849,35.7132019399513,-361.433545746866
14.8495,36.3155643231955,-369.150440174583
14.85,5.35653237494373,-372.234982766449
14.8505,-73.0570284592695,-383.42450945403
14.851,-184.413618573083,-407.147521247992
14.8515,-276.399852397684,-429.499949402557
14.852,-286.300551365781,-424.008132773307
14.8525,-184.919073042443,-364.51905733747
14.853,-5.13126646368712,-241.490725387689
14.8535,175.049642126741,-77.300604009343
14.854,291.483051511781,77.8937423300744
14.8545,341.362773894897,179.686835664425
14.855,368.058263242517,224.375777498415
14.8555,404.979037821844,245.468394205701
14.856,448.142646289188,276.024654632352
14.8565,478.754306754996,322.875681491062
14.857,487.799147529054,376.626486097178
14.8575,469.908925245261,430.92910853617
14.858,415.223647126456,481.774894085489
14.8585,325.14270639672,517.3345692544
14.859,222.917420527534,521.993132859238
14.8595,130.989148315359,490.099542385133
14.86,47.6313025361763,429.851780082469
14.8605,-36.190599038564,356.944297078929
14.861,-107.058092375498,289.887104300539
14.8615,-141.309001987113,245.304182555763
14.862,-145.022682970092,227.197542948148
14.8625,-154.497648714319,222.083100400705
14.863,-188.093724837322,212.949797917716
14.8635,-220.5314765867,196.817804810019
14.864,-220.83568365658,181.404808404458
14.8645,-198.468191142091,168.24622463875
14.865,-190.037000025366,150.55632034996
14.8655,-208.507129216962,127.014534223758
14.866,-228.665324781782,104.598323021869
14.8665,-223.617932746477,84.3413977811206
14.867,-195.42717731664,56.3611472529666
14.8675,-162.714889887833,15.9422183162551
14.868,-134.371710035907,-24.7622418475945
14.8685,-107.456319383577,-50.0893848422568
14.869,-80.4847354857842,-60.7537781234218
14.8695,-54.6651903531497,-72.2433327169389
14.87,-26.2599948268366,-95.7321742906977
14.8705,9.55341669467043,-126.746094556834
14.871,47.5724561743319,-151.763563091925
14.8715,75.1593267064213,-162.15035775055
14.872,86.0425106870852,-162.51412234031
14.8725,82.346023528559,-167.026430001102
14.873,62.9530489773023,-185.186512233365
14.8735,21.998857499177,-210.350731294822
14.874,-35.8903025715265,-225.786486606796
14.8745,-89.0537943596354,-222.101838632286
14.875,-116.635761026138,-203.969360391255
14.8755,-118.552385220352,-181.893739797888
14.876,-111.120739261984,-167.844102279395
14.8765,-107.046671927557,-179.283843682504
14.877,-106.187007725273,-230.508478403851
14.8775,-101.870264659632,-308.330743386684
14.878,-88.4471442096786,-367.769405208014
14.8785,-64.7124664207352,-368.347753318251
14.879,-36.8608330519749,-312.25685820519
14.8795,-16.2360800979097,-235.529014665744
14.88,-7.46250896692362,-165.919224940467
14.8805,-0.840411382799509,-103.039262243744
14.881,16.4455012757226,-37.1236122919734
14.8815,43.9348846024939,30.2958910565357
14.882,70.7236947538101,89.8167595182436
14.8825,91.808927027725,135.567673934597
14.883,110.606598959446,165.663952152347
14.8835,125.749783694956,179.357002848359
14.884,128.365182435529,180.603373378871
14.8845,116.151150962792,179.175108777413
14.885,98.3430936525615,182.524243507572
14.8855,80.3013365102836,189.698886043711
14.886,53.063521981488,196.642734680538
14.8865,6.31411815120085,204.429297213134
14.887,-55.5473285772905,220.332248812255
14.8875,-118.052003365869,253.833933255029
14.888,-171.183769217943,311.280597546276
14.8885,-212.092052956416,388.607119739782
14.889,-240.26617812662,467.950479294373
14.8895,-259.243954977847,526.782206144009
14.89,-277.413187941668,552.042773967009
14.8905,-295.893067377837,542.353343254862
14.891,-298.341543418481,500.644136158644
14.8915,-264.561590390373,434.239807078379
14.892,-195.848986263708,358.663671610323
14.8925,-118.666042704354,284.730755609556
14.893,-61.1722437748524,198.770784025442
14.8935,-31.4538455526162,74.9862122667102
14.894,-18.3645537660845,-80.6707899358647
14.8945,-6.14178015881885,-216.210505567605
14.895,14.1970184916287,-284.004341400195
14.8955,42.1471324303025,-297.328173549254
14.896,72.3147346390813,-314.311294728434
14.8965,102.77429729537,-367.294875765112
14.897,138.805331274705,-431.777718278997
14.8975,186.691859765556,-471.413412282422
14.898,245.639785594784,-489.844251171083
14.8985,308.619847462897,-519.180433322329
14.899,369.002377351855,-569.943828008253
14.8995,423.226362023487,-615.192430006757
14.9,469.853613445227,-624.358744029437
14.9005,509.980337424975,-595.607982596177
14.901,545.659631141974,-548.91686043808
14.9015,573.770224249976,-498.676319186405
14.902,584.70357866319,-441.417224801684
14.9025,571.118954697422,-365.12392589147
14.903,533.633791509521,-264.580787265268
14.9035,473.984340614356,-151.355158374183
14.904,390.265776192022,-52.7954742112485
14.9045,286.711272956659,4.6596467869278
14.905,179.999598721358,18.3640829448575
14.9055,83.2527666655123,12.1891939811693
14.906,-11.51413562093,9.72681662497001
14.9065,-120.957472939235,9.85060835022365
14.907,-242.17222019901,-0.830602888197377
14.9075,-350.970401192356,-16.8124897686807
14.908,-428.927501126592,-14.132107245881
14.9085,-478.62255412493,13.7192276993947
14.909,-509.931438898946,40.1750765059752
14.9095,-524.790057640424,40.8490691334713
14.91,-520.587671398481,31.5389584930609
14.9105,-498.358485920927,51.6532615835657
14.911,-463.418797839454,114.703454551616
14.9115,-425.911301027882,193.50025639121
14.912,-400.249806599727,253.172767535488
14.9125,-391.179154008255,281.365550218588
14.913,-379.293878936336,285.86018617314
14.9135,-336.001150945009,283.405007218002
14.914,-257.545976855202,297.811958827774
14.9145,-169.646494806478,349.073591946215
14.915,-94.2432284935718,429.68107493199
14.9155,-29.5439339877222,503.941763289221
14.916,29.8729447540134,545.323801105748
14.9165,74.9440910013629,566.530124712306
14.917,100.167065652663,599.753521173731
14.9175,122.30445211984,654.821915964066
14.918,160.05590177126,712.185659365427
14.9185,205.433742103446,753.355879076418
14.919,235.394562490987,780.771914466642
14.9195,244.340484828674,801.895858694639
14.92,244.682665758953,802.908495491385
14.9205,239.801342052731,746.757196438861
14.921,217.443443818756,601.625198356047
14.9215,170.398219590288,376.306744387913
14.922,107.084329229852,126.626686354392
14.9225,41.8392793351115,-83.9028923184033
14.923,-9.87099366699518,-235.541161028877
14.9235,-29.3123362028228,-356.490508097502
14.924,-8.56773781263083,-473.497078028684
14.9245,29.3821105758414,-576.05416599032
14.925,44.3627061706348,-642.004289115226
14.9255,22.6654721737151,-678.954008151064
14.926,-5.85027088553335,-713.709161102597
14.9265,-2.98238780112899,-749.411086012125
14.927,35.7698348134315,-763.512550276001
14.9275,82.2180185105741,-748.832479201004
14.928,109.061394801232,-724.852617376843
14.9285,112.571252098611,-696.961943398292
14.929,106.518542656023,-633.630731149995
14.9295,102.636714397492,-507.846418952683
14.93,99.1991428714498,-345.101227207089
14.9305,87.8962771099539,-205.102618944571
14.931,69.4979727476926,-121.544862723629
14.9315,54.1428484045915,-80.525380205788
14.932,40.2441786308244,-55.6931870135006
14.9325,4.10160003108378,-43.4362781957102
14.933,-73.3311182966703,-58.6252134537954
14.9335,-173.660371907865,-112.047978488068
14.934,-253.792071706111,-200.33196410359
14.9345,-292.887717533708,-306.407536922875
14.935,-308.865088655953,-400.171564860114
14.9355,-324.326267694125,-447.785870362658
14.936,-335.431579857325,-434.810015045992
14.9365,-325.036808443035,-380.886573618932
14.937,-291.892038558237,-322.380483135004
14.9375,-253.642190902856,-277.779816622192
14.938,-228.684351463902,-235.684825202941
14.9385,-223.260352572885,-177.069693901492
14.939,-228.689121671202,-100.035726348077
14.9395,-226.625971959113,-18.0626479204005
14.94,-208.181974697888,56.4352072833387
14.9405,-191.808821296158,117.515713130151
14.941,-205.909847461961,163.582840905901
14.9415,-245.655675380538,204.894562552803
14.942,-265.686099259063,267.899253493954
14.9425,-228.865025824965,370.946239517581
14.943,-143.513790696141,491.958524205476
14.9435,-35.0412644719932,580.902392754317
14.944,97.3348171715766,614.852524892801
14.9445,265.417124611589,623.704514705273
14.945,447.705435149259,649.420428346144
14.9455,599.196793287047,697.87328455851
14.946,707.1138211991,747.283309659516
14.9465,801.187019199409,784.650931802319
14.947,896.908241204129,807.787822825435
14.9475,958.884169377886,804.731378405207
14.948,939.466178894973,763.059511938564
14.9485,832.087569531712,695.937865817176
14.949,667.5906586727,629.350650381506
14.9495,477.686088770467,564.285242790719
14.95,284.673327668371,480.918124568527
14.9505,109.659918197416,379.030386323563
14.951,-39.5629451900822,277.400152063705
14.9515,-181.107262117577,166.99501084055
14.952,-327.85808156848,8.42735838328114
14.9525,-443.714625567075,-200.942736611227
14.953,-464.26292448475,-394.425525315076
14.9535,-373.817442554807,-504.649995503036
14.954,-235.825838800064,-539.866837118372
14.9545,-128.579147007328,-556.29352736381
14.955,-71.0273820532791,-574.768687060648
14.9555,-32.7279664819625,-567.876100422103
14.956,3.77429484872982,-521.53803801148
14.9565,24.6056472545006,-463.765457041607
14.957,20.8582583718506,-424.307509126246
14.9575,4.23408149602926,-402.012149650598
14.958,-23.3799030903035,-386.605299104548
14.9585,-82.963222964431,-384.382131934322
14.959,-179.249526048325,-403.609378027103
14.9595,-271.505216631107,-433.570881215094
14.96,-311.962216996263,-455.926107664458
14.9605,-303.38625469859,-464.750277159105
14.961,-291.736663689779,-462.331889131299
14.9615,-305.384168985027,-447.255136048909
14.962,-327.931202833341,-419.84634842514
14.9625,-333.344150024668,-388.486831646569
14.963,-320.924011273508,-355.892624875494
14.9635,-303.194919474746,-307.272206101571
14.964,-279.479808228712,-227.86810291968
14.9645,-239.532927041921,-128.385390297511
14.965,-183.651384651016,-37.5617659020562
14.9655,-124.436222109983,31.9169522018829
14.966,-73.6825535429128,98.0617300231232
14.9665,-37.3872619250717,184.904928192297
14.967,-17.0374243419162,288.421747571648
14.9675,-5.2497284981537,370.62915573304
14.968,13.9243672203187,386.994480764055
14.9685,48.9337411008274,322.391819272164
14.969,88.7925996452929,205.119090016976
14.9695,117.352480763934,85.8373138496097
14.97,135.389094626548,-0.208217531909472
14.9705,157.447935397723,-50.2133706680548
14.971,190.204012088551,-74.4931618019822
14.9715,226.568332660785,-70.0455885029197
14.972,259.807033990624,-25.1301155849296
14.9725,289.668543249725,52.2710136546417
14.973,312.541908287593,127.573071841348
14.9735,318.918601375658,171.925562691687
14.974,306.316409398606,192.410438663541
14.9745,284.275193400688,216.046524101531
14.975,259.663270510747,247.891913491
14.9755,225.600287578958,263.253788290153
14.976,173.054896920882,246.159767835336
14.9765,106.842044372926,217.54821409528
14.977,40.8237415223113,210.735227355016
14.9775,-18.5963531011635,229.72386719223
14.978,-73.9975506745184,249.898084790217
14.9785,-123.396597514709,255.950882954994
14.979,-156.626721146724,261.285549377965
14.9795,-169.626786722991,290.244868932074
14.98,-174.253430187266,358.698614081689
14.9805,-186.174804116343,472.195914044343
14.981,-205.829531045784,618.306092754233
14.9815,-217.900485066068,748.399590678469
14.982,-208.594462088711,789.238664169828
14.9825,-177.168838893181,698.896278924438
14.983,-130.655621078893,509.016234269998
14.9835,-75.6065981605472,296.834995200792
14.984,-19.1300016835066,117.410669104153
14.9845,29.0268935988724,-27.216391049381
14.985,62.9658971480325,-161.90692813499
14.9855,86.0464895669134,-301.988398101898
14.986,103.558547427298,-442.427829584625
14.9865,113.513054321388,-564.49965278968
14.987,112.276232702911,-646.590817425579
14.9875,105.786999412273,-680.027640264371
14.988,104.448992759832,-679.83912339079
14.9885,107.573693682371,-670.570819498083
14.989,104.755758984633,-656.697333927032
14.9895,94.6776558957726,-616.598218024966
14.99,89.847877996723,-532.672130457206
14.9905,96.9822228395984,-419.406692280826
14.991,104.172859478722,-312.014825417692
14.9915,95.813966562914,-231.189925617759
14.992,70.7438592479824,-169.564169847114
14.9925,36.5339236969013,-113.334703180189
14.993,-4.41114975474454,-65.2581672059231
14.9935,-50.3355745229658,-36.2997647029429
14.994,-89.029801467053,-19.7441132415915
14.9945,-107.363567855193,10.4192395057886
14.995,-111.154719364472,67.5991928049595
14.9955,-122.039498583264,129.154736017689
14.996,-152.511198530353,156.600435735417
14.9965,-194.079784411879,133.389630864274
14.997,-230.969218438991,70.1675904505051
14.9975,-254.674502167407,-19.3801887496568
14.998,-262.973218853764,-124.854602823786
14.9985,-256.527540003766,-220.606122331756
14.999,-242.648958940216,-268.911740084285
14.9995,-233.493617438158,-257.470885339162
15,-232.76453338213,-215.555406665617
15.0005,-229.397171733533,-175.976554021184
15.001,-210.899661064559,-136.158395990369
15.0015,-179.06904558195,-75.5043201169348
15.002,-146.819373460142,2.66596890687495
15.0025,-123.003721926866,70.1850490157184
15.003,-106.437341386188,107.93824638879
15.0035,-92.099991245946,119.13691655878
15.004,-75.9423383655624,113.747378953673
15.0045,-53.9357486671491,100.454147947114
15.005,-23.524381186625,90.252194762784
15.0055,11.961278924268,87.2146161270519
15.006,46.4484918233702,78.2554457032216
15.0065,82.2491400140655,51.8985247248004
15.007,132.197986616579,22.9097657920434
15.0075,203.843928282012,15.458617259011
15.008,284.562176829467,25.6396251572497
15.0085,350.503913897583,27.6143006701958
15.009,389.5858033948,16.410419968874
15.0095,407.414143410155,15.2906719793123
15.01,412.524247771376,38.0414446670693
15.0105,410.919312632294,76.5477299130798
15.011,419.209270654355,133.655958096303
15.0115,462.323694714447,232.60965801068
15.012,539.083103058927,375.612105021786
15.0125,601.416216941003,523.033448155518
15.013,590.754659400619,634.535215783345
15.0135,492.461618495091,703.250097528484
15.014,336.826248841246,728.413626326762
15.0145,156.37182390205,689.008460569336
15.015,-26.9618078706104,581.422486005804
15.0155,-176.238845930107,456.408388937773
15.016,-246.951973684097,370.102222975233
15.0165,-241.554548776267,307.902767993247
15.017,-221.598527958041,203.680846610461
15.0175,-233.29027707872,35.4232210321848
15.018,-244.400422668377,-142.304953915413
15.0185,-190.687690542423,-270.319440405428
15.019,-68.8959015490986,-347.367735568945
15.0195,56.4781203201714,-401.717659995814
15.02,133.917470277178,-437.280814968398
15.0205,173.778639320833,-440.505799803458
15.021,213.30217686651,-420.280807445666
15.0215,267.341975079639,-405.682906783995
15.022,322.339215904312,-406.438177501118
15.0225,348.096834985412,-400.600498989699
15.023,302.451020659563,-366.318051027826
15.0235,152.377358865238,-311.118879138281
15.024,-88.2310223178835,-263.431701080641
15.0245,-355.298843418554,-240.877429021046
15.025,-581.539976024097,-229.992310361039
15.0255,-735.977629582622,-196.610685833108
15.026,-815.594428598003,-117.662285685108
15.0265,-823.794211234509,-1.36660974621306
15.027,-772.265244409551,127.883013391326
15.0275,-684.308088038304,256.664495171255
15.028,-577.1578045799,376.469930337011
15.0285,-451.460192105848,451.57084209586
15.029,-309.487776637421,424.357381650581
15.0295,-169.633334321187,278.604876709783
15.03,-51.3424322846944,83.3312292915134
15.0305,38.6258264143613,-58.5691638264561
15.031,92.9374033677274,-110.191244504727
15.0315,95.9707264338967,-128.184112280808
15.032,47.3755557756195,-185.610141728711
15.0325,-22.9535255651169,-289.234119852271
15.033,-83.5366420302978,-385.488141598934
15.0335,-131.099931193162,-427.700021198242
15.034,-171.834225643494,-413.477486160938
15.0345,-189.565043680059,-364.764531851767
15.035,-161.622419235325,-300.165818823611
15.0355,-98.3885191414137,-234.759763877142
15.036,-36.9470427417755,-185.572240768213
15.0365,5.10797127326547,-158.919632330051
15.037,44.7175509015168,-138.717312168446
15.0375,100.16344189187,-100.824289828182
15.038,165.358772693943,-37.9725502218518
15.0385,221.519550460974,36.6142641071736
15.039,255.300147435118,105.693867684808
15.0395,261.437599913494,158.611875265583
15.04,245.474937137861,189.862569487825
15.0405,227.878995027079,200.316318379406
15.041,227.549087207676,200.914472765304
15.0415,236.069170332645,204.20490944504
15.042,225.476705205308,210.064222840863
15.0425,187.623821919732,209.358041974361
15.043,148.817388738532,202.631276058273
15.0435,137.072032336377,202.969617201971
15.044,149.986347180535,217.167324374616
15.0445,164.960619746841,237.337876805833
15.045,168.519313159895,256.568416985873
15.0455,164.219640918583,277.728374598273
15.046,159.646567984432,296.499524538456
15.0465,154.97728384815,290.33372225622
15.047,140.671317302967,240.842433419337
15.0475,104.309852447354,159.040307744313
15.048,46.8945451973388,73.1362545301178
15.0485,-8.56127055270132,-1.16918897688028
15.049,-37.2843849713296,-61.3844396093306
15.0495,-42.1636023344953,-97.2709008421534
15.05,-47.2604608288583,-93.9195637955736
15.0505,-59.8494914738285,-58.7628765708343
15.051,-59.2931506672679,-24.3338220210199
15.0515,-31.9223596383312,-15.2937177193397
15.052,4.45323619182309,-27.6333521728943
15.0525,26.6247346608231,-48.4530184196179
15.053,39.2884689487932,-80.875945603551
15.0535,62.3296968059693,-136.067170364558
15.054,96.7784517654745,-209.940112627325
15.0545,125.276739307831,-281.589196662472
15.055,140.293076419017,-331.523981584794
15.0555,150.743106604651,-351.601162443965
15.056,162.137079858655,-339.435126880247
15.0565,169.3233112265,-293.109503674913
15.057,170.914867035324,-214.500090974738
15.0575,174.688783522758,-114.419227769968
15.058,184.226313334349,-12.1228832907757
15.0585,191.900907899666,72.7476883149972
15.059,188.464377109367,132.087599012727
15.0595,170.442609226155,173.877291523508
15.06,137.711709655407,210.908777837848
15.0605,94.7692682799148,244.338384729561
15.061,55.2869410432285,261.829459610258
15.0615,33.0385486466091,250.784337299113
15.062,24.517140731582,208.689471302653
15.0625,10.5658208166081,143.262404520611
15.063,-21.3729543767822,70.4135274051304
15.0635,-66.1137651276786,9.83763752222556
15.064,-114.222949912472,-28.7551132359971
15.0645,-164.889678021267,-56.6708041450703
15.065,-219.557220019592,-93.4335687313569
15.0655,-273.337757981435,-140.94678901002
15.066,-321.45837217014,-180.442555176646
15.0665,-367.34263482143,-196.612359542936
15.067,-415.810394333987,-192.239072361585
15.0675,-462.341059042912,-175.19590871769
15.068,-495.666234761651,-145.085012018876
15.0685,-507.84925875721,-101.118850024981
15.069,-497.509798820035,-52.2403073177859
15.0695,-468.145284965683,-10.1386991649589
15.07,-428.478419146298,20.4286669303706
15.0705,-388.954696599387,39.4503899472757
15.071,-351.159221104792,50.9010397151112
15.0715,-305.243261368502,70.264275772029
15.072,-245.0149499634,119.874111037255
15.0725,-181.086252680108,208.763558440449
15.073,-129.882143474847,330.246517597507
15.0735,-92.1813235286416,484.487541914433
15.074,-53.0329063587981,677.501182715601
15.0745,-3.44412935461817,876.304943874919
15.075,48.1629540644631,988.571080633776
15.0755,89.5699750555731,927.17863843989
15.076,120.579645311564,697.032910289826
15.0765,148.482538506137,390.518917820561
15.077,174.16634614174,94.8617141680894
15.0775,192.27336310715,-169.150135398673
15.078,204.044323529903,-414.049285923784
15.0785,220.982830930881,-628.546906169227
15.079,251.829525165462,-778.017781547083
15.0795,291.041431865076,-842.958266465756
15.08,325.824491889643,-832.004789430585
15.0805,352.793584923417,-764.722429920866
15.081,381.201800866901,-661.884347289616
15.0815,417.26456953853,-549.098483145223
15.082,449.905622148643,-451.069663089417
15.0825,457.291590819553,-378.463466982321
15.083,427.10744696269,-329.27038383365
15.0835,367.43942852995,-300.867697124517
15.084,299.102875363951,-289.429681619272
15.0845,241.611450419827,-279.695404332072
15.085,205.533559249271,-251.429162626183
15.0855,190.821903980222,-202.537549217513
15.086,187.371732481848,-155.345436226961
15.0865,179.765173918687,-131.452921847158
15.087,156.0836826999,-126.123378423804
15.0875,113.531400780121,-115.302884988639
15.088,56.8837068397715,-83.6805909118358
15.0885,-5.41517341630349,-36.2917728512229
15.089,-64.5649384329681,16.5257795522682
15.0895,-117.235114838115,73.5471344015154
15.09,-170.666572191305,134.663170950305
15.0905,-236.65122749852,185.618918438596
15.091,-317.118560466949,203.975723379059
15.0915,-400.022452547464,185.129020985253
15.092,-470.528941325606,156.000454821708
15.0925,-517.402476428678,154.580305840781
15.093,-524.788543163859,193.435358460508
15.0935,-471.947318988861,246.141995100725
15.094,-355.855266507429,273.97080885303
15.0945,-207.017202977442,269.088788640796
15.095,-66.5569296891815,270.187004698514
15.0955,49.4836956084914,329.218314807223
15.096,147.338941191717,458.642368902541
15.0965,221.543595971831,615.619729352194
15.097,248.388547773531,742.258867532365
15.0975,219.795493091417,814.210916348256
15.098,159.95610858676,840.952192267741
15.0985,92.710248617917,828.539177925485
15.099,11.3878198238691,764.603952925776
15.0995,-97.0375797674893,642.517874419099
15.1,-211.116135353271,476.675513627387
15.1005,-287.438805024493,281.004814385802
15.101,-314.557416010947,53.0601612691291
15.1015,-328.850216492342,-198.5260126847
15.102,-365.950029430123,-424.929546603391
15.1025,-412.268343460919,-566.075873522617
15.103,-417.049354781092,-610.566054080137
15.1035,-343.991101903881,-603.101771816728
15.104,-201.700614869781,-586.677203698342
15.1045,-30.842933760216,-559.586730352527
15.105,126.949285614818,-500.767734275688
15.1055,249.399332829166,-416.619049594385
15.106,334.815772126076,-340.476257634926
15.1065,391.164685389473,-293.104190838358
15.107,425.241787716293,-264.287796421329
15.1075,440.606594696155,-235.254829810216
15.108,442.003471805608,-204.010582207985
15.1085,438.179013277812,-181.478632305047
15.109,440.245336928662,-171.238157591247
15.1095,456.668188694345,-162.236071774285
15.11,485.004082074795,-140.899497909292
15.1105,507.171541107119,-105.287114827245
15.111,501.012725338342,-65.4720532622249
15.1115,461.912084735796,-32.8525817003196
15.112,404.221038173944,-13.1925874961246
15.1125,334.113664149186,-10.0706710567584
15.113,234.705060103941,-28.2057428078725
15.1135,94.9858577895612,-65.8058125589808
15.114,-57.8935104168289,-105.244534808633
15.1145,-182.09208014146,-120.852283869779
15.115,-275.381550671773,-100.958637452895
15.1155,-376.018460214744,-57.2208321477187
15.116,-500.043189389749,-6.95457271230623
15.1165,-605.970792901114,49.4245100601647
15.117,-641.802049735572,125.025415023261
15.1175,-607.179277726642,220.397987114377
15.118,-545.432027470273,309.645822870575
15.1185,-487.353402940297,359.373431088415
15.119,-428.493569497225,358.518361180368
15.1195,-356.218509976234,322.337393629024
15.12,-274.073581590258,267.501124917827
15.1205,-196.469252493134,193.399000006057
15.121,-135.943350386229,95.271393502193
15.1215,-97.533963207274,-10.4722909910317
15.122,-72.8512897783312,-86.8371995363976
15.1225,-41.0473697531602,-106.72768529581
15.123,10.4100737566002,-78.6760554831657
15.1235,67.3802580328678,-40.5388271868258
15.124,105.30367530247,-30.5494165116007
15.1245,120.831452823388,-62.4883548603595
15.125,130.714518387234,-120.840280965368
15.1255,142.080074592529,-176.141406635033
15.126,145.508419202804,-208.484324021315
15.1265,140.38666603156,-218.405962933096
15.127,143.99281773885,-215.258875129028
15.1275,165.052225169882,-201.878422777094
15.128,186.825534957494,-178.640225720346
15.1285,189.731276962142,-155.00911294869
15.129,176.543856847323,-140.072363724963
15.1295,161.221179291244,-122.619716361962
15.13,144.515077993825,-80.6352035113272
15.1305,116.882535351853,-15.9403825628684
15.131,79.3794266853071,40.9382473565395
15.1315,46.9375941959146,70.9505208959814
15.132,32.4360031511793,91.398097283401
15.1325,36.9085301368278,124.338551576591
15.133,52.5445118971231,158.424392408077
15.1335,66.7561647601191,164.960165203419
15.134,66.34132239912,139.212798641604
15.1345,46.493893803285,100.029854796642
15.135,15.1813542880005,56.3826024022481
15.1355,-16.3562102987926,3.46185869980897
15.136,-44.7998390038185,-47.9895710318053
15.1365,-72.5063481501091,-67.0986060679695
15.137,-99.0615176687072,-36.0249873982669
15.1375,-120.495740098639,33.53821631728
15.138,-132.394795622931,124.671256080522
15.1385,-129.202278288006,234.166059335236
15.139,-106.94978258049,354.187747922258
15.1395,-73.1275539964333,454.219810814047
15.14,-46.9995976950609,502.940780535837
15.1405,-41.1941186638761,503.178180467994
15.141,-47.4574279950232,488.724208277444
15.1415,-48.751473157541,483.922384365097
15.142,-40.5784281464964,475.411226740168
15.1425,-31.2194007575076,430.411821711712
15.143,-25.6777067511256,342.974442561417
15.1435,-20.9706386295703,253.903549570657
15.144,-15.5058720626394,210.071859600547
15.1445,-11.3184960896631,200.683097413427
15.145,-5.46134126156449,154.818733797043
15.1455,11.0618258415332,21.6099925550809
15.146,41.9844678844244,-162.165667576642
15.1465,79.0797704175552,-312.578146037507
15.147,109.247557935748,-398.20201146182
15.1475,125.104843644373,-462.321342448481
15.148,129.367859360132,-540.95667099903
15.1485,133.41866640672,-600.423926368789
15.149,150.439980553958,-584.096649589567
15.1495,184.330092687431,-496.461145365119
15.15,224.91451795689,-406.137354768765
15.1505,256.937469210241,-370.223690781815
15.151,271.051835462873,-380.541133573369
15.1515,262.330577081001,-386.534187208548
15.152,224.670244293227,-353.381842670481
15.1525,157.426799981461,-290.513741089802
15.153,75.8819027948288,-231.267720381139
15.1535,3.56188222434133,-193.911383566592
15.154,-48.8952635209071,-169.518990148315
15.1545,-89.5279907895817,-149.230165619503
15.155,-127.9755273549,-148.294664614882
15.1555,-161.501615608764,-183.495173608356
15.156,-182.464042764848,-233.664441447482
15.1565,-192.146189962317,-251.132432158818
15.157,-200.024435784667,-216.960780077729
15.1575,-212.530330894077,-156.921676797634
15.158,-228.366790993005,-94.8066086180951
15.1585,-243.452874574819,-25.1486487516328
15.159,-254.871063515827,46.3476953162028
15.1595,-258.153681791522,71.7364285362021
15.16,-243.734896624227,12.9239370862035
15.1605,-200.590848880963,-91.5995982491488
15.161,-126.805220677874,-157.427401229965
15.1615,-36.5326329785845,-152.079356716802
15.162,47.1613398092856,-123.488159673349
15.1625,109.005649534707,-121.883048851252
15.163,149.628663493605,-128.39623540747
15.1635,176.226809064698,-83.492298720265
15.164,189.151532427137,34.8728216909523
15.1645,180.771332952707,188.787306994443
15.165,143.681358288796,331.877643487638
15.1655,75.3355903865103,460.030552514699
15.166,-22.1791433741251,598.504085283202
15.1665,-140.342536272846,747.654157022286
15.167,-262.594720041809,863.121125369711
15.1675,-370.43095573364,902.799892147604
15.168,-453.356450045915,878.227690703101
15.1685,-510.957327171527,831.519530438938
15.169,-545.106783857383,765.205811491698
15.1695,-551.611249050379,634.673087179321
15.17,-519.26839687837,426.889770457284
15.1705,-438.162751217583,208.269335528977
15.171,-312.944179058663,58.8517806029496
15.1715,-167.411859948777,-16.0551925896298
15.172,-27.7211199340307,-67.981983520999
15.1725,102.86471480854,-117.726892557162
15.173,244.415542248282,-136.062219348505
15.1735,409.365571355846,-108.817519299729
15.174,579.523789972812,-69.0136305131334
15.1745,723.34963320777,-48.3709420371966
15.175,828.129322906701,-36.2262206488414
15.1755,901.113353894035,-8.14094487700205
15.176,943.51096056945,32.2359361074458
15.1765,941.546049108666,58.9782428004847
15.177,886.668969438967,50.2761215325212
15.1775,789.081254767318,-4.56806087828049
15.178,662.884987594145,-101.685872462702
15.1785,508.993648298628,-211.289349894905
15.179,323.911677863197,-290.828402844705
15.1795,119.787345341265,-325.275400035344
15.18,-76.0793761893383,-338.350833707486
15.1805,-243.011480858775,-355.244995035444
15.181,-380.977402665869,-375.962859663169
15.1815,-498.563876011391,-393.995666396561
15.182,-589.497859862318,-412.503462160461
15.1825,-627.41138952841,-425.272136740202
15.183,-589.223986595845,-408.453218881744
15.1835,-482.95053805498,-351.866080683159
15.184,-346.441973374033,-275.339796950415
15.1845,-217.272217662871,-194.946994053295
15.185,-110.405518482365,-99.7724124899885
15.1855,-26.7581504336878,13.8416817134169
15.186,29.2732360598004,112.638108357381
15.1865,52.212451262753,162.8034517184
15.187,47.1996189854605,174.80334442131
15.1875,23.8633931513674,180.365522349488
15.188,-20.1040202830977,185.681302388964
15.1885,-95.5785945900459,182.651377796817
15.189,-200.136040831962,185.795042499605
15.1895,-309.962605419232,213.411077842703
15.19,-395.995975428796,242.452066867476
15.1905,-440.791651048427,225.807055458125
15.191,-441.334929370325,149.348128993538
15.1915,-407.468361811196,30.991449376893
15.192,-359.278254684401,-127.919345310591
15.1925,-313.725112786007,-336.718218495044
15.193,-268.751011713394,-556.812960468641
15.1935,-208.970354046726,-705.640874097022
15.194,-129.356865848152,-741.897278896744
15.1945,-42.8412400320703,-704.277155559313
15.195,38.924184912716,-642.964884739506
15.1955,120.27326167568,-554.962790366951
15.196,209.476018572273,-418.46389162252
15.1965,300.541209487567,-254.062770038241
15.197,375.239667215106,-109.794921976676
15.1975,419.023920369664,-6.10932018735074
15.198,430.868967429218,66.5731398603376
15.1985,422.652469406284,110.509712248924
15.199,411.307520665456,118.885439025493
15.1995,404.347534910466,105.052754056204
15.2,390.086851658536,98.2664190986248
15.2005,349.911171235737,107.271074096656
15.201,283.270668862102,114.124346935509
15.2015,211.889028736494,107.939424263388
15.202,155.846436171738,102.858608452427
15.2025,115.153757103284,116.774912011125
15.203,78.8600416164132,149.129387584585
15.2035,40.4996298712352,186.062864441494
15.204,-2.79232670275238,215.692900677299
15.2045,-55.1665663481494,234.192480729278
15.205,-115.272962962362,247.066404443679
15.2055,-171.741670948318,268.700986404278
15.206,-214.918512481348,312.765927445063
15.2065,-247.498137075292,377.82905500591
15.207,-275.932812056614,445.344904396741
15.2075,-297.861635935313,495.456045680464
15.208,-305.780662300473,527.224922321979
15.2085,-296.581416441143,563.943400691344
15.209,-270.829458403053,630.519594183466
15.2095,-232.230075514677,714.673602201994
15.21,-197.083400532357,757.252856276701
15.2105,-192.331890490517,703.467542308465
15.211,-227.035053750026,569.14077191526
15.2115,-270.288349660092,434.744939077835
15.212,-274.320445389627,361.309808427065
15.2125,-221.135840047498,328.511431678305
15.213,-135.864189556153,266.614590750636
15.2135,-55.811299407569,129.325982159853
15.214,0.929697849975836,-79.552265617537
15.2145,36.4244354351436,-324.81836241631
15.215,58.168634375145,-553.035783804003
15.2155,71.9556742380538,-701.701896882564
15.216,83.2028133251629,-734.475115642864
15.2165,98.4618623170855,-673.728453045327
15.217,124.555641168815,-576.108452791617
15.2175,164.283466372074,-474.216623440946
15.218,210.735763405044,-362.325952606712
15.2185,249.799266340588,-236.849003904783
15.219,272.970814063762,-122.025825204847
15.2195,284.522425898471,-45.4193736597925
15.22,292.664489241558,-7.93083149671584
15.2205,299.81627051367,10.4206993299457
15.221,306.399086522082,27.9122064151369
15.2215,315.144914201842,51.883062295957
15.222,322.421237189555,79.688986273094
15.2225,313.57265065399,100.751615521077
15.223,279.109870480171,105.687880893455
15.2235,229.792031834405,98.0019286378861
15.224,183.729350465873,90.3341099947579
15.2245,144.672509379263,88.7236915806514
15.225,105.731142224538,87.5960840176104
15.2255,65.9507869451494,76.9305979630309
15.226,25.1983689928771,45.7062820146547
15.2265,-29.6987313550781,-12.9018641108116
15.227,-108.710067846371,-83.897259928731
15.2275,-189.266138487832,-128.548942740453
15.228,-230.513241980364,-127.083947175043
15.2285,-224.406791199692,-120.678427812959
15.229,-207.771538023846,-178.191745936032
15.2295,-210.758446685796,-311.280369392904
15.23,-215.671936871124,-451.386522569948
15.2305,-185.48968279266,-527.537504780386
15.231,-116.574118121876,-542.359768314016
15.2315,-41.8941602434668,-549.12925111832
15.232,7.6772432435611,-574.130190362009
15.2325,24.8068258599204,-592.680369749727
15.233,15.8223320075738,-575.991898895997
15.2335,-8.32529058849749,-532.22794983883
15.234,-30.7277893803517,-492.071972058249
15.2345,-35.9449400510712,-469.474892209125
15.235,-24.1759816024712,-448.762250675719
15.2355,-9.43256489902995,-406.707685202045
15.236,-3.39540577394992,-337.392588564641
15.2365,-8.8831520070933,-248.695750254006
15.237,-25.7387970466849,-138.460628064638
15.2375,-51.2958735832537,8.28588668677399
15.238,-75.832224045103,186.530724786395
15.2385,-89.2132005867016,351.758028193698
15.239,-93.1978596234388,458.869872606339
15.2395,-97.8583415363955,515.019901939758
15.24,-106.369132605726,564.161227218596
15.2405,-113.9870643099,617.973754863806
15.241,-121.538838456472,636.993456081218
15.2415,-136.387244536806,593.390535913758
15.242,-156.758447517245,519.49180936854
15.2425,-168.664491166319,470.01542813944
15.243,-166.173694113688,459.92457557592
15.2435,-164.282802264856,465.823434372151
15.244,-180.97757924884,471.361145675879
15.2445,-212.030044881766,484.477084825356
15.245,-234.269524037495,519.719848260284
15.2455,-232.768499584481,582.882742857895
15.246,-215.913359444071,660.455740203776
15.2465,-201.186751905898,708.447331198674
15.247,-192.137693313571,673.381031269197
15.2475,-174.758063555603,548.952893841531
15.248,-135.269623365752,391.870521843302
15.2485,-75.4843466254615,254.864007016192
15.249,-6.73594156726357,128.30851341665
15.2495,66.8854489996189,-16.0325718012956
15.25,149.853213344532,-150.466311204986
15.2505,238.715489616322,-216.606578138876
15.251,315.65987638366,-216.440896843616
15.2515,366.639070246994,-218.848312696223
15.252,397.767562122435,-267.515384088369
15.2525,422.743128372251,-336.563299765606
15.253,439.954688717279,-393.673437211873
15.2535,435.812515109371,-453.220825916514
15.254,407.54786239957,-535.408975017295
15.2545,365.974897671337,-615.351587620411
15.255,313.827418091523,-652.33733488841
15.2555,238.925618990891,-643.344905613294
15.256,137.132081779437,-613.285829221124
15.2565,28.1959456087776,-573.822160807479
15.257,-62.7142643366615,-524.959825194273
15.2575,-129.62208552317,-479.385858555266
15.258,-179.769654577589,-449.883357134389
15.2585,-210.047141552816,-420.965402536739
15.259,-204.048345662954,-361.98192360917
15.2595,-153.800114690903,-263.493113836817
15.26,-76.3222717974809,-138.910192713297
15.2605,-6.61415465830828,1.20599249094554
15.261,24.3942473334121,153.068738728073
15.2615,10.2526737900708,303.799503871128
15.262,-26.4351893496104,432.895719614145
15.2625,-52.7534082981286,527.149600765183
15.263,-53.7520425710407,581.092932888808
15.2635,-39.9404772219705,591.213127651052
15.264,-26.2075543019234,562.214833792604
15.2645,-12.3868316590928,506.057298732044
15.265,10.6559254463215,421.422377437345
15.2655,47.2234331204583,291.902529941919
15.266,99.2700808739163,121.984688692797
15.2665,172.471072189966,-45.2892071334834
15.267,265.116030774843,-168.522881495279
15.2675,356.363267466422,-245.7735360628
15.268,419.938101089886,-289.39063108519
15.2685,446.698402750588,-290.599437189975
15.269,442.08592470623,-245.188529281804
15.2695,408.05632089776,-190.744151924144
15.27,343.886516294914,-171.028508898894
15.2705,258.73615084595,-174.573297871506
15.271,162.129872483497,-154.364432648285
15.2715,45.023771250638,-99.4540409767383
15.272,-103.858596289,-36.6437743684867
15.2725,-260.895578584859,34.9791355623962
15.273,-377.63232876077,154.487383361818
15.2735,-441.012145562994,336.096809879738
15.274,-495.232563968406,547.685694537842
15.2745,-581.715967796841,760.473887074052
15.275,-680.00128597619,960.157259369284
15.2755,-736.023799192016,1089.81574931531
15.276,-732.326744872746,1050.9498791881
15.2765,-696.512359638298,811.0172131614
15.277,-647.582025039723,466.152263532071
15.2775,-571.513952833157,148.057722415494
15.278,-457.080054355314,-98.9179675938555
15.2785,-324.578576046885,-305.589661869238
15.279,-202.675878724059,-484.782955131908
15.2795,-96.6048672509788,-615.534714699507
15.28,4.95550653089432,-700.616968259723
15.2805,106.023400541737,-771.033912243599
15.281,201.713582611734,-828.347482273871
15.2815,289.858085595006,-836.389966247902
15.282,369.020017104935,-782.637318366993
15.2825,430.63333871971,-704.855428988374
15.283,465.151983480046,-641.490242589376
15.2835,472.021285660506,-589.672779317164
15.284,454.661193306752,-527.366144347857
15.2845,411.543860236667,-448.192420340922
15.285,343.064147059861,-358.570209772096
15.2855,263.043183822233,-263.545689124004
15.286,191.605163216039,-170.581575344455
15.2865,136.823554920287,-90.3810041040434
15.287,91.6008667481744,-23.5204441920506
15.2875,47.4585478842596,38.6276494805716
15.288,3.08494768862718,94.3824832972637
15.2885,-39.9868335469042,131.688253008502
15.289,-81.0063993032831,153.001051222065
15.2895,-116.987720259089,179.419304082738
15.29,-142.338220246869,221.766604612655
15.2905,-154.104015160589,268.293094205119
15.291,-154.087742265949,311.809044270823
15.2915,-145.488344610984,368.074707748011
15.292,-131.692543735595,450.846557494862
15.2925,-118.519275727375,543.897042002913
15.293,-112.445479667914,615.271966163763
15.2935,-114.180526419019,649.962842287887
15.294,-116.441138666987,654.094770837175
15.2945,-109.433683779366,635.191592234552
15.295,-87.5880190059403,593.856880202756
15.2955,-52.144348644472,531.915915789844
15.296,-9.95174158724729,456.005908686854
15.2965,30.6044231214874,370.690907673221
15.297,64.6257317133968,271.604175213056
15.2975,91.0533053285839,144.44740209383
15.298,107.328995449226,-27.4214153007487
15.2985,108.073063102928,-245.217384702533
15.299,93.912445283229,-481.708887584107
15.2995,78.7667418008511,-694.491154690021
15.3,81.3968644038219,-854.852480907025
15.3005,108.889292937675,-954.165508333907
15.301,152.619063912554,-981.981998998342
15.3015,199.384590950375,-918.033372070292
15.302,240.471273404464,-761.406177620892
15.3025,270.361040399622,-557.490586713316
15.303,285.617578872689,-376.56747719261
15.3035,289.557586559286,-260.834378201744
15.304,291.318949843994,-197.553588133308
15.3045,293.595130207659,-143.239170422155
15.305,285.192363124504,-69.2753890776728
15.3055,253.169509697466,14.7937369364394
15.306,200.730597434182,77.5463551267988
15.3065,144.935160429901,102.232606156821
15.307,95.5004881894437,105.098438201163
15.3075,44.6582826753764,116.178318330367
15.308,-16.0158163419457,148.110672081249
15.3085,-75.3173340965122,192.932605620536
15.309,-109.783990646921,245.545766501991
15.3095,-111.654335976718,314.845156106982
15.31,-99.6946424545672,407.447461907734
15.3105,-97.5289950197918,513.514167020353
15.311,-108.78814107162,616.586890506426
15.3115,-121.036113762667,708.40711875137
15.312,-128.440300433872,786.933929158587
15.3125,-139.459394908914,848.193205006751
15.313,-162.425081795433,887.988297960912
15.3135,-193.672321584314,905.245880542595
15.314,-223.286026246893,897.52531466109
15.3145,-245.507114099359,860.332319787203
15.315,-259.83257551064,795.895274319497
15.3155,-267.48646209912,711.969626134303
15.316,-270.603859700731,603.392726368676
15.3165,-271.143495847024,446.819574351532
15.317,-268.913068155105,229.4170568452
15.3175,-264.949336152392,-22.5079661863188
15.318,-266.118341849471,-258.502521072412
15.3185,-277.654568875368,-445.203308324419
15.319,-289.205902408949,-578.475311367746
15.3195,-278.75081253649,-657.629160715915
15.32,-236.328993362525,-670.558417711701
15.3205,-175.714038103001,-617.412372873666
15.321,-116.90634223526,-535.683925520055
15.3215,-66.1634602750021,-481.953757748697
15.322,-20.2345411684325,-485.689698528805
15.3225,20.4759056269411,-529.920705555552
15.323,54.3614782050248,-578.340258847457
15.3235,86.1215753470687,-610.748184693736
15.324,119.428255552567,-626.712516339984
15.3245,148.350366465545,-626.885477149753
15.325,168.16949420804,-607.894455990918
15.3255,187.580206690107,-574.732118175871
15.326,215.240200832071,-540.143989099896
15.3265,240.125483877292,-503.571457943116
15.327,242.718418669838,-445.468740981483
15.3275,221.911256860796,-356.361039380186
15.328,191.090725390644,-260.773841378451
15.3285,148.996388995159,-194.930423872868
15.329,78.2560700078708,-168.143630120194
15.3295,-21.0466361238311,-166.881965112218
15.33,-118.373213043627,-191.561275824457
15.3305,-184.952965857089,-260.171839232216
15.331,-221.893496520634,-368.742933424926
15.3315,-243.415963560076,-475.972528814475
15.332,-247.620000795603,-543.476061045259
15.3325,-220.736788466432,-570.388728821428
15.333,-161.08413607264,-570.148418203687
15.3335,-82.9526409267465,-534.91650238665
15.334,-1.77514502851386,-451.661719806676
15.3345,72.4918065367711,-340.519516068614
15.335,133.493233286971,-241.981865834384
15.3355,183.609251275261,-162.968355326448
15.336,237.580962797289,-63.4208113300561
15.3365,308.548995202078,94.294611676079
15.337,391.556666495444,303.172092584482
15.3375,470.172633056158,528.480809443319
15.338,536.050197331423,748.943695143728
15.3385,589.4896964629,967.393150463566
15.339,619.957507979688,1191.32448836915
15.3395,598.82508101078,1415.75471009142
15.34,501.633976328763,1620.97204787262
15.3405,338.787214856944,1780.11607707378
15.341,160.28418560351,1872.32141624601
15.3415,21.5633230952152,1890.32097709591
15.342,-64.0970614419965,1830.43281118472
15.3425,-136.425592525069,1680.54260793924
15.343,-240.400891083005,1434.17772854598
15.3435,-369.47618378254,1115.6752990759
15.344,-472.39867948646,768.612852110031
15.3445,-516.820049390216,411.624784415223
15.345,-521.784690306853,30.0429932977878
15.3455,-516.049406853479,-372.549810272989
15.346,-489.774963068866,-738.270789556737
15.3465,-411.21543073192,-997.672171992164
15.347,-274.324748267068,-1135.2686246918
15.3475,-103.195729676709,-1185.83727965044
15.348,78.0028579273089,-1177.9869972627
15.3485,248.8865345579,-1115.72994728282
15.349,375.078291202931,-1011.04754595909
15.3495,424.56933497055,-893.58182693706
15.35,408.74053823988,-777.238312994149
15.3505,376.719992499776,-651.754332244217
15.351,357.554299976415,-523.715084900533
15.3515,332.561135657798,-433.479578411651
15.352,275.89078075995,-406.737582492483
15.3525,196.331731452807,-415.318703938812
15.353,120.932418434791,-415.604244465218
15.3535,58.1883173024277,-405.989300899723
15.354,-0.184915936770043,-413.039924407328
15.3545,-53.9248678898313,-434.322946321562
15.355,-92.6991997820167,-432.728308371734
15.3555,-114.791742064828,-385.470656010689
15.356,-131.553924685059,-305.269929217343
15.3565,-156.390952362949,-209.814115121484
15.357,-198.740348340333,-100.628562236
15.3575,-261.283874615894,19.9480906656168
15.358,-332.41317315614,135.912811447788
15.3585,-389.4949165171,230.402374404341
15.359,-421.28756576333,292.48506101825
15.3595,-440.831489750686,310.710147309384
15.36,-466.988981057253,286.007483174949
15.3605,-501.612389989111,252.953823479499
15.361,-533.391810678861,255.931314583692
15.3615,-551.611326220814,296.43576954207
15.362,-543.924885640539,338.247588629235
15.3625,-495.504437203859,373.416151371717
15.363,-409.840443098761,435.595865010136
15.3635,-319.700763030522,521.87752445419
15.364,-255.147200809382,553.655411529134
15.3645,-206.677593571891,470.566649841399
15.365,-141.875078549677,332.142789357475
15.3655,-53.4526568615557,259.120913359917
15.366,34.159850793713,280.594953749324
15.3665,104.787083371994,303.3516422201
15.367,169.855094953473,241.43903499362
15.3675,242.345531601343,114.780947580411
15.368,316.281396171748,-6.38101170968789
15.3685,381.765797257268,-101.543387968482
15.369,438.263243370415,-200.950267233983
15.3695,480.716331251179,-318.307477783465
15.37,493.403786170638,-428.190656811185
15.3705,474.759277486781,-499.447013344336
15.371,452.483732007926,-517.88738404038
15.3715,455.006239500359,-483.514643454408
15.372,477.937556239126,-413.287698636489
15.3725,495.14850892871,-340.644549278799
15.373,493.125417510649,-287.134314207718
15.3735,476.063770388803,-239.812331155146
15.374,444.806213711368,-179.983586333541
15.3745,392.792795947895,-125.965450080486
15.375,323.180220066791,-116.736985095077
15.3755,251.731143746154,-154.029283401296
15.376,188.443227265168,-192.464664412197
15.3765,129.068349078168,-194.510426494068
15.377,67.8898555282426,-166.514282207285
15.3775,6.86969179028172,-128.235857893509
15.378,-52.1461043629414,-75.4313463795296
15.3785,-113.437064385897,3.72638005523608
15.379,-178.753074995093,93.0817950619949
15.3795,-239.056823638856,156.82351155681
15.38,-281.191539085238,179.150075425466
15.3805,-300.796823000923,177.105222541598
15.381,-306.484926445101,178.210536224937
15.3815,-312.598516996223,202.600013203138
15.382,-326.259720135827,262.39933375834
15.3825,-338.547771820404,356.14501802976
15.383,-332.441344126395,459.344329663778
15.3835,-305.216189059742,538.406700113709
15.384,-277.443835886383,581.644554449635
15.3845,-269.402069449439,604.278183779974
15.385,-272.501030224288,618.960356135172
15.3855,-258.606444865719,617.568069942414
15.386,-218.049399468088,589.005014755375
15.3865,-172.046811390978,535.377122688529
15.387,-141.720418293645,455.891865855236
15.3875,-120.387693947255,334.075049368547
15.388,-87.3784111385681,166.936310198202
15.3885,-36.9801767506802,-2.95967114486103
15.389,20.2726576875838,-116.003316339629
15.3895,76.4873833791372,-160.88347516734
15.39,130.660056452247,-187.630827676248
15.3905,178.387611342809,-248.087934707379
15.391,214.181557739042,-344.535156396798
15.3915,245.13553154899,-445.768114815369
15.392,287.286869493567,-529.734422738846
15.3925,342.891318132055,-592.311441464856
15.393,392.130791572436,-632.494296389815
15.3935,414.132938159051,-651.77532201304
15.394,409.132066502469,-657.872786721597
15.3945,394.12670813168,-648.384142538011
15.395,382.335095720163,-599.477385144332
15.3955,372.086597366913,-493.709796931521
15.396,350.821867579207,-355.499800210306
15.3965,304.618713595478,-237.112993312083
15.397,228.171006399715,-168.443235616851
15.3975,131.67982202412,-137.006016281494
15.398,35.9322339962844,-114.084390157739
15.3985,-44.2920239404318,-79.5124257249756
15.399,-110.989780152243,-21.8424493022252
15.3995,-174.808234619391,59.9224055107809
15.4,-239.394516418813,146.274852605311
15.4005,-297.582296351669,208.820338732413
15.401,-340.146402352131,240.932818801763
15.4015,-363.566738760525,259.668125415137
15.402,-370.505565078321,270.868484795477
15.4025,-366.282479588026,255.920011789153
15.403,-353.659460569341,208.583394694877
15.4035,-329.310649277704,162.733270405298
15.404,-289.865724989375,155.743441700107
15.4045,-245.251726953873,172.049517348147
15.405,-219.209162479578,151.518388025125
15.4055,-226.536198257914,61.9343050068555
15.406,-252.249157146885,-53.2366368464197
15.4065,-265.143801571284,-112.153874481179
15.407,-254.392846300132,-75.8379533345311
15.4075,-241.790515593679,17.2566456425803
15.408,-251.502788137914,100.218798659711
15.4085,-276.309537428916,151.4693712481
15.409,-283.415700000656,203.853132727923
15.4095,-250.020419262806,279.247683776831
15.41,-184.311163392996,339.790045986691
15.4105,-112.83743157952,328.343410501806
15.411,-56.5950575446113,243.846490768256
15.4115,-21.6803764948316,144.098615259207
15.412,-4.24839591310003,76.6508986639548
15.4125,4.58473167720132,42.9148673640101
15.413,18.3809586191511,36.297670355647
15.4135,52.1181451090533,72.787616398939
15.414,111.670087158951,156.904903841342
15.4145,184.110742409288,247.413114914235
15.415,242.372870193401,290.857813570634
15.4155,266.259129467161,274.433746871522
15.416,261.784922171874,220.396334674616
15.4165,256.782399627551,146.573588657576
15.417,274.595077212341,62.9799511093928
15.4175,314.275571845961,-8.55584682678195
15.418,358.612741077378,-49.4410541260288
15.4185,396.490220816574,-73.7498651050451
15.419,430.074956432688,-107.647650462564
15.4195,461.645591759022,-140.870665449004
15.42,482.973617396921,-133.891459991169
15.4205,481.987858326922,-77.2765044261562
15.421,453.230419321067,-9.48956213201843
15.4215,395.283846240985,33.3722166338026
15.422,302.977524820258,51.36427748903
15.4225,173.217377122725,47.6654642721262
15.423,21.3631034743964,-5.78682777567013
15.4235,-116.453780715023,-138.074438153107
15.424,-206.034688234969,-326.881360782285
15.4245,-241.459255308215,-502.999523420939
15.425,-246.594086234701,-608.16422665294
15.4255,-251.032262867229,-635.816505361423
15.426,-266.62745539917,-617.066786765046
15.4265,-285.56602124564,-579.789365033943
15.427,-294.520702612673,-527.190528052047
15.4275,-285.138883998103,-452.238398164071
15.428,-252.111584791997,-362.73818000025
15.4285,-188.717455666023,-278.608973025523
15.429,-92.6018921774169,-202.367431419011
15.4295,21.5923908036835,-111.115049824024
15.43,121.411935194853,8.24605320848406
15.4305,178.086135078947,133.457969609762
15.431,192.303959904153,237.6398455793
15.4315,192.237041000305,326.784716852574
15.432,199.792508835594,413.921660731879
15.4325,204.142378827829,471.79116030705
15.433,178.972948954553,459.603270866279
15.4335,123.089354094787,395.866927280132
15.434,67.124773126097,348.612506538185
15.4345,32.3950188053516,334.748450540775
15.435,-1.56035480744703,282.775787166867
15.4355,-70.3713913754419,132.259235576345
15.436,-171.101345305184,-71.0832553945945
15.4365,-255.048866809722,-224.539706472997
15.437,-278.281583721189,-282.120125504816
15.4375,-243.249891346966,-270.87092750895
15.438,-182.409336292807,-220.079514438507
15.4385,-116.169615208524,-138.15465681802
15.439,-42.8253250433682,-56.3316923099604
15.4395,38.5144774288213,-29.86972133658
15.44,115.35937733074,-71.8403674327729
15.4405,175.262746159793,-129.724084617506
15.441,217.096682296266,-155.565032559824
15.4415,240.581467457602,-166.332449471351
15.442,232.595083791139,-202.918987023432
15.4425,174.381231296557,-252.820230669046
15.443,63.9626535380183,-252.870936126192
15.4435,-71.1031208012403,-166.85673911489
15.444,-184.293839264846,-31.6290336479666
15.4445,-236.631016318946,81.976226115069
15.445,-220.011380426976,137.539324127765
15.4455,-159.576583321947,153.205048504998
15.446,-92.7777211137676,164.978323187341
15.4465,-44.0011745845458,186.762123180832
15.447,-17.3546757224547,211.361319371066
15.4475,-8.41938296838898,237.77600703298
15.448,-15.6885856776141,277.365690506756
15.4485,-39.5836620391609,329.129083449304
15.449,-76.4207762503039,368.904079430603
15.4495,-117.650467885952,380.526274803523
15.45,-153.854944062255,386.49170205958
15.4505,-179.399554236561,425.305615821819
15.451,-196.785622875336,500.314999596034
15.4515,-216.920760526149,572.100357004521
15.452,-250.160087565928,605.649783573147
15.4525,-294.974346496002,607.428500856293
15.453,-339.550455547861,608.517827980844
15.4535,-375.679793704634,624.259348603328
15.454,-404.618187286426,637.447482418064
15.4545,-426.12206694045,611.249323085451
15.455,-429.621391516615,515.470306084527
15.4555,-403.620084621516,353.854937190753
15.456,-348.304696042981,171.458810702001
15.4565,-270.22361455905,20.0782211714574
15.457,-169.622006469839,-95.0184594512002
15.4575,-45.8097027833693,-223.111948552294
15.458,85.7429745655772,-409.072900418491
15.4585,196.895655236631,-630.861259151354
15.459,274.505167531696,-807.123367892814
15.4595,334.263029612014,-866.497091982662
15.46,397.853378551602,-804.320004131584
15.4605,463.821853723567,-676.874088506661
15.461,511.91095525216,-551.668623808275
15.4615,531.106384444982,-465.105040185557
15.462,529.569962209431,-418.113820628985
15.4625,516.697356375375,-399.152126007333
15.463,489.888442520321,-401.422068498187
15.4635,446.128046968095,-417.530590361072
15.464,396.09661311085,-430.30206435066
15.4645,355.476004264589,-424.104608995789
15.465,326.360178677366,-405.337281524153
15.4655,297.751453892749,-398.430236377012
15.466,263.387037314039,-415.453672051296
15.4665,228.31775230139,-438.386387607832
15.467,194.999260587457,-439.171021559619
15.4675,153.116547244144,-412.503258981443
15.468,91.8503667637808,-380.874608001358
15.4685,17.727681630273,-367.090013275999
15.469,-49.3737317405261,-366.005763899112
15.4695,-98.7459652185441,-345.909119711594
15.47,-139.751449417857,-279.280631943428
15.4705,-186.436385304341,-171.290642944585
15.471,-236.364818142302,-51.5808551647461
15.4715,-270.837490982367,65.9790019367452
15.472,-275.156504560921,205.639507726002
15.4725,-253.475426900726,396.903325682385
15.473,-222.377726708438,618.696671123461
15.4735,-193.935769654803,791.298253758873
15.474,-167.705314291783,836.559418013322
15.4745,-135.603390894562,748.714423523714
15.475,-89.1181090673255,605.410686200696
15.4755,-22.663464003387,506.506860198169
15.476,62.5967617208276,491.58935554771
15.4765,153.094121068176,507.896604148461
15.477,224.465169919775,464.161806944653
15.4775,255.813830200485,325.65029372387
15.478,244.642601874304,150.775646308079
15.4785,205.874637508129,23.5110021182217
15.479,157.413786834809,-39.9152725864743
15.4795,110.977452112825,-96.254349599393
15.48,75.6196366414591,-193.146706509223
15.4805,60.2590859637661,-311.163349944104
15.481,65.1765940412962,-395.717821830013
15.4815,75.5748360565502,-420.558639178078
15.482,73.3196818346131,-401.772667740101
15.4825,56.2587970024855,-366.258952675205
15.483,38.5556264951855,-328.045072314455
15.4835,29.1153983577228,-289.092068107946
15.484,16.803052883214,-244.586065669524
15.4845,-16.6058190521602,-183.808297321285
15.485,-72.7201999326941,-91.9717990178716
15.4855,-133.354556914407,45.3958208539714
15.486,-180.618869033593,231.134214280192
15.4865,-213.475228582776,436.691551370387
15.487,-242.888243699379,601.34559223633
15.4875,-277.255236302497,677.973609933017
15.488,-317.246382579853,684.580854343341
15.4885,-360.39419810723,683.643034801314
15.489,-403.676807137245,701.964100976642
15.4895,-441.750029933897,703.832781679531
15.49,-467.974410208011,660.396391425063
15.4905,-478.646678814376,605.062472494602
15.491,-473.207846191721,581.255020265778
15.4915,-450.591324657083,564.467704674404
15.492,-410.392042745745,487.093084235814
15.4925,-359.061292807786,328.294687015779
15.493,-309.3721167557,130.259652019215
15.4935,-269.595396229957,-66.149812747368
15.494,-236.438702639752,-244.512309155232
15.4945,-202.073989252639,-370.454257867971
15.495,-164.036331341982,-396.181769424277
15.4955,-123.203405998587,-338.042817386613
15.496,-76.2525628190062,-291.223648762733
15.4965,-18.4112574608556,-318.940415327523
15.497,47.0320237461826,-368.730450606783
15.4975,110.041614328498,-353.871220275549
15.498,166.195374305014,-285.110502722808
15.4985,220.821574664394,-251.52984218065
15.499,278.218820111077,-282.971479839306
15.4995,332.560669329945,-312.503982626155
15.5,372.288352200803,-297.612207670264
15.5005,388.726268131525,-306.275544053647
15.501,379.677955373674,-424.939644202986
15.5015,353.136132656712,-616.326815844808
15.502,331.220976446818,-732.743219894169
15.5025,339.885271557204,-671.60698234636
15.503,383.986348089849,-474.086001579872
15.5035,436.839331246148,-260.77831061349
15.504,464.083342733878,-107.127262016749
15.5045,455.742475842732,-4.5444900753316
15.505,426.461514069478,81.0016325074026
15.5055,387.57146215529,149.105451330542
15.506,331.975562678676,169.392890239246
15.5065,250.405434968778,126.183413374012
15.507,153.113163090755,44.0781235768536
15.5075,67.6419870126533,-29.6479477399797
15.508,16.5260805635921,-62.0939589457083
15.5085,-0.0505107470411502,-54.7316246600328
15.509,-0.407423346928089,-33.636016177029
15.5095,-1.16694127461021,-25.9512980065609
15.51,-1.67407493807979,-44.0692505573684
15.5105,8.07678482331549,-84.2326734289861
15.511,24.6314640474156,-134.04360344353
15.5115,27.1034923410593,-182.006566415552
15.512,4.73598051408552,-222.457873476728
15.5125,-20.664096151142,-250.886357854415
15.513,-15.4200495902101,-255.998845168095
15.5135,25.3101921382482,-224.011760805912
15.514,72.90800987306,-156.017509084625
15.5145,100.661038893647,-75.6015897002824
15.515,105.206632615674,-11.8183233445204
15.5155,88.8263845408344,22.2379884761638
15.516,42.5604430550804,28.648562032505
15.5165,-37.2630678069586,12.4394997890415
15.517,-129.488359531901,-13.2389373461632
15.5175,-203.989349602334,-14.0411420636309
15.518,-252.046795519384,47.7343295609458
15.5185,-286.47402176641,169.704498237812
15.519,-315.623364898816,301.037144332307
15.5195,-331.94762519771,394.19077586998
15.52,-325.764361639857,452.730990674119
15.5205,-298.133160584044,508.043298562582
15.521,-258.921437671339,558.086844675899
15.5215,-220.436724850253,557.414636801946
15.522,-191.624381383152,473.621866870671
15.5225,-170.301081872955,332.82880636172
15.523,-144.091873855173,198.326992794926
15.5235,-108.241193386385,116.944294385023
15.524,-77.6519010944119,94.5697326432569
15.5245,-68.5341951718463,110.559161526624
15.525,-72.3495469834471,141.57603599673
15.5255,-64.9901084866507,175.409659384739
15.526,-41.6608337938445,211.718404602593
15.5265,-23.6482154290641,250.938178867597
15.527,-25.308882110079,283.49368972845
15.5275,-32.7704992542645,296.011394162806
15.528,-25.9100538992241,286.938076924731
15.5285,-6.63110905406133,266.093612177435
15.529,7.99742044299806,240.007533403797
15.5295,9.90632060539927,211.770331156968
15.53,3.41863266814249,194.46039354371
15.5305,-7.53372442019698,202.520733953904
15.531,-21.2385736275217,221.524057085475
15.5315,-32.1421499681334,208.189662860255
15.532,-36.5000960692599,135.624483335735
15.5325,-41.3021871823819,22.2966901470384
15.533,-55.5564450380557,-97.0045192473949
15.5335,-75.5553258432909,-208.396061591477
15.534,-91.200658658669,-308.601765951918
15.5345,-103.644254018579,-380.316497397479
15.535,-120.67136788418,-407.310199841653
15.5355,-134.30970361252,-399.840321325659
15.536,-121.243795479009,-375.682414094709
15.5365,-72.3486346559212,-330.337490783601
15.537,-6.41689516699477,-261.857232334434
15.5375,55.5073627604266,-213.222204683422
15.538,115.503961943663,-242.611963566614
15.5385,183.934961235734,-347.450503712745
15.539,250.239012182175,-460.514425175902
15.5395,289.576582718639,-528.808587281645
15.54,297.341733034827,-551.226083239672
15.5405,296.745280254569,-526.753678228363
15.541,305.566068864382,-424.906150971962
15.5415,311.842668667061,-250.284190332518
15.542,293.896305274475,-94.6895190554176
15.5425,251.994452034464,-65.8092159223834
15.543,204.884019411721,-173.048249045828
15.5435,162.504467793964,-325.078558358701
15.544,120.42799155623,-431.613052298006
15.5445,80.1257280600285,-467.856877383376
15.545,55.3210686973813,-447.041128598891
15.5455,51.4372407358666,-381.990884366274
15.546,54.1949747037333,-291.643953929713
15.5465,49.4918675345392,-209.650485917172
15.547,43.2096298428791,-159.095702153674
15.5475,48.4078732369225,-131.187132121191
15.548,61.1818462749186,-102.970507776134
15.5485,64.1887210341408,-65.4154125509091
15.549,50.0135510725772,-24.1280787588278
15.5495,26.2637426014073,17.5713555142355
15.55,-0.962352531675236,65.5244012601942
15.5505,-33.7186382347878,128.028446054641
15.551,-71.4847356206344,206.693086250555
15.5515,-109.084582914713,292.428647410032
15.552,-149.770020446742,372.031346506312
15.5525,-206.623231364681,441.647418376946
15.553,-283.447181690396,509.688704315325
15.5535,-364.239448505753,586.07691647259
15.554,-428.154438176346,681.31915057117
15.5545,-465.98418817745,818.932663561295
15.555,-477.086456779251,1023.09084048468
15.5555,-462.096383655936,1273.38965280983
15.556,-427.325444340704,1493.2070280068
15.5565,-385.968030133662,1614.13349628588
15.557,-344.96621625178,1639.81037897281
15.5575,-299.218631836736,1613.44406575938
15.558,-247.231823026952,1533.24818729272
15.5585,-200.526998454523,1342.05458805694
15.559,-164.44218688636,1000.56064675365
15.5595,-121.015926614534,529.126712670069
15.56,-49.3036249255294,-25.6450914985418
15.5605,43.9904637353543,-613.394733813246
15.561,134.023969774941,-1148.8819837513
15.5615,214.853290248388,-1512.82788270209
15.562,305.360963436359,-1636.06654888617
15.5625,415.39328752875,-1567.27226720351
15.563,525.851335583309,-1422.2862312743
15.5635,609.751234200458,-1277.160309577
15.564,656.958965975299,-1135.55044295356
15.5645,669.963285641318,-979.969765670208
15.565,650.988574627966,-813.924465521362
15.5655,606.079825136106,-655.167427415325
15.566,551.248840433058,-519.453551541298
15.5665,500.554671654281,-416.400095402923
15.567,452.228591299803,-341.485162465896
15.5675,395.520757602085,-271.090377152482
15.568,326.458720007005,-183.065880411736
15.5685,248.785840617108,-84.3486813949071
15.569,164.419046452133,-8.76199003435521
15.5695,72.1566660658646,7.74073113070291
15.57,-26.2446092209878,-54.9930232998113
15.5705,-124.850146889841,-186.921755145346
15.571,-215.428681757132,-332.440502944485
15.5715,-285.716088687342,-411.332851426327
15.572,-321.099248085662,-387.645875773131
15.5725,-315.86180826611,-308.636405593306
15.573,-280.857557996568,-247.734654167297
15.5735,-234.878148080243,-221.013547413878
15.574,-191.112045371267,-191.344883188403
15.5745,-155.827462023551,-137.698080377986
15.575,-134.461671889277,-71.3347584655934
15.5755,-131.36811808228,11.6534922199803
15.576,-146.439875110863,135.094651155376
15.5765,-178.25394070131,285.112064908569
15.577,-227.521960580788,402.795010535172
15.5775,-291.514277170754,464.183981145178
15.578,-359.022559280118,520.061915546117
15.5785,-418.321674383111,614.848803391276
15.579,-467.375229082105,705.168572584003
15.5795,-508.666241175774,713.927895906347
15.58,-536.490813907481,643.588856585158
15.5805,-538.33641219102,574.758546044611
15.581,-509.038363214739,551.860096373982
15.5815,-456.179732031908,525.341490495503
15.582,-390.430635826967,426.184356550675
15.5825,-316.327735789054,257.909635365611
15.583,-233.261089632939,88.1289977752968
15.5835,-140.02468928404,-27.0533164405273
15.584,-36.6618540707573,-84.7550766476817
15.5845,74.8537583742966,-116.173172989625
15.585,190.580824772605,-149.944522386409
15.5855,305.568898352931,-189.779596673144
15.586,411.692821003851,-209.283761667095
15.5865,493.103456683593,-166.759870210348
15.587,530.800196071481,-38.267503621025
15.5875,518.733345590233,154.765556255772
15.588,471.819360071056,349.575659849482
15.5885,412.022542075644,476.426761499537
15.589,350.764191242496,497.843022723954
15.5895,291.128070612833,426.034354509281
15.59,240.112197025932,306.654413153164
15.5905,206.850571691618,182.027117363145
15.591,191.448062830643,67.3637882435475
15.5915,185.787257814121,-39.9567780287533
15.592,181.534112171199,-138.198780523348
15.5925,165.834015776763,-217.971002945762
15.593,115.896597659902,-274.270856129692
15.5935,18.8067166183442,-307.164850549747
15.594,-100.986643033017,-312.082098384054
15.5945,-194.498931715664,-285.55646981289
15.595,-237.345086036896,-243.718441488044
15.5955,-250.076888280199,-218.95673721053
15.596,-261.151496174992,-229.235138201948
15.5965,-269.076905886545,-261.038650801568
15.597,-257.542473280102,-289.283261212195
15.5975,-230.580544434411,-301.716248617223
15.598,-206.39439506173,-293.846389597917
15.5985,-182.693319260912,-252.669974259938
15.599,-136.562798643337,-163.29508910575
15.5995,-63.8483924307067,-29.8368906244083
15.6,5.84741164562004,121.787012190239
15.6005,46.8976438991243,260.091407028823
15.601,72.4940691546837,359.267085631122
15.6015,112.928959386578,403.047110206926
15.602,169.208433354263,396.38703389834
15.6025,211.09401232843,374.832809551946
15.603,221.799598503207,383.769218543642
15.6035,222.211846080897,436.20724755854
15.604,238.096322130142,496.906283629784
15.6045,257.859660216813,513.729459148899
15.605,243.19859042752,457.786454978177
15.6055,179.979663811347,328.809137580844
15.606,100.286446929498,134.307463083602
15.6065,47.6705316820915,-119.598151235571
15.607,34.2351303563343,-416.107269139444
15.6075,41.9552158323167,-717.525426661749
15.608,54.7564864289418,-971.513693057898
15.6085,73.2094721888773,-1125.8411672644
15.609,101.991373368694,-1144.63973291862
15.6095,140.526183442076,-1027.06147904106
15.61,189.497918979959,-816.706506908674
15.6105,252.281564965582,-581.318160929583
15.611,321.31077646225,-371.461330750996
15.6115,371.186984962194,-201.992743648985
15.612,374.81345203213,-77.8686962372551
15.6125,325.58693328103,-22.9974282102018
15.613,241.432906886157,-61.3746993846373
15.6135,150.618664949996,-171.500785653562
15.614,74.8443360142326,-285.987029820415
15.6145,19.6429875896329,-351.064714519194
15.615,-24.489976035279,-370.548589879725
15.6155,-71.0750456823567,-374.826830593877
15.616,-127.002029187131,-362.936672869527
15.6165,-192.89197581132,-304.049883195672
15.617,-267.732582744091,-192.433321375789
15.6175,-344.8465601206,-67.8610455016344
15.618,-407.572918018438,32.0973779027417
15.6185,-442.286551391654,117.545617080783
15.619,-456.822925008039,226.379547719054
15.6195,-473.682886183529,374.714620781325
15.62,-503.069474804045,546.001068352011
15.6205,-535.873681545811,716.8443552276
15.621,-564.991708804584,870.645371223698
15.6215,-594.873937279742,991.502306839256
15.622,-621.789895962969,1067.94825249583
15.6225,-624.162253326446,1103.22982297381
15.623,-588.603710672769,1103.08508619923
15.6235,-531.714920744024,1054.63279344579
15.624,-478.464549575684,939.137102539437
15.6245,-430.016651319005,766.808797739783
15.625,-372.008902390384,575.606522304975
15.6255,-304.902884612403,394.055399489663
15.626,-242.223004005029,234.819517536401
15.6265,-181.468725195659,128.85519562897
15.627,-100.259243597855,119.290755157966
15.6275,14.6417829548455,190.40295966103
15.628,151.469182042328,241.75168925642
15.6285,288.3352077794,185.645177076052
15.629,406.57704894557,54.8599247526022
15.6295,487.620837839821,-39.320526692414
15.63,517.545314347358,-51.6154466576889
15.6305,504.108330726967,-48.1900111617166
15.631,474.995716640815,-98.6276100415364
15.6315,451.804937882454,-184.154286166622
15.632,438.369628460048,-246.963217850679
15.6325,438.026646835367,-281.258054189436
15.633,461.659934404445,-325.21331452574
15.6335,505.609377372245,-391.428125586516
15.634,538.842732526992,-457.129393754543
15.6345,531.819626429492,-509.514584577435
15.635,490.86007903128,-553.107065085167
15.6355,447.80541599758,-577.8144598153
15.636,420.578706701438,-563.771349172959
15.6365,399.362039682349,-517.518033850494
15.637,369.191892659281,-463.850079803415
15.6375,329.787412513151,-403.55346462508
15.638,288.58418872063,-322.467243342925
15.6385,244.707522765813,-242.670033155223
15.639,186.907961043275,-212.907442921356
15.6395,105.215530086025,-236.018043583496
15.64,3.01478932084895,-258.016418178737
15.6405,-101.205417372868,-251.054166139828
15.641,-185.485284784867,-254.409734648094
15.6415,-240.164606863551,-298.942915258704
15.642,-271.508799943399,-342.409165770976
15.6425,-290.535962161354,-332.260033425848
15.643,-303.146525387096,-294.527376070215
15.6435,-311.801380143523,-296.327342145942
15.644,-319.323677919134,-339.737797893253
15.6445,-326.602008918058,-359.691660932059
15.645,-331.494515183287,-324.741914665083
15.6455,-332.594531698761,-274.137724109835
15.646,-327.658418469155,-237.853289587547
15.6465,-306.707046832263,-174.786889313906
15.647,-257.950558402191,-23.1554772605173
15.6475,-187.581422482127,218.67488359954
15.648,-123.331045448274,486.464095673823
15.6485,-87.4234590041119,700.441781318328
15.649,-72.4328375424835,801.389664389924
15.6495,-54.1208024297673,763.209286336376
15.65,-21.8353344671752,600.875283215559
15.6505,15.5560033632509,360.918933815076
15.651,48.6264161032686,90.3174299447378
15.6515,78.1481749167199,-178.116781144701
15.652,108.162247875941,-407.200024596937
15.6525,140.853153727469,-546.922320683343
15.653,178.706234387536,-565.677898244779
15.6535,220.69469565642,-481.359503317144
15.654,255.613406788191,-346.673620702076
15.6545,269.707877082142,-206.72144139555
15.655,261.682374595785,-75.1904909160062
15.6555,239.473372880482,58.0017787862367
15.656,201.915958469466,203.155710673477
15.6565,137.926907112423,349.708163825077
15.657,49.5401510474295,469.006324040365
15.6575,-36.9907561942519,546.418346929678
15.658,-93.5912759275427,603.564403015155
15.6585,-117.765975217338,670.684688302254
15.659,-129.621886823124,742.599058889956
15.6595,-146.749913654273,786.309245651414
15.66,-170.625638891436,789.606674560417
15.6605,-194.98121764033,773.167277204177
15.661,-218.080414484846,753.377594622169
15.6615,-243.819275716617,726.558784677935
15.662,-274.674389775492,697.280133286616
15.6625,-306.186642470869,687.108362358742
15.663,-328.023974272263,699.96074826407
15.6635,-330.49074758141,708.173160719387
15.664,-310.830890176657,687.228408378677
15.6645,-274.051669610226,636.772105795039
15.665,-228.959330615581,559.03065097688
15.6655,-183.432809633674,453.020229360582
15.666,-140.576240233625,339.136905011247
15.6665,-97.8975013651343,239.080854076042
15.667,-53.9012436654319,110.095404698862
15.6675,-17.3368306701946,-140.067277254908
15.668,-2.58143606937409,-525.79277366116
15.6685,-8.44034185445217,-920.781410749751
15.669,-7.76488757545487,-1182.477776722
15.6695,29.1263691467649,-1304.65027755171
15.67,100.786855186113,-1385.24673742381
15.6705,175.70175207803,-1475.29538162441
15.671,228.708261987444,-1534.9122762145
15.6715,265.06516643354,-1522.60621739726
15.672,304.539711938719,-1447.23315027736
15.6725,353.460700627536,-1327.20307458252
15.673,400.50481640541,-1170.46271099256
15.6735,431.208388128496,-1008.29488150432
15.674,436.801585009562,-883.781527856204
15.6745,414.133870326656,-787.440145008597
15.675,366.697299421743,-661.104580170267
15.6755,303.891464105931,-482.870001341382
15.676,232.878720579766,-291.346419708326
15.6765,154.113055651852,-109.86058549476
15.677,70.6831572385835,86.4864553669085
15.6775,-2.98696832562516,299.042241747309
15.678,-51.2208028853795,468.939712972575
15.6785,-74.3699671582265,559.332251864215
15.679,-87.4039440064938,619.47588948441
15.6795,-101.1371625267,712.838486858295
15.68,-112.550193740531,823.446800376304
15.6805,-114.773190579687,887.881967771497
15.681,-109.176929920163,886.225695305986
15.6815,-104.341630601126,847.953382564343
15.682,-107.838152051256,796.895839399437
15.6825,-121.510461137251,743.432628513439
15.683,-140.702439083671,704.409505694392
15.6835,-155.638162862897,675.146835614997
15.684,-157.406292060521,605.15298523532
15.6845,-146.477481428629,460.942853890631
15.685,-134.820519822993,294.26374615732
15.6855,-138.592057055678,184.917968690712
15.686,-169.109298716022,129.746104627154
15.6865,-228.323255114121,58.3942683107669
15.687,-306.76128905537,-43.9984501754485
15.6875,-383.002135409407,-105.224738341136
15.688,-429.858213733437,-71.6439474625779
15.6885,-428.004027332543,21.9002561287524
15.689,-376.799942257468,111.326938674454
15.6895,-292.543864575157,172.228464035875
15.69,-197.205887638,201.030801412304
15.6905,-108.215759521343,185.70543387204
15.691,-34.4104165091103,136.162763676305
15.6915,23.8529960417484,97.8322602185389
15.692,72.0772048755893,91.7800714389278
15.6925,116.316468200396,79.2384853171033
15.693,158.360218165541,27.7327734919096
15.6935,196.966314871094,-27.3314859803589
15.694,233.959835997876,-41.4426668274816
15.6945,275.755865765367,-50.8963042092654
15.695,326.422270626577,-137.710462536181
15.6955,383.269973146991,-311.743617943858
15.696,444.789468681558,-486.812474159881
15.6965,518.126204137948,-579.791558701148
15.697,605.158203384298,-584.003821151514
15.6975,678.402593592787,-535.487275682344
15.698,688.680261706383,-457.020605697413
15.6985,614.768939491327,-360.002800093284
15.699,498.578693155118,-264.848798639119
15.6995,409.603978244741,-188.544419591652
15.7,371.780350813297,-129.728659622297
15.7005,345.285938752145,-84.8822539710624
15.701,288.364758392779,-61.1822194676715
15.7015,214.938451820362,-57.2939226862995
15.702,169.861054351999,-51.5107773377233
15.7025,159.586216831865,-28.5481838254657
15.703,135.661680700246,-1.45099882103279
15.7035,50.8370716556285,13.3373263218266
15.704,-89.3350588805125,27.4439832708132
15.7045,-239.779433030352,62.9656102197475
15.705,-364.166855492307,111.669458499584
15.7055,-455.569036970157,134.770017920794
15.706,-518.880911443335,102.659255400528
15.7065,-552.434550996359,21.5632602017909
15.707,-552.908355352146,-73.5469689154949
15.7075,-530.04587327347,-140.870632526686
15.708,-508.129096545625,-158.666930423717
15.7085,-509.875994585179,-147.064789799312
15.709,-537.686254189277,-149.37990941702
15.7095,-570.699653452296,-170.328670168368
15.71,-582.273399095943,-150.132527107334
15.7105,-561.778518552071,-34.2105852659138
15.711,-519.308890021363,142.721247205792
15.7115,-471.359522700065,286.974919931693
15.712,-426.089398908972,361.505958472946
15.7125,-381.907022425039,421.659098904888
15.713,-333.81068111311,520.18335628057
15.7135,-277.439055077758,628.164051526337
15.714,-211.041137345534,684.848289597943
15.7145,-137.770861803217,682.107921589843
15.715,-63.9015809909296,647.672214989355
15.7155,8.06646352876353,571.09446892301
15.716,81.4803371928394,407.735647187644
15.7165,157.384966022275,155.762739329943
15.717,228.400147412924,-120.397096477049
15.7175,287.150247613721,-353.094665815998
15.718,338.965917248744,-522.680992820724
15.7185,397.882962731246,-642.035987162968
15.719,467.105241738152,-728.320092714177
15.7195,529.299691453591,-799.080038907071
15.72,561.229107823869,-859.745229384657
15.7205,555.234868358435,-881.504324703569
15.721,521.928258678033,-824.200172752697
15.7215,474.42266316686,-694.244257567059
15.722,417.104549604621,-546.346095330643
15.7225,351.260381142657,-413.633429599425
15.723,284.170372003054,-274.047095733768
15.7235,225.084413932652,-107.463040254705
15.724,173.513007060547,54.1080656744099
15.7245,118.437380889696,167.757041883313
15.725,51.5510587442536,239.569626714581
15.7255,-23.0615099811392,303.793211176286
15.726,-95.2811003697568,365.115474491788
15.7265,-160.999834716604,402.664639678289
15.727,-223.022892483561,415.613356492325
15.7275,-281.61364763848,424.402313078221
15.728,-329.322410876361,437.413408213062
15.7285,-356.438117498517,455.098893514088
15.729,-359.1607253789,498.0089696421
15.7295,-342.293916263423,589.976601576443
15.73,-316.176765288873,717.071692881523
15.7305,-290.332231457667,840.158697015786
15.731,-266.709659248772,941.677892005327
15.7315,-238.704067351043,1018.39385483698
15.732,-199.468753661804,1034.9648406608
15.7325,-150.735749474569,940.665283057378
15.733,-99.6523481169989,744.315819737581
15.7335,-47.6849749251102,522.664435709803
15.734,10.3027117544465,332.496863719563
15.7345,72.7337545735725,154.344905411853
15.735,124.085706875071,-56.7187714836576
15.7355,149.403613259922,-306.632525031935
15.736,154.759348980164,-574.863243748791
15.7365,165.432303447754,-848.965930592973
15.737,201.082478027398,-1107.91828372321
15.7375,257.162312755667,-1301.12104304638
15.738,312.971420862335,-1385.02634021747
15.7385,353.193654574867,-1362.89384738368
15.739,377.508848834355,-1258.22399197406
15.7395,393.407195269113,-1076.85112039517
15.74,406.93319788519,-838.2361328527
15.7405,420.069360423736,-620.879874801141
15.741,429.393214207279,-517.237540380185
15.7415,423.848272378546,-537.506667317327
15.742,390.39092110284,-597.868136439595
15.7425,329.005586175314,-608.694392208741
15.743,259.680960632783,-540.483885128569
15.7435,207.162783814735,-404.571144274391
15.744,178.047576570771,-217.004417639823
15.7445,157.778579555944,-1.77389556662185
15.745,129.179455296861,204.840206675221
15.7455,86.2869614438261,380.101910496233
15.746,29.501734807578,527.749283711216
15.7465,-41.0776925343774,649.740941182044
15.747,-119.05006719963,725.801092646074
15.7475,-186.451521964335,739.702865608947
15.748,-228.315265469076,707.96269414165
15.7485,-252.566988248591,660.198429708463
15.749,-284.967187279915,602.230022615047
15.7495,-340.562809775151,520.806663118538
15.75,-406.751597205617,419.676757250678
15.7505,-458.135922691657,329.674284647934
15.751,-482.415545033583,280.063525025497
15.7515,-487.068010480413,273.233841854939
15.752,-485.497583397343,290.302142565335
15.7525,-484.558538582148,310.251729891825
15.753,-486.252334136215,319.122129331607
15.7535,-494.363459964743,311.277801285727
15.754,-511.488869118521,294.0055263215
15.7545,-527.739116420933,291.08500607532
15.755,-518.720839508355,330.952602903712
15.7555,-463.928840037997,419.393324482427
15.756,-369.569463905711,519.467473865418
15.7565,-266.846224099882,562.892076938278
15.757,-183.336087097528,491.126750606035
15.7575,-120.88486460721,298.03465773284
15.758,-65.389487340737,43.4383190983238
15.7585,-9.63445870191527,-177.395855813539
15.759,44.0529714989571,-297.967221408352
15.7595,97.9269167899542,-331.993547070352
15.76,159.739400317862,-352.985345086365
15.7605,226.971305428489,-407.675538745565
15.761,282.771166387529,-464.230276914358
15.7615,313.616575138516,-473.311078894779
15.762,322.769670150537,-462.999238441006
15.7625,321.855392231932,-517.639351952419
15.763,318.043761426751,-650.585982733509
15.7635,315.036391437009,-754.986701781375
15.764,317.244450324171,-719.8484781684
15.7645,324.245490883052,-556.350372129383
15.765,327.608175961968,-366.603225183001
15.7655,322.005753359028,-221.491278538808
15.766,314.435853566508,-121.135672986382
15.7665,313.586054947799,-47.6484876103066
15.767,314.113043240435,10.0326146126136
15.7675,300.839020286164,77.300384665989
15.768,266.401696029305,177.832905833176
15.7685,216.44951326377,291.329256087058
15.769,159.366181640037,377.59556314321
15.7695,99.5387885929116,441.246609838724
15.77,40.0328563883265,515.490105552468
15.7705,-16.2398041300598,582.448962478425
15.771,-68.2401008003562,579.976142895311
15.7715,-113.21660536966,501.198999000104
15.772,-142.867851733507,412.853017045443
15.7725,-150.760278125218,346.770598330669
15.773,-141.870950881661,248.550264859141
15.7735,-125.303801390963,77.2424173617589
15.774,-98.6797872702479,-118.292347025539
15.7745,-52.3555249529234,-284.216031207885
15.775,8.04890938146833,-455.109558658271
15.7755,56.8558578849098,-678.401281061164
15.776,74.7822906354181,-891.520858470968
15.7765,71.0605491451661,-971.060141061272
15.777,68.9423219238822,-889.214866901762
15.7775,75.2976930382798,-735.869010141001
15.778,76.1584884562105,-590.892038806965
15.7785,59.3488287979526,-459.655834166765
15.779,27.8705162493589,-342.135292529239
15.7795,-12.4403745527787,-276.381421657051
15.78,-66.2425756424176,-274.402823474694
15.7805,-138.554797823274,-276.182075526801
15.781,-214.616342709928,-212.189412561644
15.7815,-261.339464157559,-79.0476875434628
15.782,-254.537932308545,72.0780983921845
15.7825,-201.265284420204,190.214706028094
15.783,-131.490813519423,250.302258654062
15.7835,-71.1731051353366,260.975278114628
15.784,-28.4614777904786,267.605149767108
15.7845,-1.23334436161458,317.565697220898
15.785,15.1926952964245,408.804146352753
15.7855,32.1441217355161,503.840275857934
15.786,66.7163870896997,596.904148110811
15.7865,124.054692217604,715.606070371677
15.787,185.17372863935,841.70012770667
15.7875,224.58821417224,893.492188473423
15.788,238.052846590052,826.837125390108
15.7885,240.087038946363,702.225679888917
15.789,234.469030805804,601.755503034555
15.7895,203.849261777435,522.06436759846
15.79,136.08610528818,408.571197796194
15.7905,47.4109930337276,262.328040018748
15.791,-32.6022042633643,139.864900618968
15.7915,-90.578984605052,57.6762339148996
15.792,-130.963752385018,-28.4676218992303
15.7925,-154.572068772294,-134.622312508128
15.793,-153.163711615194,-202.182549283703
15.7935,-128.665130109398,-174.652504579509
15.794,-104.27168540324,-80.9682609833026
15.7945,-106.854450217082,-2.47709964420492
15.795,-142.123113630107,24.4946397139709
15.7955,-192.45954940674,36.6348139700376
15.796,-236.573692701014,76.6627333658188
15.7965,-266.562479482801,129.420537668199
15.797,-286.614650824049,141.411204666649
15.7975,-300.243406661198,90.653803227943
15.798,-303.589921188721,11.4925368615914
15.7985,-292.752215844045,-57.9152260420288
15.799,-273.86865004017,-127.599201821745
15.7995,-258.893257622227,-225.786402490638
15.8,-249.452483480147,-331.892681162458
15.8005,-231.579587360205,-389.504303723771
15.801,-191.697265460044,-396.735038209389
15.8015,-132.585897431112,-428.410167912662
15.802,-66.9592346351053,-528.849591516941
15.8025,-0.890048928642407,-625.605172487207
15.803,65.9462571643028,-608.861001351492
15.8035,127.093040997198,-474.190283299511
15.804,170.808588177783,-321.253985227479
15.8045,197.188231788555,-218.06227961981
15.805,220.233456846723,-140.27994688051
15.8055,246.714320123642,-61.3726317376638
15.806,265.65069663503,-27.3927384371433
15.8065,268.451863775432,-90.6115850995074
15.807,267.537178233158,-215.57716744759
15.8075,279.67766436451,-312.160399251689
15.808,298.13893678617,-342.429590227083
15.8085,299.987986020418,-341.089739052703
15.809,280.095071719513,-338.271010666089
15.8095,258.987667883459,-316.864750847293
15.81,252.331370326277,-257.989888928663
15.8105,250.421304360185,-184.656862965892
15.811,237.693824934879,-133.14936306558
15.8115,216.682549458965,-103.50610161674
15.812,197.178351672807,-64.1764645282809
15.8125,173.117628919557,2.55436206546411
15.813,130.632969443397,80.4089046041973
15.8135,75.7001969199455,145.562461823055
15.814,33.7750674065926,198.690078676429
15.8145,18.950395711168,258.953025494217
15.815,20.0730418163808,327.148011406029
15.8155,21.8883967031497,371.33022655132
15.816,22.0245183611022,368.73348867636
15.8165,16.9855924679609,356.193643459326
15.817,-11.4757683631535,403.969052772148
15.8175,-77.1338672862941,521.630165904223
15.818,-164.32040207341,622.402373385863
15.8185,-241.179165716585,617.494429946459
15.819,-295.928953620557,523.316241863669
15.8195,-341.843778938191,425.71476735377
15.82,-383.688453982912,351.029361399059
15.8205,-397.701567137449,242.128004769002
15.821,-356.351275963829,77.3179640572451
15.8215,-263.278468512994,-62.9907197025386
15.822,-152.712503427835,-100.876701834523
15.8225,-59.2087971429266,-75.3657770072995
15.823,3.455772007311,-77.3887935863457
15.8235,38.4912027501154,-103.318182612012
15.824,53.597076526037,-65.3921299964863
15.8245,54.8954558686478,50.0754588763248
15.825,46.2461099954267,128.103048852161
15.8255,29.6146648910905,67.7412635649483
15.826,6.56787572463297,-91.1625480224836
15.8265,-19.696061793489,-238.820716871966
15.827,-43.5284154170895,-340.272580231183
15.8275,-56.7790339910387,-440.468139526667
15.828,-50.0179003355689,-555.229142096055
15.8285,-17.6800895618855,-635.537774509699
15.829,35.8340671691994,-643.81420569722
15.8295,97.9024715327848,-602.342954641836
15.83,157.261153751431,-545.543858410764
15.8305,208.444383829492,-469.564570851074
15.831,244.748053125376,-354.840437003655
15.8315,252.332982729079,-207.216189592927
15.832,218.078865278761,-49.873407802313
15.8325,143.183710882969,107.391976989046
15.833,45.7338273159156,269.179201295696
15.8335,-49.7011907620333,434.47287932115
15.834,-124.303765889077,588.799665211265
15.8345,-171.90909440295,709.990070504591
15.835,-199.330850477888,779.334215292603
15.8355,-218.414287692659,799.772091484448
15.836,-233.717316228797,801.849731914449
15.8365,-239.105662887701,810.383177837495
15.837,-228.589229770071,803.270246676548
15.8375,-206.549982252786,731.145133195834
15.838,-183.087737451702,588.320660538569
15.8385,-163.201112741076,436.560753059153
15.839,-145.333254184416,341.323730574606
15.8395,-125.435945593556,309.661728063102
15.84,-95.6378417640186,312.63120082225
15.8405,-45.1250824968401,342.428783755821
15.841,25.982075853152,410.66627742035
15.8415,96.1048028843638,498.892406824603
15.842,138.237528016292,543.2500927622
15.8425,147.22893420435,469.283934302307
15.843,139.65559539618,223.563615990013
15.8435,126.808559520662,-212.622771950336
15.844,104.156083809238,-794.108779335644
15.8445,73.6741881072024,-1382.77335642507
15.845,59.9985970202761,-1790.31239757255
15.8455,89.3223894518843,-1899.72170123453
15.846,158.508425814179,-1754.72973809588
15.8465,236.024102618445,-1511.10605584366
15.847,288.834121973902,-1288.99296718022
15.8475,300.609525282568,-1079.78730158396
15.848,271.84149370512,-804.387686615431
15.8485,215.49771483956,-449.949774162883
15.849,149.997913890187,-120.699518196789
15.8495,85.576625545189,61.4596005377778
15.85,18.7515410445965,86.635125198404
15.8505,-52.7334368607684,56.8693774263773
15.851,-115.911913706875,62.2016515750109
15.8515,-155.175290948967,95.3522496476873
15.852,-173.284233798933,101.221188300355
15.8525,-184.644101021379,69.4595028869958
15.853,-190.028195724541,41.171516371191
15.8535,-174.723865540685,46.9611525435118
15.854,-132.775853222372,82.2960298295598
15.8545,-75.9866218053754,138.920542619506
15.855,-14.8555014816319,220.649797393034
15.8555,52.469957087816,323.333561879517
15.856,125.378632737725,432.477258134305
15.8565,191.260700250035,546.74704329652
15.857,240.280025819855,669.252900815421
15.8575,274.409503720319,763.976627919818
15.858,290.578044628302,758.768029963931
15.8585,271.834120260502,619.753645407427
15.859,213.666591359422,399.60022875751
15.8595,146.372094061497,184.120718691717
15.86,107.247760767552,8.89313722936433
15.8605,94.0582410374666,-141.039870707351
15.861,68.1493827562322,-263.215369627735
15.8615,5.05431520992134,-311.351426738185
15.862,-77.9997300890884,-246.992422142566
15.8625,-149.363941658555,-92.7958035173073
15.863,-198.49517891499,79.3598808868767
15.8635,-234.927594627393,202.884273971565
15.864,-267.488419888879,255.561799820259
15.8645,-298.440944809519,259.906290307371
15.865,-330.087770489835,255.751834920052
15.8655,-363.969753374457,267.271489486693
15.866,-394.944034972743,290.013051643779
15.8665,-413.057872545219,306.194105334591
15.867,-409.840881253695,300.93522574075
15.8675,-379.959233867482,253.836138716023
15.868,-321.827403827684,131.581036107202
15.8685,-240.671223096223,-78.4980100072273
15.869,-145.793536998549,-323.013955112094
15.8695,-41.2681705696085,-501.674342948683
15.87,73.8607725488708,-551.538521921834
15.8705,191.856137505015,-493.829463231529
15.871,292.134529691575,-379.869027950736
15.8715,360.149560759328,-215.9466424967
15.872,404.301718877556,20.5195814138375
15.8725,443.450350396231,298.897263517499
15.873,480.668894832931,516.918027992363
15.8735,498.963058317304,587.051775312461
15.874,480.31832696495,519.17269601539
15.8745,418.508824820151,398.140601085914
15.875,314.942441625789,295.516669623797
15.8755,175.683218467573,221.310756535475
15.876,17.6821927532975,145.31383274612
15.8765,-131.418743932642,37.6953733993964
15.877,-246.875389578364,-106.146086273305
15.8775,-317.170579263572,-253.122543539284
15.878,-339.982103728564,-340.945615220114
15.8785,-316.654965386275,-323.104172507153
15.879,-257.106393143256,-217.069522364748
15.8795,-184.411505021021,-94.3900906199503
15.88,-125.314473008645,-15.5144364928359
15.8805,-94.6474259988254,13.9597162068919
15.881,-90.9206633327439,20.4677644954272
15.8815,-104.037825245132,17.93407164835
15.882,-123.119542447577,0.015287371515486
15.8825,-139.868147373946,-39.120539928131
15.883,-151.35727784813,-94.9680550926282
15.8835,-160.776821049916,-156.531274361797
15.884,-170.884220359684,-206.327855880385
15.8845,-175.377782338698,-225.331637739705
15.885,-161.459467815193,-213.948186892169
15.8855,-124.559870698199,-200.849870307605
15.886,-77.6104329249449,-211.944937774436
15.8865,-40.3180934866684,-233.117904284248
15.887,-18.6042008652845,-222.597395214608
15.8875,0.666576400533491,-161.381665312167
15.888,31.492327189864,-73.5282491461969
15.8885,69.1089789248037,7.56010961408017
15.889,94.7463985742944,75.3528560101936
15.8895,99.140956313873,143.230078923844
15.89,92.7803054398831,213.803149056602
15.8905,88.6228821565311,267.339252830659
15.891,83.6209502802556,276.99304792787
15.8915,69.1173160903005,229.752242047859
15.892,56.2754880321275,136.235000549382
15.8925,74.4374498846386,23.4100105582636
15.893,135.654581983081,-86.5294549349082
15.8935,211.496424861847,-193.008829632283
15.894,258.70536759111,-310.439081746038
15.8945,265.291246235628,-445.205592108499
15.895,259.134965903559,-582.004163254824
15.8955,270.445621639139,-688.270604112413
15.896,298.245328081847,-726.189551692832
15.8965,318.925059351097,-670.537227798257
15.897,315.829737863136,-533.819952831626
15.8975,289.251928018885,-374.175257091704
15.898,245.075436028439,-258.730189056893
15.8985,189.955217656642,-209.295708715139
15.899,138.92519550418,-193.715940328265
15.8995,112.491981968656,-173.205867190126
15.9,116.446911265775,-142.153502715714
15.9005,131.404870611126,-113.90915259237
15.901,131.136667022469,-85.4152591856934
15.9015,107.945362418392,-33.5941907815771
15.902,73.5630674569698,59.8113076407633
15.9025,39.9943163989001,192.965592626035
15.903,9.12653106440337,349.340194109868
15.9035,-21.3209417334542,508.535125285595
15.904,-53.2532854966323,655.813224854748
15.9045,-91.0175406165615,788.932308782698
15.905,-137.744918391747,911.160767019816
15.9055,-185.030453677767,1012.16378029633
15.906,-216.889582264243,1065.74126359151
15.9065,-230.602532774103,1058.28636041049
15.907,-244.262012289719,1012.57340023832
15.9075,-275.142518904963,968.456989732323
15.908,-319.284943301083,941.008082605441
15.9085,-363.183206020379,910.189537191878
15.909,-406.552375990496,852.143611733943
15.9095,-456.679139903486,766.302073461323
15.91,-504.240914171673,664.058560345855
15.9105,-525.062831290586,541.857056111972
15.911,-510.019439657666,383.02204170257
15.9115,-475.803823273605,189.846586889226
15.912,-438.763327620684,-3.61735680384079
15.9125,-394.665340945547,-172.545110779892
15.913,-335.665485560021,-351.489844922818
15.9135,-271.404300291215,-609.534306675516
15.914,-214.942539268204,-950.872313933707
15.9145,-156.883900431769,-1262.80423812809
15.915,-73.9172997082138,-1405.97657265596
15.9155,38.6443297324669,-1360.55766432995
15.916,159.905788841486,-1247.68809684971
15.9165,268.539401009288,-1192.94015672918
15.917,357.795637754073,-1198.95546319507
15.9175,423.653513798257,-1171.97017765798
15.918,456.935912836478,-1044.40703720034
15.9185,456.173434018965,-837.342317510022
15.919,435.055362189464,-614.412193860174
15.9195,407.525428058308,-409.8408253255
15.92,375.120426916835,-212.066467959001
15.9205,336.421099364602,-3.84113714388671
15.921,297.677362183768,194.071055853553
15.9215,263.80361156357,329.341142205023
15.922,228.432359825874,379.284999968895
15.9225,184.941385525554,396.68002423453
15.923,140.938485715814,465.327969148604
15.9235,110.852309962746,603.511587977352
15.924,99.4215409252179,740.450539423191
15.9245,101.478168440566,799.462776529449
15.925,109.869350033381,772.039470299606
15.9255,111.773510145165,693.83332373906
15.926,86.4782177480327,587.444735960895
15.9265,24.9564118250334,459.083151236231
15.927,-51.0143089326691,313.989394333313
15.9275,-105.130894858655,135.432238897877
15.928,-120.023163243029,-114.040378787134
15.9285,-99.9613533451482,-416.093686472747
15.929,-47.2829830794124,-652.708876596826
15.9295,37.5872998318362,-711.359032980071
15.93,129.069147356087,-626.026869447828
15.9305,178.071198258836,-542.107900893329
15.931,158.979101997951,-535.842867929689
15.9315,99.5436093705608,-539.218131971203
15.932,47.8751217806055,-459.419762431914
15.9325,21.6313237690709,-295.928979837034
15.933,4.60029999415473,-98.8521604248592
15.9335,-19.8650589067488,120.816210099177
15.934,-53.625630953397,371.876712772455
15.9345,-96.0574612179326,609.338362507951
15.935,-149.42725663158,749.988003206576
15.9355,-209.024575674089,760.230109937855
15.936,-263.17019918698,684.314862041227
15.9365,-307.234314787903,584.075401792513
15.937,-346.784159004618,484.557686568415
15.9375,-383.458604004213,384.078791521233
15.938,-407.025131294019,293.480075899228
15.9385,-406.104772941471,254.436602941531
15.939,-381.933549815288,318.157111591751
15.9395,-349.116266396029,489.720484368061
15.94,-324.226007000713,683.336423987623
15.9405,-310.346392401587,759.015854170393
15.941,-289.558354106572,636.842005744608
15.9415,-237.42829420679,371.707309840238
15.942,-151.80879090236,94.7557950991119
15.9425,-59.4614743052503,-112.907600631459
15.943,15.983506067943,-269.598969785343
15.9435,83.572518726282,-428.54830786132
15.944,166.64723565242,-598.115896330975
15.9445,261.46129312429,-737.86408642967
15.945,335.90872271528,-814.921148279887
15.9455,371.00959205462,-843.751684436367
15.946,382.701699088362,-864.851047526967
15.9465,395.531847026785,-889.377890319585
15.947,413.175945268182,-875.252362900065
15.9475,424.70615181559,-765.918922096278
15.948,422.519194017756,-549.350038856566
15.9485,399.858978644055,-274.436671463024
15.949,345.22746084764,-20.6386846126476
15.9495,258.690313504199,138.585271037471
15.95,167.250297855972,165.012848693264
15.9505,105.834017818065,83.6754526528136
15.951,82.9954127152741,-21.8989856416112
15.9515,77.1089086591924,-75.8146989132043
15.952,64.1604128018749,-75.6088206024465
15.9525,36.9500143255872,-67.8422492901477
15.953,-1.02294867296891,-66.5296085043552
15.9535,-45.2887917157964,-36.3961036673365
15.954,-90.3461969846224,45.1064030175607
15.9545,-131.916189049385,162.261693691502
15.955,-174.451455967705,310.638728640417
15.9555,-226.261282816005,516.797117490571
15.956,-280.49894625993,777.960315069099
15.9565,-310.117954370748,1025.28369709207
15.957,-292.439378801465,1178.7820773942
15.9575,-235.534136704836,1199.61935427983
15.958,-170.947132620901,1061.38159354862
15.9585,-121.169742156368,728.322793518604
15.959,-83.5102425560425,224.949270092257
15.9595,-47.2194960169743,-302.932863791686
15.96,-14.515467767825,-663.685805661691
15.9605,5.25822857401211,-762.462399126383
15.961,15.7174031571579,-647.560502173141
15.9615,32.7181367614221,-444.023892920884
15.962,60.7969096772578,-277.643178884917
15.9625,82.8190765299609,-226.539359971317
15.963,81.2242487490761,-280.66142701984
15.9635,60.7903471696871,-349.227345974612
15.964,39.63515604826,-347.945596311014
15.9645,23.8283034919719,-271.928060827018
15.965,4.79372208813322,-158.461058805542
15.9655,-19.5013078150821,-18.001070566355
15.966,-35.9358925563046,140.899071944436
15.9665,-34.2342454537389,250.128039157702
15.967,-22.9392919090195,225.507692612172
15.9675,-18.9741348785577,72.8147986511373
15.968,-24.9333338787961,-111.963979400693
15.9685,-21.6161542033427,-249.410963826423
15.969,17.3427940879878,-325.264294288329
15.9695,101.239503209638,-336.870445007172
15.97,207.094613386652,-266.946550501092
15.9705,290.973069321034,-133.174143410551
15.971,323.147281529826,-5.12133606631892
15.9715,311.553230812534,56.7409050252827
15.972,282.837008048202,41.6931251625599
15.9725,245.502271799533,-37.4686856880506
15.973,187.462841207937,-158.658960157798
15.9735,107.859752622772,-266.555570941692
15.974,28.6269222455363,-291.836685511595
15.9745,-33.4146583933056,-219.437030437131
15.975,-85.9306351179419,-96.3358850972524
15.9755,-140.665629991645,37.7749573473022
15.976,-192.59228118697,174.288784308055
15.9765,-235.81868312827,284.302800524284
15.977,-282.982307706764,320.38465266633
15.9775,-346.192762366093,302.342803499369
15.978,-409.472492752501,327.320421046103
15.9785,-443.949038662124,439.983906602656
15.979,-444.730393897093,548.97833036363
15.9795,-430.076139485304,531.796060852505
15.98,-408.47542518445,378.492889985425
15.9805,-372.131788722101,173.263187099213
15.981,-323.587777765901,-21.6038994732019
15.9815,-281.363085836452,-188.766312533804
15.982,-249.575875885014,-291.863514804263
15.9825,-203.748192950921,-278.190949076984
15.983,-120.848865300729,-160.335963581409
15.9835,-9.94361290382529,-35.3091700906622
15.984,98.1431371065538,6.02697543885741
15.9845,180.447225225033,-35.9856856317752
15.985,231.851692534528,-84.2092671036933
15.9855,257.026377820513,-63.4598740399803
15.986,264.245031917673,38.000369191857
15.9865,261.135784228448,166.649013590922
15.987,248.371932114803,256.594084540624
15.9875,221.877868847388,286.240703213566
15.988,184.106823967255,276.007236718389
15.9885,144.835302300727,239.22114044778
15.989,108.581514840283,170.080943510954
15.9895,73.2146586547152,86.8462053553788
15.99,44.9703321225849,40.1975008433358
15.9905,39.6559371937689,48.6206773003502
15.991,60.0412369758855,62.314261835265
15.9915,86.1250613618502,28.9905975097262
15.992,99.741531429784,-32.6101218055492
15.9925,106.407716740349,-64.563574375435
15.993,119.085999777663,-54.5156730634728
15.9935,132.84923347057,-51.6248115051307
15.994,135.375972718606,-113.47033852838
15.9945,136.164565399336,-266.749289609476
15.995,163.130309795479,-500.043460200465
15.9955,226.605701113559,-762.571007748105
15.996,301.66639298658,-986.099149029813
15.9965,351.434789529148,-1133.59517089452
15.997,359.019506693535,-1206.32476947225
15.9975,334.774228312783,-1188.98568449601
15.998,301.952837439076,-1035.61547602669
15.9985,278.835071657577,-747.934758146355
15.999,267.596211056762,-419.921064647959
15.9995,256.268193315916,-148.054495074617
16,233.389762889898,68.3440266123521
16.0005,198.498311678392,281.660630336165
16.001,153.73035234785,489.754653373878
16.0015,90.8373170798678,646.710072005483
16.002,-1.03728065665137,752.457050411244
16.0025,-112.803198381379,851.663208024145
16.003,-210.866885989179,953.06682237463
16.0035,-262.059111901788,1023.19685666172
16.004,-261.633090845795,1053.82190615822
16.0045,-235.772780976683,1062.94606929911
16.005,-219.036501706529,1034.37332330947
16.0055,-228.667675872357,935.882068380602
16.006,-257.069600132619,801.275851779171
16.0065,-287.258942481277,712.740405223363
16.007,-312.819456275461,686.030774570397
16.0075,-337.309842985105,647.247800522285
16.008,-356.772943478249,537.867233486199
16.0085,-358.052098582348,365.19468672053
16.009,-342.407057483424,134.67801184069
16.0095,-336.029812578942,-170.844578470279
16.01,-360.259519263423,-501.774757824375
16.0105,-399.640060773311,-722.506876447999
16.011,-418.59874293611,-750.080492814016
16.0115,-405.58122564124,-649.990529859157
16.012,-379.832841621284,-530.744892135982
16.0125,-355.243555255886,-401.775075631886
16.013,-321.624372958074,-210.160335987738
16.0135,-268.669581155381,27.3331976348235
16.014,-205.820889706599,216.082974781085
16.0145,-144.997147201547,294.612791093283
16.015,-81.7082631216845,284.706687257626
16.0155,-10.0025198499729,232.545386069687
16.016,57.6943881026546,155.934703376617
16.0165,104.813194589545,56.3555593569658
16.017,135.959077612293,-58.9268043439315
16.0175,168.72931125408,-180.087656549394
16.018,205.246578209367,-300.362891588865
16.0185,231.599535544078,-414.926741720221
16.019,244.959978324512,-521.005882082518
16.0195,261.40856417588,-609.959277782588
16.02,291.230437156435,-660.197888829611
16.0205,322.329933726629,-663.966768382418
16.021,337.409120149866,-660.78058311905
16.0215,336.986280299081,-700.930027427633
16.022,335.46195040791,-765.267810527706
16.0225,340.518979078922,-774.608597480559
16.023,345.379509941757,-704.029122168493
16.0235,338.842049185815,-631.479643639003
16.024,316.579953281972,-631.227088137388
16.0245,284.031809345358,-668.821626807365
16.025,252.838157621666,-654.523931355779
16.0255,233.283193725927,-562.740964714298
16.026,226.394140953342,-442.885464754968
16.0265,223.685957056628,-339.52932323835
16.027,216.407933358024,-254.680289565595
16.0275,203.435598120148,-169.48002260867
16.028,188.328489751723,-59.4380437037104
16.0285,171.374326238659,91.3233921022876
16.029,148.321999355807,255.50066141348
16.0295,116.256181942087,372.031541476107
16.03,77.4918151292308,424.079463814883
16.0305,37.2319047361764,466.549946009993
16.031,-0.539917829267016,538.056012702897
16.0315,-34.213758602032,601.456911741933
16.032,-62.9115348422669,624.80044631349
16.0325,-84.4661847458813,653.795423877993
16.033,-95.237771340513,723.260791560019
16.0335,-93.3453585504033,760.501627961148
16.034,-83.9777958265477,686.384926654096
16.0345,-81.1127369643814,569.060772460696
16.035,-100.716139471211,550.990521236438
16.0355,-148.743736181119,642.568306567667
16.036,-214.826724026604,720.504403033084
16.0365,-279.31848731822,729.487295258116
16.037,-328.547625526328,741.805779256113
16.0375,-363.692106244485,791.211197717332
16.038,-394.148299722446,797.59229266799
16.0385,-422.713325715612,720.326466728603
16.039,-439.630406321045,648.577211650462
16.0395,-432.951486707546,642.867430264862
16.04,-403.099165576457,603.287539789915
16.0405,-363.495268979695,421.398076068244
16.041,-326.129932689601,183.127685762578
16.0415,-290.99998405841,78.2441765758369
16.042,-253.902698431505,142.92421385537
16.0425,-220.736849999714,228.160053195403
16.043,-204.000725115876,221.930640223779
16.0435,-201.1065736125,172.498537269765
16.044,-185.069163123178,150.298511788062
16.0445,-128.076739838477,91.4857956033134
16.045,-33.3495141000663,-137.324997962692
16.0455,66.4266485139399,-552.789246081141
16.046,144.063814860164,-998.068209726901
16.0465,201.435120935463,-1277.01677553245
16.047,254.668028089342,-1317.39646176489
16.0475,308.078800882323,-1197.71138137494
16.048,353.302041196399,-1038.54565845125
16.0485,385.499035368965,-896.285394145899
16.049,405.196008320385,-765.290985765454
16.0495,406.707429252919,-643.349966844226
16.05,381.009931439676,-548.878275626695
16.0505,333.500345100489,-484.799521883008
16.051,284.679901633625,-436.739598820526
16.0515,245.868369334491,-410.850250125842
16.052,205.753576091478,-422.493730707051
16.0525,151.086035034864,-439.034322024619
16.053,91.7554881538624,-393.16704165549
16.0535,51.9177815583609,-274.975591313659
16.054,39.824928153346,-153.549394832951
16.0545,40.2171357958569,-81.5113540664963
16.055,38.3106617867976,-40.188320612987
16.0555,39.1027518915552,-9.8195299658617
16.056,55.5580405072468,-17.0092206575377
16.0565,84.181233025081,-58.0588226701928
16.057,101.556594771773,-51.3540423498141
16.0575,85.8345934064022,54.912941146563
16.058,36.7969955328827,187.278040151159
16.0585,-27.1266409540268,246.321424883487
16.059,-88.1905849096259,251.1096489712
16.0595,-141.774606838623,289.356723467266
16.06,-190.828222249224,367.18970861237
16.0605,-234.171873717128,415.846749906883
16.061,-264.814004194114,413.309571287845
16.0615,-277.20345843488,377.198742164164
16.062,-270.772346756202,259.809987809424
16.0625,-246.905876459709,-2.07818522756469
16.063,-207.905244614406,-318.093500231287
16.0635,-160.065599491476,-475.087585936567
16.064,-113.28031707066,-391.369090577314
16.0645,-75.8535153162047,-212.615797348199
16.065,-51.8535994911541,-87.6278240331689
16.0655,-40.975521295221,26.3296737261512
16.066,-33.992567922986,238.796213715435
16.0665,-9.78219963168192,515.837234532728
16.067,51.0572443806529,721.892259249253
16.0675,143.038559148402,806.994380210126
16.068,233.038121560662,828.360768678536
16.0685,286.79784880199,825.81629281561
16.069,293.662498856886,797.289567135123
16.0695,263.208275435518,778.056091328515
16.07,209.545749529883,821.560875001291
16.0705,149.410632321894,889.662693219829
16.071,106.114414865147,863.899110867651
16.0715,97.5683312714807,694.107491126114
16.072,118.012238392091,462.667956713174
16.0725,141.070221630659,282.484013801666
16.073,141.614154950275,197.333907251902
16.0735,107.984817853579,192.912596301417
16.074,37.8187450036279,227.513368859733
16.0745,-62.9622895698172,223.098230652582
16.075,-174.611117323677,95.3461662605816
16.0755,-270.506755195869,-164.996997725997
16.076,-335.606836579125,-481.429383939972
16.0765,-368.306451561404,-779.951849367111
16.077,-361.00400032187,-1036.43052600722
16.0775,-295.684626674245,-1223.54285629368
16.078,-173.449814998214,-1285.41208426099
16.0785,-37.9070189377571,-1209.29681203693
16.079,52.868021891283,-1066.83006325744
16.0795,81.9742309508402,-937.136004217741
16.08,87.2030268146006,-832.707402019596
16.0805,112.091397617558,-738.248638812003
16.081,155.206776165135,-666.82496625578
16.0815,180.120144066806,-626.862924843372
16.082,168.168593675452,-589.186047041241
16.0825,141.817471480526,-550.942500075826
16.083,129.905112984767,-577.708652097899
16.0835,126.587765647044,-693.995023473446
16.084,102.803932259834,-768.766321905624
16.0845,53.4454898420602,-620.475783753768
16.085,12.0937115377266,-243.210816547832
16.0855,11.3715403999815,163.71822033539
16.086,43.5055272693696,411.586242186426
16.0865,72.2007646808659,484.792068364978
16.087,73.2860101848266,464.177313472388
16.0875,49.05003047888,387.856485998932
16.088,9.79783018124263,261.609185839995
16.0885,-38.8375455705808,141.795543599739
16.089,-88.1235683558129,108.776438171278
16.0895,-123.090106557711,166.932852267014
16.09,-136.226348774214,245.362490502718
16.0905,-135.657720795969,306.603225885824
16.091,-133.93965995186,394.268842738593
16.0915,-136.855554695198,548.280453385798
16.092,-148.201883121397,718.830494217523
16.0925,-175.151229602683,807.891843465191
16.093,-218.200389654168,782.051223971934
16.0935,-260.492446334181,705.068699191637
16.094,-277.614792695727,651.299245098201
16.0945,-259.283466346248,619.31723968206
16.095,-217.387086362116,562.15676207908
16.0955,-173.724489412938,490.593095778763
16.096,-142.892203259275,498.149704803943
16.0965,-125.182606906163,656.016176782389
16.097,-112.484110936101,909.841001757834
16.0975,-100.287634235926,1118.10887556974
16.098,-92.4900085900605,1182.6412850112
16.0985,-92.2261908551901,1108.40442632404
16.099,-92.6784466972531,949.257876083162
16.0995,-85.8097458550961,747.103803804854
16.1,-77.3346998124867,531.661900755107
16.1005,-78.0126520649927,328.883904076741
16.101,-76.4679203185416,143.072857300923
16.1015,-38.6227231577185,-36.7717429372676
16.102,51.2101624838214,-193.96693869691
16.1025,158.875040412624,-283.650008112736
16.103,226.713499230048,-298.705694603949
16.1035,228.122214071646,-300.356863717336
16.104,183.816321892826,-353.871917677826
16.1045,130.846693981654,-466.020251106744
16.105,94.8532819024407,-615.438681083726
16.1055,92.1718809049721,-805.578994554352
16.106,134.984488600245,-1041.3577816293
16.1065,218.987976785488,-1280.96501939382
16.107,316.059255913271,-1462.46858723009
16.1075,393.182047381649,-1564.67433612786
16.108,437.263600665557,-1598.67819666266
16.1085,455.765218400137,-1557.29741052434
16.109,458.516553045623,-1425.14406839861
16.1095,447.424169210737,-1230.74352557097
16.11,421.411333109792,-1036.07014564854
16.1105,382.932582994421,-872.662787470239
16.111,338.098504870279,-732.470106577642
16.1115,294.211748663409,-619.040928310972
16.112,256.993804640593,-553.715507379493
16.1125,226.851908266153,-519.630689321986
16.113,197.783829786649,-448.578122017189
16.1135,161.932192442236,-287.657398228009
16.114,114.934643439551,-50.7528302645168
16.1145,56.9512440922389,207.805008054528
16.115,-7.94123921834669,442.272237535484
16.1155,-71.868423957082,631.056439367855
16.116,-127.718551271743,774.422962339354
16.1165,-177.393322997404,887.126246298624
16.117,-230.402821539492,971.543330449992
16.1175,-288.310910623015,999.969924287249
16.118,-335.751378470131,949.928894432309
16.1185,-356.848595965687,848.552909737356
16.119,-358.656246180474,750.974964476586
16.1195,-366.02444449646,692.319118973924
16.12,-390.150087294588,699.717947628809
16.1205,-413.711383825125,812.88556596461
16.121,-413.439785255822,1010.61178091413
16.1215,-386.160504541361,1136.88736495631
16.122,-342.259485115691,1013.06323739353
16.1225,-284.643913945847,648.276932882256
16.123,-212.338958654157,239.021900362273
16.1235,-140.03940769022,-70.1780597615826
16.124,-90.6027450910669,-309.016558639378
16.1245,-61.6640357686801,-511.643560862985
16.125,-20.4732566803402,-570.549900269851
16.1255,53.1201653111719,-395.410736775147
16.126,132.097064440545,-122.860172641736
16.1265,167.819766467515,4.12063606073004
16.127,142.089194042406,-62.4716506814936
16.1275,77.5333610533,-154.389129100831
16.128,4.30693529755722,-166.329310116106
16.1285,-61.7249178762198,-188.429669884986
16.129,-109.679876911346,-309.025604104137
16.1295,-127.738920727264,-437.819188825132
16.13,-116.205342082267,-434.119891294541
16.1305,-90.4653675449564,-319.671983779404
16.131,-61.730240816152,-248.36034299233
16.1315,-26.9780818523998,-308.153807401556
16.132,16.2807514886192,-451.731137758426
16.1325,61.1704330504994,-597.711206419081
16.133,106.401670376945,-701.369488291015
16.1335,162.959470509441,-720.9084245106
16.134,231.083948228841,-604.926279331358
16.1345,284.021662086875,-357.908320758054
16.135,292.042373347549,-70.6793187706809
16.1355,253.595107539057,162.145458781561
16.136,187.24038044898,342.110840720476
16.1365,104.25680638315,549.892872697433
16.137,10.3780749589589,822.790315904319
16.1375,-74.2908245228327,1074.42166616271
16.138,-125.713284300956,1168.4059070447
16.1385,-149.564708433221,1079.47683038787
16.139,-180.964884643898,946.052190972449
16.1395,-242.138944791751,920.716758125909
16.14,-317.075668613866,985.455113424698
16.1405,-374.836047189262,979.157060897582
16.141,-401.013567514857,818.247241183745
16.1415,-398.008637828074,611.553333942086
16.142,-372.264813989996,504.074952371198
16.1425,-335.4187319325,476.193551103725
16.143,-304.685334965643,393.993061583108
16.1435,-284.636378525075,225.537166402369
16.144,-254.710381879833,80.808560982601
16.1445,-190.35452953033,9.82746297188179
16.145,-95.0043480725909,-114.010131505982
16.1455,1.46717073287548,-413.145248231298
16.146,77.2645391812748,-782.405564489591
16.1465,142.148965270087,-974.522292626756
16.147,222.936025516603,-899.92851816425
16.1475,330.127361733813,-723.304410549222
16.148,441.918176163435,-633.130423823707
16.1485,520.983715767196,-628.619443661459
16.149,547.514177099564,-609.090159705279
16.1495,536.041509111118,-578.268417831427
16.15,519.758555128328,-627.96624729154
16.1505,521.437246991519,-749.525435742484
16.151,541.71201551732,-807.785205475919
16.1515,566.988946787152,-745.444353065603
16.152,575.643662004886,-700.327312429617
16.1525,539.550714018787,-833.348041789353
16.153,439.802801407197,-1101.75731031828
16.1535,292.504523012466,-1294.72403217458
16.154,148.350880273686,-1268.37394607432
16.1545,52.8502974692487,-1061.85410485352
16.155,8.33214072531518,-787.236789679457
16.1555,-18.1939865088297,-493.202558261074
16.156,-53.4271969708279,-171.728699942447
16.1565,-92.0278378932118,161.214346844989
16.157,-111.760774802676,448.919050489863
16.1575,-107.70802007738,644.843738148681
16.158,-105.874177120853,744.850836324976
16.1585,-137.692758983855,766.856835289108
16.159,-199.268594367164,719.736599257369
16.1595,-244.583958147651,607.667205815257
16.16,-229.604232825685,464.802944315711
16.1605,-157.87799576608,363.504208984993
16.161,-69.747504942222,355.663492218142
16.1615,6.51506695280851,407.48403495049
16.162,71.2608215978347,438.794579771133
16.1625,123.919540075196,444.860312512939
16.163,147.563877398021,517.540688366583
16.1635,134.833551023215,687.80341568739
16.164,103.054418192065,797.958829397361
16.1645,65.365357209759,630.308382754926
16.165,9.43142602241979,166.421331919018
16.1655,-72.9186456776719,-364.969485846589
16.166,-156.45821996047,-717.332818693377
16.1665,-212.872186557146,-829.131299155381
16.167,-254.588813442452,-778.650997685071
16.1675,-312.545275593161,-635.553155865198
16.168,-377.051894043373,-430.701544067816
16.1685,-399.851920978839,-209.913214486332
16.169,-360.674907788202,-22.5887082667237
16.1695,-297.645637946304,132.536270356829
16.17,-258.674315914083,288.732032115265
16.1705,-250.433154159886,450.292932256706
16.171,-251.9124465016,603.05507692942
16.1715,-255.12629606283,767.272845074483
16.172,-270.151761766702,974.637919091221
16.1725,-301.922706376988,1195.57242237765
16.173,-340.8933896151,1352.71227076421
16.1735,-372.470320137883,1415.45799126277
16.174,-386.225999584859,1424.09978841188
16.1745,-381.910364576267,1405.52299553012
16.175,-371.10190223436,1319.39588381512
16.1755,-362.255473339755,1111.39008028553
16.176,-340.022261786273,774.862577471395
16.1765,-275.312006820585,341.446712652182
16.177,-164.576298835993,-133.081064766912
16.1775,-42.3729483137896,-539.350059842312
16.178,58.4854280536185,-734.294576424218
16.1785,144.608841700371,-667.779533168196
16.179,243.574326464691,-474.080019159212
16.1795,359.684365227784,-370.617618032557
16.18,466.840540280001,-454.137754308837
16.1805,537.984962614602,-633.443796260775
16.181,562.955765471466,-757.899984778634
16.1815,541.79874381673,-760.001592319487
16.182,480.634871685285,-661.29842315992
16.1825,396.695619957801,-497.896724846115
16.183,312.474436444627,-290.505358513671
16.1835,239.528106001116,-70.8390558896833
16.184,175.067153603769,106.08080755473
16.1845,114.137337616315,191.294504702504
16.185,57.5563290222163,179.24752616266
16.1855,10.2198300680635,114.910049956429
16.186,-19.7224814662392,53.7466978972538
16.1865,-23.2860325720817,-5.37289803022203
16.187,-2.57829146670718,-140.076537716462
16.1875,22.4729299783081,-418.908136061603
16.188,30.9194039909386,-787.40861245426
16.1885,23.6190573002874,-1087.07630793468
16.189,19.401260686395,-1216.67063513304
16.1895,30.6201895140835,-1226.38367819892
16.19,53.5063066348231,-1202.78764530079
16.1905,79.4939162190901,-1112.76003017198
16.191,100.921456530846,-858.965590695821
16.1915,105.417406257477,-482.68024949485
16.192,82.0700153071573,-197.087329824103
16.1925,39.7465349020703,-162.278328265723
16.193,6.10824080400064,-301.234692655833
16.1935,0.659987996526199,-410.166665895695
16.194,18.3787427176073,-400.466222269551
16.1945,44.880093229413,-348.436852341931
16.195,74.7266126431271,-334.136436642807
16.1955,105.858869742598,-329.001613842614
16.196,128.734152287195,-258.268054998634
16.1965,135.469828203731,-98.7316654146171
16.197,132.888264745737,115.316300262429
16.1975,132.341815669851,321.833614834599
16.198,130.723596167901,428.188839535089
16.1985,116.450312325756,335.328154728831
16.199,93.5865500285092,31.2418329649789
16.1995,84.4052284509744,-354.512910583544
16.2,102.769040034903,-640.282212075111
16.2005,136.647550987104,-737.02262440075
16.201,164.183251880387,-675.339113551314
16.2015,177.817862112109,-508.149286510277
16.202,183.265444670308,-247.305092688814
16.2025,181.328668089375,85.462426230892
16.203,163.183962330041,399.833842615433
16.2035,123.647615019918,589.81590126024
16.204,69.1884299616661,647.944690634059
16.2045,9.04035744153013,690.164528715416
16.205,-56.5421653535565,847.658736130072
16.2055,-136.476195184886,1145.34371894848
16.206,-239.426387838694,1495.64213577029
16.2065,-361.947771391047,1794.57853870309
16.207,-480.325894501786,2001.35128156672
16.2075,-558.491354306597,2127.05029260088
16.208,-578.001947082475,2172.71678919341
16.2085,-563.315536399711,2101.39064517759
16.209,-562.46536130206,1875.04415271596
16.2095,-593.384081270999,1512.36892341338
16.21,-622.348916971856,1100.10531508968
16.2105,-607.758905819512,737.833025841813
16.211,-550.113434933395,474.799398233625
16.2115,-477.17122928471,313.972339085255
16.212,-391.883563388709,262.412039385119
16.2125,-270.06022270131,319.764481229447
16.213,-115.108629881406,389.556733220273
16.2135,19.1392452528515,275.198972059301
16.214,83.0136497763375,-132.776971093099
16.2145,90.2859574673659,-675.227877809894
16.215,100.958053415191,-1041.64323242225
16.2155,155.712206467096,-1110.65738153565
16.216,246.765850583067,-1083.08468247371
16.2165,343.996939368053,-1212.80470047268
16.217,426.562775977484,-1489.3983494702
16.2175,489.807496967418,-1683.75671007014
16.218,540.263474816373,-1646.57274432909
16.2185,587.133842450939,-1437.42153051271
16.219,626.568811566987,-1182.66863744626
16.2195,634.898466882754,-945.017083723322
16.22,589.907708200582,-759.355597775745
16.2205,497.745546126392,-668.515293619737
16.221,386.249663991941,-647.499666391867
16.2215,273.637053251841,-572.829614061868
16.222,158.062479680073,-349.996795124444
16.2225,36.4255953656621,-31.5139497610517
16.223,-84.2452058329555,251.250488781777
16.2235,-197.482619910942,436.631343261657
16.224,-303.324250326339,558.347667910952
16.2245,-397.014662830536,659.443612601104
16.225,-464.277731697787,741.896869238665
16.2255,-495.310018120258,776.942137904664
16.226,-495.383352449044,706.966578725264
16.2265,-476.790509858309,462.846471841761
16.227,-446.133053762866,55.6280860291498
16.2275,-399.355495987545,-350.089380260937
16.228,-321.535723210334,-534.452287733371
16.2285,-196.512605268182,-435.375355361249
16.229,-32.4181998233904,-229.007031535401
16.2295,124.361200797583,-171.42027888693
16.23,221.793858720728,-384.389807563589
16.2305,254.858553639162,-806.041872641963
16.231,268.224348845834,-1295.83381540194
16.2315,300.347993691204,-1727.78622530792
16.232,344.302636179735,-2002.50422581428
16.2325,373.525119189677,-2053.83270903624
16.233,384.398826732406,-1893.21908448009
16.2335,393.747969914045,-1611.7349626131
16.234,407.254992777952,-1284.12589772584
16.2345,410.557087549074,-882.828482840753
16.235,386.07380834781,-340.834663366487
16.2355,324.253572236914,302.658490726824
16.236,224.091286380125,889.423756190409
16.2365,95.2181559571928,1304.97787940048
16.237,-46.1898629303916,1592.47101271624
16.2375,-193.164819501077,1854.01210411882
16.238,-349.840219832396,2092.65324414034
16.2385,-506.837046212151,2225.8409135027
16.239,-629.375583957135,2221.21213458848
16.2395,-689.20739558854,2130.6779116796
16.24,-698.47955395399,1994.93104775935
16.2405,-690.237585697352,1794.25825269191
16.241,-672.081798465077,1500.3329800672
16.2415,-623.124941978706,1103.24289931869
16.242,-533.33275210971,582.013601823128
16.2425,-417.197785344542,-62.7813155909505
16.243,-281.805312929495,-716.111977536282
16.2435,-107.457925949919,-1171.83480027057
16.244,122.754361628389,-1310.78099223866
16.2445,387.178432234156,-1216.35946645676
16.245,634.409348050987,-1074.90865040716
16.2455,823.179195978101,-995.14768347072
16.246,946.080398544923,-945.404026035667
16.2465,1018.91099974041,-820.843191099692
16.247,1052.67611011342,-549.214854518927
16.2475,1034.76675227377,-176.5054267206
16.248,939.7375854845,139.327436386406
16.2485,765.247485495516,280.070150764381
16.249,553.14876144893,324.222498279502
16.2495,361.58198504287,473.818741347807
16.25,214.961400129345,802.757494857887
16.2505,92.4648950529845,1169.79080362086
16.251,-36.5855119773317,1414.47647996853
16.2515,-183.690094026054,1525.99671790114
16.252,-347.789449433855,1553.55377453218
16.2525,-524.887875742315,1474.55426417394
16.253,-695.098947497815,1270.0412681908
16.2535,-817.373309341069,1039.93652376182
16.254,-860.055128959338,900.296928485662
16.2545,-834.636242228142,809.48899219932
16.255,-785.693378576622,620.586754002214
16.2555,-747.90445160854,270.85428522878
16.256,-719.372352756347,-199.015067970841
16.2565,-670.068804782992,-768.522893261911
16.257,-565.565915028492,-1426.53997236515
16.2575,-388.796450311873,-2042.67083555836
16.258,-154.762104217429,-2405.64363234622
16.2585,92.1530440874066,-2434.67804508364
16.259,302.93356708661,-2246.72881535672
16.2595,449.417698078382,-1987.39106937925
16.26,525.780701052426,-1703.73388045286
16.2605,533.946166733491,-1413.92930126082
16.261,479.342463641584,-1180.57206773304
16.2615,379.935311566276,-1044.69052122754
16.262,267.878885459732,-967.724538257555
16.2625,175.308893431843,-898.132606217559
16.263,118.002562604154,-828.05138538106
16.2635,90.5007782845583,-737.348170455775
16.264,74.3617850979437,-559.132711436101
16.2645,54.4294239284373,-267.508563441305
16.265,30.8865938643374,56.4476704900671
16.2655,12.1553928777061,312.407603369624
16.266,-6.36089568675407,498.634730342051
16.2665,-48.0849925097728,691.058456973875
16.267,-130.740105846337,937.157998418038
16.2675,-240.315558789385,1216.21802828411
16.268,-339.32328439828,1477.9902294277
16.2685,-399.700147971978,1679.52529858427
16.269,-420.118476703258,1800.27279191141
16.2695,-414.695810326039,1847.56308337193
16.27,-397.006319541344,1833.93935948948
16.2705,-376.330896423028,1744.83096663127
16.271,-357.05099853526,1563.41618882528
16.2715,-333.730973323755,1336.96961840024
16.272,-291.515600067494,1175.42726761654
16.2725,-217.877917041652,1158.28235549564
16.273,-115.581549838155,1259.70319272022
16.2735,-5.58798847040374,1359.96121055726
16.274,82.8588130144381,1297.97576595362
16.2745,134.056998704448,936.998212603655
16.275,167.992024999637,256.783602600527
16.2755,234.215450365079,-599.013083654532
16.276,364.902543150403,-1418.61775140732
16.2765,529.661290151929,-2075.92019965485
16.277,654.146208785838,-2547.79956021375
16.2775,695.321848243075,-2808.10714808664
16.278,686.246042275487,-2808.13143347787
16.2785,691.263208765689,-2580.5252722455
16.279,725.525862709685,-2261.53188393616
16.2795,739.875218899613,-1961.36284305826
16.28,686.719525154984,-1684.68846466265
16.2805,580.261963202225,-1412.65185828255
16.281,479.406676557986,-1174.20677044163
16.2815,423.700121700567,-980.832288839751
16.282,402.603770496675,-772.936529823355
16.2825,383.134805790992,-505.55562403569
16.283,348.409896453088,-230.733286945255
16.2835,301.759767854421,-27.0570769703082
16.284,246.32604171516,108.830909165387
16.2845,175.672635076688,244.889358097854
16.285,83.694030082898,430.322398171899
16.2855,-26.0658911296479,675.048951594973
16.286,-142.836113212865,964.428380234886
16.2865,-253.8175323256,1251.45766620929
16.287,-346.286744419322,1484.30615660759
16.2875,-413.416667351281,1676.78640691106
16.288,-463.238065509115,1889.39300498526
16.2885,-515.380288159495,2107.16355155078
16.289,-581.562758162649,2217.9308765681
16.2895,-652.341067116612,2158.22534201411
16.29,-709.226978958895,1988.61353549296
16.2905,-745.955272004707,1764.52953661048
16.291,-768.228349468966,1438.78677692247
16.2915,-772.782335275912,980.900594856293
16.292,-738.14622356982,488.924887651306
16.2925,-644.281711191643,66.8492540594249
16.293,-499.267550926714,-319.652637304589
16.2935,-341.689526250145,-735.672524013187
16.294,-214.247314245988,-1109.20348065554
16.2945,-131.345026918166,-1322.99736991853
16.295,-68.4007122109391,-1404.40168253853
16.2955,14.3501120921237,-1444.48334387431
16.296,129.716796332751,-1370.60439391578
16.2965,244.179552310716,-1008.36868986158
16.297,307.748383802069,-389.943038059391
16.2975,303.922527519221,188.799727462242
16.298,260.04077308116,479.286522900687
16.2985,205.838267872244,503.836243138738
16.299,138.087040903112,422.467154142503
16.2995,39.9570332598808,332.075685043728
16.3,-76.9552921213335,271.623485953957
16.3005,-173.110500147636,278.231074604358
16.301,-223.88743276689,323.090084695095
16.3015,-241.50596033671,290.453172504134
16.302,-248.031434327797,129.6124241348
16.3025,-245.901855194426,-42.020125724988
16.303,-228.617247589999,-80.6799150863581
16.3035,-205.379662116799,-1.8409642255343
16.304,-194.846122613352,58.4836770485259
16.3045,-199.743784481231,12.4603625951017
16.305,-205.906692192091,-127.723711122716
16.3055,-205.045105677907,-311.467783848012
16.306,-200.806524323142,-477.820832235447
16.3065,-190.819181344655,-561.556564527036
16.307,-161.928268749731,-550.007459669241
16.3075,-111.140242585993,-506.294759504326
16.308,-54.4063916373821,-478.390342404623
16.3085,-1.56833858306216,-432.088264436036
16.309,64.1636892308175,-343.4025116761
16.3095,163.703387066285,-303.330815740686
16.31,285.196740681145,-430.225701361829
16.3105,388.710474048335,-694.328119576589
16.311,449.40328559783,-914.528618881887
16.3115,481.023214959675,-927.390131887464
16.312,512.427081466932,-701.338962460213
16.3125,554.891961318187,-314.182254870744
16.313,601.72896808637,92.4660816479409
16.3135,649.767534113037,344.788692497678
16.314,706.362659911282,327.874203826566
16.3145,773.888642270325,93.5253867999424
16.315,835.507137523666,-166.95790911756
16.3155,860.874733506273,-286.29206600269
16.316,825.901849492444,-242.48206671804
16.3165,728.870545025039,-135.460875964095
16.317,591.419338862438,-90.0314835433793
16.3175,445.550188242318,-168.109918571442
16.318,317.390324975228,-314.660234856334
16.3185,218.92883121077,-385.358859972172
16.319,150.245811114148,-280.02669378982
16.3195,105.751860872217,-53.038701396094
16.32,76.7711192039157,155.426942843708
16.3205,48.8139773139091,289.373208697173
16.321,0.703069081557518,414.171009293494
16.3215,-83.7430868870606,585.800315026353
16.322,-194.646301891029,762.634465926267
16.3225,-292.291131542739,869.923758627619
16.323,-340.91875114631,879.56609458386
16.3235,-350.234275168149,793.881120012074
16.324,-366.001448872088,621.288056272693
16.3245,-408.955077638845,413.014586464829
16.325,-442.783285481142,257.478384375546
16.3255,-425.285680680154,179.050171012679
16.326,-375.878578445266,96.2981695859072
16.3265,-356.890502514583,-58.1901457523114
16.327,-389.314730991879,-233.986552451169
16.3275,-426.853459665916,-359.221073427037
16.328,-426.680584950056,-487.059927227574
16.3285,-406.510652431369,-724.836584679736
16.329,-402.031175938302,-1019.4553681026
16.3295,-400.024232268463,-1134.01082813144
16.33,-359.602696357399,-887.745130907185
16.3305,-286.632173031808,-344.624685094575
16.331,-237.201326910043,279.001176291555
16.3315,-240.904833555343,822.012516086108
16.332,-263.550208378765,1239.68001124809
16.3325,-263.454345061186,1531.4119866096
16.333,-249.095056559856,1707.00035470069
16.3335,-254.471845045972,1812.25656486346
16.334,-283.687206239245,1908.17477769764
16.3345,-313.10379628254,2002.40134394283
16.335,-334.714924323096,2032.83600745576
16.3355,-363.557593006771,1916.9156219124
16.336,-403.414806330538,1591.21529918409
16.3365,-432.772148402834,1031.80197940421
16.337,-429.756907233912,299.851688713663
16.3375,-390.531116235334,-434.010059399752
16.338,-317.670823521903,-979.683270310035
16.3385,-209.209282527986,-1275.69598544521
16.339,-68.656642804252,-1416.9493454007
16.3395,87.1951102834555,-1522.75131839548
16.34,239.193965649593,-1616.33655989937
16.3405,374.550168460094,-1648.30665654942
16.341,478.292472471501,-1586.84012540457
16.3415,529.045675556147,-1443.64137863404
16.342,517.196984586251,-1240.22934459027
16.3425,463.017923844165,-991.156121253288
16.343,405.04690354782,-712.680727438069
16.3435,368.675954356173,-425.592007613506
16.344,350.173471991148,-160.112265887824
16.3445,329.81697591826,34.5631990942124
16.345,295.902121937156,118.937742565667
16.3455,255.929223732477,124.166824174204
16.346,226.588159046488,148.128852146658
16.3465,212.918229345165,250.990094699012
16.347,199.003211155498,377.418684564807
16.3475,163.400878329698,422.253056118928
16.348,102.649441162805,354.666078455567
16.3485,32.8578984262849,233.981450600912
16.349,-31.1490015344809,115.137004302193
16.3495,-86.8493726388192,-13.7202683699787
16.35,-129.826481763965,-197.424143210282
16.3505,-141.177502836337,-452.60304678521
16.351,-101.675501215953,-739.868389193781
16.3515,-13.8275909435862,-969.971299317849
16.352,100.743771874713,-1053.79410233917
16.3525,222.760496687982,-992.605335358628
16.353,343.605477397617,-912.950967451827
16.3535,454.33644265413,-956.218475473952
16.354,539.118088387579,-1117.94233667429
16.3545,583.590134498941,-1239.06900587091
16.355,582.873321295086,-1173.94370334275
16.3555,539.875942049229,-930.002483194364
16.356,463.242642693951,-625.87074565508
16.3565,368.709162093766,-356.179352989629
16.357,273.921081998043,-131.654587079502
16.3575,186.916237816664,80.1468108869976
16.358,104.050595875391,302.757543499566
16.3585,20.8412919386652,537.153936291759
16.359,-61.5745023196844,769.397695017948
16.3595,-142.300435434805,982.336310772301
16.36,-223.45786901854,1166.42737333776
16.3605,-300.730121953243,1318.09860390433
16.361,-358.128686754152,1428.77906634362
16.3615,-380.892305896575,1488.57062042635
16.362,-371.535690989404,1503.13827064335
16.3625,-348.12960860446,1490.50535607097
16.363,-330.375463577065,1456.3496710442
16.3635,-332.54049655217,1391.66696600061
16.364,-364.107448264044,1303.62550254508
16.3645,-426.133675686428,1226.89888731586
16.365,-505.686995318354,1183.83062594204
16.3655,-581.30721216479,1142.90996822952
16.366,-636.265141941016,1038.09145927186
16.3665,-662.088972844624,834.8158303294
16.367,-649.981128359729,568.947808847655
16.3675,-588.036526682142,312.635864236456
16.368,-473.192310322925,100.303089334151
16.3685,-322.56310161496,-100.580469266416
16.369,-166.999546901488,-328.319247217535
16.3695,-31.7786795373428,-543.389219291896
16.37,76.4919097181834,-643.181364425722
16.3705,166.459113114787,-579.403830679028
16.371,247.984659300328,-429.02291617918
16.3715,320.095932008467,-319.217935891233
16.372,369.853517469158,-313.125396178098
16.3725,382.598417300954,-407.86155422837
16.373,355.697089166668,-601.819956343801
16.3735,304.962292351923,-881.376232904727
16.374,257.96544001346,-1146.4410286068
16.3745,237.986683697567,-1242.87272502672
16.375,250.278350792095,-1114.30723004407
16.3755,282.440527649006,-869.140677338248
16.376,318.787797030453,-656.066887119128
16.3765,352.572363565421,-516.512027003485
16.377,380.846185316601,-402.585235379034
16.3775,390.469324951798,-297.007115886604
16.378,360.38581361584,-245.742824214663
16.3785,285.312297391913,-274.753942560711
16.379,191.869742793799,-329.894645177181
16.3795,121.1786967765,-324.641054085372
16.38,94.0311532516606,-229.37363050107
16.3805,98.1867511860754,-96.7665179421644
16.381,108.48148856895,-1.39965928200203
16.3815,110.623575853049,35.3855442501807
16.382,102.693814097467,50.5098154760441
16.3825,83.345456002776,73.9323249132428
16.383,49.9167492656129,88.310813481538
16.3835,8.05860857950008,73.7257546849899
16.384,-26.194371160458,60.0291346600135
16.3845,-40.7188017566337,88.2861456774929
16.385,-41.6001645430077,136.482090625036
16.3855,-47.0884558940272,138.357649251106
16.386,-66.2655070680388,71.5947508240144
16.3865,-90.1926071770946,-29.6882616788676
16.387,-109.153757409328,-147.340028874235
16.3875,-131.948493556977,-291.153152765506
16.388,-175.772764578778,-423.511411328836
16.3885,-237.123987009045,-451.93392564782
16.389,-287.839414996477,-339.311412222693
16.3895,-308.325308922718,-159.685912281148
16.39,-312.50685490667,-0.826290408078194
16.3905,-326.231091012573,126.92237663116
16.391,-349.684008707942,234.154463733459
16.3915,-360.26054074905,275.388770624295
16.392,-351.113635351467,214.435266962453
16.3925,-345.623995439396,128.49389675055
16.393,-365.286082178952,153.008899988141
16.3935,-398.839487592066,319.686087267036
16.394,-415.583842065963,512.044770025371
16.3945,-399.908039524746,588.557140212536
16.395,-361.200371040457,509.93509461475
16.3955,-317.155871183431,353.184822669618
16.396,-280.036207246548,242.078724910709
16.3965,-254.854155009396,255.113903903771
16.397,-237.298143473224,362.658173137653
16.3975,-212.805829341161,460.915730689197
16.398,-167.982442626725,490.71641505448
16.3985,-104.822299003914,493.843268271642
16.399,-36.8372703421152,521.962989864507
16.3995,27.7984747052382,538.912172339076
16.4,90.1606405349516,473.412498924502
16.4005,148.132812832567,331.3306581285
16.401,192.468314151028,184.181073096318
16.4015,221.142265790683,71.4066822727933
16.402,248.677281192183,-14.0419014790151
16.4025,292.184295145561,-68.3857535710813
16.403,351.43428000603,-89.5005852780988
16.4035,409.981151389492,-131.5236337587
16.404,454.828512536421,-255.680770293073
16.4045,488.582268643009,-427.727154995735
16.405,521.102095520763,-553.534408231815
16.4055,554.576124877636,-617.830414089003
16.406,581.49303229535,-687.110604300399
16.4065,596.576668969145,-761.398313311657
16.407,605.938138520883,-739.31704458808
16.4075,620.209143076196,-579.855743026493
16.408,639.35370654248,-396.570673713397
16.4085,649.384516319616,-317.953121657148
16.409,636.735054213275,-330.244129256262
16.4095,601.831781171733,-333.562985075998
16.41,554.039693249546,-289.122613696711
16.4105,496.203985847114,-227.781492610541
16.411,420.448469302512,-161.624720490241
16.4115,318.851099188621,-77.1805607474362
16.412,192.56586509758,7.22436407766469
16.4125,49.9069444991276,57.3052802064237
16.413,-98.3502898114314,87.228509205738
16.4135,-238.759130045189,144.184111833196
16.414,-355.082728312469,235.577962377285
16.4145,-434.031552368173,327.073851035392
16.415,-472.533946693234,405.268371554489
16.4155,-479.49537998771,488.914440173969
16.416,-471.021378107598,582.158310929541
16.4165,-461.843310161243,664.383625097844
16.417,-457.217835291269,721.583738305846
16.4175,-452.165939171757,744.062713079787
16.418,-440.649402535107,703.248630963444
16.4185,-424.950397955181,580.15744213047
16.419,-413.364950741034,409.607739441573
16.4195,-409.936430087236,244.559332352844
16.42,-410.487788849995,82.2231748083672
16.4205,-408.118265582277,-116.114048227282
16.421,-398.531463882555,-329.645610330889
16.4215,-381.272492053037,-467.055117205808
16.422,-361.178760191076,-472.124497021344
16.4225,-347.220718588508,-388.690360485128
16.423,-342.037800797337,-297.365083284624
16.4235,-331.955105463637,-236.150576754692
16.424,-296.444236376112,-209.638589492833
16.4245,-231.412241527851,-222.577887122714
16.425,-155.744563146828,-256.617027238131
16.4255,-90.3926428443042,-251.56658221356
16.426,-38.5267724987794,-167.658002879759
16.4265,7.81694350032499,-52.2852277297126
16.427,49.9085723931639,5.18982647900331
16.4275,82.1002942543847,-18.963365500646
16.428,106.044546807765,-64.335198560316
16.4285,133.326761995963,-75.4938234558479
16.429,170.618587773934,-63.3396070595236
16.4295,208.338882465801,-64.0615377850532
16.43,227.883972785821,-79.4043430850615
16.4305,218.810555798465,-88.0300413608829
16.431,188.84593634539,-91.1592914338413
16.4315,158.765147179384,-113.124429275037
16.432,146.682954800099,-165.029470782857
16.4325,155.223645806919,-232.941344980218
16.433,173.44280662414,-296.46324562121
16.4335,189.127178856276,-337.472480811191
16.434,194.536207699933,-337.838472718558
16.4345,181.157940572373,-294.626823001847
16.435,139.196615752391,-234.211255731497
16.4355,70.1048278464718,-181.967387468636
16.436,-4.71097445445282,-116.432593611186
16.4365,-55.2747824718628,13.5226745812168
16.437,-63.1180154615699,216.463129416567
16.4375,-29.262987103211,434.975405106805
16.438,29.8773042867764,606.011783927826
16.4385,87.5789309115442,708.146796231988
16.439,115.391699967761,733.629631728028
16.4395,100.558105349192,667.656742513903
16.44,57.4182231604957,541.821052047576
16.4405,14.8634450100955,461.968840606113
16.441,-8.60257673743803,507.723573827001
16.4415,-14.0604941626864,619.14804565475
16.442,-11.2944955760112,657.918090243992
16.4425,-7.65147244002111,580.38004458276
16.443,-6.01360560294877,469.76408071968
16.4435,-4.36771919857898,381.496785176024
16.444,3.70825741456218,249.773874287705
16.4445,21.3948583856158,3.940990077736
16.445,41.9096333528177,-297.222349955429
16.4455,56.1838334051917,-533.600190486794
16.446,65.2712801117376,-688.34229818883
16.4465,76.5378076833688,-853.15359586753
16.447,89.8804159810913,-1072.07301274195
16.4475,99.1248876877444,-1259.4458053719
16.448,106.134399392749,-1296.35795322876
16.4485,119.288458399531,-1155.51124117602
16.449,135.216707825953,-907.521028127369
16.4495,137.319095213209,-647.153050059873
16.45,120.275318079623,-440.587147701705
16.4505,103.240604301123,-311.457324025947
16.451,107.481326312676,-244.068905547705
16.4515,129.093596018889,-209.460967372933
16.452,144.589763380097,-200.347940568992
16.4525,137.543021746182,-224.012644760042
16.453,109.627811651667,-256.395285319879
16.4535,70.438168891754,-236.889856077065
16.454,27.7945547786731,-131.268351834246
16.4545,-13.1787835162154,26.4316829855339
16.455,-50.4188271963234,183.350057936293
16.4555,-84.8176347678001,338.634103500667
16.456,-114.888653115611,529.53121154234
16.4565,-134.623967759763,756.857503708535
16.457,-142.959038647383,962.73414764101
16.4575,-151.272392264507,1086.27511349155
16.458,-171.824954136356,1110.83012414001
16.4585,-199.120085280315,1052.85832470122
16.459,-211.57545570761,942.901655675069
16.4595,-194.273443901435,835.599367231987
16.46,-154.916684543708,797.248223188609
16.4605,-115.890367165077,836.39539141854
16.461,-94.6723469526371,859.220861670865
16.4615,-92.2151882492381,741.739229190132
16.462,-95.2050696717389,457.608595111355
16.4625,-87.1953675096778,104.767408020741
16.463,-60.6954124377387,-200.033694661065
16.4635,-22.0190192712451,-415.302537854786
16.464,14.0488250343374,-549.172236135819
16.4645,34.0491252389846,-589.474086517487
16.465,33.6197542391389,-511.734730228389
16.4655,21.754337649303,-340.434961353907
16.466,18.3972170000501,-149.01295937928
16.4665,40.5068094272963,8.56412575792518
16.467,84.7221369075825,127.745676290255
16.4675,126.742461744487,206.771858010174
16.468,141.475468806355,213.39998057455
16.4685,121.273359951834,126.982870016172
16.469,74.332151729787,-12.8508550147308
16.4695,14.0650056488692,-135.561430733553
16.47,-44.9629519182153,-212.44179859296
16.4705,-90.3606181542815,-274.21106643285
16.471,-121.436669849633,-354.202210438248
16.4715,-149.423524522845,-434.446773628076
16.472,-177.875715659358,-461.402540070647
16.4725,-188.823769832873,-412.515216768239
16.473,-162.282646462473,-336.543469485066
16.4735,-107.252485373869,-313.269577276349
16.474,-58.1957512274843,-365.065135005656
16.4745,-37.9763558295641,-421.890311231796
16.475,-36.5018223053925,-396.604810768781
16.4755,-29.598301142188,-292.587405944423
16.476,-7.07467747220824,-209.67525842803
16.4765,23.6489644079779,-233.733639388205
16.477,50.6319140644329,-342.732754173074
16.4775,64.8894833473028,-437.327142128296
16.478,61.6662017470035,-446.352596422988
16.4785,43.8024535702836,-382.890097359264
16.479,21.7647595389099,-309.239146512074
16.4795,4.86240846966772,-271.415243244698
16.48,-5.26244486740266,-268.807082971163
16.4805,-9.41014427058303,-269.836270013812
16.481,-4.70820995726937,-246.772898581929
16.4815,9.95482329713079,-197.213701999098
16.482,25.9460172804717,-136.619526667933
16.4825,29.9461053551939,-77.1341593694123
16.483,17.5390127579607,-20.1952000708255
16.4835,-2.61370115116945,34.9909357581572
16.484,-19.0179073907259,87.085732261985
16.4845,-29.6005533342739,136.071781078613
16.485,-43.5869716805533,181.876418594158
16.4855,-71.8289832012946,221.984892361667
16.486,-114.031563899003,258.343613491963
16.4865,-155.277798670853,297.885205498684
16.487,-177.628547755501,334.284462262794
16.4875,-175.943264594929,344.535754977344
16.488,-159.694632007757,325.729890117189
16.4885,-138.743522326394,318.668912177442
16.489,-110.826672018472,362.076151283793
16.4895,-64.113616653293,437.867188195756
16.49,11.3052448413967,505.335150119138
16.4905,114.802290732248,577.0899920984
16.491,232.590983826062,698.695636734578
16.4915,341.277857744713,848.150188331062
16.492,419.207530378708,928.340568928048
16.4925,459.143759755018,890.108628455991
16.493,469.260966588819,798.356604629589
16.4935,462.371037653541,732.063045768012
16.494,448.315254182899,676.377242534101
16.4945,434.402747896865,567.968621763944
16.495,421.838122036735,395.374970145703
16.4955,397.427288096717,190.935011943748
16.496,340.675853312947,-28.2443063965482
16.4965,249.705990917601,-234.024824823187
16.497,152.256943154572,-345.171345334721
16.4975,77.6591858595811,-311.223277168159
16.498,21.8715115722258,-221.209534802828
16.4985,-44.7295034502507,-224.98935624214
16.499,-134.305335321854,-342.717032409437
16.4995,-221.476479563435,-454.694770570448
16.5,-272.001481813954,-494.871560167586
16.5005,-279.059548812294,-537.552600972566
16.501,-261.998886089682,-642.754802215337
16.5015,-239.041816720447,-729.183650606835
16.502,-214.56677554984,-693.921897010042
16.5025,-189.61962273334,-580.86370267835
16.503,-170.77576927029,-520.669650884238
16.5035,-164.40743054819,-543.667222400662
16.504,-169.681265891352,-559.752425711045
16.5045,-180.781736383403,-509.459176219005
16.505,-190.651337220686,-431.113682548439
16.5055,-189.87894274027,-367.253879831629
16.506,-168.551625082986,-298.213304546792
16.5065,-125.991374943014,-203.401891945351
16.507,-76.8132337981787,-116.887717520948
16.5075,-41.8129150935198,-77.7476090867215
16.508,-31.8492694530056,-75.2605110128482
16.5085,-42.1824166696388,-84.0888562075093
16.509,-60.390219327564,-111.542799002134
16.5095,-76.0505449585122,-166.974313345006
16.51,-84.3785896745427,-219.03762599845
16.5105,-86.3795621993148,-231.287002563471
16.511,-87.4535908578404,-218.169181912729
16.5115,-92.2706248830916,-219.26637520177
16.512,-99.0446603819982,-231.573791347298
16.5125,-101.522248008105,-213.384173043135
16.513,-97.999124429769,-151.135585494052
16.5135,-95.1685635348915,-78.5685588670485
16.514,-100.766133360011,-24.0839150156198
16.5145,-114.682824512241,23.4203581257046
16.515,-128.953497062824,85.4856233182672
16.5155,-133.756187235163,162.513017250914
16.516,-122.114002002766,245.669897645287
16.5165,-93.3036592472967,335.63765597077
16.517,-55.4627296435783,434.911873222001
16.5175,-21.3653241654302,540.563501153311
16.518,2.799933843179,654.872523915068
16.5185,21.7336453441392,781.932649214615
16.519,40.1357417509637,903.096084503013
16.5195,51.8166337874547,980.303328582407
16.52,46.9319790083748,999.977598250014
16.5205,28.2360990844526,991.33445407626
16.521,12.1118708491042,983.377900205676
16.5215,12.2586854520073,966.496409859908
16.522,27.7582651123354,917.315916526186
16.5225,47.1219108912502,837.293979570458
16.523,58.1253307560128,740.381817742039
16.5235,54.4855338077257,626.340851423567
16.524,41.3924224946413,497.842607762681
16.5245,36.1832626884679,378.465669834217
16.525,54.8032110513715,270.959584785146
16.5255,93.1249241548059,119.486003813231
16.526,128.123022702297,-129.79967519107
16.5265,141.978464090377,-436.339268029084
16.527,139.995344738362,-689.41918969174
16.5275,142.13274903882,-825.753775868057
16.528,163.832901239621,-866.354386182494
16.5285,208.140683144109,-837.900102960599
16.529,266.40886856018,-738.002914446044
16.5295,318.374380973494,-606.147169681507
16.53,339.415418646761,-544.992159508421
16.5305,319.209648652088,-606.018763864884
16.531,270.688494039848,-709.014365749956
16.5315,212.783340559851,-745.16783283564
16.532,149.367085145598,-718.751234993847
16.5325,75.8685606879531,-710.267900946631
16.533,2.30016792094467,-730.481142971838
16.5335,-45.953022116984,-703.066750731142
16.534,-54.0143007451134,-590.028370099801
16.5345,-33.0579119588682,-447.574408742466
16.535,-4.94012358879734,-337.512008141208
16.5355,19.7308865172332,-255.211415103297
16.536,41.9714490498345,-175.082174564249
16.5365,60.6304036078359,-106.028431381651
16.537,68.2178923201176,-62.9409463703432
16.5375,60.0080431636312,-29.8435088627384
16.538,41.0976770567329,8.59167003990537
16.5385,22.2089034031182,33.8781075087365
16.539,10.0087614706078,28.5850311842083
16.5395,2.50374916874349,15.3791715982878
16.54,-6.08445321818208,27.0000386723805
16.5405,-17.1698807816322,61.1312942823049
16.541,-27.4893946817865,95.0532484729897
16.5415,-37.182269304003,120.705422964597
16.542,-52.2475077670481,134.758715209255
16.5425,-74.4697055610913,118.895468241371
16.543,-94.7249575711791,65.7641991705714
16.5435,-104.475613635668,6.46789722992096
16.544,-109.826363350745,-21.2442037961153
16.5445,-123.084024700017,-15.6127584239316
16.545,-141.45259464391,9.85551235174821
16.5455,-147.105094594289,67.8160441628021
16.546,-132.034235010671,174.150425175891
16.5465,-111.435187781283,295.539289284909
16.547,-106.397166193459,368.081219515879
16.5475,-122.871856434451,371.756830932028
16.548,-154.336118766915,348.662347793552
16.5485,-194.688010482359,343.801987147943
16.549,-237.118937882011,364.747153834925
16.5495,-266.893419611442,405.394305333054
16.55,-269.254717881012,468.139315941812
16.5505,-245.319453106176,542.959161152213
16.551,-211.730102231458,595.534301469055
16.5515,-184.036486140316,600.07576633968
16.552,-166.295016439883,565.999189815122
16.5525,-155.063864734485,517.492923789569
16.553,-145.023212456006,468.503989614104
16.5535,-129.513037750549,433.879897158768
16.554,-102.815545572576,438.031395619843
16.5545,-65.3443511408136,481.891356833505
16.555,-23.6193752959832,515.922995623999
16.5555,15.4215096592946,479.114581280882
16.556,47.1561905353305,362.026652188961
16.5565,67.5800369569552,203.099597916271
16.557,73.7342878190242,24.1267351857286
16.5575,66.6196022760324,-193.583568522027
16.558,51.358023611611,-451.128125698392
16.5585,35.7043202977425,-680.776179847297
16.559,30.0528254111253,-791.736678021646
16.5595,43.3710469557258,-766.670898676918
16.56,71.9935553879835,-683.929758632911
16.5605,95.449304488485,-633.985327790688
16.561,92.3325123650441,-633.793365376976
16.5615,61.0132296951163,-634.600590137546
16.562,18.7420335223045,-590.661138745874
16.5625,-17.7341498165536,-494.97385903538
16.563,-41.6980256601229,-362.417714956463
16.5635,-47.8635522755829,-214.499352982322
16.564,-27.7589458453756,-84.5034997021999
16.5645,19.2017841010605,-4.47000436687771
16.565,77.7261709310357,29.866849531591
16.5655,127.693030814666,60.1499060081853
16.566,160.887660646336,115.77161875744
16.5665,183.727343242611,180.601526178539
16.567,208.02399199073,223.015241241632
16.5675,242.68481516953,238.778459214746
16.568,289.353853140945,245.226974677935
16.5685,340.251286020834,251.359230624876
16.569,381.441254076993,254.975175810656
16.5695,400.727333799151,250.841454734443
16.57,391.437720127701,217.147700829121
16.5705,350.948332039722,115.663118059312
16.571,283.043024192849,-58.2135197064466
16.5715,202.403399744333,-239.769615543544
16.572,127.092358190511,-350.957794857027
16.5725,62.1520495916356,-385.732682550916
16.573,-1.14729602100129,-397.274172349254
16.5735,-65.7684669435421,-406.570876130794
16.574,-119.827192763925,-380.250265580986
16.5745,-155.207555261017,-309.638250589452
16.575,-183.857351123144,-249.933296807576
16.5755,-221.664584942478,-245.318600337926
16.576,-262.817594156741,-262.281207377405
16.5765,-285.425550275741,-242.674978384611
16.577,-279.642428738308,-188.928871310063
16.5775,-255.132494229146,-146.264468351195
16.578,-221.348235388658,-123.362504928316
16.5785,-176.321322888838,-86.09672927238
16.579,-118.278179045128,-22.636000246616
16.5795,-54.030737942645,38.2743548062543
16.58,10.3107680674434,80.2283769348941
16.5805,75.654407994388,125.875175401837
16.581,140.641514162656,196.286589282879
16.5815,195.948089731063,276.694177332919
16.582,234.492467492572,337.727625336775
16.5825,258.762823468706,365.594817523952
16.583,271.807644424449,359.891846242966
16.5835,269.531650369803,326.428066092356
16.584,248.535533638275,285.981082980178
16.5845,212.934166852648,269.230889664762
16.585,165.922406773101,287.756640591783
16.5855,103.193714286153,322.39276092417
16.586,23.4836368213249,346.326489024791
16.5865,-62.318911382555,344.657807577326
16.587,-141.969809055095,310.675243209659
16.5875,-213.59809136345,247.014689268426
16.588,-275.77790466675,175.920371270455
16.5885,-314.887566666649,122.276760212217
16.589,-318.479087868875,78.7764674845864
16.5895,-297.594508620011,17.0965045152097
16.59,-279.712681038371,-55.8760260793717
16.5905,-278.944171330653,-88.6929021536159
16.591,-285.845308473144,-53.2560742946703
16.5915,-286.082979591423,13.1961656976253
16.592,-275.42934224849,64.5968289241652
16.5925,-256.33897227762,110.295367058763
16.593,-235.477713128474,177.880004384523
16.5935,-227.518707252497,236.841067912111
16.594,-244.949730109512,219.085190224642
16.5945,-277.12039337607,115.260263393096
16.595,-293.243290880026,-3.09154675007308
16.5955,-274.268887607215,-70.9823065403258
16.596,-229.70608168255,-95.0945441843889
16.5965,-175.826010761944,-113.039369436832
16.597,-112.637627647807,-130.43157515389
16.5975,-35.3597988839228,-130.562058146674
16.598,44.2124853652066,-115.829473333801
16.5985,105.173556495995,-100.592843876843
16.599,140.167190237229,-80.0114265034459
16.5995,156.360472837382,-46.8323243033066
16.6,160.498088923608,-35.1384517524824
16.6005,159.427592294823,-106.260390172115
16.601,170.78365575897,-275.483190197428
16.6015,212.937333139251,-477.018359169612
16.602,280.528962089385,-620.003425319057
16.6025,344.330167651642,-665.680094598175
16.603,379.736857147235,-633.784476334062
16.6035,384.682344823679,-548.374224751954
16.604,368.379631470458,-410.217646944388
16.6045,337.088192628528,-232.288079977281
16.605,296.680456098556,-74.845231767939
16.6055,256.179244227621,-9.8011033863184
16.606,219.580488125055,-44.0366731095801
16.6065,182.177864127307,-100.904585303106
16.607,141.823494739002,-94.204068590991
16.6075,105.773168373795,-9.95346159363383
16.608,78.9154394316385,98.2372915705815
16.6085,52.2855748091205,180.610128765545
16.609,11.7996290366233,232.943655076625
16.6095,-45.3811754295318,271.445154129343
16.61,-108.615380403712,298.116815320197
16.6105,-162.710328956373,306.808003588608
16.611,-193.746687224504,304.659072311792
16.6115,-192.495351671392,305.728801503341
16.612,-160.395775153838,307.231187367259
16.6125,-109.917344818102,287.157352712881
16.613,-54.4200114618914,227.51927007863
16.6135,-1.27308376743822,133.708883081054
16.614,42.7499470254916,31.6681342701309
16.6145,68.6291717454288,-49.6860185921016
16.615,75.8396369417664,-95.5711453485875
16.6155,78.6363784368261,-110.577327502812
16.616,90.9204307560149,-108.782265772011
16.6165,108.703020948215,-99.8732382825885
16.617,117.265277660921,-86.9291311662874
16.6175,112.092276418759,-73.7664981391135
16.618,102.045966491877,-66.0793571408397
16.6185,93.8840875384698,-64.8080646498866
16.619,84.699334544298,-64.7827049950102
16.6195,69.8011413695674,-58.4401492858199
16.62,48.478486083265,-32.964378388389
16.6205,21.3993008597304,31.5595789022266
16.621,-9.39460778423713,144.40474838727
16.6215,-38.4804175574836,280.707617237004
16.622,-63.7255421451692,390.119323240326
16.6225,-93.1799770862075,436.908768068509
16.623,-134.301147738249,423.925436872124
16.6235,-177.345629720949,376.553147069908
16.624,-202.787677017887,318.012094263095
16.6245,-206.321405120397,263.743910287841
16.625,-201.622403953793,220.164943969168
16.6255,-194.834763133956,176.90135581843
16.626,-173.828197311422,115.460118002847
16.6265,-132.827409504749,38.3982083803444
16.627,-92.6907140832553,-24.4111883247626
16.6275,-81.3711461394672,-52.8590793394047
16.628,-102.098190502956,-65.5919252457155
16.6285,-133.947516978202,-93.4793534437506
16.629,-157.138839883525,-134.828728651447
16.6295,-164.520074923083,-158.099257521431
16.63,-154.070328303994,-145.07103654889
16.6305,-125.981851470834,-113.622582020487
16.631,-86.5250907294098,-99.0830387757411
16.6315,-42.3927235160511,-125.416960100377
16.632,8.02033394125229,-189.968850359574
16.6325,66.2952722830479,-263.924375818536
16.633,119.055697606662,-313.768201213211
16.6335,145.663642273734,-334.407696987193
16.634,142.442784626954,-351.867728794259
16.6345,126.473514549431,-379.446148346849
16.635,113.013932095051,-386.053740967005
16.6355,101.996601077031,-332.702075110737
16.636,90.1740054794091,-231.65637751256
16.6365,82.3860030492901,-140.036688596507
16.637,83.2311759591199,-94.7463102096219
16.6375,88.5589853814185,-80.7078394348184
16.638,92.858102115697,-67.1540104126658
16.6385,95.3786062860239,-48.4339232272214
16.639,92.0684350913888,-38.1214986657825
16.6395,73.0209689107194,-43.0301897048762
16.64,38.0775399953704,-55.9560992335077
16.6405,4.65377519004092,-62.8632914317598
16.641,-12.3039226478238,-51.4488774202958
16.6415,-19.6714198691663,-23.6749773163616
16.642,-31.9809411165189,-0.802771827302946
16.6425,-45.9475482520846,-1.78794333351005
16.643,-46.4056196713852,-16.8865051620281
16.6435,-33.4225342616624,-18.9022847231669
16.644,-24.04410008234,1.11482819704491
16.6445,-25.9855613897983,28.8909141256655
16.645,-28.5831794084889,54.9931961609875
16.6455,-25.3262212946277,83.0722853434581
16.646,-27.4493522776848,109.522387751172
16.6465,-44.8361636727605,122.303946078732
16.647,-67.8390331552006,123.586026395768
16.6475,-81.3084950891847,124.825652442509
16.648,-86.3384675128617,115.213362220469
16.6485,-93.6948650799912,69.9113386898629
16.649,-102.705822749566,0.667860912111568
16.6495,-102.133132051315,-39.1287357407659
16.65,-88.9131703389621,-19.7825973549918
16.6505,-70.9580660822558,28.0755691893484
16.651,-51.2531880470988,65.3380056855181
16.6515,-23.8037267144551,98.97119182607
16.652,10.8436896629024,154.627694098566
16.6525,39.054012957677,225.570307377855
16.653,50.7348938242046,286.283347550709
16.6535,54.3047426224982,334.951879238753
16.654,67.590138498003,385.633613621601
16.6545,98.7503853615358,436.071747142159
16.655,140.875205075438,477.809853361889
16.6555,178.444776086418,518.252772519679
16.656,192.367230830977,554.510720816605
16.6565,166.214811853517,547.434497863668
16.657,99.9801369948659,470.642110691819
16.6575,17.7183759760792,370.345311707748
16.658,-47.3276845314479,319.621759075778
16.6585,-77.0676162776963,315.592968133667
16.659,-73.7992740799017,278.872129605271
16.6595,-45.7347666131483,162.292034200188
16.66,-0.376129371336634,4.75485869031158
16.6605,45.1067393856869,-137.573663116089
16.661,61.884734150699,-257.289919187327
16.6615,32.1943314190753,-366.266010920778
16.662,-28.3794350758541,-452.564543637373
16.6625,-81.3168724139771,-508.228104954184
16.663,-98.6127630534491,-562.080132420983
16.6635,-80.3822303916409,-637.349520015285
16.664,-42.1171696857781,-698.434995972696
16.6645,4.70146096411849,-684.69634229083
16.665,55.6658773490392,-587.361561486556
16.6655,105.234208653464,-456.093615406637
16.666,142.990718928223,-337.137817046075
16.6665,157.809430987847,-241.647857921558
16.667,144.914853547578,-172.510324339862
16.6675,112.190552199721,-142.66567735053
16.668,79.9115921437773,-152.790761076949
16.6685,68.0742841636438,-176.862944121582
16.669,80.3125443774715,-188.57005662177
16.6695,104.144456760423,-189.971942654737
16.67,128.395696431067,-199.276024716944
16.6705,152.805671656165,-216.444122410085
16.671,176.304040723885,-216.809479993315
16.6715,185.873715948475,-184.667523481375
16.672,168.617036393193,-142.92571281177
16.6725,130.814850301549,-130.820081299981
16.673,93.3465142032886,-145.867109378982
16.6735,68.5967917346262,-128.442425528478
16.674,50.9957466626346,-29.2597534160367
16.6745,28.4718809692071,116.323582778692
16.675,-8.41155567328513,214.535739894156
16.6755,-67.91666672037,218.978789989531
16.676,-151.901281613285,178.002863842251
16.6765,-242.971620893678,163.531110345991
16.677,-309.906145014677,187.429805405929
16.6775,-335.787026877595,215.839103609994
16.678,-332.945897923421,236.477919695339
16.6785,-322.981070947937,267.842189547972
16.679,-311.930825224259,311.812754433762
16.6795,-294.494052462259,341.912887232437
16.68,-271.436606724935,345.841179684749
16.6805,-247.160335382136,343.60710857329
16.681,-216.210055342074,347.970762747773
16.6815,-169.786961717906,337.225387254306
16.682,-115.341273911198,293.627797624633
16.6825,-74.1111600973135,250.133374730897
16.683,-56.2934601404936,263.193085982063
16.6835,-51.1859156805085,335.557467565795
16.684,-44.8629466358852,395.077401302357
16.6845,-35.5463323200428,369.430721042459
16.685,-27.8212952252691,267.433362142636
16.6855,-23.7098542734033,163.383635836187
16.686,-24.4348097140446,107.923229043036
16.6865,-29.2565837999138,84.6867360928509
16.687,-26.8215196856939,59.5893084705817
16.6875,-0.810622781693888,34.6432089465228
16.688,46.3081408546151,25.2086128698708
16.6885,86.8009248246553,13.7621056647413
16.689,97.2863043435548,-28.6034935085658
16.6895,86.0541747760021,-86.1738947966292
16.69,77.5812887157544,-112.892289128571
16.6905,77.6939512443191,-105.517306022886
16.691,71.1260923434186,-114.729064021803
16.6915,50.5657486289287,-168.898282139737
16.692,29.687871561646,-231.454579230865
16.6925,23.8378227582155,-257.798189051694
16.693,32.6141573490855,-254.41056932822
16.6935,47.7557904500691,-250.056153586602
16.694,66.3860826701059,-243.294526403947
16.6945,88.4626995843274,-218.017501462321
16.695,109.730375174214,-186.202037171265
16.6955,125.830596559687,-173.700086111122
16.696,138.409646741448,-178.658714041297
16.6965,150.347839062349,-181.558013650518
16.697,158.859576936484,-184.436180114582
16.6975,159.232570684081,-203.635509357547
16.698,152.322012199367,-232.316127817621
16.6985,143.360582580919,-244.894685582283
16.699,135.99420847164,-232.445154497505
16.6995,131.238947205088,-202.708164498376
16.7,128.610756764227,-155.219043409367
16.7005,123.962394204766,-92.8227194423957
16.701,110.208490971269,-51.1407156393093
16.7015,85.7598146355566,-75.9549350232749
16.702,59.575327614609,-166.449975728836
16.7025,42.8299315301708,-270.281044953971
16.703,38.1520662950112,-335.994711515312
16.7035,41.6159169403382,-345.774363962172
16.704,51.0070233398584,-305.064218181428
16.7045,64.5284588178988,-233.092199412304
16.705,73.884738117974,-157.981524265573
16.7055,67.9888972230708,-87.9622930562129
16.706,44.8008159764759,4.11063167212573
16.7065,12.6317799707342,131.706353127406
16.707,-21.1307618899394,245.946660395863
16.7075,-55.4023474937324,287.188294637079
16.708,-88.3186937793566,275.431861981792
16.7085,-113.447078552755,286.547636186693
16.709,-127.439951484849,337.135223691072
16.7095,-134.460843844306,363.806213967447
16.71,-137.526941509139,332.822020544113
16.7105,-131.543161041241,294.759529689371
16.711,-111.743113013103,294.344092311787
16.7115,-84.1866216806431,296.606864803432
16.712,-59.7472903478304,256.761536536014
16.7125,-40.7111020715886,205.844850305592
16.713,-22.1147064561922,200.513665223053
16.7135,-4.8050188617405,226.718525887411
16.714,2.98513808351705,220.770328629963
16.7145,-1.3564555223472,162.004310854059
16.715,-9.81092339619724,83.6485277362897
16.7155,-15.6093061104276,13.1832300290189
16.716,-21.5208835570744,-35.2429966557887
16.7165,-30.6703239384868,-26.9488958621661
16.717,-37.4902694204422,62.3657018029513
16.7175,-36.8809172018267,181.238783144676
16.718,-36.5039715306144,234.166777655013
16.7185,-48.3961018711619,191.901237281875
16.719,-70.1344929394509,117.769006219067
16.7195,-85.9726863579659,74.3692783820008
16.72,-88.0467232497984,58.2871435264209
16.7205,-85.3870618307061,43.2135885162663
16.721,-87.9973588701282,33.0357411419093
16.7215,-92.4766783429439,43.1749967782068
16.722,-90.0779522717051,71.285145994165
16.7225,-79.8888184594359,115.133363205267
16.723,-65.0852965327608,182.092082802726
16.7235,-44.0198783560695,250.006938172922
16.724,-17.2810757479313,252.860388809497
16.7245,1.01157517285833,144.30517406281
16.725,-6.24961373648349,-42.7468736472739
16.7255,-35.9473167741858,-229.032441418596
16.726,-64.3355483724033,-363.289593899298
16.7265,-73.3427268192648,-438.058588675308
16.727,-66.7875062615857,-455.698117167824
16.7275,-56.6476711986549,-419.842872330879
16.728,-45.4698057830622,-356.14219589459
16.7285,-30.9913003438057,-308.270610205227
16.729,-18.1641278128435,-306.907390290607
16.7295,-13.7220803429911,-356.42824745391
16.73,-12.6488207699272,-443.574821047647
16.7305,-1.60837968344085,-537.408325058648
16.731,24.4643086378115,-587.620836660112
16.7315,57.7017589517988,-551.903058722745
16.732,88.5855526808409,-433.804282555478
16.7325,113.353922150119,-280.405389265898
16.733,129.602413413165,-140.903052219509
16.7335,133.073404162611,-38.2916824739009
16.734,122.60399671973,24.5569611261521
16.7345,104.185968648246,53.6413347706462
16.735,88.3876885203241,64.6150834157301
16.7355,85.6647808091341,77.8678413666299
16.736,100.836303105441,102.279877622332
16.7365,125.552935626428,130.94931192383
16.737,138.495367051343,156.536388540602
16.7375,122.48728242352,180.779803323032
16.738,82.803941336215,203.938017480747
16.7385,40.6823724241015,216.34011083132
16.739,7.46258448104972,211.493702634126
16.7395,-26.1751172824171,202.179112410203
16.74,-73.0355320334196,211.324326272354
16.7405,-131.011701597923,245.504844382388
16.741,-186.357498264179,286.1747557641
16.7415,-226.810609110019,311.132028601505
16.742,-245.622894890164,317.849992072444
16.7425,-239.886347627646,318.793451559005
16.743,-211.936881726542,318.97258476904
16.7435,-168.009154111785,310.019741109378
16.744,-111.05367597426,287.332632869906
16.7445,-40.2000526088748,259.935350126699
16.745,39.9248034684535,235.734261173041
16.7455,118.336680174083,207.240086517921
16.746,191.257411709641,163.453378294938
16.7465,266.212794024937,110.393021141561
16.747,344.748573874553,69.2535287928162
16.7475,411.660105295663,58.3431714373466
16.748,451.764816763885,84.3644367546395
16.7485,466.252449910878,140.366027410954
16.749,458.256410991177,196.389258600968
16.7495,413.253519370213,202.996503605304
16.75,314.819937658244,131.239421264146
16.7505,175.826072901255,11.1443211214773
16.751,33.0206987324804,-93.3080437104584
16.7515,-89.1459267694145,-153.425059031261
16.752,-189.369734610323,-198.106633630222
16.7525,-264.919462940104,-260.601577777013
16.753,-302.477377064376,-330.282633128666
16.7535,-302.394953080629,-374.956705936589
16.754,-288.169451502967,-388.288949588387
16.7545,-276.029236474966,-388.836083774655
16.755,-253.51278988363,-384.101005218272
16.7555,-206.233546085542,-362.707749541415
16.756,-149.912864014287,-319.960086759484
16.7565,-112.658969092445,-268.740453351884
16.757,-94.4102028305995,-222.261686791048
16.7575,-68.6581782266352,-182.622102189656
16.758,-23.512057358694,-149.922047604295
16.7585,20.5239958360561,-128.796351288726
16.759,37.8699339042768,-120.689376000175
16.7595,26.4147726283031,-119.800236194187
16.76,3.52060403086506,-122.020144325051
16.7605,-12.926566149183,-130.452896954643
16.761,-13.6137995154742,-146.212869575335
16.7615,-0.015546800038776,-158.158638867546
16.762,14.0811285251266,-149.18161220488
16.7625,10.633340365753,-115.605716998829
16.763,-15.4619479166735,-77.264923811336
16.7635,-50.3830777244812,-60.4488023785432
16.764,-75.7030948396599,-65.9443478911331
16.7645,-84.3376654997309,-61.0741326918319
16.765,-80.4109210320529,-14.192438186414
16.7655,-69.7203625148944,66.754335189905
16.766,-54.964332080758,142.943074780462
16.7665,-36.9570469255823,188.686913917292
16.767,-16.8637943940523,209.793672051703
16.7675,1.92339357074314,220.00029292697
16.768,14.6414026335319,224.001030336715
16.7685,20.6868769278799,231.575885094852
16.769,26.0697202801862,262.93395188311
16.7695,35.0308900685031,322.081407599303
16.77,41.8208679961683,382.779004092236
16.7705,38.9170378001964,418.822414160946
16.771,31.367554638514,431.177479568187
16.7715,30.9045128354395,424.736078662887
16.772,33.8837300258636,376.918404941089
16.7725,19.3246464457447,261.765335494697
16.773,-22.1431205053052,100.587898141479
16.7735,-67.9111211700682,-41.6053212653872
16.774,-84.5810744406722,-116.247295708471
16.7745,-64.4692268833696,-128.395205462118
16.775,-28.6724800028832,-110.426244871992
16.7755,3.59465511392768,-79.0764076235845
16.776,33.8439355315165,-30.8379654102565
16.7765,68.0787085213546,29.4783407366054
16.777,94.4278677891487,70.583254299058
16.7775,89.5875780697223,55.9505810038254
16.778,46.1899459058134,-10.9655432315171
16.7785,-14.7385283078829,-72.7380494674448
16.779,-60.7263974739669,-71.3924783578283
16.7795,-72.683548012172,-17.0587260076778
16.78,-52.4008002234525,24.5675198932119
16.7805,-13.5172445162043,22.3107232929788
16.781,27.5382975301762,21.7411482513333
16.7815,55.6754121304962,74.0397066457945
16.782,63.573277487758,158.930664298897
16.7825,57.7832649642492,218.573004382771
16.783,51.2151873589736,240.000015160821
16.7835,45.1353793384399,251.14392316293
16.784,25.4639266809838,249.596224065913
16.7845,-17.0144043211055,194.924868623775
16.785,-69.5981480869024,75.2151224106875
16.7855,-109.737070011905,-72.1134069151732
16.786,-129.156270963548,-216.278196601185
16.7865,-135.306603909135,-359.994930070314
16.787,-132.515029917657,-495.624805917948
16.7875,-115.839901589251,-585.630107328075
16.788,-84.949836107365,-613.060813247658
16.7885,-49.9329951377554,-608.145992617792
16.789,-17.1261965456731,-594.238128614012
16.7895,19.6927593895171,-546.255923363149
16.79,65.7214738469945,-438.576567617066
16.7905,111.137241670221,-301.356055543516
16.791,140.258617177451,-188.704478560294
16.7915,149.91208804848,-113.931658350525
16.792,150.194852963759,-54.9268645124908
16.7925,150.08475190404,-4.710920296957
16.793,150.034796452392,23.8361541955222
16.7935,147.022887245184,32.5639411614183
16.794,139.744846969481,39.8233940912488
16.7945,128.733063805836,51.9616698761028
16.795,116.329541945483,62.9029773306256
16.7955,106.667225466134,77.4798269968054
16.796,102.318276647506,108.996102408888
16.7965,101.520438637957,158.681545765378
16.797,101.028348199542,218.954725146185
16.7975,99.8741184329861,285.455248493072
16.798,97.8743010838169,341.743264633938
16.7985,93.0639142372094,349.039858730556
16.799,83.9613577523386,286.584889911026
16.7995,72.5160978151811,193.845959684427
16.8,62.1868840782587,137.286990027385
16.8005,55.1911536921048,138.880913104649
16.801,53.3558565990842,169.298093983785
16.8015,57.5793667927739,203.222710840662
16.802,62.7169357525974,239.433368587222
16.8025,56.4158304257867,267.463954308778
16.803,28.1528618025186,263.53710103259
16.8035,-20.7523864259749,234.145229023635
16.804,-77.5757507247195,219.319608279482
16.8045,-126.480066292906,226.112152934862
16.805,-156.049516009821,193.937082085058
16.8055,-164.05123695367,63.3127077127103
16.806,-158.517498353418,-135.970756059478
16.8065,-151.126430016889,-296.993954475215
16.807,-147.251560534755,-334.453709187364
16.8075,-145.302951600479,-255.117219423225
16.808,-144.618190913581,-136.55901114687
16.8085,-145.787449589454,-53.9037452850416
16.809,-142.17203799431,-27.8112676276858
16.8095,-123.152867495469,-31.340951078738
16.81,-92.5721412017346,-37.551647349227
16.8105,-73.0995444041515,-51.2690452051366
16.811,-81.8767956595785,-88.1707026592486
16.8115,-109.850610696426,-135.474226405932
16.812,-136.147988355603,-157.350379272652
16.8125,-154.801751962458,-140.748460210533
16.813,-173.244822859638,-111.741986750138
16.8135,-190.849051085928,-97.000607605041
16.814,-197.152154209388,-90.9923108037111
16.8145,-190.970458883305,-77.4512938988475
16.815,-183.83613229258,-65.9329782144481
16.8155,-180.269284467397,-83.9149550162876
16.816,-169.21912060737,-137.023687389784
16.8165,-141.679484243092,-195.236209859167
16.817,-105.384061266117,-221.179405032222
16.8175,-74.6330587500171,-202.78669049622
16.818,-53.8992026009022,-156.668053626666
16.8185,-37.7307855343538,-106.617176822159
16.819,-19.3242525597502,-63.6563010073193
16.8195,6.92657071332502,-26.6498431880014
16.82,44.5204931956635,3.28316109050875
16.8205,89.6632254629235,19.4259254692138
16.821,131.459618730067,23.6587640290642
16.8215,162.305876204861,30.7239550618239
16.822,183.963405857454,46.5562022060716
16.8225,199.759659936604,54.0952762242091
16.823,206.430156418759,38.6668043799132
16.8235,198.999995816203,18.5647755858388
16.824,179.792750699009,27.0869727847207
16.8245,157.334867611973,68.0043033510519
16.825,137.874969133907,114.140594915037
16.8255,120.546389055516,149.579467948054
16.826,99.5150356496465,184.921981699669
16.8265,71.2075119277125,226.032999392697
16.827,42.5478656604187,257.774928589774
16.8275,29.5279332340383,270.540624675811
16.828,40.5732895728021,275.709618784137
16.8285,62.8930759905834,280.07152402781
16.829,75.2616815106525,271.435238307853
16.8295,75.5599136407628,248.044641740252
16.83,85.2456260155669,235.432789152112
16.8305,123.043086423365,247.482874958232
16.831,183.23773298973,251.413394905303
16.8315,242.775960558576,203.111754288314
16.832,279.589161544145,106.84020470785
16.8325,281.326026304755,10.9825138699911
16.833,250.196262291149,-50.440920270591
16.8335,207.122613081721,-86.4150309771995
16.834,178.477124246746,-121.480404324486
16.8345,167.867628064063,-163.221004616001
16.835,150.547039952973,-199.726944829115
16.8355,105.620964968667,-213.565610044498
16.836,43.5131776261936,-198.297266274897
16.8365,-9.62324578121247,-172.922283511765
16.837,-43.2460464734093,-173.354220011246
16.8375,-63.1043895019602,-213.25337348238
16.838,-70.8941021192211,-259.543227514186
16.8385,-63.5895548091519,-265.798956912643
16.839,-49.8935139880061,-225.986485116897
16.8395,-48.1500761779731,-175.763764883931
16.84,-65.8070369605786,-144.141128498195
16.8405,-94.4893420622846,-126.676947864384
16.841,-124.920147408901,-107.905558504478
16.8415,-152.353222778759,-86.7626136709335
16.842,-168.276801299334,-70.4646880529989
16.8425,-164.539810314693,-59.7907848965487
16.843,-149.633808949239,-51.7346562486407
16.8435,-145.142991315831,-47.5817355856439
16.844,-159.749200012258,-49.392051625305
16.8445,-179.242817758861,-51.6773311271856
16.845,-187.503235847657,-39.8641463833455
16.8455,-184.912570813561,2.78421739934742
16.846,-180.531552469425,80.3455299625308
16.8465,-179.23877576105,170.939999760805
16.847,-184.386650308553,237.227501744796
16.8475,-201.164152065924,260.035710782692
16.848,-227.29190284384,253.040184363343
16.8485,-248.687627572978,234.563635027222
16.849,-252.876005434074,200.064181429697
16.8495,-239.979705434244,141.170644450143
16.85,-214.915212921279,77.0476835095818
16.8505,-178.326791623353,38.4374074787247
16.851,-132.443603161328,27.6909900823656
16.8515,-85.6423220826444,25.4127789310727
16.852,-41.6775654522677,33.9680251911484
16.8525,6.68326512933753,78.6674035757171
16.853,63.0030940675035,158.710588401042
16.8535,114.34900456342,231.423616212274
16.854,144.53426173094,260.827797251002
16.8545,153.525758612609,253.340224307898
16.855,152.068531909592,227.434494797668
16.8555,143.13973581688,175.797169377189
16.856,121.993305013543,83.9635599184694
16.8565,91.1153298939469,-32.4026075358819
16.857,62.0877857002581,-137.702882269257
16.8575,43.3038309243127,-216.008820239727
16.858,35.61855754611,-278.416005331605
16.8585,37.6478196346806,-336.480326089167
16.859,45.1656966171778,-387.255758615426
16.8595,48.7498242199372,-421.651028238165
16.86,44.3057578095329,-433.186632826178
16.8605,43.6022837639304,-421.759130315616
16.861,60.9782292767224,-399.431066477553
16.8615,90.7776615845249,-386.575333878558
16.862,113.052191343946,-392.193094627101
16.8625,122.954364080543,-404.144190043962
16.863,137.894274071741,-404.664586193649
16.8635,169.33273778512,-383.399719632945
16.864,202.315615152447,-329.858567308012
16.8645,213.667395236752,-235.659735458576
16.865,200.825434038717,-120.801350740955
16.8655,181.637932284342,-34.9973658686386
16.866,171.363529933503,-6.30647496305619
16.8665,169.816186112325,-4.16562113638915
16.867,168.125492398738,17.9553481831623
16.8675,159.168143660549,57.447110125704
16.868,140.877951455637,75.0416130600999
16.8685,114.547097897477,63.7180051177244
16.869,81.6223703905333,64.003091686119
16.8695,42.1518945199942,106.784475579843
16.87,-1.99665020426292,178.676142337213
16.8705,-43.9705644086862,254.784863143374
16.871,-77.2761662377587,331.473953182495
16.8715,-104.124552100905,410.76323795912
16.872,-132.061876583473,482.517963895641
16.8725,-161.966289494882,541.835975499929
16.873,-187.193950292397,599.052690296497
16.8735,-205.632951619743,652.827896874335
16.874,-222.54183445407,677.521269143584
16.8745,-237.639522941839,659.941600755144
16.875,-239.964301261288,626.516875304739
16.8755,-222.643886005404,608.254178573936
16.876,-194.060093171022,598.512791121701
16.8765,-166.129543562071,574.821471648555
16.877,-139.053945157969,544.449636396072
16.8775,-106.897901528581,530.084086343997
16.878,-71.793721323232,516.868857439473
16.8785,-42.2326937278879,453.332880205814
16.879,-21.7798686045205,312.024582116802
16.8795,-9.32254884907048,119.032619832164
16.88,-5.99174133787144,-86.179581050457
16.8805,-10.7107907993462,-293.088275011719
16.881,-12.1436722639342,-506.425516215206
16.8815,2.6244084545261,-708.522475940665
16.882,32.0650478362989,-853.650942049553
16.8825,64.059078887315,-896.687877307449
16.883,95.394637698917,-825.090008718954
16.8835,135.198534226421,-673.144704605793
16.884,186.559270366694,-506.40046310453
16.8845,235.504142667133,-378.081357559378
16.885,262.095930298022,-295.71673555679
16.8855,254.720370582395,-239.004763352468
16.886,212.966808094769,-204.274723953974
16.8865,148.175679964435,-208.382683525752
16.887,84.658917380181,-247.133804968515
16.8875,47.5628005446063,-279.314770442535
16.888,40.8724346490108,-268.762647061943
16.8885,45.00293242133,-223.283859059109
16.889,42.0139126458531,-175.319246347719
16.8895,33.8095210569471,-140.651035767144
16.89,28.069498186905,-114.486586732894
16.8905,17.7073114203817,-93.2829662954245
16.891,-11.3065981593595,-77.2970513155036
16.8915,-56.6097168965215,-58.9992762443063
16.892,-98.2531498082713,-30.2049344848746
16.8925,-120.906569137264,1.84945831063053
16.893,-126.356572875316,21.4998668466631
16.8935,-123.535832814568,24.1552008664011
16.894,-117.446297814411,15.5628596384474
16.8945,-111.494129621546,-0.658192782879742
16.895,-111.135697223501,-17.9132050442153
16.8955,-118.313035481949,-17.0904113024019
16.896,-126.766634723252,15.8428044112855
16.8965,-128.284776058465,65.1239183121373
16.897,-121.770087980201,99.1144020253333
16.8975,-113.489417095737,108.680261508946
16.898,-110.747092463902,111.448194832431
16.8985,-117.30544634845,118.161569241615
16.899,-131.832893151761,118.650038174256
16.8995,-147.511475370228,106.626521608534
16.9,-154.993102899718,96.0532342183807
16.9005,-149.378272859859,103.230960523238
16.901,-134.582405671238,130.096532665047
16.9015,-118.929751634117,172.634937988659
16.902,-105.937947538065,226.984920378512
16.9025,-90.3845551846632,278.863019537232
16.903,-64.0890932431184,307.566345786916
16.9035,-25.5896134436374,312.035935564792
16.904,16.2106184774514,312.411659320652
16.9045,48.5860303364695,312.306348987579
16.905,65.4638756185399,283.18766012964
16.9055,71.2277339839546,207.370560192115
16.906,74.6081891429001,114.652326354575
16.9065,80.1492439350623,46.4245746843372
16.907,86.0393033489384,-2.72959220968309
16.9075,89.1020379843656,-74.6626967464186
16.908,91.1582347474057,-185.460943635903
16.9085,100.717021870725,-307.521818716965
16.909,127.487713326164,-413.545133125909
16.9095,173.342947169065,-502.205982993909
16.91,228.782313495955,-569.52274559149
16.9105,279.744595869741,-588.673283850787
16.911,317.222289660263,-542.349623115113
16.9115,339.282241238195,-455.802181924744
16.912,347.492269465195,-373.852801745005
16.9125,346.137895974461,-314.672930445196
16.913,341.613804491941,-264.194315736474
16.9135,334.635315736129,-205.967261841685
16.914,314.061050123237,-135.194830007834
16.9145,267.66846312111,-48.0165298033381
16.915,200.031152011305,59.5677732265603
16.9155,129.939696973633,175.8867721778
16.916,68.1212475379331,272.296026234546
16.9165,8.86141764055204,327.622055338203
16.917,-52.7556146663433,347.724098623103
16.9175,-109.311478893779,355.437841091237
16.918,-154.356837675932,367.038157430841
16.9185,-192.531562302686,384.967107896205
16.919,-224.413839182219,409.868207070471
16.9195,-235.9576597658,449.793699054643
16.92,-220.985661379747,510.940837216831
16.9205,-202.747450627074,580.413206534643
16.921,-210.423238770065,625.645216285089
16.9215,-240.148788827526,618.215222551302
16.922,-263.441375052045,557.40030964392
16.9225,-271.761653729689,463.054890488175
16.923,-285.16023751371,344.805166431243
16.9235,-311.983252751108,190.270817777055
16.924,-327.455483801673,-5.18852108963743
16.9245,-305.174484767419,-201.791049988773
16.925,-248.549860086191,-324.084865765911
16.9255,-177.076297214458,-317.466452709948
16.926,-101.37143335034,-197.486007774156
16.9265,-29.0553894166198,-41.172362246516
16.927,22.5409038561629,71.8018195357656
16.9275,42.0189564254923,112.471827574102
16.928,41.9297050684299,104.639159997212
16.9285,40.9143595853722,83.8987939176719
16.929,36.1387157970029,63.4689206093333
16.9295,13.6543328611458,40.2814611880415
16.93,-21.094411554181,19.8332245246243
16.9305,-46.5033276019791,16.3926130236267
16.931,-56.8837964215988,27.9715668923998
16.9315,-68.5713988699149,29.5352606992313
16.932,-90.4839139702155,1.5869048442092
16.9325,-108.531682292914,-47.6928695066877
16.933,-106.653047023023,-102.170666556602
16.9335,-87.355382217801,-166.260981925953
16.934,-61.8773131081073,-251.171426103081
16.9345,-31.6019839586526,-339.071053339853
16.935,10.1265016264648,-391.771724112798
16.9355,63.3034418651842,-405.213774855935
16.936,116.078312946813,-429.657080829372
16.9365,152.952856618238,-514.089598232325
16.937,167.064429315264,-643.101474918324
16.9375,167.534825951357,-748.329000798098
16.938,172.604421902578,-773.592690617843
16.9385,189.388539030794,-710.083532522067
16.939,203.357086005516,-578.285749587886
16.9395,196.400570510406,-405.705123402934
16.94,172.109903087908,-226.780403945378
16.9405,151.533869347698,-77.9317580880483
16.941,145.500985679358,23.3929007244511
16.9415,144.978339443401,83.7176982539808
16.942,139.783187349666,111.45094794539
16.9425,131.554275506054,104.781088477347
16.943,123.390832367458,68.3820023927824
16.9435,111.227675413829,23.6110130991859
16.944,94.0403976127346,-11.1741435951106
16.9445,81.3473507940346,-35.9317648176601
16.945,81.0087436679656,-52.2108162744771
16.9455,87.6293424939657,-48.5330556628386
16.946,91.3456540121113,-20.6774139456368
16.9465,90.8200488053102,9.06986858551463
16.947,89.5967701152175,16.6675163082726
16.9475,86.6199307875368,10.4901760198765
16.948,79.1108910799202,16.9831479425413
16.9485,69.3908427153453,40.2520429676323
16.949,60.3089088741373,61.859520610127
16.9495,48.0346947758473,75.1903905716089
16.95,27.497217603559,91.1767279981131
16.9505,2.42101465287544,111.041992113927
16.951,-16.641701260512,122.754606977686
16.9515,-22.3781112619012,126.746554158018
16.952,-14.2488951970962,136.244424629473
16.9525,4.85957937090918,149.637654003472
16.953,30.3505168794247,154.875768106031
16.9535,55.7252876405514,165.906745158431
16.954,73.281744362076,216.655896223259
16.9545,73.6464504642379,307.032311160066
16.955,46.9500404352732,395.190709914685
16.9555,-7.55904184603608,461.328517410848
16.956,-72.8533133710366,534.361221757538
16.9565,-125.53480323134,625.840824008098
16.957,-158.806111766542,684.03099723841
16.9575,-183.444314485189,660.820439940019
16.958,-203.913751341545,587.650592477532
16.9585,-210.40986257464,526.955435173893
16.959,-203.64537062048,473.264304747119
16.9595,-209.22430259726,369.310214157949
16.96,-248.371541113368,211.047912702217
16.9605,-304.700190607103,67.2817175941948
16.961,-340.303581277502,-11.9617678550721
16.9615,-339.694933431229,-41.8052412312156
16.962,-318.634062451828,-42.4006585347121
16.9625,-293.432211891956,0.144746547583777
16.963,-264.073256245886,78.7358564926446
16.9635,-229.865028204956,129.341685163546
16.964,-199.535782585914,101.195273474029
16.9645,-176.789667898644,27.6407598361454
16.965,-152.777191677518,-21.959444337692
16.9655,-123.553069071113,-38.3419161505253
16.966,-101.191972114216,-76.1772096008226
16.9665,-95.0836667186275,-177.596685281397
16.967,-92.2578117990373,-331.843600218128
16.9675,-69.754109229448,-498.42221634355
16.968,-21.3985857498671,-630.997438945881
16.9685,38.4301962989219,-687.117058208072
16.969,93.291617622855,-655.583113191362
16.9695,136.386696605402,-576.763223364842
16.97,166.662861227734,-505.4495791915
16.9705,184.428713309452,-453.695064173311
16.971,192.564670075571,-397.256007340417
16.9715,195.157003668524,-331.891158251317
16.972,193.051462806597,-285.713669362719
16.9725,184.648105997526,-271.339711975794
16.973,170.934522706671,-261.254035129422
16.9735,155.821404020564,-224.087118758329
16.974,142.150802256771,-159.579560331579
16.9745,131.333180888904,-85.7452652937268
16.975,125.874807830478,-14.7940128232412
16.9755,127.378291356392,45.3248698868002
16.976,132.160274527263,86.5461638676454
16.9765,133.942256440232,113.064216692599
16.977,131.888279528146,142.36053096708
16.9775,131.032088055949,180.430903735597
16.978,132.761914751469,209.013798992368
16.9785,130.567766018185,209.108218095916
16.979,120.666673775687,185.122313195644
16.9795,113.069336328147,154.830310108124
16.98,122.841357097354,127.306685720614
16.9805,147.959786572822,103.176531656446
16.981,164.305053948129,87.3530813189496
16.9815,151.016372746798,87.6669426049134
16.982,117.557371604295,102.965780418243
16.9825,95.7296463047558,119.801372745359
16.983,103.628514527693,120.722237659371
16.9835,127.095858547362,98.1853925001081
16.984,141.560361685045,67.8594742614707
16.9845,143.083408849163,63.2959374535406
16.985,148.05148835264,101.018366533818
16.9855,166.578825625804,151.667100750011
16.986,187.273795419264,167.14501696966
16.9865,189.312369396007,141.308677654924
16.987,161.902355022258,119.516157301891
16.9875,109.990641815232,135.98303328768
16.988,46.8065549945936,167.124048022041
16.9885,-16.2277922042677,169.39352287379
16.989,-75.1617303656563,142.330152748897
16.9895,-131.311909627387,120.489363142073
16.99,-184.528058967583,109.779785705816
16.9905,-232.705289054485,67.9921729069774
16.991,-278.586753199187,-39.9704593615733
16.9915,-327.292920532529,-190.449056191596
16.992,-369.535273094433,-320.597903767377
16.9925,-377.808679666056,-388.501811675696
16.993,-335.11367467357,-400.421010272336
16.9935,-262.783901069444,-384.106201592417
16.994,-201.456078399675,-350.525158607819
16.9945,-164.886788543673,-290.062479202999
16.995,-133.028697602725,-203.042793247621
16.9955,-94.2209630465126,-121.627715895431
16.996,-69.0888062972744,-88.1105182627792
16.9965,-77.8661337375288,-110.832461216948
16.997,-104.698131207891,-154.675065690545
16.9975,-116.76042964991,-180.971511099236
16.998,-106.505172913358,-183.560733837052
16.9985,-91.1642524323334,-175.963227133123
16.999,-77.4947479771337,-159.560717602216
16.9995,-53.4252954288527,-125.905224090137
17,-15.7874737717947,-82.7450512956147
17.0005,18.2987121527457,-52.7545184737799
17.001,35.9804240411059,-44.1944496127296
17.0015,45.9653713874226,-42.9686726334394
17.002,61.2250428616975,-37.2554907029752
17.0025,79.2102974703733,-29.4188572949458
17.003,90.1696202080723,-16.9580570842513
17.0035,92.8240640868141,15.8272922242602
17.004,89.4217966543572,72.5103120424768
17.0045,74.5395059288526,128.658425839397
17.005,42.6397281698948,160.550389294122
17.0055,2.76016128748264,178.91139625603
17.006,-25.4653591703416,215.038560471436
17.0065,-29.3344969869452,280.489826892668
17.007,-10.7238146358928,359.102542007907
17.0075,19.0733401598675,433.224395801414
17.008,45.0709789460483,496.514644402098
17.0085,54.4680373201823,542.115040430803
17.009,45.8640599538929,561.504323813641
17.0095,29.9137753838309,561.824047646155
17.01,14.319790232963,566.127949050881
17.0105,-6.60495082408502,587.906617557704
17.011,-39.4535809333683,619.531681405034
17.0115,-75.8708286764724,650.707634816452
17.012,-101.883284390617,677.703790159243
17.0125,-118.948297335055,682.696936258219
17.013,-140.613253770063,626.999197386457
17.0135,-168.278220026523,489.174097989992
17.014,-185.787794177468,296.858115867868
17.0145,-182.245990605535,94.4438237533311
17.015,-166.263078067058,-111.876773914533
17.0155,-150.299771028707,-343.995591854869
17.016,-132.142238409664,-585.921886627332
17.0165,-100.662462590041,-765.707965185202
17.017,-51.1369941000804,-824.756458259157
17.0175,14.5250362817884,-782.698769777595
17.018,95.6671320289949,-708.969963144696
17.0185,190.07199187989,-643.671665585261
17.019,285.98622531036,-572.552414332655
17.0195,365.21912067032,-473.768365950902
17.02,413.355495267606,-359.974356644859
17.0205,423.56066735195,-265.716250315098
17.021,396.290067271011,-212.189361026155
17.0215,342.053098692018,-196.470763526184
17.022,279.267358936757,-204.591670157247
17.0225,221.361443816226,-222.86688353879
17.023,169.31003730947,-240.48793793857
17.0235,121.884337509541,-251.544399537748
17.024,84.3309940180792,-257.310136701075
17.0245,56.2543461126551,-263.752962347036
17.025,20.5044168123836,-275.020862508878
17.0255,-36.8566709148158,-288.055632645145
17.026,-97.3752650453235,-292.460871036836
17.0265,-121.47530208261,-277.783651991006
17.027,-94.9090532564029,-244.186263954076
17.0275,-47.4533586130936,-204.782873312624
17.028,-16.5115060470605,-174.091609372068
17.0285,-6.67410731488072,-154.963637966812
17.029,2.50340025707531,-139.257711884165
17.0295,21.2298679679804,-118.575788628515
17.03,39.8238683979197,-89.9218174556865
17.0305,49.6684677974185,-53.2059369097738
17.031,56.0833069459559,-9.23001673522037
17.0315,66.4016049132315,39.7763337267702
17.032,76.08700836713,91.7755591558336
17.0325,72.5271092500172,146.657828935667
17.033,48.3135543309394,203.099537963521
17.0335,8.24767499592996,255.429341294151
17.034,-33.9139681797082,297.533040254961
17.0345,-64.8266538674008,328.273854345581
17.035,-79.8252232507036,350.005478415804
17.0355,-81.7313140058392,365.018935616259
17.036,-71.5863899211796,377.023028149607
17.0365,-46.2979673856466,391.014434500528
17.037,-10.4708804938668,406.016885082494
17.0375,14.5341228046175,412.967272915215
17.038,2.92307938205986,405.890218457684
17.0385,-52.3708688917315,388.73650104876
17.039,-132.967497780239,364.140278144797
17.0395,-210.844285561767,326.01008353054
17.04,-266.658265763808,277.438703784545
17.0405,-294.523384920323,246.38140464923
17.041,-296.664906259986,260.300089800248
17.0415,-277.774075377038,303.956629962947
17.042,-243.781323553796,323.604357826711
17.0425,-205.103928743373,280.613063107747
17.043,-178.251952681414,185.448686012279
17.0435,-176.454670003707,72.9691841043558
17.044,-193.818242631367,-36.8324693985653
17.0445,-204.761227289356,-140.623332195341
17.045,-186.998131466209,-229.66086449306
17.0455,-142.294058659054,-285.4421147938
17.046,-88.5194141261667,-295.632116433088
17.0465,-36.7334720235477,-263.94179619903
17.047,13.95076949518,-204.704033552635
17.0475,62.8701685647448,-132.051896039451
17.048,102.281710095092,-52.7037820122452
17.0485,125.894790684936,29.4178185553118
17.049,132.486675783867,95.9859268516534
17.0495,121.683631246427,110.351915946018
17.05,98.433372939036,51.8322758332496
17.0505,81.1820792891255,-45.9049381151274
17.051,88.7628666223539,-118.314153656776
17.0515,113.784303236807,-144.036384157737
17.052,125.395709054005,-169.540887372466
17.0525,108.310141980676,-239.53531295883
17.053,84.5112004422401,-327.339278115224
17.0535,82.7961863332448,-366.602539567748
17.054,99.3247325887038,-337.894543603468
17.0545,106.477859396159,-286.192685558547
17.055,93.5247221021285,-254.481249357051
17.0555,77.7983301530738,-237.569085161067
17.056,75.4601006807638,-212.174681293925
17.0565,80.2622104315893,-181.114309731811
17.057,77.7896392769402,-166.377240355764
17.0575,66.8430101606783,-175.173912044469
17.058,57.2660568929386,-191.498959462511
17.0585,54.3085855515824,-192.983466570552
17.059,53.4433607681644,-164.579160127254
17.0595,46.9214708947054,-105.159604160734
17.06,29.9909193206753,-32.7382720267718
17.0605,3.44993632740511,23.8280718065331
17.061,-25.800740803501,49.9903522318331
17.0615,-48.4294375427423,59.7498096773847
17.062,-59.1374044415549,78.91471861917
17.0625,-57.9912203633708,119.571774259455
17.063,-45.5447205713579,176.186792684234
17.0635,-20.7010537495659,238.134187440533
17.064,15.7067431814155,296.294387828956
17.0645,59.5916879735597,342.819399286085
17.065,107.180077738285,375.145164503968
17.0655,155.039693636375,398.714600321557
17.066,194.326677492037,417.628859960163
17.0665,210.548602839697,424.01512258624
17.067,194.724929561059,405.261545848716
17.0675,153.689995857659,363.357612769207
17.068,105.896504694745,320.029523296911
17.0685,66.9668049621905,297.179273088832
17.069,39.9442407491398,292.269530065336
17.0695,17.1690117817304,274.836494989696
17.07,-10.892328843945,208.8456114362
17.0705,-47.5718683420191,80.6085245757286
17.071,-88.0588742083906,-92.2637759943386
17.0715,-124.429510115035,-274.707353329987
17.072,-152.02676322776,-432.103567609306
17.0725,-170.006836550634,-537.331268268264
17.073,-176.795609901352,-574.628452677117
17.0735,-168.312636166384,-550.831847914052
17.074,-142.260608796731,-501.038388955623
17.0745,-102.896223951934,-468.445509693044
17.075,-60.4769172034452,-468.969296058621
17.0755,-25.8929429258476,-477.672944220823
17.076,-4.53407041982963,-453.678698110404
17.0765,6.2898865549427,-378.283399136029
17.077,13.3427752722495,-269.999186701484
17.0775,19.8693611265866,-166.530090458813
17.078,23.5580526898262,-93.7123865450757
17.0785,23.0797560361429,-50.4385300260876
17.079,23.0869294792659,-21.6499051312773
17.0795,29.5781134158719,-0.251986182798066
17.08,43.9879260598213,11.9867107069687
17.0805,66.1004072485101,22.1700215170738
17.081,97.6631631223677,47.2160748096057
17.0815,135.094267266626,88.3539406183266
17.082,162.544769780998,121.22754085047
17.0825,164.039441070979,128.677905235608
17.083,143.070803836857,131.825303291497
17.0835,118.398409568296,167.040275216338
17.084,97.3625006039901,238.882346961308
17.0845,65.6509335758138,319.769249463889
17.085,10.0954700649052,392.758464478454
17.0855,-59.9863719305297,466.117384754595
17.086,-124.65192763071,540.320018742221
17.0865,-177.863085776184,587.480360477823
17.087,-227.4683053561,576.310876198496
17.0875,-275.848899734255,500.118683304184
17.088,-314.671747582461,373.879469798168
17.0885,-338.63683194244,225.243094091729
17.089,-352.010621725472,94.9205129018549
17.0895,-358.347421745759,17.3710370014401
17.09,-352.691770210103,-15.1522820569269
17.0905,-327.681349885433,-44.5796553165429
17.091,-281.127220283178,-85.5247114954001
17.0915,-215.242244080057,-99.1087735708188
17.092,-134.74167583911,-53.1745537012334
17.0925,-48.8971036266298,17.8210603084469
17.093,29.3986487990949,48.3567690391225
17.0935,89.9691999243858,20.6469022710259
17.094,128.997843033749,-27.6997919617642
17.0945,147.52722720292,-61.2615612441122
17.095,151.178529726427,-72.2630304745676
17.0955,150.214009423272,-57.3104905465668
17.096,152.892988655746,-15.6092831973425
17.0965,157.809169037069,24.5010989670545
17.097,158.435937995198,20.3397817306517
17.0975,154.320719704624,-29.7756346977056
17.098,149.726258996534,-80.9613524818284
17.0985,142.179134662838,-104.767450408984
17.099,124.743463190851,-121.601586044609
17.0995,103.45411251478,-152.87256415473
17.1,99.746915944535,-180.145266829523
17.1005,126.451486660757,-182.800873793481
17.101,169.657106449939,-185.119943261156
17.1015,203.087921944181,-226.090589174028
17.102,212.864026456973,-299.06568304005
17.1025,198.931337563962,-358.741700635754
17.103,161.285199049715,-379.009541616593
17.1035,100.362654373646,-369.926596914281
17.104,28.5926612783093,-344.31095811364
17.1045,-33.6174625316096,-305.295101007482
17.105,-76.7641402189097,-269.847525370371
17.1055,-107.781537138861,-268.171175588738
17.106,-135.105907371103,-303.909911484458
17.1065,-156.978550622463,-337.784151338964
17.107,-166.019220650011,-326.250572968947
17.1075,-156.70262294299,-262.811208214912
17.108,-126.815309355272,-172.402180395877
17.1085,-81.0714824163298,-80.7116814677465
17.109,-36.3127470584456,-0.37329972540563
17.1095,-13.3254665444944,65.3703417800876
17.11,-17.2544536850251,119.014782460585
17.1105,-31.8322765373271,163.994230484648
17.111,-36.996513220267,197.220238423841
17.1115,-26.4447817838834,212.88511925036
17.112,-5.08395380876468,217.409601883546
17.1125,22.4819449785187,230.985744250853
17.113,54.5227564035996,268.201555889136
17.1135,88.4421118821656,324.392058272644
17.114,119.841968958253,384.021019493804
17.1145,142.244328762808,432.060267320152
17.115,147.198854328029,454.254657227932
17.1155,133.24272873725,442.425229594215
17.116,117.637925440436,410.430094114746
17.1165,127.352869873711,391.282176403818
17.117,169.585024495676,402.34416953034
17.1175,220.394649447906,420.60299417207
17.118,252.943178091114,407.726112678313
17.1185,268.423694765228,354.509778685205
17.119,285.228354587352,284.056277014954
17.1195,303.531438791685,213.670241608559
17.12,298.712827111089,134.387153339783
17.1205,252.443413740786,35.9839642553512
17.121,176.556956851913,-63.566028211299
17.1215,100.09434104642,-129.301035313222
17.122,40.333547071927,-147.221579183005
17.1225,-9.5867773934421,-140.523907381475
17.123,-69.9747830838577,-145.719522076811
17.1235,-153.194702265951,-177.569397921089
17.124,-247.743816847572,-220.190777493332
17.1245,-324.182122698179,-249.672615298768
17.125,-362.733306575098,-260.163260445382
17.1255,-372.161325139184,-265.193827121054
17.126,-373.228180718903,-277.079571745852
17.1265,-369.106831233209,-292.315970620832
17.127,-347.783040979217,-299.398480679771
17.1275,-312.374022053205,-294.855843650975
17.128,-287.709305025421,-285.670919651198
17.1285,-287.17506938852,-277.597645755424
17.129,-289.760181745639,-265.342679913042
17.1295,-265.292701896419,-234.848849337305
17.13,-212.745279985022,-176.607535843718
17.1305,-157.974923900701,-101.99492891696
17.131,-118.881147814026,-46.0532626968108
17.1315,-88.7118803484886,-42.6222761617628
17.132,-54.0156424301454,-88.8527671832349
17.1325,-15.7080893021052,-142.895835025443
17.133,12.682690151778,-166.870148445022
17.1335,20.887063970848,-164.154663147531
17.134,11.9534999551241,-161.278838934683
17.1345,-1.03311033619768,-162.571819064001
17.135,-7.41401901913045,-145.766417096235
17.1355,-9.24552340327099,-101.442264701188
17.136,-17.096821570931,-49.1720886581177
17.1365,-34.3883857018426,-3.09405477225907
17.137,-50.6024521100289,54.5103521974741
17.1375,-53.0248745008593,144.446141205362
17.138,-39.6278450724734,251.236306782309
17.1385,-16.198462631494,337.063806400466
17.139,12.1130002970136,386.862404083983
17.1395,39.0876746187979,414.279043165762
17.14,53.7681664129113,425.93939814355
17.1405,49.0153473391115,408.1105180642
17.141,31.8562022917709,355.731548135071
17.1415,17.6822128989022,290.358277448875
17.142,16.7717423350316,236.56119599756
17.1425,33.0091181845671,199.031082387489
17.143,69.2015757286316,175.369299481985
17.1435,120.812692771481,170.720496702538
17.144,167.259708280388,179.563317508834
17.1445,184.935976352844,170.556485477662
17.145,172.94607270904,118.639165697398
17.1455,155.327411772024,46.032162889239
17.146,154.229739719573,2.14463625926441
17.1465,170.642192545464,0.947095284787819
17.147,194.649096702713,5.69377926217457
17.1475,222.240998353001,-17.2788268727341
17.148,253.145860742831,-57.6940537075891
17.1485,280.432612592515,-89.6410039889323
17.149,293.501239802485,-115.167791681189
17.1495,289.463330561248,-153.474157735093
17.15,274.252891721577,-201.529182550122
17.1505,253.569562165646,-235.225771829373
17.151,228.322233411016,-245.691799708064
17.1515,198.147909943688,-246.753150194885
17.152,164.124493101413,-243.947386572174
17.1525,127.274217378465,-222.776603625569
17.153,87.9669659280661,-177.443940058773
17.1535,47.9037566345044,-128.150121753969
17.154,10.1482426672618,-93.9011017865923
17.1545,-24.6663903590493,-65.4581084095692
17.155,-61.0580887837823,-24.6877524298061
17.1555,-104.892098063738,21.048592294475
17.156,-155.09895572544,45.6163586821485
17.1565,-200.505599342324,39.1731687924238
17.157,-227.806189932458,13.590425836129
17.1575,-232.648808790611,-26.5476581890158
17.158,-220.219162749445,-92.5209120731307
17.1585,-196.126939661109,-179.955504435632
17.159,-162.123900565543,-249.11332936959
17.1595,-120.963179131758,-257.371069586065
17.16,-78.2875457731259,-205.059895033728
17.1605,-37.2707085931726,-132.65715953896
17.161,1.65067116132926,-75.2453840164261
17.1615,33.483464326935,-35.7421838880854
17.162,50.5791155366968,-3.76999703855241
17.1625,56.136332556844,18.044938528916
17.163,64.4128472372947,18.7923861675117
17.1635,79.6355139702139,0.0887024204192925
17.164,86.2681605212354,-22.5433861648376
17.1645,70.9846804605472,-36.515164572859
17.165,42.5802270483942,-37.1280111522111
17.1655,16.1061704961314,-14.629172082298
17.166,-10.9759400789895,48.6701409645414
17.1665,-48.4757634109557,157.250081703668
17.167,-89.5577463209267,284.707903220776
17.1675,-119.741183808491,389.576763163569
17.168,-142.766068501808,450.472572124008
17.1685,-171.63418000058,479.387507126924
17.169,-197.482558076019,500.571431940464
17.1695,-197.147020697683,523.958323806501
17.17,-174.4452822209,540.530066042762
17.1705,-163.408429287009,533.985904523904
17.171,-181.781499428677,489.690573529343
17.1715,-210.324849294695,398.040233457459
17.172,-230.100316206078,260.132348588727
17.1725,-249.87710889975,93.6378045248131
17.173,-277.608018391764,-70.6435185601738
17.1735,-292.584209218442,-201.529054411481
17.174,-271.395384212396,-280.147570092028
17.1745,-220.705068331041,-307.151676028229
17.175,-159.508420677857,-303.920383916123
17.1755,-89.532720026109,-304.272926977882
17.176,-12.1045898001298,-335.20421662184
17.1765,44.6530047077734,-398.378176693741
17.177,52.1536056570205,-469.724699695388
17.1775,26.2618416736218,-518.503279815692
17.178,11.4102509673541,-527.546997655167
17.1785,23.9914321012009,-498.147688640892
17.179,44.5540817739264,-441.789806473976
17.1795,63.0814147663075,-371.64203720891
17.18,93.3801915370367,-299.694389756331
17.1805,135.286875184173,-235.175811576335
17.181,158.980288264983,-181.011504631941
17.1815,143.850689997637,-133.202824007975
17.182,106.419049339947,-87.9631583668879
17.1825,72.9699060597405,-49.9838950460343
17.183,47.4928219350181,-29.1893016540582
17.1835,24.4807843923274,-27.0267832743695
17.184,12.5047697430398,-31.0156642507523
17.1845,23.1081316140208,-28.3255475706848
17.185,50.0672325437629,-20.9828470409512
17.1855,80.060232836335,-19.613806280661
17.186,113.905560733567,-23.7224799783733
17.1865,158.296704540658,-18.3028999655812
17.187,204.394380833661,7.94629905238354
17.1875,234.129377056293,50.8853816375582
17.188,244.75727155174,101.253238471642
17.1885,251.021303152995,155.931511449556
17.189,264.650293079868,211.646860418826
17.1895,286.066271188762,258.583643669184
17.19,315.110716153497,293.467345662401
17.1905,354.274026119185,332.366509565554
17.191,397.089546752143,394.456883095091
17.1915,424.605839607147,473.645105609422
17.192,419.562661631664,540.609974194142
17.1925,378.317386802501,574.396989785246
17.193,305.578007549206,576.797184741074
17.1935,204.171429377765,550.254528959461
17.194,77.1457344429052,478.714035612639
17.1945,-60.7164964501537,347.406202718089
17.195,-179.040726847945,177.364073192806
17.1955,-245.130172904201,25.0542949348625
17.196,-245.825486994975,-58.4842222957567
17.1965,-199.075609958783,-65.867864753147
17.197,-143.640813558041,-32.3864684460418
17.1975,-114.179383053102,-2.49831311349789
17.198,-120.768741318253,1.73997250449782
17.1985,-146.897072011804,-15.5385014342908
17.199,-166.322430443656,-43.7847357261908
17.1995,-166.045611201638,-82.2315970382402
17.2,-154.92128341189,-133.435509067286
17.2005,-147.915709233318,-187.262509772354
17.201,-145.689074790638,-223.076447959941
17.2015,-139.737264688411,-230.980216422805
17.202,-135.811740647463,-221.768391773642
17.2025,-152.965995650457,-209.2369268181
17.203,-190.335901235747,-189.772049112965
17.2035,-214.805074830267,-149.517578645681
17.204,-201.010975686113,-88.9175412443965
17.2045,-168.780874948039,-29.0193038730096
17.205,-156.065692604623,8.78899426342713
17.2055,-165.148353972968,20.5425008786841
17.206,-165.637557136696,13.282969231106
17.2065,-145.945593554514,-10.3911773798061
17.207,-126.856637849231,-52.4461779778355
17.2075,-120.20446434807,-108.449714027369
17.208,-110.740746752943,-167.695098833496
17.2085,-92.3630254432819,-225.203968858247
17.209,-87.1603131086124,-282.747468804858
17.2095,-105.537294242943,-333.117433747622
17.21,-117.149288610543,-354.541095879579
17.2105,-91.8736684763809,-331.998666644636
17.211,-48.7585612021114,-277.610977166397
17.2115,-31.2351477734484,-216.832384083932
17.212,-46.3009466250604,-158.83511339935
17.2125,-60.4052014935617,-96.5938003056002
17.213,-48.7382811629485,-33.9459524720295
17.2135,-18.0279174096579,9.32102282510551
17.214,16.5070583028508,24.7046568737707
17.2145,46.8656674380139,24.8939853049162
17.215,63.435540800411,15.7100449989364
17.2155,58.4792559041632,-17.1779715648089
17.216,44.5137063990403,-72.9786142298817
17.2165,45.8570008476606,-109.68141635727
17.217,65.0854013109321,-84.923302301329
17.2175,78.5862902350004,-11.4498515852953
17.218,71.6243555496074,60.6288661809025
17.2185,56.5963761722879,109.328824688937
17.219,48.2738763917656,151.537851647004
17.2195,42.5443435596667,190.28720959319
17.22,32.8049247119373,196.201075961427
17.2205,29.6379871731582,156.585876951709
17.221,48.3721530338206,104.75144758413
17.2215,88.8986363730634,76.7643226893526
17.222,140.988217466734,68.5893326882894
17.2225,198.422774068594,60.5915808324364
17.223,254.023779205665,56.0009867666027
17.2235,290.303272913069,64.1341926568412
17.224,291.001229486292,68.7105077387356
17.2245,258.360549627571,48.9261072677235
17.225,207.972382604752,17.4686111810494
17.2255,150.872659078693,2.57055917151826
17.226,90.4071731525883,2.87378234166418
17.2265,30.8263578980732,-4.63118911111277
17.227,-23.0691086318993,-19.8222442257848
17.2275,-71.2807110042098,-20.6847352438307
17.228,-112.07093944673,-6.39210431172035
17.2285,-133.021801545095,0.698571617870221
17.229,-121.764400487708,-0.295126688289542
17.2295,-86.217630617963,17.6075668007683
17.23,-51.6474642652295,59.6952621723645
17.2305,-33.3444347021348,91.5145072773492
17.231,-22.0073006640864,88.7155736937464
17.2315,-2.38724593926497,72.0368002944287
17.232,21.23979184378,69.9959354489895
17.2325,27.3292295064645,75.4946304466699
17.233,2.35696788689508,66.5773846987888
17.2335,-44.5764728178953,46.9126634177208
17.234,-93.5111263628168,34.9589049444884
17.2345,-131.867542425297,29.3980062847204
17.235,-155.154251260712,16.9846018569065
17.2355,-155.961174408089,4.15126250814122
17.236,-125.357608769322,8.67420699388808
17.2365,-68.6323305370556,24.6870886694201
17.237,-8.31602036602942,28.7202275489167
17.2375,38.1421661432458,23.6430148430177
17.238,76.8963749238081,45.7377360898117
17.2385,122.225730830347,115.599945807402
17.239,167.282896897638,204.915367105108
17.2395,186.524826717877,268.380728171394
17.24,169.618473412527,292.886434550038
17.2405,137.653701554156,296.603610027553
17.241,118.469950601178,288.93299625598
17.2415,118.627790012023,254.625838914905
17.242,129.40011089348,183.219541579173
17.2425,147.89113217923,98.9573535988845
17.243,175.750683992216,46.9859701676879
17.2435,202.467763939115,50.8120397618769
17.244,208.324153346489,93.2810997871687
17.2445,187.583551134458,141.742451931985
17.245,156.431109440068,180.469412418505
17.2455,132.678319363931,208.206134832391
17.246,116.508212438945,213.307938000871
17.2465,96.6874793071598,172.787283598032
17.247,67.810178891609,82.1450023762033
17.2475,33.4219022503551,-29.4409056937903
17.248,-3.41587682762134,-126.110924569394
17.2485,-43.8853027606085,-200.485655553244
17.249,-88.1447232787839,-271.766531533475
17.2495,-133.184107880827,-353.762513156673
17.25,-177.384088009842,-435.629037407202
17.2505,-221.535236279417,-494.335281776182
17.251,-261.987673645856,-518.705879051685
17.2515,-286.927487204626,-517.758206498351
17.252,-285.133557710469,-506.072786769006
17.2525,-258.818211875952,-482.942558113593
17.253,-224.79848622823,-432.076000121986
17.2535,-202.172078821445,-347.10089121692
17.254,-199.633016163853,-249.793881240276
17.2545,-212.710067216369,-170.435227392046
17.255,-229.607191377792,-115.208875672906
17.2555,-240.372447655522,-70.8098584202249
17.256,-244.649028744628,-38.3821170691366
17.2565,-250.724002578348,-36.9317430304408
17.257,-263.076565672517,-66.6873829940097
17.2575,-271.975614576674,-97.6830355118317
17.258,-262.109609802103,-112.204268239851
17.2585,-231.798689452919,-133.339661884289
17.259,-195.182842956187,-185.179765756354
17.2595,-163.862431552773,-243.427994897304
17.26,-137.666396949951,-258.495569473206
17.2605,-117.805941752765,-219.935380898198
17.261,-113.592556328311,-166.091857786788
17.2615,-123.367554287716,-130.601006974645
17.262,-122.331863541458,-109.125829455519
17.2625,-89.6150392350724,-83.2817193395068
17.263,-40.6725093417966,-48.7235247424733
17.2635,-10.0007469687901,-7.70039373228204
17.264,-2.77120516575738,44.052086834303
17.2645,11.9471841456,107.845255687848
17.265,54.3622046956325,173.391658126346
17.2655,104.036765948456,231.908761594166
17.266,128.737805861461,287.583199085736
17.2665,123.720368387071,346.003001918581
17.267,107.15699145279,398.86672693291
17.2675,92.535232411281,427.640791464692
17.268,83.2101564697379,417.477239662135
17.2685,82.1888993737238,366.543517257414
17.269,89.0379694231243,290.867366837035
17.2695,96.510822541507,220.126925318452
17.27,108.244309598023,176.033720833766
17.2705,150.168902390986,153.251327917683
17.271,242.207691745624,134.69576040187
17.2715,363.403607545412,124.809546246923
17.272,467.322834479613,147.324537171546
17.2725,530.783021117194,205.087715308176
17.273,567.243441918265,265.832181472895
17.2735,595.498179700232,303.036913173309
17.274,621.285427858257,332.933484345965
17.2745,650.771110246048,390.904432081128
17.275,690.035557739047,480.828667157248
17.2755,717.991561155407,565.935908490089
17.276,688.182851145966,604.114054456376
17.2765,579.463020659995,576.557207387901
17.277,425.52801449791,486.666569291472
17.2775,272.515586225199,349.067131129084
17.278,126.172920950892,183.377380991413
17.2785,-30.5357717605619,9.11309965076763
17.279,-181.046209531981,-156.069372774383
17.2795,-273.575440718284,-290.729387378737
17.28,-279.806267047318,-369.167179235739
17.2805,-228.59626161677,-376.338233378502
17.281,-176.4318687466,-321.610216150476
17.2815,-168.348439520875,-233.246290767858
17.282,-230.613258432691,-145.749618219792
17.2825,-366.414066008201,-96.6626504295634
17.283,-534.963350783106,-118.287997367127
17.2835,-656.958092088363,-209.28618677134
17.284,-672.266965268445,-316.872170676849
17.2845,-591.245596047105,-371.091681261423
17.285,-474.989227245704,-349.205899918318
17.2855,-374.160560502096,-297.626033040937
17.286,-303.641495118257,-283.277662267643
17.2865,-262.914868542444,-329.639231808363
17.287,-249.026651552352,-404.204474273593
17.2875,-245.571586433673,-458.133722671872
17.288,-225.044721450934,-466.881741860768
17.2885,-174.674058345724,-436.043915218393
17.289,-106.413634512664,-382.097893189723
17.2895,-36.7014468332549,-316.36785547196
17.29,25.7803874129465,-244.211320122523
17.2905,65.8771338655059,-170.953510802733
17.291,58.9732563129612,-104.842723840993
17.2915,1.14054532084041,-57.11288834986
17.292,-71.3399759900184,-40.1250031952328
17.2925,-112.257187898027,-59.5664968850742
17.293,-108.588865269596,-104.761384641959
17.2935,-78.8152786570923,-153.184669013174
17.294,-38.3492283324224,-190.317301985184
17.2945,12.8924757933424,-217.18598696011
17.295,73.1559430582289,-230.363294133668
17.2955,131.051362260424,-207.807690771292
17.296,177.715404823097,-134.803021424473
17.2965,210.682871635371,-37.300818270358
17.297,224.172027680139,36.8795316340879
17.2975,211.668122117097,72.4964130430071
17.298,180.659744912762,97.0198741030123
17.2985,148.323775815099,131.152493038567
17.299,117.965251225946,159.675290884447
17.2995,75.6162163843714,166.402882588802
17.3,16.3187887998463,167.885438915739
17.3005,-41.8479241809801,187.276077040547
17.301,-79.0624700230676,219.069787645203
17.3015,-95.8255630424445,249.504255190681
17.302,-103.665669211614,290.413349535835
17.3025,-105.252928586099,355.387976377202
17.303,-95.2139829178222,416.66335982705
17.3035,-72.9362528652498,428.815419367851
17.304,-44.7461333585367,392.250913481909
17.3045,-18.6185837968005,352.799704846937
17.305,-1.50401727745577,338.046277604105
17.3055,7.01024338660061,336.657065888638
17.306,22.0215789198199,344.842524997808
17.3065,59.9276204088212,381.98528369454
17.307,109.851927432083,439.229565582631
17.3075,134.644696288487,460.282776992075
17.308,113.349237092211,409.098116931583
17.3085,67.4870316712908,320.95946591226
17.309,28.5550462480076,245.387613345493
17.3095,-5.59506346601671,167.377852447051
17.31,-58.6795197941108,37.1089204056798
17.3105,-129.875582067463,-134.11450123621
17.311,-187.224843303927,-261.333475657994
17.3115,-207.245519966186,-278.519821941271
17.312,-197.689898284414,-206.291457296387
17.3125,-177.035704826256,-115.836829687384
17.313,-152.329341865326,-55.4670051101188
17.3135,-124.819821992511,-26.1371253357478
17.314,-100.121556273124,-4.05150425092711
17.3145,-82.0769680267237,31.0780130046905
17.315,-66.6548641586505,76.7594717618514
17.3155,-48.9149313082252,104.355522990264
17.316,-28.0750483798869,84.5761012114875
17.3165,-2.41526408772778,21.9445322197117
17.317,31.6484211114759,-47.5789450742499
17.3175,72.8772335940827,-96.0555062243309
17.318,116.608087207755,-126.956586549534
17.3185,163.100448834229,-159.398721100083
17.319,213.02299829515,-209.78063850071
17.3195,254.545238265979,-292.416892758009
17.32,269.920587838129,-410.950078067673
17.3205,259.22916805229,-533.395342515055
17.321,244.529559117907,-598.528674466487
17.3215,245.636207220049,-571.815196670231
17.322,263.364177989026,-485.615126528422
17.3225,289.01688909193,-405.169673250822
17.323,314.65046726227,-362.500642311755
17.3235,328.246236208443,-340.231316017953
17.324,315.574170370713,-310.510120840495
17.3245,277.588346048802,-267.137687703943
17.325,233.595233776047,-221.07731123656
17.3255,197.772050803292,-184.853200701062
17.326,164.843265467607,-166.086481290388
17.3265,128.043218523492,-163.556116465981
17.327,96.2548504499884,-165.994114978439
17.3275,79.0760640176236,-162.439833940093
17.328,66.7520038331848,-152.037442966311
17.3285,41.7229127838937,-135.194542430261
17.329,3.33339226527736,-101.452353714426
17.3295,-33.6183933521839,-41.3720127561633
17.33,-59.3623502624134,32.1993308567557
17.3305,-74.282668404401,91.9553532025116
17.331,-78.6465641578275,126.987197447821
17.3315,-72.2082389590564,150.68831067608
17.332,-62.3334511392564,176.260137887878
17.3325,-59.2514267896041,201.947930843117
17.333,-62.6285889319922,226.271790402676
17.3335,-62.7051225368357,259.779711963135
17.334,-54.8958908487852,309.699034859116
17.3345,-45.6091376531426,365.996836677757
17.335,-44.7296560779367,415.943830244564
17.3355,-58.7560073940408,462.569470689274
17.336,-88.5950853211339,514.037888894846
17.3365,-127.986407828714,561.187942253771
17.337,-168.233957448077,581.582505180506
17.3375,-210.409097673315,565.258605145245
17.338,-266.417170719449,523.802847097483
17.3385,-340.421055992385,472.567241184445
17.339,-416.77784303189,414.72377713404
17.3395,-475.867510225219,346.154757537376
17.34,-513.845690765082,266.880208421376
17.3405,-535.333106569665,181.465623946608
17.341,-535.650836363187,93.3360369486779
17.3415,-506.814205998986,5.82337113350042
17.342,-456.355978227585,-71.6949566159513
17.3425,-402.890933686979,-124.798310933251
17.343,-353.813471135356,-145.96249583718
17.3435,-302.317053767967,-145.540024207471
17.344,-245.717374636974,-146.935442388071
17.3445,-191.386877313672,-167.490306760288
17.345,-143.613935545022,-204.787423944248
17.3455,-98.7459357687075,-242.52943858413
17.346,-54.3687822999766,-265.202935194011
17.3465,-9.55004430308959,-262.89338489103
17.347,43.9826106508169,-229.149219861802
17.3475,114.392206524573,-167.33004172144
17.348,190.770939686472,-99.4260680091395
17.3485,248.483108686739,-55.0048539446112
17.349,279.160590355562,-44.4956795956638
17.3495,300.077909317333,-51.1083248561124
17.35,326.918070256341,-53.3280529792905
17.3505,352.795573159724,-45.5836840937377
17.351,364.44934751001,-31.1402293450325
17.3515,365.531358218586,-7.54022283475694
17.352,369.8476176935,27.5616773011623
17.3525,379.218761236171,63.050279759932
17.353,380.87138851985,80.8384120938412
17.3535,363.266295391172,73.361874834715
17.354,324.891750125274,43.5858868257632
17.3545,269.484979026289,-9.10193813295188
17.355,200.289731161563,-89.3753711339523
17.3555,119.830048981056,-191.666795922007
17.356,33.6605820515977,-297.713082901756
17.3565,-43.8255465739775,-391.735956099102
17.357,-89.5202957072566,-468.357587738952
17.3575,-86.2764210818914,-521.86819791195
17.358,-40.2823271791895,-537.46604492067
17.3585,22.8407093366904,-501.229158021115
17.359,81.3120362503826,-416.19161794798
17.3595,130.642321497176,-304.344707465788
17.36,175.541497513354,-192.812478944307
17.3605,219.776359504611,-96.9256156380683
17.361,265.321068587703,-14.0481371667559
17.3615,308.726880156131,64.5773407841202
17.362,334.41420961039,134.080865587759
17.3625,324.233422875065,174.077002929268
17.363,278.996354226123,173.084070501327
17.3635,218.340188496954,148.45472141022
17.364,154.540478613937,130.535791515095
17.3645,81.569923050759,129.876839159657
17.365,-2.59953175128936,132.081679711779
17.3655,-80.7484943034508,122.596832701528
17.366,-137.362543974661,101.525821568689
17.3665,-179.81192237645,74.1485916386612
17.367,-220.539122832486,45.8525512701023
17.3675,-248.462378285695,33.1145844445032
17.368,-238.36825088706,60.9997352522314
17.3685,-185.314178559439,135.275963737322
17.369,-113.426544169269,227.438757334845
17.3695,-52.4225578347406,300.439674272095
17.37,-18.2227558128573,341.509849075086
17.3705,-12.4979685504275,358.306488643567
17.371,-26.528346008169,352.762080495447
17.3715,-47.5563151338249,316.329414201082
17.372,-74.5074351315708,247.828401407328
17.3725,-124.256803491323,159.162125590616
17.373,-208.005179520285,61.7304580130768
17.3735,-304.553208581375,-39.0890106697921
17.374,-373.754078677619,-132.589965464106
17.3745,-396.792637865307,-198.600199758802
17.375,-388.022283017958,-222.695443015742
17.3755,-367.118132095084,-209.797255817508
17.376,-337.263211067035,-177.354158967379
17.3765,-294.934114068154,-138.934100146078
17.377,-244.565739606914,-97.9449569423442
17.3775,-194.998637409217,-53.0573389109903
17.378,-151.780393754763,-4.35606866083356
17.3785,-118.174053492205,45.5371479503783
17.379,-93.8251412628186,93.3490078586403
17.3795,-69.1965490617865,136.307680818564
17.38,-33.0012553355899,170.594539052617
17.3805,11.0105972583353,189.663279861133
17.381,46.8237011021339,187.712356801305
17.3815,69.3808492145119,166.701381910742
17.382,90.7268831769125,137.113463941999
17.3825,117.210656075081,109.795789404753
17.383,136.908806551866,89.9173131111498
17.3835,140.736341844803,79.712916409725
17.384,141.56310827173,80.5981719255753
17.3845,156.792590079861,87.8394379429674
17.385,181.13765663221,88.6405495883869
17.3855,192.514450444425,72.1091881405232
17.386,179.606415922234,38.19518294839
17.3865,149.08696442103,-7.10175214828765
17.387,109.606934235371,-58.6468639589931
17.3875,64.3471758061013,-107.342927490018
17.388,19.5442797902724,-136.671271487424
17.3885,-13.7962747886893,-137.048078021877
17.389,-30.6413353850096,-120.103291958744
17.3895,-35.2399985829507,-104.956845070226
17.39,-31.7027639636734,-91.2198473409627
17.3905,-20.5092706845731,-60.4882529743903
17.391,-7.09163519032092,-7.35900922504836
17.3915,-4.10133310743208,45.6657557133469
17.392,-18.2167489134765,70.7754889693647
17.3925,-39.178531555312,60.5468813441571
17.393,-47.2743116758246,24.130235650112
17.3935,-29.8679924444606,-29.5940606293618
17.394,11.4280667930301,-93.2995656756768
17.3945,65.6850897685435,-154.617597736265
17.395,120.393635898814,-202.98022887164
17.3955,166.804352074007,-240.772819588013
17.396,202.952751843661,-276.097967396983
17.3965,232.452610825267,-305.628213000265
17.397,257.491323877324,-316.440704391392
17.3975,271.962792719399,-306.612098909941
17.398,264.440428067438,-292.305741777343
17.3985,231.148803399829,-287.133130825713
17.399,184.779917912348,-280.818796021904
17.3995,145.634114114763,-247.251644456287
17.4,122.096291024487,-173.744164567337
17.4005,103.864939447535,-76.5800143902942
17.401,77.5776958906096,14.8732999547735
17.4015,44.5687487382112,86.073797633899
17.402,17.1514995774756,145.085250442633
17.4025,0.467183043652207,203.315742661627
17.403,-13.5641055123658,254.817695865883
17.4035,-34.0446212509392,279.622764154822
17.404,-60.5414316699138,264.674891219082
17.4045,-86.1530106677032,215.557254112502
17.405,-103.862949424671,149.333193579233
17.4055,-107.541074056957,83.959619233361
17.406,-93.7729554106765,35.5766335475918
17.4065,-66.5575482253901,15.7556314218552
17.407,-35.2288766144026,23.3022750880955
17.4075,-5.6660171610639,42.4669136388226
17.408,20.7896082801976,55.5668079496092
17.4085,39.3248400624076,56.6025880941646
17.409,42.1770700774561,50.9983474786674
17.4095,30.6319512806353,47.1145673630645
17.41,16.371637540243,51.2601957013588
17.4105,4.92217130324629,64.0439785258723
17.411,-12.4009128779204,75.2977215569596
17.4115,-42.3174042382778,69.3384383320881
17.412,-75.7072589934071,44.192585501711
17.4125,-101.5380108478,19.7681506232121
17.413,-126.774488736453,15.2976616088247
17.4135,-167.817967475403,22.8338131622871
17.414,-225.033152612726,18.0693927967644
17.4145,-279.422766576771,-2.9248499350572
17.415,-314.744666001087,-15.0324107667447
17.4155,-331.179864907297,2.42508343832046
17.416,-335.668934439836,39.8197087307619
17.4165,-329.860794374094,74.6711056103503
17.417,-312.166606971803,99.1084066796396
17.4175,-284.560461337132,113.130139652072
17.418,-252.556076850203,102.688549900258
17.4185,-220.853307177973,50.53650580587
17.419,-189.559453321437,-28.9321341796858
17.4195,-152.910228637662,-88.2630722583477
17.42,-105.138326728743,-92.4787854264568
17.4205,-51.6728415440752,-54.2204780555228
17.421,-9.34488152134773,-13.8763647096549
17.4215,11.4890012248634,4.21476898469253
17.422,20.4370682443293,4.10085023219651
17.4225,35.0575197087834,-2.2521492821187
17.423,60.9325897966539,-8.26009461101328
17.4235,93.0233673668724,-5.94943640678265
17.424,129.219442614341,16.0608294182129
17.4245,167.300103318542,58.8135319549483
17.425,192.86676753962,105.750792728344
17.4255,189.505257664552,137.094810943806
17.426,162.923168898584,147.631549857089
17.4265,137.278972640258,145.581742336814
17.427,122.538729627654,138.22082318824
17.4275,102.102623985148,124.235405023016
17.428,60.4206190556183,98.1604916729146
17.4285,7.48366890382508,57.657043742503
17.429,-34.410433897274,6.78439664326342
17.4295,-55.1749377469873,-45.507300233796
17.43,-56.4709871483397,-90.6606954347436
17.4305,-38.0975183257476,-125.021993793412
17.431,0.388785698422754,-148.160607143021
17.4315,50.1038114419905,-159.088549126842
17.432,98.3349095472967,-159.544815395295
17.4325,143.448320779924,-159.441191708352
17.433,197.688165219575,-169.191263087721
17.4335,276.455537095699,-183.551537368172
17.434,385.839315091657,-183.726713197415
17.4345,512.321668492611,-163.035442924595
17.435,621.286246444972,-140.677471182906
17.4355,677.599058435393,-137.687243826982
17.436,676.476049652876,-145.082011093968
17.4365,645.469134064085,-130.646683918124
17.437,609.746754706237,-76.7695072050925
17.4375,567.85990706257,1.57641395102014
17.438,509.566597289333,77.1794130539589
17.4385,438.655890538843,134.282190428235
17.439,358.919216515645,167.024479008069
17.4395,251.666058215633,168.514837849154
17.44,93.675975196643,133.792103265848
17.4405,-105.745816986774,69.2525169392705
17.441,-307.978713238297,-8.27866369184934
17.4415,-483.530113699057,-78.8347402591025
17.442,-625.197737871662,-123.107970387021
17.4425,-724.830283118412,-128.466014780636
17.443,-765.992118456965,-100.700577337962
17.4435,-749.488826479763,-64.7763233889095
17.444,-702.720598350165,-43.6824846213194
17.4445,-649.909659408698,-37.3678366455743
17.445,-591.462023498598,-29.2231835982005
17.4455,-526.125112121623,-10.4739804067679
17.446,-473.031648582788,10.8731580430134
17.4465,-449.545318562278,24.6065974126583
17.447,-439.417033379351,31.8118761610955
17.4475,-406.529124905569,40.1474332384641
17.448,-335.601271206616,52.320214702292
17.4485,-239.558012623185,64.2759676296999
17.449,-131.973889191035,71.4448065925746
17.4495,-17.6175875504051,71.9389736162003
17.45,86.7744116431206,64.0705442909105
17.4505,149.379362847597,44.5260085001874
17.451,158.007178808574,12.0098299565153
17.4515,143.225351064347,-26.3262894627905
17.452,147.785360243943,-53.7603743572092
17.4525,178.1977207406,-53.0911923901609
17.453,202.573367951021,-19.4225396694075
17.4535,194.280447564315,36.1290530774257
17.454,160.126906469921,94.7165212033581
17.4545,120.127283745668,139.579079749716
17.455,75.5320000053491,159.366366838809
17.4555,11.9041227882959,148.495931863766
17.456,-71.9722447163381,108.655311947376
17.4565,-154.144517837943,48.7836798096043
17.457,-210.846033181416,-16.5897914701259
17.4575,-235.829869924871,-66.5371041208342
17.458,-233.125103741234,-75.9918983519946
17.4585,-201.885171074203,-32.0926899073077
17.459,-140.15700972148,46.3096614433818
17.4595,-58.7605256507818,116.223150721573
17.46,22.1264699560692,147.109571884662
17.4605,93.0765487268015,143.4573497912
17.461,163.640911277085,124.202874126616
17.4615,246.242530527538,92.5182666095322
17.462,336.882919564548,43.0245300099733
17.4625,415.873594807752,-9.13272185047913
17.463,465.194453795127,-31.8662311476096
17.4635,482.431720710454,-15.4315673048183
17.464,478.661572792796,9.84631532111548
17.4645,463.875549681686,5.34161387868044
17.465,435.36615277614,-38.4763789579407
17.4655,383.764651078117,-104.487815574895
17.466,311.905813324953,-174.001939799994
17.4665,240.955903966734,-234.359380246872
17.467,190.362337839372,-271.190263743786
17.4675,156.017770899446,-272.853460034665
17.468,118.358500226442,-244.128724812193
17.4685,70.0729685751346,-202.717107016666
17.469,23.6199844633684,-159.316081012037
17.4695,-9.63027545370704,-109.996220459719
17.47,-33.8023435483361,-49.2732451507321
17.4705,-56.4605132096888,19.5090460623159
17.471,-74.9868216741413,90.1928055321393
17.4715,-84.8675550818363,160.515742210121
17.472,-92.2296157367407,226.331895629441
17.4725,-106.401045882258,275.840690079972
17.473,-125.664427723671,297.520051513124
17.4735,-141.860618849754,291.005733899875
17.474,-155.331182927824,263.959726349543
17.4745,-173.187607260437,220.994728875765
17.475,-193.794620211037,163.562551801024
17.4755,-204.912436144118,100.494116595576
17.476,-199.672431228667,49.3292336731157
17.4765,-185.225904781373,21.3931646694413
17.477,-172.477947959666,9.54605097423524
17.4775,-164.941879201616,-4.02830376148705
17.478,-160.926201719303,-30.0931949803272
17.4785,-158.682948830786,-66.7041900840736
17.479,-153.401928485268,-107.077805847199
17.4795,-135.005531786988,-143.255984959434
17.48,-97.4426330105097,-160.72626535415
17.4805,-49.5717701889739,-141.174307850215
17.481,-10.4408098107127,-81.2296036968991
17.4815,8.21446316259369,-5.18980604737795
17.482,11.2840870396274,50.8843285362408
17.4825,10.5156784930136,69.4865708501402
17.483,9.30250634384007,60.750091723797
17.4835,1.65745260797049,42.2022334511014
17.484,-15.3041519270671,18.1271521743821
17.4845,-34.6953227150901,-17.9585765626217
17.485,-48.7126648449484,-68.4176368543915
17.4855,-58.5617419955611,-126.05689223728
17.486,-69.4303814550046,-179.762863096639
17.4865,-78.9563618415604,-219.267057769427
17.487,-78.6295235602193,-236.66257635225
17.4875,-66.1434252667672,-230.131376328526
17.488,-48.8789429138442,-206.920998880686
17.4885,-34.7694102104639,-177.852456743073
17.489,-27.0991046660383,-147.704251741592
17.4895,-28.1266258622155,-114.626042474075
17.49,-37.8717724562497,-79.5819196687663
17.4905,-47.6268806705699,-51.2230097618204
17.491,-46.4624502261031,-37.8499340380432
17.4915,-38.6457471949031,-37.8843712129177
17.492,-41.7987973958151,-43.3992291000367
17.4925,-60.0937067258908,-51.833479626425
17.493,-72.8286070961374,-67.429051779982
17.4935,-61.8369798641741,-88.0900744798499
17.494,-37.4369123875303,-96.859143983885
17.4945,-19.3352221891564,-74.449084713282
17.495,-1.15468807800413,-20.0878693024252
17.4955,42.1050444464095,46.4354044399673
17.496,111.436501778844,104.289663236135
17.4965,172.236727952293,146.434369501664
17.497,194.19158200763,173.744968332893
17.4975,185.931398446386,185.176690262881
17.498,178.31110653632,182.604207473821
17.4985,184.4070806298,178.304491026313
17.499,188.806002300983,184.883717633866
17.4995,171.901999725446,198.709192259347
17.5,135.129738599882,204.061055695926
17.5005,102.221631470096,194.0781592706
17.501,98.3381988479694,177.002413673709
17.5015,125.987408444484,160.534930212256
17.502,162.150819433219,142.517966271012
17.5025,183.553445567316,121.959687890865
17.503,190.608551480911,107.090248441567
17.5035,195.99736443824,103.571386508798
17.504,194.262537269209,103.765081937803
17.5045,163.291359248432,97.7846085814048
17.505,102.180530823115,88.3195413094929
17.5055,47.2636491472166,83.8114721649232
17.506,34.1672588689071,82.4064903842254
17.5065,55.4896229879822,74.6614738195035
17.507,72.2628251187044,58.9901008127767
17.5075,58.5745113378084,41.8225070548508
17.508,17.057798315039,23.1181309385998
17.5085,-43.3823456080096,-5.40137104312732
17.509,-122.179051895591,-44.7941352933188
17.5095,-215.172687606511,-82.614259063956
17.51,-305.887147874626,-107.192760639137
17.5105,-378.217323652168,-120.738557898503
17.511,-427.831584091125,-133.656991145883
17.5115,-453.816527441807,-151.413248288535
17.512,-448.869627832586,-170.370955693879
17.5125,-409.055369870676,-181.84077042545
17.513,-349.626973693199,-178.682286306542
17.5135,-299.646550834777,-163.934450864266
17.514,-276.069353162087,-153.867724085599
17.5145,-266.181999666207,-163.909181279338
17.515,-239.174887062445,-188.095506747872
17.5155,-175.215249407363,-200.765154791752
17.516,-81.0340994910356,-183.177628071515
17.5165,23.4463178847444,-140.32727289889
17.517,128.327464901084,-86.8839644618215
17.5175,236.21080332949,-28.0271996538708
17.518,343.443043853515,35.405664662326
17.5185,431.243181158177,92.6824100549653
17.519,482.709489935513,130.389034801427
17.5195,500.978407258813,151.062418359024
17.52,501.461524001781,168.658551705521
17.5205,490.872455920598,183.396525549909
17.521,463.251925551727,175.784698146446
17.5215,413.345478150959,132.381467224311
17.522,343.721873371455,66.4695910353893
17.5225,259.662488901887,4.16014831563708
17.523,166.293392661421,-42.7747309269039
17.5235,71.1476683670503,-80.685756011019
17.524,-17.4674073417062,-115.300279319288
17.5245,-93.2314121392866,-140.050684167545
17.525,-146.100680551669,-143.987587106099
17.5255,-159.229464968107,-123.650454730749
17.526,-125.261293375524,-83.6553793650675
17.5265,-65.432771224144,-29.1475594438097
17.527,-19.0632975190854,38.7587567140459
17.5275,-11.9915469945541,119.400289540331
17.528,-46.5000356524252,204.493666788821
17.5285,-119.166490940488,275.442042925711
17.529,-226.190396602255,313.672677741108
17.5295,-343.808692391247,316.297277629422
17.53,-427.568774494989,296.756521626726
17.5305,-451.836469376642,264.580224116244
17.531,-437.850752221649,208.939378657066
17.5315,-423.046359664512,112.756786604454
17.532,-411.88439532068,-14.7815456462271
17.5325,-378.980558772751,-129.738482965683
17.533,-315.395237492867,-186.786061510999
17.5335,-245.522389212906,-180.388744122183
17.534,-193.318466703315,-147.996804042434
17.5345,-153.946180614614,-132.655406013909
17.535,-109.274124319023,-145.802494930958
17.5355,-54.7125572158896,-165.713599801081
17.536,2.00097585790151,-167.193485031322
17.5365,56.4004713818359,-150.360001893777
17.537,108.003505465284,-141.927429077785
17.5375,153.345863644784,-168.146076224127
17.538,191.008796126837,-223.636596596627
17.5385,228.510542771662,-267.960513117073
17.539,272.948678319077,-259.983530862876
17.5395,318.535953085412,-199.81916475503
17.54,353.412857346308,-131.87787964534
17.5405,374.843359916588,-100.669266306297
17.541,387.232714723926,-107.462516340007
17.5415,389.352781838609,-117.64899440146
17.542,376.586970560294,-105.764317487293
17.5425,354.178802137983,-78.8484248127719
17.543,333.999878195883,-53.3527594495877
17.5435,316.238634723267,-26.1270976066265
17.544,287.467968171586,18.3078954736353
17.5445,240.608715345131,80.7932427142275
17.545,183.879612582188,143.252229592642
17.5455,124.140724861354,187.795457583158
17.546,54.7134489121954,205.550332635369
17.5465,-29.7328200828297,188.554740569404
17.547,-115.66819695142,131.192261935402
17.5475,-179.662891705227,45.8112490681014
17.548,-208.685731138929,-36.6221912122329
17.5485,-201.795348590295,-89.3218867245157
17.549,-160.431324366242,-104.431816142477
17.5495,-92.943101084081,-82.996196550301
17.55,-25.3858714960065,-26.5643342160176
17.5505,10.3220775144478,52.6939114853926
17.551,4.2571485501764,130.292027188631
17.5515,-26.3017962404713,192.545859685577
17.552,-62.3571599986977,248.904810850959
17.5525,-102.127272352506,307.06089173639
17.553,-150.284428924442,351.486765777792
17.5535,-201.931159943495,367.845745169764
17.554,-248.398356666004,373.903260109344
17.5545,-291.291167415791,395.457915621834
17.555,-338.48618066024,417.942375565409
17.5555,-388.092485486574,396.869484301579
17.556,-425.908077766416,320.069855259791
17.5565,-439.435820211505,226.745423327785
17.557,-428.120956128018,156.622154951624
17.5575,-399.283420880585,113.794509573136
17.558,-359.328633559234,93.4018181181668
17.5585,-310.187762747239,104.217272422925
17.559,-250.440751002672,135.458437765091
17.5595,-178.453047458391,133.256094527827
17.56,-97.3166698182075,51.2009349537932
17.5605,-18.9266935418435,-90.885475812155
17.561,37.9477062558974,-234.228667234044
17.5615,57.2368308584834,-353.363613989844
17.562,38.4502951991914,-462.398662497812
17.5625,3.51848297915551,-560.191345320188
17.563,-12.6109061692043,-618.359842536755
17.5635,13.6226323298919,-629.905352129053
17.564,75.7344441862615,-624.791121155917
17.5645,145.882573970306,-619.704219784137
17.565,203.287881090301,-588.670623191979
17.5655,250.417477575359,-505.868913859542
17.566,301.430528373543,-388.485934275378
17.5665,362.374444731652,-272.501568763556
17.567,427.213586570941,-168.840947617779
17.5675,488.019087468044,-68.0106766085846
17.568,543.082297367719,31.5174859028074
17.5685,596.048975825881,125.879877735847
17.569,648.811759647156,221.684077595347
17.5695,693.155659000448,322.677731366495
17.57,711.121485677488,410.288170114732
17.5705,690.647352609873,461.194914211385
17.571,640.091731211897,476.582470897355
17.5715,576.449071626727,473.022315385826
17.572,497.94379115934,453.778604305218
17.5725,384.111137758716,411.662298511258
17.573,230.939216065441,350.511677831545
17.5735,68.8527117575315,277.423522521885
17.574,-70.1565829014828,180.682731555158
17.5745,-189.104761352051,45.6317232222304
17.575,-306.811912415634,-107.4401849374
17.5755,-410.766983964645,-229.399582162663
17.576,-459.857212151318,-290.504820331744
17.5765,-440.292328973523,-299.386739988072
17.577,-393.054609757629,-273.807890944583
17.5775,-370.962512424035,-222.553110073429
17.578,-385.67266495389,-163.343807112974
17.5785,-413.011509853826,-126.213278184847
17.579,-436.486566041875,-119.526549083221
17.5795,-463.895950121537,-114.477647612399
17.58,-504.570655020853,-83.0262047022241
17.5805,-549.027452146282,-34.8477445101984
17.581,-575.313173047731,1.45899115583428
17.5815,-565.651479240234,18.370867438493
17.582,-515.568555648296,29.7373050684751
17.5825,-435.982529237977,41.8735397436851
17.583,-348.476472263219,46.1505989951451
17.5835,-270.441804605084,36.5836694460767
17.584,-201.774435159021,17.5915302219764
17.5845,-132.009806077209,-4.21378547070041
17.585,-61.6421091440406,-23.206069324287
17.5855,-7.75619175639765,-32.5132634746461
17.586,16.2086253056047,-30.4488422407041
17.5865,18.7009100698892,-27.0903742598671
17.587,20.2639409519405,-34.8386586523377
17.5875,30.4934368911354,-54.9538384107146
17.588,44.6600881273559,-80.3416654278588
17.5885,60.7053524044092,-105.37926773968
17.589,85.6394859123375,-124.386322740487
17.5895,120.289150855594,-128.120955572951
17.59,151.132575561653,-113.203493253995
17.5905,169.655260338275,-89.0498475781214
17.591,191.533594255354,-64.5707161173064
17.5915,240.409247238466,-34.4106041541584
17.592,315.350798507404,10.630505571765
17.5925,391.745208447766,67.5986551727189
17.593,455.106877787422,128.936205014961
17.5935,513.334685392357,197.148790863607
17.594,567.949269132198,275.199392696351
17.5945,594.609367018865,349.366192488411
17.595,568.491731238403,400.621624034223
17.5955,493.19182778332,427.782236992723
17.596,386.372604040876,438.625508689731
17.5965,252.875674143609,422.900203090117
17.597,97.7935684678273,361.088754250069
17.5975,-45.3847447551367,262.720143491067
17.598,-134.214100605219,168.501344982605
17.5985,-167.976931926211,103.591284925199
17.599,-190.572968754134,50.9682998416804
17.5995,-235.984681093595,-16.3309172219414
17.6,-295.87706741124,-97.1995676060184
17.6005,-347.422149921433,-172.085524219156
17.601,-382.136955994116,-231.159092397637
17.6015,-390.525859477577,-271.401259848522
17.602,-347.762655618257,-278.482172866585
17.6025,-244.75296880342,-236.716298442076
17.603,-119.296780949238,-156.415164494701
17.6035,-28.2088270028458,-74.3438441440709
17.604,7.5970911691324,-24.2099430926664
17.6045,11.630152997188,-13.2724757907446
17.605,12.9768652121915,-22.4032971609517
17.6055,19.5155209277809,-20.2239235495925
17.606,25.7225698993808,14.424532015967
17.6065,26.8096874478637,70.655809228163
17.607,22.7650931860797,111.659897050952
17.6075,18.8842899271273,114.435075658625
17.608,18.4654876047385,94.5261413035055
17.6085,6.72037339991204,74.7397023388972
17.609,-44.5199547099311,39.3841657287408
17.6095,-138.07044875328,-52.3551851700486
17.61,-229.230534505659,-203.970442149664
17.6105,-266.472105945912,-357.926020603226
17.611,-247.646060715303,-447.357230767729
17.6115,-210.890322585004,-455.922281678817
17.612,-176.305565524191,-415.668506453025
17.6125,-128.884372202509,-362.550010325042
17.613,-60.6208648958544,-312.254831240765
17.6135,6.20166331892688,-270.008085695553
17.614,51.8730463549785,-240.984019759383
17.6145,87.4205747131983,-225.371378956294
17.615,131.878608958521,-214.156183215749
17.6155,182.736831160101,-195.647918585559
17.616,226.923652544179,-163.035100311737
17.6165,262.512739754903,-115.796389974712
17.617,289.978201806256,-58.6337490028602
17.6175,297.063271787915,0.771070099469761
17.618,272.89641241809,57.0675510905197
17.6185,226.850941037643,110.459501753335
17.619,176.296325309769,162.164937691851
17.6195,126.698602953188,209.318533091367
17.62,80.5772030912746,249.347292107124
17.6205,52.0080635607492,286.921919961694
17.621,48.6873788059242,328.38193173707
17.6215,48.9258322060409,367.617351956602
17.622,23.2041141816366,385.341163464154
17.6225,-23.3292180060858,368.659071759766
17.623,-54.2233067411478,328.326553449219
17.6235,-49.1912473868854,290.367044961857
17.624,-25.8249660220019,270.11446422773
17.6245,-9.6307235709589,258.654277007662
17.625,-3.93083617921023,236.153178909468
17.6255,1.5475785567401,195.284869660572
17.626,10.0368741911428,149.790339045249
17.6265,17.8448625541405,123.525751213256
17.627,23.1486525224147,134.192961988594
17.6275,23.2126631610728,182.729183626267
17.628,10.3279853320148,248.664015878332
17.6285,-20.3076506686674,293.838996042253
17.629,-62.9680974206774,281.293166147632
17.6295,-106.394942165543,201.954069510996
17.63,-141.501360333698,83.4170619843052
17.6305,-162.521994896324,-32.2216416130292
17.631,-168.801891436171,-118.343706660644
17.6315,-168.091264335657,-170.712290580232
17.632,-168.714307872843,-195.515689199302
17.6325,-164.776114729946,-205.566310890504
17.633,-139.115049679256,-225.092032075166
17.6335,-86.3285776120153,-276.863454650359
17.634,-23.8811203581949,-353.886476947779
17.6345,25.2004858346262,-418.225535155715
17.635,52.1758634774122,-442.154479881514
17.6355,61.0146079945321,-439.910773306759
17.636,59.103437821085,-441.379207904043
17.6365,58.1120040302164,-442.716479241268
17.637,72.9994221168214,-408.080462562903
17.6375,107.235469054731,-323.0793428815
17.638,144.236055534306,-222.149445645627
17.6385,163.725194935625,-149.878786433506
17.639,162.438767996817,-112.11696765913
17.6395,150.901905717078,-80.9940470927004
17.64,136.611448393502,-35.0258494418837
17.6405,120.414610114341,25.1609249159584
17.641,102.788681491438,92.4101440966054
17.6415,81.4263911488816,160.684474696261
17.642,47.6023463004992,216.010712690839
17.6425,-1.62814309394619,240.786451031842
17.643,-50.7406878119807,236.311269454328
17.6435,-79.3483720850956,228.873557785483
17.644,-87.7051809396962,245.103599405005
17.6445,-95.1800882459058,288.228785924972
17.645,-113.227654192787,341.739492923091
17.6455,-134.04013751054,385.900916439938
17.646,-148.097795755966,405.053067577139
17.6465,-158.1303536972,389.246876432982
17.647,-169.781578905391,338.609887341092
17.6475,-180.818080749381,262.753477066694
17.648,-187.242431163981,172.343390444179
17.6485,-190.873856099843,76.4292747256082
17.649,-194.089095366036,-12.8113772474795
17.6495,-195.251593458342,-86.1114061684286
17.65,-195.268989985948,-152.347359158699
17.6505,-199.584270570101,-232.331228505696
17.651,-206.078620136018,-327.264119773197
17.6515,-199.385794702512,-407.099602113644
17.652,-167.089067789332,-443.589795852494
17.6525,-116.967644934863,-442.517078730105
17.653,-69.8633419823161,-426.943744648817
17.6535,-38.1974362882776,-400.186424596167
17.654,-17.1294029706548,-347.210937858258
17.6545,6.68897960878785,-266.499065693933
17.655,42.30254989644,-176.465665552822
17.6555,85.9466493869708,-90.0355335121218
17.656,121.312665772455,-5.21159845477998
17.6565,133.556937366953,75.434276821311
17.657,125.872192405846,137.403968602173
17.6575,114.578799775569,174.436701342217
17.658,105.709607135342,198.250752929311
17.6585,89.1761773342768,218.786633598792
17.659,61.9726841492589,229.56499337953
17.6595,40.8590452892996,221.81492652826
17.66,39.0595873129034,199.373995696135
17.6605,45.5758785431782,170.14374767045
17.661,46.2959750980723,135.887559395453
17.6615,52.6254197091453,100.321941160879
17.662,83.8994639718416,74.003345152808
17.6625,128.501414297406,59.4005936646773
17.663,152.652801443029,43.1407313710254
17.6635,150.634943332432,16.2833641694092
17.664,157.634954907521,-7.78218270494179
17.6645,202.660149785483,-9.11328263860902
17.665,273.340378508998,13.8507839576301
17.6655,340.820061303137,48.1815231628069
17.666,395.541719964924,85.9423059341341
17.6665,437.293028082956,123.929453704261
17.667,448.224395364054,150.755881603449
17.6675,404.475657012356,152.039515555503
17.668,311.162711466096,127.738538488792
17.6685,204.406709356313,91.7329812723128
17.669,117.492723215502,56.3472425790461
17.6695,58.8138915927518,28.4250272453265
17.67,20.2889277333992,15.4619319940284
17.6705,-9.48802811644798,20.0297276179017
17.671,-41.8664509246916,29.328907517727
17.6715,-82.3973518498544,24.7007250286432
17.672,-123.16794121068,2.12462986974055
17.6725,-150.656107689488,-28.3616621054719
17.673,-163.871003388876,-61.0313342168652
17.6735,-174.528580871389,-96.4254293023426
17.674,-186.009490775265,-124.596379814776
17.6745,-183.063157704934,-124.648159305734
17.675,-149.859042487888,-88.9979189826468
17.6755,-92.260920697089,-36.1802500423976
17.676,-35.3664070605668,8.51573185179867
17.6765,-1.6881323206009,36.8082834387352
17.677,3.47514680689587,55.4188615076232
17.6775,-12.8482586640314,68.1225177677132
17.678,-44.794904403106,67.9919496067498
17.6785,-92.8188257867618,44.7134256219964
17.679,-156.024722500806,-5.4163047687171
17.6795,-224.048590305663,-75.7419980008131
17.68,-282.216582149174,-153.049527666448
17.6805,-323.908913027111,-224.201219545843
17.681,-350.510401050838,-276.957310697281
17.6815,-358.366421747759,-295.900447565146
17.682,-336.840980707401,-268.145187928135
17.6825,-285.855036976829,-200.614060949472
17.683,-225.019463510577,-123.279918506323
17.6835,-174.250025302472,-64.4352781836375
17.684,-132.725044431943,-28.7216075753686
17.6845,-90.1561069667599,-9.58500782643996
17.685,-52.8678181675092,-12.5703075600586
17.6855,-40.9016886131454,-46.8899508416437
17.686,-58.2026342780776,-99.108262126518
17.6865,-81.7191482902727,-138.453837293313
17.687,-85.541313470965,-151.357143696671
17.6875,-64.1922327729936,-151.669129084061
17.688,-27.5961291897273,-153.271008012368
17.6885,14.3439070590178,-152.148594303847
17.689,54.5070057528839,-140.352031374554
17.6895,86.8485429153433,-115.874922203233
17.69,112.569841053402,-69.585158438484
17.6905,141.716640459014,14.6408131531272
17.691,178.884850989064,129.714602453739
17.6915,211.253373113989,232.596000899464
17.692,219.877258871146,282.371203946986
17.6925,201.039378383151,281.877830827031
17.693,168.636652736331,264.790864274859
17.6935,136.409109733095,250.587488262754
17.694,105.838332969543,230.946431836944
17.6945,73.2278353125855,195.003178267617
17.695,41.531789955145,148.006498083295
17.6955,19.6706359500619,103.371960784876
17.696,12.7445640998791,70.4597996237369
17.6965,18.4715634041292,53.1337334002875
17.697,33.5508039018533,51.0529615503641
17.6975,57.4676874093857,60.4805957677278
17.698,85.7961435743955,78.992516564123
17.6985,105.191052167681,106.949224743471
17.699,104.452502922874,139.072318572079
17.6995,89.6792368391257,160.96414589466
17.7,77.4792101369193,163.979331461094
17.7005,70.6986389275394,159.732656200438
17.701,53.4822076522241,168.874109500496
17.7015,16.973688735399,195.525769126504
17.702,-23.7756790512735,220.306795842939
17.7025,-50.646851857104,218.599764606291
17.703,-67.760440459027,181.764559581671
17.7035,-88.5294795979399,123.600809315052
17.704,-106.960572011003,69.3174551483255
17.7045,-105.0692915535,32.2429936518898
17.705,-86.2673660416447,-1.67704584801262
17.7055,-75.9423423924563,-56.2883817723427
17.706,-83.1757990333497,-127.137871878466
17.7065,-84.5814039560806,-175.96881271511
17.707,-57.1051811747918,-176.020564205738
17.7075,-8.30839915655776,-149.291597850101
17.708,39.2433028200158,-140.138009955047
17.7085,77.8991116888509,-161.003563962186
17.709,112.972359206141,-185.561770062573
17.7095,142.153048528619,-190.316173327488
17.71,154.696898052531,-179.173953389252
17.7105,146.765095676626,-166.043258767191
17.711,124.021059307397,-156.231944881843
17.7115,91.8529985184963,-151.624085845684
17.712,53.870438752115,-155.057049648379
17.7125,17.3825540088176,-160.148034857106
17.713,-9.31634031553003,-151.404302251607
17.7135,-23.7611573546731,-124.07772734585
17.714,-27.5047848279581,-93.3567044037551
17.7145,-21.8601922295974,-76.7878624833912
17.715,-11.667681127701,-77.5547927690378
17.7155,-7.21162692829599,-90.7270072805685
17.716,-13.7239641087011,-114.589288811648
17.7165,-22.7651006612871,-147.72652675273
17.717,-21.2557857295971,-183.312834786906
17.7175,-5.59072384732537,-213.156293692542
17.718,18.2042556914766,-231.128308514673
17.7185,42.1256439449119,-230.099038391791
17.719,58.0143968993255,-205.83698861395
17.7195,59.4227767700167,-167.956452364809
17.72,49.9829011974874,-134.907456686947
17.7205,43.7125861409647,-110.976020406714
17.721,49.1370725816359,-78.9261374249368
17.7215,59.1438856647534,-23.7467013197259
17.722,62.957082974313,45.7014074997072
17.7225,59.0812956484564,107.685895868512
17.723,48.0327678754541,152.236826181764
17.7235,23.4563359916356,185.525743565226
17.724,-16.3731542818862,216.012979540785
17.7245,-56.8229539789421,245.441677051904
17.725,-81.4440076462513,269.523966805986
17.7255,-92.6786656433359,280.177995576314
17.726,-104.832826529488,270.287279784489
17.7265,-122.466411115871,241.611246298531
17.727,-139.596276778079,205.002266826808
17.7275,-153.826714668106,170.41537217744
17.728,-165.247883523523,141.726352567577
17.7285,-166.38456805675,121.21221721512
17.729,-150.330775318032,108.400836464737
17.7295,-125.373251736353,91.7724559931093
17.73,-104.361135975637,55.7068092778053
17.7305,-82.828757258314,4.47028393663828
17.731,-46.4369962253016,-32.2616457070484
17.7315,1.86335888053986,-29.0948284691903
17.732,42.5395162177883,7.64927228447724
17.7325,67.5173463125305,51.3417073191087
17.733,86.0442184476294,84.6583739977014
17.7335,99.7905911600062,106.939411338667
17.734,94.9541071857234,121.714868447254
17.7345,67.1726519587218,132.364721573694
17.735,34.0387721171521,145.95807750352
17.7355,11.6319187362378,167.064974367157
17.736,-5.61649321374144,188.344668560825
17.7365,-31.5475457487312,197.65974612419
17.737,-69.3003559873485,192.841974683076
17.7375,-114.998606485107,179.718836329397
17.738,-165.182708757419,157.896639330932
17.7385,-209.166249806297,119.687404639091
17.739,-227.194058262726,64.2229712830621
17.7395,-208.2851781014,4.93085730209661
17.74,-160.048178564704,-38.560129637172
17.7405,-93.2414278647211,-53.5248009139873
17.741,-11.0408390672614,-43.5393602589414
17.7415,76.415892460069,-29.1460512462873
17.742,143.667751970317,-33.3233017462572
17.7425,171.745392366226,-61.4281196846486
17.743,165.561662799495,-102.428893130347
17.7435,135.119471022623,-152.273236646062
17.744,75.5074639858057,-220.112359975287
17.7445,-12.6138178920957,-300.758667701035
17.745,-95.0515630678476,-359.248751917325
17.7455,-125.56995768761,-365.210932545239
17.746,-95.8208672066052,-333.105536877106
17.7465,-42.0222435027513,-303.885630287843
17.747,-0.29105340063561,-290.227480738734
17.7475,24.6619784212538,-264.905045730329
17.748,44.5858275715782,-205.38230362962
17.7485,65.320521799595,-125.468445298275
17.749,90.2331582316286,-54.3554685357752
17.7495,127.413989003379,-4.19683996646239
17.75,176.865913700339,29.5183922753919
17.7505,219.594224471421,49.4618762438353
17.751,234.304783575897,51.4757195101858
17.7515,221.63338870794,32.1287289799617
17.752,200.820161796205,-5.34014591586276
17.7525,184.825933888351,-48.1554801271717
17.753,170.027910831075,-77.2847140017442
17.7535,151.312049895778,-83.158235821126
17.754,135.696847261423,-77.9031010788484
17.7545,133.37794745347,-79.9981671960939
17.755,141.222866501233,-86.910957726322
17.7555,145.184654706632,-77.7283917530194
17.756,138.759058841826,-44.7411107093896
17.7565,128.89815797186,-6.19059744132343
17.757,119.714868917314,16.6931185394429
17.7575,101.424560464669,19.6371047416305
17.758,66.3690597325134,7.8129462891406
17.7585,27.7977439796388,-13.8334210903724
17.759,5.38750363371897,-34.5631201104407
17.7595,-6.53060618296042,-38.6316926159948
17.76,-36.4415853404812,-22.6745436184391
17.7605,-95.1964663274675,0.563388145817656
17.761,-156.662983677636,23.5070759429174
17.7615,-190.819193840643,53.5205293755365
17.762,-200.269475650871,93.2253819175964
17.7625,-206.957543676717,129.445521909985
17.763,-214.886494375466,154.508500781287
17.7635,-207.944741111705,180.657446059877
17.764,-179.978921246849,216.481200419127
17.7645,-145.118601730368,244.69885423676
17.765,-116.659540506618,243.672575935261
17.7655,-94.3254701945873,220.076320558159
17.766,-76.6837089453643,200.093792888115
17.7665,-69.4651909990264,195.812454946285
17.767,-74.4601663467687,198.472885889651
17.7675,-83.5409631377509,197.552848500522
17.768,-91.4390345416186,188.194212722439
17.7685,-103.408803040556,166.460485952625
17.769,-122.990104647243,136.047890552499
17.7695,-143.309893818639,114.093348644769
17.77,-159.604417210143,111.518328689491
17.7705,-180.133347990502,112.624203934952
17.771,-212.414424432687,93.2537135779081
17.7715,-244.92289227181,54.3451917023826
17.772,-255.806345580175,17.4397905925113
17.7725,-238.685101078819,-7.94226213210353
17.773,-209.198016447033,-28.976334454251
17.7735,-185.16886666864,-44.4889824804061
17.774,-169.412305311846,-42.6041559306762
17.7745,-155.092648543872,-28.1101362580168
17.775,-140.509849650979,-27.3555435120276
17.7755,-131.86375116497,-55.9090579506156
17.776,-132.424895406034,-99.9724775683742
17.7765,-133.039331061608,-138.933468039496
17.777,-115.399295581256,-169.735043945759
17.7775,-65.141271529972,-199.547220590565
17.778,18.223333298175,-228.032955139572
17.7785,124.120722951084,-244.896581644213
17.779,241.739358648328,-234.530267202931
17.7795,364.953418216904,-182.3123296243
17.78,486.123292465847,-94.1772685686825
17.7805,589.698097873076,-13.102582961242
17.781,657.915782727647,6.60814454877041
17.7815,684.696417406901,-47.0480159736029
17.782,681.340773348433,-132.298610518407
17.7825,665.614599495217,-203.249662776053
17.783,645.065804405762,-249.826405054644
17.7835,612.542941105075,-277.506850717067
17.784,557.487654293631,-274.691377458429
17.7845,478.219143303845,-226.838943593887
17.785,382.0627990271,-148.619356146883
17.7855,278.517269405997,-74.3205450178079
17.786,177.340817708664,-20.0276256725842
17.7865,89.2782691842138,24.2306752181908
17.787,19.6964568135277,68.0673298062474
17.7875,-38.9381854133031,105.929449862766
17.788,-100.299786592015,128.600197714391
17.7885,-168.613756447688,133.796485098937
17.789,-237.628531467687,124.541482367626
17.7895,-305.003290003153,109.178557544124
17.79,-374.366140757476,102.155433282955
17.7905,-437.771122418128,112.910055778424
17.791,-471.529185973919,133.926876144367
17.7915,-463.386090416903,149.062574772092
17.792,-434.176459254094,152.289046699584
17.7925,-416.414521994775,150.785291590839
17.793,-416.634517101596,154.637957599826
17.7935,-414.787307463565,173.052432338269
17.794,-397.082810345988,214.054131285071
17.7945,-370.956653307022,274.291262378071
17.795,-346.796270804221,332.35764952908
17.7955,-323.65893399819,365.020124518193
17.796,-299.35620346643,368.368674406515
17.7965,-279.426862349627,353.017056619206
17.797,-267.378671752718,323.763917844818
17.7975,-256.976433752995,277.100262767836
17.798,-241.912427466119,214.187963015422
17.7985,-223.836416167097,141.382519616952
17.799,-204.236718688019,60.5682867200079
17.7995,-177.989174243261,-27.0001084333614
17.8,-142.564077458909,-111.27168874729
17.8005,-105.413020286433,-183.961478941804
17.801,-74.8678588950436,-254.509921252338
17.8015,-50.9091817103577,-336.144783481945
17.802,-30.9066667202295,-418.041618925079
17.8025,-15.6978233251462,-473.817415473592
17.803,-2.29429594707792,-499.697793735401
17.8035,21.3602889431176,-519.826404371034
17.804,65.5063343450514,-545.882856387989
17.8045,127.936492222323,-555.215456407339
17.805,200.218141545584,-523.280329785551
17.8055,276.851914294093,-458.967417042638
17.806,351.611179911413,-391.312845784872
17.8065,414.051521446348,-335.964568756736
17.807,459.383483243774,-291.683378964054
17.8075,495.367835568851,-256.39775754966
17.808,531.489129034937,-224.929825758692
17.8085,568.263233423319,-176.957168602129
17.809,603.056547744955,-89.0567926884816
17.8095,634.338063239303,37.859663247899
17.81,650.296084886749,174.85292419294
17.8105,627.476543371725,289.28480104001
17.811,556.967660471175,364.194113905866
17.8115,461.102100375563,397.159631742237
17.812,366.416037067011,393.881704921699
17.8125,270.731518072128,366.120934327271
17.813,159.168335314106,326.929678279986
17.8135,44.0482283757149,283.618832210775
17.814,-39.6187747818258,239.382080455189
17.8145,-78.2282303088861,202.23211707288
17.815,-92.4600282371231,186.504920204547
17.8155,-103.458805865053,201.578238114171
17.816,-114.095026018959,238.827835534454
17.8165,-130.679856272473,270.452609104322
17.817,-171.837978895782,265.674260067438
17.8175,-236.937221945746,215.865753746272
17.818,-289.76339665099,144.832680671344
17.8185,-297.885582262008,87.3417143041618
17.819,-274.073873304719,56.3609257866469
17.8195,-257.334104640887,39.1307631842694
17.82,-264.841135663616,23.4970623922545
17.8205,-284.347580318559,11.2545677237578
17.821,-303.943871495116,0.262901193410988
17.8215,-324.064936983511,-25.1630946796645
17.822,-343.241886901135,-67.4081733268693
17.8225,-355.718387355222,-93.156021927546
17.823,-365.784216704968,-63.6027582575311
17.8235,-385.661840609362,13.9496189233413
17.824,-415.090697341757,86.1134552900656
17.8245,-437.949418458813,110.040063207329
17.825,-442.74727384422,94.4055766135838
17.8255,-433.990764357075,77.6018746527687
17.826,-421.31069421312,77.7482336793632
17.8265,-409.33278842428,73.722641293356
17.827,-398.285809690879,30.7142619423937
17.8275,-380.367123140394,-60.7309216945367
17.828,-335.238081774318,-169.07408279317
17.8285,-246.444054857315,-245.40522295205
17.829,-125.975314075696,-266.788370939224
17.8295,-4.8123816117293,-253.922666402856
17.83,106.955556399266,-241.072774584001
17.8305,231.257901824263,-234.995122559779
17.831,382.083136881417,-214.09588510992
17.8315,532.505458998953,-162.327501290407
17.832,639.049122416654,-87.8995363387944
17.8325,687.054328401327,-9.18908538811111
17.833,693.721735265822,61.0746484055479
17.8335,675.048733404457,114.399611577338
17.834,630.649587322672,145.40741786975
17.8345,558.656236256243,158.74299331946
17.835,465.419524675379,164.429133153582
17.8355,356.85377922526,160.894669404977
17.836,235.203162011914,136.198768567714
17.8365,108.860015213169,92.4483861128827
17.837,-6.63370547081905,53.6334045912392
17.8375,-101.69452797678,38.7594353521863
17.838,-177.03580892285,40.3749382413406
17.8385,-232.672430217594,41.1215357584591
17.839,-263.854230383481,38.2479551293843
17.8395,-270.967600112642,37.4620261691336
17.84,-261.156652540944,35.1274765775379
17.8405,-235.606613488752,25.4389940347616
17.841,-188.992038744553,17.1436149217088
17.8415,-129.0668663086,22.5923385847942
17.842,-81.6153808020582,33.6120929137299
17.8425,-61.8211259526495,28.5720901494981
17.843,-51.8705323306498,4.06054184663133
17.8435,-24.5735029741683,-19.3248064427776
17.844,17.4529733687267,-26.4193997193713
17.8445,46.0132549806147,-26.0861084107826
17.845,49.0492481311721,-35.1659905092397
17.8455,46.7535588705386,-58.7306104481703
17.846,60.6311019583783,-92.5509543303706
17.8465,86.0763372696498,-131.238133155706
17.847,107.354962436003,-165.856821871014
17.8475,123.962140825928,-185.440034248066
17.848,144.755531860935,-189.754965458647
17.8485,164.691228031802,-190.859700644494
17.849,166.70317434323,-194.840380404973
17.8495,145.893263423768,-193.673485998785
17.85,115.643471040607,-184.456090753887
17.8505,86.9320651991028,-183.774854129091
17.851,55.7691912719425,-208.016443237786
17.8515,16.9769014551926,-247.591198715694
17.852,-21.9445944114429,-276.84986090269
17.8525,-50.2692096020193,-285.316336724112
17.853,-69.2505481834137,-283.339925833071
17.8535,-87.4614394713893,-278.852524972776
17.854,-105.86710982376,-265.629998739479
17.8545,-118.267457741974,-237.936026335128
17.855,-123.999860910227,-202.586699333729
17.8555,-128.107249023209,-169.951996329788
17.856,-127.21894370227,-142.215046318635
17.8565,-107.02294555229,-115.261327955719
17.857,-60.7306035407762,-83.5743499311528
17.8575,-2.53083932370923,-38.9685243329239
17.858,46.1040278327722,25.8096082965658
17.8585,79.8351440701867,104.506331840611
17.859,110.25554843676,174.440777377739
17.8595,144.32402352408,213.832560957037
17.86,172.019823006969,220.312541297909
17.8605,179.733217577219,210.241570706465
17.861,168.72549988768,205.483933344055
17.8615,152.627858522336,223.383617667705
17.862,138.987725850083,270.036753654986
17.8625,120.933608048148,333.836707622261
17.863,88.5932779453894,389.56885033948
17.8635,42.8420321937542,417.8043607456
17.864,-6.12055139884973,420.763840652814
17.8645,-50.1795031123951,416.414349223589
17.865,-88.3092432705066,421.110138866942
17.8655,-121.957323489972,441.206596229183
17.866,-151.75474485667,473.016170639928
17.8665,-180.384038363123,501.175901240817
17.867,-212.682122582911,503.076351950205
17.8675,-247.639287673679,468.716746061855
17.868,-273.767960440034,416.283021409057
17.8685,-280.024824562299,376.364634329023
17.869,-271.990699256543,358.806504244676
17.8695,-270.135938952231,345.572179423345
17.87,-288.536527412308,318.052617101052
17.8705,-320.818648513938,278.013377063281
17.871,-351.44942144675,234.721723789092
17.8715,-374.505466774947,184.276474616323
17.872,-393.018355360845,115.33765480717
17.8725,-404.220414338719,29.0045466559431
17.873,-397.855551584633,-62.2451773651293
17.8735,-370.972072967856,-154.934138507616
17.874,-333.588894900635,-258.200767188113
17.8745,-294.461914066046,-369.404088991931
17.875,-249.314547672593,-457.167108606333
17.8755,-188.916562674682,-483.680841986941
17.876,-111.601831321135,-445.822475923695
17.8765,-21.527380817764,-385.488735829366
17.877,77.9070966527653,-354.044795280811
17.8775,180.731490796697,-369.731312005607
17.878,275.815416968834,-411.962801683498
17.8785,358.458291246244,-449.529669697661
17.879,439.198338230141,-464.151144430356
17.8795,528.392046727446,-449.5688058253
17.88,614.633406881561,-404.677382224808
17.8805,671.297609767396,-339.037443573991
17.881,683.74532521023,-277.271892925156
17.8815,658.411687312204,-243.1790291326
17.882,608.114558789491,-237.344274839881
17.8825,545.480398245365,-238.336206291768
17.883,491.30132672576,-226.837224556801
17.8835,467.267545428357,-201.777599526517
17.884,469.108174164066,-174.032418264407
17.8845,462.418511904087,-155.072692721667
17.885,418.710169202669,-153.876389109557
17.8855,345.979846064315,-172.514817629414
17.886,273.561794945522,-196.750524690313
17.8865,218.168802010529,-199.672530495702
17.887,176.582563985999,-165.166650966556
17.8875,139.662044841384,-105.142258553221
17.888,97.4362664345729,-47.6233892231814
17.8885,38.6932781097301,-12.2644980103938
17.889,-37.5286815742837,-2.94927485157651
17.8895,-114.405289277457,-15.8528742489499
17.89,-174.445241130116,-41.4950076269369
17.8905,-217.199983834094,-60.7560136857978
17.891,-246.374589815938,-52.6944638437053
17.8915,-251.266875121803,-11.9952954646318
17.892,-223.953324843985,46.8566718527032
17.8925,-187.98400176638,104.534657727511
17.893,-181.666518532258,150.675841939995
17.8935,-210.224997922159,183.11978378592
17.894,-239.283217902877,202.623670761277
17.8945,-240.512775834418,213.95065920765
17.895,-219.434448560089,228.157299912598
17.8955,-192.202966459551,258.346790727181
17.896,-163.560500186005,311.433315380413
17.8965,-142.225257319673,381.720345485599
17.897,-151.44447667295,449.609547035136
17.8975,-201.550573410659,489.529729994065
17.898,-270.067737349959,486.057339636784
17.8985,-330.905616544502,444.001614324412
17.899,-387.251358925109,380.465454839875
17.8995,-452.053036577535,310.186188972454
17.9,-511.601358424781,243.54126524959
17.9005,-539.446618700331,192.23856897951
17.901,-539.804729726142,162.998293721686
17.9015,-545.408902582897,144.820169861353
17.902,-569.841474058478,116.585746117535
17.9025,-588.587528335999,73.3499247296313
17.903,-572.775678515956,34.1911426470464
17.9035,-518.131517155274,16.9092817186057
17.904,-433.569357149067,15.1836618949374
17.9045,-324.919633752122,10.0542503188956
17.905,-203.528431163016,-4.95042862634707
17.9055,-93.5303494630473,-21.9162063312088
17.906,-14.4798274630379,-35.4275789014875
17.9065,35.6574068252905,-47.8657890428841
17.907,72.5432415812327,-59.7081871981244
17.9075,109.791516803207,-66.5214319487926
17.908,155.1937395574,-66.6111499309898
17.9085,208.378542592073,-63.0043281662997
17.909,255.278428670295,-57.7370194126605
17.9095,278.433524666733,-52.1553889436409
17.91,278.576335861908,-52.0297953469674
17.9105,270.176770325377,-63.0403678273317
17.911,252.808200522364,-80.5012614791147
17.9115,216.207283702869,-92.1744520311087
17.912,190.230331158982,-92.1000945435324
17.9125,255.570778459693,-83.1924659126153
17.913,463.042706941404,-65.9151575288962
17.9135,753.469273779362,-35.0521197158688
17.914,998.322453990021,8.97625302621086
17.9145,1121.00908053372,54.4486241409884
17.915,1144.93706063152,87.4053257539437
17.9155,1125.31990555672,99.0136124641184
17.916,1083.04026395476,83.7149763390583
17.9165,1023.07964972152,42.7308685190509
17.917,966.317647290973,-5.91408254498699
17.9175,914.531303050943,-34.2967937985051
17.918,808.307098367047,-32.0518819149397
17.9185,574.655195789214,-20.0253358291207
17.919,220.456974526428,-30.1614804688998
17.9195,-159.888859634345,-80.5146473777807
17.92,-477.557751959927,-174.265571410173
17.9205,-715.172284968417,-304.958563175724
17.921,-887.016687958463,-445.232788731529
17.9215,-972.895168807577,-544.001750418358
17.922,-931.348214787245,-562.405348986559
17.9225,-769.35243262165,-515.139483067683
17.923,-563.837739380548,-456.986814716796
17.9235,-402.668370057351,-424.436807368301
17.924,-318.285809556958,-406.971688769729
17.9245,-284.621403856101,-378.983109209893
17.925,-263.867590472793,-338.671638698011
17.9255,-241.946592029723,-301.934809599269
17.926,-222.623859617405,-272.275426693243
17.9265,-204.164475428014,-234.78800324292
17.927,-175.510697304877,-176.429499627203
17.9275,-135.237276112235,-100.182578025178
17.928,-102.247827306635,-20.1605691220263
17.9285,-97.6939687356214,49.8151701569636
17.929,-119.984819408068,104.666853214476
17.9295,-147.345932402555,150.91415140571
17.93,-162.983396933232,198.713925033534
17.9305,-166.088996503294,247.158951243101
17.931,-158.826173547897,282.242094891118
17.9315,-139.39595951727,294.074012607055
17.932,-114.953997762163,290.263958447101
17.9325,-105.121744982233,286.459963424692
17.933,-118.456398515394,290.162060043208
17.9335,-136.088289721448,300.850399614799
17.934,-134.644538062339,317.896158620226
17.9345,-117.768931751761,336.749904004728
17.935,-106.68778837332,343.054424398475
17.9355,-104.029111686061,325.641432291118
17.936,-89.1225161153531,295.716416545687
17.9365,-52.5220417631715,280.190061029593
17.937,-14.1074047665054,292.565733548539
17.9375,3.90715457504361,319.690545289005
17.938,6.35358595211715,339.583488117896
17.9385,13.5078462327234,343.260172845611
17.939,30.5515153780143,337.000540854897
17.9395,44.6282320673984,333.963789942818
17.94,48.1921707618211,348.715538687752
17.9405,49.6447097179899,390.458354400261
17.941,58.0430662367684,453.81496531468
17.9415,68.049387177044,521.335537337719
17.942,65.9148549496315,579.724526034507
17.9425,45.6532445513555,627.056428182342
17.943,15.0344062063363,659.315310526512
17.9435,-12.0297194715031,659.154801805841
17.944,-25.6742689076449,608.288644125572
17.9445,-23.7953777432148,506.183774117592
17.945,-9.70118658925715,366.068662807062
17.9455,10.8855674932227,195.112587554638
17.946,31.3781240212967,-9.74989603062306
17.9465,47.4965420115562,-244.167791207368
17.947,62.0773645265102,-483.306098696476
17.9475,84.0778216744053,-690.875428570732
17.948,118.604569103343,-837.982544595811
17.9485,159.14911571678,-914.128863761407
17.949,193.179805166185,-928.441668466662
17.9495,213.190642773295,-904.700646425998
17.95,217.947342289644,-869.014701883733
17.9505,206.78603155813,-835.168266781544
17.951,181.04306572235,-802.564963248668
17.9515,149.680343477023,-770.562795651779
17.952,123.632666202762,-749.570747855408
17.9525,102.915774460305,-750.590282005438
17.953,77.8896207968544,-765.634665108233
17.9535,45.1066516598755,-768.615154460151
17.954,12.7712213623305,-740.912567560087
17.9545,-12.1422347950857,-690.341460970122
17.955,-32.2419041963838,-637.922367348802
17.9555,-51.2236292508529,-589.355650110444
17.956,-67.4307032565875,-529.010923298676
17.9565,-81.1852540607329,-442.920068002799
17.957,-96.999524684993,-337.168762835311
17.9575,-110.122787412128,-226.712388723665
17.958,-102.16077866675,-114.09250056792
17.9585,-62.4465465494762,8.35896526360196
17.959,-6.17265659265335,136.490885328133
17.9595,41.5109461346341,247.922868123151
17.96,74.0388548601574,324.081120220554
17.9605,103.762398643838,370.448951601796
17.961,138.931457423252,406.57029940742
17.9615,174.546219059642,441.232082963198
17.962,203.925604974084,468.44527103905
17.9625,225.580032346232,487.117720203748
17.963,238.520987108352,511.572699092387
17.9635,242.623191627813,554.630552731276
17.964,243.518156964468,607.748946065605
17.9645,245.764160540576,649.27065013714
17.965,241.900908334638,670.690220400697
17.9655,220.114148160033,682.70593594096
17.966,181.140320315353,692.402871475773
17.9665,133.919694305132,688.179187330613
17.967,77.2218366481562,658.458013596989
17.9675,5.02646135951496,614.987573969073
17.968,-68.0129267941147,578.874891708464
17.9685,-109.41701574919,545.580177205645
17.969,-107.468129909698,485.289374844618
17.9695,-87.8329072060409,385.373265179589
17.97,-78.3370887311973,273.41972217533
17.9705,-74.8179947734634,185.010761334158
17.971,-59.9353724652465,125.704175863733
17.9715,-41.0539245474427,84.0265559772151
17.972,-44.9088254120823,67.2108893698548
17.9725,-79.2355020104582,94.9516996092544
17.973,-121.692859866143,160.640229119031
17.9735,-148.782264736684,227.487026854462
17.974,-160.52181395084,267.684843760096
17.9745,-176.021648460939,278.923963357023
17.975,-218.326108260378,254.856728201431
17.9755,-301.906000223087,171.472346342162
17.976,-417.538963388082,25.634695711898
17.9765,-526.385140240747,-136.563349978845
17.977,-584.668519257996,-261.767636175555
17.9775,-579.765313446326,-350.069894809779
17.978,-530.612637335399,-443.35747364675
17.9785,-453.052877689663,-553.912751420291
17.979,-345.797864510703,-633.777495192895
17.9795,-219.081843072895,-626.138891366861
17.98,-114.299032963886,-529.684398194211
17.9805,-71.6439895993804,-401.372775552754
17.981,-84.9760368908625,-307.097575812779
17.9815,-108.59813883797,-278.048350766036
17.982,-108.797884282341,-304.031017040165
17.9825,-93.2054556870008,-354.191742825555
17.983,-86.1825444165807,-401.400375612474
17.9835,-88.8448945548716,-431.632990278278
17.984,-73.3057843553044,-437.105827602382
17.9845,-13.6673755879206,-411.369693094076
17.985,82.789787603476,-358.153294354443
17.9855,177.163302776314,-296.955786239007
17.986,233.053040713795,-246.715489070551
17.9865,249.826862434907,-205.327177164404
17.987,259.643271167437,-155.978204375269
17.9875,291.596901075405,-91.9363089477995
17.988,344.251926417938,-23.4613540906465
17.9885,393.737043868009,37.9995548361713
17.989,417.77995863489,88.1546766727136
17.9895,405.454529962267,121.608955831222
17.99,356.398282194202,130.846496367252
17.9905,286.485458875182,118.858265593842
17.991,227.891530777975,100.410752717607
17.9915,203.623393980988,84.6689600680199
17.992,199.126569411469,66.5210628070474
17.9925,174.684624322257,39.6941787454195
17.993,111.169377363408,8.03272247779592
17.9935,31.460742097096,-20.7724624715143
17.994,-25.6180769052002,-41.8280143586527
17.9945,-34.9796147963796,-48.8519467689622
17.995,17.6611092286799,-35.2336927677458
17.9955,143.928132981037,-5.08646803621656
17.996,332.000568504571,28.5703496365302
17.9965,525.236995492295,62.5395552529761
17.997,648.911353224164,106.482345488651
17.9975,667.889439289848,158.391330921871
17.998,607.618401474071,191.405744944444
17.9985,516.647925756547,179.430606872935
17.999,421.506610287619,128.026207454216
17.9995,320.996353948578,68.7128910624663
18,207.556053827093,30.1974290313197
18.0005,80.0448651555032,23.8560284327704
18.001,-59.6478204950878,45.1037309416043
18.0015,-212.695561714244,73.5340958365866
18.002,-385.294197640775,79.0095723316132
18.0025,-584.005580973724,43.0471758350777
18.003,-800.45560275414,-28.2069306585057
18.0035,-996.890976060548,-119.426457747662
18.004,-1118.94868449792,-222.346819431318
18.0045,-1136.1044871705,-322.210974176269
18.005,-1067.19604118442,-381.412316144696
18.0055,-957.423050803528,-362.228673074628
18.006,-833.739884266134,-266.333645135654
18.0065,-693.123350552572,-133.877309881284
18.007,-531.844144819893,-3.54857523490941
18.0075,-370.238495314144,110.289237173441
18.008,-238.613548873503,204.203348226061
18.0085,-142.521478409511,273.485801946306
18.009,-49.3803554595696,320.955500592594
18.0095,86.2087502488432,361.123222710422
18.01,279.635839943503,406.073413795887
18.0105,495.561217702323,456.33085958568
18.011,672.426454554398,508.429458026366
18.0115,770.887189712823,559.323077983914
18.012,795.541220308042,600.269665187836
18.0125,769.944998197362,619.45601358156
18.013,705.258443862796,615.12950481383
18.0135,606.4540456288,595.103642675924
18.014,496.067516066306,562.153728697706
18.0145,404.165606097322,514.475313350672
18.015,330.577457141571,461.601462148778
18.0155,239.947569243863,419.355783518573
18.016,106.302404556855,381.079207260427
18.0165,-52.2899191047796,314.007262099839
18.017,-192.796711327592,198.5480412893
18.0175,-284.064925472809,56.2968207955361
18.018,-312.965492738881,-75.6881810061661
18.0185,-275.201609439717,-185.043526716048
18.019,-184.87491151327,-282.098624749359
18.0195,-82.0148955563306,-370.507854484797
18.02,-3.12487590130144,-442.254151434977
18.0205,53.9618494743781,-497.24505528688
18.021,113.628596897019,-545.892964319941
18.0215,174.789458936737,-589.348879637611
18.022,207.97577574851,-613.774290494472
18.0225,203.080242043323,-609.492487400897
18.023,188.366913888918,-583.644941191208
18.0235,186.500506687816,-548.560392459561
18.024,177.165089574778,-507.960415332597
18.0245,126.164266631817,-462.022782299124
18.025,35.3956242986482,-419.331255824697
18.0255,-59.8826920530131,-394.666872678078
18.026,-133.693239743194,-394.581094703725
18.0265,-186.078287694641,-409.814129740545
18.027,-222.880625454249,-424.775104165663
18.0275,-243.025390821109,-433.393057514446
18.028,-248.238450890833,-440.841927334244
18.0285,-246.248949374085,-446.139125602963
18.029,-238.762811040655,-428.89714544957
18.0295,-219.753945171076,-364.965217297428
18.03,-189.87586544205,-256.932622923346
18.0305,-160.679582386224,-138.159744337552
18.031,-140.589837237188,-41.123876562302
18.0315,-127.005357470272,29.8380604671646
18.032,-114.861768154046,90.2593976194368
18.0325,-102.301812784542,151.762986383406
18.033,-86.1360200268844,214.332164173318
18.0335,-64.7150101955284,270.473265225712
18.034,-48.5669412838632,305.607219367011
18.0345,-52.8625870262762,304.916925779246
18.035,-71.9216326056733,274.598277453877
18.0355,-76.5387804231874,248.08224574246
18.036,-48.800475238955,253.788886991811
18.0365,-6.67068588135487,281.614748219258
18.037,21.5488116489469,299.563355500084
18.0375,36.5248457093258,300.082881884255
18.038,61.0798961454893,307.752115233549
18.0385,98.8229436052344,338.304562844868
18.039,123.839488921313,372.791241119525
18.0395,117.595333017113,383.194582321369
18.04,95.8872167114328,366.593622310872
18.0405,86.2403921084581,340.394793961442
18.041,92.2523675014216,316.055297514425
18.0415,96.1655081723265,292.579822263204
18.042,88.9451338372607,268.956818122119
18.0425,80.3443422636112,248.650702631711
18.043,80.2002371968555,233.539434966171
18.0435,85.6709104184897,222.931147422048
18.044,91.2045781133561,216.662219460437
18.0445,98.4249848688064,211.846858613053
18.045,108.557808576563,199.832418168862
18.0455,113.860027981743,174.349516626789
18.046,105.517359308912,140.336858917384
18.0465,85.1116536274628,107.369529540806
18.047,60.4145064952715,76.7695533140169
18.0475,33.8250342175645,42.9587125793026
18.048,3.51043950713089,5.69990630066005
18.0485,-26.4064923991783,-27.6887288664762
18.049,-46.4109726752258,-52.7534821021711
18.0495,-53.6415435981018,-73.083286343239
18.05,-56.5153128778626,-93.4746709734929
18.0505,-65.5797966172748,-113.868429605702
18.051,-84.2736884760116,-132.085328587823
18.0515,-108.325447692978,-147.993345546441
18.052,-128.841776790393,-163.106923568787
18.0525,-137.380685726536,-179.543837896242
18.053,-135.470028606544,-200.366994243618
18.0535,-138.265137608991,-227.401683444352
18.054,-159.514271880129,-257.966186527268
18.0545,-192.658139012178,-287.715393549974
18.055,-217.849243899499,-318.040704368774
18.0555,-229.265662709839,-356.763034057862
18.056,-241.422967223447,-409.042422509518
18.0565,-262.698078974426,-469.559629126319
18.057,-278.143463990606,-524.200883535978
18.0575,-270.312018830264,-555.752163267193
18.058,-242.889596834883,-546.527488152982
18.0585,-205.13358790961,-481.190868563773
18.059,-141.874840305411,-354.762124884008
18.0595,-23.6594479213815,-180.261695040152
18.06,149.48169042324,13.9455624615874
18.0605,333.076975427621,196.74578227256
18.061,476.272602418429,345.803545558461
18.0615,564.826756935707,449.954898227443
18.062,620.206650359041,505.376916091212
18.0625,665.543132256347,513.064947161877
18.063,700.160959272565,479.514956020399
18.0635,702.064771528335,415.9853068251
18.064,649.48378669794,333.842246349247
18.0645,543.717332480282,241.193589525726
18.065,414.772901222102,146.500666457591
18.0655,301.275484100866,64.3845843644492
18.066,221.909277347386,12.3982540210059
18.0665,167.333242780784,-1.56992998876928
18.067,115.950275950645,13.459436609273
18.0675,49.5947931592889,39.311053504197
18.068,-43.1050657670394,60.518063602603
18.0685,-163.384929561775,65.2403246142199
18.069,-294.431976251662,40.7714120383115
18.0695,-404.848436414339,-19.3242235128995
18.07,-467.941681140601,-100.01588006901
18.0705,-475.7985422604,-166.869797156927
18.071,-435.399918005554,-193.39050878992
18.0715,-361.215612659921,-184.604610926375
18.072,-274.940124292079,-167.257644421204
18.0725,-200.000787495702,-158.801827490802
18.073,-146.333477013267,-153.25509113631
18.0735,-106.932561283825,-136.381194680988
18.074,-76.1296389283407,-105.323618357028
18.0745,-62.7135834349899,-70.2241774858145
18.075,-76.1114197432604,-44.1284900146365
18.0755,-108.358486159935,-35.6592964755524
18.076,-142.327040799985,-44.3616467997553
18.0765,-172.660706253408,-56.7717896214922
18.077,-205.838562599534,-53.7670741356174
18.0775,-242.655473736357,-31.7906334420559
18.078,-273.793333733284,-13.4273672832352
18.0785,-292.135399675094,-25.219612910653
18.079,-297.033308947909,-64.0686411900018
18.0795,-285.354744228217,-96.7748756110606
18.08,-250.447549384348,-97.1181148699929
18.0805,-193.506928096495,-73.4377461964404
18.081,-126.075323877637,-52.2524443424553
18.0815,-57.5923588422639,-43.0882117196087
18.082,10.3032289976111,-31.4018276640923
18.0825,73.2738547715568,-3.87841305202244
18.083,118.874212052049,31.8105696707479
18.0835,140.250386681464,57.6229497913668
18.084,148.705221141365,69.2998179623372
18.0845,162.659832425468,83.3552067894328
18.085,185.353380672051,119.912184014755
18.0855,200.774342897699,181.991303396344
18.086,192.765020251716,254.35101921409
18.0865,163.375334761095,321.653588581551
18.087,129.486682109499,381.322621355589
18.0875,102.805044201683,432.679525259198
18.088,77.3950297100607,459.636390886459
18.0885,41.62134172072,440.015740380352
18.089,1.58045537171159,376.775750882835
18.0895,-17.172969193466,304.557529626431
18.09,0.338335021843565,252.02593724682
18.0905,33.4576854401278,208.387405347028
18.091,45.1989468403167,144.750194561342
18.0915,26.4053873641393,61.6770531367177
18.092,5.20715353290061,-7.98488245792164
18.0925,7.96826914407156,-45.6713361654833
18.093,28.0710964982999,-72.6115123833571
18.0935,45.864602523203,-117.676748449325
18.094,63.9515007410093,-178.753358090498
18.0945,99.9922462249003,-232.094580172774
18.095,149.65714784103,-265.921565757765
18.0955,182.565083879473,-285.447950537506
18.096,182.281734243447,-293.395693748787
18.0965,169.620961234465,-286.731772112614
18.097,171.995275105411,-270.29089154067
18.0975,184.375101957275,-254.048356467314
18.098,179.585858671142,-235.587466879636
18.0985,149.54681444038,-203.253787974073
18.099,114.584791016301,-160.447816151174
18.0995,91.2814767253555,-129.202711687044
18.1,72.354673625962,-121.823562347234
18.1005,47.3555858825855,-123.692472105982
18.101,26.0031492128855,-114.057850295749
18.1015,25.1334408132094,-91.4775969066898
18.102,41.7993458164836,-67.1722251618225
18.1025,56.1065618190745,-43.8237937932593
18.103,56.9070905133734,-15.653552226847
18.1035,48.2896096567042,16.0112416109595
18.104,31.1093016555911,41.5142525431095
18.1045,-3.74204451695241,55.7831720788421
18.105,-56.9627018634181,61.2102450877232
18.1055,-110.339971058303,58.6773634798848
18.106,-145.640695431517,46.5994907997537
18.1065,-165.208604530301,29.0359870918689
18.107,-183.468774779919,13.6290712120784
18.1075,-204.990384864384,-1.32010578312956
18.108,-222.168099758984,-27.9737536718028
18.1085,-229.876580518546,-71.9885028068132
18.109,-230.531205327557,-120.927804005533
18.1095,-226.407727839541,-154.676389666566
18.11,-217.839892801419,-163.229261341221
18.1105,-209.030853282732,-150.771976736828
18.111,-205.947439107691,-127.192233322975
18.1115,-207.206387513236,-100.725688561903
18.112,-204.772567302122,-75.7913212055825
18.1125,-194.005915878381,-52.0396617503608
18.113,-175.472888528202,-25.0455383135752
18.1135,-147.769520121169,9.12311459400093
18.114,-108.472524657402,49.5965148069147
18.1145,-63.0727892261164,91.8755313525514
18.115,-22.4586347654185,131.729236844995
18.1155,11.3124094201422,165.654671500343
18.116,46.8847790611023,188.662853007885
18.1165,87.6828893703436,195.582254238227
18.117,124.13994572062,186.950326214324
18.1175,147.014006912741,172.205539150275
18.118,159.090525026275,163.530090510374
18.1185,167.282974958948,164.452151976157
18.119,171.904352514293,165.966173366734
18.1195,171.38102450554,156.527605578181
18.12,169.409034375381,135.257472015543
18.1205,168.025219830233,112.211660313764
18.121,160.081177726046,96.2466876790077
18.1215,139.396725720789,87.656244273666
18.122,114.744092660998,83.7933283430572
18.1225,103.103768139117,85.0204328548002
18.123,109.431072786357,89.8576343355016
18.1235,120.755370051115,89.4578810138149
18.124,120.231430425454,75.0041647190553
18.1245,102.234761826195,49.545097088721
18.125,76.3867341642537,25.8662932200412
18.1255,62.2671241398338,12.5602634353835
18.126,75.9546476799566,7.68959509643867
18.1265,113.576200691321,5.76061698809679
18.127,150.023421819862,4.22454887524932
18.1275,161.097188557872,1.72878069299293
18.128,145.360659215075,-3.73184774101393
18.1285,118.695586043275,-11.8357063703602
18.129,92.3794395142305,-19.3337033330081
18.1295,66.1433585346371,-24.818213041042
18.13,39.3935356544368,-30.4000076737606
18.1305,16.7240507654407,-36.799497366108
18.131,0.494068862849301,-40.8973266462447
18.1315,-12.9317964792339,-40.86709526915
18.132,-27.6533150596854,-40.731943763399
18.1325,-46.0615471043728,-47.5413953478709
18.133,-71.8699468970247,-66.1152049648807
18.1335,-106.235713720012,-96.8824913761675
18.134,-139.989802098162,-134.728499140401
18.1345,-159.490458950958,-168.523402206224
18.135,-163.160913362527,-186.39748204687
18.1355,-163.692231150788,-184.709995335471
18.136,-170.29980863729,-169.626135163102
18.1365,-176.764598200588,-148.977290024578
18.137,-171.979317100495,-126.280522973574
18.1375,-156.659052425595,-103.507845897216
18.138,-145.002704140037,-84.1915536444305
18.1385,-152.733460305709,-70.8408766055705
18.139,-184.333943406906,-63.4789829338554
18.1395,-227.338323377057,-62.74822756999
18.14,-259.09981226049,-68.8374128528297
18.1405,-265.234990519722,-74.315516481524
18.141,-251.749366145467,-65.1245458010913
18.1415,-233.378625283846,-35.339038226446
18.142,-212.638951533292,3.4875941459095
18.1425,-180.609062825353,34.4727704629696
18.143,-137.47500984734,53.5180384175009
18.1435,-98.502440066366,68.1897615582588
18.144,-75.0718212055069,81.390127991769
18.1445,-61.1937214970435,85.211634678808
18.145,-44.8443626019633,71.6934602408106
18.1455,-23.2323689186333,41.8985503913913
18.146,-1.28946861995892,1.92872558129446
18.1465,15.6933403440755,-43.3400437509853
18.147,22.7275368729283,-88.1340629549253
18.1475,19.1152293503912,-121.7560341412
18.148,18.6838685178485,-132.252318618809
18.1485,45.0842553917819,-113.977498634519
18.149,107.119938408228,-69.6742138804951
18.1495,186.545807021489,-7.22350402634485
18.15,258.176970817117,61.9753586845668
18.1505,312.709875362285,122.436505007082
18.151,350.951456479851,158.447394376689
18.1515,367.592012562274,163.228062094881
18.152,356.303460677828,143.112270719652
18.1525,325.201965863978,109.277098150175
18.153,292.454548070039,67.0588396644605
18.1535,267.849014931447,19.1901832334171
18.154,248.493319109189,-21.405456079547
18.1545,228.978827263012,-33.2796737530215
18.155,205.762086446938,-8.57457623217836
18.1555,176.119552427615,33.7342216501005
18.156,144.302473611529,66.99489978334
18.1565,125.779634934939,85.0632418029318
18.157,134.854922364678,100.592189088077
18.1575,170.204975765365,119.974494158321
18.158,219.475605110115,136.329896784974
18.1585,270.388506907549,147.995848919166
18.159,307.45617891809,165.277497457856
18.1595,309.55700354515,190.550244815869
18.16,269.305846495299,206.668631394768
18.1605,208.304192507019,196.694331098373
18.161,153.42465503475,164.412276518841
18.1615,102.445050395502,124.72426905576
18.162,34.6689186923957,84.8512578979474
18.1625,-48.2863550723215,47.629243303843
18.163,-120.091708204869,22.2981282606023
18.1635,-171.684260712743,14.8916853299217
18.164,-226.639461549934,14.2764469819869
18.1645,-302.296548883139,4.89341567710188
18.165,-380.73815081295,-10.0335651175329
18.1655,-436.325937303353,-14.2791321203837
18.166,-471.521330934715,-5.43489470334517
18.1665,-503.451164919896,0.354674540153527
18.167,-530.099692638341,-9.98099924553499
18.1675,-534.819468180959,-35.5368389763634
18.168,-516.719162091891,-71.420170508618
18.1685,-492.461047036964,-112.077858355233
18.169,-469.580709455982,-142.831571720055
18.1695,-439.411687554995,-146.933025383161
18.17,-398.90957023062,-128.032288042874
18.1705,-361.010888763325,-110.657641519593
18.171,-336.887975545327,-110.94690769767
18.1715,-320.903113556704,-119.654809987361
18.172,-299.74788002322,-120.480323929684
18.1725,-267.38820612301,-111.80040605368
18.173,-225.62927217376,-102.673165373267
18.1735,-177.096027156905,-100.03495368626
18.174,-122.435620932872,-108.067965254853
18.1745,-59.6228970724873,-128.174340271023
18.175,16.2850852321436,-151.195166639926
18.1755,107.156086091109,-161.766643231793
18.176,203.135343364285,-159.137831850579
18.1765,285.274731839474,-160.747005266972
18.177,340.136052225494,-174.729600146152
18.1775,369.480313540911,-182.022681267683
18.178,385.678610252056,-158.942741440678
18.1785,401.739825232118,-106.816685452334
18.179,424.82550235908,-46.6213506682883
18.1795,452.311223400268,4.21192073480839
18.18,471.789032870069,35.4287487022088
18.1805,470.393382963563,37.2957936849637
18.181,446.93264352805,10.2280627413508
18.1815,410.98823165031,-26.1255831381835
18.182,369.691448551944,-52.2512777456401
18.1825,322.922834358803,-71.7445115952198
18.183,275.126432745539,-96.9751612676724
18.1835,242.838491432503,-118.759836875494
18.184,239.735728616127,-113.118177174969
18.1845,256.073584115656,-76.2163102982207
18.185,263.097107885644,-29.487317944917
18.1855,240.638801258058,11.5029662603215
18.186,193.647410362988,50.5115125167135
18.1865,139.4834530355,89.2580346812852
18.187,88.8346790052634,117.313408236141
18.1875,47.2494161223432,133.911593122156
18.188,26.4509493504558,158.426405539627
18.1885,36.6543870188658,203.051594176796
18.189,65.030541929089,248.98745428893
18.1895,77.1179905374734,265.099317059411
18.19,49.8061282888643,241.344251167215
18.1905,-5.4554240587167,192.497329964442
18.191,-61.1208204595045,138.833886687069
18.1915,-105.859580872503,95.4184975412413
18.192,-145.768264838058,71.6571888162715
18.1925,-181.697976199129,67.4206413413883
18.193,-205.162673628157,73.2140525888351
18.1935,-217.710463270591,82.8027654285703
18.194,-236.115081195118,99.6057731318873
18.1945,-271.300305794443,123.159513752419
18.195,-315.142837505198,139.598923745886
18.1955,-355.165966053909,138.318069081942
18.196,-390.516922962365,130.278665166336
18.1965,-425.486786408185,134.927059276798
18.197,-458.083889741982,153.284684922782
18.1975,-484.274329105086,168.478558413638
18.198,-504.384109208054,170.284651325327
18.1985,-516.093013809474,163.951823798847
18.199,-510.063268365559,154.167390003115
18.1995,-482.927531835499,134.81780140656
18.2,-446.605836304377,99.243046906602
18.2005,-413.308958826692,50.4165010833705
18.201,-377.822262139311,-3.96084437873729
18.2015,-326.223133051924,-60.0013323705231
18.202,-256.372114895067,-118.586357942849
18.2025,-177.626952974878,-182.459995573082
18.203,-95.0609193803662,-251.232802979531
18.2035,-6.72839380203998,-312.602262839868
18.204,86.4789228382198,-341.799050073013
18.2045,180.026674847159,-321.7966546542
18.205,271.723291704593,-265.62078770846
18.2055,357.39684153914,-207.680383718507
18.206,425.516642980292,-169.763575336507
18.2065,470.267402875828,-145.020554312909
18.207,506.311860038631,-117.472007874121
18.2075,553.321657563923,-84.5111350753012
18.208,604.522821367891,-53.6469840796803
18.2085,625.987241517077,-28.6704753657876
18.209,591.194044245679,-9.18259152959427
18.2095,505.614364972512,3.76950657553865
18.21,397.499451864036,11.0695464477764
18.2105,298.605817801406,17.9974772984323
18.211,234.182884067149,24.0739829305375
18.2115,212.834767772381,17.8692506734986
18.212,217.497109266227,-5.53417364392185
18.2125,218.984818645038,-27.3330823399373
18.213,206.079816596192,-21.2170538582641
18.2135,192.465617302453,13.017672740875
18.214,190.321196535603,47.1092198604441
18.2145,191.034358455928,59.3696436789856
18.215,178.873829988806,58.339920390302
18.2155,150.204545474284,64.8510575645431
18.216,110.391869289658,83.5889176559648
18.2165,63.7542429955588,103.764077293144
18.217,15.2875668887156,118.322373745212
18.2175,-30.4295964170164,127.362175740069
18.218,-82.1936979096253,126.064888573119
18.2185,-160.156187792461,104.753081985975
18.219,-266.267392836443,63.7245395242042
18.2195,-367.415324280017,16.653182272711
18.22,-424.556751067365,-24.8125955951549
18.2205,-432.225545717785,-60.3684772745014
18.221,-414.765826829867,-90.6325743264628
18.2215,-391.288844891874,-107.804329826328
18.222,-362.9027615639,-105.424033621041
18.2225,-330.559205336316,-90.3720781643483
18.223,-303.924588790897,-74.7024626371109
18.2235,-287.593137624495,-59.298407224094
18.224,-274.091088975392,-36.6414808485717
18.2245,-257.64140065788,-8.86941233691703
18.225,-244.177839647941,8.71132500589266
18.2255,-241.061334741154,5.84770409123959
18.226,-244.549757819416,-9.93334230509295
18.2265,-243.568935299946,-24.5646894346317
18.227,-231.196542597323,-35.1462194409041
18.2275,-208.399841905656,-49.8833559531461
18.228,-180.277853331785,-74.1808179392205
18.2285,-151.909958055481,-103.521339301063
18.229,-125.718660841981,-128.940230951112
18.2295,-101.088986396409,-144.100410168656
18.23,-76.7894982849968,-146.919457568162
18.2305,-51.5856597561041,-138.637429902207
18.231,-20.6342555050705,-122.631188975286
18.2315,24.1349587134536,-102.080528413783
18.232,84.3952859085928,-78.4079996941165
18.2325,148.526786605317,-53.0450342359487
18.233,200.059642511994,-29.1864151854681
18.2335,232.707651853986,-9.09274219377572
18.234,254.711230273672,9.4185980062781
18.2345,281.40658285867,30.2450515777264
18.235,325.20292148698,52.0673168957221
18.2355,385.683522154493,67.1921122315184
18.236,444.54022479456,69.8192548584876
18.2365,478.227109738547,64.9641661006197
18.237,483.03658726137,67.0259954089042
18.2375,479.360592696635,87.4777513322079
18.238,481.881138856096,123.154573743915
18.2385,475.753246905088,157.812033711634
18.239,437.265220459,176.639644032636
18.2395,370.490199482263,178.202709220947
18.24,304.263807756443,170.498079525899
18.2405,254.933139514702,158.229184494342
18.241,211.269007065843,139.78614252799
18.2415,157.625289968982,116.414451079121
18.242,93.2536331344719,96.3314420751498
18.2425,24.6330408553425,85.4204989379135
18.243,-42.485874084287,79.8683390858729
18.2435,-95.4094788129307,74.118043344393
18.244,-115.746996245734,71.4674106610556
18.2445,-99.9039676892583,78.9907826361023
18.245,-67.4636965667244,94.6840314442484
18.2455,-41.4435119423288,108.745428769065
18.246,-32.3565760923277,117.538457660114
18.2465,-48.1198320102517,126.783970420745
18.247,-101.327019289263,137.688448448259
18.2475,-190.875046435454,138.057518731194
18.248,-289.143791315911,113.298420994003
18.2485,-365.603441536204,62.1883272827516
18.249,-416.035567928213,-2.32671381044231
18.2495,-453.033125415208,-63.1733162764317
18.25,-476.610778687475,-105.366235099619
18.2505,-475.161188898039,-118.877286177162
18.251,-452.325950493014,-105.940304329098
18.2515,-430.320737646215,-85.3277528720803
18.252,-421.506181928608,-79.7561688388333
18.2525,-414.033278303565,-94.5298826472924
18.253,-393.126371277075,-113.463560935121
18.2535,-362.330627041313,-118.814683356121
18.254,-333.799047777666,-109.574158831764
18.2545,-308.015765010471,-95.2802214809948
18.255,-274.888794967063,-77.9455806768659
18.2555,-230.200900725932,-50.8155712857979
18.256,-181.430890915366,-15.7124442971675
18.2565,-138.914480109698,9.00796755077303
18.257,-107.484669481741,5.54481228120519
18.2575,-84.7501926814033,-22.6923695641486
18.258,-61.5737001515206,-55.8173513037829
18.2585,-25.7646779235768,-82.2478380469428
18.259,27.8458460480336,-110.396328183339
18.2595,89.4429112402356,-152.058485410399
18.26,140.73571317802,-200.532437172605
18.2605,171.498991727969,-232.65587019276
18.261,187.142426363957,-231.987095353916
18.2615,199.298521213368,-204.76930100344
18.262,213.566492680466,-171.870827370995
18.2625,229.987438312961,-148.670289999675
18.263,250.898843450413,-134.737793087151
18.2635,279.720726593672,-120.281154291679
18.264,311.083840338926,-98.765680295342
18.2645,331.239901754263,-72.3623002683814
18.265,335.020472594413,-46.9561006735858
18.2655,337.294599713317,-24.2970406970362
18.266,359.057595321616,-0.566203701434102
18.2665,403.636121378315,27.7856206188568
18.267,454.471803806329,59.0243200812714
18.2675,495.799925221176,88.6203303248794
18.268,526.381220365474,115.831025281531
18.2685,550.683807841028,145.433475113024
18.269,565.566498932337,181.804645039615
18.2695,561.383929605159,222.17568757038
18.27,530.869718173995,257.107071594006
18.2705,472.081105667643,278.040270943481
18.271,387.221778115216,283.797221834986
18.2715,283.924435966113,279.281142810806
18.272,175.089457682076,269.201860249014
18.2725,72.8875870685068,255.519165098848
18.273,-17.6897386841168,240.433664900193
18.2735,-101.22696468695,226.270116528831
18.274,-191.762727512652,207.620589773819
18.2745,-305.512469757411,167.232391031221
18.275,-440.565357996262,89.1884241333608
18.2755,-561.20187279335,-19.3075005072438
18.276,-617.226226614417,-123.759528277758
18.2765,-590.215834303621,-186.033170280516
18.277,-513.37566429912,-194.191907144353
18.2775,-436.878989975415,-170.208301975252
18.278,-381.510756669138,-151.301913767388
18.2785,-335.898990345788,-163.170685258903
18.279,-288.270968643715,-204.393027345703
18.2795,-242.222356008265,-250.609355912368
18.28,-203.374250146567,-274.952072391198
18.2805,-168.978756602734,-268.385928188558
18.281,-136.177831778125,-241.090848500363
18.2815,-108.380532512299,-205.451532189083
18.282,-87.5710328278366,-163.301473092792
18.2825,-69.2570107754242,-112.402888019994
18.283,-50.6813571914837,-58.5879283124972
18.2835,-37.0743085603832,-13.6630419045814
18.284,-34.1553415522461,16.5813197665706
18.2845,-39.1952814862018,35.6725015239051
18.285,-44.1896205404379,48.894172362041
18.2855,-44.7307012662859,58.418497893515
18.286,-42.5578125783968,65.1975851159937
18.2865,-41.9875394100859,69.5682848472106
18.287,-46.0516024127867,69.7215438514452
18.2875,-53.9635178950482,64.6349050572331
18.288,-61.1304197764309,58.10574451338
18.2885,-63.5318518618662,54.4928675348356
18.289,-62.2911540542115,51.2828446194335
18.2895,-62.15015144918,42.3811333710439
18.29,-66.2235840087182,28.4945357458813
18.2905,-73.7120367362027,16.8606860791221
18.291,-80.0339420526742,10.062327259389
18.2915,-76.8278487939287,3.37834193705414
18.292,-56.3848031010115,-4.47188048199373
18.2925,-20.906365717701,-6.32208011819609
18.293,16.7993751152295,3.46808979037355
18.2935,47.438003683675,21.0146057963465
18.294,75.4370112857057,39.5153166389587
18.2945,108.51793082355,57.4524316399117
18.295,143.039165770595,75.068873594419
18.2955,169.467087223517,88.65001985113
18.296,187.61150601735,94.4450524050151
18.2965,204.647127438294,94.0415817004861
18.297,221.355829413171,91.0009878259046
18.2975,233.283775769247,86.9315412000384
18.298,242.625679051744,85.1135809578466
18.2985,253.200939349415,90.796916535614
18.299,254.582219766013,100.863862671127
18.2995,230.256953217064,100.470112006017
18.3,185.523788572166,80.3643435841973
18.3005,147.796288457085,52.9418236494116
18.301,130.443666130667,39.5188513683142
18.3015,114.523740571928,43.7295707593408
18.302,79.0663968836009,49.2596026198175
18.3025,32.886592797748,43.7806802737161
18.303,-0.883082869302294,32.962264596921
18.3035,-18.9591619611947,28.077611783802
18.304,-35.8397176900984,30.8252019100964
18.3045,-54.9868755097598,35.3054818148616
18.305,-64.4072394294341,35.8193497988488
18.3055,-60.6388981796751,26.9448610802196
18.306,-57.2090744006568,4.038971958982
18.3065,-64.5827956198356,-28.8619962514027
18.307,-77.3163821434308,-57.0237735039874
18.3075,-87.4616213869121,-68.0423292331751
18.308,-97.8900738605245,-63.8601205728392
18.3085,-113.981667848387,-55.0989411568252
18.309,-130.934358304342,-47.936321263804
18.3095,-137.929638592131,-42.2949352765914
18.31,-130.377701242287,-38.3979653353052
18.3105,-112.364413933347,-37.1849911960632
18.311,-90.9871660488886,-36.1302614464972
18.3115,-73.0249405569103,-32.154098741742
18.312,-63.6151917132645,-28.6582768488825
18.3125,-63.0807252765361,-33.45087651042
18.313,-65.8302958981202,-48.8559360755755
18.3135,-64.4607445523503,-68.6692690583315
18.314,-54.2330755817935,-85.4961879168422
18.3145,-35.013118102507,-96.9353103876934
18.315,-13.5139070428192,-104.553699604103
18.3155,-2.76453491612729,-111.596454757645
18.316,-11.0075360212359,-122.326056083212
18.3165,-27.4700952380785,-138.791819373697
18.317,-26.898938280739,-157.159797748509
18.3175,4.31206058770103,-172.055886138198
18.318,50.8670549074589,-185.708351797343
18.3185,85.4283104127407,-206.531775190699
18.319,100.024265031105,-234.943882695619
18.3195,110.769020623416,-256.326847270934
18.32,130.926193349305,-254.684134682341
18.3205,151.668345357209,-230.762712796661
18.321,157.759153712256,-200.001301648265
18.3215,153.551074871479,-173.065398165057
18.322,158.996675673557,-144.97146375005
18.3225,179.794252516816,-104.983712009047
18.323,195.229665996882,-51.3500076894642
18.3235,182.672365004091,7.36935337153175
18.324,144.998707140704,61.4190765420573
18.3245,104.388124086353,105.623585692533
18.325,74.9274857181399,138.274897253692
18.3255,52.3922435955695,159.226021913319
18.326,28.479079962217,169.56720553979
18.3265,3.30457363877709,170.89590719378
18.327,-17.7371447590303,165.548107415356
18.3275,-30.6014879006105,159.247735334466
18.328,-35.0134634973486,160.493636725705
18.3285,-38.8090012690104,172.255562716238
18.329,-59.2735612462782,185.346545170933
18.3295,-107.583346729543,186.058280687014
18.33,-168.799734789028,171.630035025475
18.3305,-210.482785534073,153.467770978131
18.331,-217.716358838085,144.333063756098
18.3315,-207.895001518678,148.009367003979
18.332,-203.719605991651,162.484898058442
18.3325,-205.002807344693,184.883416302192
18.333,-197.770607682565,208.419543135921
18.3335,-176.856121099805,222.223134812437
18.334,-142.775521724019,222.287254213282
18.3345,-87.8156694133492,218.074312864099
18.335,-7.89673300907657,220.662620378388
18.3355,75.4467407372921,228.401766134121
18.336,127.374215582791,232.064481039042
18.3365,136.771999711228,229.128721330637
18.337,123.790744155776,222.540355243943
18.3375,109.420014429468,210.045325474913
18.338,96.7231709696912,189.310983886432
18.3385,84.4705388731232,172.527399994491
18.339,75.1297919840854,178.541520069387
18.3395,58.2646810170776,204.79356732935
18.34,8.13485231885978,221.221837596266
18.3405,-83.1750214269793,199.798463370844
18.341,-184.016573970184,138.521365163795
18.3415,-253.355469265723,49.9190845466108
18.342,-283.086692886721,-57.9839307032798
18.3425,-292.773734557329,-175.477266284841
18.343,-292.682198276815,-279.580969292618
18.3435,-275.739106466107,-349.278817923378
18.344,-242.886848809306,-388.880683001427
18.3445,-210.722636507149,-419.949668206929
18.345,-187.065459202066,-451.845025646624
18.3455,-158.089322882322,-474.89163477214
18.346,-109.616370255426,-480.511219843763
18.3465,-47.2264030149205,-471.274282510578
18.347,14.9428238144052,-449.87279843662
18.3475,74.1253135220307,-414.810495341868
18.348,136.428354153896,-371.367864436718
18.3485,202.08188628862,-331.900939156036
18.349,263.866249319979,-299.127179669335
18.3495,315.555224379464,-262.103177408755
18.35,353.327142840618,-215.132026779593
18.3505,373.115025572178,-167.974037855736
18.351,374.555620256409,-130.04428233992
18.3515,363.401898973781,-97.4141304826836
18.352,342.143011029089,-65.0662346176971
18.3525,302.987495894581,-40.0718282904204
18.353,239.9871967974,-30.4714287793592
18.3535,164.892147385982,-30.2216220775884
18.354,99.7578696801107,-27.6555775488915
18.3545,54.0380810639799,-21.5128058740994
18.355,18.86319295989,-16.2730307713405
18.3555,-16.0115368733402,-8.84315802959481
18.356,-50.3668317792708,5.75972029724012
18.3565,-79.8553275396786,20.6712277851091
18.357,-101.780462390359,25.0496850964025
18.3575,-109.137100382593,24.1954203962277
18.358,-89.5503842270024,36.8558555622616
18.3585,-38.7006261341273,71.4974566425011
18.359,31.4533478436094,118.516786823268
18.3595,104.210867475715,167.489789220404
18.36,170.693531382416,218.34971041578
18.3605,223.690527383141,271.3831452613
18.361,247.979231404844,319.179879927744
18.3615,230.429719869926,356.036711393389
18.362,177.956926976241,386.180748650877
18.3625,114.138041821311,414.67499498671
18.363,57.0633704692699,435.797288993617
18.3635,8.08384784041226,437.005799262746
18.364,-39.4456456555641,411.219508545913
18.3645,-90.9408394200903,361.411619010527
18.365,-150.762289709463,296.143837436507
18.3655,-220.303618387207,222.42429606128
18.366,-291.088044352898,139.929436077758
18.3665,-347.024764619936,43.8798321893037
18.367,-377.636326852728,-59.4897810522144
18.3675,-384.00157783811,-142.438220140822
18.368,-370.667194489427,-173.343920954392
18.3685,-339.632168763571,-149.51805854585
18.369,-294.747385828683,-102.866613004052
18.3695,-243.237068204049,-67.8175883800258
18.37,-188.25500207222,-52.8321412514245
18.3705,-127.592726612727,-48.4534227649819
18.371,-64.6201198489214,-50.2297554645298
18.3715,-12.3765241746338,-60.7408718906534
18.372,20.4080590200857,-76.3605666881911
18.3725,41.6846347334241,-86.7810500857809
18.373,67.6699887820002,-87.0719909771459
18.3735,105.914800149097,-80.123580516857
18.374,150.970058039715,-67.7598785738833
18.3745,190.900295366771,-48.5337811791523
18.375,212.964804784935,-24.5822577685518
18.3755,209.458080074355,-2.77886840254315
18.376,184.327498345768,11.9116253513316
18.3765,148.444887150599,18.6146655815608
18.377,103.830000888411,17.1416334540846
18.3775,41.870539533494,8.86544487486446
18.378,-35.4985439918435,-0.523209679755564
18.3785,-104.465582149745,-7.15077831875801
18.379,-142.687091331355,-17.5960632680791
18.3795,-156.135855224844,-42.7000816162498
18.38,-167.332479847908,-80.9604501492629
18.3805,-181.883570930743,-115.903383094029
18.381,-183.428316696947,-132.900785724728
18.3815,-159.860444585454,-132.002004458367
18.382,-117.317387643712,-121.424082647528
18.3825,-66.8093350184406,-106.068510146603
18.383,-13.57996997197,-88.1774046532023
18.3835,35.9595479226549,-73.5228473100686
18.384,71.6770226029392,-68.5241622301473
18.3845,90.9086661177483,-71.292549463084
18.385,101.247950163538,-70.73310637687
18.3855,107.423753317231,-56.6001512212401
18.386,106.598284262744,-29.5548924381578
18.3865,101.0270507079,-1.04303906119525
18.387,102.484078385199,17.0140621227225
18.3875,116.886212169477,23.2957749369004
18.388,135.400511741242,27.2001480131588
18.3885,148.00580851095,36.6823200557238
18.389,155.522291945045,48.3692264419944
18.3895,161.096741248528,53.4714749583383
18.39,160.983744137834,51.1400284571525
18.3905,152.781088927351,49.2652104462956
18.391,142.315351558993,51.8006323101553
18.3915,131.923835190684,52.8286143922195
18.392,111.489051647721,46.2072452564337
18.3925,73.3730178814975,34.3480563171021
18.393,29.0493196892617,22.4945543024671
18.3935,-1.88237604834785,9.84123447484429
18.394,-14.8673377026543,-7.11922431140033
18.3945,-21.7012274193614,-26.0191834798025
18.395,-32.8145377834925,-40.6902875401802
18.3955,-48.5372963717478,-50.4897212536796
18.396,-64.077090675689,-60.6675734193277
18.3965,-72.8817799569678,-73.0908099430411
18.397,-68.1417746552296,-82.8339048153463
18.3975,-50.51176321666,-85.7661443397804
18.398,-31.6151886947302,-84.2855752793659
18.3985,-21.7482838847851,-82.617805637284
18.399,-18.2314169233862,-80.2841845806154
18.3995,-13.8120660155109,-73.6636022608257
18.4,-9.88695400387974,-61.6468002429243
18.4005,-10.7909337781518,-46.6041834678663
18.401,-12.0988761786727,-31.4102257044051
18.4015,-8.29455565922858,-18.470861273624
18.402,-6.28147319897102,-10.3027901482096
18.4025,-15.1765484927544,-7.45034710912321
18.403,-26.2521212493805,-5.8483992338778
18.4035,-21.0020083392583,0.487833846350799
18.404,1.12254469358918,13.165246950259
18.4045,21.1619996679095,28.1912512163739
18.405,28.910723485371,42.1070782758532
18.4055,34.114913108335,56.9360015924559
18.406,43.9541015855606,76.9743699012906
18.4065,47.5086252255797,101.955847193507
18.407,32.5337522138605,125.327056192235
18.4075,3.04176324472372,138.766880718444
18.408,-31.1861861326881,137.515962743526
18.4085,-70.5069167103092,122.863782642072
18.409,-118.040032368286,101.150191372895
18.4095,-165.212415949102,78.8335356088814
18.41,-198.06340054638,56.4225903690336
18.4105,-213.524845848182,28.8682594841812
18.411,-218.284619153018,-5.43395031097019
18.4115,-213.78642557198,-38.0224996519529
18.412,-191.870595041914,-56.8015456523567
18.4125,-146.436876951916,-58.1941577355904
18.413,-85.7128013076665,-48.9674499381325
18.4135,-32.7883902170491,-37.5630326040896
18.414,-11.2618309374004,-29.2704897432744
18.4145,-22.4111491794761,-28.4711903297525
18.415,-37.2176624358901,-36.4706755515985
18.4155,-23.2863031019379,-44.5038248147425
18.416,17.2806593186754,-37.8698049156214
18.4165,50.5282644725736,-12.7553610883501
18.417,55.9582997433898,18.1286386693451
18.4175,51.3390242741965,43.1041956573937
18.418,60.5412681460997,67.526956211767
18.4185,75.0150143801625,103.341305750627
18.419,68.52312963232,148.491269598017
18.4195,38.9309256902984,188.191163036185
18.42,10.4999577486654,214.12786386798
18.4205,-1.51193477884105,230.650959952143
18.421,-3.83615450245296,241.986006406709
18.4215,-1.78578119231861,244.763938391075
18.422,11.5246604106919,235.147578424486
18.4225,33.567359081279,212.712939957948
18.423,42.2409860545482,174.387907625993
18.4235,23.7136031543941,115.445302848293
18.424,-2.91539008105695,41.4946812220615
18.4245,-5.50950509739656,-30.3876206299761
18.425,23.524782060242,-88.4624932349142
18.4255,63.8623080825752,-134.843737501875
18.426,96.6605378019334,-170.646179505605
18.4265,121.938416235007,-184.239727779595
18.427,145.666695881004,-167.416081564926
18.4275,163.222171990025,-136.774634350367
18.428,163.945067574529,-123.585174168614
18.4285,147.210036560344,-141.583605138583
18.429,125.893846836682,-175.733815572751
18.4295,111.753104874733,-204.180479306319
18.43,101.292161174066,-220.895320001537
18.4305,81.8349422566632,-232.784799762239
18.431,52.6385898284842,-243.167797393268
18.4315,32.8682705016167,-245.539622478402
18.432,41.1189352729127,-231.434980671515
18.4325,70.3523541746717,-200.116160356024
18.433,93.0099215174397,-160.128143840514
18.4335,91.6059704118805,-121.407039886641
18.434,74.8408006311201,-85.1939829332786
18.4345,61.0915523579289,-44.0380550915717
18.435,56.1495402812782,5.27579060844273
18.4355,52.9709463152207,51.6957748398524
18.436,44.4418174781425,78.2923097467109
18.4365,27.3897969238495,79.5680873777508
18.437,-1.18457922772008,64.7498545115453
18.4375,-43.1146878176328,44.5960486366677
18.438,-95.4304954083423,21.7867033687759
18.4385,-152.075306567745,-4.72564443917353
18.439,-205.862361187553,-33.0477878009707
18.4395,-244.895680829981,-59.0874594772326
18.44,-253.663510538542,-78.3584371355348
18.4405,-226.278066716366,-84.1438813280601
18.441,-175.702035755958,-69.9232826277406
18.4415,-122.17985118583,-38.4099839960817
18.442,-74.7454923063636,-3.51653997231893
18.4425,-31.0628231514733,22.3970471507242
18.443,8.49002609007268,40.6032375012264
18.4435,37.6760694663874,60.5448012336867
18.444,55.4649208242179,85.1863129139098
18.4445,69.4785094428366,108.175966296695
18.445,84.4949001779904,124.811275239401
18.4455,94.9301020042949,138.841632619752
18.446,92.8028505645931,155.311685596095
18.4465,77.5372752920622,170.607184527022
18.447,54.3454097311306,174.113200921401
18.4475,28.1087870511601,160.159158025076
18.448,2.70307355793264,136.380148815349
18.4485,-18.2476265908676,118.560443665896
18.449,-34.5053314384124,116.444404704345
18.4495,-49.994091958254,125.205035468935
18.45,-66.3660573352048,132.026793242298
18.4505,-78.2602058445146,130.205288849014
18.451,-79.0990594783059,123.995012837605
18.4515,-70.3027961802005,119.432774280292
18.452,-61.2049218623292,114.611348291948
18.4525,-60.248368810904,102.138917887741
18.453,-68.7248925865855,78.6759253989966
18.4535,-82.5187764635583,48.0587683540587
18.454,-97.1632089036412,15.9438146331956
18.4545,-110.653930479768,-14.5517701552117
18.455,-123.641483178166,-41.2858577265085
18.4555,-139.022472374975,-60.7167076247899
18.456,-161.009596972813,-69.564110982778
18.4565,-191.721761849016,-68.3569072254051
18.457,-225.904935214592,-62.684849455267
18.4575,-250.294853101234,-60.8896208133
18.458,-252.919796309342,-68.9037992326557
18.4585,-234.549389782166,-84.9253856448551
18.459,-206.745625133062,-99.5708436757844
18.4595,-176.380941520304,-104.245892221451
18.46,-137.149653655945,-100.196701236086
18.4605,-80.4405182362813,-96.8602334819893
18.461,-9.40330719028001,-100.419144855044
18.4615,63.9149888811287,-107.075778462617
18.462,131.180785649204,-109.589494705918
18.4625,190.433050569246,-106.882915826694
18.463,240.114274354114,-102.658024271075
18.4635,279.015138218618,-96.3120501640141
18.464,309.281606637182,-81.4223176350225
18.4645,330.928682162685,-54.8255232880557
18.465,337.945425520649,-22.182938379722
18.4655,331.619271609695,8.54430506007872
18.466,332.053069497631,34.9319468364431
18.4665,356.710728794961,57.0523817944998
18.467,386.267277328687,70.3548104431411
18.4675,374.729856244206,68.4720617122472
18.468,304.557433409614,52.1591973562787
18.4685,213.039706070995,27.9208628351993
18.469,148.473589698018,-3.56747967865562
18.4695,115.563793570841,-49.0952184724906
18.47,83.8448923495651,-107.058546170125
18.4705,38.5040520349276,-156.16392643299
18.471,-2.5644652163964,-169.94094704193
18.4715,-20.6595384988192,-143.441715805662
18.472,-21.5976105614526,-99.2782903427612
18.4725,-22.3307594954745,-65.1728062813589
18.473,-28.2914235794678,-49.740901289423
18.4735,-32.9578207669651,-41.9923222465002
18.474,-30.7547323997662,-29.567287299504
18.4745,-22.975183327686,-12.2376996576683
18.475,-14.4432869946469,1.70150711148917
18.4755,-6.42990350709062,7.60402869338144
18.476,8.5857742556802,9.84807252023573
18.4765,39.506422939497,15.6595914372032
18.477,77.7222871730186,26.7993391541613
18.4775,94.9530067177296,40.1845827197093
18.478,73.9546956963006,55.4080480181857
18.4785,34.308888270907,76.7009781946396
18.479,8.67458014835775,105.414627360242
18.4795,-2.72240718592204,134.863729091377
18.48,-30.0486003625796,156.820065868598
18.4805,-84.4144006179064,170.599964119086
18.481,-137.909756958996,181.425009128843
18.4815,-165.181015011137,192.052428687171
18.482,-180.671370449349,201.223278117079
18.4825,-214.218904085056,208.527566254572
18.483,-266.616191947681,213.80684010021
18.4835,-313.517557553947,211.223229477439
18.484,-344.726269712403,190.99773751146
18.4845,-375.280393323469,150.274661717512
18.485,-417.813367842936,97.9177199392241
18.4855,-463.324419450102,46.2986342013963
18.486,-493.220995197191,2.56222480361519
18.4865,-496.601440949258,-30.4507724569502
18.487,-470.965160524004,-50.8902584388826
18.4875,-415.635724087122,-60.2203178871668
18.488,-330.143154896658,-64.8681491153527
18.4885,-216.467764187163,-70.6799605984262
18.489,-83.4928419976704,-77.9097789256158
18.4895,48.6800002318088,-84.843987865338
18.49,155.223157679788,-92.850733397158
18.4905,224.82777712739,-103.460269591368
18.491,267.669494260627,-113.572996548129
18.4915,299.651879005515,-118.949310269674
18.492,325.144257237982,-120.683786902779
18.4925,341.381501649,-123.074953140988
18.493,348.973348486158,-126.297490231361
18.4935,345.578332931309,-126.442182995341
18.494,318.626735515115,-122.447311314401
18.4945,261.274263349893,-118.050944670019
18.495,190.350986655645,-116.647949433269
18.4955,131.163937617861,-118.501032759212
18.496,88.157730627057,-122.832366003558
18.4965,49.3035437931087,-127.574738496077
18.497,16.9124152950498,-126.484457339519
18.4975,10.9260667322414,-112.270138998132
18.498,37.2549415577931,-85.2106424188314
18.4985,74.246722151099,-54.3811656919414
18.499,99.1805035675676,-27.6569126218035
18.4995,109.945131966863,-4.67367441610864
18.5,111.030130228955,16.9444236186848
18.5005,97.0844218368493,33.0346702512919
18.501,65.5443659001466,37.0829785178709
18.5015,31.2543597270161,31.5432618339313
18.502,10.9262273190376,27.8289275996329
18.5025,1.22519290445516,32.537002651711
18.503,-12.3613045384948,38.7771079670528
18.5035,-31.0088821413427,35.8508770428299
18.504,-41.6164749960742,25.0834993641307
18.5045,-36.6565465737874,20.2495657701215
18.505,-21.69545857388,31.2955073447952
18.5055,-5.09037374930867,52.3545537092174
18.506,8.18911893377472,69.0545807441208
18.5065,13.7648850984506,74.6161400074925
18.507,9.9913325824187,74.4021333975111
18.5075,3.6070153508586,76.2532017711897
18.508,4.56310268280709,82.0626192537827
18.5085,13.8879019836538,89.9527691398531
18.509,22.3657766079318,99.2960868898302
18.5095,20.7553734637692,109.663498876787
18.51,6.56932416894277,117.671569014533
18.5105,-16.6873836163119,119.187378993897
18.511,-40.9119615785287,114.18550023611
18.5115,-56.0895889073431,106.690792109053
18.512,-57.304344104302,100.025622543068
18.5125,-47.417590640742,93.6423890162162
18.513,-29.5368403220216,83.9482983259861
18.5135,-2.61111073154537,67.2102727548062
18.514,29.5099704058991,43.4632792718493
18.5145,51.9343814665528,19.5119780744912
18.515,52.3677353363004,6.24201927181037
18.5155,37.5730583748171,9.90220910779129
18.516,26.2460823962163,26.1124334215681
18.5165,27.7409972663531,43.7633078339475
18.517,36.9921143254753,53.5775171381015
18.5175,46.8932624559465,51.5771007353342
18.518,53.5153908453949,36.9212524432546
18.5185,50.2714159140091,10.1592535366899
18.519,30.6532008116701,-26.6222851564842
18.5195,0.0844066946945339,-69.9814201746547
18.52,-25.8028611913982,-114.656600665083
18.5205,-38.8644572653373,-151.988784499307
18.521,-45.4798513422147,-172.302178574875
18.5215,-52.1866019765884,-172.677248295207
18.522,-53.6535670180262,-160.292277450327
18.5225,-41.3912001647696,-144.341564383697
18.523,-18.3351602590651,-127.092255061539
18.5235,1.56061667847722,-107.442637521782
18.524,5.54656592548122,-90.0415986317035
18.5245,-9.07239339464927,-83.1335746654691
18.525,-34.9227900300718,-87.5923306889979
18.5255,-61.1327666052501,-95.6048576937586
18.526,-82.53520542211,-101.4366254739
18.5265,-102.398192917009,-106.165699620935
18.527,-122.901028412961,-109.692829110286
18.5275,-136.193732465454,-106.428474987893
18.528,-133.064351737337,-94.0301387897417
18.5285,-119.286849072057,-79.5720327830088
18.529,-112.670736265903,-70.1338006831927
18.5295,-121.229793514054,-62.1017626131352
18.53,-133.867347636123,-47.5015931179623
18.5305,-136.720572735166,-27.7372879924007
18.531,-129.611630300964,-12.3172291820103
18.5315,-120.945265002817,-4.53112564546569
18.532,-114.89564085653,3.0043051873705
18.5325,-110.68577353378,16.5414079187679
18.533,-107.443421956934,32.4739720463905
18.5335,-101.570188482949,44.6820173759877
18.534,-84.246697331157,55.0615959943696
18.5345,-49.9938438637777,70.6570524362307
18.535,-5.65269577422806,92.6337552663025
18.5355,35.2343695985252,114.099822646341
18.536,65.3515730175244,129.287802642053
18.5365,86.9178808616469,140.054188301805
18.537,105.053984005975,150.975595458099
18.5375,122.011158176643,161.475081657157
18.538,135.579641417473,167.061220621262
18.5385,140.827069866276,167.734885239104
18.539,137.185323136219,170.489855108818
18.5395,134.731559852571,180.547347741282
18.54,145.809842912764,192.145281724618
18.5405,167.16504514781,191.704525476747
18.541,179.648409480968,170.557422844942
18.5415,171.532410559484,132.438992489841
18.542,152.204383138792,88.6192189585594
18.5425,134.549934743046,48.8506338271483
18.543,115.496502354288,18.0549750216628
18.5435,88.0854849693859,-2.11331657877922
18.544,62.9430902515472,-12.704851656286
18.5445,57.2860914211474,-17.8257247321683
18.545,65.7282097444986,-22.1271796741551
18.5455,64.9699383740485,-26.9855562049273
18.546,52.2361047833224,-30.8220853146648
18.5465,56.301241007847,-33.562423427108
18.547,95.5994269053223,-38.8254714773003
18.5475,141.345320994059,-50.3724816878664
18.548,144.091020431506,-67.4038083960011
18.5485,94.0992556668838,-84.8354874948045
18.549,36.9003593961357,-97.7644880792318
18.5495,23.0846310560489,-103.748423022523
18.55,53.4350374748672,-100.432590533565
18.5505,81.9708964709728,-84.455556704512
18.551,68.1942264262926,-57.140739229615
18.5515,16.4519874181201,-30.6362140604654
18.552,-38.6244299543147,-22.0184830968788
18.5525,-77.1255570799399,-36.9965088137957
18.553,-113.078308036967,-63.0510921286696
18.5535,-167.699824997515,-83.8297779274656
18.554,-235.865551747654,-97.4552749700779
18.5545,-290.2298092724,-113.702699561638
18.555,-312.499895458227,-134.746362659756
18.5555,-305.841167775458,-148.431176894597
18.556,-276.865857104779,-143.41357856689
18.5565,-223.102093158636,-122.261743662276
18.557,-147.165757055447,-94.3780465451055
18.5575,-69.918868978932,-63.9715895481951
18.558,-14.9282644994507,-32.9543932556967
18.5585,15.2425797775873,-9.12208388325144
18.559,35.6451306820697,0.0296391882899716
18.5595,55.6334583169852,-0.0227318671476596
18.56,70.8597491268982,5.12910761950137
18.5605,76.4279384388575,21.0832023707491
18.561,74.4161536919539,39.6062730034605
18.5615,65.8959628845978,52.3814530349517
18.562,47.5883946584559,59.9935944565708
18.5625,21.9412375635987,63.7623493402618
18.563,0.725432379289555,58.6731647751096
18.5635,-8.65219929292806,42.1692938560843
18.564,-12.7832271239506,23.6079430121008
18.5645,-20.0207104097732,16.0601190199477
18.565,-25.1455943784783,21.1560113847803
18.5655,-17.0275194648856,29.2238149738931
18.566,1.73925275299827,33.0369827058714
18.5665,15.1741695800377,34.6942068273644
18.567,14.8033631884933,38.8331537478687
18.5675,8.09404621930159,44.9315717935966
18.568,1.19483303002209,48.1749233937072
18.5685,-14.7618229999939,44.9076373679558
18.569,-48.6559115516932,36.5075404566998
18.5695,-87.2325479049267,29.6439728030649
18.57,-102.87580104706,31.3481508968682
18.5705,-85.3173757007995,40.9032990769861
18.571,-54.1380673210808,48.2164155922649
18.5715,-34.878329434243,43.9522335606414
18.572,-31.7364470366379,30.0000094660316
18.5725,-30.2929690915113,16.1402649956339
18.573,-19.0679478458364,8.32504520558223
18.5735,1.1913725183028,5.36966830380237
18.574,24.476023261307,5.3206443606316
18.5745,44.6191045268081,7.75450926300156
18.575,55.1499473136685,9.43504846821138
18.5755,54.8962482873026,5.53238773606908
18.576,54.3230362384038,-2.12508822858728
18.5765,65.8462082679874,-4.85933549325904
18.577,85.6049944481359,0.973897097286807
18.5775,95.4912548829513,7.97225546530285
18.578,87.7023642175681,8.05508321086221
18.5785,76.6238702503849,2.8072386887932
18.579,78.8717218458953,-2.67236970924142
18.5795,90.8947872449219,-10.773986280021
18.58,96.7271412074099,-27.4234186178563
18.5805,91.1906544806822,-49.4570903201442
18.581,83.0973182671653,-65.1703883211216
18.5815,78.8215939413295,-68.3349188860733
18.582,75.7283008753879,-63.9920041959456
18.5825,72.2963124401197,-58.1669499416971
18.583,72.7064233043063,-49.0120383191609
18.5835,77.7644766149213,-32.6749890455976
18.584,80.7613410384707,-13.0132843413557
18.5845,77.2788760632666,0.426384774433678
18.585,72.0880733302706,2.8029166092516
18.5855,71.4745555924128,-1.75503952914307
18.586,74.2905164820829,-6.13772127114401
18.5865,75.1272242209479,-7.66965675108703
18.587,71.530519226236,-8.95287961128227
18.5875,63.6661329353573,-12.9276894028317
18.588,51.2033350351897,-18.3745970912648
18.5885,35.2766261292302,-20.9789204059016
18.589,20.138269271084,-18.9203736185638
18.5895,8.21496695959883,-15.8897172906513
18.59,-4.17310259771946,-16.8037064086473
18.5905,-22.5562258108012,-21.4633139602306
18.591,-48.0778743947928,-24.8190883678856
18.5915,-78.1793957332374,-22.8979359332584
18.592,-109.901305836615,-15.527601674089
18.5925,-138.758879983907,-3.56488580392054
18.593,-158.004287803271,12.4599713268404
18.5935,-164.251775749318,29.744347086276
18.594,-162.011502169331,43.3624325287575
18.5945,-158.310653908014,51.842020751028
18.595,-154.698120557367,59.8216177184272
18.5955,-148.841318832933,72.0723807243748
18.596,-141.776560247407,86.9383241592891
18.5965,-137.979005593284,99.0101835062254
18.597,-138.81130103635,106.661326312652
18.5975,-140.827107953011,112.766246458085
18.598,-140.623556135389,118.113137530968
18.5985,-137.262223768271,118.455731895982
18.599,-130.14196016251,110.108152837351
18.5995,-118.808203037726,95.6718549779791
18.6,-104.995480261358,81.1881658660023
18.6005,-90.6593534541611,68.4269503538976
18.601,-73.6794119150534,52.9595103908631
18.6015,-49.7752277460756,30.8528358668524
18.602,-19.3620988659406,5.22879517919112
18.6025,11.6656239637074,-15.986064960903
18.603,38.8121880043579,-28.1925393596698
18.6035,62.1756149643019,-33.6972893997059
18.604,81.4048052037917,-37.1545055060381
18.6045,92.5060153692208,-40.4344064149034
18.605,92.9441387113992,-43.5770800998941
18.6055,86.0822007793264,-48.0024449280988
18.606,76.3176535961847,-55.4976032239066
18.6065,62.1094117338528,-65.0758744583373
18.607,38.3390938720701,-73.6575206528647
18.6075,4.92566562544063,-79.2191150097264
18.608,-30.8772932769905,-80.9932378435074
18.6085,-61.1212679331251,-78.0129428010785
18.609,-82.7250267309873,-70.8000097539331
18.6095,-95.4356753847555,-63.5286510679023
18.61,-97.6979402350163,-60.8445752516061
18.6105,-87.5519947202899,-63.1360180156559
18.611,-66.1537382226547,-68.3572894445499
18.6115,-37.1336309002849,-76.7050446154788
18.612,-2.56403978549169,-87.9366341527912
18.6125,37.3379107145288,-95.0924727189613
18.613,80.1639734580714,-88.4409739735468
18.6135,121.297677330093,-67.4889757463577
18.614,160.462611963031,-42.5712192773551
18.6145,203.809422515318,-22.3182624156383
18.615,253.943955379811,-6.29017287424179
18.6155,300.323518928102,7.40449129085988
18.616,326.552814583315,15.6565282634175
18.6165,327.227382830938,17.0722642544666
18.617,311.004483009564,17.4520719141833
18.6175,286.827594472786,20.8529460087703
18.618,255.568848044703,21.3380409726531
18.6185,217.675999109984,12.7280203882155
18.619,179.180157179623,1.98386672431343
18.6195,143.451453021258,2.46202633778603
18.62,104.900035775263,15.8924158637364
18.6205,59.5924874523009,31.0995972626262
18.621,16.2890025047245,39.8477270087147
18.6215,-12.9825722725842,43.8675032281703
18.622,-29.7028755813625,45.8800555466534
18.6225,-46.3091546899207,44.7131475902454
18.623,-69.0787781192476,42.503170565596
18.6235,-92.9331531672447,46.4670163869672
18.624,-111.111075716156,57.2664713643812
18.6245,-119.832707810942,62.6121286257234
18.625,-115.33286557219,49.2705280309852
18.6255,-98.4753676465745,18.0173388457265
18.626,-82.2937480745926,-17.4743081196536
18.6265,-81.5144204587981,-43.1584888359968
18.627,-91.9268280549836,-53.4006559068734
18.6275,-93.5640396153897,-52.4479842411476
18.628,-79.0615564331126,-51.2314877705179
18.6285,-65.148297282175,-58.3133474496686
18.629,-68.5703569856621,-69.7020379448603
18.6295,-84.2105308804963,-71.4076889940643
18.63,-98.1753354955332,-56.1384486605266
18.6305,-110.421420859042,-33.5750949994163
18.631,-128.883899649555,-19.5542501417925
18.6315,-148.815232482309,-18.5191889530488
18.632,-155.98048071631,-21.4660231096502
18.6325,-149.43975567798,-18.1265925704093
18.633,-145.155952359706,-5.77041551904236
18.6335,-153.302595824906,11.9846231414857
18.634,-164.142198747963,29.5512297006019
18.6345,-162.228409413084,42.8993520827885
18.635,-146.52200368333,52.3100024968302
18.6355,-130.439278410929,60.7469475053157
18.636,-126.369184748003,67.1102093693007
18.6365,-134.252268461168,64.1209761682341
18.637,-142.670329267761,47.1503658613343
18.6375,-138.743932433609,22.6643597188073
18.638,-118.830480632661,2.78247712398883
18.6385,-90.186720267387,-7.1657269833366
18.639,-60.6561313203604,-10.8418871603503
18.6395,-28.855538171856,-12.1864145010456
18.64,11.3101714451291,-10.5154770689085
18.6405,58.3154519753238,-4.73482501628862
18.641,101.443599867542,3.04672575625506
18.6415,132.124965376276,10.5827682561049
18.642,151.663878464417,19.6214535480856
18.6425,166.55460963269,35.5687748129569
18.643,180.514118956147,63.7838682155231
18.6435,192.216607999531,104.606678769531
18.644,196.860736652636,149.451842865011
18.6445,189.026650592567,183.761762739944
18.645,167.855774631771,198.175847165415
18.6455,140.016680049302,196.563662340222
18.646,113.18529174896,189.829941891419
18.6465,85.8470050030911,183.107451739193
18.647,49.0896781111549,173.406141635316
18.6475,1.40139380930453,158.630691996253
18.648,-43.0106937424358,142.529954527508
18.6485,-65.6762121857796,128.822284868975
18.649,-62.3832382437569,114.780779072465
18.6495,-46.692957592598,92.9551859941469
18.65,-35.2169371761027,57.0717868095048
18.6505,-32.4036019913356,6.3990337660446
18.651,-30.9313197184978,-51.8197211548069
18.6515,-24.3987555041297,-104.118019900428
18.652,-15.4500478759223,-140.176263282932
18.6525,-10.1393664958442,-162.660001210548
18.653,-8.24765288915908,-184.038333347486
18.6535,-3.84391659683512,-211.881327451337
18.654,6.21162425744051,-240.984110483712
18.6545,19.9758753180638,-261.402843791292
18.655,35.9779811835639,-269.356304274177
18.6555,53.7137736144146,-267.312209126684
18.656,67.2739357712496,-258.26775645979
18.6565,67.1618093945278,-244.860103197037
18.657,53.0214378210829,-230.930686815652
18.6575,37.1172722231064,-218.354883206958
18.658,29.8833217387266,-203.368207803428
18.6585,29.7739092876321,-180.786237705523
18.659,33.603393648001,-151.817146913472
18.6595,46.9980420187888,-123.724191049602
18.66,73.6819096883619,-101.10829163977
18.6605,102.548133686711,-80.6694363086153
18.661,119.519467804491,-55.841003472714
18.6615,127.300022018374,-24.85911172846
18.662,138.15004841294,6.56341533339031
18.6625,150.006036348958,29.7708864446482
18.663,146.833774175775,40.791950086983
18.6635,123.233911608394,44.7055796023847
